qseqid,y_true_idx,y_true_name,y_pred_idx,y_pred_name,p_riboswitch,qseqid_full,id_global,group_id,qid_short
query_1,0,genomicbackground,0,genomicbackground,0.010797250084578991,1_8_RF00050_8_NC_000913.3_3184369-3184918_ext_0-200_int_95_off_0_percentage_0_position_0-0 genomicbackground,1,8,1_8
query_2,0,genomicbackground,0,genomicbackground,0.010673106648027897,2_8_RF00050_8_NC_000913.3_3184369-3184918_ext_0-200_int_95_off_5_percentage_0_position_0-0 genomicbackground,2,8,2_8
query_3,0,genomicbackground,0,genomicbackground,0.01654030941426754,3_8_RF00050_8_NC_000913.3_3184369-3184918_ext_0-200_int_95_off_10_percentage_0_position_0-0 genomicbackground,3,8,3_8
query_4,0,genomicbackground,0,genomicbackground,0.0004700515419244766,4_8_RF00050_8_NC_000913.3_3184369-3184918_ext_0-200_int_95_off_15_percentage_0_position_0-0 genomicbackground,4,8,4_8
query_5,0,genomicbackground,0,genomicbackground,0.005492794793099165,5_8_RF00050_8_NC_000913.3_3184369-3184918_ext_0-200_int_95_off_20_percentage_0_position_0-0 genomicbackground,5,8,5_8
query_6,0,genomicbackground,0,genomicbackground,0.006343475542962551,6_8_RF00050_8_NC_000913.3_3184369-3184918_ext_0-200_int_95_off_25_percentage_0_position_0-0 genomicbackground,6,8,6_8
query_7,0,genomicbackground,0,genomicbackground,0.0010800070594996214,7_8_RF00050_8_NC_000913.3_3184369-3184918_ext_0-200_int_95_off_30_percentage_0_position_0-0 genomicbackground,7,8,7_8
query_8,0,genomicbackground,0,genomicbackground,0.0011920839315280318,8_8_RF00050_8_NC_000913.3_3184369-3184918_ext_0-200_int_95_off_35_percentage_0_position_0-0 genomicbackground,8,8,8_8
query_9,0,genomicbackground,1,riboswitch,0.9144800901412964,9_8_RF00050_8_NC_000913.3_3184369-3184918_ext_0-200_int_95_off_40_percentage_0_position_0-0 genomicbackground,9,8,9_8
query_10,0,genomicbackground,0,genomicbackground,0.23290032148361206,10_8_RF00050_8_NC_000913.3_3184369-3184918_ext_0-200_int_95_off_45_percentage_0_position_0-0 genomicbackground,10,8,10_8
query_11,0,genomicbackground,0,genomicbackground,0.014436519704759121,11_8_RF00050_8_NC_000913.3_3184369-3184918_ext_0-200_int_95_off_50_percentage_0_position_0-0 genomicbackground,11,8,11_8
query_12,0,genomicbackground,0,genomicbackground,0.037934429943561554,12_8_RF00050_8_NC_000913.3_3184369-3184918_ext_0-200_int_95_off_55_percentage_0_position_0-0 genomicbackground,12,8,12_8
query_13,0,genomicbackground,0,genomicbackground,0.027684710919857025,13_8_RF00050_8_NC_000913.3_3184369-3184918_ext_0-200_int_95_off_60_percentage_0_position_0-0 genomicbackground,13,8,13_8
query_14,0,genomicbackground,1,riboswitch,0.9985803365707397,14_8_RF00050_8_NC_000913.3_3184369-3184918_ext_0-200_int_95_off_65_percentage_0_position_0-0 genomicbackground,14,8,14_8
query_15,0,genomicbackground,1,riboswitch,0.6866578459739685,15_8_RF00050_8_NC_000913.3_3184369-3184918_ext_0-200_int_95_off_70_percentage_0_position_0-0 genomicbackground,15,8,15_8
query_16,0,genomicbackground,1,riboswitch,0.9530224800109863,16_8_RF00050_8_NC_000913.3_3184369-3184918_ext_0-200_int_95_off_75_percentage_0_position_0-0 genomicbackground,16,8,16_8
query_17,0,genomicbackground,1,riboswitch,0.9870513677597046,17_8_RF00050_8_NC_000913.3_3184369-3184918_ext_0-200_int_95_off_80_percentage_0_position_0-0 genomicbackground,17,8,17_8
query_18,0,genomicbackground,1,riboswitch,0.87490314245224,18_8_RF00050_8_NC_000913.3_3184369-3184918_ext_0-200_int_95_off_85_percentage_0_position_0-0 genomicbackground,18,8,18_8
query_19,0,genomicbackground,0,genomicbackground,0.03738230839371681,19_8_RF00050_8_NC_000913.3_3184369-3184918_ext_0-200_int_95_off_90_percentage_0_position_0-0 genomicbackground,19,8,19_8
query_20,0,genomicbackground,0,genomicbackground,0.050917305052280426,20_8_RF00050_8_NC_000913.3_3184369-3184918_ext_0-200_int_95_off_95_percentage_0_position_0-0 genomicbackground,20,8,20_8
query_21,0,genomicbackground,0,genomicbackground,0.019571296870708466,21_8_RF00050_8_NC_000913.3_3184369-3184918_ext_0-200_int_95_off_100_percentage_0_position_0-0 genomicbackground,21,8,21_8
query_22,0,genomicbackground,0,genomicbackground,0.38637128472328186,22_8_RF00050_8_NC_000913.3_3184369-3184918_ext_0-200_int_95_off_105_percentage_0_position_0-0 genomicbackground,22,8,22_8
query_23,0,genomicbackground,0,genomicbackground,0.008983153849840164,23_8_RF00050_8_NC_000913.3_3184369-3184918_ext_0-200_int_100_off_0_percentage_0_position_0-0 genomicbackground,23,8,23_8
query_24,0,genomicbackground,0,genomicbackground,0.012870289385318756,24_8_RF00050_8_NC_000913.3_3184369-3184918_ext_0-200_int_100_off_5_percentage_0_position_0-0 genomicbackground,24,8,24_8
query_25,0,genomicbackground,0,genomicbackground,0.021328020840883255,25_8_RF00050_8_NC_000913.3_3184369-3184918_ext_0-200_int_100_off_10_percentage_0_position_0-0 genomicbackground,25,8,25_8
query_26,0,genomicbackground,0,genomicbackground,0.005289961583912373,26_8_RF00050_8_NC_000913.3_3184369-3184918_ext_0-200_int_100_off_15_percentage_0_position_0-0 genomicbackground,26,8,26_8
query_27,0,genomicbackground,0,genomicbackground,0.005231850314885378,27_8_RF00050_8_NC_000913.3_3184369-3184918_ext_0-200_int_100_off_20_percentage_0_position_0-0 genomicbackground,27,8,27_8
query_28,0,genomicbackground,0,genomicbackground,0.015078985132277012,28_8_RF00050_8_NC_000913.3_3184369-3184918_ext_0-200_int_100_off_25_percentage_0_position_0-0 genomicbackground,28,8,28_8
query_29,0,genomicbackground,0,genomicbackground,0.001136271981522441,29_8_RF00050_8_NC_000913.3_3184369-3184918_ext_0-200_int_100_off_30_percentage_0_position_0-0 genomicbackground,29,8,29_8
query_30,0,genomicbackground,0,genomicbackground,0.02510914020240307,30_8_RF00050_8_NC_000913.3_3184369-3184918_ext_0-200_int_100_off_35_percentage_0_position_0-0 genomicbackground,30,8,30_8
query_31,0,genomicbackground,0,genomicbackground,0.30954474210739136,31_8_RF00050_8_NC_000913.3_3184369-3184918_ext_0-200_int_100_off_40_percentage_0_position_0-0 genomicbackground,31,8,31_8
query_32,0,genomicbackground,0,genomicbackground,0.2053447961807251,32_8_RF00050_8_NC_000913.3_3184369-3184918_ext_0-200_int_100_off_45_percentage_0_position_0-0 genomicbackground,32,8,32_8
query_33,0,genomicbackground,0,genomicbackground,0.012513650581240654,33_8_RF00050_8_NC_000913.3_3184369-3184918_ext_0-200_int_100_off_50_percentage_0_position_0-0 genomicbackground,33,8,33_8
query_34,0,genomicbackground,0,genomicbackground,0.01409345306456089,34_8_RF00050_8_NC_000913.3_3184369-3184918_ext_0-200_int_100_off_55_percentage_0_position_0-0 genomicbackground,34,8,34_8
query_35,0,genomicbackground,1,riboswitch,0.9936001300811768,35_8_RF00050_8_NC_000913.3_3184369-3184918_ext_0-200_int_100_off_60_percentage_0_position_0-0 genomicbackground,35,8,35_8
query_36,0,genomicbackground,1,riboswitch,0.9179836511611938,36_8_RF00050_8_NC_000913.3_3184369-3184918_ext_0-200_int_100_off_65_percentage_0_position_0-0 genomicbackground,36,8,36_8
query_37,0,genomicbackground,1,riboswitch,0.6608362197875977,37_8_RF00050_8_NC_000913.3_3184369-3184918_ext_0-200_int_100_off_70_percentage_0_position_0-0 genomicbackground,37,8,37_8
query_38,0,genomicbackground,1,riboswitch,0.9337600469589233,38_8_RF00050_8_NC_000913.3_3184369-3184918_ext_0-200_int_100_off_75_percentage_0_position_0-0 genomicbackground,38,8,38_8
query_39,0,genomicbackground,1,riboswitch,0.9894834160804749,39_8_RF00050_8_NC_000913.3_3184369-3184918_ext_0-200_int_100_off_80_percentage_0_position_0-0 genomicbackground,39,8,39_8
query_40,0,genomicbackground,1,riboswitch,0.5690830945968628,40_8_RF00050_8_NC_000913.3_3184369-3184918_ext_0-200_int_100_off_85_percentage_0_position_0-0 genomicbackground,40,8,40_8
query_41,0,genomicbackground,1,riboswitch,0.5451875925064087,41_8_RF00050_8_NC_000913.3_3184369-3184918_ext_0-200_int_100_off_90_percentage_0_position_0-0 genomicbackground,41,8,41_8
query_42,0,genomicbackground,0,genomicbackground,0.03850880637764931,42_8_RF00050_8_NC_000913.3_3184369-3184918_ext_0-200_int_100_off_95_percentage_0_position_0-0 genomicbackground,42,8,42_8
query_43,0,genomicbackground,0,genomicbackground,0.017336267977952957,43_8_RF00050_8_NC_000913.3_3184369-3184918_ext_0-200_int_100_off_100_percentage_0_position_0-0 genomicbackground,43,8,43_8
query_44,0,genomicbackground,0,genomicbackground,0.013409058563411236,44_8_RF00050_8_NC_000913.3_3184369-3184918_ext_0-200_int_105_off_0_percentage_0_position_0-0 genomicbackground,44,8,44_8
query_45,0,genomicbackground,0,genomicbackground,0.017229702323675156,45_8_RF00050_8_NC_000913.3_3184369-3184918_ext_0-200_int_105_off_5_percentage_0_position_0-0 genomicbackground,45,8,45_8
query_46,0,genomicbackground,0,genomicbackground,0.008199001662433147,46_8_RF00050_8_NC_000913.3_3184369-3184918_ext_0-200_int_105_off_10_percentage_0_position_0-0 genomicbackground,46,8,46_8
query_47,0,genomicbackground,0,genomicbackground,0.005036214832216501,47_8_RF00050_8_NC_000913.3_3184369-3184918_ext_0-200_int_105_off_15_percentage_0_position_0-0 genomicbackground,47,8,47_8
query_48,0,genomicbackground,0,genomicbackground,0.0006451628287322819,48_8_RF00050_8_NC_000913.3_3184369-3184918_ext_0-200_int_105_off_20_percentage_0_position_0-0 genomicbackground,48,8,48_8
query_49,0,genomicbackground,0,genomicbackground,0.01522336807101965,49_8_RF00050_8_NC_000913.3_3184369-3184918_ext_0-200_int_105_off_25_percentage_0_position_0-0 genomicbackground,49,8,49_8
query_50,0,genomicbackground,0,genomicbackground,0.019834065809845924,50_8_RF00050_8_NC_000913.3_3184369-3184918_ext_0-200_int_105_off_30_percentage_0_position_0-0 genomicbackground,50,8,50_8
query_51,0,genomicbackground,0,genomicbackground,0.02954322285950184,51_8_RF00050_8_NC_000913.3_3184369-3184918_ext_0-200_int_105_off_35_percentage_0_position_0-0 genomicbackground,51,8,51_8
query_52,0,genomicbackground,1,riboswitch,0.5458545088768005,52_8_RF00050_8_NC_000913.3_3184369-3184918_ext_0-200_int_105_off_40_percentage_0_position_0-0 genomicbackground,52,8,52_8
query_53,0,genomicbackground,0,genomicbackground,0.014588636346161366,53_8_RF00050_8_NC_000913.3_3184369-3184918_ext_0-200_int_105_off_45_percentage_0_position_0-0 genomicbackground,53,8,53_8
query_54,0,genomicbackground,0,genomicbackground,0.007849171757698059,54_8_RF00050_8_NC_000913.3_3184369-3184918_ext_0-200_int_105_off_50_percentage_0_position_0-0 genomicbackground,54,8,54_8
query_55,0,genomicbackground,0,genomicbackground,0.06754103302955627,55_8_RF00050_8_NC_000913.3_3184369-3184918_ext_0-200_int_105_off_55_percentage_0_position_0-0 genomicbackground,55,8,55_8
query_56,0,genomicbackground,1,riboswitch,0.6925694346427917,56_8_RF00050_8_NC_000913.3_3184369-3184918_ext_0-200_int_105_off_60_percentage_0_position_0-0 genomicbackground,56,8,56_8
query_57,0,genomicbackground,1,riboswitch,0.9446028470993042,57_8_RF00050_8_NC_000913.3_3184369-3184918_ext_0-200_int_105_off_65_percentage_0_position_0-0 genomicbackground,57,8,57_8
query_58,0,genomicbackground,1,riboswitch,0.6332026720046997,58_8_RF00050_8_NC_000913.3_3184369-3184918_ext_0-200_int_105_off_70_percentage_0_position_0-0 genomicbackground,58,8,58_8
query_59,0,genomicbackground,1,riboswitch,0.9267489314079285,59_8_RF00050_8_NC_000913.3_3184369-3184918_ext_0-200_int_105_off_75_percentage_0_position_0-0 genomicbackground,59,8,59_8
query_60,0,genomicbackground,1,riboswitch,0.9716306328773499,60_8_RF00050_8_NC_000913.3_3184369-3184918_ext_0-200_int_105_off_80_percentage_0_position_0-0 genomicbackground,60,8,60_8
query_61,0,genomicbackground,1,riboswitch,0.983180582523346,61_8_RF00050_8_NC_000913.3_3184369-3184918_ext_0-200_int_105_off_85_percentage_0_position_0-0 genomicbackground,61,8,61_8
query_62,0,genomicbackground,0,genomicbackground,0.21927547454833984,62_8_RF00050_8_NC_000913.3_3184369-3184918_ext_0-200_int_105_off_90_percentage_0_position_0-0 genomicbackground,62,8,62_8
query_63,0,genomicbackground,0,genomicbackground,0.020349400117993355,63_8_RF00050_8_NC_000913.3_3184369-3184918_ext_0-200_int_105_off_95_percentage_0_position_0-0 genomicbackground,63,8,63_8
query_64,0,genomicbackground,0,genomicbackground,0.017254497855901718,64_8_RF00050_8_NC_000913.3_3184369-3184918_ext_0-200_int_110_off_0_percentage_0_position_0-0 genomicbackground,64,8,64_8
query_65,0,genomicbackground,0,genomicbackground,0.0196077860891819,65_8_RF00050_8_NC_000913.3_3184369-3184918_ext_0-200_int_110_off_5_percentage_0_position_0-0 genomicbackground,65,8,65_8
query_66,0,genomicbackground,0,genomicbackground,0.0076578822918236256,66_8_RF00050_8_NC_000913.3_3184369-3184918_ext_0-200_int_110_off_10_percentage_0_position_0-0 genomicbackground,66,8,66_8
query_67,0,genomicbackground,0,genomicbackground,0.0006199179915711284,67_8_RF00050_8_NC_000913.3_3184369-3184918_ext_0-200_int_110_off_15_percentage_0_position_0-0 genomicbackground,67,8,67_8
query_68,0,genomicbackground,0,genomicbackground,0.0005950797931291163,68_8_RF00050_8_NC_000913.3_3184369-3184918_ext_0-200_int_110_off_20_percentage_0_position_0-0 genomicbackground,68,8,68_8
query_69,0,genomicbackground,0,genomicbackground,0.02607640251517296,69_8_RF00050_8_NC_000913.3_3184369-3184918_ext_0-200_int_110_off_25_percentage_0_position_0-0 genomicbackground,69,8,69_8
query_70,0,genomicbackground,0,genomicbackground,0.07753220200538635,70_8_RF00050_8_NC_000913.3_3184369-3184918_ext_0-200_int_110_off_30_percentage_0_position_0-0 genomicbackground,70,8,70_8
query_71,0,genomicbackground,0,genomicbackground,0.010525091551244259,71_8_RF00050_8_NC_000913.3_3184369-3184918_ext_0-200_int_110_off_35_percentage_0_position_0-0 genomicbackground,71,8,71_8
query_72,0,genomicbackground,0,genomicbackground,0.2134248912334442,72_8_RF00050_8_NC_000913.3_3184369-3184918_ext_0-200_int_110_off_40_percentage_0_position_0-0 genomicbackground,72,8,72_8
query_73,0,genomicbackground,0,genomicbackground,0.010638474486768246,73_8_RF00050_8_NC_000913.3_3184369-3184918_ext_0-200_int_110_off_45_percentage_0_position_0-0 genomicbackground,73,8,73_8
query_74,0,genomicbackground,0,genomicbackground,0.00857917033135891,74_8_RF00050_8_NC_000913.3_3184369-3184918_ext_0-200_int_110_off_50_percentage_0_position_0-0 genomicbackground,74,8,74_8
query_75,0,genomicbackground,0,genomicbackground,0.18456625938415527,75_8_RF00050_8_NC_000913.3_3184369-3184918_ext_0-200_int_110_off_55_percentage_0_position_0-0 genomicbackground,75,8,75_8
query_76,0,genomicbackground,1,riboswitch,0.8748120665550232,76_8_RF00050_8_NC_000913.3_3184369-3184918_ext_0-200_int_110_off_60_percentage_0_position_0-0 genomicbackground,76,8,76_8
query_77,0,genomicbackground,1,riboswitch,0.931586742401123,77_8_RF00050_8_NC_000913.3_3184369-3184918_ext_0-200_int_110_off_65_percentage_0_position_0-0 genomicbackground,77,8,77_8
query_78,0,genomicbackground,1,riboswitch,0.5838648676872253,78_8_RF00050_8_NC_000913.3_3184369-3184918_ext_0-200_int_110_off_70_percentage_0_position_0-0 genomicbackground,78,8,78_8
query_79,0,genomicbackground,0,genomicbackground,0.3560177981853485,79_8_RF00050_8_NC_000913.3_3184369-3184918_ext_0-200_int_110_off_75_percentage_0_position_0-0 genomicbackground,79,8,79_8
query_80,0,genomicbackground,1,riboswitch,0.9480254650115967,80_8_RF00050_8_NC_000913.3_3184369-3184918_ext_0-200_int_110_off_80_percentage_0_position_0-0 genomicbackground,80,8,80_8
query_81,0,genomicbackground,1,riboswitch,0.9286287426948547,81_8_RF00050_8_NC_000913.3_3184369-3184918_ext_0-200_int_110_off_85_percentage_0_position_0-0 genomicbackground,81,8,81_8
query_82,0,genomicbackground,1,riboswitch,0.6784200072288513,82_8_RF00050_8_NC_000913.3_3184369-3184918_ext_0-200_int_110_off_90_percentage_0_position_0-0 genomicbackground,82,8,82_8
query_83,0,genomicbackground,0,genomicbackground,0.017191771417856216,83_8_RF00050_8_NC_000913.3_3184369-3184918_ext_0-200_int_115_off_0_percentage_0_position_0-0 genomicbackground,83,8,83_8
query_84,0,genomicbackground,0,genomicbackground,0.016710026189684868,84_8_RF00050_8_NC_000913.3_3184369-3184918_ext_0-200_int_115_off_5_percentage_0_position_0-0 genomicbackground,84,8,84_8
query_85,0,genomicbackground,0,genomicbackground,0.03360125795006752,85_8_RF00050_8_NC_000913.3_3184369-3184918_ext_0-200_int_115_off_10_percentage_0_position_0-0 genomicbackground,85,8,85_8
query_86,0,genomicbackground,0,genomicbackground,0.0029577354434877634,86_8_RF00050_8_NC_000913.3_3184369-3184918_ext_0-200_int_115_off_15_percentage_0_position_0-0 genomicbackground,86,8,86_8
query_87,0,genomicbackground,0,genomicbackground,0.0009604879887774587,87_8_RF00050_8_NC_000913.3_3184369-3184918_ext_0-200_int_115_off_20_percentage_0_position_0-0 genomicbackground,87,8,87_8
query_88,0,genomicbackground,0,genomicbackground,0.02980693057179451,88_8_RF00050_8_NC_000913.3_3184369-3184918_ext_0-200_int_115_off_25_percentage_0_position_0-0 genomicbackground,88,8,88_8
query_89,0,genomicbackground,0,genomicbackground,0.0772944986820221,89_8_RF00050_8_NC_000913.3_3184369-3184918_ext_0-200_int_115_off_30_percentage_0_position_0-0 genomicbackground,89,8,89_8
query_90,0,genomicbackground,1,riboswitch,0.7724364995956421,90_8_RF00050_8_NC_000913.3_3184369-3184918_ext_0-200_int_115_off_35_percentage_0_position_0-0 genomicbackground,90,8,90_8
query_91,0,genomicbackground,0,genomicbackground,0.040655411779880524,91_8_RF00050_8_NC_000913.3_3184369-3184918_ext_0-200_int_115_off_40_percentage_0_position_0-0 genomicbackground,91,8,91_8
query_92,0,genomicbackground,0,genomicbackground,0.038329117000103,92_8_RF00050_8_NC_000913.3_3184369-3184918_ext_0-200_int_115_off_45_percentage_0_position_0-0 genomicbackground,92,8,92_8
query_93,0,genomicbackground,0,genomicbackground,0.07859282195568085,93_8_RF00050_8_NC_000913.3_3184369-3184918_ext_0-200_int_115_off_50_percentage_0_position_0-0 genomicbackground,93,8,93_8
query_94,0,genomicbackground,1,riboswitch,0.675842821598053,94_8_RF00050_8_NC_000913.3_3184369-3184918_ext_0-200_int_115_off_55_percentage_0_position_0-0 genomicbackground,94,8,94_8
query_95,0,genomicbackground,1,riboswitch,0.7617442607879639,95_8_RF00050_8_NC_000913.3_3184369-3184918_ext_0-200_int_115_off_60_percentage_0_position_0-0 genomicbackground,95,8,95_8
query_96,0,genomicbackground,1,riboswitch,0.9208360314369202,96_8_RF00050_8_NC_000913.3_3184369-3184918_ext_0-200_int_115_off_65_percentage_0_position_0-0 genomicbackground,96,8,96_8
query_97,0,genomicbackground,0,genomicbackground,0.08363380283117294,97_8_RF00050_8_NC_000913.3_3184369-3184918_ext_0-200_int_115_off_70_percentage_0_position_0-0 genomicbackground,97,8,97_8
query_98,0,genomicbackground,0,genomicbackground,0.25492364168167114,98_8_RF00050_8_NC_000913.3_3184369-3184918_ext_0-200_int_115_off_75_percentage_0_position_0-0 genomicbackground,98,8,98_8
query_99,0,genomicbackground,1,riboswitch,0.9011943340301514,99_8_RF00050_8_NC_000913.3_3184369-3184918_ext_0-200_int_115_off_80_percentage_0_position_0-0 genomicbackground,99,8,99_8
query_100,0,genomicbackground,1,riboswitch,0.873839795589447,100_8_RF00050_8_NC_000913.3_3184369-3184918_ext_0-200_int_115_off_85_percentage_0_position_0-0 genomicbackground,100,8,100_8
query_101,0,genomicbackground,0,genomicbackground,0.015336505137383938,101_8_RF00050_8_NC_000913.3_3184369-3184918_ext_0-200_int_120_off_0_percentage_0_position_0-0 genomicbackground,101,8,101_8
query_102,0,genomicbackground,0,genomicbackground,0.019317686557769775,102_8_RF00050_8_NC_000913.3_3184369-3184918_ext_0-200_int_120_off_5_percentage_0_position_0-0 genomicbackground,102,8,102_8
query_103,0,genomicbackground,0,genomicbackground,0.03126353397965431,103_8_RF00050_8_NC_000913.3_3184369-3184918_ext_0-200_int_120_off_10_percentage_0_position_0-0 genomicbackground,103,8,103_8
query_104,0,genomicbackground,0,genomicbackground,0.005151725374162197,104_8_RF00050_8_NC_000913.3_3184369-3184918_ext_0-200_int_120_off_15_percentage_0_position_0-0 genomicbackground,104,8,104_8
query_105,0,genomicbackground,0,genomicbackground,0.0011674932902678847,105_8_RF00050_8_NC_000913.3_3184369-3184918_ext_0-200_int_120_off_20_percentage_0_position_0-0 genomicbackground,105,8,105_8
query_106,0,genomicbackground,0,genomicbackground,0.027862902730703354,106_8_RF00050_8_NC_000913.3_3184369-3184918_ext_0-200_int_120_off_25_percentage_0_position_0-0 genomicbackground,106,8,106_8
query_107,0,genomicbackground,0,genomicbackground,0.2992226779460907,107_8_RF00050_8_NC_000913.3_3184369-3184918_ext_0-200_int_120_off_30_percentage_0_position_0-0 genomicbackground,107,8,107_8
query_108,0,genomicbackground,0,genomicbackground,0.1413622796535492,108_8_RF00050_8_NC_000913.3_3184369-3184918_ext_0-200_int_120_off_35_percentage_0_position_0-0 genomicbackground,108,8,108_8
query_109,0,genomicbackground,0,genomicbackground,0.04523741826415062,109_8_RF00050_8_NC_000913.3_3184369-3184918_ext_0-200_int_120_off_40_percentage_0_position_0-0 genomicbackground,109,8,109_8
query_110,0,genomicbackground,0,genomicbackground,0.026763804256916046,110_8_RF00050_8_NC_000913.3_3184369-3184918_ext_0-200_int_120_off_45_percentage_0_position_0-0 genomicbackground,110,8,110_8
query_111,0,genomicbackground,0,genomicbackground,0.06373035907745361,111_8_RF00050_8_NC_000913.3_3184369-3184918_ext_0-200_int_120_off_50_percentage_0_position_0-0 genomicbackground,111,8,111_8
query_112,0,genomicbackground,0,genomicbackground,0.33269932866096497,112_8_RF00050_8_NC_000913.3_3184369-3184918_ext_0-200_int_120_off_55_percentage_0_position_0-0 genomicbackground,112,8,112_8
query_113,0,genomicbackground,1,riboswitch,0.700498104095459,113_8_RF00050_8_NC_000913.3_3184369-3184918_ext_0-200_int_120_off_60_percentage_0_position_0-0 genomicbackground,113,8,113_8
query_114,0,genomicbackground,0,genomicbackground,0.4692603647708893,114_8_RF00050_8_NC_000913.3_3184369-3184918_ext_0-200_int_120_off_65_percentage_0_position_0-0 genomicbackground,114,8,114_8
query_115,0,genomicbackground,0,genomicbackground,0.08941186219453812,115_8_RF00050_8_NC_000913.3_3184369-3184918_ext_0-200_int_120_off_70_percentage_0_position_0-0 genomicbackground,115,8,115_8
query_116,0,genomicbackground,1,riboswitch,0.9252088665962219,116_8_RF00050_8_NC_000913.3_3184369-3184918_ext_0-200_int_120_off_75_percentage_0_position_0-0 genomicbackground,116,8,116_8
query_117,0,genomicbackground,1,riboswitch,0.9417727589607239,117_8_RF00050_8_NC_000913.3_3184369-3184918_ext_0-200_int_120_off_80_percentage_0_position_0-0 genomicbackground,117,8,117_8
query_118,0,genomicbackground,0,genomicbackground,0.01938013546168804,118_8_RF00050_8_NC_000913.3_3184369-3184918_ext_0-200_int_125_off_0_percentage_0_position_0-0 genomicbackground,118,8,118_8
query_119,0,genomicbackground,0,genomicbackground,0.018649673089385033,119_8_RF00050_8_NC_000913.3_3184369-3184918_ext_0-200_int_125_off_5_percentage_0_position_0-0 genomicbackground,119,8,119_8
query_120,0,genomicbackground,0,genomicbackground,0.07807893306016922,120_8_RF00050_8_NC_000913.3_3184369-3184918_ext_0-200_int_125_off_10_percentage_0_position_0-0 genomicbackground,120,8,120_8
query_121,0,genomicbackground,0,genomicbackground,0.005781575571745634,121_8_RF00050_8_NC_000913.3_3184369-3184918_ext_0-200_int_125_off_15_percentage_0_position_0-0 genomicbackground,121,8,121_8
query_122,0,genomicbackground,0,genomicbackground,0.001135180122219026,122_8_RF00050_8_NC_000913.3_3184369-3184918_ext_0-200_int_125_off_20_percentage_0_position_0-0 genomicbackground,122,8,122_8
query_123,0,genomicbackground,0,genomicbackground,0.02312229387462139,123_8_RF00050_8_NC_000913.3_3184369-3184918_ext_0-200_int_125_off_25_percentage_0_position_0-0 genomicbackground,123,8,123_8
query_124,0,genomicbackground,0,genomicbackground,0.0448545478284359,124_8_RF00050_8_NC_000913.3_3184369-3184918_ext_0-200_int_125_off_30_percentage_0_position_0-0 genomicbackground,124,8,124_8
query_125,0,genomicbackground,0,genomicbackground,0.15914876759052277,125_8_RF00050_8_NC_000913.3_3184369-3184918_ext_0-200_int_125_off_35_percentage_0_position_0-0 genomicbackground,125,8,125_8
query_126,0,genomicbackground,0,genomicbackground,0.03579229861497879,126_8_RF00050_8_NC_000913.3_3184369-3184918_ext_0-200_int_125_off_40_percentage_0_position_0-0 genomicbackground,126,8,126_8
query_127,0,genomicbackground,0,genomicbackground,0.04284841567277908,127_8_RF00050_8_NC_000913.3_3184369-3184918_ext_0-200_int_125_off_45_percentage_0_position_0-0 genomicbackground,127,8,127_8
query_128,0,genomicbackground,0,genomicbackground,0.008600149303674698,128_8_RF00050_8_NC_000913.3_3184369-3184918_ext_0-200_int_125_off_50_percentage_0_position_0-0 genomicbackground,128,8,128_8
query_129,0,genomicbackground,0,genomicbackground,0.21060438454151154,129_8_RF00050_8_NC_000913.3_3184369-3184918_ext_0-200_int_125_off_55_percentage_0_position_0-0 genomicbackground,129,8,129_8
query_130,0,genomicbackground,0,genomicbackground,0.13766071200370789,130_8_RF00050_8_NC_000913.3_3184369-3184918_ext_0-200_int_125_off_60_percentage_0_position_0-0 genomicbackground,130,8,130_8
query_131,0,genomicbackground,0,genomicbackground,0.28051072359085083,131_8_RF00050_8_NC_000913.3_3184369-3184918_ext_0-200_int_125_off_65_percentage_0_position_0-0 genomicbackground,131,8,131_8
query_132,0,genomicbackground,0,genomicbackground,0.21132425963878632,132_8_RF00050_8_NC_000913.3_3184369-3184918_ext_0-200_int_125_off_70_percentage_0_position_0-0 genomicbackground,132,8,132_8
query_133,0,genomicbackground,1,riboswitch,0.9282701015472412,133_8_RF00050_8_NC_000913.3_3184369-3184918_ext_0-200_int_125_off_75_percentage_0_position_0-0 genomicbackground,133,8,133_8
query_134,0,genomicbackground,0,genomicbackground,0.018235327675938606,134_8_RF00050_8_NC_000913.3_3184369-3184918_ext_0-200_int_130_off_0_percentage_0_position_0-0 genomicbackground,134,8,134_8
query_135,0,genomicbackground,0,genomicbackground,0.031673043966293335,135_8_RF00050_8_NC_000913.3_3184369-3184918_ext_0-200_int_130_off_5_percentage_0_position_0-0 genomicbackground,135,8,135_8
query_136,0,genomicbackground,0,genomicbackground,0.010425998829305172,136_8_RF00050_8_NC_000913.3_3184369-3184918_ext_0-200_int_130_off_10_percentage_0_position_0-0 genomicbackground,136,8,136_8
query_137,0,genomicbackground,0,genomicbackground,0.004898411687463522,137_8_RF00050_8_NC_000913.3_3184369-3184918_ext_0-200_int_130_off_15_percentage_0_position_0-0 genomicbackground,137,8,137_8
query_138,0,genomicbackground,0,genomicbackground,0.0009196858154609799,138_8_RF00050_8_NC_000913.3_3184369-3184918_ext_0-200_int_130_off_20_percentage_0_position_0-0 genomicbackground,138,8,138_8
query_139,0,genomicbackground,0,genomicbackground,0.03852877765893936,139_8_RF00050_8_NC_000913.3_3184369-3184918_ext_0-200_int_130_off_25_percentage_0_position_0-0 genomicbackground,139,8,139_8
query_140,0,genomicbackground,0,genomicbackground,0.06462463736534119,140_8_RF00050_8_NC_000913.3_3184369-3184918_ext_0-200_int_130_off_30_percentage_0_position_0-0 genomicbackground,140,8,140_8
query_141,0,genomicbackground,0,genomicbackground,0.018602121621370316,141_8_RF00050_8_NC_000913.3_3184369-3184918_ext_0-200_int_130_off_35_percentage_0_position_0-0 genomicbackground,141,8,141_8
query_142,0,genomicbackground,0,genomicbackground,0.019855352118611336,142_8_RF00050_8_NC_000913.3_3184369-3184918_ext_0-200_int_130_off_40_percentage_0_position_0-0 genomicbackground,142,8,142_8
query_143,0,genomicbackground,0,genomicbackground,0.03065384179353714,143_8_RF00050_8_NC_000913.3_3184369-3184918_ext_0-200_int_130_off_45_percentage_0_position_0-0 genomicbackground,143,8,143_8
query_144,0,genomicbackground,0,genomicbackground,0.012348851189017296,144_8_RF00050_8_NC_000913.3_3184369-3184918_ext_0-200_int_130_off_50_percentage_0_position_0-0 genomicbackground,144,8,144_8
query_145,0,genomicbackground,0,genomicbackground,0.03672495111823082,145_8_RF00050_8_NC_000913.3_3184369-3184918_ext_0-200_int_130_off_55_percentage_0_position_0-0 genomicbackground,145,8,145_8
query_146,0,genomicbackground,0,genomicbackground,0.09296560287475586,146_8_RF00050_8_NC_000913.3_3184369-3184918_ext_0-200_int_130_off_60_percentage_0_position_0-0 genomicbackground,146,8,146_8
query_147,0,genomicbackground,0,genomicbackground,0.3497470021247864,147_8_RF00050_8_NC_000913.3_3184369-3184918_ext_0-200_int_130_off_65_percentage_0_position_0-0 genomicbackground,147,8,147_8
query_148,0,genomicbackground,0,genomicbackground,0.11647581309080124,148_8_RF00050_8_NC_000913.3_3184369-3184918_ext_0-200_int_130_off_70_percentage_0_position_0-0 genomicbackground,148,8,148_8
query_149,0,genomicbackground,0,genomicbackground,0.029707761481404305,149_8_RF00050_8_NC_000913.3_3184369-3184918_ext_0-200_int_135_off_0_percentage_0_position_0-0 genomicbackground,149,8,149_8
query_150,0,genomicbackground,0,genomicbackground,0.03592924028635025,150_8_RF00050_8_NC_000913.3_3184369-3184918_ext_0-200_int_135_off_5_percentage_0_position_0-0 genomicbackground,150,8,150_8
query_151,0,genomicbackground,0,genomicbackground,0.008469869382679462,151_8_RF00050_8_NC_000913.3_3184369-3184918_ext_0-200_int_135_off_10_percentage_0_position_0-0 genomicbackground,151,8,151_8
query_152,0,genomicbackground,0,genomicbackground,0.003382857656106353,152_8_RF00050_8_NC_000913.3_3184369-3184918_ext_0-200_int_135_off_15_percentage_0_position_0-0 genomicbackground,152,8,152_8
query_153,0,genomicbackground,0,genomicbackground,0.04483284428715706,153_8_RF00050_8_NC_000913.3_3184369-3184918_ext_0-200_int_135_off_20_percentage_0_position_0-0 genomicbackground,153,8,153_8
query_154,0,genomicbackground,0,genomicbackground,0.052066024392843246,154_8_RF00050_8_NC_000913.3_3184369-3184918_ext_0-200_int_135_off_25_percentage_0_position_0-0 genomicbackground,154,8,154_8
query_155,0,genomicbackground,0,genomicbackground,0.04776080697774887,155_8_RF00050_8_NC_000913.3_3184369-3184918_ext_0-200_int_135_off_30_percentage_0_position_0-0 genomicbackground,155,8,155_8
query_156,0,genomicbackground,0,genomicbackground,0.2810208201408386,156_8_RF00050_8_NC_000913.3_3184369-3184918_ext_0-200_int_135_off_35_percentage_0_position_0-0 genomicbackground,156,8,156_8
query_157,0,genomicbackground,0,genomicbackground,0.005420614965260029,157_8_RF00050_8_NC_000913.3_3184369-3184918_ext_0-200_int_135_off_40_percentage_0_position_0-0 genomicbackground,157,8,157_8
query_158,0,genomicbackground,0,genomicbackground,0.026338286697864532,158_8_RF00050_8_NC_000913.3_3184369-3184918_ext_0-200_int_135_off_45_percentage_0_position_0-0 genomicbackground,158,8,158_8
query_159,0,genomicbackground,0,genomicbackground,0.008610711432993412,159_8_RF00050_8_NC_000913.3_3184369-3184918_ext_0-200_int_135_off_50_percentage_0_position_0-0 genomicbackground,159,8,159_8
query_160,0,genomicbackground,0,genomicbackground,0.009217132814228535,160_8_RF00050_8_NC_000913.3_3184369-3184918_ext_0-200_int_135_off_55_percentage_0_position_0-0 genomicbackground,160,8,160_8
query_161,0,genomicbackground,0,genomicbackground,0.11273515224456787,161_8_RF00050_8_NC_000913.3_3184369-3184918_ext_0-200_int_135_off_60_percentage_0_position_0-0 genomicbackground,161,8,161_8
query_162,0,genomicbackground,0,genomicbackground,0.41199246048927307,162_8_RF00050_8_NC_000913.3_3184369-3184918_ext_0-200_int_135_off_65_percentage_0_position_0-0 genomicbackground,162,8,162_8
query_163,0,genomicbackground,0,genomicbackground,0.03409579396247864,163_8_RF00050_8_NC_000913.3_3184369-3184918_ext_0-200_int_140_off_0_percentage_0_position_0-0 genomicbackground,163,8,163_8
query_164,0,genomicbackground,0,genomicbackground,0.033726513385772705,164_8_RF00050_8_NC_000913.3_3184369-3184918_ext_0-200_int_140_off_5_percentage_0_position_0-0 genomicbackground,164,8,164_8
query_165,0,genomicbackground,0,genomicbackground,0.005765310954302549,165_8_RF00050_8_NC_000913.3_3184369-3184918_ext_0-200_int_140_off_10_percentage_0_position_0-0 genomicbackground,165,8,165_8
query_166,0,genomicbackground,0,genomicbackground,0.04174784570932388,166_8_RF00050_8_NC_000913.3_3184369-3184918_ext_0-200_int_140_off_15_percentage_0_position_0-0 genomicbackground,166,8,166_8
query_167,0,genomicbackground,0,genomicbackground,0.08538318425416946,167_8_RF00050_8_NC_000913.3_3184369-3184918_ext_0-200_int_140_off_20_percentage_0_position_0-0 genomicbackground,167,8,167_8
query_168,0,genomicbackground,0,genomicbackground,0.019981076940894127,168_8_RF00050_8_NC_000913.3_3184369-3184918_ext_0-200_int_140_off_25_percentage_0_position_0-0 genomicbackground,168,8,168_8
query_169,0,genomicbackground,0,genomicbackground,0.10057796537876129,169_8_RF00050_8_NC_000913.3_3184369-3184918_ext_0-200_int_140_off_30_percentage_0_position_0-0 genomicbackground,169,8,169_8
query_170,0,genomicbackground,0,genomicbackground,0.007862485013902187,170_8_RF00050_8_NC_000913.3_3184369-3184918_ext_0-200_int_140_off_35_percentage_0_position_0-0 genomicbackground,170,8,170_8
query_171,0,genomicbackground,0,genomicbackground,0.03179369494318962,171_8_RF00050_8_NC_000913.3_3184369-3184918_ext_0-200_int_140_off_40_percentage_0_position_0-0 genomicbackground,171,8,171_8
query_172,0,genomicbackground,0,genomicbackground,0.017087461426854134,172_8_RF00050_8_NC_000913.3_3184369-3184918_ext_0-200_int_140_off_45_percentage_0_position_0-0 genomicbackground,172,8,172_8
query_173,0,genomicbackground,0,genomicbackground,0.007038428448140621,173_8_RF00050_8_NC_000913.3_3184369-3184918_ext_0-200_int_140_off_50_percentage_0_position_0-0 genomicbackground,173,8,173_8
query_174,0,genomicbackground,0,genomicbackground,0.2023744434118271,174_8_RF00050_8_NC_000913.3_3184369-3184918_ext_0-200_int_140_off_55_percentage_0_position_0-0 genomicbackground,174,8,174_8
query_175,0,genomicbackground,0,genomicbackground,0.09075134247541428,175_8_RF00050_8_NC_000913.3_3184369-3184918_ext_0-200_int_140_off_60_percentage_0_position_0-0 genomicbackground,175,8,175_8
query_176,0,genomicbackground,0,genomicbackground,0.03321583941578865,176_8_RF00050_8_NC_000913.3_3184369-3184918_ext_0-200_int_145_off_0_percentage_0_position_0-0 genomicbackground,176,8,176_8
query_177,0,genomicbackground,0,genomicbackground,0.02761724963784218,177_8_RF00050_8_NC_000913.3_3184369-3184918_ext_0-200_int_145_off_5_percentage_0_position_0-0 genomicbackground,177,8,177_8
query_178,0,genomicbackground,0,genomicbackground,0.12363177537918091,178_8_RF00050_8_NC_000913.3_3184369-3184918_ext_0-200_int_145_off_10_percentage_0_position_0-0 genomicbackground,178,8,178_8
query_179,0,genomicbackground,0,genomicbackground,0.06605985015630722,179_8_RF00050_8_NC_000913.3_3184369-3184918_ext_0-200_int_145_off_15_percentage_0_position_0-0 genomicbackground,179,8,179_8
query_180,0,genomicbackground,0,genomicbackground,0.03821127861738205,180_8_RF00050_8_NC_000913.3_3184369-3184918_ext_0-200_int_145_off_20_percentage_0_position_0-0 genomicbackground,180,8,180_8
query_181,0,genomicbackground,0,genomicbackground,0.020208878442645073,181_8_RF00050_8_NC_000913.3_3184369-3184918_ext_0-200_int_145_off_25_percentage_0_position_0-0 genomicbackground,181,8,181_8
query_182,0,genomicbackground,0,genomicbackground,0.06933476030826569,182_8_RF00050_8_NC_000913.3_3184369-3184918_ext_0-200_int_145_off_30_percentage_0_position_0-0 genomicbackground,182,8,182_8
query_183,0,genomicbackground,0,genomicbackground,0.05996799096465111,183_8_RF00050_8_NC_000913.3_3184369-3184918_ext_0-200_int_145_off_35_percentage_0_position_0-0 genomicbackground,183,8,183_8
query_184,0,genomicbackground,0,genomicbackground,0.018765518441796303,184_8_RF00050_8_NC_000913.3_3184369-3184918_ext_0-200_int_145_off_40_percentage_0_position_0-0 genomicbackground,184,8,184_8
query_185,0,genomicbackground,0,genomicbackground,0.017818300053477287,185_8_RF00050_8_NC_000913.3_3184369-3184918_ext_0-200_int_145_off_45_percentage_0_position_0-0 genomicbackground,185,8,185_8
query_186,0,genomicbackground,0,genomicbackground,0.06092148646712303,186_8_RF00050_8_NC_000913.3_3184369-3184918_ext_0-200_int_145_off_50_percentage_0_position_0-0 genomicbackground,186,8,186_8
query_187,0,genomicbackground,0,genomicbackground,0.041473034769296646,187_8_RF00050_8_NC_000913.3_3184369-3184918_ext_0-200_int_145_off_55_percentage_0_position_0-0 genomicbackground,187,8,187_8
query_188,0,genomicbackground,1,riboswitch,0.9400012493133545,188_8_RF00050_8_NC_000913.3_3184369-3184918_ext_0-200_int_150_off_0_percentage_0_position_0-0 genomicbackground,188,8,188_8
query_189,0,genomicbackground,0,genomicbackground,0.0413631871342659,189_8_RF00050_8_NC_000913.3_3184369-3184918_ext_0-200_int_150_off_5_percentage_0_position_0-0 genomicbackground,189,8,189_8
query_190,0,genomicbackground,0,genomicbackground,0.17894208431243896,190_8_RF00050_8_NC_000913.3_3184369-3184918_ext_0-200_int_150_off_10_percentage_0_position_0-0 genomicbackground,190,8,190_8
query_191,0,genomicbackground,0,genomicbackground,0.034069985151290894,191_8_RF00050_8_NC_000913.3_3184369-3184918_ext_0-200_int_150_off_15_percentage_0_position_0-0 genomicbackground,191,8,191_8
query_192,0,genomicbackground,0,genomicbackground,0.03681762516498566,192_8_RF00050_8_NC_000913.3_3184369-3184918_ext_0-200_int_150_off_20_percentage_0_position_0-0 genomicbackground,192,8,192_8
query_193,0,genomicbackground,0,genomicbackground,0.019559228792786598,193_8_RF00050_8_NC_000913.3_3184369-3184918_ext_0-200_int_150_off_25_percentage_0_position_0-0 genomicbackground,193,8,193_8
query_194,0,genomicbackground,0,genomicbackground,0.0514376163482666,194_8_RF00050_8_NC_000913.3_3184369-3184918_ext_0-200_int_150_off_30_percentage_0_position_0-0 genomicbackground,194,8,194_8
query_195,0,genomicbackground,0,genomicbackground,0.031162049621343613,195_8_RF00050_8_NC_000913.3_3184369-3184918_ext_0-200_int_150_off_35_percentage_0_position_0-0 genomicbackground,195,8,195_8
query_196,0,genomicbackground,0,genomicbackground,0.004866024013608694,196_8_RF00050_8_NC_000913.3_3184369-3184918_ext_0-200_int_150_off_40_percentage_0_position_0-0 genomicbackground,196,8,196_8
query_197,0,genomicbackground,0,genomicbackground,0.019520776346325874,197_8_RF00050_8_NC_000913.3_3184369-3184918_ext_0-200_int_150_off_45_percentage_0_position_0-0 genomicbackground,197,8,197_8
query_198,0,genomicbackground,0,genomicbackground,0.07499207556247711,198_8_RF00050_8_NC_000913.3_3184369-3184918_ext_0-200_int_150_off_50_percentage_0_position_0-0 genomicbackground,198,8,198_8
query_199,0,genomicbackground,0,genomicbackground,0.03715086355805397,199_8_RF00050_8_NC_000913.3_3184369-3184918_ext_0-200_int_155_off_0_percentage_0_position_0-0 genomicbackground,199,8,199_8
query_200,0,genomicbackground,0,genomicbackground,0.05356018617749214,200_8_RF00050_8_NC_000913.3_3184369-3184918_ext_0-200_int_155_off_5_percentage_0_position_0-0 genomicbackground,200,8,200_8
query_201,0,genomicbackground,0,genomicbackground,0.028920307755470276,201_8_RF00050_8_NC_000913.3_3184369-3184918_ext_0-200_int_155_off_10_percentage_0_position_0-0 genomicbackground,201,8,201_8
query_202,0,genomicbackground,0,genomicbackground,0.03309575468301773,202_8_RF00050_8_NC_000913.3_3184369-3184918_ext_0-200_int_155_off_15_percentage_0_position_0-0 genomicbackground,202,8,202_8
query_203,0,genomicbackground,0,genomicbackground,0.04337082430720329,203_8_RF00050_8_NC_000913.3_3184369-3184918_ext_0-200_int_155_off_20_percentage_0_position_0-0 genomicbackground,203,8,203_8
query_204,0,genomicbackground,0,genomicbackground,0.019392097368836403,204_8_RF00050_8_NC_000913.3_3184369-3184918_ext_0-200_int_155_off_25_percentage_0_position_0-0 genomicbackground,204,8,204_8
query_205,0,genomicbackground,0,genomicbackground,0.01704217866063118,205_8_RF00050_8_NC_000913.3_3184369-3184918_ext_0-200_int_155_off_30_percentage_0_position_0-0 genomicbackground,205,8,205_8
query_206,0,genomicbackground,0,genomicbackground,0.0065239970572292805,206_8_RF00050_8_NC_000913.3_3184369-3184918_ext_0-200_int_155_off_35_percentage_0_position_0-0 genomicbackground,206,8,206_8
query_207,0,genomicbackground,0,genomicbackground,0.004918575286865234,207_8_RF00050_8_NC_000913.3_3184369-3184918_ext_0-200_int_155_off_40_percentage_0_position_0-0 genomicbackground,207,8,207_8
query_208,0,genomicbackground,0,genomicbackground,0.01642610691487789,208_8_RF00050_8_NC_000913.3_3184369-3184918_ext_0-200_int_155_off_45_percentage_0_position_0-0 genomicbackground,208,8,208_8
query_209,0,genomicbackground,0,genomicbackground,0.04751075431704521,209_8_RF00050_8_NC_000913.3_3184369-3184918_ext_0-200_int_160_off_0_percentage_0_position_0-0 genomicbackground,209,8,209_8
query_210,0,genomicbackground,0,genomicbackground,0.022556880488991737,210_8_RF00050_8_NC_000913.3_3184369-3184918_ext_0-200_int_160_off_5_percentage_0_position_0-0 genomicbackground,210,8,210_8
query_211,0,genomicbackground,0,genomicbackground,0.02935558743774891,211_8_RF00050_8_NC_000913.3_3184369-3184918_ext_0-200_int_160_off_10_percentage_0_position_0-0 genomicbackground,211,8,211_8
query_212,0,genomicbackground,0,genomicbackground,0.03658881410956383,212_8_RF00050_8_NC_000913.3_3184369-3184918_ext_0-200_int_160_off_15_percentage_0_position_0-0 genomicbackground,212,8,212_8
query_213,0,genomicbackground,0,genomicbackground,0.046269699931144714,213_8_RF00050_8_NC_000913.3_3184369-3184918_ext_0-200_int_160_off_20_percentage_0_position_0-0 genomicbackground,213,8,213_8
query_214,0,genomicbackground,0,genomicbackground,0.015191019512712955,214_8_RF00050_8_NC_000913.3_3184369-3184918_ext_0-200_int_160_off_25_percentage_0_position_0-0 genomicbackground,214,8,214_8
query_215,0,genomicbackground,0,genomicbackground,0.02894604578614235,215_8_RF00050_8_NC_000913.3_3184369-3184918_ext_0-200_int_160_off_30_percentage_0_position_0-0 genomicbackground,215,8,215_8
query_216,0,genomicbackground,0,genomicbackground,0.01624216139316559,216_8_RF00050_8_NC_000913.3_3184369-3184918_ext_0-200_int_160_off_35_percentage_0_position_0-0 genomicbackground,216,8,216_8
query_217,0,genomicbackground,0,genomicbackground,0.020711520686745644,217_8_RF00050_8_NC_000913.3_3184369-3184918_ext_0-200_int_160_off_40_percentage_0_position_0-0 genomicbackground,217,8,217_8
query_218,0,genomicbackground,0,genomicbackground,0.022687826305627823,218_8_RF00050_8_NC_000913.3_3184369-3184918_ext_0-200_int_165_off_0_percentage_0_position_0-0 genomicbackground,218,8,218_8
query_219,0,genomicbackground,0,genomicbackground,0.022738663479685783,219_8_RF00050_8_NC_000913.3_3184369-3184918_ext_0-200_int_165_off_5_percentage_0_position_0-0 genomicbackground,219,8,219_8
query_220,0,genomicbackground,0,genomicbackground,0.027613529935479164,220_8_RF00050_8_NC_000913.3_3184369-3184918_ext_0-200_int_165_off_10_percentage_0_position_0-0 genomicbackground,220,8,220_8
query_221,0,genomicbackground,0,genomicbackground,0.03857119753956795,221_8_RF00050_8_NC_000913.3_3184369-3184918_ext_0-200_int_165_off_15_percentage_0_position_0-0 genomicbackground,221,8,221_8
query_222,0,genomicbackground,0,genomicbackground,0.0269476305693388,222_8_RF00050_8_NC_000913.3_3184369-3184918_ext_0-200_int_165_off_20_percentage_0_position_0-0 genomicbackground,222,8,222_8
query_223,0,genomicbackground,0,genomicbackground,0.016009140759706497,223_8_RF00050_8_NC_000913.3_3184369-3184918_ext_0-200_int_165_off_25_percentage_0_position_0-0 genomicbackground,223,8,223_8
query_224,0,genomicbackground,0,genomicbackground,0.019477391615509987,224_8_RF00050_8_NC_000913.3_3184369-3184918_ext_0-200_int_165_off_30_percentage_0_position_0-0 genomicbackground,224,8,224_8
query_225,0,genomicbackground,0,genomicbackground,0.01468201819807291,225_8_RF00050_8_NC_000913.3_3184369-3184918_ext_0-200_int_165_off_35_percentage_0_position_0-0 genomicbackground,225,8,225_8
query_226,0,genomicbackground,0,genomicbackground,0.022754766047000885,226_8_RF00050_8_NC_000913.3_3184369-3184918_ext_0-200_int_170_off_0_percentage_0_position_0-0 genomicbackground,226,8,226_8
query_227,0,genomicbackground,0,genomicbackground,0.022029144689440727,227_8_RF00050_8_NC_000913.3_3184369-3184918_ext_0-200_int_170_off_5_percentage_0_position_0-0 genomicbackground,227,8,227_8
query_228,0,genomicbackground,0,genomicbackground,0.027459902688860893,228_8_RF00050_8_NC_000913.3_3184369-3184918_ext_0-200_int_170_off_10_percentage_0_position_0-0 genomicbackground,228,8,228_8
query_229,0,genomicbackground,0,genomicbackground,0.02424878627061844,229_8_RF00050_8_NC_000913.3_3184369-3184918_ext_0-200_int_170_off_15_percentage_0_position_0-0 genomicbackground,229,8,229_8
query_230,0,genomicbackground,0,genomicbackground,0.030749570578336716,230_8_RF00050_8_NC_000913.3_3184369-3184918_ext_0-200_int_170_off_20_percentage_0_position_0-0 genomicbackground,230,8,230_8
query_231,0,genomicbackground,0,genomicbackground,0.029834289103746414,231_8_RF00050_8_NC_000913.3_3184369-3184918_ext_0-200_int_170_off_25_percentage_0_position_0-0 genomicbackground,231,8,231_8
query_232,0,genomicbackground,0,genomicbackground,0.015738360583782196,232_8_RF00050_8_NC_000913.3_3184369-3184918_ext_0-200_int_170_off_30_percentage_0_position_0-0 genomicbackground,232,8,232_8
query_233,0,genomicbackground,0,genomicbackground,0.013681178912520409,233_8_RF00050_8_NC_000913.3_3184369-3184918_ext_0-200_int_175_off_0_percentage_0_position_0-0 genomicbackground,233,8,233_8
query_234,0,genomicbackground,0,genomicbackground,0.021885735914111137,234_8_RF00050_8_NC_000913.3_3184369-3184918_ext_0-200_int_175_off_5_percentage_0_position_0-0 genomicbackground,234,8,234_8
query_235,0,genomicbackground,0,genomicbackground,0.019334513694047928,235_8_RF00050_8_NC_000913.3_3184369-3184918_ext_0-200_int_175_off_10_percentage_0_position_0-0 genomicbackground,235,8,235_8
query_236,0,genomicbackground,0,genomicbackground,0.02660796418786049,236_8_RF00050_8_NC_000913.3_3184369-3184918_ext_0-200_int_175_off_15_percentage_0_position_0-0 genomicbackground,236,8,236_8
query_237,0,genomicbackground,0,genomicbackground,0.019739139825105667,237_8_RF00050_8_NC_000913.3_3184369-3184918_ext_0-200_int_175_off_20_percentage_0_position_0-0 genomicbackground,237,8,237_8
query_238,0,genomicbackground,0,genomicbackground,0.014209110289812088,238_8_RF00050_8_NC_000913.3_3184369-3184918_ext_0-200_int_175_off_25_percentage_0_position_0-0 genomicbackground,238,8,238_8
query_239,0,genomicbackground,0,genomicbackground,0.1683303713798523,239_8_RF00050_8_NC_000913.3_3184369-3184918_ext_0-200_int_180_off_0_percentage_0_position_0-0 genomicbackground,239,8,239_8
query_240,0,genomicbackground,0,genomicbackground,0.016954760998487473,240_8_RF00050_8_NC_000913.3_3184369-3184918_ext_0-200_int_180_off_5_percentage_0_position_0-0 genomicbackground,240,8,240_8
query_241,0,genomicbackground,0,genomicbackground,0.020846057683229446,241_8_RF00050_8_NC_000913.3_3184369-3184918_ext_0-200_int_180_off_10_percentage_0_position_0-0 genomicbackground,241,8,241_8
query_242,0,genomicbackground,0,genomicbackground,0.01847357675433159,242_8_RF00050_8_NC_000913.3_3184369-3184918_ext_0-200_int_180_off_15_percentage_0_position_0-0 genomicbackground,242,8,242_8
query_243,0,genomicbackground,0,genomicbackground,0.020493952557444572,243_8_RF00050_8_NC_000913.3_3184369-3184918_ext_0-200_int_180_off_20_percentage_0_position_0-0 genomicbackground,243,8,243_8
query_244,0,genomicbackground,0,genomicbackground,0.06528043001890182,244_8_RF00050_8_NC_000913.3_3184369-3184918_ext_0-200_int_185_off_0_percentage_0_position_0-0 genomicbackground,244,8,244_8
query_245,0,genomicbackground,0,genomicbackground,0.017787637189030647,245_8_RF00050_8_NC_000913.3_3184369-3184918_ext_0-200_int_185_off_5_percentage_0_position_0-0 genomicbackground,245,8,245_8
query_246,0,genomicbackground,0,genomicbackground,0.03968430683016777,246_8_RF00050_8_NC_000913.3_3184369-3184918_ext_0-200_int_185_off_10_percentage_0_position_0-0 genomicbackground,246,8,246_8
query_247,0,genomicbackground,0,genomicbackground,0.01901283487677574,247_8_RF00050_8_NC_000913.3_3184369-3184918_ext_0-200_int_185_off_15_percentage_0_position_0-0 genomicbackground,247,8,247_8
query_248,0,genomicbackground,0,genomicbackground,0.01780819334089756,248_8_RF00050_8_NC_000913.3_3184369-3184918_ext_0-200_int_190_off_0_percentage_0_position_0-0 genomicbackground,248,8,248_8
query_249,0,genomicbackground,0,genomicbackground,0.03413047268986702,249_8_RF00050_8_NC_000913.3_3184369-3184918_ext_0-200_int_190_off_5_percentage_0_position_0-0 genomicbackground,249,8,249_8
query_250,0,genomicbackground,0,genomicbackground,0.02101985551416874,250_8_RF00050_8_NC_000913.3_3184369-3184918_ext_0-200_int_190_off_10_percentage_0_position_0-0 genomicbackground,250,8,250_8
query_251,0,genomicbackground,0,genomicbackground,0.03467313200235367,251_8_RF00050_8_NC_000913.3_3184369-3184918_ext_0-200_int_195_off_0_percentage_0_position_0-0 genomicbackground,251,8,251_8
query_252,0,genomicbackground,0,genomicbackground,0.01765534095466137,252_8_RF00050_8_NC_000913.3_3184369-3184918_ext_0-200_int_195_off_5_percentage_0_position_0-0 genomicbackground,252,8,252_8
query_253,0,genomicbackground,0,genomicbackground,0.017209051176905632,253_8_RF00050_8_NC_000913.3_3184369-3184918_ext_0-200_int_200_off_0_percentage_0_position_0-0 genomicbackground,253,8,253_8
query_254,0,genomicbackground,0,genomicbackground,0.005492794793099165,254_8_RF00050_8_NC_000913.3_3184369-3184918_ext_20-220_int_95_off_0_percentage_0_position_0-0 genomicbackground,254,8,254_8
query_255,0,genomicbackground,0,genomicbackground,0.00634347228333354,255_8_RF00050_8_NC_000913.3_3184369-3184918_ext_20-220_int_95_off_5_percentage_0_position_0-0 genomicbackground,255,8,255_8
query_256,0,genomicbackground,0,genomicbackground,0.001080006593838334,256_8_RF00050_8_NC_000913.3_3184369-3184918_ext_20-220_int_95_off_10_percentage_0_position_0-0 genomicbackground,256,8,256_8
query_257,0,genomicbackground,0,genomicbackground,0.0011920839315280318,257_8_RF00050_8_NC_000913.3_3184369-3184918_ext_20-220_int_95_off_15_percentage_0_position_0-0 genomicbackground,257,8,257_8
query_258,0,genomicbackground,1,riboswitch,0.9144800901412964,258_8_RF00050_8_NC_000913.3_3184369-3184918_ext_20-220_int_95_off_20_percentage_0_position_0-0 genomicbackground,258,8,258_8
query_259,0,genomicbackground,0,genomicbackground,0.23290032148361206,259_8_RF00050_8_NC_000913.3_3184369-3184918_ext_20-220_int_95_off_25_percentage_0_position_0-0 genomicbackground,259,8,259_8
query_260,0,genomicbackground,0,genomicbackground,0.014436519704759121,260_8_RF00050_8_NC_000913.3_3184369-3184918_ext_20-220_int_95_off_30_percentage_0_position_0-0 genomicbackground,260,8,260_8
query_261,0,genomicbackground,0,genomicbackground,0.037934429943561554,261_8_RF00050_8_NC_000913.3_3184369-3184918_ext_20-220_int_95_off_35_percentage_0_position_0-0 genomicbackground,261,8,261_8
query_262,0,genomicbackground,0,genomicbackground,0.027684710919857025,262_8_RF00050_8_NC_000913.3_3184369-3184918_ext_20-220_int_95_off_40_percentage_0_position_0-0 genomicbackground,262,8,262_8
query_263,0,genomicbackground,1,riboswitch,0.9985803365707397,263_8_RF00050_8_NC_000913.3_3184369-3184918_ext_20-220_int_95_off_45_percentage_0_position_0-0 genomicbackground,263,8,263_8
query_264,0,genomicbackground,1,riboswitch,0.6866578459739685,264_8_RF00050_8_NC_000913.3_3184369-3184918_ext_20-220_int_95_off_50_percentage_0_position_0-0 genomicbackground,264,8,264_8
query_265,0,genomicbackground,1,riboswitch,0.9530224800109863,265_8_RF00050_8_NC_000913.3_3184369-3184918_ext_20-220_int_95_off_55_percentage_0_position_0-0 genomicbackground,265,8,265_8
query_266,0,genomicbackground,1,riboswitch,0.9870513677597046,266_8_RF00050_8_NC_000913.3_3184369-3184918_ext_20-220_int_95_off_60_percentage_0_position_0-0 genomicbackground,266,8,266_8
query_267,0,genomicbackground,1,riboswitch,0.87490314245224,267_8_RF00050_8_NC_000913.3_3184369-3184918_ext_20-220_int_95_off_65_percentage_0_position_0-0 genomicbackground,267,8,267_8
query_268,0,genomicbackground,0,genomicbackground,0.03738230839371681,268_8_RF00050_8_NC_000913.3_3184369-3184918_ext_20-220_int_95_off_70_percentage_0_position_0-0 genomicbackground,268,8,268_8
query_269,0,genomicbackground,0,genomicbackground,0.050917305052280426,269_8_RF00050_8_NC_000913.3_3184369-3184918_ext_20-220_int_95_off_75_percentage_0_position_0-0 genomicbackground,269,8,269_8
query_270,0,genomicbackground,0,genomicbackground,0.019571296870708466,270_8_RF00050_8_NC_000913.3_3184369-3184918_ext_20-220_int_95_off_80_percentage_0_position_0-0 genomicbackground,270,8,270_8
query_271,0,genomicbackground,0,genomicbackground,0.38637128472328186,271_8_RF00050_8_NC_000913.3_3184369-3184918_ext_20-220_int_95_off_85_percentage_0_position_0-0 genomicbackground,271,8,271_8
query_272,0,genomicbackground,0,genomicbackground,0.1504891812801361,272_8_RF00050_8_NC_000913.3_3184369-3184918_ext_20-220_int_95_off_90_percentage_3_position_91-95 genomicbackground,272,8,272_8
query_273,0,genomicbackground,0,genomicbackground,0.01625382900238037,273_8_RF00050_8_NC_000913.3_3184369-3184918_ext_20-220_int_95_off_95_percentage_7_position_86-95 genomicbackground,273,8,273_8
query_274,0,genomicbackground,0,genomicbackground,0.06793548166751862,274_8_RF00050_8_NC_000913.3_3184369-3184918_ext_20-220_int_95_off_100_percentage_10_position_81-95 genomicbackground,274,8,274_8
query_275,0,genomicbackground,0,genomicbackground,0.10208526253700256,275_8_RF00050_8_NC_000913.3_3184369-3184918_ext_20-220_int_95_off_105_percentage_13_position_76-95 genomicbackground,275,8,275_8
query_276,0,genomicbackground,0,genomicbackground,0.005231850314885378,276_8_RF00050_8_NC_000913.3_3184369-3184918_ext_20-220_int_100_off_0_percentage_0_position_0-0 genomicbackground,276,8,276_8
query_277,0,genomicbackground,0,genomicbackground,0.015078985132277012,277_8_RF00050_8_NC_000913.3_3184369-3184918_ext_20-220_int_100_off_5_percentage_0_position_0-0 genomicbackground,277,8,277_8
query_278,0,genomicbackground,0,genomicbackground,0.001136271981522441,278_8_RF00050_8_NC_000913.3_3184369-3184918_ext_20-220_int_100_off_10_percentage_0_position_0-0 genomicbackground,278,8,278_8
query_279,0,genomicbackground,0,genomicbackground,0.02510914020240307,279_8_RF00050_8_NC_000913.3_3184369-3184918_ext_20-220_int_100_off_15_percentage_0_position_0-0 genomicbackground,279,8,279_8
query_280,0,genomicbackground,0,genomicbackground,0.3095451295375824,280_8_RF00050_8_NC_000913.3_3184369-3184918_ext_20-220_int_100_off_20_percentage_0_position_0-0 genomicbackground,280,8,280_8
query_281,0,genomicbackground,0,genomicbackground,0.20534487068653107,281_8_RF00050_8_NC_000913.3_3184369-3184918_ext_20-220_int_100_off_25_percentage_0_position_0-0 genomicbackground,281,8,281_8
query_282,0,genomicbackground,0,genomicbackground,0.012513650581240654,282_8_RF00050_8_NC_000913.3_3184369-3184918_ext_20-220_int_100_off_30_percentage_0_position_0-0 genomicbackground,282,8,282_8
query_283,0,genomicbackground,0,genomicbackground,0.01409345306456089,283_8_RF00050_8_NC_000913.3_3184369-3184918_ext_20-220_int_100_off_35_percentage_0_position_0-0 genomicbackground,283,8,283_8
query_284,0,genomicbackground,1,riboswitch,0.9936001300811768,284_8_RF00050_8_NC_000913.3_3184369-3184918_ext_20-220_int_100_off_40_percentage_0_position_0-0 genomicbackground,284,8,284_8
query_285,0,genomicbackground,1,riboswitch,0.9179836511611938,285_8_RF00050_8_NC_000913.3_3184369-3184918_ext_20-220_int_100_off_45_percentage_0_position_0-0 genomicbackground,285,8,285_8
query_286,0,genomicbackground,1,riboswitch,0.6608362197875977,286_8_RF00050_8_NC_000913.3_3184369-3184918_ext_20-220_int_100_off_50_percentage_0_position_0-0 genomicbackground,286,8,286_8
query_287,0,genomicbackground,1,riboswitch,0.9337599277496338,287_8_RF00050_8_NC_000913.3_3184369-3184918_ext_20-220_int_100_off_55_percentage_0_position_0-0 genomicbackground,287,8,287_8
query_288,0,genomicbackground,1,riboswitch,0.9894834160804749,288_8_RF00050_8_NC_000913.3_3184369-3184918_ext_20-220_int_100_off_60_percentage_0_position_0-0 genomicbackground,288,8,288_8
query_289,0,genomicbackground,1,riboswitch,0.5690830945968628,289_8_RF00050_8_NC_000913.3_3184369-3184918_ext_20-220_int_100_off_65_percentage_0_position_0-0 genomicbackground,289,8,289_8
query_290,0,genomicbackground,1,riboswitch,0.5451875925064087,290_8_RF00050_8_NC_000913.3_3184369-3184918_ext_20-220_int_100_off_70_percentage_0_position_0-0 genomicbackground,290,8,290_8
query_291,0,genomicbackground,0,genomicbackground,0.03850880637764931,291_8_RF00050_8_NC_000913.3_3184369-3184918_ext_20-220_int_100_off_75_percentage_0_position_0-0 genomicbackground,291,8,291_8
query_292,0,genomicbackground,0,genomicbackground,0.017336267977952957,292_8_RF00050_8_NC_000913.3_3184369-3184918_ext_20-220_int_100_off_80_percentage_0_position_0-0 genomicbackground,292,8,292_8
query_293,0,genomicbackground,0,genomicbackground,0.2142592966556549,293_8_RF00050_8_NC_000913.3_3184369-3184918_ext_20-220_int_100_off_85_percentage_3_position_96-100 genomicbackground,293,8,293_8
query_294,0,genomicbackground,0,genomicbackground,0.09110216796398163,294_8_RF00050_8_NC_000913.3_3184369-3184918_ext_20-220_int_100_off_90_percentage_7_position_91-100 genomicbackground,294,8,294_8
query_295,0,genomicbackground,0,genomicbackground,0.2106809765100479,295_8_RF00050_8_NC_000913.3_3184369-3184918_ext_20-220_int_100_off_95_percentage_10_position_86-100 genomicbackground,295,8,295_8
query_296,0,genomicbackground,0,genomicbackground,0.029837924987077713,296_8_RF00050_8_NC_000913.3_3184369-3184918_ext_20-220_int_100_off_100_percentage_13_position_81-100 genomicbackground,296,8,296_8
query_297,0,genomicbackground,0,genomicbackground,0.0006451628287322819,297_8_RF00050_8_NC_000913.3_3184369-3184918_ext_20-220_int_105_off_0_percentage_0_position_0-0 genomicbackground,297,8,297_8
query_298,0,genomicbackground,0,genomicbackground,0.01522336807101965,298_8_RF00050_8_NC_000913.3_3184369-3184918_ext_20-220_int_105_off_5_percentage_0_position_0-0 genomicbackground,298,8,298_8
query_299,0,genomicbackground,0,genomicbackground,0.019834065809845924,299_8_RF00050_8_NC_000913.3_3184369-3184918_ext_20-220_int_105_off_10_percentage_0_position_0-0 genomicbackground,299,8,299_8
query_300,0,genomicbackground,0,genomicbackground,0.02954322285950184,300_8_RF00050_8_NC_000913.3_3184369-3184918_ext_20-220_int_105_off_15_percentage_0_position_0-0 genomicbackground,300,8,300_8
query_301,0,genomicbackground,1,riboswitch,0.5458545088768005,301_8_RF00050_8_NC_000913.3_3184369-3184918_ext_20-220_int_105_off_20_percentage_0_position_0-0 genomicbackground,301,8,301_8
query_302,0,genomicbackground,0,genomicbackground,0.014588636346161366,302_8_RF00050_8_NC_000913.3_3184369-3184918_ext_20-220_int_105_off_25_percentage_0_position_0-0 genomicbackground,302,8,302_8
query_303,0,genomicbackground,0,genomicbackground,0.007849171757698059,303_8_RF00050_8_NC_000913.3_3184369-3184918_ext_20-220_int_105_off_30_percentage_0_position_0-0 genomicbackground,303,8,303_8
query_304,0,genomicbackground,0,genomicbackground,0.06754103302955627,304_8_RF00050_8_NC_000913.3_3184369-3184918_ext_20-220_int_105_off_35_percentage_0_position_0-0 genomicbackground,304,8,304_8
query_305,0,genomicbackground,1,riboswitch,0.6925694346427917,305_8_RF00050_8_NC_000913.3_3184369-3184918_ext_20-220_int_105_off_40_percentage_0_position_0-0 genomicbackground,305,8,305_8
query_306,0,genomicbackground,1,riboswitch,0.9446028470993042,306_8_RF00050_8_NC_000913.3_3184369-3184918_ext_20-220_int_105_off_45_percentage_0_position_0-0 genomicbackground,306,8,306_8
query_307,0,genomicbackground,1,riboswitch,0.6332026720046997,307_8_RF00050_8_NC_000913.3_3184369-3184918_ext_20-220_int_105_off_50_percentage_0_position_0-0 genomicbackground,307,8,307_8
query_308,0,genomicbackground,1,riboswitch,0.9267489314079285,308_8_RF00050_8_NC_000913.3_3184369-3184918_ext_20-220_int_105_off_55_percentage_0_position_0-0 genomicbackground,308,8,308_8
query_309,0,genomicbackground,1,riboswitch,0.9716306328773499,309_8_RF00050_8_NC_000913.3_3184369-3184918_ext_20-220_int_105_off_60_percentage_0_position_0-0 genomicbackground,309,8,309_8
query_310,0,genomicbackground,1,riboswitch,0.983180582523346,310_8_RF00050_8_NC_000913.3_3184369-3184918_ext_20-220_int_105_off_65_percentage_0_position_0-0 genomicbackground,310,8,310_8
query_311,0,genomicbackground,0,genomicbackground,0.21927547454833984,311_8_RF00050_8_NC_000913.3_3184369-3184918_ext_20-220_int_105_off_70_percentage_0_position_0-0 genomicbackground,311,8,311_8
query_312,0,genomicbackground,0,genomicbackground,0.020349403843283653,312_8_RF00050_8_NC_000913.3_3184369-3184918_ext_20-220_int_105_off_75_percentage_0_position_0-0 genomicbackground,312,8,312_8
query_313,0,genomicbackground,0,genomicbackground,0.028580576181411743,313_8_RF00050_8_NC_000913.3_3184369-3184918_ext_20-220_int_105_off_80_percentage_3_position_101-105 genomicbackground,313,8,313_8
query_314,0,genomicbackground,0,genomicbackground,0.1745261549949646,314_8_RF00050_8_NC_000913.3_3184369-3184918_ext_20-220_int_105_off_85_percentage_7_position_96-105 genomicbackground,314,8,314_8
query_315,0,genomicbackground,0,genomicbackground,0.06574635952711105,315_8_RF00050_8_NC_000913.3_3184369-3184918_ext_20-220_int_105_off_90_percentage_10_position_91-105 genomicbackground,315,8,315_8
query_316,0,genomicbackground,0,genomicbackground,0.06887508183717728,316_8_RF00050_8_NC_000913.3_3184369-3184918_ext_20-220_int_105_off_95_percentage_13_position_86-105 genomicbackground,316,8,316_8
query_317,0,genomicbackground,0,genomicbackground,0.0005950797931291163,317_8_RF00050_8_NC_000913.3_3184369-3184918_ext_20-220_int_110_off_0_percentage_0_position_0-0 genomicbackground,317,8,317_8
query_318,0,genomicbackground,0,genomicbackground,0.02607640251517296,318_8_RF00050_8_NC_000913.3_3184369-3184918_ext_20-220_int_110_off_5_percentage_0_position_0-0 genomicbackground,318,8,318_8
query_319,0,genomicbackground,0,genomicbackground,0.07753218710422516,319_8_RF00050_8_NC_000913.3_3184369-3184918_ext_20-220_int_110_off_10_percentage_0_position_0-0 genomicbackground,319,8,319_8
query_320,0,genomicbackground,0,genomicbackground,0.010525091551244259,320_8_RF00050_8_NC_000913.3_3184369-3184918_ext_20-220_int_110_off_15_percentage_0_position_0-0 genomicbackground,320,8,320_8
query_321,0,genomicbackground,0,genomicbackground,0.2134248912334442,321_8_RF00050_8_NC_000913.3_3184369-3184918_ext_20-220_int_110_off_20_percentage_0_position_0-0 genomicbackground,321,8,321_8
query_322,0,genomicbackground,0,genomicbackground,0.010638474486768246,322_8_RF00050_8_NC_000913.3_3184369-3184918_ext_20-220_int_110_off_25_percentage_0_position_0-0 genomicbackground,322,8,322_8
query_323,0,genomicbackground,0,genomicbackground,0.00857917033135891,323_8_RF00050_8_NC_000913.3_3184369-3184918_ext_20-220_int_110_off_30_percentage_0_position_0-0 genomicbackground,323,8,323_8
query_324,0,genomicbackground,0,genomicbackground,0.18456625938415527,324_8_RF00050_8_NC_000913.3_3184369-3184918_ext_20-220_int_110_off_35_percentage_0_position_0-0 genomicbackground,324,8,324_8
query_325,0,genomicbackground,1,riboswitch,0.8748120665550232,325_8_RF00050_8_NC_000913.3_3184369-3184918_ext_20-220_int_110_off_40_percentage_0_position_0-0 genomicbackground,325,8,325_8
query_326,0,genomicbackground,1,riboswitch,0.931586742401123,326_8_RF00050_8_NC_000913.3_3184369-3184918_ext_20-220_int_110_off_45_percentage_0_position_0-0 genomicbackground,326,8,326_8
query_327,0,genomicbackground,1,riboswitch,0.5838648676872253,327_8_RF00050_8_NC_000913.3_3184369-3184918_ext_20-220_int_110_off_50_percentage_0_position_0-0 genomicbackground,327,8,327_8
query_328,0,genomicbackground,0,genomicbackground,0.3560177981853485,328_8_RF00050_8_NC_000913.3_3184369-3184918_ext_20-220_int_110_off_55_percentage_0_position_0-0 genomicbackground,328,8,328_8
query_329,0,genomicbackground,1,riboswitch,0.9480254650115967,329_8_RF00050_8_NC_000913.3_3184369-3184918_ext_20-220_int_110_off_60_percentage_0_position_0-0 genomicbackground,329,8,329_8
query_330,0,genomicbackground,1,riboswitch,0.9286287426948547,330_8_RF00050_8_NC_000913.3_3184369-3184918_ext_20-220_int_110_off_65_percentage_0_position_0-0 genomicbackground,330,8,330_8
query_331,0,genomicbackground,1,riboswitch,0.6784200072288513,331_8_RF00050_8_NC_000913.3_3184369-3184918_ext_20-220_int_110_off_70_percentage_0_position_0-0 genomicbackground,331,8,331_8
query_332,0,genomicbackground,0,genomicbackground,0.06627212464809418,332_8_RF00050_8_NC_000913.3_3184369-3184918_ext_20-220_int_110_off_75_percentage_3_position_106-110 genomicbackground,332,8,332_8
query_333,0,genomicbackground,0,genomicbackground,0.04278603196144104,333_8_RF00050_8_NC_000913.3_3184369-3184918_ext_20-220_int_110_off_80_percentage_7_position_101-110 genomicbackground,333,8,333_8
query_334,0,genomicbackground,0,genomicbackground,0.01907108724117279,334_8_RF00050_8_NC_000913.3_3184369-3184918_ext_20-220_int_110_off_85_percentage_10_position_96-110 genomicbackground,334,8,334_8
query_335,0,genomicbackground,0,genomicbackground,0.011034278199076653,335_8_RF00050_8_NC_000913.3_3184369-3184918_ext_20-220_int_110_off_90_percentage_13_position_91-110 genomicbackground,335,8,335_8
query_336,0,genomicbackground,0,genomicbackground,0.0009604879887774587,336_8_RF00050_8_NC_000913.3_3184369-3184918_ext_20-220_int_115_off_0_percentage_0_position_0-0 genomicbackground,336,8,336_8
query_337,0,genomicbackground,0,genomicbackground,0.02980693057179451,337_8_RF00050_8_NC_000913.3_3184369-3184918_ext_20-220_int_115_off_5_percentage_0_position_0-0 genomicbackground,337,8,337_8
query_338,0,genomicbackground,0,genomicbackground,0.0772944986820221,338_8_RF00050_8_NC_000913.3_3184369-3184918_ext_20-220_int_115_off_10_percentage_0_position_0-0 genomicbackground,338,8,338_8
query_339,0,genomicbackground,1,riboswitch,0.7724364995956421,339_8_RF00050_8_NC_000913.3_3184369-3184918_ext_20-220_int_115_off_15_percentage_0_position_0-0 genomicbackground,339,8,339_8
query_340,0,genomicbackground,0,genomicbackground,0.040655411779880524,340_8_RF00050_8_NC_000913.3_3184369-3184918_ext_20-220_int_115_off_20_percentage_0_position_0-0 genomicbackground,340,8,340_8
query_341,0,genomicbackground,0,genomicbackground,0.038329117000103,341_8_RF00050_8_NC_000913.3_3184369-3184918_ext_20-220_int_115_off_25_percentage_0_position_0-0 genomicbackground,341,8,341_8
query_342,0,genomicbackground,0,genomicbackground,0.07859282195568085,342_8_RF00050_8_NC_000913.3_3184369-3184918_ext_20-220_int_115_off_30_percentage_0_position_0-0 genomicbackground,342,8,342_8
query_343,0,genomicbackground,1,riboswitch,0.675842821598053,343_8_RF00050_8_NC_000913.3_3184369-3184918_ext_20-220_int_115_off_35_percentage_0_position_0-0 genomicbackground,343,8,343_8
query_344,0,genomicbackground,1,riboswitch,0.7617442011833191,344_8_RF00050_8_NC_000913.3_3184369-3184918_ext_20-220_int_115_off_40_percentage_0_position_0-0 genomicbackground,344,8,344_8
query_345,0,genomicbackground,1,riboswitch,0.9208360910415649,345_8_RF00050_8_NC_000913.3_3184369-3184918_ext_20-220_int_115_off_45_percentage_0_position_0-0 genomicbackground,345,8,345_8
query_346,0,genomicbackground,0,genomicbackground,0.08363380283117294,346_8_RF00050_8_NC_000913.3_3184369-3184918_ext_20-220_int_115_off_50_percentage_0_position_0-0 genomicbackground,346,8,346_8
query_347,0,genomicbackground,0,genomicbackground,0.25492364168167114,347_8_RF00050_8_NC_000913.3_3184369-3184918_ext_20-220_int_115_off_55_percentage_0_position_0-0 genomicbackground,347,8,347_8
query_348,0,genomicbackground,1,riboswitch,0.9011943340301514,348_8_RF00050_8_NC_000913.3_3184369-3184918_ext_20-220_int_115_off_60_percentage_0_position_0-0 genomicbackground,348,8,348_8
query_349,0,genomicbackground,1,riboswitch,0.873839795589447,349_8_RF00050_8_NC_000913.3_3184369-3184918_ext_20-220_int_115_off_65_percentage_0_position_0-0 genomicbackground,349,8,349_8
query_350,0,genomicbackground,0,genomicbackground,0.3064109683036804,350_8_RF00050_8_NC_000913.3_3184369-3184918_ext_20-220_int_115_off_70_percentage_3_position_111-115 genomicbackground,350,8,350_8
query_351,0,genomicbackground,0,genomicbackground,0.07157287001609802,351_8_RF00050_8_NC_000913.3_3184369-3184918_ext_20-220_int_115_off_75_percentage_7_position_106-115 genomicbackground,351,8,351_8
query_352,0,genomicbackground,0,genomicbackground,0.010286706499755383,352_8_RF00050_8_NC_000913.3_3184369-3184918_ext_20-220_int_115_off_80_percentage_10_position_101-115 genomicbackground,352,8,352_8
query_353,0,genomicbackground,0,genomicbackground,0.06606892496347427,353_8_RF00050_8_NC_000913.3_3184369-3184918_ext_20-220_int_115_off_85_percentage_13_position_96-115 genomicbackground,353,8,353_8
query_354,0,genomicbackground,0,genomicbackground,0.0011674932902678847,354_8_RF00050_8_NC_000913.3_3184369-3184918_ext_20-220_int_120_off_0_percentage_0_position_0-0 genomicbackground,354,8,354_8
query_355,0,genomicbackground,0,genomicbackground,0.027862902730703354,355_8_RF00050_8_NC_000913.3_3184369-3184918_ext_20-220_int_120_off_5_percentage_0_position_0-0 genomicbackground,355,8,355_8
query_356,0,genomicbackground,0,genomicbackground,0.2992226779460907,356_8_RF00050_8_NC_000913.3_3184369-3184918_ext_20-220_int_120_off_10_percentage_0_position_0-0 genomicbackground,356,8,356_8
query_357,0,genomicbackground,0,genomicbackground,0.1413622796535492,357_8_RF00050_8_NC_000913.3_3184369-3184918_ext_20-220_int_120_off_15_percentage_0_position_0-0 genomicbackground,357,8,357_8
query_358,0,genomicbackground,0,genomicbackground,0.04523741826415062,358_8_RF00050_8_NC_000913.3_3184369-3184918_ext_20-220_int_120_off_20_percentage_0_position_0-0 genomicbackground,358,8,358_8
query_359,0,genomicbackground,0,genomicbackground,0.026763804256916046,359_8_RF00050_8_NC_000913.3_3184369-3184918_ext_20-220_int_120_off_25_percentage_0_position_0-0 genomicbackground,359,8,359_8
query_360,0,genomicbackground,0,genomicbackground,0.06373035907745361,360_8_RF00050_8_NC_000913.3_3184369-3184918_ext_20-220_int_120_off_30_percentage_0_position_0-0 genomicbackground,360,8,360_8
query_361,0,genomicbackground,0,genomicbackground,0.33269932866096497,361_8_RF00050_8_NC_000913.3_3184369-3184918_ext_20-220_int_120_off_35_percentage_0_position_0-0 genomicbackground,361,8,361_8
query_362,0,genomicbackground,1,riboswitch,0.700498104095459,362_8_RF00050_8_NC_000913.3_3184369-3184918_ext_20-220_int_120_off_40_percentage_0_position_0-0 genomicbackground,362,8,362_8
query_363,0,genomicbackground,0,genomicbackground,0.4692603647708893,363_8_RF00050_8_NC_000913.3_3184369-3184918_ext_20-220_int_120_off_45_percentage_0_position_0-0 genomicbackground,363,8,363_8
query_364,0,genomicbackground,0,genomicbackground,0.08941186219453812,364_8_RF00050_8_NC_000913.3_3184369-3184918_ext_20-220_int_120_off_50_percentage_0_position_0-0 genomicbackground,364,8,364_8
query_365,0,genomicbackground,1,riboswitch,0.9252088665962219,365_8_RF00050_8_NC_000913.3_3184369-3184918_ext_20-220_int_120_off_55_percentage_0_position_0-0 genomicbackground,365,8,365_8
query_366,0,genomicbackground,1,riboswitch,0.9417727589607239,366_8_RF00050_8_NC_000913.3_3184369-3184918_ext_20-220_int_120_off_60_percentage_0_position_0-0 genomicbackground,366,8,366_8
query_367,0,genomicbackground,1,riboswitch,0.9402640461921692,367_8_RF00050_8_NC_000913.3_3184369-3184918_ext_20-220_int_120_off_65_percentage_3_position_116-120 genomicbackground,367,8,367_8
query_368,0,genomicbackground,0,genomicbackground,0.2800099551677704,368_8_RF00050_8_NC_000913.3_3184369-3184918_ext_20-220_int_120_off_70_percentage_7_position_111-120 genomicbackground,368,8,368_8
query_369,0,genomicbackground,0,genomicbackground,0.015498349443078041,369_8_RF00050_8_NC_000913.3_3184369-3184918_ext_20-220_int_120_off_75_percentage_10_position_106-120 genomicbackground,369,8,369_8
query_370,0,genomicbackground,0,genomicbackground,0.017588572576642036,370_8_RF00050_8_NC_000913.3_3184369-3184918_ext_20-220_int_120_off_80_percentage_13_position_101-120 genomicbackground,370,8,370_8
query_371,0,genomicbackground,0,genomicbackground,0.001135180122219026,371_8_RF00050_8_NC_000913.3_3184369-3184918_ext_20-220_int_125_off_0_percentage_0_position_0-0 genomicbackground,371,8,371_8
query_372,0,genomicbackground,0,genomicbackground,0.02312229387462139,372_8_RF00050_8_NC_000913.3_3184369-3184918_ext_20-220_int_125_off_5_percentage_0_position_0-0 genomicbackground,372,8,372_8
query_373,0,genomicbackground,0,genomicbackground,0.0448545478284359,373_8_RF00050_8_NC_000913.3_3184369-3184918_ext_20-220_int_125_off_10_percentage_0_position_0-0 genomicbackground,373,8,373_8
query_374,0,genomicbackground,0,genomicbackground,0.15914876759052277,374_8_RF00050_8_NC_000913.3_3184369-3184918_ext_20-220_int_125_off_15_percentage_0_position_0-0 genomicbackground,374,8,374_8
query_375,0,genomicbackground,0,genomicbackground,0.03579229861497879,375_8_RF00050_8_NC_000913.3_3184369-3184918_ext_20-220_int_125_off_20_percentage_0_position_0-0 genomicbackground,375,8,375_8
query_376,0,genomicbackground,0,genomicbackground,0.04284844547510147,376_8_RF00050_8_NC_000913.3_3184369-3184918_ext_20-220_int_125_off_25_percentage_0_position_0-0 genomicbackground,376,8,376_8
query_377,0,genomicbackground,0,genomicbackground,0.008600149303674698,377_8_RF00050_8_NC_000913.3_3184369-3184918_ext_20-220_int_125_off_30_percentage_0_position_0-0 genomicbackground,377,8,377_8
query_378,0,genomicbackground,0,genomicbackground,0.21060438454151154,378_8_RF00050_8_NC_000913.3_3184369-3184918_ext_20-220_int_125_off_35_percentage_0_position_0-0 genomicbackground,378,8,378_8
query_379,0,genomicbackground,0,genomicbackground,0.13766071200370789,379_8_RF00050_8_NC_000913.3_3184369-3184918_ext_20-220_int_125_off_40_percentage_0_position_0-0 genomicbackground,379,8,379_8
query_380,0,genomicbackground,0,genomicbackground,0.28051072359085083,380_8_RF00050_8_NC_000913.3_3184369-3184918_ext_20-220_int_125_off_45_percentage_0_position_0-0 genomicbackground,380,8,380_8
query_381,0,genomicbackground,0,genomicbackground,0.21132425963878632,381_8_RF00050_8_NC_000913.3_3184369-3184918_ext_20-220_int_125_off_50_percentage_0_position_0-0 genomicbackground,381,8,381_8
query_382,0,genomicbackground,1,riboswitch,0.9282701015472412,382_8_RF00050_8_NC_000913.3_3184369-3184918_ext_20-220_int_125_off_55_percentage_0_position_0-0 genomicbackground,382,8,382_8
query_383,0,genomicbackground,1,riboswitch,0.9552161693572998,383_8_RF00050_8_NC_000913.3_3184369-3184918_ext_20-220_int_125_off_60_percentage_3_position_121-125 genomicbackground,383,8,383_8
query_384,0,genomicbackground,1,riboswitch,0.891403317451477,384_8_RF00050_8_NC_000913.3_3184369-3184918_ext_20-220_int_125_off_65_percentage_7_position_116-125 genomicbackground,384,8,384_8
query_385,0,genomicbackground,0,genomicbackground,0.033838652074337006,385_8_RF00050_8_NC_000913.3_3184369-3184918_ext_20-220_int_125_off_70_percentage_10_position_111-125 genomicbackground,385,8,385_8
query_386,0,genomicbackground,0,genomicbackground,0.02222747728228569,386_8_RF00050_8_NC_000913.3_3184369-3184918_ext_20-220_int_125_off_75_percentage_13_position_106-125 genomicbackground,386,8,386_8
query_387,0,genomicbackground,0,genomicbackground,0.0009196858154609799,387_8_RF00050_8_NC_000913.3_3184369-3184918_ext_20-220_int_130_off_0_percentage_0_position_0-0 genomicbackground,387,8,387_8
query_388,0,genomicbackground,0,genomicbackground,0.03852877765893936,388_8_RF00050_8_NC_000913.3_3184369-3184918_ext_20-220_int_130_off_5_percentage_0_position_0-0 genomicbackground,388,8,388_8
query_389,0,genomicbackground,0,genomicbackground,0.06462463736534119,389_8_RF00050_8_NC_000913.3_3184369-3184918_ext_20-220_int_130_off_10_percentage_0_position_0-0 genomicbackground,389,8,389_8
query_390,0,genomicbackground,0,genomicbackground,0.018602121621370316,390_8_RF00050_8_NC_000913.3_3184369-3184918_ext_20-220_int_130_off_15_percentage_0_position_0-0 genomicbackground,390,8,390_8
query_391,0,genomicbackground,0,genomicbackground,0.019855352118611336,391_8_RF00050_8_NC_000913.3_3184369-3184918_ext_20-220_int_130_off_20_percentage_0_position_0-0 genomicbackground,391,8,391_8
query_392,0,genomicbackground,0,genomicbackground,0.03065384179353714,392_8_RF00050_8_NC_000913.3_3184369-3184918_ext_20-220_int_130_off_25_percentage_0_position_0-0 genomicbackground,392,8,392_8
query_393,0,genomicbackground,0,genomicbackground,0.012348851189017296,393_8_RF00050_8_NC_000913.3_3184369-3184918_ext_20-220_int_130_off_30_percentage_0_position_0-0 genomicbackground,393,8,393_8
query_394,0,genomicbackground,0,genomicbackground,0.03672495111823082,394_8_RF00050_8_NC_000913.3_3184369-3184918_ext_20-220_int_130_off_35_percentage_0_position_0-0 genomicbackground,394,8,394_8
query_395,0,genomicbackground,0,genomicbackground,0.09296560287475586,395_8_RF00050_8_NC_000913.3_3184369-3184918_ext_20-220_int_130_off_40_percentage_0_position_0-0 genomicbackground,395,8,395_8
query_396,0,genomicbackground,0,genomicbackground,0.3497470021247864,396_8_RF00050_8_NC_000913.3_3184369-3184918_ext_20-220_int_130_off_45_percentage_0_position_0-0 genomicbackground,396,8,396_8
query_397,0,genomicbackground,0,genomicbackground,0.11647581309080124,397_8_RF00050_8_NC_000913.3_3184369-3184918_ext_20-220_int_130_off_50_percentage_0_position_0-0 genomicbackground,397,8,397_8
query_398,0,genomicbackground,0,genomicbackground,0.4749932289123535,398_8_RF00050_8_NC_000913.3_3184369-3184918_ext_20-220_int_130_off_55_percentage_3_position_126-130 genomicbackground,398,8,398_8
query_399,0,genomicbackground,1,riboswitch,0.869833767414093,399_8_RF00050_8_NC_000913.3_3184369-3184918_ext_20-220_int_130_off_60_percentage_7_position_121-130 genomicbackground,399,8,399_8
query_400,0,genomicbackground,1,riboswitch,0.688800573348999,400_8_RF00050_8_NC_000913.3_3184369-3184918_ext_20-220_int_130_off_65_percentage_10_position_116-130 genomicbackground,400,8,400_8
query_401,0,genomicbackground,1,riboswitch,0.7451506853103638,401_8_RF00050_8_NC_000913.3_3184369-3184918_ext_20-220_int_130_off_70_percentage_13_position_111-130 genomicbackground,401,8,401_8
query_402,0,genomicbackground,0,genomicbackground,0.04483284428715706,402_8_RF00050_8_NC_000913.3_3184369-3184918_ext_20-220_int_135_off_0_percentage_0_position_0-0 genomicbackground,402,8,402_8
query_403,0,genomicbackground,0,genomicbackground,0.052066024392843246,403_8_RF00050_8_NC_000913.3_3184369-3184918_ext_20-220_int_135_off_5_percentage_0_position_0-0 genomicbackground,403,8,403_8
query_404,0,genomicbackground,0,genomicbackground,0.04776080697774887,404_8_RF00050_8_NC_000913.3_3184369-3184918_ext_20-220_int_135_off_10_percentage_0_position_0-0 genomicbackground,404,8,404_8
query_405,0,genomicbackground,0,genomicbackground,0.2810208201408386,405_8_RF00050_8_NC_000913.3_3184369-3184918_ext_20-220_int_135_off_15_percentage_0_position_0-0 genomicbackground,405,8,405_8
query_406,0,genomicbackground,0,genomicbackground,0.005420614965260029,406_8_RF00050_8_NC_000913.3_3184369-3184918_ext_20-220_int_135_off_20_percentage_0_position_0-0 genomicbackground,406,8,406_8
query_407,0,genomicbackground,0,genomicbackground,0.026338286697864532,407_8_RF00050_8_NC_000913.3_3184369-3184918_ext_20-220_int_135_off_25_percentage_0_position_0-0 genomicbackground,407,8,407_8
query_408,0,genomicbackground,0,genomicbackground,0.008610711432993412,408_8_RF00050_8_NC_000913.3_3184369-3184918_ext_20-220_int_135_off_30_percentage_0_position_0-0 genomicbackground,408,8,408_8
query_409,0,genomicbackground,0,genomicbackground,0.009217132814228535,409_8_RF00050_8_NC_000913.3_3184369-3184918_ext_20-220_int_135_off_35_percentage_0_position_0-0 genomicbackground,409,8,409_8
query_410,0,genomicbackground,0,genomicbackground,0.11273515224456787,410_8_RF00050_8_NC_000913.3_3184369-3184918_ext_20-220_int_135_off_40_percentage_0_position_0-0 genomicbackground,410,8,410_8
query_411,0,genomicbackground,0,genomicbackground,0.41199246048927307,411_8_RF00050_8_NC_000913.3_3184369-3184918_ext_20-220_int_135_off_45_percentage_0_position_0-0 genomicbackground,411,8,411_8
query_412,0,genomicbackground,0,genomicbackground,0.17032046616077423,412_8_RF00050_8_NC_000913.3_3184369-3184918_ext_20-220_int_135_off_50_percentage_3_position_131-135 genomicbackground,412,8,412_8
query_413,0,genomicbackground,0,genomicbackground,0.2098231464624405,413_8_RF00050_8_NC_000913.3_3184369-3184918_ext_20-220_int_135_off_55_percentage_7_position_126-135 genomicbackground,413,8,413_8
query_414,0,genomicbackground,1,riboswitch,0.832389771938324,414_8_RF00050_8_NC_000913.3_3184369-3184918_ext_20-220_int_135_off_60_percentage_10_position_121-135 genomicbackground,414,8,414_8
query_415,0,genomicbackground,0,genomicbackground,0.08487320691347122,415_8_RF00050_8_NC_000913.3_3184369-3184918_ext_20-220_int_135_off_65_percentage_13_position_116-135 genomicbackground,415,8,415_8
query_416,0,genomicbackground,0,genomicbackground,0.08538318425416946,416_8_RF00050_8_NC_000913.3_3184369-3184918_ext_20-220_int_140_off_0_percentage_0_position_0-0 genomicbackground,416,8,416_8
query_417,0,genomicbackground,0,genomicbackground,0.019981076940894127,417_8_RF00050_8_NC_000913.3_3184369-3184918_ext_20-220_int_140_off_5_percentage_0_position_0-0 genomicbackground,417,8,417_8
query_418,0,genomicbackground,0,genomicbackground,0.10057796537876129,418_8_RF00050_8_NC_000913.3_3184369-3184918_ext_20-220_int_140_off_10_percentage_0_position_0-0 genomicbackground,418,8,418_8
query_419,0,genomicbackground,0,genomicbackground,0.007862485013902187,419_8_RF00050_8_NC_000913.3_3184369-3184918_ext_20-220_int_140_off_15_percentage_0_position_0-0 genomicbackground,419,8,419_8
query_420,0,genomicbackground,0,genomicbackground,0.03179369494318962,420_8_RF00050_8_NC_000913.3_3184369-3184918_ext_20-220_int_140_off_20_percentage_0_position_0-0 genomicbackground,420,8,420_8
query_421,0,genomicbackground,0,genomicbackground,0.017087461426854134,421_8_RF00050_8_NC_000913.3_3184369-3184918_ext_20-220_int_140_off_25_percentage_0_position_0-0 genomicbackground,421,8,421_8
query_422,0,genomicbackground,0,genomicbackground,0.007038428448140621,422_8_RF00050_8_NC_000913.3_3184369-3184918_ext_20-220_int_140_off_30_percentage_0_position_0-0 genomicbackground,422,8,422_8
query_423,0,genomicbackground,0,genomicbackground,0.2023744434118271,423_8_RF00050_8_NC_000913.3_3184369-3184918_ext_20-220_int_140_off_35_percentage_0_position_0-0 genomicbackground,423,8,423_8
query_424,0,genomicbackground,0,genomicbackground,0.09075134247541428,424_8_RF00050_8_NC_000913.3_3184369-3184918_ext_20-220_int_140_off_40_percentage_0_position_0-0 genomicbackground,424,8,424_8
query_425,0,genomicbackground,1,riboswitch,0.6411552429199219,425_8_RF00050_8_NC_000913.3_3184369-3184918_ext_20-220_int_140_off_45_percentage_3_position_136-140 genomicbackground,425,8,425_8
query_426,0,genomicbackground,0,genomicbackground,0.08381646871566772,426_8_RF00050_8_NC_000913.3_3184369-3184918_ext_20-220_int_140_off_50_percentage_7_position_131-140 genomicbackground,426,8,426_8
query_427,0,genomicbackground,1,riboswitch,0.6808076500892639,427_8_RF00050_8_NC_000913.3_3184369-3184918_ext_20-220_int_140_off_55_percentage_10_position_126-140 genomicbackground,427,8,427_8
query_428,0,genomicbackground,0,genomicbackground,0.13348715007305145,428_8_RF00050_8_NC_000913.3_3184369-3184918_ext_20-220_int_140_off_60_percentage_13_position_121-140 genomicbackground,428,8,428_8
query_429,0,genomicbackground,0,genomicbackground,0.03821127861738205,429_8_RF00050_8_NC_000913.3_3184369-3184918_ext_20-220_int_145_off_0_percentage_0_position_0-0 genomicbackground,429,8,429_8
query_430,0,genomicbackground,0,genomicbackground,0.020208878442645073,430_8_RF00050_8_NC_000913.3_3184369-3184918_ext_20-220_int_145_off_5_percentage_0_position_0-0 genomicbackground,430,8,430_8
query_431,0,genomicbackground,0,genomicbackground,0.06933476030826569,431_8_RF00050_8_NC_000913.3_3184369-3184918_ext_20-220_int_145_off_10_percentage_0_position_0-0 genomicbackground,431,8,431_8
query_432,0,genomicbackground,0,genomicbackground,0.05996799096465111,432_8_RF00050_8_NC_000913.3_3184369-3184918_ext_20-220_int_145_off_15_percentage_0_position_0-0 genomicbackground,432,8,432_8
query_433,0,genomicbackground,0,genomicbackground,0.018765518441796303,433_8_RF00050_8_NC_000913.3_3184369-3184918_ext_20-220_int_145_off_20_percentage_0_position_0-0 genomicbackground,433,8,433_8
query_434,0,genomicbackground,0,genomicbackground,0.017818300053477287,434_8_RF00050_8_NC_000913.3_3184369-3184918_ext_20-220_int_145_off_25_percentage_0_position_0-0 genomicbackground,434,8,434_8
query_435,0,genomicbackground,0,genomicbackground,0.06092148646712303,435_8_RF00050_8_NC_000913.3_3184369-3184918_ext_20-220_int_145_off_30_percentage_0_position_0-0 genomicbackground,435,8,435_8
query_436,0,genomicbackground,0,genomicbackground,0.041473034769296646,436_8_RF00050_8_NC_000913.3_3184369-3184918_ext_20-220_int_145_off_35_percentage_0_position_0-0 genomicbackground,436,8,436_8
query_437,0,genomicbackground,0,genomicbackground,0.0736444741487503,437_8_RF00050_8_NC_000913.3_3184369-3184918_ext_20-220_int_145_off_40_percentage_3_position_141-145 genomicbackground,437,8,437_8
query_438,0,genomicbackground,0,genomicbackground,0.2323664426803589,438_8_RF00050_8_NC_000913.3_3184369-3184918_ext_20-220_int_145_off_45_percentage_7_position_136-145 genomicbackground,438,8,438_8
query_439,0,genomicbackground,0,genomicbackground,0.4740285277366638,439_8_RF00050_8_NC_000913.3_3184369-3184918_ext_20-220_int_145_off_50_percentage_10_position_131-145 genomicbackground,439,8,439_8
query_440,0,genomicbackground,1,riboswitch,0.8787468671798706,440_8_RF00050_8_NC_000913.3_3184369-3184918_ext_20-220_int_145_off_55_percentage_13_position_126-145 genomicbackground,440,8,440_8
query_441,0,genomicbackground,0,genomicbackground,0.03681762516498566,441_8_RF00050_8_NC_000913.3_3184369-3184918_ext_20-220_int_150_off_0_percentage_0_position_0-0 genomicbackground,441,8,441_8
query_442,0,genomicbackground,0,genomicbackground,0.019559228792786598,442_8_RF00050_8_NC_000913.3_3184369-3184918_ext_20-220_int_150_off_5_percentage_0_position_0-0 genomicbackground,442,8,442_8
query_443,0,genomicbackground,0,genomicbackground,0.0514376163482666,443_8_RF00050_8_NC_000913.3_3184369-3184918_ext_20-220_int_150_off_10_percentage_0_position_0-0 genomicbackground,443,8,443_8
query_444,0,genomicbackground,0,genomicbackground,0.031162049621343613,444_8_RF00050_8_NC_000913.3_3184369-3184918_ext_20-220_int_150_off_15_percentage_0_position_0-0 genomicbackground,444,8,444_8
query_445,0,genomicbackground,0,genomicbackground,0.004866024013608694,445_8_RF00050_8_NC_000913.3_3184369-3184918_ext_20-220_int_150_off_20_percentage_0_position_0-0 genomicbackground,445,8,445_8
query_446,0,genomicbackground,0,genomicbackground,0.019520776346325874,446_8_RF00050_8_NC_000913.3_3184369-3184918_ext_20-220_int_150_off_25_percentage_0_position_0-0 genomicbackground,446,8,446_8
query_447,0,genomicbackground,0,genomicbackground,0.07499204576015472,447_8_RF00050_8_NC_000913.3_3184369-3184918_ext_20-220_int_150_off_30_percentage_0_position_0-0 genomicbackground,447,8,447_8
query_448,0,genomicbackground,0,genomicbackground,0.0341251902282238,448_8_RF00050_8_NC_000913.3_3184369-3184918_ext_20-220_int_150_off_35_percentage_3_position_146-150 genomicbackground,448,8,448_8
query_449,0,genomicbackground,0,genomicbackground,0.0352267287671566,449_8_RF00050_8_NC_000913.3_3184369-3184918_ext_20-220_int_150_off_40_percentage_7_position_141-150 genomicbackground,449,8,449_8
query_450,0,genomicbackground,0,genomicbackground,0.19184079766273499,450_8_RF00050_8_NC_000913.3_3184369-3184918_ext_20-220_int_150_off_45_percentage_10_position_136-150 genomicbackground,450,8,450_8
query_451,0,genomicbackground,0,genomicbackground,0.10002629458904266,451_8_RF00050_8_NC_000913.3_3184369-3184918_ext_20-220_int_150_off_50_percentage_13_position_131-150 genomicbackground,451,8,451_8
query_452,0,genomicbackground,0,genomicbackground,0.04337082430720329,452_8_RF00050_8_NC_000913.3_3184369-3184918_ext_20-220_int_155_off_0_percentage_0_position_0-0 genomicbackground,452,8,452_8
query_453,0,genomicbackground,0,genomicbackground,0.019392097368836403,453_8_RF00050_8_NC_000913.3_3184369-3184918_ext_20-220_int_155_off_5_percentage_0_position_0-0 genomicbackground,453,8,453_8
query_454,0,genomicbackground,0,genomicbackground,0.01704217866063118,454_8_RF00050_8_NC_000913.3_3184369-3184918_ext_20-220_int_155_off_10_percentage_0_position_0-0 genomicbackground,454,8,454_8
query_455,0,genomicbackground,0,genomicbackground,0.0065239970572292805,455_8_RF00050_8_NC_000913.3_3184369-3184918_ext_20-220_int_155_off_15_percentage_0_position_0-0 genomicbackground,455,8,455_8
query_456,0,genomicbackground,0,genomicbackground,0.004918575286865234,456_8_RF00050_8_NC_000913.3_3184369-3184918_ext_20-220_int_155_off_20_percentage_0_position_0-0 genomicbackground,456,8,456_8
query_457,0,genomicbackground,0,genomicbackground,0.01642610691487789,457_8_RF00050_8_NC_000913.3_3184369-3184918_ext_20-220_int_155_off_25_percentage_0_position_0-0 genomicbackground,457,8,457_8
query_458,0,genomicbackground,0,genomicbackground,0.015756644308567047,458_8_RF00050_8_NC_000913.3_3184369-3184918_ext_20-220_int_155_off_30_percentage_3_position_151-155 genomicbackground,458,8,458_8
query_459,0,genomicbackground,0,genomicbackground,0.02128281258046627,459_8_RF00050_8_NC_000913.3_3184369-3184918_ext_20-220_int_155_off_35_percentage_7_position_146-155 genomicbackground,459,8,459_8
query_460,0,genomicbackground,0,genomicbackground,0.032653190195560455,460_8_RF00050_8_NC_000913.3_3184369-3184918_ext_20-220_int_155_off_40_percentage_10_position_141-155 genomicbackground,460,8,460_8
query_461,0,genomicbackground,0,genomicbackground,0.22446858882904053,461_8_RF00050_8_NC_000913.3_3184369-3184918_ext_20-220_int_155_off_45_percentage_13_position_136-155 genomicbackground,461,8,461_8
query_462,0,genomicbackground,0,genomicbackground,0.046269699931144714,462_8_RF00050_8_NC_000913.3_3184369-3184918_ext_20-220_int_160_off_0_percentage_0_position_0-0 genomicbackground,462,8,462_8
query_463,0,genomicbackground,0,genomicbackground,0.015191019512712955,463_8_RF00050_8_NC_000913.3_3184369-3184918_ext_20-220_int_160_off_5_percentage_0_position_0-0 genomicbackground,463,8,463_8
query_464,0,genomicbackground,0,genomicbackground,0.02894604578614235,464_8_RF00050_8_NC_000913.3_3184369-3184918_ext_20-220_int_160_off_10_percentage_0_position_0-0 genomicbackground,464,8,464_8
query_465,0,genomicbackground,0,genomicbackground,0.01624216139316559,465_8_RF00050_8_NC_000913.3_3184369-3184918_ext_20-220_int_160_off_15_percentage_0_position_0-0 genomicbackground,465,8,465_8
query_466,0,genomicbackground,0,genomicbackground,0.020711520686745644,466_8_RF00050_8_NC_000913.3_3184369-3184918_ext_20-220_int_160_off_20_percentage_0_position_0-0 genomicbackground,466,8,466_8
query_467,0,genomicbackground,0,genomicbackground,0.015562792308628559,467_8_RF00050_8_NC_000913.3_3184369-3184918_ext_20-220_int_160_off_25_percentage_3_position_156-160 genomicbackground,467,8,467_8
query_468,0,genomicbackground,0,genomicbackground,0.012678103521466255,468_8_RF00050_8_NC_000913.3_3184369-3184918_ext_20-220_int_160_off_30_percentage_7_position_151-160 genomicbackground,468,8,468_8
query_469,0,genomicbackground,0,genomicbackground,0.020468682050704956,469_8_RF00050_8_NC_000913.3_3184369-3184918_ext_20-220_int_160_off_35_percentage_10_position_146-160 genomicbackground,469,8,469_8
query_470,0,genomicbackground,0,genomicbackground,0.0904175192117691,470_8_RF00050_8_NC_000913.3_3184369-3184918_ext_20-220_int_160_off_40_percentage_13_position_141-160 genomicbackground,470,8,470_8
query_471,0,genomicbackground,0,genomicbackground,0.0269476305693388,471_8_RF00050_8_NC_000913.3_3184369-3184918_ext_20-220_int_165_off_0_percentage_0_position_0-0 genomicbackground,471,8,471_8
query_472,0,genomicbackground,0,genomicbackground,0.016009140759706497,472_8_RF00050_8_NC_000913.3_3184369-3184918_ext_20-220_int_165_off_5_percentage_0_position_0-0 genomicbackground,472,8,472_8
query_473,0,genomicbackground,0,genomicbackground,0.019477372989058495,473_8_RF00050_8_NC_000913.3_3184369-3184918_ext_20-220_int_165_off_10_percentage_0_position_0-0 genomicbackground,473,8,473_8
query_474,0,genomicbackground,0,genomicbackground,0.01468201819807291,474_8_RF00050_8_NC_000913.3_3184369-3184918_ext_20-220_int_165_off_15_percentage_0_position_0-0 genomicbackground,474,8,474_8
query_475,0,genomicbackground,0,genomicbackground,0.019219806417822838,475_8_RF00050_8_NC_000913.3_3184369-3184918_ext_20-220_int_165_off_20_percentage_3_position_161-165 genomicbackground,475,8,475_8
query_476,0,genomicbackground,0,genomicbackground,0.012727688066661358,476_8_RF00050_8_NC_000913.3_3184369-3184918_ext_20-220_int_165_off_25_percentage_7_position_156-165 genomicbackground,476,8,476_8
query_477,0,genomicbackground,0,genomicbackground,0.013691033236682415,477_8_RF00050_8_NC_000913.3_3184369-3184918_ext_20-220_int_165_off_30_percentage_10_position_151-165 genomicbackground,477,8,477_8
query_478,0,genomicbackground,0,genomicbackground,0.021426863968372345,478_8_RF00050_8_NC_000913.3_3184369-3184918_ext_20-220_int_165_off_35_percentage_13_position_146-165 genomicbackground,478,8,478_8
query_479,0,genomicbackground,0,genomicbackground,0.030749570578336716,479_8_RF00050_8_NC_000913.3_3184369-3184918_ext_20-220_int_170_off_0_percentage_0_position_0-0 genomicbackground,479,8,479_8
query_480,0,genomicbackground,0,genomicbackground,0.02983429655432701,480_8_RF00050_8_NC_000913.3_3184369-3184918_ext_20-220_int_170_off_5_percentage_0_position_0-0 genomicbackground,480,8,480_8
query_481,0,genomicbackground,0,genomicbackground,0.015738360583782196,481_8_RF00050_8_NC_000913.3_3184369-3184918_ext_20-220_int_170_off_10_percentage_0_position_0-0 genomicbackground,481,8,481_8
query_482,0,genomicbackground,0,genomicbackground,0.01472838781774044,482_8_RF00050_8_NC_000913.3_3184369-3184918_ext_20-220_int_170_off_15_percentage_3_position_166-170 genomicbackground,482,8,482_8
query_483,0,genomicbackground,0,genomicbackground,0.014977328479290009,483_8_RF00050_8_NC_000913.3_3184369-3184918_ext_20-220_int_170_off_20_percentage_7_position_161-170 genomicbackground,483,8,483_8
query_484,0,genomicbackground,0,genomicbackground,0.012368811294436455,484_8_RF00050_8_NC_000913.3_3184369-3184918_ext_20-220_int_170_off_25_percentage_10_position_156-170 genomicbackground,484,8,484_8
query_485,0,genomicbackground,0,genomicbackground,0.01203696895390749,485_8_RF00050_8_NC_000913.3_3184369-3184918_ext_20-220_int_170_off_30_percentage_13_position_151-170 genomicbackground,485,8,485_8
query_486,0,genomicbackground,0,genomicbackground,0.019739139825105667,486_8_RF00050_8_NC_000913.3_3184369-3184918_ext_20-220_int_175_off_0_percentage_0_position_0-0 genomicbackground,486,8,486_8
query_487,0,genomicbackground,0,genomicbackground,0.014209110289812088,487_8_RF00050_8_NC_000913.3_3184369-3184918_ext_20-220_int_175_off_5_percentage_0_position_0-0 genomicbackground,487,8,487_8
query_488,0,genomicbackground,0,genomicbackground,0.03140579164028168,488_8_RF00050_8_NC_000913.3_3184369-3184918_ext_20-220_int_175_off_10_percentage_3_position_171-175 genomicbackground,488,8,488_8
query_489,0,genomicbackground,0,genomicbackground,0.013977443799376488,489_8_RF00050_8_NC_000913.3_3184369-3184918_ext_20-220_int_175_off_15_percentage_7_position_166-175 genomicbackground,489,8,489_8
query_490,0,genomicbackground,0,genomicbackground,0.01212910283356905,490_8_RF00050_8_NC_000913.3_3184369-3184918_ext_20-220_int_175_off_20_percentage_10_position_161-175 genomicbackground,490,8,490_8
query_491,0,genomicbackground,0,genomicbackground,0.01579226739704609,491_8_RF00050_8_NC_000913.3_3184369-3184918_ext_20-220_int_175_off_25_percentage_13_position_156-175 genomicbackground,491,8,491_8
query_492,0,genomicbackground,0,genomicbackground,0.020493952557444572,492_8_RF00050_8_NC_000913.3_3184369-3184918_ext_20-220_int_180_off_0_percentage_0_position_0-0 genomicbackground,492,8,492_8
query_493,0,genomicbackground,0,genomicbackground,0.016857443377375603,493_8_RF00050_8_NC_000913.3_3184369-3184918_ext_20-220_int_180_off_5_percentage_3_position_176-180 genomicbackground,493,8,493_8
query_494,0,genomicbackground,0,genomicbackground,0.015851181000471115,494_8_RF00050_8_NC_000913.3_3184369-3184918_ext_20-220_int_180_off_10_percentage_7_position_171-180 genomicbackground,494,8,494_8
query_495,0,genomicbackground,0,genomicbackground,0.0193997360765934,495_8_RF00050_8_NC_000913.3_3184369-3184918_ext_20-220_int_180_off_15_percentage_10_position_166-180 genomicbackground,495,8,495_8
query_496,0,genomicbackground,0,genomicbackground,0.014085229486227036,496_8_RF00050_8_NC_000913.3_3184369-3184918_ext_20-220_int_180_off_20_percentage_13_position_161-180 genomicbackground,496,8,496_8
query_497,0,genomicbackground,0,genomicbackground,0.014890353195369244,497_8_RF00050_8_NC_000913.3_3184369-3184918_ext_20-220_int_185_off_0_percentage_3_position_181-185 genomicbackground,497,8,497_8
query_498,0,genomicbackground,0,genomicbackground,0.01590113900601864,498_8_RF00050_8_NC_000913.3_3184369-3184918_ext_20-220_int_185_off_5_percentage_7_position_176-185 genomicbackground,498,8,498_8
query_499,0,genomicbackground,0,genomicbackground,0.01693250983953476,499_8_RF00050_8_NC_000913.3_3184369-3184918_ext_20-220_int_185_off_10_percentage_10_position_171-185 genomicbackground,499,8,499_8
query_500,0,genomicbackground,0,genomicbackground,0.014548178762197495,500_8_RF00050_8_NC_000913.3_3184369-3184918_ext_20-220_int_185_off_15_percentage_13_position_166-185 genomicbackground,500,8,500_8
query_501,0,genomicbackground,0,genomicbackground,0.014863849617540836,501_8_RF00050_8_NC_000913.3_3184369-3184918_ext_20-220_int_190_off_0_percentage_7_position_181-190 genomicbackground,501,8,501_8
query_502,0,genomicbackground,0,genomicbackground,0.04958175867795944,502_8_RF00050_8_NC_000913.3_3184369-3184918_ext_20-220_int_190_off_5_percentage_10_position_176-190 genomicbackground,502,8,502_8
query_503,0,genomicbackground,0,genomicbackground,0.010102140717208385,503_8_RF00050_8_NC_000913.3_3184369-3184918_ext_20-220_int_190_off_10_percentage_13_position_171-190 genomicbackground,503,8,503_8
query_504,0,genomicbackground,0,genomicbackground,0.0020380180794745684,504_8_RF00050_8_NC_000913.3_3184369-3184918_ext_20-220_int_195_off_0_percentage_10_position_181-195 genomicbackground,504,8,504_8
query_505,0,genomicbackground,0,genomicbackground,0.012547140009701252,505_8_RF00050_8_NC_000913.3_3184369-3184918_ext_20-220_int_195_off_5_percentage_13_position_176-195 genomicbackground,505,8,505_8
query_506,0,genomicbackground,0,genomicbackground,0.0007196786464191973,506_8_RF00050_8_NC_000913.3_3184369-3184918_ext_20-220_int_200_off_0_percentage_13_position_181-200 genomicbackground,506,8,506_8
query_507,0,genomicbackground,1,riboswitch,0.9144800901412964,507_8_RF00050_8_NC_000913.3_3184369-3184918_ext_40-240_int_95_off_0_percentage_0_position_0-0 genomicbackground,507,8,507_8
query_508,0,genomicbackground,0,genomicbackground,0.23290032148361206,508_8_RF00050_8_NC_000913.3_3184369-3184918_ext_40-240_int_95_off_5_percentage_0_position_0-0 genomicbackground,508,8,508_8
query_509,0,genomicbackground,0,genomicbackground,0.014436519704759121,509_8_RF00050_8_NC_000913.3_3184369-3184918_ext_40-240_int_95_off_10_percentage_0_position_0-0 genomicbackground,509,8,509_8
query_510,0,genomicbackground,0,genomicbackground,0.037934429943561554,510_8_RF00050_8_NC_000913.3_3184369-3184918_ext_40-240_int_95_off_15_percentage_0_position_0-0 genomicbackground,510,8,510_8
query_511,0,genomicbackground,0,genomicbackground,0.027684705331921577,511_8_RF00050_8_NC_000913.3_3184369-3184918_ext_40-240_int_95_off_20_percentage_0_position_0-0 genomicbackground,511,8,511_8
query_512,0,genomicbackground,1,riboswitch,0.9985803365707397,512_8_RF00050_8_NC_000913.3_3184369-3184918_ext_40-240_int_95_off_25_percentage_0_position_0-0 genomicbackground,512,8,512_8
query_513,0,genomicbackground,1,riboswitch,0.6866578459739685,513_8_RF00050_8_NC_000913.3_3184369-3184918_ext_40-240_int_95_off_30_percentage_0_position_0-0 genomicbackground,513,8,513_8
query_514,0,genomicbackground,1,riboswitch,0.9530224800109863,514_8_RF00050_8_NC_000913.3_3184369-3184918_ext_40-240_int_95_off_35_percentage_0_position_0-0 genomicbackground,514,8,514_8
query_515,0,genomicbackground,1,riboswitch,0.9870513677597046,515_8_RF00050_8_NC_000913.3_3184369-3184918_ext_40-240_int_95_off_40_percentage_0_position_0-0 genomicbackground,515,8,515_8
query_516,0,genomicbackground,1,riboswitch,0.87490314245224,516_8_RF00050_8_NC_000913.3_3184369-3184918_ext_40-240_int_95_off_45_percentage_0_position_0-0 genomicbackground,516,8,516_8
query_517,0,genomicbackground,0,genomicbackground,0.03738230839371681,517_8_RF00050_8_NC_000913.3_3184369-3184918_ext_40-240_int_95_off_50_percentage_0_position_0-0 genomicbackground,517,8,517_8
query_518,0,genomicbackground,0,genomicbackground,0.050917305052280426,518_8_RF00050_8_NC_000913.3_3184369-3184918_ext_40-240_int_95_off_55_percentage_0_position_0-0 genomicbackground,518,8,518_8
query_519,0,genomicbackground,0,genomicbackground,0.019571296870708466,519_8_RF00050_8_NC_000913.3_3184369-3184918_ext_40-240_int_95_off_60_percentage_0_position_0-0 genomicbackground,519,8,519_8
query_520,0,genomicbackground,0,genomicbackground,0.38637128472328186,520_8_RF00050_8_NC_000913.3_3184369-3184918_ext_40-240_int_95_off_65_percentage_0_position_0-0 genomicbackground,520,8,520_8
query_521,0,genomicbackground,0,genomicbackground,0.1504891812801361,521_8_RF00050_8_NC_000913.3_3184369-3184918_ext_40-240_int_95_off_70_percentage_3_position_91-95 genomicbackground,521,8,521_8
query_522,0,genomicbackground,0,genomicbackground,0.01625382900238037,522_8_RF00050_8_NC_000913.3_3184369-3184918_ext_40-240_int_95_off_75_percentage_7_position_86-95 genomicbackground,522,8,522_8
query_523,0,genomicbackground,0,genomicbackground,0.06793548166751862,523_8_RF00050_8_NC_000913.3_3184369-3184918_ext_40-240_int_95_off_80_percentage_10_position_81-95 genomicbackground,523,8,523_8
query_524,0,genomicbackground,0,genomicbackground,0.10208526253700256,524_8_RF00050_8_NC_000913.3_3184369-3184918_ext_40-240_int_95_off_85_percentage_13_position_76-95 genomicbackground,524,8,524_8
query_525,0,genomicbackground,0,genomicbackground,0.02651236392557621,525_8_RF00050_8_NC_000913.3_3184369-3184918_ext_40-240_int_95_off_90_percentage_17_position_71-95 genomicbackground,525,8,525_8
query_526,0,genomicbackground,0,genomicbackground,0.08025564253330231,526_8_RF00050_8_NC_000913.3_3184369-3184918_ext_40-240_int_95_off_95_percentage_20_position_66-95 genomicbackground,526,8,526_8
query_527,0,genomicbackground,0,genomicbackground,0.03811093047261238,527_8_RF00050_8_NC_000913.3_3184369-3184918_ext_40-240_int_95_off_100_percentage_23_position_61-95 genomicbackground,527,8,527_8
query_528,0,genomicbackground,0,genomicbackground,0.02993445284664631,528_8_RF00050_8_NC_000913.3_3184369-3184918_ext_40-240_int_95_off_105_percentage_27_position_56-95 genomicbackground,528,8,528_8
query_529,0,genomicbackground,0,genomicbackground,0.3095451295375824,529_8_RF00050_8_NC_000913.3_3184369-3184918_ext_40-240_int_100_off_0_percentage_0_position_0-0 genomicbackground,529,8,529_8
query_530,0,genomicbackground,0,genomicbackground,0.20534487068653107,530_8_RF00050_8_NC_000913.3_3184369-3184918_ext_40-240_int_100_off_5_percentage_0_position_0-0 genomicbackground,530,8,530_8
query_531,0,genomicbackground,0,genomicbackground,0.012513650581240654,531_8_RF00050_8_NC_000913.3_3184369-3184918_ext_40-240_int_100_off_10_percentage_0_position_0-0 genomicbackground,531,8,531_8
query_532,0,genomicbackground,0,genomicbackground,0.01409345306456089,532_8_RF00050_8_NC_000913.3_3184369-3184918_ext_40-240_int_100_off_15_percentage_0_position_0-0 genomicbackground,532,8,532_8
query_533,0,genomicbackground,1,riboswitch,0.9936001300811768,533_8_RF00050_8_NC_000913.3_3184369-3184918_ext_40-240_int_100_off_20_percentage_0_position_0-0 genomicbackground,533,8,533_8
query_534,0,genomicbackground,1,riboswitch,0.9179836511611938,534_8_RF00050_8_NC_000913.3_3184369-3184918_ext_40-240_int_100_off_25_percentage_0_position_0-0 genomicbackground,534,8,534_8
query_535,0,genomicbackground,1,riboswitch,0.6608362197875977,535_8_RF00050_8_NC_000913.3_3184369-3184918_ext_40-240_int_100_off_30_percentage_0_position_0-0 genomicbackground,535,8,535_8
query_536,0,genomicbackground,1,riboswitch,0.9337600469589233,536_8_RF00050_8_NC_000913.3_3184369-3184918_ext_40-240_int_100_off_35_percentage_0_position_0-0 genomicbackground,536,8,536_8
query_537,0,genomicbackground,1,riboswitch,0.9894834160804749,537_8_RF00050_8_NC_000913.3_3184369-3184918_ext_40-240_int_100_off_40_percentage_0_position_0-0 genomicbackground,537,8,537_8
query_538,0,genomicbackground,1,riboswitch,0.5690830945968628,538_8_RF00050_8_NC_000913.3_3184369-3184918_ext_40-240_int_100_off_45_percentage_0_position_0-0 genomicbackground,538,8,538_8
query_539,0,genomicbackground,1,riboswitch,0.5451875925064087,539_8_RF00050_8_NC_000913.3_3184369-3184918_ext_40-240_int_100_off_50_percentage_0_position_0-0 genomicbackground,539,8,539_8
query_540,0,genomicbackground,0,genomicbackground,0.03850880637764931,540_8_RF00050_8_NC_000913.3_3184369-3184918_ext_40-240_int_100_off_55_percentage_0_position_0-0 genomicbackground,540,8,540_8
query_541,0,genomicbackground,0,genomicbackground,0.017336267977952957,541_8_RF00050_8_NC_000913.3_3184369-3184918_ext_40-240_int_100_off_60_percentage_0_position_0-0 genomicbackground,541,8,541_8
query_542,0,genomicbackground,0,genomicbackground,0.2142592966556549,542_8_RF00050_8_NC_000913.3_3184369-3184918_ext_40-240_int_100_off_65_percentage_3_position_96-100 genomicbackground,542,8,542_8
query_543,0,genomicbackground,0,genomicbackground,0.09110214561223984,543_8_RF00050_8_NC_000913.3_3184369-3184918_ext_40-240_int_100_off_70_percentage_7_position_91-100 genomicbackground,543,8,543_8
query_544,0,genomicbackground,0,genomicbackground,0.21068130433559418,544_8_RF00050_8_NC_000913.3_3184369-3184918_ext_40-240_int_100_off_75_percentage_10_position_86-100 genomicbackground,544,8,544_8
query_545,0,genomicbackground,0,genomicbackground,0.029837924987077713,545_8_RF00050_8_NC_000913.3_3184369-3184918_ext_40-240_int_100_off_80_percentage_13_position_81-100 genomicbackground,545,8,545_8
query_546,0,genomicbackground,0,genomicbackground,0.19929419457912445,546_8_RF00050_8_NC_000913.3_3184369-3184918_ext_40-240_int_100_off_85_percentage_17_position_76-100 genomicbackground,546,8,546_8
query_547,0,genomicbackground,0,genomicbackground,0.01608683541417122,547_8_RF00050_8_NC_000913.3_3184369-3184918_ext_40-240_int_100_off_90_percentage_20_position_71-100 genomicbackground,547,8,547_8
query_548,0,genomicbackground,0,genomicbackground,0.06500043720006943,548_8_RF00050_8_NC_000913.3_3184369-3184918_ext_40-240_int_100_off_95_percentage_23_position_66-100 genomicbackground,548,8,548_8
query_549,0,genomicbackground,0,genomicbackground,0.025213124230504036,549_8_RF00050_8_NC_000913.3_3184369-3184918_ext_40-240_int_100_off_100_percentage_27_position_61-100 genomicbackground,549,8,549_8
query_550,0,genomicbackground,1,riboswitch,0.5458545088768005,550_8_RF00050_8_NC_000913.3_3184369-3184918_ext_40-240_int_105_off_0_percentage_0_position_0-0 genomicbackground,550,8,550_8
query_551,0,genomicbackground,0,genomicbackground,0.014588636346161366,551_8_RF00050_8_NC_000913.3_3184369-3184918_ext_40-240_int_105_off_5_percentage_0_position_0-0 genomicbackground,551,8,551_8
query_552,0,genomicbackground,0,genomicbackground,0.007849171757698059,552_8_RF00050_8_NC_000913.3_3184369-3184918_ext_40-240_int_105_off_10_percentage_0_position_0-0 genomicbackground,552,8,552_8
query_553,0,genomicbackground,0,genomicbackground,0.06754103302955627,553_8_RF00050_8_NC_000913.3_3184369-3184918_ext_40-240_int_105_off_15_percentage_0_position_0-0 genomicbackground,553,8,553_8
query_554,0,genomicbackground,1,riboswitch,0.6925694346427917,554_8_RF00050_8_NC_000913.3_3184369-3184918_ext_40-240_int_105_off_20_percentage_0_position_0-0 genomicbackground,554,8,554_8
query_555,0,genomicbackground,1,riboswitch,0.9446028470993042,555_8_RF00050_8_NC_000913.3_3184369-3184918_ext_40-240_int_105_off_25_percentage_0_position_0-0 genomicbackground,555,8,555_8
query_556,0,genomicbackground,1,riboswitch,0.6332026720046997,556_8_RF00050_8_NC_000913.3_3184369-3184918_ext_40-240_int_105_off_30_percentage_0_position_0-0 genomicbackground,556,8,556_8
query_557,0,genomicbackground,1,riboswitch,0.9267489314079285,557_8_RF00050_8_NC_000913.3_3184369-3184918_ext_40-240_int_105_off_35_percentage_0_position_0-0 genomicbackground,557,8,557_8
query_558,0,genomicbackground,1,riboswitch,0.9716306328773499,558_8_RF00050_8_NC_000913.3_3184369-3184918_ext_40-240_int_105_off_40_percentage_0_position_0-0 genomicbackground,558,8,558_8
query_559,0,genomicbackground,1,riboswitch,0.983180582523346,559_8_RF00050_8_NC_000913.3_3184369-3184918_ext_40-240_int_105_off_45_percentage_0_position_0-0 genomicbackground,559,8,559_8
query_560,0,genomicbackground,0,genomicbackground,0.21927547454833984,560_8_RF00050_8_NC_000913.3_3184369-3184918_ext_40-240_int_105_off_50_percentage_0_position_0-0 genomicbackground,560,8,560_8
query_561,0,genomicbackground,0,genomicbackground,0.020349403843283653,561_8_RF00050_8_NC_000913.3_3184369-3184918_ext_40-240_int_105_off_55_percentage_0_position_0-0 genomicbackground,561,8,561_8
query_562,0,genomicbackground,0,genomicbackground,0.028580576181411743,562_8_RF00050_8_NC_000913.3_3184369-3184918_ext_40-240_int_105_off_60_percentage_3_position_101-105 genomicbackground,562,8,562_8
query_563,0,genomicbackground,0,genomicbackground,0.1745261549949646,563_8_RF00050_8_NC_000913.3_3184369-3184918_ext_40-240_int_105_off_65_percentage_7_position_96-105 genomicbackground,563,8,563_8
query_564,0,genomicbackground,0,genomicbackground,0.06574635952711105,564_8_RF00050_8_NC_000913.3_3184369-3184918_ext_40-240_int_105_off_70_percentage_10_position_91-105 genomicbackground,564,8,564_8
query_565,0,genomicbackground,0,genomicbackground,0.06887508183717728,565_8_RF00050_8_NC_000913.3_3184369-3184918_ext_40-240_int_105_off_75_percentage_13_position_86-105 genomicbackground,565,8,565_8
query_566,0,genomicbackground,0,genomicbackground,0.035175155848264694,566_8_RF00050_8_NC_000913.3_3184369-3184918_ext_40-240_int_105_off_80_percentage_17_position_81-105 genomicbackground,566,8,566_8
query_567,0,genomicbackground,0,genomicbackground,0.01768517680466175,567_8_RF00050_8_NC_000913.3_3184369-3184918_ext_40-240_int_105_off_85_percentage_20_position_76-105 genomicbackground,567,8,567_8
query_568,0,genomicbackground,0,genomicbackground,0.08295372128486633,568_8_RF00050_8_NC_000913.3_3184369-3184918_ext_40-240_int_105_off_90_percentage_23_position_71-105 genomicbackground,568,8,568_8
query_569,0,genomicbackground,0,genomicbackground,0.25400424003601074,569_8_RF00050_8_NC_000913.3_3184369-3184918_ext_40-240_int_105_off_95_percentage_27_position_66-105 genomicbackground,569,8,569_8
query_570,0,genomicbackground,0,genomicbackground,0.2134248912334442,570_8_RF00050_8_NC_000913.3_3184369-3184918_ext_40-240_int_110_off_0_percentage_0_position_0-0 genomicbackground,570,8,570_8
query_571,0,genomicbackground,0,genomicbackground,0.010638474486768246,571_8_RF00050_8_NC_000913.3_3184369-3184918_ext_40-240_int_110_off_5_percentage_0_position_0-0 genomicbackground,571,8,571_8
query_572,0,genomicbackground,0,genomicbackground,0.00857917033135891,572_8_RF00050_8_NC_000913.3_3184369-3184918_ext_40-240_int_110_off_10_percentage_0_position_0-0 genomicbackground,572,8,572_8
query_573,0,genomicbackground,0,genomicbackground,0.18456625938415527,573_8_RF00050_8_NC_000913.3_3184369-3184918_ext_40-240_int_110_off_15_percentage_0_position_0-0 genomicbackground,573,8,573_8
query_574,0,genomicbackground,1,riboswitch,0.8748120665550232,574_8_RF00050_8_NC_000913.3_3184369-3184918_ext_40-240_int_110_off_20_percentage_0_position_0-0 genomicbackground,574,8,574_8
query_575,0,genomicbackground,1,riboswitch,0.931586742401123,575_8_RF00050_8_NC_000913.3_3184369-3184918_ext_40-240_int_110_off_25_percentage_0_position_0-0 genomicbackground,575,8,575_8
query_576,0,genomicbackground,1,riboswitch,0.5838649272918701,576_8_RF00050_8_NC_000913.3_3184369-3184918_ext_40-240_int_110_off_30_percentage_0_position_0-0 genomicbackground,576,8,576_8
query_577,0,genomicbackground,0,genomicbackground,0.3560177981853485,577_8_RF00050_8_NC_000913.3_3184369-3184918_ext_40-240_int_110_off_35_percentage_0_position_0-0 genomicbackground,577,8,577_8
query_578,0,genomicbackground,1,riboswitch,0.9480254650115967,578_8_RF00050_8_NC_000913.3_3184369-3184918_ext_40-240_int_110_off_40_percentage_0_position_0-0 genomicbackground,578,8,578_8
query_579,0,genomicbackground,1,riboswitch,0.9286287426948547,579_8_RF00050_8_NC_000913.3_3184369-3184918_ext_40-240_int_110_off_45_percentage_0_position_0-0 genomicbackground,579,8,579_8
query_580,0,genomicbackground,1,riboswitch,0.6784200072288513,580_8_RF00050_8_NC_000913.3_3184369-3184918_ext_40-240_int_110_off_50_percentage_0_position_0-0 genomicbackground,580,8,580_8
query_581,0,genomicbackground,0,genomicbackground,0.06627212464809418,581_8_RF00050_8_NC_000913.3_3184369-3184918_ext_40-240_int_110_off_55_percentage_3_position_106-110 genomicbackground,581,8,581_8
query_582,0,genomicbackground,0,genomicbackground,0.04278603196144104,582_8_RF00050_8_NC_000913.3_3184369-3184918_ext_40-240_int_110_off_60_percentage_7_position_101-110 genomicbackground,582,8,582_8
query_583,0,genomicbackground,0,genomicbackground,0.01907108724117279,583_8_RF00050_8_NC_000913.3_3184369-3184918_ext_40-240_int_110_off_65_percentage_10_position_96-110 genomicbackground,583,8,583_8
query_584,0,genomicbackground,0,genomicbackground,0.011034278199076653,584_8_RF00050_8_NC_000913.3_3184369-3184918_ext_40-240_int_110_off_70_percentage_13_position_91-110 genomicbackground,584,8,584_8
query_585,0,genomicbackground,0,genomicbackground,0.09285152703523636,585_8_RF00050_8_NC_000913.3_3184369-3184918_ext_40-240_int_110_off_75_percentage_17_position_86-110 genomicbackground,585,8,585_8
query_586,0,genomicbackground,1,riboswitch,0.6600481867790222,586_8_RF00050_8_NC_000913.3_3184369-3184918_ext_40-240_int_110_off_80_percentage_20_position_81-110 genomicbackground,586,8,586_8
query_587,0,genomicbackground,1,riboswitch,0.9348698854446411,587_8_RF00050_8_NC_000913.3_3184369-3184918_ext_40-240_int_110_off_85_percentage_23_position_76-110 genomicbackground,587,8,587_8
query_588,0,genomicbackground,1,riboswitch,0.9544000029563904,588_8_RF00050_8_NC_000913.3_3184369-3184918_ext_40-240_int_110_off_90_percentage_27_position_71-110 genomicbackground,588,8,588_8
query_589,0,genomicbackground,0,genomicbackground,0.040655411779880524,589_8_RF00050_8_NC_000913.3_3184369-3184918_ext_40-240_int_115_off_0_percentage_0_position_0-0 genomicbackground,589,8,589_8
query_590,0,genomicbackground,0,genomicbackground,0.038329117000103,590_8_RF00050_8_NC_000913.3_3184369-3184918_ext_40-240_int_115_off_5_percentage_0_position_0-0 genomicbackground,590,8,590_8
query_591,0,genomicbackground,0,genomicbackground,0.07859282195568085,591_8_RF00050_8_NC_000913.3_3184369-3184918_ext_40-240_int_115_off_10_percentage_0_position_0-0 genomicbackground,591,8,591_8
query_592,0,genomicbackground,1,riboswitch,0.675842821598053,592_8_RF00050_8_NC_000913.3_3184369-3184918_ext_40-240_int_115_off_15_percentage_0_position_0-0 genomicbackground,592,8,592_8
query_593,0,genomicbackground,1,riboswitch,0.7617442011833191,593_8_RF00050_8_NC_000913.3_3184369-3184918_ext_40-240_int_115_off_20_percentage_0_position_0-0 genomicbackground,593,8,593_8
query_594,0,genomicbackground,1,riboswitch,0.9208360910415649,594_8_RF00050_8_NC_000913.3_3184369-3184918_ext_40-240_int_115_off_25_percentage_0_position_0-0 genomicbackground,594,8,594_8
query_595,0,genomicbackground,0,genomicbackground,0.08363380283117294,595_8_RF00050_8_NC_000913.3_3184369-3184918_ext_40-240_int_115_off_30_percentage_0_position_0-0 genomicbackground,595,8,595_8
query_596,0,genomicbackground,0,genomicbackground,0.25492364168167114,596_8_RF00050_8_NC_000913.3_3184369-3184918_ext_40-240_int_115_off_35_percentage_0_position_0-0 genomicbackground,596,8,596_8
query_597,0,genomicbackground,1,riboswitch,0.9011943340301514,597_8_RF00050_8_NC_000913.3_3184369-3184918_ext_40-240_int_115_off_40_percentage_0_position_0-0 genomicbackground,597,8,597_8
query_598,0,genomicbackground,1,riboswitch,0.873839795589447,598_8_RF00050_8_NC_000913.3_3184369-3184918_ext_40-240_int_115_off_45_percentage_0_position_0-0 genomicbackground,598,8,598_8
query_599,0,genomicbackground,0,genomicbackground,0.3064109683036804,599_8_RF00050_8_NC_000913.3_3184369-3184918_ext_40-240_int_115_off_50_percentage_3_position_111-115 genomicbackground,599,8,599_8
query_600,0,genomicbackground,0,genomicbackground,0.07157288491725922,600_8_RF00050_8_NC_000913.3_3184369-3184918_ext_40-240_int_115_off_55_percentage_7_position_106-115 genomicbackground,600,8,600_8
query_601,0,genomicbackground,0,genomicbackground,0.010286711156368256,601_8_RF00050_8_NC_000913.3_3184369-3184918_ext_40-240_int_115_off_60_percentage_10_position_101-115 genomicbackground,601,8,601_8
query_602,0,genomicbackground,0,genomicbackground,0.06606892496347427,602_8_RF00050_8_NC_000913.3_3184369-3184918_ext_40-240_int_115_off_65_percentage_13_position_96-115 genomicbackground,602,8,602_8
query_603,0,genomicbackground,0,genomicbackground,0.04681212082505226,603_8_RF00050_8_NC_000913.3_3184369-3184918_ext_40-240_int_115_off_70_percentage_17_position_91-115 genomicbackground,603,8,603_8
query_604,0,genomicbackground,0,genomicbackground,0.022675907239317894,604_8_RF00050_8_NC_000913.3_3184369-3184918_ext_40-240_int_115_off_75_percentage_20_position_86-115 genomicbackground,604,8,604_8
query_605,0,genomicbackground,1,riboswitch,0.7545282244682312,605_8_RF00050_8_NC_000913.3_3184369-3184918_ext_40-240_int_115_off_80_percentage_23_position_81-115 genomicbackground,605,8,605_8
query_606,0,genomicbackground,1,riboswitch,0.9926469326019287,606_8_RF00050_8_NC_000913.3_3184369-3184918_ext_40-240_int_115_off_85_percentage_27_position_76-115 genomicbackground,606,8,606_8
query_607,0,genomicbackground,0,genomicbackground,0.04523741826415062,607_8_RF00050_8_NC_000913.3_3184369-3184918_ext_40-240_int_120_off_0_percentage_0_position_0-0 genomicbackground,607,8,607_8
query_608,0,genomicbackground,0,genomicbackground,0.026763785630464554,608_8_RF00050_8_NC_000913.3_3184369-3184918_ext_40-240_int_120_off_5_percentage_0_position_0-0 genomicbackground,608,8,608_8
query_609,0,genomicbackground,0,genomicbackground,0.06373035907745361,609_8_RF00050_8_NC_000913.3_3184369-3184918_ext_40-240_int_120_off_10_percentage_0_position_0-0 genomicbackground,609,8,609_8
query_610,0,genomicbackground,0,genomicbackground,0.33269932866096497,610_8_RF00050_8_NC_000913.3_3184369-3184918_ext_40-240_int_120_off_15_percentage_0_position_0-0 genomicbackground,610,8,610_8
query_611,0,genomicbackground,1,riboswitch,0.700498104095459,611_8_RF00050_8_NC_000913.3_3184369-3184918_ext_40-240_int_120_off_20_percentage_0_position_0-0 genomicbackground,611,8,611_8
query_612,0,genomicbackground,0,genomicbackground,0.4692603647708893,612_8_RF00050_8_NC_000913.3_3184369-3184918_ext_40-240_int_120_off_25_percentage_0_position_0-0 genomicbackground,612,8,612_8
query_613,0,genomicbackground,0,genomicbackground,0.08941186219453812,613_8_RF00050_8_NC_000913.3_3184369-3184918_ext_40-240_int_120_off_30_percentage_0_position_0-0 genomicbackground,613,8,613_8
query_614,0,genomicbackground,1,riboswitch,0.9252088665962219,614_8_RF00050_8_NC_000913.3_3184369-3184918_ext_40-240_int_120_off_35_percentage_0_position_0-0 genomicbackground,614,8,614_8
query_615,0,genomicbackground,1,riboswitch,0.9417727589607239,615_8_RF00050_8_NC_000913.3_3184369-3184918_ext_40-240_int_120_off_40_percentage_0_position_0-0 genomicbackground,615,8,615_8
query_616,0,genomicbackground,1,riboswitch,0.9402640461921692,616_8_RF00050_8_NC_000913.3_3184369-3184918_ext_40-240_int_120_off_45_percentage_3_position_116-120 genomicbackground,616,8,616_8
query_617,0,genomicbackground,0,genomicbackground,0.2800099551677704,617_8_RF00050_8_NC_000913.3_3184369-3184918_ext_40-240_int_120_off_50_percentage_7_position_111-120 genomicbackground,617,8,617_8
query_618,0,genomicbackground,0,genomicbackground,0.015498349443078041,618_8_RF00050_8_NC_000913.3_3184369-3184918_ext_40-240_int_120_off_55_percentage_10_position_106-120 genomicbackground,618,8,618_8
query_619,0,genomicbackground,0,genomicbackground,0.017588572576642036,619_8_RF00050_8_NC_000913.3_3184369-3184918_ext_40-240_int_120_off_60_percentage_13_position_101-120 genomicbackground,619,8,619_8
query_620,0,genomicbackground,0,genomicbackground,0.09534650295972824,620_8_RF00050_8_NC_000913.3_3184369-3184918_ext_40-240_int_120_off_65_percentage_17_position_96-120 genomicbackground,620,8,620_8
query_621,0,genomicbackground,0,genomicbackground,0.0223141647875309,621_8_RF00050_8_NC_000913.3_3184369-3184918_ext_40-240_int_120_off_70_percentage_20_position_91-120 genomicbackground,621,8,621_8
query_622,0,genomicbackground,1,riboswitch,0.7791333794593811,622_8_RF00050_8_NC_000913.3_3184369-3184918_ext_40-240_int_120_off_75_percentage_23_position_86-120 genomicbackground,622,8,622_8
query_623,0,genomicbackground,0,genomicbackground,0.06823936849832535,623_8_RF00050_8_NC_000913.3_3184369-3184918_ext_40-240_int_120_off_80_percentage_27_position_81-120 genomicbackground,623,8,623_8
query_624,0,genomicbackground,0,genomicbackground,0.03579229861497879,624_8_RF00050_8_NC_000913.3_3184369-3184918_ext_40-240_int_125_off_0_percentage_0_position_0-0 genomicbackground,624,8,624_8
query_625,0,genomicbackground,0,genomicbackground,0.04284844547510147,625_8_RF00050_8_NC_000913.3_3184369-3184918_ext_40-240_int_125_off_5_percentage_0_position_0-0 genomicbackground,625,8,625_8
query_626,0,genomicbackground,0,genomicbackground,0.008600149303674698,626_8_RF00050_8_NC_000913.3_3184369-3184918_ext_40-240_int_125_off_10_percentage_0_position_0-0 genomicbackground,626,8,626_8
query_627,0,genomicbackground,0,genomicbackground,0.21060438454151154,627_8_RF00050_8_NC_000913.3_3184369-3184918_ext_40-240_int_125_off_15_percentage_0_position_0-0 genomicbackground,627,8,627_8
query_628,0,genomicbackground,0,genomicbackground,0.13766071200370789,628_8_RF00050_8_NC_000913.3_3184369-3184918_ext_40-240_int_125_off_20_percentage_0_position_0-0 genomicbackground,628,8,628_8
query_629,0,genomicbackground,0,genomicbackground,0.28051072359085083,629_8_RF00050_8_NC_000913.3_3184369-3184918_ext_40-240_int_125_off_25_percentage_0_position_0-0 genomicbackground,629,8,629_8
query_630,0,genomicbackground,0,genomicbackground,0.21132425963878632,630_8_RF00050_8_NC_000913.3_3184369-3184918_ext_40-240_int_125_off_30_percentage_0_position_0-0 genomicbackground,630,8,630_8
query_631,0,genomicbackground,1,riboswitch,0.9282701015472412,631_8_RF00050_8_NC_000913.3_3184369-3184918_ext_40-240_int_125_off_35_percentage_0_position_0-0 genomicbackground,631,8,631_8
query_632,0,genomicbackground,1,riboswitch,0.9552161693572998,632_8_RF00050_8_NC_000913.3_3184369-3184918_ext_40-240_int_125_off_40_percentage_3_position_121-125 genomicbackground,632,8,632_8
query_633,0,genomicbackground,1,riboswitch,0.891403317451477,633_8_RF00050_8_NC_000913.3_3184369-3184918_ext_40-240_int_125_off_45_percentage_7_position_116-125 genomicbackground,633,8,633_8
query_634,0,genomicbackground,0,genomicbackground,0.033838652074337006,634_8_RF00050_8_NC_000913.3_3184369-3184918_ext_40-240_int_125_off_50_percentage_10_position_111-125 genomicbackground,634,8,634_8
query_635,0,genomicbackground,0,genomicbackground,0.02222747728228569,635_8_RF00050_8_NC_000913.3_3184369-3184918_ext_40-240_int_125_off_55_percentage_13_position_106-125 genomicbackground,635,8,635_8
query_636,0,genomicbackground,0,genomicbackground,0.024635741487145424,636_8_RF00050_8_NC_000913.3_3184369-3184918_ext_40-240_int_125_off_60_percentage_17_position_101-125 genomicbackground,636,8,636_8
query_637,0,genomicbackground,0,genomicbackground,0.03480822592973709,637_8_RF00050_8_NC_000913.3_3184369-3184918_ext_40-240_int_125_off_65_percentage_20_position_96-125 genomicbackground,637,8,637_8
query_638,0,genomicbackground,1,riboswitch,0.728117823600769,638_8_RF00050_8_NC_000913.3_3184369-3184918_ext_40-240_int_125_off_70_percentage_23_position_91-125 genomicbackground,638,8,638_8
query_639,0,genomicbackground,1,riboswitch,0.9924390316009521,639_8_RF00050_8_NC_000913.3_3184369-3184918_ext_40-240_int_125_off_75_percentage_27_position_86-125 genomicbackground,639,8,639_8
query_640,0,genomicbackground,0,genomicbackground,0.019855352118611336,640_8_RF00050_8_NC_000913.3_3184369-3184918_ext_40-240_int_130_off_0_percentage_0_position_0-0 genomicbackground,640,8,640_8
query_641,0,genomicbackground,0,genomicbackground,0.03065384179353714,641_8_RF00050_8_NC_000913.3_3184369-3184918_ext_40-240_int_130_off_5_percentage_0_position_0-0 genomicbackground,641,8,641_8
query_642,0,genomicbackground,0,genomicbackground,0.012348851189017296,642_8_RF00050_8_NC_000913.3_3184369-3184918_ext_40-240_int_130_off_10_percentage_0_position_0-0 genomicbackground,642,8,642_8
query_643,0,genomicbackground,0,genomicbackground,0.03672495111823082,643_8_RF00050_8_NC_000913.3_3184369-3184918_ext_40-240_int_130_off_15_percentage_0_position_0-0 genomicbackground,643,8,643_8
query_644,0,genomicbackground,0,genomicbackground,0.09296560287475586,644_8_RF00050_8_NC_000913.3_3184369-3184918_ext_40-240_int_130_off_20_percentage_0_position_0-0 genomicbackground,644,8,644_8
query_645,0,genomicbackground,0,genomicbackground,0.3497470021247864,645_8_RF00050_8_NC_000913.3_3184369-3184918_ext_40-240_int_130_off_25_percentage_0_position_0-0 genomicbackground,645,8,645_8
query_646,0,genomicbackground,0,genomicbackground,0.11647581309080124,646_8_RF00050_8_NC_000913.3_3184369-3184918_ext_40-240_int_130_off_30_percentage_0_position_0-0 genomicbackground,646,8,646_8
query_647,0,genomicbackground,0,genomicbackground,0.4749932289123535,647_8_RF00050_8_NC_000913.3_3184369-3184918_ext_40-240_int_130_off_35_percentage_3_position_126-130 genomicbackground,647,8,647_8
query_648,0,genomicbackground,1,riboswitch,0.869833767414093,648_8_RF00050_8_NC_000913.3_3184369-3184918_ext_40-240_int_130_off_40_percentage_7_position_121-130 genomicbackground,648,8,648_8
query_649,0,genomicbackground,1,riboswitch,0.688800573348999,649_8_RF00050_8_NC_000913.3_3184369-3184918_ext_40-240_int_130_off_45_percentage_10_position_116-130 genomicbackground,649,8,649_8
query_650,0,genomicbackground,1,riboswitch,0.7451506853103638,650_8_RF00050_8_NC_000913.3_3184369-3184918_ext_40-240_int_130_off_50_percentage_13_position_111-130 genomicbackground,650,8,650_8
query_651,0,genomicbackground,0,genomicbackground,0.04457366093993187,651_8_RF00050_8_NC_000913.3_3184369-3184918_ext_40-240_int_130_off_55_percentage_17_position_106-130 genomicbackground,651,8,651_8
query_652,0,genomicbackground,0,genomicbackground,0.10058676451444626,652_8_RF00050_8_NC_000913.3_3184369-3184918_ext_40-240_int_130_off_60_percentage_20_position_101-130 genomicbackground,652,8,652_8
query_653,0,genomicbackground,0,genomicbackground,0.44986891746520996,653_8_RF00050_8_NC_000913.3_3184369-3184918_ext_40-240_int_130_off_65_percentage_23_position_96-130 genomicbackground,653,8,653_8
query_654,0,genomicbackground,0,genomicbackground,0.06718718260526657,654_8_RF00050_8_NC_000913.3_3184369-3184918_ext_40-240_int_130_off_70_percentage_27_position_91-130 genomicbackground,654,8,654_8
query_655,0,genomicbackground,0,genomicbackground,0.005420614965260029,655_8_RF00050_8_NC_000913.3_3184369-3184918_ext_40-240_int_135_off_0_percentage_0_position_0-0 genomicbackground,655,8,655_8
query_656,0,genomicbackground,0,genomicbackground,0.026338286697864532,656_8_RF00050_8_NC_000913.3_3184369-3184918_ext_40-240_int_135_off_5_percentage_0_position_0-0 genomicbackground,656,8,656_8
query_657,0,genomicbackground,0,genomicbackground,0.008610711432993412,657_8_RF00050_8_NC_000913.3_3184369-3184918_ext_40-240_int_135_off_10_percentage_0_position_0-0 genomicbackground,657,8,657_8
query_658,0,genomicbackground,0,genomicbackground,0.009217132814228535,658_8_RF00050_8_NC_000913.3_3184369-3184918_ext_40-240_int_135_off_15_percentage_0_position_0-0 genomicbackground,658,8,658_8
query_659,0,genomicbackground,0,genomicbackground,0.11273515224456787,659_8_RF00050_8_NC_000913.3_3184369-3184918_ext_40-240_int_135_off_20_percentage_0_position_0-0 genomicbackground,659,8,659_8
query_660,0,genomicbackground,0,genomicbackground,0.41199246048927307,660_8_RF00050_8_NC_000913.3_3184369-3184918_ext_40-240_int_135_off_25_percentage_0_position_0-0 genomicbackground,660,8,660_8
query_661,0,genomicbackground,0,genomicbackground,0.17032046616077423,661_8_RF00050_8_NC_000913.3_3184369-3184918_ext_40-240_int_135_off_30_percentage_3_position_131-135 genomicbackground,661,8,661_8
query_662,0,genomicbackground,0,genomicbackground,0.2098231464624405,662_8_RF00050_8_NC_000913.3_3184369-3184918_ext_40-240_int_135_off_35_percentage_7_position_126-135 genomicbackground,662,8,662_8
query_663,0,genomicbackground,1,riboswitch,0.832389771938324,663_8_RF00050_8_NC_000913.3_3184369-3184918_ext_40-240_int_135_off_40_percentage_10_position_121-135 genomicbackground,663,8,663_8
query_664,0,genomicbackground,0,genomicbackground,0.08487322926521301,664_8_RF00050_8_NC_000913.3_3184369-3184918_ext_40-240_int_135_off_45_percentage_13_position_116-135 genomicbackground,664,8,664_8
query_665,0,genomicbackground,0,genomicbackground,0.2796691954135895,665_8_RF00050_8_NC_000913.3_3184369-3184918_ext_40-240_int_135_off_50_percentage_17_position_111-135 genomicbackground,665,8,665_8
query_666,0,genomicbackground,0,genomicbackground,0.3097922205924988,666_8_RF00050_8_NC_000913.3_3184369-3184918_ext_40-240_int_135_off_55_percentage_20_position_106-135 genomicbackground,666,8,666_8
query_667,0,genomicbackground,0,genomicbackground,0.19791541993618011,667_8_RF00050_8_NC_000913.3_3184369-3184918_ext_40-240_int_135_off_60_percentage_23_position_101-135 genomicbackground,667,8,667_8
query_668,0,genomicbackground,0,genomicbackground,0.19070012867450714,668_8_RF00050_8_NC_000913.3_3184369-3184918_ext_40-240_int_135_off_65_percentage_27_position_96-135 genomicbackground,668,8,668_8
query_669,0,genomicbackground,0,genomicbackground,0.03179369494318962,669_8_RF00050_8_NC_000913.3_3184369-3184918_ext_40-240_int_140_off_0_percentage_0_position_0-0 genomicbackground,669,8,669_8
query_670,0,genomicbackground,0,genomicbackground,0.017087461426854134,670_8_RF00050_8_NC_000913.3_3184369-3184918_ext_40-240_int_140_off_5_percentage_0_position_0-0 genomicbackground,670,8,670_8
query_671,0,genomicbackground,0,genomicbackground,0.007038428448140621,671_8_RF00050_8_NC_000913.3_3184369-3184918_ext_40-240_int_140_off_10_percentage_0_position_0-0 genomicbackground,671,8,671_8
query_672,0,genomicbackground,0,genomicbackground,0.2023744136095047,672_8_RF00050_8_NC_000913.3_3184369-3184918_ext_40-240_int_140_off_15_percentage_0_position_0-0 genomicbackground,672,8,672_8
query_673,0,genomicbackground,0,genomicbackground,0.09075134247541428,673_8_RF00050_8_NC_000913.3_3184369-3184918_ext_40-240_int_140_off_20_percentage_0_position_0-0 genomicbackground,673,8,673_8
query_674,0,genomicbackground,1,riboswitch,0.6411552429199219,674_8_RF00050_8_NC_000913.3_3184369-3184918_ext_40-240_int_140_off_25_percentage_3_position_136-140 genomicbackground,674,8,674_8
query_675,0,genomicbackground,0,genomicbackground,0.08381646871566772,675_8_RF00050_8_NC_000913.3_3184369-3184918_ext_40-240_int_140_off_30_percentage_7_position_131-140 genomicbackground,675,8,675_8
query_676,0,genomicbackground,1,riboswitch,0.6808076500892639,676_8_RF00050_8_NC_000913.3_3184369-3184918_ext_40-240_int_140_off_35_percentage_10_position_126-140 genomicbackground,676,8,676_8
query_677,0,genomicbackground,0,genomicbackground,0.13348715007305145,677_8_RF00050_8_NC_000913.3_3184369-3184918_ext_40-240_int_140_off_40_percentage_13_position_121-140 genomicbackground,677,8,677_8
query_678,0,genomicbackground,0,genomicbackground,0.2649659514427185,678_8_RF00050_8_NC_000913.3_3184369-3184918_ext_40-240_int_140_off_45_percentage_17_position_116-140 genomicbackground,678,8,678_8
query_679,0,genomicbackground,0,genomicbackground,0.480648398399353,679_8_RF00050_8_NC_000913.3_3184369-3184918_ext_40-240_int_140_off_50_percentage_20_position_111-140 genomicbackground,679,8,679_8
query_680,0,genomicbackground,1,riboswitch,0.5953545570373535,680_8_RF00050_8_NC_000913.3_3184369-3184918_ext_40-240_int_140_off_55_percentage_23_position_106-140 genomicbackground,680,8,680_8
query_681,0,genomicbackground,0,genomicbackground,0.05726700648665428,681_8_RF00050_8_NC_000913.3_3184369-3184918_ext_40-240_int_140_off_60_percentage_27_position_101-140 genomicbackground,681,8,681_8
query_682,0,genomicbackground,0,genomicbackground,0.018765518441796303,682_8_RF00050_8_NC_000913.3_3184369-3184918_ext_40-240_int_145_off_0_percentage_0_position_0-0 genomicbackground,682,8,682_8
query_683,0,genomicbackground,0,genomicbackground,0.017818300053477287,683_8_RF00050_8_NC_000913.3_3184369-3184918_ext_40-240_int_145_off_5_percentage_0_position_0-0 genomicbackground,683,8,683_8
query_684,0,genomicbackground,0,genomicbackground,0.06092148646712303,684_8_RF00050_8_NC_000913.3_3184369-3184918_ext_40-240_int_145_off_10_percentage_0_position_0-0 genomicbackground,684,8,684_8
query_685,0,genomicbackground,0,genomicbackground,0.041473034769296646,685_8_RF00050_8_NC_000913.3_3184369-3184918_ext_40-240_int_145_off_15_percentage_0_position_0-0 genomicbackground,685,8,685_8
query_686,0,genomicbackground,0,genomicbackground,0.0736444741487503,686_8_RF00050_8_NC_000913.3_3184369-3184918_ext_40-240_int_145_off_20_percentage_3_position_141-145 genomicbackground,686,8,686_8
query_687,0,genomicbackground,0,genomicbackground,0.2323664426803589,687_8_RF00050_8_NC_000913.3_3184369-3184918_ext_40-240_int_145_off_25_percentage_7_position_136-145 genomicbackground,687,8,687_8
query_688,0,genomicbackground,0,genomicbackground,0.4740285277366638,688_8_RF00050_8_NC_000913.3_3184369-3184918_ext_40-240_int_145_off_30_percentage_10_position_131-145 genomicbackground,688,8,688_8
query_689,0,genomicbackground,1,riboswitch,0.8787468671798706,689_8_RF00050_8_NC_000913.3_3184369-3184918_ext_40-240_int_145_off_35_percentage_13_position_126-145 genomicbackground,689,8,689_8
query_690,0,genomicbackground,0,genomicbackground,0.43888017535209656,690_8_RF00050_8_NC_000913.3_3184369-3184918_ext_40-240_int_145_off_40_percentage_17_position_121-145 genomicbackground,690,8,690_8
query_691,0,genomicbackground,0,genomicbackground,0.05668994411826134,691_8_RF00050_8_NC_000913.3_3184369-3184918_ext_40-240_int_145_off_45_percentage_20_position_116-145 genomicbackground,691,8,691_8
query_692,0,genomicbackground,1,riboswitch,0.8629128336906433,692_8_RF00050_8_NC_000913.3_3184369-3184918_ext_40-240_int_145_off_50_percentage_23_position_111-145 genomicbackground,692,8,692_8
query_693,0,genomicbackground,0,genomicbackground,0.14766868948936462,693_8_RF00050_8_NC_000913.3_3184369-3184918_ext_40-240_int_145_off_55_percentage_27_position_106-145 genomicbackground,693,8,693_8
query_694,0,genomicbackground,0,genomicbackground,0.004866024013608694,694_8_RF00050_8_NC_000913.3_3184369-3184918_ext_40-240_int_150_off_0_percentage_0_position_0-0 genomicbackground,694,8,694_8
query_695,0,genomicbackground,0,genomicbackground,0.019520776346325874,695_8_RF00050_8_NC_000913.3_3184369-3184918_ext_40-240_int_150_off_5_percentage_0_position_0-0 genomicbackground,695,8,695_8
query_696,0,genomicbackground,0,genomicbackground,0.07499207556247711,696_8_RF00050_8_NC_000913.3_3184369-3184918_ext_40-240_int_150_off_10_percentage_0_position_0-0 genomicbackground,696,8,696_8
query_697,0,genomicbackground,0,genomicbackground,0.03412525728344917,697_8_RF00050_8_NC_000913.3_3184369-3184918_ext_40-240_int_150_off_15_percentage_3_position_146-150 genomicbackground,697,8,697_8
query_698,0,genomicbackground,0,genomicbackground,0.0352267287671566,698_8_RF00050_8_NC_000913.3_3184369-3184918_ext_40-240_int_150_off_20_percentage_7_position_141-150 genomicbackground,698,8,698_8
query_699,0,genomicbackground,0,genomicbackground,0.19184079766273499,699_8_RF00050_8_NC_000913.3_3184369-3184918_ext_40-240_int_150_off_25_percentage_10_position_136-150 genomicbackground,699,8,699_8
query_700,0,genomicbackground,0,genomicbackground,0.10002629458904266,700_8_RF00050_8_NC_000913.3_3184369-3184918_ext_40-240_int_150_off_30_percentage_13_position_131-150 genomicbackground,700,8,700_8
query_701,0,genomicbackground,1,riboswitch,0.9756617546081543,701_8_RF00050_8_NC_000913.3_3184369-3184918_ext_40-240_int_150_off_35_percentage_17_position_126-150 genomicbackground,701,8,701_8
query_702,0,genomicbackground,0,genomicbackground,0.08042366802692413,702_8_RF00050_8_NC_000913.3_3184369-3184918_ext_40-240_int_150_off_40_percentage_20_position_121-150 genomicbackground,702,8,702_8
query_703,0,genomicbackground,1,riboswitch,0.9580410122871399,703_8_RF00050_8_NC_000913.3_3184369-3184918_ext_40-240_int_150_off_45_percentage_23_position_116-150 genomicbackground,703,8,703_8
query_704,0,genomicbackground,1,riboswitch,0.9166364669799805,704_8_RF00050_8_NC_000913.3_3184369-3184918_ext_40-240_int_150_off_50_percentage_27_position_111-150 genomicbackground,704,8,704_8
query_705,0,genomicbackground,0,genomicbackground,0.004918575286865234,705_8_RF00050_8_NC_000913.3_3184369-3184918_ext_40-240_int_155_off_0_percentage_0_position_0-0 genomicbackground,705,8,705_8
query_706,0,genomicbackground,0,genomicbackground,0.01642610691487789,706_8_RF00050_8_NC_000913.3_3184369-3184918_ext_40-240_int_155_off_5_percentage_0_position_0-0 genomicbackground,706,8,706_8
query_707,0,genomicbackground,0,genomicbackground,0.015756644308567047,707_8_RF00050_8_NC_000913.3_3184369-3184918_ext_40-240_int_155_off_10_percentage_3_position_151-155 genomicbackground,707,8,707_8
query_708,0,genomicbackground,0,genomicbackground,0.02128281258046627,708_8_RF00050_8_NC_000913.3_3184369-3184918_ext_40-240_int_155_off_15_percentage_7_position_146-155 genomicbackground,708,8,708_8
query_709,0,genomicbackground,0,genomicbackground,0.032653190195560455,709_8_RF00050_8_NC_000913.3_3184369-3184918_ext_40-240_int_155_off_20_percentage_10_position_141-155 genomicbackground,709,8,709_8
query_710,0,genomicbackground,0,genomicbackground,0.22446858882904053,710_8_RF00050_8_NC_000913.3_3184369-3184918_ext_40-240_int_155_off_25_percentage_13_position_136-155 genomicbackground,710,8,710_8
query_711,0,genomicbackground,1,riboswitch,0.8472532033920288,711_8_RF00050_8_NC_000913.3_3184369-3184918_ext_40-240_int_155_off_30_percentage_17_position_131-155 genomicbackground,711,8,711_8
query_712,0,genomicbackground,1,riboswitch,0.9838788509368896,712_8_RF00050_8_NC_000913.3_3184369-3184918_ext_40-240_int_155_off_35_percentage_20_position_126-155 genomicbackground,712,8,712_8
query_713,0,genomicbackground,1,riboswitch,0.9973397850990295,713_8_RF00050_8_NC_000913.3_3184369-3184918_ext_40-240_int_155_off_40_percentage_23_position_121-155 genomicbackground,713,8,713_8
query_714,0,genomicbackground,1,riboswitch,0.9942839741706848,714_8_RF00050_8_NC_000913.3_3184369-3184918_ext_40-240_int_155_off_45_percentage_27_position_116-155 genomicbackground,714,8,714_8
query_715,0,genomicbackground,0,genomicbackground,0.020711520686745644,715_8_RF00050_8_NC_000913.3_3184369-3184918_ext_40-240_int_160_off_0_percentage_0_position_0-0 genomicbackground,715,8,715_8
query_716,0,genomicbackground,0,genomicbackground,0.015562792308628559,716_8_RF00050_8_NC_000913.3_3184369-3184918_ext_40-240_int_160_off_5_percentage_3_position_156-160 genomicbackground,716,8,716_8
query_717,0,genomicbackground,0,genomicbackground,0.012678103521466255,717_8_RF00050_8_NC_000913.3_3184369-3184918_ext_40-240_int_160_off_10_percentage_7_position_151-160 genomicbackground,717,8,717_8
query_718,0,genomicbackground,0,genomicbackground,0.020468682050704956,718_8_RF00050_8_NC_000913.3_3184369-3184918_ext_40-240_int_160_off_15_percentage_10_position_146-160 genomicbackground,718,8,718_8
query_719,0,genomicbackground,0,genomicbackground,0.0904175192117691,719_8_RF00050_8_NC_000913.3_3184369-3184918_ext_40-240_int_160_off_20_percentage_13_position_141-160 genomicbackground,719,8,719_8
query_720,0,genomicbackground,1,riboswitch,0.9590676426887512,720_8_RF00050_8_NC_000913.3_3184369-3184918_ext_40-240_int_160_off_25_percentage_17_position_136-160 genomicbackground,720,8,720_8
query_721,0,genomicbackground,0,genomicbackground,0.3525877296924591,721_8_RF00050_8_NC_000913.3_3184369-3184918_ext_40-240_int_160_off_30_percentage_20_position_131-160 genomicbackground,721,8,721_8
query_722,0,genomicbackground,1,riboswitch,0.9940539002418518,722_8_RF00050_8_NC_000913.3_3184369-3184918_ext_40-240_int_160_off_35_percentage_23_position_126-160 genomicbackground,722,8,722_8
query_723,0,genomicbackground,1,riboswitch,0.9953271150588989,723_8_RF00050_8_NC_000913.3_3184369-3184918_ext_40-240_int_160_off_40_percentage_27_position_121-160 genomicbackground,723,8,723_8
query_724,0,genomicbackground,0,genomicbackground,0.019219806417822838,724_8_RF00050_8_NC_000913.3_3184369-3184918_ext_40-240_int_165_off_0_percentage_3_position_161-165 genomicbackground,724,8,724_8
query_725,0,genomicbackground,0,genomicbackground,0.012727688066661358,725_8_RF00050_8_NC_000913.3_3184369-3184918_ext_40-240_int_165_off_5_percentage_7_position_156-165 genomicbackground,725,8,725_8
query_726,0,genomicbackground,0,genomicbackground,0.013691033236682415,726_8_RF00050_8_NC_000913.3_3184369-3184918_ext_40-240_int_165_off_10_percentage_10_position_151-165 genomicbackground,726,8,726_8
query_727,0,genomicbackground,0,genomicbackground,0.021426863968372345,727_8_RF00050_8_NC_000913.3_3184369-3184918_ext_40-240_int_165_off_15_percentage_13_position_146-165 genomicbackground,727,8,727_8
query_728,0,genomicbackground,0,genomicbackground,0.1439286172389984,728_8_RF00050_8_NC_000913.3_3184369-3184918_ext_40-240_int_165_off_20_percentage_17_position_141-165 genomicbackground,728,8,728_8
query_729,0,genomicbackground,1,riboswitch,0.9504222273826599,729_8_RF00050_8_NC_000913.3_3184369-3184918_ext_40-240_int_165_off_25_percentage_20_position_136-165 genomicbackground,729,8,729_8
query_730,0,genomicbackground,1,riboswitch,0.9841606020927429,730_8_RF00050_8_NC_000913.3_3184369-3184918_ext_40-240_int_165_off_30_percentage_23_position_131-165 genomicbackground,730,8,730_8
query_731,0,genomicbackground,1,riboswitch,0.9900314807891846,731_8_RF00050_8_NC_000913.3_3184369-3184918_ext_40-240_int_165_off_35_percentage_27_position_126-165 genomicbackground,731,8,731_8
query_732,0,genomicbackground,0,genomicbackground,0.014977328479290009,732_8_RF00050_8_NC_000913.3_3184369-3184918_ext_40-240_int_170_off_0_percentage_7_position_161-170 genomicbackground,732,8,732_8
query_733,0,genomicbackground,0,genomicbackground,0.012368811294436455,733_8_RF00050_8_NC_000913.3_3184369-3184918_ext_40-240_int_170_off_5_percentage_10_position_156-170 genomicbackground,733,8,733_8
query_734,0,genomicbackground,0,genomicbackground,0.01203696895390749,734_8_RF00050_8_NC_000913.3_3184369-3184918_ext_40-240_int_170_off_10_percentage_13_position_151-170 genomicbackground,734,8,734_8
query_735,0,genomicbackground,0,genomicbackground,0.026676539331674576,735_8_RF00050_8_NC_000913.3_3184369-3184918_ext_40-240_int_170_off_15_percentage_17_position_146-170 genomicbackground,735,8,735_8
query_736,0,genomicbackground,1,riboswitch,0.7251108884811401,736_8_RF00050_8_NC_000913.3_3184369-3184918_ext_40-240_int_170_off_20_percentage_20_position_141-170 genomicbackground,736,8,736_8
query_737,0,genomicbackground,1,riboswitch,0.9855179786682129,737_8_RF00050_8_NC_000913.3_3184369-3184918_ext_40-240_int_170_off_25_percentage_23_position_136-170 genomicbackground,737,8,737_8
query_738,0,genomicbackground,1,riboswitch,0.9744792580604553,738_8_RF00050_8_NC_000913.3_3184369-3184918_ext_40-240_int_170_off_30_percentage_27_position_131-170 genomicbackground,738,8,738_8
query_739,0,genomicbackground,0,genomicbackground,0.01212910283356905,739_8_RF00050_8_NC_000913.3_3184369-3184918_ext_40-240_int_175_off_0_percentage_10_position_161-175 genomicbackground,739,8,739_8
query_740,0,genomicbackground,0,genomicbackground,0.01579226739704609,740_8_RF00050_8_NC_000913.3_3184369-3184918_ext_40-240_int_175_off_5_percentage_13_position_156-175 genomicbackground,740,8,740_8
query_741,0,genomicbackground,0,genomicbackground,0.019724871963262558,741_8_RF00050_8_NC_000913.3_3184369-3184918_ext_40-240_int_175_off_10_percentage_17_position_151-175 genomicbackground,741,8,741_8
query_742,0,genomicbackground,0,genomicbackground,0.42238929867744446,742_8_RF00050_8_NC_000913.3_3184369-3184918_ext_40-240_int_175_off_15_percentage_20_position_146-175 genomicbackground,742,8,742_8
query_743,0,genomicbackground,1,riboswitch,0.8560128808021545,743_8_RF00050_8_NC_000913.3_3184369-3184918_ext_40-240_int_175_off_20_percentage_23_position_141-175 genomicbackground,743,8,743_8
query_744,0,genomicbackground,1,riboswitch,0.9834821224212646,744_8_RF00050_8_NC_000913.3_3184369-3184918_ext_40-240_int_175_off_25_percentage_27_position_136-175 genomicbackground,744,8,744_8
query_745,0,genomicbackground,0,genomicbackground,0.014085229486227036,745_8_RF00050_8_NC_000913.3_3184369-3184918_ext_40-240_int_180_off_0_percentage_13_position_161-180 genomicbackground,745,8,745_8
query_746,0,genomicbackground,0,genomicbackground,0.01861058548092842,746_8_RF00050_8_NC_000913.3_3184369-3184918_ext_40-240_int_180_off_5_percentage_17_position_156-180 genomicbackground,746,8,746_8
query_747,0,genomicbackground,0,genomicbackground,0.08591343462467194,747_8_RF00050_8_NC_000913.3_3184369-3184918_ext_40-240_int_180_off_10_percentage_20_position_151-180 genomicbackground,747,8,747_8
query_748,0,genomicbackground,1,riboswitch,0.6850305199623108,748_8_RF00050_8_NC_000913.3_3184369-3184918_ext_40-240_int_180_off_15_percentage_23_position_146-180 genomicbackground,748,8,748_8
query_749,0,genomicbackground,1,riboswitch,0.9522873759269714,749_8_RF00050_8_NC_000913.3_3184369-3184918_ext_40-240_int_180_off_20_percentage_27_position_141-180 genomicbackground,749,8,749_8
query_750,0,genomicbackground,0,genomicbackground,0.009996304288506508,750_8_RF00050_8_NC_000913.3_3184369-3184918_ext_40-240_int_185_off_0_percentage_17_position_161-185 genomicbackground,750,8,750_8
query_751,0,genomicbackground,0,genomicbackground,0.05127523094415665,751_8_RF00050_8_NC_000913.3_3184369-3184918_ext_40-240_int_185_off_5_percentage_20_position_156-185 genomicbackground,751,8,751_8
query_752,0,genomicbackground,0,genomicbackground,0.09364877641201019,752_8_RF00050_8_NC_000913.3_3184369-3184918_ext_40-240_int_185_off_10_percentage_23_position_151-185 genomicbackground,752,8,752_8
query_753,0,genomicbackground,1,riboswitch,0.8900948166847229,753_8_RF00050_8_NC_000913.3_3184369-3184918_ext_40-240_int_185_off_15_percentage_27_position_146-185 genomicbackground,753,8,753_8
query_754,0,genomicbackground,0,genomicbackground,0.046097785234451294,754_8_RF00050_8_NC_000913.3_3184369-3184918_ext_40-240_int_190_off_0_percentage_20_position_161-190 genomicbackground,754,8,754_8
query_755,0,genomicbackground,0,genomicbackground,0.09283773601055145,755_8_RF00050_8_NC_000913.3_3184369-3184918_ext_40-240_int_190_off_5_percentage_23_position_156-190 genomicbackground,755,8,755_8
query_756,0,genomicbackground,1,riboswitch,0.5419393181800842,756_8_RF00050_8_NC_000913.3_3184369-3184918_ext_40-240_int_190_off_10_percentage_27_position_151-190 genomicbackground,756,8,756_8
query_757,0,genomicbackground,0,genomicbackground,0.10428167134523392,757_8_RF00050_8_NC_000913.3_3184369-3184918_ext_40-240_int_195_off_0_percentage_23_position_161-195 genomicbackground,757,8,757_8
query_758,0,genomicbackground,0,genomicbackground,0.14800183475017548,758_8_RF00050_8_NC_000913.3_3184369-3184918_ext_40-240_int_195_off_5_percentage_27_position_156-195 genomicbackground,758,8,758_8
query_759,0,genomicbackground,0,genomicbackground,0.045275721698999405,759_8_RF00050_8_NC_000913.3_3184369-3184918_ext_40-240_int_200_off_0_percentage_27_position_161-200 genomicbackground,759,8,759_8
query_760,0,genomicbackground,0,genomicbackground,0.027684710919857025,760_8_RF00050_8_NC_000913.3_3184369-3184918_ext_60-260_int_95_off_0_percentage_0_position_0-0 genomicbackground,760,8,760_8
query_761,0,genomicbackground,1,riboswitch,0.9985803365707397,761_8_RF00050_8_NC_000913.3_3184369-3184918_ext_60-260_int_95_off_5_percentage_0_position_0-0 genomicbackground,761,8,761_8
query_762,0,genomicbackground,1,riboswitch,0.6866578459739685,762_8_RF00050_8_NC_000913.3_3184369-3184918_ext_60-260_int_95_off_10_percentage_0_position_0-0 genomicbackground,762,8,762_8
query_763,0,genomicbackground,1,riboswitch,0.9530224800109863,763_8_RF00050_8_NC_000913.3_3184369-3184918_ext_60-260_int_95_off_15_percentage_0_position_0-0 genomicbackground,763,8,763_8
query_764,0,genomicbackground,1,riboswitch,0.9870513677597046,764_8_RF00050_8_NC_000913.3_3184369-3184918_ext_60-260_int_95_off_20_percentage_0_position_0-0 genomicbackground,764,8,764_8
query_765,0,genomicbackground,1,riboswitch,0.87490314245224,765_8_RF00050_8_NC_000913.3_3184369-3184918_ext_60-260_int_95_off_25_percentage_0_position_0-0 genomicbackground,765,8,765_8
query_766,0,genomicbackground,0,genomicbackground,0.03738230839371681,766_8_RF00050_8_NC_000913.3_3184369-3184918_ext_60-260_int_95_off_30_percentage_0_position_0-0 genomicbackground,766,8,766_8
query_767,0,genomicbackground,0,genomicbackground,0.05091734230518341,767_8_RF00050_8_NC_000913.3_3184369-3184918_ext_60-260_int_95_off_35_percentage_0_position_0-0 genomicbackground,767,8,767_8
query_768,0,genomicbackground,0,genomicbackground,0.019571315497159958,768_8_RF00050_8_NC_000913.3_3184369-3184918_ext_60-260_int_95_off_40_percentage_0_position_0-0 genomicbackground,768,8,768_8
query_769,0,genomicbackground,0,genomicbackground,0.38637128472328186,769_8_RF00050_8_NC_000913.3_3184369-3184918_ext_60-260_int_95_off_45_percentage_0_position_0-0 genomicbackground,769,8,769_8
query_770,0,genomicbackground,0,genomicbackground,0.1504891812801361,770_8_RF00050_8_NC_000913.3_3184369-3184918_ext_60-260_int_95_off_50_percentage_3_position_91-95 genomicbackground,770,8,770_8
query_771,0,genomicbackground,0,genomicbackground,0.01625382900238037,771_8_RF00050_8_NC_000913.3_3184369-3184918_ext_60-260_int_95_off_55_percentage_7_position_86-95 genomicbackground,771,8,771_8
query_772,0,genomicbackground,0,genomicbackground,0.06793548166751862,772_8_RF00050_8_NC_000913.3_3184369-3184918_ext_60-260_int_95_off_60_percentage_10_position_81-95 genomicbackground,772,8,772_8
query_773,0,genomicbackground,0,genomicbackground,0.10208526253700256,773_8_RF00050_8_NC_000913.3_3184369-3184918_ext_60-260_int_95_off_65_percentage_13_position_76-95 genomicbackground,773,8,773_8
query_774,0,genomicbackground,0,genomicbackground,0.02651236392557621,774_8_RF00050_8_NC_000913.3_3184369-3184918_ext_60-260_int_95_off_70_percentage_17_position_71-95 genomicbackground,774,8,774_8
query_775,0,genomicbackground,0,genomicbackground,0.08025564253330231,775_8_RF00050_8_NC_000913.3_3184369-3184918_ext_60-260_int_95_off_75_percentage_20_position_66-95 genomicbackground,775,8,775_8
query_776,0,genomicbackground,0,genomicbackground,0.03811093047261238,776_8_RF00050_8_NC_000913.3_3184369-3184918_ext_60-260_int_95_off_80_percentage_23_position_61-95 genomicbackground,776,8,776_8
query_777,0,genomicbackground,0,genomicbackground,0.02993445284664631,777_8_RF00050_8_NC_000913.3_3184369-3184918_ext_60-260_int_95_off_85_percentage_27_position_56-95 genomicbackground,777,8,777_8
query_778,0,genomicbackground,0,genomicbackground,0.16814278066158295,778_8_RF00050_8_NC_000913.3_3184369-3184918_ext_60-260_int_95_off_90_percentage_30_position_51-95 genomicbackground,778,8,778_8
query_779,0,genomicbackground,0,genomicbackground,0.023791953921318054,779_8_RF00050_8_NC_000913.3_3184369-3184918_ext_60-260_int_95_off_95_percentage_34_position_46-95 genomicbackground,779,8,779_8
query_780,0,genomicbackground,0,genomicbackground,0.08554825931787491,780_8_RF00050_8_NC_000913.3_3184369-3184918_ext_60-260_int_95_off_100_percentage_37_position_41-95 genomicbackground,780,8,780_8
query_781,0,genomicbackground,0,genomicbackground,0.10055084526538849,781_8_RF00050_8_NC_000913.3_3184369-3184918_ext_60-260_int_95_off_105_percentage_40_position_36-95 genomicbackground,781,8,781_8
query_782,0,genomicbackground,1,riboswitch,0.9936001300811768,782_8_RF00050_8_NC_000913.3_3184369-3184918_ext_60-260_int_100_off_0_percentage_0_position_0-0 genomicbackground,782,8,782_8
query_783,0,genomicbackground,1,riboswitch,0.9179836511611938,783_8_RF00050_8_NC_000913.3_3184369-3184918_ext_60-260_int_100_off_5_percentage_0_position_0-0 genomicbackground,783,8,783_8
query_784,0,genomicbackground,1,riboswitch,0.6608362197875977,784_8_RF00050_8_NC_000913.3_3184369-3184918_ext_60-260_int_100_off_10_percentage_0_position_0-0 genomicbackground,784,8,784_8
query_785,0,genomicbackground,1,riboswitch,0.9337600469589233,785_8_RF00050_8_NC_000913.3_3184369-3184918_ext_60-260_int_100_off_15_percentage_0_position_0-0 genomicbackground,785,8,785_8
query_786,0,genomicbackground,1,riboswitch,0.9894834160804749,786_8_RF00050_8_NC_000913.3_3184369-3184918_ext_60-260_int_100_off_20_percentage_0_position_0-0 genomicbackground,786,8,786_8
query_787,0,genomicbackground,1,riboswitch,0.5690830945968628,787_8_RF00050_8_NC_000913.3_3184369-3184918_ext_60-260_int_100_off_25_percentage_0_position_0-0 genomicbackground,787,8,787_8
query_788,0,genomicbackground,1,riboswitch,0.5451875925064087,788_8_RF00050_8_NC_000913.3_3184369-3184918_ext_60-260_int_100_off_30_percentage_0_position_0-0 genomicbackground,788,8,788_8
query_789,0,genomicbackground,0,genomicbackground,0.03850880637764931,789_8_RF00050_8_NC_000913.3_3184369-3184918_ext_60-260_int_100_off_35_percentage_0_position_0-0 genomicbackground,789,8,789_8
query_790,0,genomicbackground,0,genomicbackground,0.017336267977952957,790_8_RF00050_8_NC_000913.3_3184369-3184918_ext_60-260_int_100_off_40_percentage_0_position_0-0 genomicbackground,790,8,790_8
query_791,0,genomicbackground,0,genomicbackground,0.2142592966556549,791_8_RF00050_8_NC_000913.3_3184369-3184918_ext_60-260_int_100_off_45_percentage_3_position_96-100 genomicbackground,791,8,791_8
query_792,0,genomicbackground,0,genomicbackground,0.09110216796398163,792_8_RF00050_8_NC_000913.3_3184369-3184918_ext_60-260_int_100_off_50_percentage_7_position_91-100 genomicbackground,792,8,792_8
query_793,0,genomicbackground,0,genomicbackground,0.2106809765100479,793_8_RF00050_8_NC_000913.3_3184369-3184918_ext_60-260_int_100_off_55_percentage_10_position_86-100 genomicbackground,793,8,793_8
query_794,0,genomicbackground,0,genomicbackground,0.029837924987077713,794_8_RF00050_8_NC_000913.3_3184369-3184918_ext_60-260_int_100_off_60_percentage_13_position_81-100 genomicbackground,794,8,794_8
query_795,0,genomicbackground,0,genomicbackground,0.19929419457912445,795_8_RF00050_8_NC_000913.3_3184369-3184918_ext_60-260_int_100_off_65_percentage_17_position_76-100 genomicbackground,795,8,795_8
query_796,0,genomicbackground,0,genomicbackground,0.01608683541417122,796_8_RF00050_8_NC_000913.3_3184369-3184918_ext_60-260_int_100_off_70_percentage_20_position_71-100 genomicbackground,796,8,796_8
query_797,0,genomicbackground,0,genomicbackground,0.06500043720006943,797_8_RF00050_8_NC_000913.3_3184369-3184918_ext_60-260_int_100_off_75_percentage_23_position_66-100 genomicbackground,797,8,797_8
query_798,0,genomicbackground,0,genomicbackground,0.025213124230504036,798_8_RF00050_8_NC_000913.3_3184369-3184918_ext_60-260_int_100_off_80_percentage_27_position_61-100 genomicbackground,798,8,798_8
query_799,0,genomicbackground,0,genomicbackground,0.08460108935832977,799_8_RF00050_8_NC_000913.3_3184369-3184918_ext_60-260_int_100_off_85_percentage_30_position_56-100 genomicbackground,799,8,799_8
query_800,0,genomicbackground,0,genomicbackground,0.021522026509046555,800_8_RF00050_8_NC_000913.3_3184369-3184918_ext_60-260_int_100_off_90_percentage_34_position_51-100 genomicbackground,800,8,800_8
query_801,0,genomicbackground,0,genomicbackground,0.0738515630364418,801_8_RF00050_8_NC_000913.3_3184369-3184918_ext_60-260_int_100_off_95_percentage_37_position_46-100 genomicbackground,801,8,801_8
query_802,0,genomicbackground,0,genomicbackground,0.03969579190015793,802_8_RF00050_8_NC_000913.3_3184369-3184918_ext_60-260_int_100_off_100_percentage_40_position_41-100 genomicbackground,802,8,802_8
query_803,0,genomicbackground,1,riboswitch,0.6925694346427917,803_8_RF00050_8_NC_000913.3_3184369-3184918_ext_60-260_int_105_off_0_percentage_0_position_0-0 genomicbackground,803,8,803_8
query_804,0,genomicbackground,1,riboswitch,0.9446028470993042,804_8_RF00050_8_NC_000913.3_3184369-3184918_ext_60-260_int_105_off_5_percentage_0_position_0-0 genomicbackground,804,8,804_8
query_805,0,genomicbackground,1,riboswitch,0.6332026720046997,805_8_RF00050_8_NC_000913.3_3184369-3184918_ext_60-260_int_105_off_10_percentage_0_position_0-0 genomicbackground,805,8,805_8
query_806,0,genomicbackground,1,riboswitch,0.9267489314079285,806_8_RF00050_8_NC_000913.3_3184369-3184918_ext_60-260_int_105_off_15_percentage_0_position_0-0 genomicbackground,806,8,806_8
query_807,0,genomicbackground,1,riboswitch,0.9716306328773499,807_8_RF00050_8_NC_000913.3_3184369-3184918_ext_60-260_int_105_off_20_percentage_0_position_0-0 genomicbackground,807,8,807_8
query_808,0,genomicbackground,1,riboswitch,0.983180582523346,808_8_RF00050_8_NC_000913.3_3184369-3184918_ext_60-260_int_105_off_25_percentage_0_position_0-0 genomicbackground,808,8,808_8
query_809,0,genomicbackground,0,genomicbackground,0.21927547454833984,809_8_RF00050_8_NC_000913.3_3184369-3184918_ext_60-260_int_105_off_30_percentage_0_position_0-0 genomicbackground,809,8,809_8
query_810,0,genomicbackground,0,genomicbackground,0.020349403843283653,810_8_RF00050_8_NC_000913.3_3184369-3184918_ext_60-260_int_105_off_35_percentage_0_position_0-0 genomicbackground,810,8,810_8
query_811,0,genomicbackground,0,genomicbackground,0.028580576181411743,811_8_RF00050_8_NC_000913.3_3184369-3184918_ext_60-260_int_105_off_40_percentage_3_position_101-105 genomicbackground,811,8,811_8
query_812,0,genomicbackground,0,genomicbackground,0.1745261549949646,812_8_RF00050_8_NC_000913.3_3184369-3184918_ext_60-260_int_105_off_45_percentage_7_position_96-105 genomicbackground,812,8,812_8
query_813,0,genomicbackground,0,genomicbackground,0.06574635952711105,813_8_RF00050_8_NC_000913.3_3184369-3184918_ext_60-260_int_105_off_50_percentage_10_position_91-105 genomicbackground,813,8,813_8
query_814,0,genomicbackground,0,genomicbackground,0.06887508183717728,814_8_RF00050_8_NC_000913.3_3184369-3184918_ext_60-260_int_105_off_55_percentage_13_position_86-105 genomicbackground,814,8,814_8
query_815,0,genomicbackground,0,genomicbackground,0.035175155848264694,815_8_RF00050_8_NC_000913.3_3184369-3184918_ext_60-260_int_105_off_60_percentage_17_position_81-105 genomicbackground,815,8,815_8
query_816,0,genomicbackground,0,genomicbackground,0.01768517680466175,816_8_RF00050_8_NC_000913.3_3184369-3184918_ext_60-260_int_105_off_65_percentage_20_position_76-105 genomicbackground,816,8,816_8
query_817,0,genomicbackground,0,genomicbackground,0.08295372128486633,817_8_RF00050_8_NC_000913.3_3184369-3184918_ext_60-260_int_105_off_70_percentage_23_position_71-105 genomicbackground,817,8,817_8
query_818,0,genomicbackground,0,genomicbackground,0.25400424003601074,818_8_RF00050_8_NC_000913.3_3184369-3184918_ext_60-260_int_105_off_75_percentage_27_position_66-105 genomicbackground,818,8,818_8
query_819,0,genomicbackground,0,genomicbackground,0.057978738099336624,819_8_RF00050_8_NC_000913.3_3184369-3184918_ext_60-260_int_105_off_80_percentage_30_position_61-105 genomicbackground,819,8,819_8
query_820,0,genomicbackground,0,genomicbackground,0.016741929575800896,820_8_RF00050_8_NC_000913.3_3184369-3184918_ext_60-260_int_105_off_85_percentage_34_position_56-105 genomicbackground,820,8,820_8
query_821,0,genomicbackground,0,genomicbackground,0.09318800270557404,821_8_RF00050_8_NC_000913.3_3184369-3184918_ext_60-260_int_105_off_90_percentage_37_position_51-105 genomicbackground,821,8,821_8
query_822,0,genomicbackground,0,genomicbackground,0.055226560682058334,822_8_RF00050_8_NC_000913.3_3184369-3184918_ext_60-260_int_105_off_95_percentage_40_position_46-105 genomicbackground,822,8,822_8
query_823,0,genomicbackground,1,riboswitch,0.8748120665550232,823_8_RF00050_8_NC_000913.3_3184369-3184918_ext_60-260_int_110_off_0_percentage_0_position_0-0 genomicbackground,823,8,823_8
query_824,0,genomicbackground,1,riboswitch,0.931586742401123,824_8_RF00050_8_NC_000913.3_3184369-3184918_ext_60-260_int_110_off_5_percentage_0_position_0-0 genomicbackground,824,8,824_8
query_825,0,genomicbackground,1,riboswitch,0.5838648676872253,825_8_RF00050_8_NC_000913.3_3184369-3184918_ext_60-260_int_110_off_10_percentage_0_position_0-0 genomicbackground,825,8,825_8
query_826,0,genomicbackground,0,genomicbackground,0.3560177981853485,826_8_RF00050_8_NC_000913.3_3184369-3184918_ext_60-260_int_110_off_15_percentage_0_position_0-0 genomicbackground,826,8,826_8
query_827,0,genomicbackground,1,riboswitch,0.9480254650115967,827_8_RF00050_8_NC_000913.3_3184369-3184918_ext_60-260_int_110_off_20_percentage_0_position_0-0 genomicbackground,827,8,827_8
query_828,0,genomicbackground,1,riboswitch,0.9286287426948547,828_8_RF00050_8_NC_000913.3_3184369-3184918_ext_60-260_int_110_off_25_percentage_0_position_0-0 genomicbackground,828,8,828_8
query_829,0,genomicbackground,1,riboswitch,0.6784200072288513,829_8_RF00050_8_NC_000913.3_3184369-3184918_ext_60-260_int_110_off_30_percentage_0_position_0-0 genomicbackground,829,8,829_8
query_830,0,genomicbackground,0,genomicbackground,0.06627212464809418,830_8_RF00050_8_NC_000913.3_3184369-3184918_ext_60-260_int_110_off_35_percentage_3_position_106-110 genomicbackground,830,8,830_8
query_831,0,genomicbackground,0,genomicbackground,0.04278607293963432,831_8_RF00050_8_NC_000913.3_3184369-3184918_ext_60-260_int_110_off_40_percentage_7_position_101-110 genomicbackground,831,8,831_8
query_832,0,genomicbackground,0,genomicbackground,0.01907109096646309,832_8_RF00050_8_NC_000913.3_3184369-3184918_ext_60-260_int_110_off_45_percentage_10_position_96-110 genomicbackground,832,8,832_8
query_833,0,genomicbackground,0,genomicbackground,0.011034278199076653,833_8_RF00050_8_NC_000913.3_3184369-3184918_ext_60-260_int_110_off_50_percentage_13_position_91-110 genomicbackground,833,8,833_8
query_834,0,genomicbackground,0,genomicbackground,0.09285152703523636,834_8_RF00050_8_NC_000913.3_3184369-3184918_ext_60-260_int_110_off_55_percentage_17_position_86-110 genomicbackground,834,8,834_8
query_835,0,genomicbackground,1,riboswitch,0.6600481867790222,835_8_RF00050_8_NC_000913.3_3184369-3184918_ext_60-260_int_110_off_60_percentage_20_position_81-110 genomicbackground,835,8,835_8
query_836,0,genomicbackground,1,riboswitch,0.9348698854446411,836_8_RF00050_8_NC_000913.3_3184369-3184918_ext_60-260_int_110_off_65_percentage_23_position_76-110 genomicbackground,836,8,836_8
query_837,0,genomicbackground,1,riboswitch,0.9544000029563904,837_8_RF00050_8_NC_000913.3_3184369-3184918_ext_60-260_int_110_off_70_percentage_27_position_71-110 genomicbackground,837,8,837_8
query_838,0,genomicbackground,0,genomicbackground,0.2170148342847824,838_8_RF00050_8_NC_000913.3_3184369-3184918_ext_60-260_int_110_off_75_percentage_30_position_66-110 genomicbackground,838,8,838_8
query_839,0,genomicbackground,0,genomicbackground,0.015965459868311882,839_8_RF00050_8_NC_000913.3_3184369-3184918_ext_60-260_int_110_off_80_percentage_34_position_61-110 genomicbackground,839,8,839_8
query_840,0,genomicbackground,0,genomicbackground,0.047616682946681976,840_8_RF00050_8_NC_000913.3_3184369-3184918_ext_60-260_int_110_off_85_percentage_37_position_56-110 genomicbackground,840,8,840_8
query_841,0,genomicbackground,0,genomicbackground,0.028773868456482887,841_8_RF00050_8_NC_000913.3_3184369-3184918_ext_60-260_int_110_off_90_percentage_40_position_51-110 genomicbackground,841,8,841_8
query_842,0,genomicbackground,1,riboswitch,0.7617442011833191,842_8_RF00050_8_NC_000913.3_3184369-3184918_ext_60-260_int_115_off_0_percentage_0_position_0-0 genomicbackground,842,8,842_8
query_843,0,genomicbackground,1,riboswitch,0.9208360910415649,843_8_RF00050_8_NC_000913.3_3184369-3184918_ext_60-260_int_115_off_5_percentage_0_position_0-0 genomicbackground,843,8,843_8
query_844,0,genomicbackground,0,genomicbackground,0.08363380283117294,844_8_RF00050_8_NC_000913.3_3184369-3184918_ext_60-260_int_115_off_10_percentage_0_position_0-0 genomicbackground,844,8,844_8
query_845,0,genomicbackground,0,genomicbackground,0.25492364168167114,845_8_RF00050_8_NC_000913.3_3184369-3184918_ext_60-260_int_115_off_15_percentage_0_position_0-0 genomicbackground,845,8,845_8
query_846,0,genomicbackground,1,riboswitch,0.9011943340301514,846_8_RF00050_8_NC_000913.3_3184369-3184918_ext_60-260_int_115_off_20_percentage_0_position_0-0 genomicbackground,846,8,846_8
query_847,0,genomicbackground,1,riboswitch,0.873839795589447,847_8_RF00050_8_NC_000913.3_3184369-3184918_ext_60-260_int_115_off_25_percentage_0_position_0-0 genomicbackground,847,8,847_8
query_848,0,genomicbackground,0,genomicbackground,0.3064109683036804,848_8_RF00050_8_NC_000913.3_3184369-3184918_ext_60-260_int_115_off_30_percentage_3_position_111-115 genomicbackground,848,8,848_8
query_849,0,genomicbackground,0,genomicbackground,0.07157288491725922,849_8_RF00050_8_NC_000913.3_3184369-3184918_ext_60-260_int_115_off_35_percentage_7_position_106-115 genomicbackground,849,8,849_8
query_850,0,genomicbackground,0,genomicbackground,0.010286711156368256,850_8_RF00050_8_NC_000913.3_3184369-3184918_ext_60-260_int_115_off_40_percentage_10_position_101-115 genomicbackground,850,8,850_8
query_851,0,genomicbackground,0,genomicbackground,0.06606892496347427,851_8_RF00050_8_NC_000913.3_3184369-3184918_ext_60-260_int_115_off_45_percentage_13_position_96-115 genomicbackground,851,8,851_8
query_852,0,genomicbackground,0,genomicbackground,0.04681212082505226,852_8_RF00050_8_NC_000913.3_3184369-3184918_ext_60-260_int_115_off_50_percentage_17_position_91-115 genomicbackground,852,8,852_8
query_853,0,genomicbackground,0,genomicbackground,0.022675907239317894,853_8_RF00050_8_NC_000913.3_3184369-3184918_ext_60-260_int_115_off_55_percentage_20_position_86-115 genomicbackground,853,8,853_8
query_854,0,genomicbackground,1,riboswitch,0.7545282244682312,854_8_RF00050_8_NC_000913.3_3184369-3184918_ext_60-260_int_115_off_60_percentage_23_position_81-115 genomicbackground,854,8,854_8
query_855,0,genomicbackground,1,riboswitch,0.9926469326019287,855_8_RF00050_8_NC_000913.3_3184369-3184918_ext_60-260_int_115_off_65_percentage_27_position_76-115 genomicbackground,855,8,855_8
query_856,0,genomicbackground,1,riboswitch,0.9377705454826355,856_8_RF00050_8_NC_000913.3_3184369-3184918_ext_60-260_int_115_off_70_percentage_30_position_71-115 genomicbackground,856,8,856_8
query_857,0,genomicbackground,0,genomicbackground,0.03502025082707405,857_8_RF00050_8_NC_000913.3_3184369-3184918_ext_60-260_int_115_off_75_percentage_34_position_66-115 genomicbackground,857,8,857_8
query_858,0,genomicbackground,0,genomicbackground,0.03640370070934296,858_8_RF00050_8_NC_000913.3_3184369-3184918_ext_60-260_int_115_off_80_percentage_37_position_61-115 genomicbackground,858,8,858_8
query_859,0,genomicbackground,0,genomicbackground,0.014780810102820396,859_8_RF00050_8_NC_000913.3_3184369-3184918_ext_60-260_int_115_off_85_percentage_40_position_56-115 genomicbackground,859,8,859_8
query_860,0,genomicbackground,1,riboswitch,0.700498104095459,860_8_RF00050_8_NC_000913.3_3184369-3184918_ext_60-260_int_120_off_0_percentage_0_position_0-0 genomicbackground,860,8,860_8
query_861,0,genomicbackground,0,genomicbackground,0.4692603647708893,861_8_RF00050_8_NC_000913.3_3184369-3184918_ext_60-260_int_120_off_5_percentage_0_position_0-0 genomicbackground,861,8,861_8
query_862,0,genomicbackground,0,genomicbackground,0.08941186219453812,862_8_RF00050_8_NC_000913.3_3184369-3184918_ext_60-260_int_120_off_10_percentage_0_position_0-0 genomicbackground,862,8,862_8
query_863,0,genomicbackground,1,riboswitch,0.9252088665962219,863_8_RF00050_8_NC_000913.3_3184369-3184918_ext_60-260_int_120_off_15_percentage_0_position_0-0 genomicbackground,863,8,863_8
query_864,0,genomicbackground,1,riboswitch,0.9417727589607239,864_8_RF00050_8_NC_000913.3_3184369-3184918_ext_60-260_int_120_off_20_percentage_0_position_0-0 genomicbackground,864,8,864_8
query_865,0,genomicbackground,1,riboswitch,0.9402640461921692,865_8_RF00050_8_NC_000913.3_3184369-3184918_ext_60-260_int_120_off_25_percentage_3_position_116-120 genomicbackground,865,8,865_8
query_866,0,genomicbackground,0,genomicbackground,0.2800099551677704,866_8_RF00050_8_NC_000913.3_3184369-3184918_ext_60-260_int_120_off_30_percentage_7_position_111-120 genomicbackground,866,8,866_8
query_867,0,genomicbackground,0,genomicbackground,0.015498349443078041,867_8_RF00050_8_NC_000913.3_3184369-3184918_ext_60-260_int_120_off_35_percentage_10_position_106-120 genomicbackground,867,8,867_8
query_868,0,genomicbackground,0,genomicbackground,0.017588572576642036,868_8_RF00050_8_NC_000913.3_3184369-3184918_ext_60-260_int_120_off_40_percentage_13_position_101-120 genomicbackground,868,8,868_8
query_869,0,genomicbackground,0,genomicbackground,0.09534650295972824,869_8_RF00050_8_NC_000913.3_3184369-3184918_ext_60-260_int_120_off_45_percentage_17_position_96-120 genomicbackground,869,8,869_8
query_870,0,genomicbackground,0,genomicbackground,0.0223141647875309,870_8_RF00050_8_NC_000913.3_3184369-3184918_ext_60-260_int_120_off_50_percentage_20_position_91-120 genomicbackground,870,8,870_8
query_871,0,genomicbackground,1,riboswitch,0.7791333794593811,871_8_RF00050_8_NC_000913.3_3184369-3184918_ext_60-260_int_120_off_55_percentage_23_position_86-120 genomicbackground,871,8,871_8
query_872,0,genomicbackground,0,genomicbackground,0.06823936849832535,872_8_RF00050_8_NC_000913.3_3184369-3184918_ext_60-260_int_120_off_60_percentage_27_position_81-120 genomicbackground,872,8,872_8
query_873,0,genomicbackground,1,riboswitch,0.9007197022438049,873_8_RF00050_8_NC_000913.3_3184369-3184918_ext_60-260_int_120_off_65_percentage_30_position_76-120 genomicbackground,873,8,873_8
query_874,0,genomicbackground,0,genomicbackground,0.3334836959838867,874_8_RF00050_8_NC_000913.3_3184369-3184918_ext_60-260_int_120_off_70_percentage_34_position_71-120 genomicbackground,874,8,874_8
query_875,0,genomicbackground,0,genomicbackground,0.1368272751569748,875_8_RF00050_8_NC_000913.3_3184369-3184918_ext_60-260_int_120_off_75_percentage_37_position_66-120 genomicbackground,875,8,875_8
query_876,0,genomicbackground,0,genomicbackground,0.012227754108607769,876_8_RF00050_8_NC_000913.3_3184369-3184918_ext_60-260_int_120_off_80_percentage_40_position_61-120 genomicbackground,876,8,876_8
query_877,0,genomicbackground,0,genomicbackground,0.13766071200370789,877_8_RF00050_8_NC_000913.3_3184369-3184918_ext_60-260_int_125_off_0_percentage_0_position_0-0 genomicbackground,877,8,877_8
query_878,0,genomicbackground,0,genomicbackground,0.28051072359085083,878_8_RF00050_8_NC_000913.3_3184369-3184918_ext_60-260_int_125_off_5_percentage_0_position_0-0 genomicbackground,878,8,878_8
query_879,0,genomicbackground,0,genomicbackground,0.21132425963878632,879_8_RF00050_8_NC_000913.3_3184369-3184918_ext_60-260_int_125_off_10_percentage_0_position_0-0 genomicbackground,879,8,879_8
query_880,0,genomicbackground,1,riboswitch,0.9282701015472412,880_8_RF00050_8_NC_000913.3_3184369-3184918_ext_60-260_int_125_off_15_percentage_0_position_0-0 genomicbackground,880,8,880_8
query_881,0,genomicbackground,1,riboswitch,0.9552161693572998,881_8_RF00050_8_NC_000913.3_3184369-3184918_ext_60-260_int_125_off_20_percentage_3_position_121-125 genomicbackground,881,8,881_8
query_882,0,genomicbackground,1,riboswitch,0.891403317451477,882_8_RF00050_8_NC_000913.3_3184369-3184918_ext_60-260_int_125_off_25_percentage_7_position_116-125 genomicbackground,882,8,882_8
query_883,0,genomicbackground,0,genomicbackground,0.033838652074337006,883_8_RF00050_8_NC_000913.3_3184369-3184918_ext_60-260_int_125_off_30_percentage_10_position_111-125 genomicbackground,883,8,883_8
query_884,0,genomicbackground,0,genomicbackground,0.02222747728228569,884_8_RF00050_8_NC_000913.3_3184369-3184918_ext_60-260_int_125_off_35_percentage_13_position_106-125 genomicbackground,884,8,884_8
query_885,0,genomicbackground,0,genomicbackground,0.024635741487145424,885_8_RF00050_8_NC_000913.3_3184369-3184918_ext_60-260_int_125_off_40_percentage_17_position_101-125 genomicbackground,885,8,885_8
query_886,0,genomicbackground,0,genomicbackground,0.03480822592973709,886_8_RF00050_8_NC_000913.3_3184369-3184918_ext_60-260_int_125_off_45_percentage_20_position_96-125 genomicbackground,886,8,886_8
query_887,0,genomicbackground,1,riboswitch,0.728117823600769,887_8_RF00050_8_NC_000913.3_3184369-3184918_ext_60-260_int_125_off_50_percentage_23_position_91-125 genomicbackground,887,8,887_8
query_888,0,genomicbackground,1,riboswitch,0.9924390316009521,888_8_RF00050_8_NC_000913.3_3184369-3184918_ext_60-260_int_125_off_55_percentage_27_position_86-125 genomicbackground,888,8,888_8
query_889,0,genomicbackground,0,genomicbackground,0.049093443900346756,889_8_RF00050_8_NC_000913.3_3184369-3184918_ext_60-260_int_125_off_60_percentage_30_position_81-125 genomicbackground,889,8,889_8
query_890,0,genomicbackground,0,genomicbackground,0.086827851831913,890_8_RF00050_8_NC_000913.3_3184369-3184918_ext_60-260_int_125_off_65_percentage_34_position_76-125 genomicbackground,890,8,890_8
query_891,0,genomicbackground,0,genomicbackground,0.18298156559467316,891_8_RF00050_8_NC_000913.3_3184369-3184918_ext_60-260_int_125_off_70_percentage_37_position_71-125 genomicbackground,891,8,891_8
query_892,0,genomicbackground,0,genomicbackground,0.07309801131486893,892_8_RF00050_8_NC_000913.3_3184369-3184918_ext_60-260_int_125_off_75_percentage_40_position_66-125 genomicbackground,892,8,892_8
query_893,0,genomicbackground,0,genomicbackground,0.09296560287475586,893_8_RF00050_8_NC_000913.3_3184369-3184918_ext_60-260_int_130_off_0_percentage_0_position_0-0 genomicbackground,893,8,893_8
query_894,0,genomicbackground,0,genomicbackground,0.3497470021247864,894_8_RF00050_8_NC_000913.3_3184369-3184918_ext_60-260_int_130_off_5_percentage_0_position_0-0 genomicbackground,894,8,894_8
query_895,0,genomicbackground,0,genomicbackground,0.11647587269544601,895_8_RF00050_8_NC_000913.3_3184369-3184918_ext_60-260_int_130_off_10_percentage_0_position_0-0 genomicbackground,895,8,895_8
query_896,0,genomicbackground,0,genomicbackground,0.474992960691452,896_8_RF00050_8_NC_000913.3_3184369-3184918_ext_60-260_int_130_off_15_percentage_3_position_126-130 genomicbackground,896,8,896_8
query_897,0,genomicbackground,1,riboswitch,0.869833767414093,897_8_RF00050_8_NC_000913.3_3184369-3184918_ext_60-260_int_130_off_20_percentage_7_position_121-130 genomicbackground,897,8,897_8
query_898,0,genomicbackground,1,riboswitch,0.688800573348999,898_8_RF00050_8_NC_000913.3_3184369-3184918_ext_60-260_int_130_off_25_percentage_10_position_116-130 genomicbackground,898,8,898_8
query_899,0,genomicbackground,1,riboswitch,0.7451506853103638,899_8_RF00050_8_NC_000913.3_3184369-3184918_ext_60-260_int_130_off_30_percentage_13_position_111-130 genomicbackground,899,8,899_8
query_900,0,genomicbackground,0,genomicbackground,0.04457366093993187,900_8_RF00050_8_NC_000913.3_3184369-3184918_ext_60-260_int_130_off_35_percentage_17_position_106-130 genomicbackground,900,8,900_8
query_901,0,genomicbackground,0,genomicbackground,0.10058676451444626,901_8_RF00050_8_NC_000913.3_3184369-3184918_ext_60-260_int_130_off_40_percentage_20_position_101-130 genomicbackground,901,8,901_8
query_902,0,genomicbackground,0,genomicbackground,0.44986891746520996,902_8_RF00050_8_NC_000913.3_3184369-3184918_ext_60-260_int_130_off_45_percentage_23_position_96-130 genomicbackground,902,8,902_8
query_903,0,genomicbackground,0,genomicbackground,0.06718718260526657,903_8_RF00050_8_NC_000913.3_3184369-3184918_ext_60-260_int_130_off_50_percentage_27_position_91-130 genomicbackground,903,8,903_8
query_904,0,genomicbackground,1,riboswitch,0.9923918843269348,904_8_RF00050_8_NC_000913.3_3184369-3184918_ext_60-260_int_130_off_55_percentage_30_position_86-130 genomicbackground,904,8,904_8
query_905,0,genomicbackground,0,genomicbackground,0.024307694286108017,905_8_RF00050_8_NC_000913.3_3184369-3184918_ext_60-260_int_130_off_60_percentage_34_position_81-130 genomicbackground,905,8,905_8
query_906,0,genomicbackground,0,genomicbackground,0.32511791586875916,906_8_RF00050_8_NC_000913.3_3184369-3184918_ext_60-260_int_130_off_65_percentage_37_position_76-130 genomicbackground,906,8,906_8
query_907,0,genomicbackground,0,genomicbackground,0.07230701297521591,907_8_RF00050_8_NC_000913.3_3184369-3184918_ext_60-260_int_130_off_70_percentage_40_position_71-130 genomicbackground,907,8,907_8
query_908,0,genomicbackground,0,genomicbackground,0.11273515224456787,908_8_RF00050_8_NC_000913.3_3184369-3184918_ext_60-260_int_135_off_0_percentage_0_position_0-0 genomicbackground,908,8,908_8
query_909,0,genomicbackground,0,genomicbackground,0.41199246048927307,909_8_RF00050_8_NC_000913.3_3184369-3184918_ext_60-260_int_135_off_5_percentage_0_position_0-0 genomicbackground,909,8,909_8
query_910,0,genomicbackground,0,genomicbackground,0.17032046616077423,910_8_RF00050_8_NC_000913.3_3184369-3184918_ext_60-260_int_135_off_10_percentage_3_position_131-135 genomicbackground,910,8,910_8
query_911,0,genomicbackground,0,genomicbackground,0.2098231464624405,911_8_RF00050_8_NC_000913.3_3184369-3184918_ext_60-260_int_135_off_15_percentage_7_position_126-135 genomicbackground,911,8,911_8
query_912,0,genomicbackground,1,riboswitch,0.832389771938324,912_8_RF00050_8_NC_000913.3_3184369-3184918_ext_60-260_int_135_off_20_percentage_10_position_121-135 genomicbackground,912,8,912_8
query_913,0,genomicbackground,0,genomicbackground,0.08487322926521301,913_8_RF00050_8_NC_000913.3_3184369-3184918_ext_60-260_int_135_off_25_percentage_13_position_116-135 genomicbackground,913,8,913_8
query_914,0,genomicbackground,0,genomicbackground,0.2796691954135895,914_8_RF00050_8_NC_000913.3_3184369-3184918_ext_60-260_int_135_off_30_percentage_17_position_111-135 genomicbackground,914,8,914_8
query_915,0,genomicbackground,0,genomicbackground,0.3097922205924988,915_8_RF00050_8_NC_000913.3_3184369-3184918_ext_60-260_int_135_off_35_percentage_20_position_106-135 genomicbackground,915,8,915_8
query_916,0,genomicbackground,0,genomicbackground,0.19791541993618011,916_8_RF00050_8_NC_000913.3_3184369-3184918_ext_60-260_int_135_off_40_percentage_23_position_101-135 genomicbackground,916,8,916_8
query_917,0,genomicbackground,0,genomicbackground,0.19070012867450714,917_8_RF00050_8_NC_000913.3_3184369-3184918_ext_60-260_int_135_off_45_percentage_27_position_96-135 genomicbackground,917,8,917_8
query_918,0,genomicbackground,1,riboswitch,0.9087673425674438,918_8_RF00050_8_NC_000913.3_3184369-3184918_ext_60-260_int_135_off_50_percentage_30_position_91-135 genomicbackground,918,8,918_8
query_919,0,genomicbackground,1,riboswitch,0.9786433577537537,919_8_RF00050_8_NC_000913.3_3184369-3184918_ext_60-260_int_135_off_55_percentage_34_position_86-135 genomicbackground,919,8,919_8
query_920,0,genomicbackground,0,genomicbackground,0.024012291803956032,920_8_RF00050_8_NC_000913.3_3184369-3184918_ext_60-260_int_135_off_60_percentage_37_position_81-135 genomicbackground,920,8,920_8
query_921,0,genomicbackground,0,genomicbackground,0.1719544380903244,921_8_RF00050_8_NC_000913.3_3184369-3184918_ext_60-260_int_135_off_65_percentage_40_position_76-135 genomicbackground,921,8,921_8
query_922,0,genomicbackground,0,genomicbackground,0.09075134247541428,922_8_RF00050_8_NC_000913.3_3184369-3184918_ext_60-260_int_140_off_0_percentage_0_position_0-0 genomicbackground,922,8,922_8
query_923,0,genomicbackground,1,riboswitch,0.6411552429199219,923_8_RF00050_8_NC_000913.3_3184369-3184918_ext_60-260_int_140_off_5_percentage_3_position_136-140 genomicbackground,923,8,923_8
query_924,0,genomicbackground,0,genomicbackground,0.08381646871566772,924_8_RF00050_8_NC_000913.3_3184369-3184918_ext_60-260_int_140_off_10_percentage_7_position_131-140 genomicbackground,924,8,924_8
query_925,0,genomicbackground,1,riboswitch,0.6808076500892639,925_8_RF00050_8_NC_000913.3_3184369-3184918_ext_60-260_int_140_off_15_percentage_10_position_126-140 genomicbackground,925,8,925_8
query_926,0,genomicbackground,0,genomicbackground,0.13348715007305145,926_8_RF00050_8_NC_000913.3_3184369-3184918_ext_60-260_int_140_off_20_percentage_13_position_121-140 genomicbackground,926,8,926_8
query_927,0,genomicbackground,0,genomicbackground,0.2649654150009155,927_8_RF00050_8_NC_000913.3_3184369-3184918_ext_60-260_int_140_off_25_percentage_17_position_116-140 genomicbackground,927,8,927_8
query_928,0,genomicbackground,0,genomicbackground,0.480648934841156,928_8_RF00050_8_NC_000913.3_3184369-3184918_ext_60-260_int_140_off_30_percentage_20_position_111-140 genomicbackground,928,8,928_8
query_929,0,genomicbackground,1,riboswitch,0.5953545570373535,929_8_RF00050_8_NC_000913.3_3184369-3184918_ext_60-260_int_140_off_35_percentage_23_position_106-140 genomicbackground,929,8,929_8
query_930,0,genomicbackground,0,genomicbackground,0.05726700648665428,930_8_RF00050_8_NC_000913.3_3184369-3184918_ext_60-260_int_140_off_40_percentage_27_position_101-140 genomicbackground,930,8,930_8
query_931,0,genomicbackground,0,genomicbackground,0.06668371707201004,931_8_RF00050_8_NC_000913.3_3184369-3184918_ext_60-260_int_140_off_45_percentage_30_position_96-140 genomicbackground,931,8,931_8
query_932,0,genomicbackground,1,riboswitch,0.6596372127532959,932_8_RF00050_8_NC_000913.3_3184369-3184918_ext_60-260_int_140_off_50_percentage_34_position_91-140 genomicbackground,932,8,932_8
query_933,0,genomicbackground,1,riboswitch,0.9752793908119202,933_8_RF00050_8_NC_000913.3_3184369-3184918_ext_60-260_int_140_off_55_percentage_37_position_86-140 genomicbackground,933,8,933_8
query_934,0,genomicbackground,0,genomicbackground,0.01893320307135582,934_8_RF00050_8_NC_000913.3_3184369-3184918_ext_60-260_int_140_off_60_percentage_40_position_81-140 genomicbackground,934,8,934_8
query_935,0,genomicbackground,0,genomicbackground,0.0736444741487503,935_8_RF00050_8_NC_000913.3_3184369-3184918_ext_60-260_int_145_off_0_percentage_3_position_141-145 genomicbackground,935,8,935_8
query_936,0,genomicbackground,0,genomicbackground,0.2323664426803589,936_8_RF00050_8_NC_000913.3_3184369-3184918_ext_60-260_int_145_off_5_percentage_7_position_136-145 genomicbackground,936,8,936_8
query_937,0,genomicbackground,0,genomicbackground,0.4740285277366638,937_8_RF00050_8_NC_000913.3_3184369-3184918_ext_60-260_int_145_off_10_percentage_10_position_131-145 genomicbackground,937,8,937_8
query_938,0,genomicbackground,1,riboswitch,0.8787468671798706,938_8_RF00050_8_NC_000913.3_3184369-3184918_ext_60-260_int_145_off_15_percentage_13_position_126-145 genomicbackground,938,8,938_8
query_939,0,genomicbackground,0,genomicbackground,0.43888017535209656,939_8_RF00050_8_NC_000913.3_3184369-3184918_ext_60-260_int_145_off_20_percentage_17_position_121-145 genomicbackground,939,8,939_8
query_940,0,genomicbackground,0,genomicbackground,0.05668994411826134,940_8_RF00050_8_NC_000913.3_3184369-3184918_ext_60-260_int_145_off_25_percentage_20_position_116-145 genomicbackground,940,8,940_8
query_941,0,genomicbackground,1,riboswitch,0.8629128336906433,941_8_RF00050_8_NC_000913.3_3184369-3184918_ext_60-260_int_145_off_30_percentage_23_position_111-145 genomicbackground,941,8,941_8
query_942,0,genomicbackground,0,genomicbackground,0.14766868948936462,942_8_RF00050_8_NC_000913.3_3184369-3184918_ext_60-260_int_145_off_35_percentage_27_position_106-145 genomicbackground,942,8,942_8
query_943,0,genomicbackground,0,genomicbackground,0.3504233956336975,943_8_RF00050_8_NC_000913.3_3184369-3184918_ext_60-260_int_145_off_40_percentage_30_position_101-145 genomicbackground,943,8,943_8
query_944,0,genomicbackground,0,genomicbackground,0.4561006724834442,944_8_RF00050_8_NC_000913.3_3184369-3184918_ext_60-260_int_145_off_45_percentage_34_position_96-145 genomicbackground,944,8,944_8
query_945,0,genomicbackground,1,riboswitch,0.6602094769477844,945_8_RF00050_8_NC_000913.3_3184369-3184918_ext_60-260_int_145_off_50_percentage_37_position_91-145 genomicbackground,945,8,945_8
query_946,0,genomicbackground,1,riboswitch,0.9109787940979004,946_8_RF00050_8_NC_000913.3_3184369-3184918_ext_60-260_int_145_off_55_percentage_40_position_86-145 genomicbackground,946,8,946_8
query_947,0,genomicbackground,0,genomicbackground,0.0352267287671566,947_8_RF00050_8_NC_000913.3_3184369-3184918_ext_60-260_int_150_off_0_percentage_7_position_141-150 genomicbackground,947,8,947_8
query_948,0,genomicbackground,0,genomicbackground,0.19184079766273499,948_8_RF00050_8_NC_000913.3_3184369-3184918_ext_60-260_int_150_off_5_percentage_10_position_136-150 genomicbackground,948,8,948_8
query_949,0,genomicbackground,0,genomicbackground,0.10002629458904266,949_8_RF00050_8_NC_000913.3_3184369-3184918_ext_60-260_int_150_off_10_percentage_13_position_131-150 genomicbackground,949,8,949_8
query_950,0,genomicbackground,1,riboswitch,0.9756617546081543,950_8_RF00050_8_NC_000913.3_3184369-3184918_ext_60-260_int_150_off_15_percentage_17_position_126-150 genomicbackground,950,8,950_8
query_951,0,genomicbackground,0,genomicbackground,0.08042366802692413,951_8_RF00050_8_NC_000913.3_3184369-3184918_ext_60-260_int_150_off_20_percentage_20_position_121-150 genomicbackground,951,8,951_8
query_952,0,genomicbackground,1,riboswitch,0.9580410122871399,952_8_RF00050_8_NC_000913.3_3184369-3184918_ext_60-260_int_150_off_25_percentage_23_position_116-150 genomicbackground,952,8,952_8
query_953,0,genomicbackground,1,riboswitch,0.9166364073753357,953_8_RF00050_8_NC_000913.3_3184369-3184918_ext_60-260_int_150_off_30_percentage_27_position_111-150 genomicbackground,953,8,953_8
query_954,0,genomicbackground,1,riboswitch,0.7463942766189575,954_8_RF00050_8_NC_000913.3_3184369-3184918_ext_60-260_int_150_off_35_percentage_30_position_106-150 genomicbackground,954,8,954_8
query_955,0,genomicbackground,0,genomicbackground,0.049308888614177704,955_8_RF00050_8_NC_000913.3_3184369-3184918_ext_60-260_int_150_off_40_percentage_34_position_101-150 genomicbackground,955,8,955_8
query_956,0,genomicbackground,1,riboswitch,0.5010287761688232,956_8_RF00050_8_NC_000913.3_3184369-3184918_ext_60-260_int_150_off_45_percentage_37_position_96-150 genomicbackground,956,8,956_8
query_957,0,genomicbackground,0,genomicbackground,0.037774864584207535,957_8_RF00050_8_NC_000913.3_3184369-3184918_ext_60-260_int_150_off_50_percentage_40_position_91-150 genomicbackground,957,8,957_8
query_958,0,genomicbackground,0,genomicbackground,0.032653190195560455,958_8_RF00050_8_NC_000913.3_3184369-3184918_ext_60-260_int_155_off_0_percentage_10_position_141-155 genomicbackground,958,8,958_8
query_959,0,genomicbackground,0,genomicbackground,0.22446858882904053,959_8_RF00050_8_NC_000913.3_3184369-3184918_ext_60-260_int_155_off_5_percentage_13_position_136-155 genomicbackground,959,8,959_8
query_960,0,genomicbackground,1,riboswitch,0.8472535014152527,960_8_RF00050_8_NC_000913.3_3184369-3184918_ext_60-260_int_155_off_10_percentage_17_position_131-155 genomicbackground,960,8,960_8
query_961,0,genomicbackground,1,riboswitch,0.9838788509368896,961_8_RF00050_8_NC_000913.3_3184369-3184918_ext_60-260_int_155_off_15_percentage_20_position_126-155 genomicbackground,961,8,961_8
query_962,0,genomicbackground,1,riboswitch,0.9973397850990295,962_8_RF00050_8_NC_000913.3_3184369-3184918_ext_60-260_int_155_off_20_percentage_23_position_121-155 genomicbackground,962,8,962_8
query_963,0,genomicbackground,1,riboswitch,0.9942839741706848,963_8_RF00050_8_NC_000913.3_3184369-3184918_ext_60-260_int_155_off_25_percentage_27_position_116-155 genomicbackground,963,8,963_8
query_964,0,genomicbackground,1,riboswitch,0.9439612627029419,964_8_RF00050_8_NC_000913.3_3184369-3184918_ext_60-260_int_155_off_30_percentage_30_position_111-155 genomicbackground,964,8,964_8
query_965,0,genomicbackground,0,genomicbackground,0.08171941339969635,965_8_RF00050_8_NC_000913.3_3184369-3184918_ext_60-260_int_155_off_35_percentage_34_position_106-155 genomicbackground,965,8,965_8
query_966,0,genomicbackground,0,genomicbackground,0.1367972493171692,966_8_RF00050_8_NC_000913.3_3184369-3184918_ext_60-260_int_155_off_40_percentage_37_position_101-155 genomicbackground,966,8,966_8
query_967,0,genomicbackground,0,genomicbackground,0.11715442687273026,967_8_RF00050_8_NC_000913.3_3184369-3184918_ext_60-260_int_155_off_45_percentage_40_position_96-155 genomicbackground,967,8,967_8
query_968,0,genomicbackground,0,genomicbackground,0.0904175192117691,968_8_RF00050_8_NC_000913.3_3184369-3184918_ext_60-260_int_160_off_0_percentage_13_position_141-160 genomicbackground,968,8,968_8
query_969,0,genomicbackground,1,riboswitch,0.9590676426887512,969_8_RF00050_8_NC_000913.3_3184369-3184918_ext_60-260_int_160_off_5_percentage_17_position_136-160 genomicbackground,969,8,969_8
query_970,0,genomicbackground,0,genomicbackground,0.3525877296924591,970_8_RF00050_8_NC_000913.3_3184369-3184918_ext_60-260_int_160_off_10_percentage_20_position_131-160 genomicbackground,970,8,970_8
query_971,0,genomicbackground,1,riboswitch,0.9940539002418518,971_8_RF00050_8_NC_000913.3_3184369-3184918_ext_60-260_int_160_off_15_percentage_23_position_126-160 genomicbackground,971,8,971_8
query_972,0,genomicbackground,1,riboswitch,0.9953271150588989,972_8_RF00050_8_NC_000913.3_3184369-3184918_ext_60-260_int_160_off_20_percentage_27_position_121-160 genomicbackground,972,8,972_8
query_973,0,genomicbackground,1,riboswitch,0.9930849075317383,973_8_RF00050_8_NC_000913.3_3184369-3184918_ext_60-260_int_160_off_25_percentage_30_position_116-160 genomicbackground,973,8,973_8
query_974,0,genomicbackground,1,riboswitch,0.5139110088348389,974_8_RF00050_8_NC_000913.3_3184369-3184918_ext_60-260_int_160_off_30_percentage_34_position_111-160 genomicbackground,974,8,974_8
query_975,0,genomicbackground,0,genomicbackground,0.3497868776321411,975_8_RF00050_8_NC_000913.3_3184369-3184918_ext_60-260_int_160_off_35_percentage_37_position_106-160 genomicbackground,975,8,975_8
query_976,0,genomicbackground,0,genomicbackground,0.0604923851788044,976_8_RF00050_8_NC_000913.3_3184369-3184918_ext_60-260_int_160_off_40_percentage_40_position_101-160 genomicbackground,976,8,976_8
query_977,0,genomicbackground,0,genomicbackground,0.1439286172389984,977_8_RF00050_8_NC_000913.3_3184369-3184918_ext_60-260_int_165_off_0_percentage_17_position_141-165 genomicbackground,977,8,977_8
query_978,0,genomicbackground,1,riboswitch,0.9504222273826599,978_8_RF00050_8_NC_000913.3_3184369-3184918_ext_60-260_int_165_off_5_percentage_20_position_136-165 genomicbackground,978,8,978_8
query_979,0,genomicbackground,1,riboswitch,0.9841606020927429,979_8_RF00050_8_NC_000913.3_3184369-3184918_ext_60-260_int_165_off_10_percentage_23_position_131-165 genomicbackground,979,8,979_8
query_980,0,genomicbackground,1,riboswitch,0.9900314807891846,980_8_RF00050_8_NC_000913.3_3184369-3184918_ext_60-260_int_165_off_15_percentage_27_position_126-165 genomicbackground,980,8,980_8
query_981,0,genomicbackground,1,riboswitch,0.9940364360809326,981_8_RF00050_8_NC_000913.3_3184369-3184918_ext_60-260_int_165_off_20_percentage_30_position_121-165 genomicbackground,981,8,981_8
query_982,0,genomicbackground,1,riboswitch,0.9812366962432861,982_8_RF00050_8_NC_000913.3_3184369-3184918_ext_60-260_int_165_off_25_percentage_34_position_116-165 genomicbackground,982,8,982_8
query_983,0,genomicbackground,0,genomicbackground,0.09466850012540817,983_8_RF00050_8_NC_000913.3_3184369-3184918_ext_60-260_int_165_off_30_percentage_37_position_111-165 genomicbackground,983,8,983_8
query_984,0,genomicbackground,0,genomicbackground,0.1302373707294464,984_8_RF00050_8_NC_000913.3_3184369-3184918_ext_60-260_int_165_off_35_percentage_40_position_106-165 genomicbackground,984,8,984_8
query_985,0,genomicbackground,1,riboswitch,0.725111186504364,985_8_RF00050_8_NC_000913.3_3184369-3184918_ext_60-260_int_170_off_0_percentage_20_position_141-170 genomicbackground,985,8,985_8
query_986,0,genomicbackground,1,riboswitch,0.9855179786682129,986_8_RF00050_8_NC_000913.3_3184369-3184918_ext_60-260_int_170_off_5_percentage_23_position_136-170 genomicbackground,986,8,986_8
query_987,0,genomicbackground,1,riboswitch,0.9744792580604553,987_8_RF00050_8_NC_000913.3_3184369-3184918_ext_60-260_int_170_off_10_percentage_27_position_131-170 genomicbackground,987,8,987_8
query_988,0,genomicbackground,1,riboswitch,0.9885010719299316,988_8_RF00050_8_NC_000913.3_3184369-3184918_ext_60-260_int_170_off_15_percentage_30_position_126-170 genomicbackground,988,8,988_8
query_989,0,genomicbackground,1,riboswitch,0.9886732697486877,989_8_RF00050_8_NC_000913.3_3184369-3184918_ext_60-260_int_170_off_20_percentage_34_position_121-170 genomicbackground,989,8,989_8
query_990,0,genomicbackground,1,riboswitch,0.9822492599487305,990_8_RF00050_8_NC_000913.3_3184369-3184918_ext_60-260_int_170_off_25_percentage_37_position_116-170 genomicbackground,990,8,990_8
query_991,0,genomicbackground,1,riboswitch,0.727827787399292,991_8_RF00050_8_NC_000913.3_3184369-3184918_ext_60-260_int_170_off_30_percentage_40_position_111-170 genomicbackground,991,8,991_8
query_992,0,genomicbackground,1,riboswitch,0.8560130000114441,992_8_RF00050_8_NC_000913.3_3184369-3184918_ext_60-260_int_175_off_0_percentage_23_position_141-175 genomicbackground,992,8,992_8
query_993,0,genomicbackground,1,riboswitch,0.9834821224212646,993_8_RF00050_8_NC_000913.3_3184369-3184918_ext_60-260_int_175_off_5_percentage_27_position_136-175 genomicbackground,993,8,993_8
query_994,0,genomicbackground,1,riboswitch,0.975793719291687,994_8_RF00050_8_NC_000913.3_3184369-3184918_ext_60-260_int_175_off_10_percentage_30_position_131-175 genomicbackground,994,8,994_8
query_995,0,genomicbackground,1,riboswitch,0.961155891418457,995_8_RF00050_8_NC_000913.3_3184369-3184918_ext_60-260_int_175_off_15_percentage_34_position_126-175 genomicbackground,995,8,995_8
query_996,0,genomicbackground,1,riboswitch,0.987206757068634,996_8_RF00050_8_NC_000913.3_3184369-3184918_ext_60-260_int_175_off_20_percentage_37_position_121-175 genomicbackground,996,8,996_8
query_997,0,genomicbackground,1,riboswitch,0.972963273525238,997_8_RF00050_8_NC_000913.3_3184369-3184918_ext_60-260_int_175_off_25_percentage_40_position_116-175 genomicbackground,997,8,997_8
query_998,0,genomicbackground,1,riboswitch,0.9522873759269714,998_8_RF00050_8_NC_000913.3_3184369-3184918_ext_60-260_int_180_off_0_percentage_27_position_141-180 genomicbackground,998,8,998_8
query_999,0,genomicbackground,1,riboswitch,0.9854801297187805,999_8_RF00050_8_NC_000913.3_3184369-3184918_ext_60-260_int_180_off_5_percentage_30_position_136-180 genomicbackground,999,8,999_8
query_1000,0,genomicbackground,1,riboswitch,0.8815960884094238,1000_8_RF00050_8_NC_000913.3_3184369-3184918_ext_60-260_int_180_off_10_percentage_34_position_131-180 genomicbackground,1000,8,1000_8
query_1001,0,genomicbackground,1,riboswitch,0.9616111516952515,1001_8_RF00050_8_NC_000913.3_3184369-3184918_ext_60-260_int_180_off_15_percentage_37_position_126-180 genomicbackground,1001,8,1001_8
query_1002,0,genomicbackground,1,riboswitch,0.9791656136512756,1002_8_RF00050_8_NC_000913.3_3184369-3184918_ext_60-260_int_180_off_20_percentage_40_position_121-180 genomicbackground,1002,8,1002_8
query_1003,0,genomicbackground,1,riboswitch,0.964767575263977,1003_8_RF00050_8_NC_000913.3_3184369-3184918_ext_60-260_int_185_off_0_percentage_30_position_141-185 genomicbackground,1003,8,1003_8
query_1004,0,genomicbackground,1,riboswitch,0.9572117924690247,1004_8_RF00050_8_NC_000913.3_3184369-3184918_ext_60-260_int_185_off_5_percentage_34_position_136-185 genomicbackground,1004,8,1004_8
query_1005,0,genomicbackground,1,riboswitch,0.8904110789299011,1005_8_RF00050_8_NC_000913.3_3184369-3184918_ext_60-260_int_185_off_10_percentage_37_position_131-185 genomicbackground,1005,8,1005_8
query_1006,0,genomicbackground,1,riboswitch,0.9120476841926575,1006_8_RF00050_8_NC_000913.3_3184369-3184918_ext_60-260_int_185_off_15_percentage_40_position_126-185 genomicbackground,1006,8,1006_8
query_1007,0,genomicbackground,1,riboswitch,0.8356895446777344,1007_8_RF00050_8_NC_000913.3_3184369-3184918_ext_60-260_int_190_off_0_percentage_34_position_141-190 genomicbackground,1007,8,1007_8
query_1008,0,genomicbackground,1,riboswitch,0.9437365531921387,1008_8_RF00050_8_NC_000913.3_3184369-3184918_ext_60-260_int_190_off_5_percentage_37_position_136-190 genomicbackground,1008,8,1008_8
query_1009,0,genomicbackground,1,riboswitch,0.7561591267585754,1009_8_RF00050_8_NC_000913.3_3184369-3184918_ext_60-260_int_190_off_10_percentage_40_position_131-190 genomicbackground,1009,8,1009_8
query_1010,0,genomicbackground,1,riboswitch,0.8149778842926025,1010_8_RF00050_8_NC_000913.3_3184369-3184918_ext_60-260_int_195_off_0_percentage_37_position_141-195 genomicbackground,1010,8,1010_8
query_1011,0,genomicbackground,1,riboswitch,0.9806638956069946,1011_8_RF00050_8_NC_000913.3_3184369-3184918_ext_60-260_int_195_off_5_percentage_40_position_136-195 genomicbackground,1011,8,1011_8
query_1012,0,genomicbackground,1,riboswitch,0.864913284778595,1012_8_RF00050_8_NC_000913.3_3184369-3184918_ext_60-260_int_200_off_0_percentage_40_position_141-200 genomicbackground,1012,8,1012_8
query_1013,0,genomicbackground,1,riboswitch,0.9870513677597046,1013_8_RF00050_8_NC_000913.3_3184369-3184918_ext_80-280_int_95_off_0_percentage_0_position_0-0 genomicbackground,1013,8,1013_8
query_1014,0,genomicbackground,1,riboswitch,0.87490314245224,1014_8_RF00050_8_NC_000913.3_3184369-3184918_ext_80-280_int_95_off_5_percentage_0_position_0-0 genomicbackground,1014,8,1014_8
query_1015,0,genomicbackground,0,genomicbackground,0.03738230839371681,1015_8_RF00050_8_NC_000913.3_3184369-3184918_ext_80-280_int_95_off_10_percentage_0_position_0-0 genomicbackground,1015,8,1015_8
query_1016,0,genomicbackground,0,genomicbackground,0.050917305052280426,1016_8_RF00050_8_NC_000913.3_3184369-3184918_ext_80-280_int_95_off_15_percentage_0_position_0-0 genomicbackground,1016,8,1016_8
query_1017,0,genomicbackground,0,genomicbackground,0.019571296870708466,1017_8_RF00050_8_NC_000913.3_3184369-3184918_ext_80-280_int_95_off_20_percentage_0_position_0-0 genomicbackground,1017,8,1017_8
query_1018,0,genomicbackground,0,genomicbackground,0.38637128472328186,1018_8_RF00050_8_NC_000913.3_3184369-3184918_ext_80-280_int_95_off_25_percentage_0_position_0-0 genomicbackground,1018,8,1018_8
query_1019,0,genomicbackground,0,genomicbackground,0.1504891812801361,1019_8_RF00050_8_NC_000913.3_3184369-3184918_ext_80-280_int_95_off_30_percentage_3_position_91-95 genomicbackground,1019,8,1019_8
query_1020,0,genomicbackground,0,genomicbackground,0.01625382900238037,1020_8_RF00050_8_NC_000913.3_3184369-3184918_ext_80-280_int_95_off_35_percentage_7_position_86-95 genomicbackground,1020,8,1020_8
query_1021,0,genomicbackground,0,genomicbackground,0.06793548166751862,1021_8_RF00050_8_NC_000913.3_3184369-3184918_ext_80-280_int_95_off_40_percentage_10_position_81-95 genomicbackground,1021,8,1021_8
query_1022,0,genomicbackground,0,genomicbackground,0.10208526253700256,1022_8_RF00050_8_NC_000913.3_3184369-3184918_ext_80-280_int_95_off_45_percentage_13_position_76-95 genomicbackground,1022,8,1022_8
query_1023,0,genomicbackground,0,genomicbackground,0.02651236392557621,1023_8_RF00050_8_NC_000913.3_3184369-3184918_ext_80-280_int_95_off_50_percentage_17_position_71-95 genomicbackground,1023,8,1023_8
query_1024,0,genomicbackground,0,genomicbackground,0.08025562763214111,1024_8_RF00050_8_NC_000913.3_3184369-3184918_ext_80-280_int_95_off_55_percentage_20_position_66-95 genomicbackground,1024,8,1024_8
query_1025,0,genomicbackground,0,genomicbackground,0.03811093047261238,1025_8_RF00050_8_NC_000913.3_3184369-3184918_ext_80-280_int_95_off_60_percentage_23_position_61-95 genomicbackground,1025,8,1025_8
query_1026,0,genomicbackground,0,genomicbackground,0.02993445284664631,1026_8_RF00050_8_NC_000913.3_3184369-3184918_ext_80-280_int_95_off_65_percentage_27_position_56-95 genomicbackground,1026,8,1026_8
query_1027,0,genomicbackground,0,genomicbackground,0.16814278066158295,1027_8_RF00050_8_NC_000913.3_3184369-3184918_ext_80-280_int_95_off_70_percentage_30_position_51-95 genomicbackground,1027,8,1027_8
query_1028,0,genomicbackground,0,genomicbackground,0.023791953921318054,1028_8_RF00050_8_NC_000913.3_3184369-3184918_ext_80-280_int_95_off_75_percentage_34_position_46-95 genomicbackground,1028,8,1028_8
query_1029,0,genomicbackground,0,genomicbackground,0.08554825931787491,1029_8_RF00050_8_NC_000913.3_3184369-3184918_ext_80-280_int_95_off_80_percentage_37_position_41-95 genomicbackground,1029,8,1029_8
query_1030,0,genomicbackground,0,genomicbackground,0.10055084526538849,1030_8_RF00050_8_NC_000913.3_3184369-3184918_ext_80-280_int_95_off_85_percentage_40_position_36-95 genomicbackground,1030,8,1030_8
query_1031,0,genomicbackground,0,genomicbackground,0.2259976863861084,1031_8_RF00050_8_NC_000913.3_3184369-3184918_ext_80-280_int_95_off_90_percentage_44_position_31-95 genomicbackground,1031,8,1031_8
query_1032,0,genomicbackground,0,genomicbackground,0.016967976465821266,1032_8_RF00050_8_NC_000913.3_3184369-3184918_ext_80-280_int_95_off_95_percentage_47_position_26-95 genomicbackground,1032,8,1032_8
query_1033,0,genomicbackground,0,genomicbackground,0.036257315427064896,1033_8_RF00050_8_NC_000913.3_3184369-3184918_ext_80-280_int_95_off_100_percentage_50_position_21-95 genomicbackground,1033,8,1033_8
query_1034,0,genomicbackground,0,genomicbackground,0.19865106046199799,1034_8_RF00050_8_NC_000913.3_3184369-3184918_ext_80-280_int_95_off_105_percentage_54_position_16-95 genomicbackground,1034,8,1034_8
query_1035,0,genomicbackground,1,riboswitch,0.9894834160804749,1035_8_RF00050_8_NC_000913.3_3184369-3184918_ext_80-280_int_100_off_0_percentage_0_position_0-0 genomicbackground,1035,8,1035_8
query_1036,0,genomicbackground,1,riboswitch,0.5690830945968628,1036_8_RF00050_8_NC_000913.3_3184369-3184918_ext_80-280_int_100_off_5_percentage_0_position_0-0 genomicbackground,1036,8,1036_8
query_1037,0,genomicbackground,1,riboswitch,0.5451875925064087,1037_8_RF00050_8_NC_000913.3_3184369-3184918_ext_80-280_int_100_off_10_percentage_0_position_0-0 genomicbackground,1037,8,1037_8
query_1038,0,genomicbackground,0,genomicbackground,0.03850880637764931,1038_8_RF00050_8_NC_000913.3_3184369-3184918_ext_80-280_int_100_off_15_percentage_0_position_0-0 genomicbackground,1038,8,1038_8
query_1039,0,genomicbackground,0,genomicbackground,0.017336267977952957,1039_8_RF00050_8_NC_000913.3_3184369-3184918_ext_80-280_int_100_off_20_percentage_0_position_0-0 genomicbackground,1039,8,1039_8
query_1040,0,genomicbackground,0,genomicbackground,0.2142592966556549,1040_8_RF00050_8_NC_000913.3_3184369-3184918_ext_80-280_int_100_off_25_percentage_3_position_96-100 genomicbackground,1040,8,1040_8
query_1041,0,genomicbackground,0,genomicbackground,0.09110216796398163,1041_8_RF00050_8_NC_000913.3_3184369-3184918_ext_80-280_int_100_off_30_percentage_7_position_91-100 genomicbackground,1041,8,1041_8
query_1042,0,genomicbackground,0,genomicbackground,0.2106809765100479,1042_8_RF00050_8_NC_000913.3_3184369-3184918_ext_80-280_int_100_off_35_percentage_10_position_86-100 genomicbackground,1042,8,1042_8
query_1043,0,genomicbackground,0,genomicbackground,0.029837924987077713,1043_8_RF00050_8_NC_000913.3_3184369-3184918_ext_80-280_int_100_off_40_percentage_13_position_81-100 genomicbackground,1043,8,1043_8
query_1044,0,genomicbackground,0,genomicbackground,0.19929419457912445,1044_8_RF00050_8_NC_000913.3_3184369-3184918_ext_80-280_int_100_off_45_percentage_17_position_76-100 genomicbackground,1044,8,1044_8
query_1045,0,genomicbackground,0,genomicbackground,0.01608683541417122,1045_8_RF00050_8_NC_000913.3_3184369-3184918_ext_80-280_int_100_off_50_percentage_20_position_71-100 genomicbackground,1045,8,1045_8
query_1046,0,genomicbackground,0,genomicbackground,0.06500043720006943,1046_8_RF00050_8_NC_000913.3_3184369-3184918_ext_80-280_int_100_off_55_percentage_23_position_66-100 genomicbackground,1046,8,1046_8
query_1047,0,genomicbackground,0,genomicbackground,0.025213124230504036,1047_8_RF00050_8_NC_000913.3_3184369-3184918_ext_80-280_int_100_off_60_percentage_27_position_61-100 genomicbackground,1047,8,1047_8
query_1048,0,genomicbackground,0,genomicbackground,0.08460107445716858,1048_8_RF00050_8_NC_000913.3_3184369-3184918_ext_80-280_int_100_off_65_percentage_30_position_56-100 genomicbackground,1048,8,1048_8
query_1049,0,genomicbackground,0,genomicbackground,0.02152201160788536,1049_8_RF00050_8_NC_000913.3_3184369-3184918_ext_80-280_int_100_off_70_percentage_34_position_51-100 genomicbackground,1049,8,1049_8
query_1050,0,genomicbackground,0,genomicbackground,0.0738515630364418,1050_8_RF00050_8_NC_000913.3_3184369-3184918_ext_80-280_int_100_off_75_percentage_37_position_46-100 genomicbackground,1050,8,1050_8
query_1051,0,genomicbackground,0,genomicbackground,0.03969579190015793,1051_8_RF00050_8_NC_000913.3_3184369-3184918_ext_80-280_int_100_off_80_percentage_40_position_41-100 genomicbackground,1051,8,1051_8
query_1052,0,genomicbackground,0,genomicbackground,0.07614394277334213,1052_8_RF00050_8_NC_000913.3_3184369-3184918_ext_80-280_int_100_off_85_percentage_44_position_36-100 genomicbackground,1052,8,1052_8
query_1053,0,genomicbackground,0,genomicbackground,0.09382448345422745,1053_8_RF00050_8_NC_000913.3_3184369-3184918_ext_80-280_int_100_off_90_percentage_47_position_31-100 genomicbackground,1053,8,1053_8
query_1054,0,genomicbackground,0,genomicbackground,0.037317294627428055,1054_8_RF00050_8_NC_000913.3_3184369-3184918_ext_80-280_int_100_off_95_percentage_50_position_26-100 genomicbackground,1054,8,1054_8
query_1055,0,genomicbackground,0,genomicbackground,0.046780750155448914,1055_8_RF00050_8_NC_000913.3_3184369-3184918_ext_80-280_int_100_off_100_percentage_54_position_21-100 genomicbackground,1055,8,1055_8
query_1056,0,genomicbackground,1,riboswitch,0.9716306328773499,1056_8_RF00050_8_NC_000913.3_3184369-3184918_ext_80-280_int_105_off_0_percentage_0_position_0-0 genomicbackground,1056,8,1056_8
query_1057,0,genomicbackground,1,riboswitch,0.983180582523346,1057_8_RF00050_8_NC_000913.3_3184369-3184918_ext_80-280_int_105_off_5_percentage_0_position_0-0 genomicbackground,1057,8,1057_8
query_1058,0,genomicbackground,0,genomicbackground,0.21927547454833984,1058_8_RF00050_8_NC_000913.3_3184369-3184918_ext_80-280_int_105_off_10_percentage_0_position_0-0 genomicbackground,1058,8,1058_8
query_1059,0,genomicbackground,0,genomicbackground,0.020349403843283653,1059_8_RF00050_8_NC_000913.3_3184369-3184918_ext_80-280_int_105_off_15_percentage_0_position_0-0 genomicbackground,1059,8,1059_8
query_1060,0,genomicbackground,0,genomicbackground,0.028580576181411743,1060_8_RF00050_8_NC_000913.3_3184369-3184918_ext_80-280_int_105_off_20_percentage_3_position_101-105 genomicbackground,1060,8,1060_8
query_1061,0,genomicbackground,0,genomicbackground,0.1745261549949646,1061_8_RF00050_8_NC_000913.3_3184369-3184918_ext_80-280_int_105_off_25_percentage_7_position_96-105 genomicbackground,1061,8,1061_8
query_1062,0,genomicbackground,0,genomicbackground,0.06574635952711105,1062_8_RF00050_8_NC_000913.3_3184369-3184918_ext_80-280_int_105_off_30_percentage_10_position_91-105 genomicbackground,1062,8,1062_8
query_1063,0,genomicbackground,0,genomicbackground,0.06887508183717728,1063_8_RF00050_8_NC_000913.3_3184369-3184918_ext_80-280_int_105_off_35_percentage_13_position_86-105 genomicbackground,1063,8,1063_8
query_1064,0,genomicbackground,0,genomicbackground,0.035175155848264694,1064_8_RF00050_8_NC_000913.3_3184369-3184918_ext_80-280_int_105_off_40_percentage_17_position_81-105 genomicbackground,1064,8,1064_8
query_1065,0,genomicbackground,0,genomicbackground,0.01768517680466175,1065_8_RF00050_8_NC_000913.3_3184369-3184918_ext_80-280_int_105_off_45_percentage_20_position_76-105 genomicbackground,1065,8,1065_8
query_1066,0,genomicbackground,0,genomicbackground,0.08295372128486633,1066_8_RF00050_8_NC_000913.3_3184369-3184918_ext_80-280_int_105_off_50_percentage_23_position_71-105 genomicbackground,1066,8,1066_8
query_1067,0,genomicbackground,0,genomicbackground,0.25400424003601074,1067_8_RF00050_8_NC_000913.3_3184369-3184918_ext_80-280_int_105_off_55_percentage_27_position_66-105 genomicbackground,1067,8,1067_8
query_1068,0,genomicbackground,0,genomicbackground,0.057978738099336624,1068_8_RF00050_8_NC_000913.3_3184369-3184918_ext_80-280_int_105_off_60_percentage_30_position_61-105 genomicbackground,1068,8,1068_8
query_1069,0,genomicbackground,0,genomicbackground,0.016741929575800896,1069_8_RF00050_8_NC_000913.3_3184369-3184918_ext_80-280_int_105_off_65_percentage_34_position_56-105 genomicbackground,1069,8,1069_8
query_1070,0,genomicbackground,0,genomicbackground,0.09318800270557404,1070_8_RF00050_8_NC_000913.3_3184369-3184918_ext_80-280_int_105_off_70_percentage_37_position_51-105 genomicbackground,1070,8,1070_8
query_1071,0,genomicbackground,0,genomicbackground,0.055226560682058334,1071_8_RF00050_8_NC_000913.3_3184369-3184918_ext_80-280_int_105_off_75_percentage_40_position_46-105 genomicbackground,1071,8,1071_8
query_1072,0,genomicbackground,0,genomicbackground,0.45793020725250244,1072_8_RF00050_8_NC_000913.3_3184369-3184918_ext_80-280_int_105_off_80_percentage_44_position_41-105 genomicbackground,1072,8,1072_8
query_1073,0,genomicbackground,0,genomicbackground,0.33532285690307617,1073_8_RF00050_8_NC_000913.3_3184369-3184918_ext_80-280_int_105_off_85_percentage_47_position_36-105 genomicbackground,1073,8,1073_8
query_1074,0,genomicbackground,0,genomicbackground,0.043600939214229584,1074_8_RF00050_8_NC_000913.3_3184369-3184918_ext_80-280_int_105_off_90_percentage_50_position_31-105 genomicbackground,1074,8,1074_8
query_1075,0,genomicbackground,0,genomicbackground,0.07333412021398544,1075_8_RF00050_8_NC_000913.3_3184369-3184918_ext_80-280_int_105_off_95_percentage_54_position_26-105 genomicbackground,1075,8,1075_8
query_1076,0,genomicbackground,1,riboswitch,0.9480254650115967,1076_8_RF00050_8_NC_000913.3_3184369-3184918_ext_80-280_int_110_off_0_percentage_0_position_0-0 genomicbackground,1076,8,1076_8
query_1077,0,genomicbackground,1,riboswitch,0.9286287426948547,1077_8_RF00050_8_NC_000913.3_3184369-3184918_ext_80-280_int_110_off_5_percentage_0_position_0-0 genomicbackground,1077,8,1077_8
query_1078,0,genomicbackground,1,riboswitch,0.6784200072288513,1078_8_RF00050_8_NC_000913.3_3184369-3184918_ext_80-280_int_110_off_10_percentage_0_position_0-0 genomicbackground,1078,8,1078_8
query_1079,0,genomicbackground,0,genomicbackground,0.06627212464809418,1079_8_RF00050_8_NC_000913.3_3184369-3184918_ext_80-280_int_110_off_15_percentage_3_position_106-110 genomicbackground,1079,8,1079_8
query_1080,0,genomicbackground,0,genomicbackground,0.04278603196144104,1080_8_RF00050_8_NC_000913.3_3184369-3184918_ext_80-280_int_110_off_20_percentage_7_position_101-110 genomicbackground,1080,8,1080_8
query_1081,0,genomicbackground,0,genomicbackground,0.01907108724117279,1081_8_RF00050_8_NC_000913.3_3184369-3184918_ext_80-280_int_110_off_25_percentage_10_position_96-110 genomicbackground,1081,8,1081_8
query_1082,0,genomicbackground,0,genomicbackground,0.011034278199076653,1082_8_RF00050_8_NC_000913.3_3184369-3184918_ext_80-280_int_110_off_30_percentage_13_position_91-110 genomicbackground,1082,8,1082_8
query_1083,0,genomicbackground,0,genomicbackground,0.09285152703523636,1083_8_RF00050_8_NC_000913.3_3184369-3184918_ext_80-280_int_110_off_35_percentage_17_position_86-110 genomicbackground,1083,8,1083_8
query_1084,0,genomicbackground,1,riboswitch,0.6600481867790222,1084_8_RF00050_8_NC_000913.3_3184369-3184918_ext_80-280_int_110_off_40_percentage_20_position_81-110 genomicbackground,1084,8,1084_8
query_1085,0,genomicbackground,1,riboswitch,0.9348698854446411,1085_8_RF00050_8_NC_000913.3_3184369-3184918_ext_80-280_int_110_off_45_percentage_23_position_76-110 genomicbackground,1085,8,1085_8
query_1086,0,genomicbackground,1,riboswitch,0.9544000029563904,1086_8_RF00050_8_NC_000913.3_3184369-3184918_ext_80-280_int_110_off_50_percentage_27_position_71-110 genomicbackground,1086,8,1086_8
query_1087,0,genomicbackground,0,genomicbackground,0.2170148342847824,1087_8_RF00050_8_NC_000913.3_3184369-3184918_ext_80-280_int_110_off_55_percentage_30_position_66-110 genomicbackground,1087,8,1087_8
query_1088,0,genomicbackground,0,genomicbackground,0.015965452417731285,1088_8_RF00050_8_NC_000913.3_3184369-3184918_ext_80-280_int_110_off_60_percentage_34_position_61-110 genomicbackground,1088,8,1088_8
query_1089,0,genomicbackground,0,genomicbackground,0.047616682946681976,1089_8_RF00050_8_NC_000913.3_3184369-3184918_ext_80-280_int_110_off_65_percentage_37_position_56-110 genomicbackground,1089,8,1089_8
query_1090,0,genomicbackground,0,genomicbackground,0.028773868456482887,1090_8_RF00050_8_NC_000913.3_3184369-3184918_ext_80-280_int_110_off_70_percentage_40_position_51-110 genomicbackground,1090,8,1090_8
query_1091,0,genomicbackground,0,genomicbackground,0.40270087122917175,1091_8_RF00050_8_NC_000913.3_3184369-3184918_ext_80-280_int_110_off_75_percentage_44_position_46-110 genomicbackground,1091,8,1091_8
query_1092,0,genomicbackground,0,genomicbackground,0.10092540830373764,1092_8_RF00050_8_NC_000913.3_3184369-3184918_ext_80-280_int_110_off_80_percentage_47_position_41-110 genomicbackground,1092,8,1092_8
query_1093,0,genomicbackground,0,genomicbackground,0.10279469192028046,1093_8_RF00050_8_NC_000913.3_3184369-3184918_ext_80-280_int_110_off_85_percentage_50_position_36-110 genomicbackground,1093,8,1093_8
query_1094,0,genomicbackground,0,genomicbackground,0.03434351831674576,1094_8_RF00050_8_NC_000913.3_3184369-3184918_ext_80-280_int_110_off_90_percentage_54_position_31-110 genomicbackground,1094,8,1094_8
query_1095,0,genomicbackground,1,riboswitch,0.9011943340301514,1095_8_RF00050_8_NC_000913.3_3184369-3184918_ext_80-280_int_115_off_0_percentage_0_position_0-0 genomicbackground,1095,8,1095_8
query_1096,0,genomicbackground,1,riboswitch,0.873839795589447,1096_8_RF00050_8_NC_000913.3_3184369-3184918_ext_80-280_int_115_off_5_percentage_0_position_0-0 genomicbackground,1096,8,1096_8
query_1097,0,genomicbackground,0,genomicbackground,0.3064109683036804,1097_8_RF00050_8_NC_000913.3_3184369-3184918_ext_80-280_int_115_off_10_percentage_3_position_111-115 genomicbackground,1097,8,1097_8
query_1098,0,genomicbackground,0,genomicbackground,0.07157288491725922,1098_8_RF00050_8_NC_000913.3_3184369-3184918_ext_80-280_int_115_off_15_percentage_7_position_106-115 genomicbackground,1098,8,1098_8
query_1099,0,genomicbackground,0,genomicbackground,0.010286711156368256,1099_8_RF00050_8_NC_000913.3_3184369-3184918_ext_80-280_int_115_off_20_percentage_10_position_101-115 genomicbackground,1099,8,1099_8
query_1100,0,genomicbackground,0,genomicbackground,0.06606892496347427,1100_8_RF00050_8_NC_000913.3_3184369-3184918_ext_80-280_int_115_off_25_percentage_13_position_96-115 genomicbackground,1100,8,1100_8
query_1101,0,genomicbackground,0,genomicbackground,0.04681212082505226,1101_8_RF00050_8_NC_000913.3_3184369-3184918_ext_80-280_int_115_off_30_percentage_17_position_91-115 genomicbackground,1101,8,1101_8
query_1102,0,genomicbackground,0,genomicbackground,0.022675907239317894,1102_8_RF00050_8_NC_000913.3_3184369-3184918_ext_80-280_int_115_off_35_percentage_20_position_86-115 genomicbackground,1102,8,1102_8
query_1103,0,genomicbackground,1,riboswitch,0.7545282244682312,1103_8_RF00050_8_NC_000913.3_3184369-3184918_ext_80-280_int_115_off_40_percentage_23_position_81-115 genomicbackground,1103,8,1103_8
query_1104,0,genomicbackground,1,riboswitch,0.9926469326019287,1104_8_RF00050_8_NC_000913.3_3184369-3184918_ext_80-280_int_115_off_45_percentage_27_position_76-115 genomicbackground,1104,8,1104_8
query_1105,0,genomicbackground,1,riboswitch,0.9377705454826355,1105_8_RF00050_8_NC_000913.3_3184369-3184918_ext_80-280_int_115_off_50_percentage_30_position_71-115 genomicbackground,1105,8,1105_8
query_1106,0,genomicbackground,0,genomicbackground,0.03502025082707405,1106_8_RF00050_8_NC_000913.3_3184369-3184918_ext_80-280_int_115_off_55_percentage_34_position_66-115 genomicbackground,1106,8,1106_8
query_1107,0,genomicbackground,0,genomicbackground,0.03640370070934296,1107_8_RF00050_8_NC_000913.3_3184369-3184918_ext_80-280_int_115_off_60_percentage_37_position_61-115 genomicbackground,1107,8,1107_8
query_1108,0,genomicbackground,0,genomicbackground,0.014780810102820396,1108_8_RF00050_8_NC_000913.3_3184369-3184918_ext_80-280_int_115_off_65_percentage_40_position_56-115 genomicbackground,1108,8,1108_8
query_1109,0,genomicbackground,0,genomicbackground,0.1299901306629181,1109_8_RF00050_8_NC_000913.3_3184369-3184918_ext_80-280_int_115_off_70_percentage_44_position_51-115 genomicbackground,1109,8,1109_8
query_1110,0,genomicbackground,0,genomicbackground,0.027326572686433792,1110_8_RF00050_8_NC_000913.3_3184369-3184918_ext_80-280_int_115_off_75_percentage_47_position_46-115 genomicbackground,1110,8,1110_8
query_1111,0,genomicbackground,0,genomicbackground,0.03789597749710083,1111_8_RF00050_8_NC_000913.3_3184369-3184918_ext_80-280_int_115_off_80_percentage_50_position_41-115 genomicbackground,1111,8,1111_8
query_1112,0,genomicbackground,0,genomicbackground,0.2782493829727173,1112_8_RF00050_8_NC_000913.3_3184369-3184918_ext_80-280_int_115_off_85_percentage_54_position_36-115 genomicbackground,1112,8,1112_8
query_1113,0,genomicbackground,1,riboswitch,0.9417727589607239,1113_8_RF00050_8_NC_000913.3_3184369-3184918_ext_80-280_int_120_off_0_percentage_0_position_0-0 genomicbackground,1113,8,1113_8
query_1114,0,genomicbackground,1,riboswitch,0.9402640461921692,1114_8_RF00050_8_NC_000913.3_3184369-3184918_ext_80-280_int_120_off_5_percentage_3_position_116-120 genomicbackground,1114,8,1114_8
query_1115,0,genomicbackground,0,genomicbackground,0.2800099551677704,1115_8_RF00050_8_NC_000913.3_3184369-3184918_ext_80-280_int_120_off_10_percentage_7_position_111-120 genomicbackground,1115,8,1115_8
query_1116,0,genomicbackground,0,genomicbackground,0.015498349443078041,1116_8_RF00050_8_NC_000913.3_3184369-3184918_ext_80-280_int_120_off_15_percentage_10_position_106-120 genomicbackground,1116,8,1116_8
query_1117,0,genomicbackground,0,genomicbackground,0.017588572576642036,1117_8_RF00050_8_NC_000913.3_3184369-3184918_ext_80-280_int_120_off_20_percentage_13_position_101-120 genomicbackground,1117,8,1117_8
query_1118,0,genomicbackground,0,genomicbackground,0.09534650295972824,1118_8_RF00050_8_NC_000913.3_3184369-3184918_ext_80-280_int_120_off_25_percentage_17_position_96-120 genomicbackground,1118,8,1118_8
query_1119,0,genomicbackground,0,genomicbackground,0.02231418527662754,1119_8_RF00050_8_NC_000913.3_3184369-3184918_ext_80-280_int_120_off_30_percentage_20_position_91-120 genomicbackground,1119,8,1119_8
query_1120,0,genomicbackground,1,riboswitch,0.7791330218315125,1120_8_RF00050_8_NC_000913.3_3184369-3184918_ext_80-280_int_120_off_35_percentage_23_position_86-120 genomicbackground,1120,8,1120_8
query_1121,0,genomicbackground,0,genomicbackground,0.06823936849832535,1121_8_RF00050_8_NC_000913.3_3184369-3184918_ext_80-280_int_120_off_40_percentage_27_position_81-120 genomicbackground,1121,8,1121_8
query_1122,0,genomicbackground,1,riboswitch,0.9007197022438049,1122_8_RF00050_8_NC_000913.3_3184369-3184918_ext_80-280_int_120_off_45_percentage_30_position_76-120 genomicbackground,1122,8,1122_8
query_1123,0,genomicbackground,0,genomicbackground,0.3334836959838867,1123_8_RF00050_8_NC_000913.3_3184369-3184918_ext_80-280_int_120_off_50_percentage_34_position_71-120 genomicbackground,1123,8,1123_8
query_1124,0,genomicbackground,0,genomicbackground,0.1368272751569748,1124_8_RF00050_8_NC_000913.3_3184369-3184918_ext_80-280_int_120_off_55_percentage_37_position_66-120 genomicbackground,1124,8,1124_8
query_1125,0,genomicbackground,0,genomicbackground,0.012227754108607769,1125_8_RF00050_8_NC_000913.3_3184369-3184918_ext_80-280_int_120_off_60_percentage_40_position_61-120 genomicbackground,1125,8,1125_8
query_1126,0,genomicbackground,0,genomicbackground,0.030477413907647133,1126_8_RF00050_8_NC_000913.3_3184369-3184918_ext_80-280_int_120_off_65_percentage_44_position_56-120 genomicbackground,1126,8,1126_8
query_1127,0,genomicbackground,0,genomicbackground,0.020695779472589493,1127_8_RF00050_8_NC_000913.3_3184369-3184918_ext_80-280_int_120_off_70_percentage_47_position_51-120 genomicbackground,1127,8,1127_8
query_1128,0,genomicbackground,0,genomicbackground,0.04216361045837402,1128_8_RF00050_8_NC_000913.3_3184369-3184918_ext_80-280_int_120_off_75_percentage_50_position_46-120 genomicbackground,1128,8,1128_8
query_1129,0,genomicbackground,0,genomicbackground,0.13761447370052338,1129_8_RF00050_8_NC_000913.3_3184369-3184918_ext_80-280_int_120_off_80_percentage_54_position_41-120 genomicbackground,1129,8,1129_8
query_1130,0,genomicbackground,1,riboswitch,0.9552161693572998,1130_8_RF00050_8_NC_000913.3_3184369-3184918_ext_80-280_int_125_off_0_percentage_3_position_121-125 genomicbackground,1130,8,1130_8
query_1131,0,genomicbackground,1,riboswitch,0.891403317451477,1131_8_RF00050_8_NC_000913.3_3184369-3184918_ext_80-280_int_125_off_5_percentage_7_position_116-125 genomicbackground,1131,8,1131_8
query_1132,0,genomicbackground,0,genomicbackground,0.033838652074337006,1132_8_RF00050_8_NC_000913.3_3184369-3184918_ext_80-280_int_125_off_10_percentage_10_position_111-125 genomicbackground,1132,8,1132_8
query_1133,0,genomicbackground,0,genomicbackground,0.02222747728228569,1133_8_RF00050_8_NC_000913.3_3184369-3184918_ext_80-280_int_125_off_15_percentage_13_position_106-125 genomicbackground,1133,8,1133_8
query_1134,0,genomicbackground,0,genomicbackground,0.024635741487145424,1134_8_RF00050_8_NC_000913.3_3184369-3184918_ext_80-280_int_125_off_20_percentage_17_position_101-125 genomicbackground,1134,8,1134_8
query_1135,0,genomicbackground,0,genomicbackground,0.03480822592973709,1135_8_RF00050_8_NC_000913.3_3184369-3184918_ext_80-280_int_125_off_25_percentage_20_position_96-125 genomicbackground,1135,8,1135_8
query_1136,0,genomicbackground,1,riboswitch,0.728117823600769,1136_8_RF00050_8_NC_000913.3_3184369-3184918_ext_80-280_int_125_off_30_percentage_23_position_91-125 genomicbackground,1136,8,1136_8
query_1137,0,genomicbackground,1,riboswitch,0.9924390316009521,1137_8_RF00050_8_NC_000913.3_3184369-3184918_ext_80-280_int_125_off_35_percentage_27_position_86-125 genomicbackground,1137,8,1137_8
query_1138,0,genomicbackground,0,genomicbackground,0.049093443900346756,1138_8_RF00050_8_NC_000913.3_3184369-3184918_ext_80-280_int_125_off_40_percentage_30_position_81-125 genomicbackground,1138,8,1138_8
query_1139,0,genomicbackground,0,genomicbackground,0.086827851831913,1139_8_RF00050_8_NC_000913.3_3184369-3184918_ext_80-280_int_125_off_45_percentage_34_position_76-125 genomicbackground,1139,8,1139_8
query_1140,0,genomicbackground,0,genomicbackground,0.18298156559467316,1140_8_RF00050_8_NC_000913.3_3184369-3184918_ext_80-280_int_125_off_50_percentage_37_position_71-125 genomicbackground,1140,8,1140_8
query_1141,0,genomicbackground,0,genomicbackground,0.07309801131486893,1141_8_RF00050_8_NC_000913.3_3184369-3184918_ext_80-280_int_125_off_55_percentage_40_position_66-125 genomicbackground,1141,8,1141_8
query_1142,0,genomicbackground,0,genomicbackground,0.022397756576538086,1142_8_RF00050_8_NC_000913.3_3184369-3184918_ext_80-280_int_125_off_60_percentage_44_position_61-125 genomicbackground,1142,8,1142_8
query_1143,0,genomicbackground,0,genomicbackground,0.011198795400559902,1143_8_RF00050_8_NC_000913.3_3184369-3184918_ext_80-280_int_125_off_65_percentage_47_position_56-125 genomicbackground,1143,8,1143_8
query_1144,0,genomicbackground,0,genomicbackground,0.04224815592169762,1144_8_RF00050_8_NC_000913.3_3184369-3184918_ext_80-280_int_125_off_70_percentage_50_position_51-125 genomicbackground,1144,8,1144_8
query_1145,0,genomicbackground,0,genomicbackground,0.02400379255414009,1145_8_RF00050_8_NC_000913.3_3184369-3184918_ext_80-280_int_125_off_75_percentage_54_position_46-125 genomicbackground,1145,8,1145_8
query_1146,0,genomicbackground,1,riboswitch,0.869833767414093,1146_8_RF00050_8_NC_000913.3_3184369-3184918_ext_80-280_int_130_off_0_percentage_7_position_121-130 genomicbackground,1146,8,1146_8
query_1147,0,genomicbackground,1,riboswitch,0.688800573348999,1147_8_RF00050_8_NC_000913.3_3184369-3184918_ext_80-280_int_130_off_5_percentage_10_position_116-130 genomicbackground,1147,8,1147_8
query_1148,0,genomicbackground,1,riboswitch,0.7451506853103638,1148_8_RF00050_8_NC_000913.3_3184369-3184918_ext_80-280_int_130_off_10_percentage_13_position_111-130 genomicbackground,1148,8,1148_8
query_1149,0,genomicbackground,0,genomicbackground,0.04457366093993187,1149_8_RF00050_8_NC_000913.3_3184369-3184918_ext_80-280_int_130_off_15_percentage_17_position_106-130 genomicbackground,1149,8,1149_8
query_1150,0,genomicbackground,0,genomicbackground,0.10058676451444626,1150_8_RF00050_8_NC_000913.3_3184369-3184918_ext_80-280_int_130_off_20_percentage_20_position_101-130 genomicbackground,1150,8,1150_8
query_1151,0,genomicbackground,0,genomicbackground,0.4498688578605652,1151_8_RF00050_8_NC_000913.3_3184369-3184918_ext_80-280_int_130_off_25_percentage_23_position_96-130 genomicbackground,1151,8,1151_8
query_1152,0,genomicbackground,0,genomicbackground,0.06718721240758896,1152_8_RF00050_8_NC_000913.3_3184369-3184918_ext_80-280_int_130_off_30_percentage_27_position_91-130 genomicbackground,1152,8,1152_8
query_1153,0,genomicbackground,1,riboswitch,0.9923918843269348,1153_8_RF00050_8_NC_000913.3_3184369-3184918_ext_80-280_int_130_off_35_percentage_30_position_86-130 genomicbackground,1153,8,1153_8
query_1154,0,genomicbackground,0,genomicbackground,0.024307694286108017,1154_8_RF00050_8_NC_000913.3_3184369-3184918_ext_80-280_int_130_off_40_percentage_34_position_81-130 genomicbackground,1154,8,1154_8
query_1155,0,genomicbackground,0,genomicbackground,0.32511791586875916,1155_8_RF00050_8_NC_000913.3_3184369-3184918_ext_80-280_int_130_off_45_percentage_37_position_76-130 genomicbackground,1155,8,1155_8
query_1156,0,genomicbackground,0,genomicbackground,0.07230701297521591,1156_8_RF00050_8_NC_000913.3_3184369-3184918_ext_80-280_int_130_off_50_percentage_40_position_71-130 genomicbackground,1156,8,1156_8
query_1157,0,genomicbackground,0,genomicbackground,0.03207634389400482,1157_8_RF00050_8_NC_000913.3_3184369-3184918_ext_80-280_int_130_off_55_percentage_44_position_66-130 genomicbackground,1157,8,1157_8
query_1158,0,genomicbackground,0,genomicbackground,0.00945898238569498,1158_8_RF00050_8_NC_000913.3_3184369-3184918_ext_80-280_int_130_off_60_percentage_47_position_61-130 genomicbackground,1158,8,1158_8
query_1159,0,genomicbackground,0,genomicbackground,0.021439174190163612,1159_8_RF00050_8_NC_000913.3_3184369-3184918_ext_80-280_int_130_off_65_percentage_50_position_56-130 genomicbackground,1159,8,1159_8
query_1160,0,genomicbackground,0,genomicbackground,0.03194481506943703,1160_8_RF00050_8_NC_000913.3_3184369-3184918_ext_80-280_int_130_off_70_percentage_54_position_51-130 genomicbackground,1160,8,1160_8
query_1161,0,genomicbackground,1,riboswitch,0.832389771938324,1161_8_RF00050_8_NC_000913.3_3184369-3184918_ext_80-280_int_135_off_0_percentage_10_position_121-135 genomicbackground,1161,8,1161_8
query_1162,0,genomicbackground,0,genomicbackground,0.08487322926521301,1162_8_RF00050_8_NC_000913.3_3184369-3184918_ext_80-280_int_135_off_5_percentage_13_position_116-135 genomicbackground,1162,8,1162_8
query_1163,0,genomicbackground,0,genomicbackground,0.2796691954135895,1163_8_RF00050_8_NC_000913.3_3184369-3184918_ext_80-280_int_135_off_10_percentage_17_position_111-135 genomicbackground,1163,8,1163_8
query_1164,0,genomicbackground,0,genomicbackground,0.3097922205924988,1164_8_RF00050_8_NC_000913.3_3184369-3184918_ext_80-280_int_135_off_15_percentage_20_position_106-135 genomicbackground,1164,8,1164_8
query_1165,0,genomicbackground,0,genomicbackground,0.19791541993618011,1165_8_RF00050_8_NC_000913.3_3184369-3184918_ext_80-280_int_135_off_20_percentage_23_position_101-135 genomicbackground,1165,8,1165_8
query_1166,0,genomicbackground,0,genomicbackground,0.19070012867450714,1166_8_RF00050_8_NC_000913.3_3184369-3184918_ext_80-280_int_135_off_25_percentage_27_position_96-135 genomicbackground,1166,8,1166_8
query_1167,0,genomicbackground,1,riboswitch,0.9087673425674438,1167_8_RF00050_8_NC_000913.3_3184369-3184918_ext_80-280_int_135_off_30_percentage_30_position_91-135 genomicbackground,1167,8,1167_8
query_1168,0,genomicbackground,1,riboswitch,0.9786433577537537,1168_8_RF00050_8_NC_000913.3_3184369-3184918_ext_80-280_int_135_off_35_percentage_34_position_86-135 genomicbackground,1168,8,1168_8
query_1169,0,genomicbackground,0,genomicbackground,0.024012291803956032,1169_8_RF00050_8_NC_000913.3_3184369-3184918_ext_80-280_int_135_off_40_percentage_37_position_81-135 genomicbackground,1169,8,1169_8
query_1170,0,genomicbackground,0,genomicbackground,0.1719544380903244,1170_8_RF00050_8_NC_000913.3_3184369-3184918_ext_80-280_int_135_off_45_percentage_40_position_76-135 genomicbackground,1170,8,1170_8
query_1171,0,genomicbackground,0,genomicbackground,0.040119998157024384,1171_8_RF00050_8_NC_000913.3_3184369-3184918_ext_80-280_int_135_off_50_percentage_44_position_71-135 genomicbackground,1171,8,1171_8
query_1172,0,genomicbackground,0,genomicbackground,0.054865337908267975,1172_8_RF00050_8_NC_000913.3_3184369-3184918_ext_80-280_int_135_off_55_percentage_47_position_66-135 genomicbackground,1172,8,1172_8
query_1173,0,genomicbackground,0,genomicbackground,0.015740754082798958,1173_8_RF00050_8_NC_000913.3_3184369-3184918_ext_80-280_int_135_off_60_percentage_50_position_61-135 genomicbackground,1173,8,1173_8
query_1174,0,genomicbackground,0,genomicbackground,0.015559438616037369,1174_8_RF00050_8_NC_000913.3_3184369-3184918_ext_80-280_int_135_off_65_percentage_54_position_56-135 genomicbackground,1174,8,1174_8
query_1175,0,genomicbackground,0,genomicbackground,0.13348715007305145,1175_8_RF00050_8_NC_000913.3_3184369-3184918_ext_80-280_int_140_off_0_percentage_13_position_121-140 genomicbackground,1175,8,1175_8
query_1176,0,genomicbackground,0,genomicbackground,0.2649659514427185,1176_8_RF00050_8_NC_000913.3_3184369-3184918_ext_80-280_int_140_off_5_percentage_17_position_116-140 genomicbackground,1176,8,1176_8
query_1177,0,genomicbackground,0,genomicbackground,0.480648398399353,1177_8_RF00050_8_NC_000913.3_3184369-3184918_ext_80-280_int_140_off_10_percentage_20_position_111-140 genomicbackground,1177,8,1177_8
query_1178,0,genomicbackground,1,riboswitch,0.5953545570373535,1178_8_RF00050_8_NC_000913.3_3184369-3184918_ext_80-280_int_140_off_15_percentage_23_position_106-140 genomicbackground,1178,8,1178_8
query_1179,0,genomicbackground,0,genomicbackground,0.05726700648665428,1179_8_RF00050_8_NC_000913.3_3184369-3184918_ext_80-280_int_140_off_20_percentage_27_position_101-140 genomicbackground,1179,8,1179_8
query_1180,0,genomicbackground,0,genomicbackground,0.06668371707201004,1180_8_RF00050_8_NC_000913.3_3184369-3184918_ext_80-280_int_140_off_25_percentage_30_position_96-140 genomicbackground,1180,8,1180_8
query_1181,0,genomicbackground,1,riboswitch,0.6596372127532959,1181_8_RF00050_8_NC_000913.3_3184369-3184918_ext_80-280_int_140_off_30_percentage_34_position_91-140 genomicbackground,1181,8,1181_8
query_1182,0,genomicbackground,1,riboswitch,0.9752793908119202,1182_8_RF00050_8_NC_000913.3_3184369-3184918_ext_80-280_int_140_off_35_percentage_37_position_86-140 genomicbackground,1182,8,1182_8
query_1183,0,genomicbackground,0,genomicbackground,0.01893320307135582,1183_8_RF00050_8_NC_000913.3_3184369-3184918_ext_80-280_int_140_off_40_percentage_40_position_81-140 genomicbackground,1183,8,1183_8
query_1184,0,genomicbackground,0,genomicbackground,0.48325783014297485,1184_8_RF00050_8_NC_000913.3_3184369-3184918_ext_80-280_int_140_off_45_percentage_44_position_76-140 genomicbackground,1184,8,1184_8
query_1185,0,genomicbackground,0,genomicbackground,0.06830348074436188,1185_8_RF00050_8_NC_000913.3_3184369-3184918_ext_80-280_int_140_off_50_percentage_47_position_71-140 genomicbackground,1185,8,1185_8
query_1186,0,genomicbackground,0,genomicbackground,0.021335788071155548,1186_8_RF00050_8_NC_000913.3_3184369-3184918_ext_80-280_int_140_off_55_percentage_50_position_66-140 genomicbackground,1186,8,1186_8
query_1187,0,genomicbackground,0,genomicbackground,0.013156389817595482,1187_8_RF00050_8_NC_000913.3_3184369-3184918_ext_80-280_int_140_off_60_percentage_54_position_61-140 genomicbackground,1187,8,1187_8
query_1188,0,genomicbackground,0,genomicbackground,0.43888017535209656,1188_8_RF00050_8_NC_000913.3_3184369-3184918_ext_80-280_int_145_off_0_percentage_17_position_121-145 genomicbackground,1188,8,1188_8
query_1189,0,genomicbackground,0,genomicbackground,0.05668994411826134,1189_8_RF00050_8_NC_000913.3_3184369-3184918_ext_80-280_int_145_off_5_percentage_20_position_116-145 genomicbackground,1189,8,1189_8
query_1190,0,genomicbackground,1,riboswitch,0.8629128336906433,1190_8_RF00050_8_NC_000913.3_3184369-3184918_ext_80-280_int_145_off_10_percentage_23_position_111-145 genomicbackground,1190,8,1190_8
query_1191,0,genomicbackground,0,genomicbackground,0.14766868948936462,1191_8_RF00050_8_NC_000913.3_3184369-3184918_ext_80-280_int_145_off_15_percentage_27_position_106-145 genomicbackground,1191,8,1191_8
query_1192,0,genomicbackground,0,genomicbackground,0.3504233956336975,1192_8_RF00050_8_NC_000913.3_3184369-3184918_ext_80-280_int_145_off_20_percentage_30_position_101-145 genomicbackground,1192,8,1192_8
query_1193,0,genomicbackground,0,genomicbackground,0.4561006724834442,1193_8_RF00050_8_NC_000913.3_3184369-3184918_ext_80-280_int_145_off_25_percentage_34_position_96-145 genomicbackground,1193,8,1193_8
query_1194,0,genomicbackground,1,riboswitch,0.6602094769477844,1194_8_RF00050_8_NC_000913.3_3184369-3184918_ext_80-280_int_145_off_30_percentage_37_position_91-145 genomicbackground,1194,8,1194_8
query_1195,0,genomicbackground,1,riboswitch,0.9109787940979004,1195_8_RF00050_8_NC_000913.3_3184369-3184918_ext_80-280_int_145_off_35_percentage_40_position_86-145 genomicbackground,1195,8,1195_8
query_1196,0,genomicbackground,0,genomicbackground,0.2897403836250305,1196_8_RF00050_8_NC_000913.3_3184369-3184918_ext_80-280_int_145_off_40_percentage_44_position_81-145 genomicbackground,1196,8,1196_8
query_1197,0,genomicbackground,1,riboswitch,0.5784527063369751,1197_8_RF00050_8_NC_000913.3_3184369-3184918_ext_80-280_int_145_off_45_percentage_47_position_76-145 genomicbackground,1197,8,1197_8
query_1198,0,genomicbackground,0,genomicbackground,0.026175498962402344,1198_8_RF00050_8_NC_000913.3_3184369-3184918_ext_80-280_int_145_off_50_percentage_50_position_71-145 genomicbackground,1198,8,1198_8
query_1199,0,genomicbackground,0,genomicbackground,0.01577678509056568,1199_8_RF00050_8_NC_000913.3_3184369-3184918_ext_80-280_int_145_off_55_percentage_54_position_66-145 genomicbackground,1199,8,1199_8
query_1200,0,genomicbackground,0,genomicbackground,0.08042366802692413,1200_8_RF00050_8_NC_000913.3_3184369-3184918_ext_80-280_int_150_off_0_percentage_20_position_121-150 genomicbackground,1200,8,1200_8
query_1201,0,genomicbackground,1,riboswitch,0.9580410122871399,1201_8_RF00050_8_NC_000913.3_3184369-3184918_ext_80-280_int_150_off_5_percentage_23_position_116-150 genomicbackground,1201,8,1201_8
query_1202,0,genomicbackground,1,riboswitch,0.9166364073753357,1202_8_RF00050_8_NC_000913.3_3184369-3184918_ext_80-280_int_150_off_10_percentage_27_position_111-150 genomicbackground,1202,8,1202_8
query_1203,0,genomicbackground,1,riboswitch,0.7463942766189575,1203_8_RF00050_8_NC_000913.3_3184369-3184918_ext_80-280_int_150_off_15_percentage_30_position_106-150 genomicbackground,1203,8,1203_8
query_1204,0,genomicbackground,0,genomicbackground,0.049308888614177704,1204_8_RF00050_8_NC_000913.3_3184369-3184918_ext_80-280_int_150_off_20_percentage_34_position_101-150 genomicbackground,1204,8,1204_8
query_1205,0,genomicbackground,1,riboswitch,0.5010287761688232,1205_8_RF00050_8_NC_000913.3_3184369-3184918_ext_80-280_int_150_off_25_percentage_37_position_96-150 genomicbackground,1205,8,1205_8
query_1206,0,genomicbackground,0,genomicbackground,0.037774864584207535,1206_8_RF00050_8_NC_000913.3_3184369-3184918_ext_80-280_int_150_off_30_percentage_40_position_91-150 genomicbackground,1206,8,1206_8
query_1207,0,genomicbackground,0,genomicbackground,0.180219367146492,1207_8_RF00050_8_NC_000913.3_3184369-3184918_ext_80-280_int_150_off_35_percentage_44_position_86-150 genomicbackground,1207,8,1207_8
query_1208,0,genomicbackground,0,genomicbackground,0.460940957069397,1208_8_RF00050_8_NC_000913.3_3184369-3184918_ext_80-280_int_150_off_40_percentage_47_position_81-150 genomicbackground,1208,8,1208_8
query_1209,0,genomicbackground,0,genomicbackground,0.4868708550930023,1209_8_RF00050_8_NC_000913.3_3184369-3184918_ext_80-280_int_150_off_45_percentage_50_position_76-150 genomicbackground,1209,8,1209_8
query_1210,0,genomicbackground,0,genomicbackground,0.018147412687540054,1210_8_RF00050_8_NC_000913.3_3184369-3184918_ext_80-280_int_150_off_50_percentage_54_position_71-150 genomicbackground,1210,8,1210_8
query_1211,0,genomicbackground,1,riboswitch,0.9973397850990295,1211_8_RF00050_8_NC_000913.3_3184369-3184918_ext_80-280_int_155_off_0_percentage_23_position_121-155 genomicbackground,1211,8,1211_8
query_1212,0,genomicbackground,1,riboswitch,0.9942839741706848,1212_8_RF00050_8_NC_000913.3_3184369-3184918_ext_80-280_int_155_off_5_percentage_27_position_116-155 genomicbackground,1212,8,1212_8
query_1213,0,genomicbackground,1,riboswitch,0.9439612627029419,1213_8_RF00050_8_NC_000913.3_3184369-3184918_ext_80-280_int_155_off_10_percentage_30_position_111-155 genomicbackground,1213,8,1213_8
query_1214,0,genomicbackground,0,genomicbackground,0.08171941339969635,1214_8_RF00050_8_NC_000913.3_3184369-3184918_ext_80-280_int_155_off_15_percentage_34_position_106-155 genomicbackground,1214,8,1214_8
query_1215,0,genomicbackground,0,genomicbackground,0.1367972195148468,1215_8_RF00050_8_NC_000913.3_3184369-3184918_ext_80-280_int_155_off_20_percentage_37_position_101-155 genomicbackground,1215,8,1215_8
query_1216,0,genomicbackground,0,genomicbackground,0.11715445667505264,1216_8_RF00050_8_NC_000913.3_3184369-3184918_ext_80-280_int_155_off_25_percentage_40_position_96-155 genomicbackground,1216,8,1216_8
query_1217,0,genomicbackground,0,genomicbackground,0.19697783887386322,1217_8_RF00050_8_NC_000913.3_3184369-3184918_ext_80-280_int_155_off_30_percentage_44_position_91-155 genomicbackground,1217,8,1217_8
query_1218,0,genomicbackground,1,riboswitch,0.7556159496307373,1218_8_RF00050_8_NC_000913.3_3184369-3184918_ext_80-280_int_155_off_35_percentage_47_position_86-155 genomicbackground,1218,8,1218_8
query_1219,0,genomicbackground,0,genomicbackground,0.335732102394104,1219_8_RF00050_8_NC_000913.3_3184369-3184918_ext_80-280_int_155_off_40_percentage_50_position_81-155 genomicbackground,1219,8,1219_8
query_1220,0,genomicbackground,0,genomicbackground,0.33738237619400024,1220_8_RF00050_8_NC_000913.3_3184369-3184918_ext_80-280_int_155_off_45_percentage_54_position_76-155 genomicbackground,1220,8,1220_8
query_1221,0,genomicbackground,1,riboswitch,0.9953271150588989,1221_8_RF00050_8_NC_000913.3_3184369-3184918_ext_80-280_int_160_off_0_percentage_27_position_121-160 genomicbackground,1221,8,1221_8
query_1222,0,genomicbackground,1,riboswitch,0.9930849075317383,1222_8_RF00050_8_NC_000913.3_3184369-3184918_ext_80-280_int_160_off_5_percentage_30_position_116-160 genomicbackground,1222,8,1222_8
query_1223,0,genomicbackground,1,riboswitch,0.5139110088348389,1223_8_RF00050_8_NC_000913.3_3184369-3184918_ext_80-280_int_160_off_10_percentage_34_position_111-160 genomicbackground,1223,8,1223_8
query_1224,0,genomicbackground,0,genomicbackground,0.3497868776321411,1224_8_RF00050_8_NC_000913.3_3184369-3184918_ext_80-280_int_160_off_15_percentage_37_position_106-160 genomicbackground,1224,8,1224_8
query_1225,0,genomicbackground,0,genomicbackground,0.0604923851788044,1225_8_RF00050_8_NC_000913.3_3184369-3184918_ext_80-280_int_160_off_20_percentage_40_position_101-160 genomicbackground,1225,8,1225_8
query_1226,0,genomicbackground,0,genomicbackground,0.25644198060035706,1226_8_RF00050_8_NC_000913.3_3184369-3184918_ext_80-280_int_160_off_25_percentage_44_position_96-160 genomicbackground,1226,8,1226_8
query_1227,0,genomicbackground,0,genomicbackground,0.43220221996307373,1227_8_RF00050_8_NC_000913.3_3184369-3184918_ext_80-280_int_160_off_30_percentage_47_position_91-160 genomicbackground,1227,8,1227_8
query_1228,0,genomicbackground,1,riboswitch,0.5891302227973938,1228_8_RF00050_8_NC_000913.3_3184369-3184918_ext_80-280_int_160_off_35_percentage_50_position_86-160 genomicbackground,1228,8,1228_8
query_1229,0,genomicbackground,0,genomicbackground,0.06431649625301361,1229_8_RF00050_8_NC_000913.3_3184369-3184918_ext_80-280_int_160_off_40_percentage_54_position_81-160 genomicbackground,1229,8,1229_8
query_1230,0,genomicbackground,1,riboswitch,0.9940364360809326,1230_8_RF00050_8_NC_000913.3_3184369-3184918_ext_80-280_int_165_off_0_percentage_30_position_121-165 genomicbackground,1230,8,1230_8
query_1231,0,genomicbackground,1,riboswitch,0.9812366962432861,1231_8_RF00050_8_NC_000913.3_3184369-3184918_ext_80-280_int_165_off_5_percentage_34_position_116-165 genomicbackground,1231,8,1231_8
query_1232,0,genomicbackground,0,genomicbackground,0.09466850012540817,1232_8_RF00050_8_NC_000913.3_3184369-3184918_ext_80-280_int_165_off_10_percentage_37_position_111-165 genomicbackground,1232,8,1232_8
query_1233,0,genomicbackground,0,genomicbackground,0.1302373707294464,1233_8_RF00050_8_NC_000913.3_3184369-3184918_ext_80-280_int_165_off_15_percentage_40_position_106-165 genomicbackground,1233,8,1233_8
query_1234,0,genomicbackground,0,genomicbackground,0.08896985650062561,1234_8_RF00050_8_NC_000913.3_3184369-3184918_ext_80-280_int_165_off_20_percentage_44_position_101-165 genomicbackground,1234,8,1234_8
query_1235,0,genomicbackground,0,genomicbackground,0.09611298888921738,1235_8_RF00050_8_NC_000913.3_3184369-3184918_ext_80-280_int_165_off_25_percentage_47_position_96-165 genomicbackground,1235,8,1235_8
query_1236,0,genomicbackground,1,riboswitch,0.5999243855476379,1236_8_RF00050_8_NC_000913.3_3184369-3184918_ext_80-280_int_165_off_30_percentage_50_position_91-165 genomicbackground,1236,8,1236_8
query_1237,0,genomicbackground,0,genomicbackground,0.29535865783691406,1237_8_RF00050_8_NC_000913.3_3184369-3184918_ext_80-280_int_165_off_35_percentage_54_position_86-165 genomicbackground,1237,8,1237_8
query_1238,0,genomicbackground,1,riboswitch,0.9886732697486877,1238_8_RF00050_8_NC_000913.3_3184369-3184918_ext_80-280_int_170_off_0_percentage_34_position_121-170 genomicbackground,1238,8,1238_8
query_1239,0,genomicbackground,1,riboswitch,0.9822492599487305,1239_8_RF00050_8_NC_000913.3_3184369-3184918_ext_80-280_int_170_off_5_percentage_37_position_116-170 genomicbackground,1239,8,1239_8
query_1240,0,genomicbackground,1,riboswitch,0.7278279662132263,1240_8_RF00050_8_NC_000913.3_3184369-3184918_ext_80-280_int_170_off_10_percentage_40_position_111-170 genomicbackground,1240,8,1240_8
query_1241,0,genomicbackground,0,genomicbackground,0.20718608796596527,1241_8_RF00050_8_NC_000913.3_3184369-3184918_ext_80-280_int_170_off_15_percentage_44_position_106-170 genomicbackground,1241,8,1241_8
query_1242,0,genomicbackground,0,genomicbackground,0.03729617968201637,1242_8_RF00050_8_NC_000913.3_3184369-3184918_ext_80-280_int_170_off_20_percentage_47_position_101-170 genomicbackground,1242,8,1242_8
query_1243,0,genomicbackground,0,genomicbackground,0.05300118029117584,1243_8_RF00050_8_NC_000913.3_3184369-3184918_ext_80-280_int_170_off_25_percentage_50_position_96-170 genomicbackground,1243,8,1243_8
query_1244,0,genomicbackground,1,riboswitch,0.6326253414154053,1244_8_RF00050_8_NC_000913.3_3184369-3184918_ext_80-280_int_170_off_30_percentage_54_position_91-170 genomicbackground,1244,8,1244_8
query_1245,0,genomicbackground,1,riboswitch,0.987206757068634,1245_8_RF00050_8_NC_000913.3_3184369-3184918_ext_80-280_int_175_off_0_percentage_37_position_121-175 genomicbackground,1245,8,1245_8
query_1246,0,genomicbackground,1,riboswitch,0.972963273525238,1246_8_RF00050_8_NC_000913.3_3184369-3184918_ext_80-280_int_175_off_5_percentage_40_position_116-175 genomicbackground,1246,8,1246_8
query_1247,0,genomicbackground,0,genomicbackground,0.47068458795547485,1247_8_RF00050_8_NC_000913.3_3184369-3184918_ext_80-280_int_175_off_10_percentage_44_position_111-175 genomicbackground,1247,8,1247_8
query_1248,0,genomicbackground,0,genomicbackground,0.07785211503505707,1248_8_RF00050_8_NC_000913.3_3184369-3184918_ext_80-280_int_175_off_15_percentage_47_position_106-175 genomicbackground,1248,8,1248_8
query_1249,0,genomicbackground,0,genomicbackground,0.04789811372756958,1249_8_RF00050_8_NC_000913.3_3184369-3184918_ext_80-280_int_175_off_20_percentage_50_position_101-175 genomicbackground,1249,8,1249_8
query_1250,0,genomicbackground,1,riboswitch,0.9540705680847168,1250_8_RF00050_8_NC_000913.3_3184369-3184918_ext_80-280_int_175_off_25_percentage_54_position_96-175 genomicbackground,1250,8,1250_8
query_1251,0,genomicbackground,1,riboswitch,0.9791656136512756,1251_8_RF00050_8_NC_000913.3_3184369-3184918_ext_80-280_int_180_off_0_percentage_40_position_121-180 genomicbackground,1251,8,1251_8
query_1252,0,genomicbackground,1,riboswitch,0.7935799360275269,1252_8_RF00050_8_NC_000913.3_3184369-3184918_ext_80-280_int_180_off_5_percentage_44_position_116-180 genomicbackground,1252,8,1252_8
query_1253,0,genomicbackground,1,riboswitch,0.5523334741592407,1253_8_RF00050_8_NC_000913.3_3184369-3184918_ext_80-280_int_180_off_10_percentage_47_position_111-180 genomicbackground,1253,8,1253_8
query_1254,0,genomicbackground,1,riboswitch,0.5242571234703064,1254_8_RF00050_8_NC_000913.3_3184369-3184918_ext_80-280_int_180_off_15_percentage_50_position_106-180 genomicbackground,1254,8,1254_8
query_1255,0,genomicbackground,1,riboswitch,0.9428755044937134,1255_8_RF00050_8_NC_000913.3_3184369-3184918_ext_80-280_int_180_off_20_percentage_54_position_101-180 genomicbackground,1255,8,1255_8
query_1256,0,genomicbackground,1,riboswitch,0.9937697052955627,1256_8_RF00050_8_NC_000913.3_3184369-3184918_ext_80-280_int_185_off_0_percentage_44_position_121-185 genomicbackground,1256,8,1256_8
query_1257,0,genomicbackground,1,riboswitch,0.9630144238471985,1257_8_RF00050_8_NC_000913.3_3184369-3184918_ext_80-280_int_185_off_5_percentage_47_position_116-185 genomicbackground,1257,8,1257_8
query_1258,0,genomicbackground,1,riboswitch,0.968182384967804,1258_8_RF00050_8_NC_000913.3_3184369-3184918_ext_80-280_int_185_off_10_percentage_50_position_111-185 genomicbackground,1258,8,1258_8
query_1259,0,genomicbackground,1,riboswitch,0.958970844745636,1259_8_RF00050_8_NC_000913.3_3184369-3184918_ext_80-280_int_185_off_15_percentage_54_position_106-185 genomicbackground,1259,8,1259_8
query_1260,0,genomicbackground,1,riboswitch,0.9930351972579956,1260_8_RF00050_8_NC_000913.3_3184369-3184918_ext_80-280_int_190_off_0_percentage_47_position_121-190 genomicbackground,1260,8,1260_8
query_1261,0,genomicbackground,1,riboswitch,0.8784785866737366,1261_8_RF00050_8_NC_000913.3_3184369-3184918_ext_80-280_int_190_off_5_percentage_50_position_116-190 genomicbackground,1261,8,1261_8
query_1262,0,genomicbackground,0,genomicbackground,0.1617484986782074,1262_8_RF00050_8_NC_000913.3_3184369-3184918_ext_80-280_int_190_off_10_percentage_54_position_111-190 genomicbackground,1262,8,1262_8
query_1263,0,genomicbackground,1,riboswitch,0.9553298354148865,1263_8_RF00050_8_NC_000913.3_3184369-3184918_ext_80-280_int_195_off_0_percentage_50_position_121-195 genomicbackground,1263,8,1263_8
query_1264,0,genomicbackground,1,riboswitch,0.9869741201400757,1264_8_RF00050_8_NC_000913.3_3184369-3184918_ext_80-280_int_195_off_5_percentage_54_position_116-195 genomicbackground,1264,8,1264_8
query_1265,0,genomicbackground,1,riboswitch,0.982288122177124,1265_8_RF00050_8_NC_000913.3_3184369-3184918_ext_80-280_int_200_off_0_percentage_54_position_121-200 genomicbackground,1265,8,1265_8
query_1266,0,genomicbackground,0,genomicbackground,0.019571296870708466,1266_8_RF00050_8_NC_000913.3_3184369-3184918_ext_100-300_int_95_off_0_percentage_0_position_0-0 genomicbackground,1266,8,1266_8
query_1267,0,genomicbackground,0,genomicbackground,0.38637128472328186,1267_8_RF00050_8_NC_000913.3_3184369-3184918_ext_100-300_int_95_off_5_percentage_0_position_0-0 genomicbackground,1267,8,1267_8
query_1268,0,genomicbackground,0,genomicbackground,0.1504891812801361,1268_8_RF00050_8_NC_000913.3_3184369-3184918_ext_100-300_int_95_off_10_percentage_3_position_91-95 genomicbackground,1268,8,1268_8
query_1269,0,genomicbackground,0,genomicbackground,0.01625382900238037,1269_8_RF00050_8_NC_000913.3_3184369-3184918_ext_100-300_int_95_off_15_percentage_7_position_86-95 genomicbackground,1269,8,1269_8
query_1270,0,genomicbackground,0,genomicbackground,0.06793548166751862,1270_8_RF00050_8_NC_000913.3_3184369-3184918_ext_100-300_int_95_off_20_percentage_10_position_81-95 genomicbackground,1270,8,1270_8
query_1271,0,genomicbackground,0,genomicbackground,0.10208526253700256,1271_8_RF00050_8_NC_000913.3_3184369-3184918_ext_100-300_int_95_off_25_percentage_13_position_76-95 genomicbackground,1271,8,1271_8
query_1272,0,genomicbackground,0,genomicbackground,0.02651236392557621,1272_8_RF00050_8_NC_000913.3_3184369-3184918_ext_100-300_int_95_off_30_percentage_17_position_71-95 genomicbackground,1272,8,1272_8
query_1273,0,genomicbackground,0,genomicbackground,0.08025564253330231,1273_8_RF00050_8_NC_000913.3_3184369-3184918_ext_100-300_int_95_off_35_percentage_20_position_66-95 genomicbackground,1273,8,1273_8
query_1274,0,genomicbackground,0,genomicbackground,0.03811093047261238,1274_8_RF00050_8_NC_000913.3_3184369-3184918_ext_100-300_int_95_off_40_percentage_23_position_61-95 genomicbackground,1274,8,1274_8
query_1275,0,genomicbackground,0,genomicbackground,0.02993445284664631,1275_8_RF00050_8_NC_000913.3_3184369-3184918_ext_100-300_int_95_off_45_percentage_27_position_56-95 genomicbackground,1275,8,1275_8
query_1276,0,genomicbackground,0,genomicbackground,0.16814278066158295,1276_8_RF00050_8_NC_000913.3_3184369-3184918_ext_100-300_int_95_off_50_percentage_30_position_51-95 genomicbackground,1276,8,1276_8
query_1277,0,genomicbackground,0,genomicbackground,0.023791953921318054,1277_8_RF00050_8_NC_000913.3_3184369-3184918_ext_100-300_int_95_off_55_percentage_34_position_46-95 genomicbackground,1277,8,1277_8
query_1278,0,genomicbackground,0,genomicbackground,0.08554825931787491,1278_8_RF00050_8_NC_000913.3_3184369-3184918_ext_100-300_int_95_off_60_percentage_37_position_41-95 genomicbackground,1278,8,1278_8
query_1279,0,genomicbackground,0,genomicbackground,0.1005508229136467,1279_8_RF00050_8_NC_000913.3_3184369-3184918_ext_100-300_int_95_off_65_percentage_40_position_36-95 genomicbackground,1279,8,1279_8
query_1280,0,genomicbackground,0,genomicbackground,0.22599773108959198,1280_8_RF00050_8_NC_000913.3_3184369-3184918_ext_100-300_int_95_off_70_percentage_44_position_31-95 genomicbackground,1280,8,1280_8
query_1281,0,genomicbackground,0,genomicbackground,0.016967976465821266,1281_8_RF00050_8_NC_000913.3_3184369-3184918_ext_100-300_int_95_off_75_percentage_47_position_26-95 genomicbackground,1281,8,1281_8
query_1282,0,genomicbackground,0,genomicbackground,0.036257315427064896,1282_8_RF00050_8_NC_000913.3_3184369-3184918_ext_100-300_int_95_off_80_percentage_50_position_21-95 genomicbackground,1282,8,1282_8
query_1283,0,genomicbackground,0,genomicbackground,0.19865106046199799,1283_8_RF00050_8_NC_000913.3_3184369-3184918_ext_100-300_int_95_off_85_percentage_54_position_16-95 genomicbackground,1283,8,1283_8
query_1284,0,genomicbackground,0,genomicbackground,0.2849458158016205,1284_8_RF00050_8_NC_000913.3_3184369-3184918_ext_100-300_int_95_off_90_percentage_57_position_11-95 genomicbackground,1284,8,1284_8
query_1285,0,genomicbackground,0,genomicbackground,0.19945497810840607,1285_8_RF00050_8_NC_000913.3_3184369-3184918_ext_100-300_int_95_off_95_percentage_60_position_6-95 genomicbackground,1285,8,1285_8
query_1286,0,genomicbackground,1,riboswitch,0.9059815406799316,1286_8_RF00050_8_NC_000913.3_3184369-3184918_ext_100-300_int_95_off_100_percentage_64_position_1-95 genomicbackground,1286,8,1286_8
query_1287,0,genomicbackground,1,riboswitch,0.5719267725944519,1287_8_RF00050_8_NC_000913.3_3184369-3184918_ext_100-300_int_95_off_105_percentage_64_position_1-95 genomicbackground,1287,8,1287_8
query_1288,0,genomicbackground,0,genomicbackground,0.017336267977952957,1288_8_RF00050_8_NC_000913.3_3184369-3184918_ext_100-300_int_100_off_0_percentage_0_position_0-0 genomicbackground,1288,8,1288_8
query_1289,0,genomicbackground,0,genomicbackground,0.2142592966556549,1289_8_RF00050_8_NC_000913.3_3184369-3184918_ext_100-300_int_100_off_5_percentage_3_position_96-100 genomicbackground,1289,8,1289_8
query_1290,0,genomicbackground,0,genomicbackground,0.09110216796398163,1290_8_RF00050_8_NC_000913.3_3184369-3184918_ext_100-300_int_100_off_10_percentage_7_position_91-100 genomicbackground,1290,8,1290_8
query_1291,0,genomicbackground,0,genomicbackground,0.2106809765100479,1291_8_RF00050_8_NC_000913.3_3184369-3184918_ext_100-300_int_100_off_15_percentage_10_position_86-100 genomicbackground,1291,8,1291_8
query_1292,0,genomicbackground,0,genomicbackground,0.029837924987077713,1292_8_RF00050_8_NC_000913.3_3184369-3184918_ext_100-300_int_100_off_20_percentage_13_position_81-100 genomicbackground,1292,8,1292_8
query_1293,0,genomicbackground,0,genomicbackground,0.19929419457912445,1293_8_RF00050_8_NC_000913.3_3184369-3184918_ext_100-300_int_100_off_25_percentage_17_position_76-100 genomicbackground,1293,8,1293_8
query_1294,0,genomicbackground,0,genomicbackground,0.01608683541417122,1294_8_RF00050_8_NC_000913.3_3184369-3184918_ext_100-300_int_100_off_30_percentage_20_position_71-100 genomicbackground,1294,8,1294_8
query_1295,0,genomicbackground,0,genomicbackground,0.06500043720006943,1295_8_RF00050_8_NC_000913.3_3184369-3184918_ext_100-300_int_100_off_35_percentage_23_position_66-100 genomicbackground,1295,8,1295_8
query_1296,0,genomicbackground,0,genomicbackground,0.025213124230504036,1296_8_RF00050_8_NC_000913.3_3184369-3184918_ext_100-300_int_100_off_40_percentage_27_position_61-100 genomicbackground,1296,8,1296_8
query_1297,0,genomicbackground,0,genomicbackground,0.08460107445716858,1297_8_RF00050_8_NC_000913.3_3184369-3184918_ext_100-300_int_100_off_45_percentage_30_position_56-100 genomicbackground,1297,8,1297_8
query_1298,0,genomicbackground,0,genomicbackground,0.02152201160788536,1298_8_RF00050_8_NC_000913.3_3184369-3184918_ext_100-300_int_100_off_50_percentage_34_position_51-100 genomicbackground,1298,8,1298_8
query_1299,0,genomicbackground,0,genomicbackground,0.0738515630364418,1299_8_RF00050_8_NC_000913.3_3184369-3184918_ext_100-300_int_100_off_55_percentage_37_position_46-100 genomicbackground,1299,8,1299_8
query_1300,0,genomicbackground,0,genomicbackground,0.03969579190015793,1300_8_RF00050_8_NC_000913.3_3184369-3184918_ext_100-300_int_100_off_60_percentage_40_position_41-100 genomicbackground,1300,8,1300_8
query_1301,0,genomicbackground,0,genomicbackground,0.07614394277334213,1301_8_RF00050_8_NC_000913.3_3184369-3184918_ext_100-300_int_100_off_65_percentage_44_position_36-100 genomicbackground,1301,8,1301_8
query_1302,0,genomicbackground,0,genomicbackground,0.09382448345422745,1302_8_RF00050_8_NC_000913.3_3184369-3184918_ext_100-300_int_100_off_70_percentage_47_position_31-100 genomicbackground,1302,8,1302_8
query_1303,0,genomicbackground,0,genomicbackground,0.037317294627428055,1303_8_RF00050_8_NC_000913.3_3184369-3184918_ext_100-300_int_100_off_75_percentage_50_position_26-100 genomicbackground,1303,8,1303_8
query_1304,0,genomicbackground,0,genomicbackground,0.04678072780370712,1304_8_RF00050_8_NC_000913.3_3184369-3184918_ext_100-300_int_100_off_80_percentage_54_position_21-100 genomicbackground,1304,8,1304_8
query_1305,0,genomicbackground,0,genomicbackground,0.3057084381580353,1305_8_RF00050_8_NC_000913.3_3184369-3184918_ext_100-300_int_100_off_85_percentage_57_position_16-100 genomicbackground,1305,8,1305_8
query_1306,0,genomicbackground,0,genomicbackground,0.33314749598503113,1306_8_RF00050_8_NC_000913.3_3184369-3184918_ext_100-300_int_100_off_90_percentage_60_position_11-100 genomicbackground,1306,8,1306_8
query_1307,0,genomicbackground,0,genomicbackground,0.3072824478149414,1307_8_RF00050_8_NC_000913.3_3184369-3184918_ext_100-300_int_100_off_95_percentage_64_position_6-100 genomicbackground,1307,8,1307_8
query_1308,0,genomicbackground,1,riboswitch,0.8230326175689697,1308_8_RF00050_8_NC_000913.3_3184369-3184918_ext_100-300_int_100_off_100_percentage_67_position_1-100 genomicbackground,1308,8,1308_8
query_1309,0,genomicbackground,0,genomicbackground,0.028580576181411743,1309_8_RF00050_8_NC_000913.3_3184369-3184918_ext_100-300_int_105_off_0_percentage_3_position_101-105 genomicbackground,1309,8,1309_8
query_1310,0,genomicbackground,0,genomicbackground,0.1745261549949646,1310_8_RF00050_8_NC_000913.3_3184369-3184918_ext_100-300_int_105_off_5_percentage_7_position_96-105 genomicbackground,1310,8,1310_8
query_1311,0,genomicbackground,0,genomicbackground,0.06574635952711105,1311_8_RF00050_8_NC_000913.3_3184369-3184918_ext_100-300_int_105_off_10_percentage_10_position_91-105 genomicbackground,1311,8,1311_8
query_1312,0,genomicbackground,0,genomicbackground,0.06887509673833847,1312_8_RF00050_8_NC_000913.3_3184369-3184918_ext_100-300_int_105_off_15_percentage_13_position_86-105 genomicbackground,1312,8,1312_8
query_1313,0,genomicbackground,0,genomicbackground,0.035175155848264694,1313_8_RF00050_8_NC_000913.3_3184369-3184918_ext_100-300_int_105_off_20_percentage_17_position_81-105 genomicbackground,1313,8,1313_8
query_1314,0,genomicbackground,0,genomicbackground,0.01768517680466175,1314_8_RF00050_8_NC_000913.3_3184369-3184918_ext_100-300_int_105_off_25_percentage_20_position_76-105 genomicbackground,1314,8,1314_8
query_1315,0,genomicbackground,0,genomicbackground,0.08295372128486633,1315_8_RF00050_8_NC_000913.3_3184369-3184918_ext_100-300_int_105_off_30_percentage_23_position_71-105 genomicbackground,1315,8,1315_8
query_1316,0,genomicbackground,0,genomicbackground,0.25400424003601074,1316_8_RF00050_8_NC_000913.3_3184369-3184918_ext_100-300_int_105_off_35_percentage_27_position_66-105 genomicbackground,1316,8,1316_8
query_1317,0,genomicbackground,0,genomicbackground,0.057978738099336624,1317_8_RF00050_8_NC_000913.3_3184369-3184918_ext_100-300_int_105_off_40_percentage_30_position_61-105 genomicbackground,1317,8,1317_8
query_1318,0,genomicbackground,0,genomicbackground,0.016741929575800896,1318_8_RF00050_8_NC_000913.3_3184369-3184918_ext_100-300_int_105_off_45_percentage_34_position_56-105 genomicbackground,1318,8,1318_8
query_1319,0,genomicbackground,0,genomicbackground,0.09318800270557404,1319_8_RF00050_8_NC_000913.3_3184369-3184918_ext_100-300_int_105_off_50_percentage_37_position_51-105 genomicbackground,1319,8,1319_8
query_1320,0,genomicbackground,0,genomicbackground,0.055226560682058334,1320_8_RF00050_8_NC_000913.3_3184369-3184918_ext_100-300_int_105_off_55_percentage_40_position_46-105 genomicbackground,1320,8,1320_8
query_1321,0,genomicbackground,0,genomicbackground,0.45793020725250244,1321_8_RF00050_8_NC_000913.3_3184369-3184918_ext_100-300_int_105_off_60_percentage_44_position_41-105 genomicbackground,1321,8,1321_8
query_1322,0,genomicbackground,0,genomicbackground,0.33532285690307617,1322_8_RF00050_8_NC_000913.3_3184369-3184918_ext_100-300_int_105_off_65_percentage_47_position_36-105 genomicbackground,1322,8,1322_8
query_1323,0,genomicbackground,0,genomicbackground,0.043600939214229584,1323_8_RF00050_8_NC_000913.3_3184369-3184918_ext_100-300_int_105_off_70_percentage_50_position_31-105 genomicbackground,1323,8,1323_8
query_1324,0,genomicbackground,0,genomicbackground,0.07333412021398544,1324_8_RF00050_8_NC_000913.3_3184369-3184918_ext_100-300_int_105_off_75_percentage_54_position_26-105 genomicbackground,1324,8,1324_8
query_1325,0,genomicbackground,0,genomicbackground,0.08247636258602142,1325_8_RF00050_8_NC_000913.3_3184369-3184918_ext_100-300_int_105_off_80_percentage_57_position_21-105 genomicbackground,1325,8,1325_8
query_1326,0,genomicbackground,0,genomicbackground,0.3291028141975403,1326_8_RF00050_8_NC_000913.3_3184369-3184918_ext_100-300_int_105_off_85_percentage_60_position_16-105 genomicbackground,1326,8,1326_8
query_1327,0,genomicbackground,0,genomicbackground,0.4731079041957855,1327_8_RF00050_8_NC_000913.3_3184369-3184918_ext_100-300_int_105_off_90_percentage_64_position_11-105 genomicbackground,1327,8,1327_8
query_1328,0,genomicbackground,0,genomicbackground,0.19928716123104095,1328_8_RF00050_8_NC_000913.3_3184369-3184918_ext_100-300_int_105_off_95_percentage_67_position_6-105 genomicbackground,1328,8,1328_8
query_1329,0,genomicbackground,0,genomicbackground,0.04278603196144104,1329_8_RF00050_8_NC_000913.3_3184369-3184918_ext_100-300_int_110_off_0_percentage_7_position_101-110 genomicbackground,1329,8,1329_8
query_1330,0,genomicbackground,0,genomicbackground,0.01907108724117279,1330_8_RF00050_8_NC_000913.3_3184369-3184918_ext_100-300_int_110_off_5_percentage_10_position_96-110 genomicbackground,1330,8,1330_8
query_1331,0,genomicbackground,0,genomicbackground,0.011034278199076653,1331_8_RF00050_8_NC_000913.3_3184369-3184918_ext_100-300_int_110_off_10_percentage_13_position_91-110 genomicbackground,1331,8,1331_8
query_1332,0,genomicbackground,0,genomicbackground,0.09285152703523636,1332_8_RF00050_8_NC_000913.3_3184369-3184918_ext_100-300_int_110_off_15_percentage_17_position_86-110 genomicbackground,1332,8,1332_8
query_1333,0,genomicbackground,1,riboswitch,0.6600481867790222,1333_8_RF00050_8_NC_000913.3_3184369-3184918_ext_100-300_int_110_off_20_percentage_20_position_81-110 genomicbackground,1333,8,1333_8
query_1334,0,genomicbackground,1,riboswitch,0.9348698854446411,1334_8_RF00050_8_NC_000913.3_3184369-3184918_ext_100-300_int_110_off_25_percentage_23_position_76-110 genomicbackground,1334,8,1334_8
query_1335,0,genomicbackground,1,riboswitch,0.9544000029563904,1335_8_RF00050_8_NC_000913.3_3184369-3184918_ext_100-300_int_110_off_30_percentage_27_position_71-110 genomicbackground,1335,8,1335_8
query_1336,0,genomicbackground,0,genomicbackground,0.2170148342847824,1336_8_RF00050_8_NC_000913.3_3184369-3184918_ext_100-300_int_110_off_35_percentage_30_position_66-110 genomicbackground,1336,8,1336_8
query_1337,0,genomicbackground,0,genomicbackground,0.015965459868311882,1337_8_RF00050_8_NC_000913.3_3184369-3184918_ext_100-300_int_110_off_40_percentage_34_position_61-110 genomicbackground,1337,8,1337_8
query_1338,0,genomicbackground,0,genomicbackground,0.047616682946681976,1338_8_RF00050_8_NC_000913.3_3184369-3184918_ext_100-300_int_110_off_45_percentage_37_position_56-110 genomicbackground,1338,8,1338_8
query_1339,0,genomicbackground,0,genomicbackground,0.028773868456482887,1339_8_RF00050_8_NC_000913.3_3184369-3184918_ext_100-300_int_110_off_50_percentage_40_position_51-110 genomicbackground,1339,8,1339_8
query_1340,0,genomicbackground,0,genomicbackground,0.40270087122917175,1340_8_RF00050_8_NC_000913.3_3184369-3184918_ext_100-300_int_110_off_55_percentage_44_position_46-110 genomicbackground,1340,8,1340_8
query_1341,0,genomicbackground,0,genomicbackground,0.10092540830373764,1341_8_RF00050_8_NC_000913.3_3184369-3184918_ext_100-300_int_110_off_60_percentage_47_position_41-110 genomicbackground,1341,8,1341_8
query_1342,0,genomicbackground,0,genomicbackground,0.10279469192028046,1342_8_RF00050_8_NC_000913.3_3184369-3184918_ext_100-300_int_110_off_65_percentage_50_position_36-110 genomicbackground,1342,8,1342_8
query_1343,0,genomicbackground,0,genomicbackground,0.034343503415584564,1343_8_RF00050_8_NC_000913.3_3184369-3184918_ext_100-300_int_110_off_70_percentage_54_position_31-110 genomicbackground,1343,8,1343_8
query_1344,0,genomicbackground,0,genomicbackground,0.06523522734642029,1344_8_RF00050_8_NC_000913.3_3184369-3184918_ext_100-300_int_110_off_75_percentage_57_position_26-110 genomicbackground,1344,8,1344_8
query_1345,0,genomicbackground,0,genomicbackground,0.07899295538663864,1345_8_RF00050_8_NC_000913.3_3184369-3184918_ext_100-300_int_110_off_80_percentage_60_position_21-110 genomicbackground,1345,8,1345_8
query_1346,0,genomicbackground,0,genomicbackground,0.4574594795703888,1346_8_RF00050_8_NC_000913.3_3184369-3184918_ext_100-300_int_110_off_85_percentage_64_position_16-110 genomicbackground,1346,8,1346_8
query_1347,0,genomicbackground,0,genomicbackground,0.3199256360530853,1347_8_RF00050_8_NC_000913.3_3184369-3184918_ext_100-300_int_110_off_90_percentage_67_position_11-110 genomicbackground,1347,8,1347_8
query_1348,0,genomicbackground,0,genomicbackground,0.010286711156368256,1348_8_RF00050_8_NC_000913.3_3184369-3184918_ext_100-300_int_115_off_0_percentage_10_position_101-115 genomicbackground,1348,8,1348_8
query_1349,0,genomicbackground,0,genomicbackground,0.06606892496347427,1349_8_RF00050_8_NC_000913.3_3184369-3184918_ext_100-300_int_115_off_5_percentage_13_position_96-115 genomicbackground,1349,8,1349_8
query_1350,0,genomicbackground,0,genomicbackground,0.04681212082505226,1350_8_RF00050_8_NC_000913.3_3184369-3184918_ext_100-300_int_115_off_10_percentage_17_position_91-115 genomicbackground,1350,8,1350_8
query_1351,0,genomicbackground,0,genomicbackground,0.022675907239317894,1351_8_RF00050_8_NC_000913.3_3184369-3184918_ext_100-300_int_115_off_15_percentage_20_position_86-115 genomicbackground,1351,8,1351_8
query_1352,0,genomicbackground,1,riboswitch,0.7545282244682312,1352_8_RF00050_8_NC_000913.3_3184369-3184918_ext_100-300_int_115_off_20_percentage_23_position_81-115 genomicbackground,1352,8,1352_8
query_1353,0,genomicbackground,1,riboswitch,0.9926469326019287,1353_8_RF00050_8_NC_000913.3_3184369-3184918_ext_100-300_int_115_off_25_percentage_27_position_76-115 genomicbackground,1353,8,1353_8
query_1354,0,genomicbackground,1,riboswitch,0.9377705454826355,1354_8_RF00050_8_NC_000913.3_3184369-3184918_ext_100-300_int_115_off_30_percentage_30_position_71-115 genomicbackground,1354,8,1354_8
query_1355,0,genomicbackground,0,genomicbackground,0.03502025082707405,1355_8_RF00050_8_NC_000913.3_3184369-3184918_ext_100-300_int_115_off_35_percentage_34_position_66-115 genomicbackground,1355,8,1355_8
query_1356,0,genomicbackground,0,genomicbackground,0.03640370070934296,1356_8_RF00050_8_NC_000913.3_3184369-3184918_ext_100-300_int_115_off_40_percentage_37_position_61-115 genomicbackground,1356,8,1356_8
query_1357,0,genomicbackground,0,genomicbackground,0.014780810102820396,1357_8_RF00050_8_NC_000913.3_3184369-3184918_ext_100-300_int_115_off_45_percentage_40_position_56-115 genomicbackground,1357,8,1357_8
query_1358,0,genomicbackground,0,genomicbackground,0.1299901306629181,1358_8_RF00050_8_NC_000913.3_3184369-3184918_ext_100-300_int_115_off_50_percentage_44_position_51-115 genomicbackground,1358,8,1358_8
query_1359,0,genomicbackground,0,genomicbackground,0.027326572686433792,1359_8_RF00050_8_NC_000913.3_3184369-3184918_ext_100-300_int_115_off_55_percentage_47_position_46-115 genomicbackground,1359,8,1359_8
query_1360,0,genomicbackground,0,genomicbackground,0.03789597749710083,1360_8_RF00050_8_NC_000913.3_3184369-3184918_ext_100-300_int_115_off_60_percentage_50_position_41-115 genomicbackground,1360,8,1360_8
query_1361,0,genomicbackground,0,genomicbackground,0.2782493829727173,1361_8_RF00050_8_NC_000913.3_3184369-3184918_ext_100-300_int_115_off_65_percentage_54_position_36-115 genomicbackground,1361,8,1361_8
query_1362,0,genomicbackground,0,genomicbackground,0.017193328589200974,1362_8_RF00050_8_NC_000913.3_3184369-3184918_ext_100-300_int_115_off_70_percentage_57_position_31-115 genomicbackground,1362,8,1362_8
query_1363,0,genomicbackground,0,genomicbackground,0.02660164050757885,1363_8_RF00050_8_NC_000913.3_3184369-3184918_ext_100-300_int_115_off_75_percentage_60_position_26-115 genomicbackground,1363,8,1363_8
query_1364,0,genomicbackground,1,riboswitch,0.7491803169250488,1364_8_RF00050_8_NC_000913.3_3184369-3184918_ext_100-300_int_115_off_80_percentage_64_position_21-115 genomicbackground,1364,8,1364_8
query_1365,0,genomicbackground,0,genomicbackground,0.31911346316337585,1365_8_RF00050_8_NC_000913.3_3184369-3184918_ext_100-300_int_115_off_85_percentage_67_position_16-115 genomicbackground,1365,8,1365_8
query_1366,0,genomicbackground,0,genomicbackground,0.017588572576642036,1366_8_RF00050_8_NC_000913.3_3184369-3184918_ext_100-300_int_120_off_0_percentage_13_position_101-120 genomicbackground,1366,8,1366_8
query_1367,0,genomicbackground,0,genomicbackground,0.09534650295972824,1367_8_RF00050_8_NC_000913.3_3184369-3184918_ext_100-300_int_120_off_5_percentage_17_position_96-120 genomicbackground,1367,8,1367_8
query_1368,0,genomicbackground,0,genomicbackground,0.0223141647875309,1368_8_RF00050_8_NC_000913.3_3184369-3184918_ext_100-300_int_120_off_10_percentage_20_position_91-120 genomicbackground,1368,8,1368_8
query_1369,0,genomicbackground,1,riboswitch,0.7791333794593811,1369_8_RF00050_8_NC_000913.3_3184369-3184918_ext_100-300_int_120_off_15_percentage_23_position_86-120 genomicbackground,1369,8,1369_8
query_1370,0,genomicbackground,0,genomicbackground,0.06823936849832535,1370_8_RF00050_8_NC_000913.3_3184369-3184918_ext_100-300_int_120_off_20_percentage_27_position_81-120 genomicbackground,1370,8,1370_8
query_1371,0,genomicbackground,1,riboswitch,0.9007197022438049,1371_8_RF00050_8_NC_000913.3_3184369-3184918_ext_100-300_int_120_off_25_percentage_30_position_76-120 genomicbackground,1371,8,1371_8
query_1372,0,genomicbackground,0,genomicbackground,0.3334836959838867,1372_8_RF00050_8_NC_000913.3_3184369-3184918_ext_100-300_int_120_off_30_percentage_34_position_71-120 genomicbackground,1372,8,1372_8
query_1373,0,genomicbackground,0,genomicbackground,0.1368272751569748,1373_8_RF00050_8_NC_000913.3_3184369-3184918_ext_100-300_int_120_off_35_percentage_37_position_66-120 genomicbackground,1373,8,1373_8
query_1374,0,genomicbackground,0,genomicbackground,0.012227754108607769,1374_8_RF00050_8_NC_000913.3_3184369-3184918_ext_100-300_int_120_off_40_percentage_40_position_61-120 genomicbackground,1374,8,1374_8
query_1375,0,genomicbackground,0,genomicbackground,0.03047739900648594,1375_8_RF00050_8_NC_000913.3_3184369-3184918_ext_100-300_int_120_off_45_percentage_44_position_56-120 genomicbackground,1375,8,1375_8
query_1376,0,genomicbackground,0,genomicbackground,0.020695779472589493,1376_8_RF00050_8_NC_000913.3_3184369-3184918_ext_100-300_int_120_off_50_percentage_47_position_51-120 genomicbackground,1376,8,1376_8
query_1377,0,genomicbackground,0,genomicbackground,0.04216361045837402,1377_8_RF00050_8_NC_000913.3_3184369-3184918_ext_100-300_int_120_off_55_percentage_50_position_46-120 genomicbackground,1377,8,1377_8
query_1378,0,genomicbackground,0,genomicbackground,0.13761447370052338,1378_8_RF00050_8_NC_000913.3_3184369-3184918_ext_100-300_int_120_off_60_percentage_54_position_41-120 genomicbackground,1378,8,1378_8
query_1379,0,genomicbackground,0,genomicbackground,0.36957305669784546,1379_8_RF00050_8_NC_000913.3_3184369-3184918_ext_100-300_int_120_off_65_percentage_57_position_36-120 genomicbackground,1379,8,1379_8
query_1380,0,genomicbackground,0,genomicbackground,0.125369131565094,1380_8_RF00050_8_NC_000913.3_3184369-3184918_ext_100-300_int_120_off_70_percentage_60_position_31-120 genomicbackground,1380,8,1380_8
query_1381,0,genomicbackground,0,genomicbackground,0.03934965282678604,1381_8_RF00050_8_NC_000913.3_3184369-3184918_ext_100-300_int_120_off_75_percentage_64_position_26-120 genomicbackground,1381,8,1381_8
query_1382,0,genomicbackground,1,riboswitch,0.6316366195678711,1382_8_RF00050_8_NC_000913.3_3184369-3184918_ext_100-300_int_120_off_80_percentage_67_position_21-120 genomicbackground,1382,8,1382_8
query_1383,0,genomicbackground,0,genomicbackground,0.024635741487145424,1383_8_RF00050_8_NC_000913.3_3184369-3184918_ext_100-300_int_125_off_0_percentage_17_position_101-125 genomicbackground,1383,8,1383_8
query_1384,0,genomicbackground,0,genomicbackground,0.03480822592973709,1384_8_RF00050_8_NC_000913.3_3184369-3184918_ext_100-300_int_125_off_5_percentage_20_position_96-125 genomicbackground,1384,8,1384_8
query_1385,0,genomicbackground,1,riboswitch,0.728117823600769,1385_8_RF00050_8_NC_000913.3_3184369-3184918_ext_100-300_int_125_off_10_percentage_23_position_91-125 genomicbackground,1385,8,1385_8
query_1386,0,genomicbackground,1,riboswitch,0.9924390316009521,1386_8_RF00050_8_NC_000913.3_3184369-3184918_ext_100-300_int_125_off_15_percentage_27_position_86-125 genomicbackground,1386,8,1386_8
query_1387,0,genomicbackground,0,genomicbackground,0.049093443900346756,1387_8_RF00050_8_NC_000913.3_3184369-3184918_ext_100-300_int_125_off_20_percentage_30_position_81-125 genomicbackground,1387,8,1387_8
query_1388,0,genomicbackground,0,genomicbackground,0.086827851831913,1388_8_RF00050_8_NC_000913.3_3184369-3184918_ext_100-300_int_125_off_25_percentage_34_position_76-125 genomicbackground,1388,8,1388_8
query_1389,0,genomicbackground,0,genomicbackground,0.18298156559467316,1389_8_RF00050_8_NC_000913.3_3184369-3184918_ext_100-300_int_125_off_30_percentage_37_position_71-125 genomicbackground,1389,8,1389_8
query_1390,0,genomicbackground,0,genomicbackground,0.07309801131486893,1390_8_RF00050_8_NC_000913.3_3184369-3184918_ext_100-300_int_125_off_35_percentage_40_position_66-125 genomicbackground,1390,8,1390_8
query_1391,0,genomicbackground,0,genomicbackground,0.022397756576538086,1391_8_RF00050_8_NC_000913.3_3184369-3184918_ext_100-300_int_125_off_40_percentage_44_position_61-125 genomicbackground,1391,8,1391_8
query_1392,0,genomicbackground,0,genomicbackground,0.011198795400559902,1392_8_RF00050_8_NC_000913.3_3184369-3184918_ext_100-300_int_125_off_45_percentage_47_position_56-125 genomicbackground,1392,8,1392_8
query_1393,0,genomicbackground,0,genomicbackground,0.04224815592169762,1393_8_RF00050_8_NC_000913.3_3184369-3184918_ext_100-300_int_125_off_50_percentage_50_position_51-125 genomicbackground,1393,8,1393_8
query_1394,0,genomicbackground,0,genomicbackground,0.02400379255414009,1394_8_RF00050_8_NC_000913.3_3184369-3184918_ext_100-300_int_125_off_55_percentage_54_position_46-125 genomicbackground,1394,8,1394_8
query_1395,0,genomicbackground,0,genomicbackground,0.29291826486587524,1395_8_RF00050_8_NC_000913.3_3184369-3184918_ext_100-300_int_125_off_60_percentage_57_position_41-125 genomicbackground,1395,8,1395_8
query_1396,0,genomicbackground,0,genomicbackground,0.33288294076919556,1396_8_RF00050_8_NC_000913.3_3184369-3184918_ext_100-300_int_125_off_65_percentage_60_position_36-125 genomicbackground,1396,8,1396_8
query_1397,0,genomicbackground,1,riboswitch,0.8773327469825745,1397_8_RF00050_8_NC_000913.3_3184369-3184918_ext_100-300_int_125_off_70_percentage_64_position_31-125 genomicbackground,1397,8,1397_8
query_1398,0,genomicbackground,0,genomicbackground,0.029762115329504013,1398_8_RF00050_8_NC_000913.3_3184369-3184918_ext_100-300_int_125_off_75_percentage_67_position_26-125 genomicbackground,1398,8,1398_8
query_1399,0,genomicbackground,0,genomicbackground,0.10058676451444626,1399_8_RF00050_8_NC_000913.3_3184369-3184918_ext_100-300_int_130_off_0_percentage_20_position_101-130 genomicbackground,1399,8,1399_8
query_1400,0,genomicbackground,0,genomicbackground,0.44986891746520996,1400_8_RF00050_8_NC_000913.3_3184369-3184918_ext_100-300_int_130_off_5_percentage_23_position_96-130 genomicbackground,1400,8,1400_8
query_1401,0,genomicbackground,0,genomicbackground,0.06718718260526657,1401_8_RF00050_8_NC_000913.3_3184369-3184918_ext_100-300_int_130_off_10_percentage_27_position_91-130 genomicbackground,1401,8,1401_8
query_1402,0,genomicbackground,1,riboswitch,0.9923918843269348,1402_8_RF00050_8_NC_000913.3_3184369-3184918_ext_100-300_int_130_off_15_percentage_30_position_86-130 genomicbackground,1402,8,1402_8
query_1403,0,genomicbackground,0,genomicbackground,0.024307694286108017,1403_8_RF00050_8_NC_000913.3_3184369-3184918_ext_100-300_int_130_off_20_percentage_34_position_81-130 genomicbackground,1403,8,1403_8
query_1404,0,genomicbackground,0,genomicbackground,0.32511791586875916,1404_8_RF00050_8_NC_000913.3_3184369-3184918_ext_100-300_int_130_off_25_percentage_37_position_76-130 genomicbackground,1404,8,1404_8
query_1405,0,genomicbackground,0,genomicbackground,0.07230701297521591,1405_8_RF00050_8_NC_000913.3_3184369-3184918_ext_100-300_int_130_off_30_percentage_40_position_71-130 genomicbackground,1405,8,1405_8
query_1406,0,genomicbackground,0,genomicbackground,0.03207634389400482,1406_8_RF00050_8_NC_000913.3_3184369-3184918_ext_100-300_int_130_off_35_percentage_44_position_66-130 genomicbackground,1406,8,1406_8
query_1407,0,genomicbackground,0,genomicbackground,0.009458987042307854,1407_8_RF00050_8_NC_000913.3_3184369-3184918_ext_100-300_int_130_off_40_percentage_47_position_61-130 genomicbackground,1407,8,1407_8
query_1408,0,genomicbackground,0,genomicbackground,0.021439168602228165,1408_8_RF00050_8_NC_000913.3_3184369-3184918_ext_100-300_int_130_off_45_percentage_50_position_56-130 genomicbackground,1408,8,1408_8
query_1409,0,genomicbackground,0,genomicbackground,0.03194481506943703,1409_8_RF00050_8_NC_000913.3_3184369-3184918_ext_100-300_int_130_off_50_percentage_54_position_51-130 genomicbackground,1409,8,1409_8
query_1410,0,genomicbackground,0,genomicbackground,0.04689045995473862,1410_8_RF00050_8_NC_000913.3_3184369-3184918_ext_100-300_int_130_off_55_percentage_57_position_46-130 genomicbackground,1410,8,1410_8
query_1411,0,genomicbackground,0,genomicbackground,0.12613829970359802,1411_8_RF00050_8_NC_000913.3_3184369-3184918_ext_100-300_int_130_off_60_percentage_60_position_41-130 genomicbackground,1411,8,1411_8
query_1412,0,genomicbackground,0,genomicbackground,0.4174639582633972,1412_8_RF00050_8_NC_000913.3_3184369-3184918_ext_100-300_int_130_off_65_percentage_64_position_36-130 genomicbackground,1412,8,1412_8
query_1413,0,genomicbackground,1,riboswitch,0.813696563243866,1413_8_RF00050_8_NC_000913.3_3184369-3184918_ext_100-300_int_130_off_70_percentage_67_position_31-130 genomicbackground,1413,8,1413_8
query_1414,0,genomicbackground,0,genomicbackground,0.19791541993618011,1414_8_RF00050_8_NC_000913.3_3184369-3184918_ext_100-300_int_135_off_0_percentage_23_position_101-135 genomicbackground,1414,8,1414_8
query_1415,0,genomicbackground,0,genomicbackground,0.19070012867450714,1415_8_RF00050_8_NC_000913.3_3184369-3184918_ext_100-300_int_135_off_5_percentage_27_position_96-135 genomicbackground,1415,8,1415_8
query_1416,0,genomicbackground,1,riboswitch,0.9087673425674438,1416_8_RF00050_8_NC_000913.3_3184369-3184918_ext_100-300_int_135_off_10_percentage_30_position_91-135 genomicbackground,1416,8,1416_8
query_1417,0,genomicbackground,1,riboswitch,0.9786433577537537,1417_8_RF00050_8_NC_000913.3_3184369-3184918_ext_100-300_int_135_off_15_percentage_34_position_86-135 genomicbackground,1417,8,1417_8
query_1418,0,genomicbackground,0,genomicbackground,0.024012291803956032,1418_8_RF00050_8_NC_000913.3_3184369-3184918_ext_100-300_int_135_off_20_percentage_37_position_81-135 genomicbackground,1418,8,1418_8
query_1419,0,genomicbackground,0,genomicbackground,0.1719544380903244,1419_8_RF00050_8_NC_000913.3_3184369-3184918_ext_100-300_int_135_off_25_percentage_40_position_76-135 genomicbackground,1419,8,1419_8
query_1420,0,genomicbackground,0,genomicbackground,0.040119998157024384,1420_8_RF00050_8_NC_000913.3_3184369-3184918_ext_100-300_int_135_off_30_percentage_44_position_71-135 genomicbackground,1420,8,1420_8
query_1421,0,genomicbackground,0,genomicbackground,0.054865337908267975,1421_8_RF00050_8_NC_000913.3_3184369-3184918_ext_100-300_int_135_off_35_percentage_47_position_66-135 genomicbackground,1421,8,1421_8
query_1422,0,genomicbackground,0,genomicbackground,0.015740754082798958,1422_8_RF00050_8_NC_000913.3_3184369-3184918_ext_100-300_int_135_off_40_percentage_50_position_61-135 genomicbackground,1422,8,1422_8
query_1423,0,genomicbackground,0,genomicbackground,0.015559438616037369,1423_8_RF00050_8_NC_000913.3_3184369-3184918_ext_100-300_int_135_off_45_percentage_54_position_56-135 genomicbackground,1423,8,1423_8
query_1424,0,genomicbackground,0,genomicbackground,0.0355159193277359,1424_8_RF00050_8_NC_000913.3_3184369-3184918_ext_100-300_int_135_off_50_percentage_57_position_51-135 genomicbackground,1424,8,1424_8
query_1425,0,genomicbackground,0,genomicbackground,0.07508595287799835,1425_8_RF00050_8_NC_000913.3_3184369-3184918_ext_100-300_int_135_off_55_percentage_60_position_46-135 genomicbackground,1425,8,1425_8
query_1426,0,genomicbackground,0,genomicbackground,0.21778468787670135,1426_8_RF00050_8_NC_000913.3_3184369-3184918_ext_100-300_int_135_off_60_percentage_64_position_41-135 genomicbackground,1426,8,1426_8
query_1427,0,genomicbackground,0,genomicbackground,0.3505946397781372,1427_8_RF00050_8_NC_000913.3_3184369-3184918_ext_100-300_int_135_off_65_percentage_67_position_36-135 genomicbackground,1427,8,1427_8
query_1428,0,genomicbackground,0,genomicbackground,0.05726700648665428,1428_8_RF00050_8_NC_000913.3_3184369-3184918_ext_100-300_int_140_off_0_percentage_27_position_101-140 genomicbackground,1428,8,1428_8
query_1429,0,genomicbackground,0,genomicbackground,0.06668371707201004,1429_8_RF00050_8_NC_000913.3_3184369-3184918_ext_100-300_int_140_off_5_percentage_30_position_96-140 genomicbackground,1429,8,1429_8
query_1430,0,genomicbackground,1,riboswitch,0.6596372127532959,1430_8_RF00050_8_NC_000913.3_3184369-3184918_ext_100-300_int_140_off_10_percentage_34_position_91-140 genomicbackground,1430,8,1430_8
query_1431,0,genomicbackground,1,riboswitch,0.9752793908119202,1431_8_RF00050_8_NC_000913.3_3184369-3184918_ext_100-300_int_140_off_15_percentage_37_position_86-140 genomicbackground,1431,8,1431_8
query_1432,0,genomicbackground,0,genomicbackground,0.01893320307135582,1432_8_RF00050_8_NC_000913.3_3184369-3184918_ext_100-300_int_140_off_20_percentage_40_position_81-140 genomicbackground,1432,8,1432_8
query_1433,0,genomicbackground,0,genomicbackground,0.48325756192207336,1433_8_RF00050_8_NC_000913.3_3184369-3184918_ext_100-300_int_140_off_25_percentage_44_position_76-140 genomicbackground,1433,8,1433_8
query_1434,0,genomicbackground,0,genomicbackground,0.06830348074436188,1434_8_RF00050_8_NC_000913.3_3184369-3184918_ext_100-300_int_140_off_30_percentage_47_position_71-140 genomicbackground,1434,8,1434_8
query_1435,0,genomicbackground,0,genomicbackground,0.021335788071155548,1435_8_RF00050_8_NC_000913.3_3184369-3184918_ext_100-300_int_140_off_35_percentage_50_position_66-140 genomicbackground,1435,8,1435_8
query_1436,0,genomicbackground,0,genomicbackground,0.013156389817595482,1436_8_RF00050_8_NC_000913.3_3184369-3184918_ext_100-300_int_140_off_40_percentage_54_position_61-140 genomicbackground,1436,8,1436_8
query_1437,0,genomicbackground,0,genomicbackground,0.017136093229055405,1437_8_RF00050_8_NC_000913.3_3184369-3184918_ext_100-300_int_140_off_45_percentage_57_position_56-140 genomicbackground,1437,8,1437_8
query_1438,0,genomicbackground,0,genomicbackground,0.06903274357318878,1438_8_RF00050_8_NC_000913.3_3184369-3184918_ext_100-300_int_140_off_50_percentage_60_position_51-140 genomicbackground,1438,8,1438_8
query_1439,0,genomicbackground,0,genomicbackground,0.14549574255943298,1439_8_RF00050_8_NC_000913.3_3184369-3184918_ext_100-300_int_140_off_55_percentage_64_position_46-140 genomicbackground,1439,8,1439_8
query_1440,0,genomicbackground,0,genomicbackground,0.1224556490778923,1440_8_RF00050_8_NC_000913.3_3184369-3184918_ext_100-300_int_140_off_60_percentage_67_position_41-140 genomicbackground,1440,8,1440_8
query_1441,0,genomicbackground,0,genomicbackground,0.3504233956336975,1441_8_RF00050_8_NC_000913.3_3184369-3184918_ext_100-300_int_145_off_0_percentage_30_position_101-145 genomicbackground,1441,8,1441_8
query_1442,0,genomicbackground,0,genomicbackground,0.4561006724834442,1442_8_RF00050_8_NC_000913.3_3184369-3184918_ext_100-300_int_145_off_5_percentage_34_position_96-145 genomicbackground,1442,8,1442_8
query_1443,0,genomicbackground,1,riboswitch,0.6602094769477844,1443_8_RF00050_8_NC_000913.3_3184369-3184918_ext_100-300_int_145_off_10_percentage_37_position_91-145 genomicbackground,1443,8,1443_8
query_1444,0,genomicbackground,1,riboswitch,0.9109787940979004,1444_8_RF00050_8_NC_000913.3_3184369-3184918_ext_100-300_int_145_off_15_percentage_40_position_86-145 genomicbackground,1444,8,1444_8
query_1445,0,genomicbackground,0,genomicbackground,0.2897403836250305,1445_8_RF00050_8_NC_000913.3_3184369-3184918_ext_100-300_int_145_off_20_percentage_44_position_81-145 genomicbackground,1445,8,1445_8
query_1446,0,genomicbackground,1,riboswitch,0.5784527063369751,1446_8_RF00050_8_NC_000913.3_3184369-3184918_ext_100-300_int_145_off_25_percentage_47_position_76-145 genomicbackground,1446,8,1446_8
query_1447,0,genomicbackground,0,genomicbackground,0.026175498962402344,1447_8_RF00050_8_NC_000913.3_3184369-3184918_ext_100-300_int_145_off_30_percentage_50_position_71-145 genomicbackground,1447,8,1447_8
query_1448,0,genomicbackground,0,genomicbackground,0.01577678509056568,1448_8_RF00050_8_NC_000913.3_3184369-3184918_ext_100-300_int_145_off_35_percentage_54_position_66-145 genomicbackground,1448,8,1448_8
query_1449,0,genomicbackground,0,genomicbackground,0.014153323136270046,1449_8_RF00050_8_NC_000913.3_3184369-3184918_ext_100-300_int_145_off_40_percentage_57_position_61-145 genomicbackground,1449,8,1449_8
query_1450,0,genomicbackground,0,genomicbackground,0.030803870409727097,1450_8_RF00050_8_NC_000913.3_3184369-3184918_ext_100-300_int_145_off_45_percentage_60_position_56-145 genomicbackground,1450,8,1450_8
query_1451,0,genomicbackground,0,genomicbackground,0.12499737739562988,1451_8_RF00050_8_NC_000913.3_3184369-3184918_ext_100-300_int_145_off_50_percentage_64_position_51-145 genomicbackground,1451,8,1451_8
query_1452,0,genomicbackground,0,genomicbackground,0.12189483642578125,1452_8_RF00050_8_NC_000913.3_3184369-3184918_ext_100-300_int_145_off_55_percentage_67_position_46-145 genomicbackground,1452,8,1452_8
query_1453,0,genomicbackground,0,genomicbackground,0.049308888614177704,1453_8_RF00050_8_NC_000913.3_3184369-3184918_ext_100-300_int_150_off_0_percentage_34_position_101-150 genomicbackground,1453,8,1453_8
query_1454,0,genomicbackground,1,riboswitch,0.5010287761688232,1454_8_RF00050_8_NC_000913.3_3184369-3184918_ext_100-300_int_150_off_5_percentage_37_position_96-150 genomicbackground,1454,8,1454_8
query_1455,0,genomicbackground,0,genomicbackground,0.037774864584207535,1455_8_RF00050_8_NC_000913.3_3184369-3184918_ext_100-300_int_150_off_10_percentage_40_position_91-150 genomicbackground,1455,8,1455_8
query_1456,0,genomicbackground,0,genomicbackground,0.180219367146492,1456_8_RF00050_8_NC_000913.3_3184369-3184918_ext_100-300_int_150_off_15_percentage_44_position_86-150 genomicbackground,1456,8,1456_8
query_1457,0,genomicbackground,0,genomicbackground,0.460940957069397,1457_8_RF00050_8_NC_000913.3_3184369-3184918_ext_100-300_int_150_off_20_percentage_47_position_81-150 genomicbackground,1457,8,1457_8
query_1458,0,genomicbackground,0,genomicbackground,0.4868708550930023,1458_8_RF00050_8_NC_000913.3_3184369-3184918_ext_100-300_int_150_off_25_percentage_50_position_76-150 genomicbackground,1458,8,1458_8
query_1459,0,genomicbackground,0,genomicbackground,0.018147412687540054,1459_8_RF00050_8_NC_000913.3_3184369-3184918_ext_100-300_int_150_off_30_percentage_54_position_71-150 genomicbackground,1459,8,1459_8
query_1460,0,genomicbackground,0,genomicbackground,0.0952489897608757,1460_8_RF00050_8_NC_000913.3_3184369-3184918_ext_100-300_int_150_off_35_percentage_57_position_66-150 genomicbackground,1460,8,1460_8
query_1461,0,genomicbackground,0,genomicbackground,0.022738685831427574,1461_8_RF00050_8_NC_000913.3_3184369-3184918_ext_100-300_int_150_off_40_percentage_60_position_61-150 genomicbackground,1461,8,1461_8
query_1462,0,genomicbackground,0,genomicbackground,0.04924590140581131,1462_8_RF00050_8_NC_000913.3_3184369-3184918_ext_100-300_int_150_off_45_percentage_64_position_56-150 genomicbackground,1462,8,1462_8
query_1463,0,genomicbackground,0,genomicbackground,0.10004423558712006,1463_8_RF00050_8_NC_000913.3_3184369-3184918_ext_100-300_int_150_off_50_percentage_67_position_51-150 genomicbackground,1463,8,1463_8
query_1464,0,genomicbackground,0,genomicbackground,0.1367972493171692,1464_8_RF00050_8_NC_000913.3_3184369-3184918_ext_100-300_int_155_off_0_percentage_37_position_101-155 genomicbackground,1464,8,1464_8
query_1465,0,genomicbackground,0,genomicbackground,0.11715442687273026,1465_8_RF00050_8_NC_000913.3_3184369-3184918_ext_100-300_int_155_off_5_percentage_40_position_96-155 genomicbackground,1465,8,1465_8
query_1466,0,genomicbackground,0,genomicbackground,0.19697783887386322,1466_8_RF00050_8_NC_000913.3_3184369-3184918_ext_100-300_int_155_off_10_percentage_44_position_91-155 genomicbackground,1466,8,1466_8
query_1467,0,genomicbackground,1,riboswitch,0.7556159496307373,1467_8_RF00050_8_NC_000913.3_3184369-3184918_ext_100-300_int_155_off_15_percentage_47_position_86-155 genomicbackground,1467,8,1467_8
query_1468,0,genomicbackground,0,genomicbackground,0.335732102394104,1468_8_RF00050_8_NC_000913.3_3184369-3184918_ext_100-300_int_155_off_20_percentage_50_position_81-155 genomicbackground,1468,8,1468_8
query_1469,0,genomicbackground,0,genomicbackground,0.33738237619400024,1469_8_RF00050_8_NC_000913.3_3184369-3184918_ext_100-300_int_155_off_25_percentage_54_position_76-155 genomicbackground,1469,8,1469_8
query_1470,0,genomicbackground,0,genomicbackground,0.12616828083992004,1470_8_RF00050_8_NC_000913.3_3184369-3184918_ext_100-300_int_155_off_30_percentage_57_position_71-155 genomicbackground,1470,8,1470_8
query_1471,0,genomicbackground,0,genomicbackground,0.13939490914344788,1471_8_RF00050_8_NC_000913.3_3184369-3184918_ext_100-300_int_155_off_35_percentage_60_position_66-155 genomicbackground,1471,8,1471_8
query_1472,0,genomicbackground,0,genomicbackground,0.03386322036385536,1472_8_RF00050_8_NC_000913.3_3184369-3184918_ext_100-300_int_155_off_40_percentage_64_position_61-155 genomicbackground,1472,8,1472_8
query_1473,0,genomicbackground,0,genomicbackground,0.03990767523646355,1473_8_RF00050_8_NC_000913.3_3184369-3184918_ext_100-300_int_155_off_45_percentage_67_position_56-155 genomicbackground,1473,8,1473_8
query_1474,0,genomicbackground,0,genomicbackground,0.0604923851788044,1474_8_RF00050_8_NC_000913.3_3184369-3184918_ext_100-300_int_160_off_0_percentage_40_position_101-160 genomicbackground,1474,8,1474_8
query_1475,0,genomicbackground,0,genomicbackground,0.25644198060035706,1475_8_RF00050_8_NC_000913.3_3184369-3184918_ext_100-300_int_160_off_5_percentage_44_position_96-160 genomicbackground,1475,8,1475_8
query_1476,0,genomicbackground,0,genomicbackground,0.43220221996307373,1476_8_RF00050_8_NC_000913.3_3184369-3184918_ext_100-300_int_160_off_10_percentage_47_position_91-160 genomicbackground,1476,8,1476_8
query_1477,0,genomicbackground,1,riboswitch,0.5891302227973938,1477_8_RF00050_8_NC_000913.3_3184369-3184918_ext_100-300_int_160_off_15_percentage_50_position_86-160 genomicbackground,1477,8,1477_8
query_1478,0,genomicbackground,0,genomicbackground,0.06431649625301361,1478_8_RF00050_8_NC_000913.3_3184369-3184918_ext_100-300_int_160_off_20_percentage_54_position_81-160 genomicbackground,1478,8,1478_8
query_1479,0,genomicbackground,0,genomicbackground,0.4317317008972168,1479_8_RF00050_8_NC_000913.3_3184369-3184918_ext_100-300_int_160_off_25_percentage_57_position_76-160 genomicbackground,1479,8,1479_8
query_1480,0,genomicbackground,0,genomicbackground,0.18447713553905487,1480_8_RF00050_8_NC_000913.3_3184369-3184918_ext_100-300_int_160_off_30_percentage_60_position_71-160 genomicbackground,1480,8,1480_8
query_1481,0,genomicbackground,0,genomicbackground,0.23552808165550232,1481_8_RF00050_8_NC_000913.3_3184369-3184918_ext_100-300_int_160_off_35_percentage_64_position_66-160 genomicbackground,1481,8,1481_8
query_1482,0,genomicbackground,0,genomicbackground,0.029122155159711838,1482_8_RF00050_8_NC_000913.3_3184369-3184918_ext_100-300_int_160_off_40_percentage_67_position_61-160 genomicbackground,1482,8,1482_8
query_1483,0,genomicbackground,0,genomicbackground,0.08896985650062561,1483_8_RF00050_8_NC_000913.3_3184369-3184918_ext_100-300_int_165_off_0_percentage_44_position_101-165 genomicbackground,1483,8,1483_8
query_1484,0,genomicbackground,0,genomicbackground,0.09611298888921738,1484_8_RF00050_8_NC_000913.3_3184369-3184918_ext_100-300_int_165_off_5_percentage_47_position_96-165 genomicbackground,1484,8,1484_8
query_1485,0,genomicbackground,1,riboswitch,0.5999243855476379,1485_8_RF00050_8_NC_000913.3_3184369-3184918_ext_100-300_int_165_off_10_percentage_50_position_91-165 genomicbackground,1485,8,1485_8
query_1486,0,genomicbackground,0,genomicbackground,0.29535865783691406,1486_8_RF00050_8_NC_000913.3_3184369-3184918_ext_100-300_int_165_off_15_percentage_54_position_86-165 genomicbackground,1486,8,1486_8
query_1487,0,genomicbackground,1,riboswitch,0.8128402233123779,1487_8_RF00050_8_NC_000913.3_3184369-3184918_ext_100-300_int_165_off_20_percentage_57_position_81-165 genomicbackground,1487,8,1487_8
query_1488,0,genomicbackground,0,genomicbackground,0.19061850011348724,1488_8_RF00050_8_NC_000913.3_3184369-3184918_ext_100-300_int_165_off_25_percentage_60_position_76-165 genomicbackground,1488,8,1488_8
query_1489,0,genomicbackground,1,riboswitch,0.7209699749946594,1489_8_RF00050_8_NC_000913.3_3184369-3184918_ext_100-300_int_165_off_30_percentage_64_position_71-165 genomicbackground,1489,8,1489_8
query_1490,0,genomicbackground,0,genomicbackground,0.18680761754512787,1490_8_RF00050_8_NC_000913.3_3184369-3184918_ext_100-300_int_165_off_35_percentage_67_position_66-165 genomicbackground,1490,8,1490_8
query_1491,0,genomicbackground,0,genomicbackground,0.03729617968201637,1491_8_RF00050_8_NC_000913.3_3184369-3184918_ext_100-300_int_170_off_0_percentage_47_position_101-170 genomicbackground,1491,8,1491_8
query_1492,0,genomicbackground,0,genomicbackground,0.05300118029117584,1492_8_RF00050_8_NC_000913.3_3184369-3184918_ext_100-300_int_170_off_5_percentage_50_position_96-170 genomicbackground,1492,8,1492_8
query_1493,0,genomicbackground,1,riboswitch,0.6326253414154053,1493_8_RF00050_8_NC_000913.3_3184369-3184918_ext_100-300_int_170_off_10_percentage_54_position_91-170 genomicbackground,1493,8,1493_8
query_1494,0,genomicbackground,1,riboswitch,0.8755035996437073,1494_8_RF00050_8_NC_000913.3_3184369-3184918_ext_100-300_int_170_off_15_percentage_57_position_86-170 genomicbackground,1494,8,1494_8
query_1495,0,genomicbackground,1,riboswitch,0.8890310525894165,1495_8_RF00050_8_NC_000913.3_3184369-3184918_ext_100-300_int_170_off_20_percentage_60_position_81-170 genomicbackground,1495,8,1495_8
query_1496,0,genomicbackground,1,riboswitch,0.952483594417572,1496_8_RF00050_8_NC_000913.3_3184369-3184918_ext_100-300_int_170_off_25_percentage_64_position_76-170 genomicbackground,1496,8,1496_8
query_1497,0,genomicbackground,0,genomicbackground,0.46242544054985046,1497_8_RF00050_8_NC_000913.3_3184369-3184918_ext_100-300_int_170_off_30_percentage_67_position_71-170 genomicbackground,1497,8,1497_8
query_1498,0,genomicbackground,0,genomicbackground,0.04789811372756958,1498_8_RF00050_8_NC_000913.3_3184369-3184918_ext_100-300_int_175_off_0_percentage_50_position_101-175 genomicbackground,1498,8,1498_8
query_1499,0,genomicbackground,1,riboswitch,0.9540705680847168,1499_8_RF00050_8_NC_000913.3_3184369-3184918_ext_100-300_int_175_off_5_percentage_54_position_96-175 genomicbackground,1499,8,1499_8
query_1500,0,genomicbackground,1,riboswitch,0.6693076491355896,1500_8_RF00050_8_NC_000913.3_3184369-3184918_ext_100-300_int_175_off_10_percentage_57_position_91-175 genomicbackground,1500,8,1500_8
query_1501,0,genomicbackground,1,riboswitch,0.8603856563568115,1501_8_RF00050_8_NC_000913.3_3184369-3184918_ext_100-300_int_175_off_15_percentage_60_position_86-175 genomicbackground,1501,8,1501_8
query_1502,0,genomicbackground,1,riboswitch,0.5702477097511292,1502_8_RF00050_8_NC_000913.3_3184369-3184918_ext_100-300_int_175_off_20_percentage_64_position_81-175 genomicbackground,1502,8,1502_8
query_1503,0,genomicbackground,1,riboswitch,0.9384893178939819,1503_8_RF00050_8_NC_000913.3_3184369-3184918_ext_100-300_int_175_off_25_percentage_67_position_76-175 genomicbackground,1503,8,1503_8
query_1504,0,genomicbackground,1,riboswitch,0.9428754448890686,1504_8_RF00050_8_NC_000913.3_3184369-3184918_ext_100-300_int_180_off_0_percentage_54_position_101-180 genomicbackground,1504,8,1504_8
query_1505,0,genomicbackground,0,genomicbackground,0.32566148042678833,1505_8_RF00050_8_NC_000913.3_3184369-3184918_ext_100-300_int_180_off_5_percentage_57_position_96-180 genomicbackground,1505,8,1505_8
query_1506,0,genomicbackground,1,riboswitch,0.5056434273719788,1506_8_RF00050_8_NC_000913.3_3184369-3184918_ext_100-300_int_180_off_10_percentage_60_position_91-180 genomicbackground,1506,8,1506_8
query_1507,0,genomicbackground,1,riboswitch,0.9923446774482727,1507_8_RF00050_8_NC_000913.3_3184369-3184918_ext_100-300_int_180_off_15_percentage_64_position_86-180 genomicbackground,1507,8,1507_8
query_1508,0,genomicbackground,0,genomicbackground,0.35173308849334717,1508_8_RF00050_8_NC_000913.3_3184369-3184918_ext_100-300_int_180_off_20_percentage_67_position_81-180 genomicbackground,1508,8,1508_8
query_1509,0,genomicbackground,1,riboswitch,0.9416972398757935,1509_8_RF00050_8_NC_000913.3_3184369-3184918_ext_100-300_int_185_off_0_percentage_57_position_101-185 genomicbackground,1509,8,1509_8
query_1510,0,genomicbackground,0,genomicbackground,0.21142302453517914,1510_8_RF00050_8_NC_000913.3_3184369-3184918_ext_100-300_int_185_off_5_percentage_60_position_96-185 genomicbackground,1510,8,1510_8
query_1511,0,genomicbackground,1,riboswitch,0.8389363884925842,1511_8_RF00050_8_NC_000913.3_3184369-3184918_ext_100-300_int_185_off_10_percentage_64_position_91-185 genomicbackground,1511,8,1511_8
query_1512,0,genomicbackground,1,riboswitch,0.9828049540519714,1512_8_RF00050_8_NC_000913.3_3184369-3184918_ext_100-300_int_185_off_15_percentage_67_position_86-185 genomicbackground,1512,8,1512_8
query_1513,0,genomicbackground,0,genomicbackground,0.15305471420288086,1513_8_RF00050_8_NC_000913.3_3184369-3184918_ext_100-300_int_190_off_0_percentage_60_position_101-190 genomicbackground,1513,8,1513_8
query_1514,0,genomicbackground,0,genomicbackground,0.36023521423339844,1514_8_RF00050_8_NC_000913.3_3184369-3184918_ext_100-300_int_190_off_5_percentage_64_position_96-190 genomicbackground,1514,8,1514_8
query_1515,0,genomicbackground,1,riboswitch,0.714013397693634,1515_8_RF00050_8_NC_000913.3_3184369-3184918_ext_100-300_int_190_off_10_percentage_67_position_91-190 genomicbackground,1515,8,1515_8
query_1516,0,genomicbackground,0,genomicbackground,0.31839337944984436,1516_8_RF00050_8_NC_000913.3_3184369-3184918_ext_100-300_int_195_off_0_percentage_64_position_101-195 genomicbackground,1516,8,1516_8
query_1517,0,genomicbackground,1,riboswitch,0.9053788781166077,1517_8_RF00050_8_NC_000913.3_3184369-3184918_ext_100-300_int_195_off_5_percentage_67_position_96-195 genomicbackground,1517,8,1517_8
query_1518,0,genomicbackground,0,genomicbackground,0.2028527557849884,1518_8_RF00050_8_NC_000913.3_3184369-3184918_ext_100-300_int_200_off_0_percentage_67_position_101-200 genomicbackground,1518,8,1518_8
query_1519,0,genomicbackground,0,genomicbackground,0.06793548166751862,1519_8_RF00050_8_NC_000913.3_3184369-3184918_ext_120-320_int_95_off_0_percentage_10_position_81-95 genomicbackground,1519,8,1519_8
query_1520,0,genomicbackground,0,genomicbackground,0.10208526253700256,1520_8_RF00050_8_NC_000913.3_3184369-3184918_ext_120-320_int_95_off_5_percentage_13_position_76-95 genomicbackground,1520,8,1520_8
query_1521,0,genomicbackground,0,genomicbackground,0.02651236392557621,1521_8_RF00050_8_NC_000913.3_3184369-3184918_ext_120-320_int_95_off_10_percentage_17_position_71-95 genomicbackground,1521,8,1521_8
query_1522,0,genomicbackground,0,genomicbackground,0.08025564253330231,1522_8_RF00050_8_NC_000913.3_3184369-3184918_ext_120-320_int_95_off_15_percentage_20_position_66-95 genomicbackground,1522,8,1522_8
query_1523,0,genomicbackground,0,genomicbackground,0.03811093047261238,1523_8_RF00050_8_NC_000913.3_3184369-3184918_ext_120-320_int_95_off_20_percentage_23_position_61-95 genomicbackground,1523,8,1523_8
query_1524,0,genomicbackground,0,genomicbackground,0.02993445284664631,1524_8_RF00050_8_NC_000913.3_3184369-3184918_ext_120-320_int_95_off_25_percentage_27_position_56-95 genomicbackground,1524,8,1524_8
query_1525,0,genomicbackground,0,genomicbackground,0.16814278066158295,1525_8_RF00050_8_NC_000913.3_3184369-3184918_ext_120-320_int_95_off_30_percentage_30_position_51-95 genomicbackground,1525,8,1525_8
query_1526,0,genomicbackground,0,genomicbackground,0.023791953921318054,1526_8_RF00050_8_NC_000913.3_3184369-3184918_ext_120-320_int_95_off_35_percentage_34_position_46-95 genomicbackground,1526,8,1526_8
query_1527,0,genomicbackground,0,genomicbackground,0.08554825931787491,1527_8_RF00050_8_NC_000913.3_3184369-3184918_ext_120-320_int_95_off_40_percentage_37_position_41-95 genomicbackground,1527,8,1527_8
query_1528,0,genomicbackground,0,genomicbackground,0.10055084526538849,1528_8_RF00050_8_NC_000913.3_3184369-3184918_ext_120-320_int_95_off_45_percentage_40_position_36-95 genomicbackground,1528,8,1528_8
query_1529,0,genomicbackground,0,genomicbackground,0.2259976863861084,1529_8_RF00050_8_NC_000913.3_3184369-3184918_ext_120-320_int_95_off_50_percentage_44_position_31-95 genomicbackground,1529,8,1529_8
query_1530,0,genomicbackground,0,genomicbackground,0.016967976465821266,1530_8_RF00050_8_NC_000913.3_3184369-3184918_ext_120-320_int_95_off_55_percentage_47_position_26-95 genomicbackground,1530,8,1530_8
query_1531,0,genomicbackground,0,genomicbackground,0.036257315427064896,1531_8_RF00050_8_NC_000913.3_3184369-3184918_ext_120-320_int_95_off_60_percentage_50_position_21-95 genomicbackground,1531,8,1531_8
query_1532,0,genomicbackground,0,genomicbackground,0.19865106046199799,1532_8_RF00050_8_NC_000913.3_3184369-3184918_ext_120-320_int_95_off_65_percentage_54_position_16-95 genomicbackground,1532,8,1532_8
query_1533,0,genomicbackground,0,genomicbackground,0.2849458158016205,1533_8_RF00050_8_NC_000913.3_3184369-3184918_ext_120-320_int_95_off_70_percentage_57_position_11-95 genomicbackground,1533,8,1533_8
query_1534,0,genomicbackground,0,genomicbackground,0.19945497810840607,1534_8_RF00050_8_NC_000913.3_3184369-3184918_ext_120-320_int_95_off_75_percentage_60_position_6-95 genomicbackground,1534,8,1534_8
query_1535,0,genomicbackground,1,riboswitch,0.9059815406799316,1535_8_RF00050_8_NC_000913.3_3184369-3184918_ext_120-320_int_95_off_80_percentage_64_position_1-95 genomicbackground,1535,8,1535_8
query_1536,0,genomicbackground,1,riboswitch,0.5719267725944519,1536_8_RF00050_8_NC_000913.3_3184369-3184918_ext_120-320_int_95_off_85_percentage_64_position_1-95 genomicbackground,1536,8,1536_8
query_1537,0,genomicbackground,1,riboswitch,0.8850573301315308,1537_8_RF00050_8_NC_000913.3_3184369-3184918_ext_120-320_int_95_off_90_percentage_64_position_1-95 genomicbackground,1537,8,1537_8
query_1538,0,genomicbackground,1,riboswitch,0.5874842405319214,1538_8_RF00050_8_NC_000913.3_3184369-3184918_ext_120-320_int_95_off_95_percentage_64_position_1-95 genomicbackground,1538,8,1538_8
query_1539,0,genomicbackground,0,genomicbackground,0.011819771490991116,1539_8_RF00050_8_NC_000913.3_3184369-3184918_ext_120-320_int_95_off_100_percentage_64_position_1-95 genomicbackground,1539,8,1539_8
query_1540,0,genomicbackground,1,riboswitch,0.9386395812034607,1540_8_RF00050_8_NC_000913.3_3184369-3184918_ext_120-320_int_95_off_105_percentage_64_position_1-95 genomicbackground,1540,8,1540_8
query_1541,0,genomicbackground,0,genomicbackground,0.029837924987077713,1541_8_RF00050_8_NC_000913.3_3184369-3184918_ext_120-320_int_100_off_0_percentage_13_position_81-100 genomicbackground,1541,8,1541_8
query_1542,0,genomicbackground,0,genomicbackground,0.19929419457912445,1542_8_RF00050_8_NC_000913.3_3184369-3184918_ext_120-320_int_100_off_5_percentage_17_position_76-100 genomicbackground,1542,8,1542_8
query_1543,0,genomicbackground,0,genomicbackground,0.01608683541417122,1543_8_RF00050_8_NC_000913.3_3184369-3184918_ext_120-320_int_100_off_10_percentage_20_position_71-100 genomicbackground,1543,8,1543_8
query_1544,0,genomicbackground,0,genomicbackground,0.06500043720006943,1544_8_RF00050_8_NC_000913.3_3184369-3184918_ext_120-320_int_100_off_15_percentage_23_position_66-100 genomicbackground,1544,8,1544_8
query_1545,0,genomicbackground,0,genomicbackground,0.025213124230504036,1545_8_RF00050_8_NC_000913.3_3184369-3184918_ext_120-320_int_100_off_20_percentage_27_position_61-100 genomicbackground,1545,8,1545_8
query_1546,0,genomicbackground,0,genomicbackground,0.08460107445716858,1546_8_RF00050_8_NC_000913.3_3184369-3184918_ext_120-320_int_100_off_25_percentage_30_position_56-100 genomicbackground,1546,8,1546_8
query_1547,0,genomicbackground,0,genomicbackground,0.02152201160788536,1547_8_RF00050_8_NC_000913.3_3184369-3184918_ext_120-320_int_100_off_30_percentage_34_position_51-100 genomicbackground,1547,8,1547_8
query_1548,0,genomicbackground,0,genomicbackground,0.0738515630364418,1548_8_RF00050_8_NC_000913.3_3184369-3184918_ext_120-320_int_100_off_35_percentage_37_position_46-100 genomicbackground,1548,8,1548_8
query_1549,0,genomicbackground,0,genomicbackground,0.03969579190015793,1549_8_RF00050_8_NC_000913.3_3184369-3184918_ext_120-320_int_100_off_40_percentage_40_position_41-100 genomicbackground,1549,8,1549_8
query_1550,0,genomicbackground,0,genomicbackground,0.07614394277334213,1550_8_RF00050_8_NC_000913.3_3184369-3184918_ext_120-320_int_100_off_45_percentage_44_position_36-100 genomicbackground,1550,8,1550_8
query_1551,0,genomicbackground,0,genomicbackground,0.09382448345422745,1551_8_RF00050_8_NC_000913.3_3184369-3184918_ext_120-320_int_100_off_50_percentage_47_position_31-100 genomicbackground,1551,8,1551_8
query_1552,0,genomicbackground,0,genomicbackground,0.037317294627428055,1552_8_RF00050_8_NC_000913.3_3184369-3184918_ext_120-320_int_100_off_55_percentage_50_position_26-100 genomicbackground,1552,8,1552_8
query_1553,0,genomicbackground,0,genomicbackground,0.04678072780370712,1553_8_RF00050_8_NC_000913.3_3184369-3184918_ext_120-320_int_100_off_60_percentage_54_position_21-100 genomicbackground,1553,8,1553_8
query_1554,0,genomicbackground,0,genomicbackground,0.3057084381580353,1554_8_RF00050_8_NC_000913.3_3184369-3184918_ext_120-320_int_100_off_65_percentage_57_position_16-100 genomicbackground,1554,8,1554_8
query_1555,0,genomicbackground,0,genomicbackground,0.33314749598503113,1555_8_RF00050_8_NC_000913.3_3184369-3184918_ext_120-320_int_100_off_70_percentage_60_position_11-100 genomicbackground,1555,8,1555_8
query_1556,0,genomicbackground,0,genomicbackground,0.3072824478149414,1556_8_RF00050_8_NC_000913.3_3184369-3184918_ext_120-320_int_100_off_75_percentage_64_position_6-100 genomicbackground,1556,8,1556_8
query_1557,0,genomicbackground,1,riboswitch,0.8230326175689697,1557_8_RF00050_8_NC_000913.3_3184369-3184918_ext_120-320_int_100_off_80_percentage_67_position_1-100 genomicbackground,1557,8,1557_8
query_1558,0,genomicbackground,1,riboswitch,0.8606820106506348,1558_8_RF00050_8_NC_000913.3_3184369-3184918_ext_120-320_int_100_off_85_percentage_67_position_1-100 genomicbackground,1558,8,1558_8
query_1559,0,genomicbackground,1,riboswitch,0.9227193593978882,1559_8_RF00050_8_NC_000913.3_3184369-3184918_ext_120-320_int_100_off_90_percentage_67_position_1-100 genomicbackground,1559,8,1559_8
query_1560,0,genomicbackground,0,genomicbackground,0.3671114146709442,1560_8_RF00050_8_NC_000913.3_3184369-3184918_ext_120-320_int_100_off_95_percentage_67_position_1-100 genomicbackground,1560,8,1560_8
query_1561,0,genomicbackground,0,genomicbackground,0.38357898592948914,1561_8_RF00050_8_NC_000913.3_3184369-3184918_ext_120-320_int_100_off_100_percentage_67_position_1-100 genomicbackground,1561,8,1561_8
query_1562,0,genomicbackground,0,genomicbackground,0.035175155848264694,1562_8_RF00050_8_NC_000913.3_3184369-3184918_ext_120-320_int_105_off_0_percentage_17_position_81-105 genomicbackground,1562,8,1562_8
query_1563,0,genomicbackground,0,genomicbackground,0.01768517680466175,1563_8_RF00050_8_NC_000913.3_3184369-3184918_ext_120-320_int_105_off_5_percentage_20_position_76-105 genomicbackground,1563,8,1563_8
query_1564,0,genomicbackground,0,genomicbackground,0.08295372128486633,1564_8_RF00050_8_NC_000913.3_3184369-3184918_ext_120-320_int_105_off_10_percentage_23_position_71-105 genomicbackground,1564,8,1564_8
query_1565,0,genomicbackground,0,genomicbackground,0.25400424003601074,1565_8_RF00050_8_NC_000913.3_3184369-3184918_ext_120-320_int_105_off_15_percentage_27_position_66-105 genomicbackground,1565,8,1565_8
query_1566,0,genomicbackground,0,genomicbackground,0.057978738099336624,1566_8_RF00050_8_NC_000913.3_3184369-3184918_ext_120-320_int_105_off_20_percentage_30_position_61-105 genomicbackground,1566,8,1566_8
query_1567,0,genomicbackground,0,genomicbackground,0.016741929575800896,1567_8_RF00050_8_NC_000913.3_3184369-3184918_ext_120-320_int_105_off_25_percentage_34_position_56-105 genomicbackground,1567,8,1567_8
query_1568,0,genomicbackground,0,genomicbackground,0.09318795800209045,1568_8_RF00050_8_NC_000913.3_3184369-3184918_ext_120-320_int_105_off_30_percentage_37_position_51-105 genomicbackground,1568,8,1568_8
query_1569,0,genomicbackground,0,genomicbackground,0.055226560682058334,1569_8_RF00050_8_NC_000913.3_3184369-3184918_ext_120-320_int_105_off_35_percentage_40_position_46-105 genomicbackground,1569,8,1569_8
query_1570,0,genomicbackground,0,genomicbackground,0.45793020725250244,1570_8_RF00050_8_NC_000913.3_3184369-3184918_ext_120-320_int_105_off_40_percentage_44_position_41-105 genomicbackground,1570,8,1570_8
query_1571,0,genomicbackground,0,genomicbackground,0.33532285690307617,1571_8_RF00050_8_NC_000913.3_3184369-3184918_ext_120-320_int_105_off_45_percentage_47_position_36-105 genomicbackground,1571,8,1571_8
query_1572,0,genomicbackground,0,genomicbackground,0.043600939214229584,1572_8_RF00050_8_NC_000913.3_3184369-3184918_ext_120-320_int_105_off_50_percentage_50_position_31-105 genomicbackground,1572,8,1572_8
query_1573,0,genomicbackground,0,genomicbackground,0.07333412021398544,1573_8_RF00050_8_NC_000913.3_3184369-3184918_ext_120-320_int_105_off_55_percentage_54_position_26-105 genomicbackground,1573,8,1573_8
query_1574,0,genomicbackground,0,genomicbackground,0.08247636258602142,1574_8_RF00050_8_NC_000913.3_3184369-3184918_ext_120-320_int_105_off_60_percentage_57_position_21-105 genomicbackground,1574,8,1574_8
query_1575,0,genomicbackground,0,genomicbackground,0.3291028141975403,1575_8_RF00050_8_NC_000913.3_3184369-3184918_ext_120-320_int_105_off_65_percentage_60_position_16-105 genomicbackground,1575,8,1575_8
query_1576,0,genomicbackground,0,genomicbackground,0.4731079041957855,1576_8_RF00050_8_NC_000913.3_3184369-3184918_ext_120-320_int_105_off_70_percentage_64_position_11-105 genomicbackground,1576,8,1576_8
query_1577,0,genomicbackground,0,genomicbackground,0.19928716123104095,1577_8_RF00050_8_NC_000913.3_3184369-3184918_ext_120-320_int_105_off_75_percentage_67_position_6-105 genomicbackground,1577,8,1577_8
query_1578,0,genomicbackground,1,riboswitch,0.9837252497673035,1578_8_RF00050_8_NC_000913.3_3184369-3184918_ext_120-320_int_105_off_80_percentage_70_position_1-105 genomicbackground,1578,8,1578_8
query_1579,0,genomicbackground,1,riboswitch,0.9085557460784912,1579_8_RF00050_8_NC_000913.3_3184369-3184918_ext_120-320_int_105_off_85_percentage_70_position_1-105 genomicbackground,1579,8,1579_8
query_1580,0,genomicbackground,1,riboswitch,0.898851215839386,1580_8_RF00050_8_NC_000913.3_3184369-3184918_ext_120-320_int_105_off_90_percentage_70_position_1-105 genomicbackground,1580,8,1580_8
query_1581,0,genomicbackground,1,riboswitch,0.901949942111969,1581_8_RF00050_8_NC_000913.3_3184369-3184918_ext_120-320_int_105_off_95_percentage_70_position_1-105 genomicbackground,1581,8,1581_8
query_1582,0,genomicbackground,1,riboswitch,0.6600481867790222,1582_8_RF00050_8_NC_000913.3_3184369-3184918_ext_120-320_int_110_off_0_percentage_20_position_81-110 genomicbackground,1582,8,1582_8
query_1583,0,genomicbackground,1,riboswitch,0.9348698854446411,1583_8_RF00050_8_NC_000913.3_3184369-3184918_ext_120-320_int_110_off_5_percentage_23_position_76-110 genomicbackground,1583,8,1583_8
query_1584,0,genomicbackground,1,riboswitch,0.9544000029563904,1584_8_RF00050_8_NC_000913.3_3184369-3184918_ext_120-320_int_110_off_10_percentage_27_position_71-110 genomicbackground,1584,8,1584_8
query_1585,0,genomicbackground,0,genomicbackground,0.2170148342847824,1585_8_RF00050_8_NC_000913.3_3184369-3184918_ext_120-320_int_110_off_15_percentage_30_position_66-110 genomicbackground,1585,8,1585_8
query_1586,0,genomicbackground,0,genomicbackground,0.015965459868311882,1586_8_RF00050_8_NC_000913.3_3184369-3184918_ext_120-320_int_110_off_20_percentage_34_position_61-110 genomicbackground,1586,8,1586_8
query_1587,0,genomicbackground,0,genomicbackground,0.047616682946681976,1587_8_RF00050_8_NC_000913.3_3184369-3184918_ext_120-320_int_110_off_25_percentage_37_position_56-110 genomicbackground,1587,8,1587_8
query_1588,0,genomicbackground,0,genomicbackground,0.028773868456482887,1588_8_RF00050_8_NC_000913.3_3184369-3184918_ext_120-320_int_110_off_30_percentage_40_position_51-110 genomicbackground,1588,8,1588_8
query_1589,0,genomicbackground,0,genomicbackground,0.40270087122917175,1589_8_RF00050_8_NC_000913.3_3184369-3184918_ext_120-320_int_110_off_35_percentage_44_position_46-110 genomicbackground,1589,8,1589_8
query_1590,0,genomicbackground,0,genomicbackground,0.10092540830373764,1590_8_RF00050_8_NC_000913.3_3184369-3184918_ext_120-320_int_110_off_40_percentage_47_position_41-110 genomicbackground,1590,8,1590_8
query_1591,0,genomicbackground,0,genomicbackground,0.10279469192028046,1591_8_RF00050_8_NC_000913.3_3184369-3184918_ext_120-320_int_110_off_45_percentage_50_position_36-110 genomicbackground,1591,8,1591_8
query_1592,0,genomicbackground,0,genomicbackground,0.03434351831674576,1592_8_RF00050_8_NC_000913.3_3184369-3184918_ext_120-320_int_110_off_50_percentage_54_position_31-110 genomicbackground,1592,8,1592_8
query_1593,0,genomicbackground,0,genomicbackground,0.06523525714874268,1593_8_RF00050_8_NC_000913.3_3184369-3184918_ext_120-320_int_110_off_55_percentage_57_position_26-110 genomicbackground,1593,8,1593_8
query_1594,0,genomicbackground,0,genomicbackground,0.07899295538663864,1594_8_RF00050_8_NC_000913.3_3184369-3184918_ext_120-320_int_110_off_60_percentage_60_position_21-110 genomicbackground,1594,8,1594_8
query_1595,0,genomicbackground,0,genomicbackground,0.4574594795703888,1595_8_RF00050_8_NC_000913.3_3184369-3184918_ext_120-320_int_110_off_65_percentage_64_position_16-110 genomicbackground,1595,8,1595_8
query_1596,0,genomicbackground,0,genomicbackground,0.3199256360530853,1596_8_RF00050_8_NC_000913.3_3184369-3184918_ext_120-320_int_110_off_70_percentage_67_position_11-110 genomicbackground,1596,8,1596_8
query_1597,0,genomicbackground,0,genomicbackground,0.36739638447761536,1597_8_RF00050_8_NC_000913.3_3184369-3184918_ext_120-320_int_110_off_75_percentage_70_position_6-110 genomicbackground,1597,8,1597_8
query_1598,0,genomicbackground,1,riboswitch,0.9844290018081665,1598_8_RF00050_8_NC_000913.3_3184369-3184918_ext_120-320_int_110_off_80_percentage_74_position_1-110 genomicbackground,1598,8,1598_8
query_1599,0,genomicbackground,1,riboswitch,0.8465543389320374,1599_8_RF00050_8_NC_000913.3_3184369-3184918_ext_120-320_int_110_off_85_percentage_74_position_1-110 genomicbackground,1599,8,1599_8
query_1600,0,genomicbackground,1,riboswitch,0.9651883244514465,1600_8_RF00050_8_NC_000913.3_3184369-3184918_ext_120-320_int_110_off_90_percentage_74_position_1-110 genomicbackground,1600,8,1600_8
query_1601,0,genomicbackground,1,riboswitch,0.7545282244682312,1601_8_RF00050_8_NC_000913.3_3184369-3184918_ext_120-320_int_115_off_0_percentage_23_position_81-115 genomicbackground,1601,8,1601_8
query_1602,0,genomicbackground,1,riboswitch,0.9926469326019287,1602_8_RF00050_8_NC_000913.3_3184369-3184918_ext_120-320_int_115_off_5_percentage_27_position_76-115 genomicbackground,1602,8,1602_8
query_1603,0,genomicbackground,1,riboswitch,0.9377705454826355,1603_8_RF00050_8_NC_000913.3_3184369-3184918_ext_120-320_int_115_off_10_percentage_30_position_71-115 genomicbackground,1603,8,1603_8
query_1604,0,genomicbackground,0,genomicbackground,0.03502025082707405,1604_8_RF00050_8_NC_000913.3_3184369-3184918_ext_120-320_int_115_off_15_percentage_34_position_66-115 genomicbackground,1604,8,1604_8
query_1605,0,genomicbackground,0,genomicbackground,0.03640370070934296,1605_8_RF00050_8_NC_000913.3_3184369-3184918_ext_120-320_int_115_off_20_percentage_37_position_61-115 genomicbackground,1605,8,1605_8
query_1606,0,genomicbackground,0,genomicbackground,0.014780810102820396,1606_8_RF00050_8_NC_000913.3_3184369-3184918_ext_120-320_int_115_off_25_percentage_40_position_56-115 genomicbackground,1606,8,1606_8
query_1607,0,genomicbackground,0,genomicbackground,0.1299901306629181,1607_8_RF00050_8_NC_000913.3_3184369-3184918_ext_120-320_int_115_off_30_percentage_44_position_51-115 genomicbackground,1607,8,1607_8
query_1608,0,genomicbackground,0,genomicbackground,0.027326572686433792,1608_8_RF00050_8_NC_000913.3_3184369-3184918_ext_120-320_int_115_off_35_percentage_47_position_46-115 genomicbackground,1608,8,1608_8
query_1609,0,genomicbackground,0,genomicbackground,0.03789597749710083,1609_8_RF00050_8_NC_000913.3_3184369-3184918_ext_120-320_int_115_off_40_percentage_50_position_41-115 genomicbackground,1609,8,1609_8
query_1610,0,genomicbackground,0,genomicbackground,0.2782493829727173,1610_8_RF00050_8_NC_000913.3_3184369-3184918_ext_120-320_int_115_off_45_percentage_54_position_36-115 genomicbackground,1610,8,1610_8
query_1611,0,genomicbackground,0,genomicbackground,0.017193328589200974,1611_8_RF00050_8_NC_000913.3_3184369-3184918_ext_120-320_int_115_off_50_percentage_57_position_31-115 genomicbackground,1611,8,1611_8
query_1612,0,genomicbackground,0,genomicbackground,0.02660164050757885,1612_8_RF00050_8_NC_000913.3_3184369-3184918_ext_120-320_int_115_off_55_percentage_60_position_26-115 genomicbackground,1612,8,1612_8
query_1613,0,genomicbackground,1,riboswitch,0.7491803169250488,1613_8_RF00050_8_NC_000913.3_3184369-3184918_ext_120-320_int_115_off_60_percentage_64_position_21-115 genomicbackground,1613,8,1613_8
query_1614,0,genomicbackground,0,genomicbackground,0.31911346316337585,1614_8_RF00050_8_NC_000913.3_3184369-3184918_ext_120-320_int_115_off_65_percentage_67_position_16-115 genomicbackground,1614,8,1614_8
query_1615,0,genomicbackground,0,genomicbackground,0.23695316910743713,1615_8_RF00050_8_NC_000913.3_3184369-3184918_ext_120-320_int_115_off_70_percentage_70_position_11-115 genomicbackground,1615,8,1615_8
query_1616,0,genomicbackground,1,riboswitch,0.6074466109275818,1616_8_RF00050_8_NC_000913.3_3184369-3184918_ext_120-320_int_115_off_75_percentage_74_position_6-115 genomicbackground,1616,8,1616_8
query_1617,1,riboswitch,1,riboswitch,0.9486901760101318,1617_8_RF00050_8_NC_000913.3_3184369-3184918_ext_120-320_int_115_off_80_percentage_77_position_1-115 riboswitch,1617,8,1617_8
query_1618,1,riboswitch,1,riboswitch,0.9657943844795227,1618_8_RF00050_8_NC_000913.3_3184369-3184918_ext_120-320_int_115_off_85_percentage_77_position_1-115 riboswitch,1618,8,1618_8
query_1619,0,genomicbackground,0,genomicbackground,0.06823936849832535,1619_8_RF00050_8_NC_000913.3_3184369-3184918_ext_120-320_int_120_off_0_percentage_27_position_81-120 genomicbackground,1619,8,1619_8
query_1620,0,genomicbackground,1,riboswitch,0.9007197022438049,1620_8_RF00050_8_NC_000913.3_3184369-3184918_ext_120-320_int_120_off_5_percentage_30_position_76-120 genomicbackground,1620,8,1620_8
query_1621,0,genomicbackground,0,genomicbackground,0.3334836959838867,1621_8_RF00050_8_NC_000913.3_3184369-3184918_ext_120-320_int_120_off_10_percentage_34_position_71-120 genomicbackground,1621,8,1621_8
query_1622,0,genomicbackground,0,genomicbackground,0.1368272751569748,1622_8_RF00050_8_NC_000913.3_3184369-3184918_ext_120-320_int_120_off_15_percentage_37_position_66-120 genomicbackground,1622,8,1622_8
query_1623,0,genomicbackground,0,genomicbackground,0.012227754108607769,1623_8_RF00050_8_NC_000913.3_3184369-3184918_ext_120-320_int_120_off_20_percentage_40_position_61-120 genomicbackground,1623,8,1623_8
query_1624,0,genomicbackground,0,genomicbackground,0.030477413907647133,1624_8_RF00050_8_NC_000913.3_3184369-3184918_ext_120-320_int_120_off_25_percentage_44_position_56-120 genomicbackground,1624,8,1624_8
query_1625,0,genomicbackground,0,genomicbackground,0.020695779472589493,1625_8_RF00050_8_NC_000913.3_3184369-3184918_ext_120-320_int_120_off_30_percentage_47_position_51-120 genomicbackground,1625,8,1625_8
query_1626,0,genomicbackground,0,genomicbackground,0.04216361045837402,1626_8_RF00050_8_NC_000913.3_3184369-3184918_ext_120-320_int_120_off_35_percentage_50_position_46-120 genomicbackground,1626,8,1626_8
query_1627,0,genomicbackground,0,genomicbackground,0.13761447370052338,1627_8_RF00050_8_NC_000913.3_3184369-3184918_ext_120-320_int_120_off_40_percentage_54_position_41-120 genomicbackground,1627,8,1627_8
query_1628,0,genomicbackground,0,genomicbackground,0.36957305669784546,1628_8_RF00050_8_NC_000913.3_3184369-3184918_ext_120-320_int_120_off_45_percentage_57_position_36-120 genomicbackground,1628,8,1628_8
query_1629,0,genomicbackground,0,genomicbackground,0.125369131565094,1629_8_RF00050_8_NC_000913.3_3184369-3184918_ext_120-320_int_120_off_50_percentage_60_position_31-120 genomicbackground,1629,8,1629_8
query_1630,0,genomicbackground,0,genomicbackground,0.03934965282678604,1630_8_RF00050_8_NC_000913.3_3184369-3184918_ext_120-320_int_120_off_55_percentage_64_position_26-120 genomicbackground,1630,8,1630_8
query_1631,0,genomicbackground,1,riboswitch,0.6316366791725159,1631_8_RF00050_8_NC_000913.3_3184369-3184918_ext_120-320_int_120_off_60_percentage_67_position_21-120 genomicbackground,1631,8,1631_8
query_1632,0,genomicbackground,1,riboswitch,0.9045547246932983,1632_8_RF00050_8_NC_000913.3_3184369-3184918_ext_120-320_int_120_off_65_percentage_70_position_16-120 genomicbackground,1632,8,1632_8
query_1633,0,genomicbackground,0,genomicbackground,0.24856679141521454,1633_8_RF00050_8_NC_000913.3_3184369-3184918_ext_120-320_int_120_off_70_percentage_74_position_11-120 genomicbackground,1633,8,1633_8
query_1634,1,riboswitch,1,riboswitch,0.5759454965591431,1634_8_RF00050_8_NC_000913.3_3184369-3184918_ext_120-320_int_120_off_75_percentage_77_position_6-120 riboswitch,1634,8,1634_8
query_1635,1,riboswitch,1,riboswitch,0.980579674243927,1635_8_RF00050_8_NC_000913.3_3184369-3184918_ext_120-320_int_120_off_80_percentage_81_position_1-120 riboswitch,1635,8,1635_8
query_1636,0,genomicbackground,0,genomicbackground,0.049093443900346756,1636_8_RF00050_8_NC_000913.3_3184369-3184918_ext_120-320_int_125_off_0_percentage_30_position_81-125 genomicbackground,1636,8,1636_8
query_1637,0,genomicbackground,0,genomicbackground,0.086827851831913,1637_8_RF00050_8_NC_000913.3_3184369-3184918_ext_120-320_int_125_off_5_percentage_34_position_76-125 genomicbackground,1637,8,1637_8
query_1638,0,genomicbackground,0,genomicbackground,0.18298156559467316,1638_8_RF00050_8_NC_000913.3_3184369-3184918_ext_120-320_int_125_off_10_percentage_37_position_71-125 genomicbackground,1638,8,1638_8
query_1639,0,genomicbackground,0,genomicbackground,0.07309801131486893,1639_8_RF00050_8_NC_000913.3_3184369-3184918_ext_120-320_int_125_off_15_percentage_40_position_66-125 genomicbackground,1639,8,1639_8
query_1640,0,genomicbackground,0,genomicbackground,0.022397756576538086,1640_8_RF00050_8_NC_000913.3_3184369-3184918_ext_120-320_int_125_off_20_percentage_44_position_61-125 genomicbackground,1640,8,1640_8
query_1641,0,genomicbackground,0,genomicbackground,0.011198795400559902,1641_8_RF00050_8_NC_000913.3_3184369-3184918_ext_120-320_int_125_off_25_percentage_47_position_56-125 genomicbackground,1641,8,1641_8
query_1642,0,genomicbackground,0,genomicbackground,0.04224815592169762,1642_8_RF00050_8_NC_000913.3_3184369-3184918_ext_120-320_int_125_off_30_percentage_50_position_51-125 genomicbackground,1642,8,1642_8
query_1643,0,genomicbackground,0,genomicbackground,0.02400379255414009,1643_8_RF00050_8_NC_000913.3_3184369-3184918_ext_120-320_int_125_off_35_percentage_54_position_46-125 genomicbackground,1643,8,1643_8
query_1644,0,genomicbackground,0,genomicbackground,0.29291826486587524,1644_8_RF00050_8_NC_000913.3_3184369-3184918_ext_120-320_int_125_off_40_percentage_57_position_41-125 genomicbackground,1644,8,1644_8
query_1645,0,genomicbackground,0,genomicbackground,0.33288294076919556,1645_8_RF00050_8_NC_000913.3_3184369-3184918_ext_120-320_int_125_off_45_percentage_60_position_36-125 genomicbackground,1645,8,1645_8
query_1646,0,genomicbackground,1,riboswitch,0.8773327469825745,1646_8_RF00050_8_NC_000913.3_3184369-3184918_ext_120-320_int_125_off_50_percentage_64_position_31-125 genomicbackground,1646,8,1646_8
query_1647,0,genomicbackground,0,genomicbackground,0.029762115329504013,1647_8_RF00050_8_NC_000913.3_3184369-3184918_ext_120-320_int_125_off_55_percentage_67_position_26-125 genomicbackground,1647,8,1647_8
query_1648,0,genomicbackground,0,genomicbackground,0.33267396688461304,1648_8_RF00050_8_NC_000913.3_3184369-3184918_ext_120-320_int_125_off_60_percentage_70_position_21-125 genomicbackground,1648,8,1648_8
query_1649,0,genomicbackground,1,riboswitch,0.9983571171760559,1649_8_RF00050_8_NC_000913.3_3184369-3184918_ext_120-320_int_125_off_65_percentage_74_position_16-125 genomicbackground,1649,8,1649_8
query_1650,1,riboswitch,1,riboswitch,0.7209937572479248,1650_8_RF00050_8_NC_000913.3_3184369-3184918_ext_120-320_int_125_off_70_percentage_77_position_11-125 riboswitch,1650,8,1650_8
query_1651,1,riboswitch,1,riboswitch,0.8063557147979736,1651_8_RF00050_8_NC_000913.3_3184369-3184918_ext_120-320_int_125_off_75_percentage_81_position_6-125 riboswitch,1651,8,1651_8
query_1652,0,genomicbackground,0,genomicbackground,0.024307694286108017,1652_8_RF00050_8_NC_000913.3_3184369-3184918_ext_120-320_int_130_off_0_percentage_34_position_81-130 genomicbackground,1652,8,1652_8
query_1653,0,genomicbackground,0,genomicbackground,0.32511791586875916,1653_8_RF00050_8_NC_000913.3_3184369-3184918_ext_120-320_int_130_off_5_percentage_37_position_76-130 genomicbackground,1653,8,1653_8
query_1654,0,genomicbackground,0,genomicbackground,0.07230701297521591,1654_8_RF00050_8_NC_000913.3_3184369-3184918_ext_120-320_int_130_off_10_percentage_40_position_71-130 genomicbackground,1654,8,1654_8
query_1655,0,genomicbackground,0,genomicbackground,0.03207634389400482,1655_8_RF00050_8_NC_000913.3_3184369-3184918_ext_120-320_int_130_off_15_percentage_44_position_66-130 genomicbackground,1655,8,1655_8
query_1656,0,genomicbackground,0,genomicbackground,0.00945898238569498,1656_8_RF00050_8_NC_000913.3_3184369-3184918_ext_120-320_int_130_off_20_percentage_47_position_61-130 genomicbackground,1656,8,1656_8
query_1657,0,genomicbackground,0,genomicbackground,0.021439174190163612,1657_8_RF00050_8_NC_000913.3_3184369-3184918_ext_120-320_int_130_off_25_percentage_50_position_56-130 genomicbackground,1657,8,1657_8
query_1658,0,genomicbackground,0,genomicbackground,0.03194481506943703,1658_8_RF00050_8_NC_000913.3_3184369-3184918_ext_120-320_int_130_off_30_percentage_54_position_51-130 genomicbackground,1658,8,1658_8
query_1659,0,genomicbackground,0,genomicbackground,0.04689045995473862,1659_8_RF00050_8_NC_000913.3_3184369-3184918_ext_120-320_int_130_off_35_percentage_57_position_46-130 genomicbackground,1659,8,1659_8
query_1660,0,genomicbackground,0,genomicbackground,0.12613829970359802,1660_8_RF00050_8_NC_000913.3_3184369-3184918_ext_120-320_int_130_off_40_percentage_60_position_41-130 genomicbackground,1660,8,1660_8
query_1661,0,genomicbackground,0,genomicbackground,0.4174639582633972,1661_8_RF00050_8_NC_000913.3_3184369-3184918_ext_120-320_int_130_off_45_percentage_64_position_36-130 genomicbackground,1661,8,1661_8
query_1662,0,genomicbackground,1,riboswitch,0.813696563243866,1662_8_RF00050_8_NC_000913.3_3184369-3184918_ext_120-320_int_130_off_50_percentage_67_position_31-130 genomicbackground,1662,8,1662_8
query_1663,0,genomicbackground,0,genomicbackground,0.027992108836770058,1663_8_RF00050_8_NC_000913.3_3184369-3184918_ext_120-320_int_130_off_55_percentage_70_position_26-130 genomicbackground,1663,8,1663_8
query_1664,0,genomicbackground,1,riboswitch,0.9642028212547302,1664_8_RF00050_8_NC_000913.3_3184369-3184918_ext_120-320_int_130_off_60_percentage_74_position_21-130 genomicbackground,1664,8,1664_8
query_1665,1,riboswitch,1,riboswitch,0.9981696605682373,1665_8_RF00050_8_NC_000913.3_3184369-3184918_ext_120-320_int_130_off_65_percentage_77_position_16-130 riboswitch,1665,8,1665_8
query_1666,1,riboswitch,1,riboswitch,0.8717583417892456,1666_8_RF00050_8_NC_000913.3_3184369-3184918_ext_120-320_int_130_off_70_percentage_81_position_11-130 riboswitch,1666,8,1666_8
query_1667,0,genomicbackground,0,genomicbackground,0.024012291803956032,1667_8_RF00050_8_NC_000913.3_3184369-3184918_ext_120-320_int_135_off_0_percentage_37_position_81-135 genomicbackground,1667,8,1667_8
query_1668,0,genomicbackground,0,genomicbackground,0.1719544380903244,1668_8_RF00050_8_NC_000913.3_3184369-3184918_ext_120-320_int_135_off_5_percentage_40_position_76-135 genomicbackground,1668,8,1668_8
query_1669,0,genomicbackground,0,genomicbackground,0.040119998157024384,1669_8_RF00050_8_NC_000913.3_3184369-3184918_ext_120-320_int_135_off_10_percentage_44_position_71-135 genomicbackground,1669,8,1669_8
query_1670,0,genomicbackground,0,genomicbackground,0.054865337908267975,1670_8_RF00050_8_NC_000913.3_3184369-3184918_ext_120-320_int_135_off_15_percentage_47_position_66-135 genomicbackground,1670,8,1670_8
query_1671,0,genomicbackground,0,genomicbackground,0.015740754082798958,1671_8_RF00050_8_NC_000913.3_3184369-3184918_ext_120-320_int_135_off_20_percentage_50_position_61-135 genomicbackground,1671,8,1671_8
query_1672,0,genomicbackground,0,genomicbackground,0.015559438616037369,1672_8_RF00050_8_NC_000913.3_3184369-3184918_ext_120-320_int_135_off_25_percentage_54_position_56-135 genomicbackground,1672,8,1672_8
query_1673,0,genomicbackground,0,genomicbackground,0.0355159193277359,1673_8_RF00050_8_NC_000913.3_3184369-3184918_ext_120-320_int_135_off_30_percentage_57_position_51-135 genomicbackground,1673,8,1673_8
query_1674,0,genomicbackground,0,genomicbackground,0.07508595287799835,1674_8_RF00050_8_NC_000913.3_3184369-3184918_ext_120-320_int_135_off_35_percentage_60_position_46-135 genomicbackground,1674,8,1674_8
query_1675,0,genomicbackground,0,genomicbackground,0.21778468787670135,1675_8_RF00050_8_NC_000913.3_3184369-3184918_ext_120-320_int_135_off_40_percentage_64_position_41-135 genomicbackground,1675,8,1675_8
query_1676,0,genomicbackground,0,genomicbackground,0.3505946397781372,1676_8_RF00050_8_NC_000913.3_3184369-3184918_ext_120-320_int_135_off_45_percentage_67_position_36-135 genomicbackground,1676,8,1676_8
query_1677,0,genomicbackground,0,genomicbackground,0.012158420868217945,1677_8_RF00050_8_NC_000913.3_3184369-3184918_ext_120-320_int_135_off_50_percentage_70_position_31-135 genomicbackground,1677,8,1677_8
query_1678,0,genomicbackground,1,riboswitch,0.9690141081809998,1678_8_RF00050_8_NC_000913.3_3184369-3184918_ext_120-320_int_135_off_55_percentage_74_position_26-135 genomicbackground,1678,8,1678_8
query_1679,1,riboswitch,1,riboswitch,0.9745620489120483,1679_8_RF00050_8_NC_000913.3_3184369-3184918_ext_120-320_int_135_off_60_percentage_77_position_21-135 riboswitch,1679,8,1679_8
query_1680,1,riboswitch,1,riboswitch,0.8558887243270874,1680_8_RF00050_8_NC_000913.3_3184369-3184918_ext_120-320_int_135_off_65_percentage_81_position_16-135 riboswitch,1680,8,1680_8
query_1681,0,genomicbackground,0,genomicbackground,0.01893320307135582,1681_8_RF00050_8_NC_000913.3_3184369-3184918_ext_120-320_int_140_off_0_percentage_40_position_81-140 genomicbackground,1681,8,1681_8
query_1682,0,genomicbackground,0,genomicbackground,0.48325756192207336,1682_8_RF00050_8_NC_000913.3_3184369-3184918_ext_120-320_int_140_off_5_percentage_44_position_76-140 genomicbackground,1682,8,1682_8
query_1683,0,genomicbackground,0,genomicbackground,0.06830348074436188,1683_8_RF00050_8_NC_000913.3_3184369-3184918_ext_120-320_int_140_off_10_percentage_47_position_71-140 genomicbackground,1683,8,1683_8
query_1684,0,genomicbackground,0,genomicbackground,0.021335788071155548,1684_8_RF00050_8_NC_000913.3_3184369-3184918_ext_120-320_int_140_off_15_percentage_50_position_66-140 genomicbackground,1684,8,1684_8
query_1685,0,genomicbackground,0,genomicbackground,0.013156389817595482,1685_8_RF00050_8_NC_000913.3_3184369-3184918_ext_120-320_int_140_off_20_percentage_54_position_61-140 genomicbackground,1685,8,1685_8
query_1686,0,genomicbackground,0,genomicbackground,0.017136093229055405,1686_8_RF00050_8_NC_000913.3_3184369-3184918_ext_120-320_int_140_off_25_percentage_57_position_56-140 genomicbackground,1686,8,1686_8
query_1687,0,genomicbackground,0,genomicbackground,0.06903274357318878,1687_8_RF00050_8_NC_000913.3_3184369-3184918_ext_120-320_int_140_off_30_percentage_60_position_51-140 genomicbackground,1687,8,1687_8
query_1688,0,genomicbackground,0,genomicbackground,0.14549574255943298,1688_8_RF00050_8_NC_000913.3_3184369-3184918_ext_120-320_int_140_off_35_percentage_64_position_46-140 genomicbackground,1688,8,1688_8
query_1689,0,genomicbackground,0,genomicbackground,0.12245576828718185,1689_8_RF00050_8_NC_000913.3_3184369-3184918_ext_120-320_int_140_off_40_percentage_67_position_41-140 genomicbackground,1689,8,1689_8
query_1690,0,genomicbackground,0,genomicbackground,0.3259703814983368,1690_8_RF00050_8_NC_000913.3_3184369-3184918_ext_120-320_int_140_off_45_percentage_70_position_36-140 genomicbackground,1690,8,1690_8
query_1691,0,genomicbackground,1,riboswitch,0.924490213394165,1691_8_RF00050_8_NC_000913.3_3184369-3184918_ext_120-320_int_140_off_50_percentage_74_position_31-140 genomicbackground,1691,8,1691_8
query_1692,1,riboswitch,0,genomicbackground,0.15520457923412323,1692_8_RF00050_8_NC_000913.3_3184369-3184918_ext_120-320_int_140_off_55_percentage_77_position_26-140 riboswitch,1692,8,1692_8
query_1693,1,riboswitch,1,riboswitch,0.9896324872970581,1693_8_RF00050_8_NC_000913.3_3184369-3184918_ext_120-320_int_140_off_60_percentage_81_position_21-140 riboswitch,1693,8,1693_8
query_1694,0,genomicbackground,0,genomicbackground,0.2897403836250305,1694_8_RF00050_8_NC_000913.3_3184369-3184918_ext_120-320_int_145_off_0_percentage_44_position_81-145 genomicbackground,1694,8,1694_8
query_1695,0,genomicbackground,1,riboswitch,0.5784527659416199,1695_8_RF00050_8_NC_000913.3_3184369-3184918_ext_120-320_int_145_off_5_percentage_47_position_76-145 genomicbackground,1695,8,1695_8
query_1696,0,genomicbackground,0,genomicbackground,0.0261754859238863,1696_8_RF00050_8_NC_000913.3_3184369-3184918_ext_120-320_int_145_off_10_percentage_50_position_71-145 genomicbackground,1696,8,1696_8
query_1697,0,genomicbackground,0,genomicbackground,0.01577678509056568,1697_8_RF00050_8_NC_000913.3_3184369-3184918_ext_120-320_int_145_off_15_percentage_54_position_66-145 genomicbackground,1697,8,1697_8
query_1698,0,genomicbackground,0,genomicbackground,0.014153323136270046,1698_8_RF00050_8_NC_000913.3_3184369-3184918_ext_120-320_int_145_off_20_percentage_57_position_61-145 genomicbackground,1698,8,1698_8
query_1699,0,genomicbackground,0,genomicbackground,0.030803870409727097,1699_8_RF00050_8_NC_000913.3_3184369-3184918_ext_120-320_int_145_off_25_percentage_60_position_56-145 genomicbackground,1699,8,1699_8
query_1700,0,genomicbackground,0,genomicbackground,0.12499737739562988,1700_8_RF00050_8_NC_000913.3_3184369-3184918_ext_120-320_int_145_off_30_percentage_64_position_51-145 genomicbackground,1700,8,1700_8
query_1701,0,genomicbackground,0,genomicbackground,0.12189483642578125,1701_8_RF00050_8_NC_000913.3_3184369-3184918_ext_120-320_int_145_off_35_percentage_67_position_46-145 genomicbackground,1701,8,1701_8
query_1702,0,genomicbackground,0,genomicbackground,0.0972302183508873,1702_8_RF00050_8_NC_000913.3_3184369-3184918_ext_120-320_int_145_off_40_percentage_70_position_41-145 genomicbackground,1702,8,1702_8
query_1703,0,genomicbackground,0,genomicbackground,0.4159832000732422,1703_8_RF00050_8_NC_000913.3_3184369-3184918_ext_120-320_int_145_off_45_percentage_74_position_36-145 genomicbackground,1703,8,1703_8
query_1704,1,riboswitch,1,riboswitch,0.9426522850990295,1704_8_RF00050_8_NC_000913.3_3184369-3184918_ext_120-320_int_145_off_50_percentage_77_position_31-145 riboswitch,1704,8,1704_8
query_1705,1,riboswitch,1,riboswitch,0.7209659814834595,1705_8_RF00050_8_NC_000913.3_3184369-3184918_ext_120-320_int_145_off_55_percentage_81_position_26-145 riboswitch,1705,8,1705_8
query_1706,0,genomicbackground,0,genomicbackground,0.460940957069397,1706_8_RF00050_8_NC_000913.3_3184369-3184918_ext_120-320_int_150_off_0_percentage_47_position_81-150 genomicbackground,1706,8,1706_8
query_1707,0,genomicbackground,0,genomicbackground,0.4868708550930023,1707_8_RF00050_8_NC_000913.3_3184369-3184918_ext_120-320_int_150_off_5_percentage_50_position_76-150 genomicbackground,1707,8,1707_8
query_1708,0,genomicbackground,0,genomicbackground,0.018147412687540054,1708_8_RF00050_8_NC_000913.3_3184369-3184918_ext_120-320_int_150_off_10_percentage_54_position_71-150 genomicbackground,1708,8,1708_8
query_1709,0,genomicbackground,0,genomicbackground,0.0952489897608757,1709_8_RF00050_8_NC_000913.3_3184369-3184918_ext_120-320_int_150_off_15_percentage_57_position_66-150 genomicbackground,1709,8,1709_8
query_1710,0,genomicbackground,0,genomicbackground,0.022738685831427574,1710_8_RF00050_8_NC_000913.3_3184369-3184918_ext_120-320_int_150_off_20_percentage_60_position_61-150 genomicbackground,1710,8,1710_8
query_1711,0,genomicbackground,0,genomicbackground,0.04924590140581131,1711_8_RF00050_8_NC_000913.3_3184369-3184918_ext_120-320_int_150_off_25_percentage_64_position_56-150 genomicbackground,1711,8,1711_8
query_1712,0,genomicbackground,0,genomicbackground,0.10004423558712006,1712_8_RF00050_8_NC_000913.3_3184369-3184918_ext_120-320_int_150_off_30_percentage_67_position_51-150 genomicbackground,1712,8,1712_8
query_1713,0,genomicbackground,0,genomicbackground,0.20407164096832275,1713_8_RF00050_8_NC_000913.3_3184369-3184918_ext_120-320_int_150_off_35_percentage_70_position_46-150 genomicbackground,1713,8,1713_8
query_1714,0,genomicbackground,0,genomicbackground,0.1613646298646927,1714_8_RF00050_8_NC_000913.3_3184369-3184918_ext_120-320_int_150_off_40_percentage_74_position_41-150 genomicbackground,1714,8,1714_8
query_1715,1,riboswitch,1,riboswitch,0.6379209160804749,1715_8_RF00050_8_NC_000913.3_3184369-3184918_ext_120-320_int_150_off_45_percentage_77_position_36-150 riboswitch,1715,8,1715_8
query_1716,1,riboswitch,1,riboswitch,0.9235692024230957,1716_8_RF00050_8_NC_000913.3_3184369-3184918_ext_120-320_int_150_off_50_percentage_81_position_31-150 riboswitch,1716,8,1716_8
query_1717,0,genomicbackground,0,genomicbackground,0.335732102394104,1717_8_RF00050_8_NC_000913.3_3184369-3184918_ext_120-320_int_155_off_0_percentage_50_position_81-155 genomicbackground,1717,8,1717_8
query_1718,0,genomicbackground,0,genomicbackground,0.33738237619400024,1718_8_RF00050_8_NC_000913.3_3184369-3184918_ext_120-320_int_155_off_5_percentage_54_position_76-155 genomicbackground,1718,8,1718_8
query_1719,0,genomicbackground,0,genomicbackground,0.12616828083992004,1719_8_RF00050_8_NC_000913.3_3184369-3184918_ext_120-320_int_155_off_10_percentage_57_position_71-155 genomicbackground,1719,8,1719_8
query_1720,0,genomicbackground,0,genomicbackground,0.1393948495388031,1720_8_RF00050_8_NC_000913.3_3184369-3184918_ext_120-320_int_155_off_15_percentage_60_position_66-155 genomicbackground,1720,8,1720_8
query_1721,0,genomicbackground,0,genomicbackground,0.03386322036385536,1721_8_RF00050_8_NC_000913.3_3184369-3184918_ext_120-320_int_155_off_20_percentage_64_position_61-155 genomicbackground,1721,8,1721_8
query_1722,0,genomicbackground,0,genomicbackground,0.03990767523646355,1722_8_RF00050_8_NC_000913.3_3184369-3184918_ext_120-320_int_155_off_25_percentage_67_position_56-155 genomicbackground,1722,8,1722_8
query_1723,0,genomicbackground,0,genomicbackground,0.14257967472076416,1723_8_RF00050_8_NC_000913.3_3184369-3184918_ext_120-320_int_155_off_30_percentage_70_position_51-155 genomicbackground,1723,8,1723_8
query_1724,0,genomicbackground,1,riboswitch,0.7732894420623779,1724_8_RF00050_8_NC_000913.3_3184369-3184918_ext_120-320_int_155_off_35_percentage_74_position_46-155 genomicbackground,1724,8,1724_8
query_1725,1,riboswitch,0,genomicbackground,0.3690890967845917,1725_8_RF00050_8_NC_000913.3_3184369-3184918_ext_120-320_int_155_off_40_percentage_77_position_41-155 riboswitch,1725,8,1725_8
query_1726,1,riboswitch,1,riboswitch,0.8205196261405945,1726_8_RF00050_8_NC_000913.3_3184369-3184918_ext_120-320_int_155_off_45_percentage_81_position_36-155 riboswitch,1726,8,1726_8
query_1727,0,genomicbackground,0,genomicbackground,0.06431649625301361,1727_8_RF00050_8_NC_000913.3_3184369-3184918_ext_120-320_int_160_off_0_percentage_54_position_81-160 genomicbackground,1727,8,1727_8
query_1728,0,genomicbackground,0,genomicbackground,0.43173155188560486,1728_8_RF00050_8_NC_000913.3_3184369-3184918_ext_120-320_int_160_off_5_percentage_57_position_76-160 genomicbackground,1728,8,1728_8
query_1729,0,genomicbackground,0,genomicbackground,0.18447713553905487,1729_8_RF00050_8_NC_000913.3_3184369-3184918_ext_120-320_int_160_off_10_percentage_60_position_71-160 genomicbackground,1729,8,1729_8
query_1730,0,genomicbackground,0,genomicbackground,0.23552808165550232,1730_8_RF00050_8_NC_000913.3_3184369-3184918_ext_120-320_int_160_off_15_percentage_64_position_66-160 genomicbackground,1730,8,1730_8
query_1731,0,genomicbackground,0,genomicbackground,0.029122155159711838,1731_8_RF00050_8_NC_000913.3_3184369-3184918_ext_120-320_int_160_off_20_percentage_67_position_61-160 genomicbackground,1731,8,1731_8
query_1732,0,genomicbackground,0,genomicbackground,0.05161753296852112,1732_8_RF00050_8_NC_000913.3_3184369-3184918_ext_120-320_int_160_off_25_percentage_70_position_56-160 genomicbackground,1732,8,1732_8
query_1733,0,genomicbackground,1,riboswitch,0.7697166800498962,1733_8_RF00050_8_NC_000913.3_3184369-3184918_ext_120-320_int_160_off_30_percentage_74_position_51-160 genomicbackground,1733,8,1733_8
query_1734,1,riboswitch,0,genomicbackground,0.34175530076026917,1734_8_RF00050_8_NC_000913.3_3184369-3184918_ext_120-320_int_160_off_35_percentage_77_position_46-160 riboswitch,1734,8,1734_8
query_1735,1,riboswitch,1,riboswitch,0.630236029624939,1735_8_RF00050_8_NC_000913.3_3184369-3184918_ext_120-320_int_160_off_40_percentage_81_position_41-160 riboswitch,1735,8,1735_8
query_1736,0,genomicbackground,1,riboswitch,0.8128402233123779,1736_8_RF00050_8_NC_000913.3_3184369-3184918_ext_120-320_int_165_off_0_percentage_57_position_81-165 genomicbackground,1736,8,1736_8
query_1737,0,genomicbackground,0,genomicbackground,0.19061850011348724,1737_8_RF00050_8_NC_000913.3_3184369-3184918_ext_120-320_int_165_off_5_percentage_60_position_76-165 genomicbackground,1737,8,1737_8
query_1738,0,genomicbackground,1,riboswitch,0.7209699749946594,1738_8_RF00050_8_NC_000913.3_3184369-3184918_ext_120-320_int_165_off_10_percentage_64_position_71-165 genomicbackground,1738,8,1738_8
query_1739,0,genomicbackground,0,genomicbackground,0.18680761754512787,1739_8_RF00050_8_NC_000913.3_3184369-3184918_ext_120-320_int_165_off_15_percentage_67_position_66-165 genomicbackground,1739,8,1739_8
query_1740,0,genomicbackground,0,genomicbackground,0.03374096378684044,1740_8_RF00050_8_NC_000913.3_3184369-3184918_ext_120-320_int_165_off_20_percentage_70_position_61-165 genomicbackground,1740,8,1740_8
query_1741,0,genomicbackground,0,genomicbackground,0.25970372557640076,1741_8_RF00050_8_NC_000913.3_3184369-3184918_ext_120-320_int_165_off_25_percentage_74_position_56-165 genomicbackground,1741,8,1741_8
query_1742,1,riboswitch,0,genomicbackground,0.3223012685775757,1742_8_RF00050_8_NC_000913.3_3184369-3184918_ext_120-320_int_165_off_30_percentage_77_position_51-165 riboswitch,1742,8,1742_8
query_1743,1,riboswitch,1,riboswitch,0.764288067817688,1743_8_RF00050_8_NC_000913.3_3184369-3184918_ext_120-320_int_165_off_35_percentage_81_position_46-165 riboswitch,1743,8,1743_8
query_1744,0,genomicbackground,1,riboswitch,0.8890310525894165,1744_8_RF00050_8_NC_000913.3_3184369-3184918_ext_120-320_int_170_off_0_percentage_60_position_81-170 genomicbackground,1744,8,1744_8
query_1745,0,genomicbackground,1,riboswitch,0.952483594417572,1745_8_RF00050_8_NC_000913.3_3184369-3184918_ext_120-320_int_170_off_5_percentage_64_position_76-170 genomicbackground,1745,8,1745_8
query_1746,0,genomicbackground,0,genomicbackground,0.46242544054985046,1746_8_RF00050_8_NC_000913.3_3184369-3184918_ext_120-320_int_170_off_10_percentage_67_position_71-170 genomicbackground,1746,8,1746_8
query_1747,0,genomicbackground,0,genomicbackground,0.04362478107213974,1747_8_RF00050_8_NC_000913.3_3184369-3184918_ext_120-320_int_170_off_15_percentage_70_position_66-170 genomicbackground,1747,8,1747_8
query_1748,0,genomicbackground,0,genomicbackground,0.12531405687332153,1748_8_RF00050_8_NC_000913.3_3184369-3184918_ext_120-320_int_170_off_20_percentage_74_position_61-170 genomicbackground,1748,8,1748_8
query_1749,1,riboswitch,0,genomicbackground,0.1388283222913742,1749_8_RF00050_8_NC_000913.3_3184369-3184918_ext_120-320_int_170_off_25_percentage_77_position_56-170 riboswitch,1749,8,1749_8
query_1750,1,riboswitch,1,riboswitch,0.722143828868866,1750_8_RF00050_8_NC_000913.3_3184369-3184918_ext_120-320_int_170_off_30_percentage_81_position_51-170 riboswitch,1750,8,1750_8
query_1751,0,genomicbackground,1,riboswitch,0.5702477097511292,1751_8_RF00050_8_NC_000913.3_3184369-3184918_ext_120-320_int_175_off_0_percentage_64_position_81-175 genomicbackground,1751,8,1751_8
query_1752,0,genomicbackground,1,riboswitch,0.9384893178939819,1752_8_RF00050_8_NC_000913.3_3184369-3184918_ext_120-320_int_175_off_5_percentage_67_position_76-175 genomicbackground,1752,8,1752_8
query_1753,0,genomicbackground,0,genomicbackground,0.05719033628702164,1753_8_RF00050_8_NC_000913.3_3184369-3184918_ext_120-320_int_175_off_10_percentage_70_position_71-175 genomicbackground,1753,8,1753_8
query_1754,0,genomicbackground,0,genomicbackground,0.12224512547254562,1754_8_RF00050_8_NC_000913.3_3184369-3184918_ext_120-320_int_175_off_15_percentage_74_position_66-175 genomicbackground,1754,8,1754_8
query_1755,1,riboswitch,0,genomicbackground,0.11283421516418457,1755_8_RF00050_8_NC_000913.3_3184369-3184918_ext_120-320_int_175_off_20_percentage_77_position_61-175 riboswitch,1755,8,1755_8
query_1756,1,riboswitch,0,genomicbackground,0.486931174993515,1756_8_RF00050_8_NC_000913.3_3184369-3184918_ext_120-320_int_175_off_25_percentage_81_position_56-175 riboswitch,1756,8,1756_8
query_1757,0,genomicbackground,0,genomicbackground,0.35173308849334717,1757_8_RF00050_8_NC_000913.3_3184369-3184918_ext_120-320_int_180_off_0_percentage_67_position_81-180 genomicbackground,1757,8,1757_8
query_1758,0,genomicbackground,1,riboswitch,0.977026641368866,1758_8_RF00050_8_NC_000913.3_3184369-3184918_ext_120-320_int_180_off_5_percentage_70_position_76-180 genomicbackground,1758,8,1758_8
query_1759,0,genomicbackground,0,genomicbackground,0.16736222803592682,1759_8_RF00050_8_NC_000913.3_3184369-3184918_ext_120-320_int_180_off_10_percentage_74_position_71-180 genomicbackground,1759,8,1759_8
query_1760,1,riboswitch,0,genomicbackground,0.10079747438430786,1760_8_RF00050_8_NC_000913.3_3184369-3184918_ext_120-320_int_180_off_15_percentage_77_position_66-180 riboswitch,1760,8,1760_8
query_1761,1,riboswitch,0,genomicbackground,0.2985592484474182,1761_8_RF00050_8_NC_000913.3_3184369-3184918_ext_120-320_int_180_off_20_percentage_81_position_61-180 riboswitch,1761,8,1761_8
query_1762,0,genomicbackground,0,genomicbackground,0.3249053657054901,1762_8_RF00050_8_NC_000913.3_3184369-3184918_ext_120-320_int_185_off_0_percentage_70_position_81-185 genomicbackground,1762,8,1762_8
query_1763,0,genomicbackground,1,riboswitch,0.6337679028511047,1763_8_RF00050_8_NC_000913.3_3184369-3184918_ext_120-320_int_185_off_5_percentage_74_position_76-185 genomicbackground,1763,8,1763_8
query_1764,1,riboswitch,1,riboswitch,0.9338162541389465,1764_8_RF00050_8_NC_000913.3_3184369-3184918_ext_120-320_int_185_off_10_percentage_77_position_71-185 riboswitch,1764,8,1764_8
query_1765,1,riboswitch,0,genomicbackground,0.2548547089099884,1765_8_RF00050_8_NC_000913.3_3184369-3184918_ext_120-320_int_185_off_15_percentage_81_position_66-185 riboswitch,1765,8,1765_8
query_1766,0,genomicbackground,1,riboswitch,0.9732128381729126,1766_8_RF00050_8_NC_000913.3_3184369-3184918_ext_120-320_int_190_off_0_percentage_74_position_81-190 genomicbackground,1766,8,1766_8
query_1767,1,riboswitch,1,riboswitch,0.9661973118782043,1767_8_RF00050_8_NC_000913.3_3184369-3184918_ext_120-320_int_190_off_5_percentage_77_position_76-190 riboswitch,1767,8,1767_8
query_1768,1,riboswitch,1,riboswitch,0.9364191889762878,1768_8_RF00050_8_NC_000913.3_3184369-3184918_ext_120-320_int_190_off_10_percentage_81_position_71-190 riboswitch,1768,8,1768_8
query_1769,1,riboswitch,1,riboswitch,0.835760772228241,1769_8_RF00050_8_NC_000913.3_3184369-3184918_ext_120-320_int_195_off_0_percentage_77_position_81-195 riboswitch,1769,8,1769_8
query_1770,1,riboswitch,1,riboswitch,0.9573723077774048,1770_8_RF00050_8_NC_000913.3_3184369-3184918_ext_120-320_int_195_off_5_percentage_81_position_76-195 riboswitch,1770,8,1770_8
query_1771,1,riboswitch,1,riboswitch,0.9078305959701538,1771_8_RF00050_8_NC_000913.3_3184369-3184918_ext_120-320_int_200_off_0_percentage_81_position_81-200 riboswitch,1771,8,1771_8
query_1772,0,genomicbackground,0,genomicbackground,0.03811093047261238,1772_8_RF00050_8_NC_000913.3_3184369-3184918_ext_140-340_int_95_off_0_percentage_23_position_61-95 genomicbackground,1772,8,1772_8
query_1773,0,genomicbackground,0,genomicbackground,0.02993445284664631,1773_8_RF00050_8_NC_000913.3_3184369-3184918_ext_140-340_int_95_off_5_percentage_27_position_56-95 genomicbackground,1773,8,1773_8
query_1774,0,genomicbackground,0,genomicbackground,0.16814278066158295,1774_8_RF00050_8_NC_000913.3_3184369-3184918_ext_140-340_int_95_off_10_percentage_30_position_51-95 genomicbackground,1774,8,1774_8
query_1775,0,genomicbackground,0,genomicbackground,0.023791953921318054,1775_8_RF00050_8_NC_000913.3_3184369-3184918_ext_140-340_int_95_off_15_percentage_34_position_46-95 genomicbackground,1775,8,1775_8
query_1776,0,genomicbackground,0,genomicbackground,0.08554825931787491,1776_8_RF00050_8_NC_000913.3_3184369-3184918_ext_140-340_int_95_off_20_percentage_37_position_41-95 genomicbackground,1776,8,1776_8
query_1777,0,genomicbackground,0,genomicbackground,0.10055084526538849,1777_8_RF00050_8_NC_000913.3_3184369-3184918_ext_140-340_int_95_off_25_percentage_40_position_36-95 genomicbackground,1777,8,1777_8
query_1778,0,genomicbackground,0,genomicbackground,0.2259976863861084,1778_8_RF00050_8_NC_000913.3_3184369-3184918_ext_140-340_int_95_off_30_percentage_44_position_31-95 genomicbackground,1778,8,1778_8
query_1779,0,genomicbackground,0,genomicbackground,0.016967976465821266,1779_8_RF00050_8_NC_000913.3_3184369-3184918_ext_140-340_int_95_off_35_percentage_47_position_26-95 genomicbackground,1779,8,1779_8
query_1780,0,genomicbackground,0,genomicbackground,0.036257315427064896,1780_8_RF00050_8_NC_000913.3_3184369-3184918_ext_140-340_int_95_off_40_percentage_50_position_21-95 genomicbackground,1780,8,1780_8
query_1781,0,genomicbackground,0,genomicbackground,0.19865106046199799,1781_8_RF00050_8_NC_000913.3_3184369-3184918_ext_140-340_int_95_off_45_percentage_54_position_16-95 genomicbackground,1781,8,1781_8
query_1782,0,genomicbackground,0,genomicbackground,0.2849458158016205,1782_8_RF00050_8_NC_000913.3_3184369-3184918_ext_140-340_int_95_off_50_percentage_57_position_11-95 genomicbackground,1782,8,1782_8
query_1783,0,genomicbackground,0,genomicbackground,0.19945497810840607,1783_8_RF00050_8_NC_000913.3_3184369-3184918_ext_140-340_int_95_off_55_percentage_60_position_6-95 genomicbackground,1783,8,1783_8
query_1784,0,genomicbackground,1,riboswitch,0.9059815406799316,1784_8_RF00050_8_NC_000913.3_3184369-3184918_ext_140-340_int_95_off_60_percentage_64_position_1-95 genomicbackground,1784,8,1784_8
query_1785,0,genomicbackground,1,riboswitch,0.5719267725944519,1785_8_RF00050_8_NC_000913.3_3184369-3184918_ext_140-340_int_95_off_65_percentage_64_position_1-95 genomicbackground,1785,8,1785_8
query_1786,0,genomicbackground,1,riboswitch,0.8850573301315308,1786_8_RF00050_8_NC_000913.3_3184369-3184918_ext_140-340_int_95_off_70_percentage_64_position_1-95 genomicbackground,1786,8,1786_8
query_1787,0,genomicbackground,1,riboswitch,0.5874842405319214,1787_8_RF00050_8_NC_000913.3_3184369-3184918_ext_140-340_int_95_off_75_percentage_64_position_1-95 genomicbackground,1787,8,1787_8
query_1788,0,genomicbackground,0,genomicbackground,0.011819771490991116,1788_8_RF00050_8_NC_000913.3_3184369-3184918_ext_140-340_int_95_off_80_percentage_64_position_1-95 genomicbackground,1788,8,1788_8
query_1789,0,genomicbackground,1,riboswitch,0.9386395812034607,1789_8_RF00050_8_NC_000913.3_3184369-3184918_ext_140-340_int_95_off_85_percentage_64_position_1-95 genomicbackground,1789,8,1789_8
query_1790,0,genomicbackground,1,riboswitch,0.9651657938957214,1790_8_RF00050_8_NC_000913.3_3184369-3184918_ext_140-340_int_95_off_90_percentage_64_position_1-95 genomicbackground,1790,8,1790_8
query_1791,0,genomicbackground,1,riboswitch,0.9140080809593201,1791_8_RF00050_8_NC_000913.3_3184369-3184918_ext_140-340_int_95_off_95_percentage_64_position_1-95 genomicbackground,1791,8,1791_8
query_1792,0,genomicbackground,1,riboswitch,0.9718285202980042,1792_8_RF00050_8_NC_000913.3_3184369-3184918_ext_140-340_int_95_off_100_percentage_64_position_1-95 genomicbackground,1792,8,1792_8
query_1793,0,genomicbackground,1,riboswitch,0.9866622090339661,1793_8_RF00050_8_NC_000913.3_3184369-3184918_ext_140-340_int_95_off_105_percentage_64_position_1-95 genomicbackground,1793,8,1793_8
query_1794,0,genomicbackground,0,genomicbackground,0.025213124230504036,1794_8_RF00050_8_NC_000913.3_3184369-3184918_ext_140-340_int_100_off_0_percentage_27_position_61-100 genomicbackground,1794,8,1794_8
query_1795,0,genomicbackground,0,genomicbackground,0.08460107445716858,1795_8_RF00050_8_NC_000913.3_3184369-3184918_ext_140-340_int_100_off_5_percentage_30_position_56-100 genomicbackground,1795,8,1795_8
query_1796,0,genomicbackground,0,genomicbackground,0.02152201160788536,1796_8_RF00050_8_NC_000913.3_3184369-3184918_ext_140-340_int_100_off_10_percentage_34_position_51-100 genomicbackground,1796,8,1796_8
query_1797,0,genomicbackground,0,genomicbackground,0.0738515630364418,1797_8_RF00050_8_NC_000913.3_3184369-3184918_ext_140-340_int_100_off_15_percentage_37_position_46-100 genomicbackground,1797,8,1797_8
query_1798,0,genomicbackground,0,genomicbackground,0.03969579190015793,1798_8_RF00050_8_NC_000913.3_3184369-3184918_ext_140-340_int_100_off_20_percentage_40_position_41-100 genomicbackground,1798,8,1798_8
query_1799,0,genomicbackground,0,genomicbackground,0.07614394277334213,1799_8_RF00050_8_NC_000913.3_3184369-3184918_ext_140-340_int_100_off_25_percentage_44_position_36-100 genomicbackground,1799,8,1799_8
query_1800,0,genomicbackground,0,genomicbackground,0.09382448345422745,1800_8_RF00050_8_NC_000913.3_3184369-3184918_ext_140-340_int_100_off_30_percentage_47_position_31-100 genomicbackground,1800,8,1800_8
query_1801,0,genomicbackground,0,genomicbackground,0.037317294627428055,1801_8_RF00050_8_NC_000913.3_3184369-3184918_ext_140-340_int_100_off_35_percentage_50_position_26-100 genomicbackground,1801,8,1801_8
query_1802,0,genomicbackground,0,genomicbackground,0.04678072780370712,1802_8_RF00050_8_NC_000913.3_3184369-3184918_ext_140-340_int_100_off_40_percentage_54_position_21-100 genomicbackground,1802,8,1802_8
query_1803,0,genomicbackground,0,genomicbackground,0.3057084381580353,1803_8_RF00050_8_NC_000913.3_3184369-3184918_ext_140-340_int_100_off_45_percentage_57_position_16-100 genomicbackground,1803,8,1803_8
query_1804,0,genomicbackground,0,genomicbackground,0.33314749598503113,1804_8_RF00050_8_NC_000913.3_3184369-3184918_ext_140-340_int_100_off_50_percentage_60_position_11-100 genomicbackground,1804,8,1804_8
query_1805,0,genomicbackground,0,genomicbackground,0.3072824478149414,1805_8_RF00050_8_NC_000913.3_3184369-3184918_ext_140-340_int_100_off_55_percentage_64_position_6-100 genomicbackground,1805,8,1805_8
query_1806,0,genomicbackground,1,riboswitch,0.8230326175689697,1806_8_RF00050_8_NC_000913.3_3184369-3184918_ext_140-340_int_100_off_60_percentage_67_position_1-100 genomicbackground,1806,8,1806_8
query_1807,0,genomicbackground,1,riboswitch,0.8606820106506348,1807_8_RF00050_8_NC_000913.3_3184369-3184918_ext_140-340_int_100_off_65_percentage_67_position_1-100 genomicbackground,1807,8,1807_8
query_1808,0,genomicbackground,1,riboswitch,0.9227193593978882,1808_8_RF00050_8_NC_000913.3_3184369-3184918_ext_140-340_int_100_off_70_percentage_67_position_1-100 genomicbackground,1808,8,1808_8
query_1809,0,genomicbackground,0,genomicbackground,0.3671114146709442,1809_8_RF00050_8_NC_000913.3_3184369-3184918_ext_140-340_int_100_off_75_percentage_67_position_1-100 genomicbackground,1809,8,1809_8
query_1810,0,genomicbackground,0,genomicbackground,0.38357898592948914,1810_8_RF00050_8_NC_000913.3_3184369-3184918_ext_140-340_int_100_off_80_percentage_67_position_1-100 genomicbackground,1810,8,1810_8
query_1811,0,genomicbackground,1,riboswitch,0.9274774789810181,1811_8_RF00050_8_NC_000913.3_3184369-3184918_ext_140-340_int_100_off_85_percentage_67_position_1-100 genomicbackground,1811,8,1811_8
query_1812,0,genomicbackground,1,riboswitch,0.9618979096412659,1812_8_RF00050_8_NC_000913.3_3184369-3184918_ext_140-340_int_100_off_90_percentage_67_position_1-100 genomicbackground,1812,8,1812_8
query_1813,0,genomicbackground,1,riboswitch,0.9838991165161133,1813_8_RF00050_8_NC_000913.3_3184369-3184918_ext_140-340_int_100_off_95_percentage_67_position_1-100 genomicbackground,1813,8,1813_8
query_1814,0,genomicbackground,1,riboswitch,0.9811819195747375,1814_8_RF00050_8_NC_000913.3_3184369-3184918_ext_140-340_int_100_off_100_percentage_67_position_1-100 genomicbackground,1814,8,1814_8
query_1815,0,genomicbackground,0,genomicbackground,0.057978738099336624,1815_8_RF00050_8_NC_000913.3_3184369-3184918_ext_140-340_int_105_off_0_percentage_30_position_61-105 genomicbackground,1815,8,1815_8
query_1816,0,genomicbackground,0,genomicbackground,0.016741929575800896,1816_8_RF00050_8_NC_000913.3_3184369-3184918_ext_140-340_int_105_off_5_percentage_34_position_56-105 genomicbackground,1816,8,1816_8
query_1817,0,genomicbackground,0,genomicbackground,0.09318800270557404,1817_8_RF00050_8_NC_000913.3_3184369-3184918_ext_140-340_int_105_off_10_percentage_37_position_51-105 genomicbackground,1817,8,1817_8
query_1818,0,genomicbackground,0,genomicbackground,0.055226560682058334,1818_8_RF00050_8_NC_000913.3_3184369-3184918_ext_140-340_int_105_off_15_percentage_40_position_46-105 genomicbackground,1818,8,1818_8
query_1819,0,genomicbackground,0,genomicbackground,0.45793020725250244,1819_8_RF00050_8_NC_000913.3_3184369-3184918_ext_140-340_int_105_off_20_percentage_44_position_41-105 genomicbackground,1819,8,1819_8
query_1820,0,genomicbackground,0,genomicbackground,0.33532285690307617,1820_8_RF00050_8_NC_000913.3_3184369-3184918_ext_140-340_int_105_off_25_percentage_47_position_36-105 genomicbackground,1820,8,1820_8
query_1821,0,genomicbackground,0,genomicbackground,0.043600939214229584,1821_8_RF00050_8_NC_000913.3_3184369-3184918_ext_140-340_int_105_off_30_percentage_50_position_31-105 genomicbackground,1821,8,1821_8
query_1822,0,genomicbackground,0,genomicbackground,0.07333412021398544,1822_8_RF00050_8_NC_000913.3_3184369-3184918_ext_140-340_int_105_off_35_percentage_54_position_26-105 genomicbackground,1822,8,1822_8
query_1823,0,genomicbackground,0,genomicbackground,0.08247626572847366,1823_8_RF00050_8_NC_000913.3_3184369-3184918_ext_140-340_int_105_off_40_percentage_57_position_21-105 genomicbackground,1823,8,1823_8
query_1824,0,genomicbackground,0,genomicbackground,0.3291028141975403,1824_8_RF00050_8_NC_000913.3_3184369-3184918_ext_140-340_int_105_off_45_percentage_60_position_16-105 genomicbackground,1824,8,1824_8
query_1825,0,genomicbackground,0,genomicbackground,0.4731079041957855,1825_8_RF00050_8_NC_000913.3_3184369-3184918_ext_140-340_int_105_off_50_percentage_64_position_11-105 genomicbackground,1825,8,1825_8
query_1826,0,genomicbackground,0,genomicbackground,0.19928716123104095,1826_8_RF00050_8_NC_000913.3_3184369-3184918_ext_140-340_int_105_off_55_percentage_67_position_6-105 genomicbackground,1826,8,1826_8
query_1827,0,genomicbackground,1,riboswitch,0.9837252497673035,1827_8_RF00050_8_NC_000913.3_3184369-3184918_ext_140-340_int_105_off_60_percentage_70_position_1-105 genomicbackground,1827,8,1827_8
query_1828,0,genomicbackground,1,riboswitch,0.9085557460784912,1828_8_RF00050_8_NC_000913.3_3184369-3184918_ext_140-340_int_105_off_65_percentage_70_position_1-105 genomicbackground,1828,8,1828_8
query_1829,0,genomicbackground,1,riboswitch,0.898851215839386,1829_8_RF00050_8_NC_000913.3_3184369-3184918_ext_140-340_int_105_off_70_percentage_70_position_1-105 genomicbackground,1829,8,1829_8
query_1830,0,genomicbackground,1,riboswitch,0.901949942111969,1830_8_RF00050_8_NC_000913.3_3184369-3184918_ext_140-340_int_105_off_75_percentage_70_position_1-105 genomicbackground,1830,8,1830_8
query_1831,0,genomicbackground,0,genomicbackground,0.4754343628883362,1831_8_RF00050_8_NC_000913.3_3184369-3184918_ext_140-340_int_105_off_80_percentage_70_position_1-105 genomicbackground,1831,8,1831_8
query_1832,0,genomicbackground,1,riboswitch,0.9537354707717896,1832_8_RF00050_8_NC_000913.3_3184369-3184918_ext_140-340_int_105_off_85_percentage_70_position_1-105 genomicbackground,1832,8,1832_8
query_1833,0,genomicbackground,1,riboswitch,0.96180659532547,1833_8_RF00050_8_NC_000913.3_3184369-3184918_ext_140-340_int_105_off_90_percentage_70_position_1-105 genomicbackground,1833,8,1833_8
query_1834,0,genomicbackground,1,riboswitch,0.9799546599388123,1834_8_RF00050_8_NC_000913.3_3184369-3184918_ext_140-340_int_105_off_95_percentage_70_position_1-105 genomicbackground,1834,8,1834_8
query_1835,0,genomicbackground,0,genomicbackground,0.015965459868311882,1835_8_RF00050_8_NC_000913.3_3184369-3184918_ext_140-340_int_110_off_0_percentage_34_position_61-110 genomicbackground,1835,8,1835_8
query_1836,0,genomicbackground,0,genomicbackground,0.047616682946681976,1836_8_RF00050_8_NC_000913.3_3184369-3184918_ext_140-340_int_110_off_5_percentage_37_position_56-110 genomicbackground,1836,8,1836_8
query_1837,0,genomicbackground,0,genomicbackground,0.028773868456482887,1837_8_RF00050_8_NC_000913.3_3184369-3184918_ext_140-340_int_110_off_10_percentage_40_position_51-110 genomicbackground,1837,8,1837_8
query_1838,0,genomicbackground,0,genomicbackground,0.40270087122917175,1838_8_RF00050_8_NC_000913.3_3184369-3184918_ext_140-340_int_110_off_15_percentage_44_position_46-110 genomicbackground,1838,8,1838_8
query_1839,0,genomicbackground,0,genomicbackground,0.10092540830373764,1839_8_RF00050_8_NC_000913.3_3184369-3184918_ext_140-340_int_110_off_20_percentage_47_position_41-110 genomicbackground,1839,8,1839_8
query_1840,0,genomicbackground,0,genomicbackground,0.10279469192028046,1840_8_RF00050_8_NC_000913.3_3184369-3184918_ext_140-340_int_110_off_25_percentage_50_position_36-110 genomicbackground,1840,8,1840_8
query_1841,0,genomicbackground,0,genomicbackground,0.03434351831674576,1841_8_RF00050_8_NC_000913.3_3184369-3184918_ext_140-340_int_110_off_30_percentage_54_position_31-110 genomicbackground,1841,8,1841_8
query_1842,0,genomicbackground,0,genomicbackground,0.06523525714874268,1842_8_RF00050_8_NC_000913.3_3184369-3184918_ext_140-340_int_110_off_35_percentage_57_position_26-110 genomicbackground,1842,8,1842_8
query_1843,0,genomicbackground,0,genomicbackground,0.07899295538663864,1843_8_RF00050_8_NC_000913.3_3184369-3184918_ext_140-340_int_110_off_40_percentage_60_position_21-110 genomicbackground,1843,8,1843_8
query_1844,0,genomicbackground,0,genomicbackground,0.4574594795703888,1844_8_RF00050_8_NC_000913.3_3184369-3184918_ext_140-340_int_110_off_45_percentage_64_position_16-110 genomicbackground,1844,8,1844_8
query_1845,0,genomicbackground,0,genomicbackground,0.3199256360530853,1845_8_RF00050_8_NC_000913.3_3184369-3184918_ext_140-340_int_110_off_50_percentage_67_position_11-110 genomicbackground,1845,8,1845_8
query_1846,0,genomicbackground,0,genomicbackground,0.36739638447761536,1846_8_RF00050_8_NC_000913.3_3184369-3184918_ext_140-340_int_110_off_55_percentage_70_position_6-110 genomicbackground,1846,8,1846_8
query_1847,0,genomicbackground,1,riboswitch,0.9844290018081665,1847_8_RF00050_8_NC_000913.3_3184369-3184918_ext_140-340_int_110_off_60_percentage_74_position_1-110 genomicbackground,1847,8,1847_8
query_1848,0,genomicbackground,1,riboswitch,0.8465543389320374,1848_8_RF00050_8_NC_000913.3_3184369-3184918_ext_140-340_int_110_off_65_percentage_74_position_1-110 genomicbackground,1848,8,1848_8
query_1849,0,genomicbackground,1,riboswitch,0.9651883244514465,1849_8_RF00050_8_NC_000913.3_3184369-3184918_ext_140-340_int_110_off_70_percentage_74_position_1-110 genomicbackground,1849,8,1849_8
query_1850,0,genomicbackground,1,riboswitch,0.81409752368927,1850_8_RF00050_8_NC_000913.3_3184369-3184918_ext_140-340_int_110_off_75_percentage_74_position_1-110 genomicbackground,1850,8,1850_8
query_1851,0,genomicbackground,1,riboswitch,0.9520436525344849,1851_8_RF00050_8_NC_000913.3_3184369-3184918_ext_140-340_int_110_off_80_percentage_74_position_1-110 genomicbackground,1851,8,1851_8
query_1852,0,genomicbackground,1,riboswitch,0.8897989392280579,1852_8_RF00050_8_NC_000913.3_3184369-3184918_ext_140-340_int_110_off_85_percentage_74_position_1-110 genomicbackground,1852,8,1852_8
query_1853,0,genomicbackground,1,riboswitch,0.937981128692627,1853_8_RF00050_8_NC_000913.3_3184369-3184918_ext_140-340_int_110_off_90_percentage_74_position_1-110 genomicbackground,1853,8,1853_8
query_1854,0,genomicbackground,0,genomicbackground,0.03640370070934296,1854_8_RF00050_8_NC_000913.3_3184369-3184918_ext_140-340_int_115_off_0_percentage_37_position_61-115 genomicbackground,1854,8,1854_8
query_1855,0,genomicbackground,0,genomicbackground,0.014780810102820396,1855_8_RF00050_8_NC_000913.3_3184369-3184918_ext_140-340_int_115_off_5_percentage_40_position_56-115 genomicbackground,1855,8,1855_8
query_1856,0,genomicbackground,0,genomicbackground,0.1299901306629181,1856_8_RF00050_8_NC_000913.3_3184369-3184918_ext_140-340_int_115_off_10_percentage_44_position_51-115 genomicbackground,1856,8,1856_8
query_1857,0,genomicbackground,0,genomicbackground,0.027326572686433792,1857_8_RF00050_8_NC_000913.3_3184369-3184918_ext_140-340_int_115_off_15_percentage_47_position_46-115 genomicbackground,1857,8,1857_8
query_1858,0,genomicbackground,0,genomicbackground,0.03789597749710083,1858_8_RF00050_8_NC_000913.3_3184369-3184918_ext_140-340_int_115_off_20_percentage_50_position_41-115 genomicbackground,1858,8,1858_8
query_1859,0,genomicbackground,0,genomicbackground,0.2782493829727173,1859_8_RF00050_8_NC_000913.3_3184369-3184918_ext_140-340_int_115_off_25_percentage_54_position_36-115 genomicbackground,1859,8,1859_8
query_1860,0,genomicbackground,0,genomicbackground,0.017193328589200974,1860_8_RF00050_8_NC_000913.3_3184369-3184918_ext_140-340_int_115_off_30_percentage_57_position_31-115 genomicbackground,1860,8,1860_8
query_1861,0,genomicbackground,0,genomicbackground,0.02660164050757885,1861_8_RF00050_8_NC_000913.3_3184369-3184918_ext_140-340_int_115_off_35_percentage_60_position_26-115 genomicbackground,1861,8,1861_8
query_1862,0,genomicbackground,1,riboswitch,0.7491803169250488,1862_8_RF00050_8_NC_000913.3_3184369-3184918_ext_140-340_int_115_off_40_percentage_64_position_21-115 genomicbackground,1862,8,1862_8
query_1863,0,genomicbackground,0,genomicbackground,0.31911346316337585,1863_8_RF00050_8_NC_000913.3_3184369-3184918_ext_140-340_int_115_off_45_percentage_67_position_16-115 genomicbackground,1863,8,1863_8
query_1864,0,genomicbackground,0,genomicbackground,0.23695316910743713,1864_8_RF00050_8_NC_000913.3_3184369-3184918_ext_140-340_int_115_off_50_percentage_70_position_11-115 genomicbackground,1864,8,1864_8
query_1865,0,genomicbackground,1,riboswitch,0.6074466109275818,1865_8_RF00050_8_NC_000913.3_3184369-3184918_ext_140-340_int_115_off_55_percentage_74_position_6-115 genomicbackground,1865,8,1865_8
query_1866,1,riboswitch,1,riboswitch,0.9486901760101318,1866_8_RF00050_8_NC_000913.3_3184369-3184918_ext_140-340_int_115_off_60_percentage_77_position_1-115 riboswitch,1866,8,1866_8
query_1867,1,riboswitch,1,riboswitch,0.9657943844795227,1867_8_RF00050_8_NC_000913.3_3184369-3184918_ext_140-340_int_115_off_65_percentage_77_position_1-115 riboswitch,1867,8,1867_8
query_1868,1,riboswitch,1,riboswitch,0.9575849771499634,1868_8_RF00050_8_NC_000913.3_3184369-3184918_ext_140-340_int_115_off_70_percentage_77_position_1-115 riboswitch,1868,8,1868_8
query_1869,1,riboswitch,1,riboswitch,0.7915157079696655,1869_8_RF00050_8_NC_000913.3_3184369-3184918_ext_140-340_int_115_off_75_percentage_77_position_1-115 riboswitch,1869,8,1869_8
query_1870,1,riboswitch,0,genomicbackground,0.39166533946990967,1870_8_RF00050_8_NC_000913.3_3184369-3184918_ext_140-340_int_115_off_80_percentage_77_position_1-115 riboswitch,1870,8,1870_8
query_1871,1,riboswitch,1,riboswitch,0.9915733933448792,1871_8_RF00050_8_NC_000913.3_3184369-3184918_ext_140-340_int_115_off_85_percentage_77_position_1-115 riboswitch,1871,8,1871_8
query_1872,0,genomicbackground,0,genomicbackground,0.012227754108607769,1872_8_RF00050_8_NC_000913.3_3184369-3184918_ext_140-340_int_120_off_0_percentage_40_position_61-120 genomicbackground,1872,8,1872_8
query_1873,0,genomicbackground,0,genomicbackground,0.030477413907647133,1873_8_RF00050_8_NC_000913.3_3184369-3184918_ext_140-340_int_120_off_5_percentage_44_position_56-120 genomicbackground,1873,8,1873_8
query_1874,0,genomicbackground,0,genomicbackground,0.020695779472589493,1874_8_RF00050_8_NC_000913.3_3184369-3184918_ext_140-340_int_120_off_10_percentage_47_position_51-120 genomicbackground,1874,8,1874_8
query_1875,0,genomicbackground,0,genomicbackground,0.04216361045837402,1875_8_RF00050_8_NC_000913.3_3184369-3184918_ext_140-340_int_120_off_15_percentage_50_position_46-120 genomicbackground,1875,8,1875_8
query_1876,0,genomicbackground,0,genomicbackground,0.13761447370052338,1876_8_RF00050_8_NC_000913.3_3184369-3184918_ext_140-340_int_120_off_20_percentage_54_position_41-120 genomicbackground,1876,8,1876_8
query_1877,0,genomicbackground,0,genomicbackground,0.36957305669784546,1877_8_RF00050_8_NC_000913.3_3184369-3184918_ext_140-340_int_120_off_25_percentage_57_position_36-120 genomicbackground,1877,8,1877_8
query_1878,0,genomicbackground,0,genomicbackground,0.125369131565094,1878_8_RF00050_8_NC_000913.3_3184369-3184918_ext_140-340_int_120_off_30_percentage_60_position_31-120 genomicbackground,1878,8,1878_8
query_1879,0,genomicbackground,0,genomicbackground,0.03934965282678604,1879_8_RF00050_8_NC_000913.3_3184369-3184918_ext_140-340_int_120_off_35_percentage_64_position_26-120 genomicbackground,1879,8,1879_8
query_1880,0,genomicbackground,1,riboswitch,0.6316366195678711,1880_8_RF00050_8_NC_000913.3_3184369-3184918_ext_140-340_int_120_off_40_percentage_67_position_21-120 genomicbackground,1880,8,1880_8
query_1881,0,genomicbackground,1,riboswitch,0.9045547246932983,1881_8_RF00050_8_NC_000913.3_3184369-3184918_ext_140-340_int_120_off_45_percentage_70_position_16-120 genomicbackground,1881,8,1881_8
query_1882,0,genomicbackground,0,genomicbackground,0.24856679141521454,1882_8_RF00050_8_NC_000913.3_3184369-3184918_ext_140-340_int_120_off_50_percentage_74_position_11-120 genomicbackground,1882,8,1882_8
query_1883,1,riboswitch,1,riboswitch,0.5759454965591431,1883_8_RF00050_8_NC_000913.3_3184369-3184918_ext_140-340_int_120_off_55_percentage_77_position_6-120 riboswitch,1883,8,1883_8
query_1884,1,riboswitch,1,riboswitch,0.980579674243927,1884_8_RF00050_8_NC_000913.3_3184369-3184918_ext_140-340_int_120_off_60_percentage_81_position_1-120 riboswitch,1884,8,1884_8
query_1885,1,riboswitch,1,riboswitch,0.9504768252372742,1885_8_RF00050_8_NC_000913.3_3184369-3184918_ext_140-340_int_120_off_65_percentage_81_position_1-120 riboswitch,1885,8,1885_8
query_1886,1,riboswitch,1,riboswitch,0.9615206122398376,1886_8_RF00050_8_NC_000913.3_3184369-3184918_ext_140-340_int_120_off_70_percentage_81_position_1-120 riboswitch,1886,8,1886_8
query_1887,1,riboswitch,1,riboswitch,0.9191968441009521,1887_8_RF00050_8_NC_000913.3_3184369-3184918_ext_140-340_int_120_off_75_percentage_81_position_1-120 riboswitch,1887,8,1887_8
query_1888,1,riboswitch,1,riboswitch,0.9562485218048096,1888_8_RF00050_8_NC_000913.3_3184369-3184918_ext_140-340_int_120_off_80_percentage_81_position_1-120 riboswitch,1888,8,1888_8
query_1889,0,genomicbackground,0,genomicbackground,0.022397756576538086,1889_8_RF00050_8_NC_000913.3_3184369-3184918_ext_140-340_int_125_off_0_percentage_44_position_61-125 genomicbackground,1889,8,1889_8
query_1890,0,genomicbackground,0,genomicbackground,0.011198795400559902,1890_8_RF00050_8_NC_000913.3_3184369-3184918_ext_140-340_int_125_off_5_percentage_47_position_56-125 genomicbackground,1890,8,1890_8
query_1891,0,genomicbackground,0,genomicbackground,0.04224815592169762,1891_8_RF00050_8_NC_000913.3_3184369-3184918_ext_140-340_int_125_off_10_percentage_50_position_51-125 genomicbackground,1891,8,1891_8
query_1892,0,genomicbackground,0,genomicbackground,0.02400379255414009,1892_8_RF00050_8_NC_000913.3_3184369-3184918_ext_140-340_int_125_off_15_percentage_54_position_46-125 genomicbackground,1892,8,1892_8
query_1893,0,genomicbackground,0,genomicbackground,0.29291826486587524,1893_8_RF00050_8_NC_000913.3_3184369-3184918_ext_140-340_int_125_off_20_percentage_57_position_41-125 genomicbackground,1893,8,1893_8
query_1894,0,genomicbackground,0,genomicbackground,0.33288294076919556,1894_8_RF00050_8_NC_000913.3_3184369-3184918_ext_140-340_int_125_off_25_percentage_60_position_36-125 genomicbackground,1894,8,1894_8
query_1895,0,genomicbackground,1,riboswitch,0.8773327469825745,1895_8_RF00050_8_NC_000913.3_3184369-3184918_ext_140-340_int_125_off_30_percentage_64_position_31-125 genomicbackground,1895,8,1895_8
query_1896,0,genomicbackground,0,genomicbackground,0.029762115329504013,1896_8_RF00050_8_NC_000913.3_3184369-3184918_ext_140-340_int_125_off_35_percentage_67_position_26-125 genomicbackground,1896,8,1896_8
query_1897,0,genomicbackground,0,genomicbackground,0.33267396688461304,1897_8_RF00050_8_NC_000913.3_3184369-3184918_ext_140-340_int_125_off_40_percentage_70_position_21-125 genomicbackground,1897,8,1897_8
query_1898,0,genomicbackground,1,riboswitch,0.9983571171760559,1898_8_RF00050_8_NC_000913.3_3184369-3184918_ext_140-340_int_125_off_45_percentage_74_position_16-125 genomicbackground,1898,8,1898_8
query_1899,1,riboswitch,1,riboswitch,0.7209937572479248,1899_8_RF00050_8_NC_000913.3_3184369-3184918_ext_140-340_int_125_off_50_percentage_77_position_11-125 riboswitch,1899,8,1899_8
query_1900,1,riboswitch,1,riboswitch,0.8063557147979736,1900_8_RF00050_8_NC_000913.3_3184369-3184918_ext_140-340_int_125_off_55_percentage_81_position_6-125 riboswitch,1900,8,1900_8
query_1901,1,riboswitch,1,riboswitch,0.9872388243675232,1901_8_RF00050_8_NC_000913.3_3184369-3184918_ext_140-340_int_125_off_60_percentage_84_position_1-125 riboswitch,1901,8,1901_8
query_1902,1,riboswitch,1,riboswitch,0.9935531616210938,1902_8_RF00050_8_NC_000913.3_3184369-3184918_ext_140-340_int_125_off_65_percentage_84_position_1-125 riboswitch,1902,8,1902_8
query_1903,1,riboswitch,1,riboswitch,0.9646949172019958,1903_8_RF00050_8_NC_000913.3_3184369-3184918_ext_140-340_int_125_off_70_percentage_84_position_1-125 riboswitch,1903,8,1903_8
query_1904,1,riboswitch,1,riboswitch,0.9715245962142944,1904_8_RF00050_8_NC_000913.3_3184369-3184918_ext_140-340_int_125_off_75_percentage_84_position_1-125 riboswitch,1904,8,1904_8
query_1905,0,genomicbackground,0,genomicbackground,0.00945898238569498,1905_8_RF00050_8_NC_000913.3_3184369-3184918_ext_140-340_int_130_off_0_percentage_47_position_61-130 genomicbackground,1905,8,1905_8
query_1906,0,genomicbackground,0,genomicbackground,0.021439174190163612,1906_8_RF00050_8_NC_000913.3_3184369-3184918_ext_140-340_int_130_off_5_percentage_50_position_56-130 genomicbackground,1906,8,1906_8
query_1907,0,genomicbackground,0,genomicbackground,0.03194481506943703,1907_8_RF00050_8_NC_000913.3_3184369-3184918_ext_140-340_int_130_off_10_percentage_54_position_51-130 genomicbackground,1907,8,1907_8
query_1908,0,genomicbackground,0,genomicbackground,0.04689045995473862,1908_8_RF00050_8_NC_000913.3_3184369-3184918_ext_140-340_int_130_off_15_percentage_57_position_46-130 genomicbackground,1908,8,1908_8
query_1909,0,genomicbackground,0,genomicbackground,0.12613829970359802,1909_8_RF00050_8_NC_000913.3_3184369-3184918_ext_140-340_int_130_off_20_percentage_60_position_41-130 genomicbackground,1909,8,1909_8
query_1910,0,genomicbackground,0,genomicbackground,0.4174639582633972,1910_8_RF00050_8_NC_000913.3_3184369-3184918_ext_140-340_int_130_off_25_percentage_64_position_36-130 genomicbackground,1910,8,1910_8
query_1911,0,genomicbackground,1,riboswitch,0.813696563243866,1911_8_RF00050_8_NC_000913.3_3184369-3184918_ext_140-340_int_130_off_30_percentage_67_position_31-130 genomicbackground,1911,8,1911_8
query_1912,0,genomicbackground,0,genomicbackground,0.027992090210318565,1912_8_RF00050_8_NC_000913.3_3184369-3184918_ext_140-340_int_130_off_35_percentage_70_position_26-130 genomicbackground,1912,8,1912_8
query_1913,0,genomicbackground,1,riboswitch,0.9642028212547302,1913_8_RF00050_8_NC_000913.3_3184369-3184918_ext_140-340_int_130_off_40_percentage_74_position_21-130 genomicbackground,1913,8,1913_8
query_1914,1,riboswitch,1,riboswitch,0.9981696605682373,1914_8_RF00050_8_NC_000913.3_3184369-3184918_ext_140-340_int_130_off_45_percentage_77_position_16-130 riboswitch,1914,8,1914_8
query_1915,1,riboswitch,1,riboswitch,0.8717583417892456,1915_8_RF00050_8_NC_000913.3_3184369-3184918_ext_140-340_int_130_off_50_percentage_81_position_11-130 riboswitch,1915,8,1915_8
query_1916,1,riboswitch,1,riboswitch,0.7228838205337524,1916_8_RF00050_8_NC_000913.3_3184369-3184918_ext_140-340_int_130_off_55_percentage_84_position_6-130 riboswitch,1916,8,1916_8
query_1917,1,riboswitch,1,riboswitch,0.9421427249908447,1917_8_RF00050_8_NC_000913.3_3184369-3184918_ext_140-340_int_130_off_60_percentage_87_position_1-130 riboswitch,1917,8,1917_8
query_1918,1,riboswitch,1,riboswitch,0.9589513540267944,1918_8_RF00050_8_NC_000913.3_3184369-3184918_ext_140-340_int_130_off_65_percentage_87_position_1-130 riboswitch,1918,8,1918_8
query_1919,1,riboswitch,1,riboswitch,0.9623411893844604,1919_8_RF00050_8_NC_000913.3_3184369-3184918_ext_140-340_int_130_off_70_percentage_87_position_1-130 riboswitch,1919,8,1919_8
query_1920,0,genomicbackground,0,genomicbackground,0.015740754082798958,1920_8_RF00050_8_NC_000913.3_3184369-3184918_ext_140-340_int_135_off_0_percentage_50_position_61-135 genomicbackground,1920,8,1920_8
query_1921,0,genomicbackground,0,genomicbackground,0.015559438616037369,1921_8_RF00050_8_NC_000913.3_3184369-3184918_ext_140-340_int_135_off_5_percentage_54_position_56-135 genomicbackground,1921,8,1921_8
query_1922,0,genomicbackground,0,genomicbackground,0.0355159193277359,1922_8_RF00050_8_NC_000913.3_3184369-3184918_ext_140-340_int_135_off_10_percentage_57_position_51-135 genomicbackground,1922,8,1922_8
query_1923,0,genomicbackground,0,genomicbackground,0.07508595287799835,1923_8_RF00050_8_NC_000913.3_3184369-3184918_ext_140-340_int_135_off_15_percentage_60_position_46-135 genomicbackground,1923,8,1923_8
query_1924,0,genomicbackground,0,genomicbackground,0.21778468787670135,1924_8_RF00050_8_NC_000913.3_3184369-3184918_ext_140-340_int_135_off_20_percentage_64_position_41-135 genomicbackground,1924,8,1924_8
query_1925,0,genomicbackground,0,genomicbackground,0.3505946397781372,1925_8_RF00050_8_NC_000913.3_3184369-3184918_ext_140-340_int_135_off_25_percentage_67_position_36-135 genomicbackground,1925,8,1925_8
query_1926,0,genomicbackground,0,genomicbackground,0.012158420868217945,1926_8_RF00050_8_NC_000913.3_3184369-3184918_ext_140-340_int_135_off_30_percentage_70_position_31-135 genomicbackground,1926,8,1926_8
query_1927,0,genomicbackground,1,riboswitch,0.9690141081809998,1927_8_RF00050_8_NC_000913.3_3184369-3184918_ext_140-340_int_135_off_35_percentage_74_position_26-135 genomicbackground,1927,8,1927_8
query_1928,1,riboswitch,1,riboswitch,0.9745620489120483,1928_8_RF00050_8_NC_000913.3_3184369-3184918_ext_140-340_int_135_off_40_percentage_77_position_21-135 riboswitch,1928,8,1928_8
query_1929,1,riboswitch,1,riboswitch,0.8558887243270874,1929_8_RF00050_8_NC_000913.3_3184369-3184918_ext_140-340_int_135_off_45_percentage_81_position_16-135 riboswitch,1929,8,1929_8
query_1930,1,riboswitch,1,riboswitch,0.8165335655212402,1930_8_RF00050_8_NC_000913.3_3184369-3184918_ext_140-340_int_135_off_50_percentage_84_position_11-135 riboswitch,1930,8,1930_8
query_1931,1,riboswitch,1,riboswitch,0.959770917892456,1931_8_RF00050_8_NC_000913.3_3184369-3184918_ext_140-340_int_135_off_55_percentage_87_position_6-135 riboswitch,1931,8,1931_8
query_1932,1,riboswitch,1,riboswitch,0.9863764643669128,1932_8_RF00050_8_NC_000913.3_3184369-3184918_ext_140-340_int_135_off_60_percentage_91_position_1-135 riboswitch,1932,8,1932_8
query_1933,1,riboswitch,1,riboswitch,0.9968844056129456,1933_8_RF00050_8_NC_000913.3_3184369-3184918_ext_140-340_int_135_off_65_percentage_91_position_1-135 riboswitch,1933,8,1933_8
query_1934,0,genomicbackground,0,genomicbackground,0.013156389817595482,1934_8_RF00050_8_NC_000913.3_3184369-3184918_ext_140-340_int_140_off_0_percentage_54_position_61-140 genomicbackground,1934,8,1934_8
query_1935,0,genomicbackground,0,genomicbackground,0.017136093229055405,1935_8_RF00050_8_NC_000913.3_3184369-3184918_ext_140-340_int_140_off_5_percentage_57_position_56-140 genomicbackground,1935,8,1935_8
query_1936,0,genomicbackground,0,genomicbackground,0.06903274357318878,1936_8_RF00050_8_NC_000913.3_3184369-3184918_ext_140-340_int_140_off_10_percentage_60_position_51-140 genomicbackground,1936,8,1936_8
query_1937,0,genomicbackground,0,genomicbackground,0.14549574255943298,1937_8_RF00050_8_NC_000913.3_3184369-3184918_ext_140-340_int_140_off_15_percentage_64_position_46-140 genomicbackground,1937,8,1937_8
query_1938,0,genomicbackground,0,genomicbackground,0.12245576828718185,1938_8_RF00050_8_NC_000913.3_3184369-3184918_ext_140-340_int_140_off_20_percentage_67_position_41-140 genomicbackground,1938,8,1938_8
query_1939,0,genomicbackground,0,genomicbackground,0.3259703814983368,1939_8_RF00050_8_NC_000913.3_3184369-3184918_ext_140-340_int_140_off_25_percentage_70_position_36-140 genomicbackground,1939,8,1939_8
query_1940,0,genomicbackground,1,riboswitch,0.924490213394165,1940_8_RF00050_8_NC_000913.3_3184369-3184918_ext_140-340_int_140_off_30_percentage_74_position_31-140 genomicbackground,1940,8,1940_8
query_1941,1,riboswitch,0,genomicbackground,0.15520457923412323,1941_8_RF00050_8_NC_000913.3_3184369-3184918_ext_140-340_int_140_off_35_percentage_77_position_26-140 riboswitch,1941,8,1941_8
query_1942,1,riboswitch,1,riboswitch,0.9896324872970581,1942_8_RF00050_8_NC_000913.3_3184369-3184918_ext_140-340_int_140_off_40_percentage_81_position_21-140 riboswitch,1942,8,1942_8
query_1943,1,riboswitch,1,riboswitch,0.9992044568061829,1943_8_RF00050_8_NC_000913.3_3184369-3184918_ext_140-340_int_140_off_45_percentage_84_position_16-140 riboswitch,1943,8,1943_8
query_1944,1,riboswitch,1,riboswitch,0.9784467816352844,1944_8_RF00050_8_NC_000913.3_3184369-3184918_ext_140-340_int_140_off_50_percentage_87_position_11-140 riboswitch,1944,8,1944_8
query_1945,1,riboswitch,1,riboswitch,0.8639762997627258,1945_8_RF00050_8_NC_000913.3_3184369-3184918_ext_140-340_int_140_off_55_percentage_91_position_6-140 riboswitch,1945,8,1945_8
query_1946,1,riboswitch,1,riboswitch,0.9749816060066223,1946_8_RF00050_8_NC_000913.3_3184369-3184918_ext_140-340_int_140_off_60_percentage_94_position_1-140 riboswitch,1946,8,1946_8
query_1947,0,genomicbackground,0,genomicbackground,0.014153323136270046,1947_8_RF00050_8_NC_000913.3_3184369-3184918_ext_140-340_int_145_off_0_percentage_57_position_61-145 genomicbackground,1947,8,1947_8
query_1948,0,genomicbackground,0,genomicbackground,0.030803870409727097,1948_8_RF00050_8_NC_000913.3_3184369-3184918_ext_140-340_int_145_off_5_percentage_60_position_56-145 genomicbackground,1948,8,1948_8
query_1949,0,genomicbackground,0,genomicbackground,0.12499737739562988,1949_8_RF00050_8_NC_000913.3_3184369-3184918_ext_140-340_int_145_off_10_percentage_64_position_51-145 genomicbackground,1949,8,1949_8
query_1950,0,genomicbackground,0,genomicbackground,0.12189483642578125,1950_8_RF00050_8_NC_000913.3_3184369-3184918_ext_140-340_int_145_off_15_percentage_67_position_46-145 genomicbackground,1950,8,1950_8
query_1951,0,genomicbackground,0,genomicbackground,0.09723015129566193,1951_8_RF00050_8_NC_000913.3_3184369-3184918_ext_140-340_int_145_off_20_percentage_70_position_41-145 genomicbackground,1951,8,1951_8
query_1952,0,genomicbackground,0,genomicbackground,0.41598325967788696,1952_8_RF00050_8_NC_000913.3_3184369-3184918_ext_140-340_int_145_off_25_percentage_74_position_36-145 genomicbackground,1952,8,1952_8
query_1953,1,riboswitch,1,riboswitch,0.9426522850990295,1953_8_RF00050_8_NC_000913.3_3184369-3184918_ext_140-340_int_145_off_30_percentage_77_position_31-145 riboswitch,1953,8,1953_8
query_1954,1,riboswitch,1,riboswitch,0.7209659814834595,1954_8_RF00050_8_NC_000913.3_3184369-3184918_ext_140-340_int_145_off_35_percentage_81_position_26-145 riboswitch,1954,8,1954_8
query_1955,1,riboswitch,1,riboswitch,0.9882599115371704,1955_8_RF00050_8_NC_000913.3_3184369-3184918_ext_140-340_int_145_off_40_percentage_84_position_21-145 riboswitch,1955,8,1955_8
query_1956,1,riboswitch,1,riboswitch,0.9992751479148865,1956_8_RF00050_8_NC_000913.3_3184369-3184918_ext_140-340_int_145_off_45_percentage_87_position_16-145 riboswitch,1956,8,1956_8
query_1957,1,riboswitch,1,riboswitch,0.910786509513855,1957_8_RF00050_8_NC_000913.3_3184369-3184918_ext_140-340_int_145_off_50_percentage_91_position_11-145 riboswitch,1957,8,1957_8
query_1958,1,riboswitch,1,riboswitch,0.9580090641975403,1958_8_RF00050_8_NC_000913.3_3184369-3184918_ext_140-340_int_145_off_55_percentage_94_position_6-145 riboswitch,1958,8,1958_8
query_1959,0,genomicbackground,0,genomicbackground,0.022738685831427574,1959_8_RF00050_8_NC_000913.3_3184369-3184918_ext_140-340_int_150_off_0_percentage_60_position_61-150 genomicbackground,1959,8,1959_8
query_1960,0,genomicbackground,0,genomicbackground,0.04924590140581131,1960_8_RF00050_8_NC_000913.3_3184369-3184918_ext_140-340_int_150_off_5_percentage_64_position_56-150 genomicbackground,1960,8,1960_8
query_1961,0,genomicbackground,0,genomicbackground,0.10004423558712006,1961_8_RF00050_8_NC_000913.3_3184369-3184918_ext_140-340_int_150_off_10_percentage_67_position_51-150 genomicbackground,1961,8,1961_8
query_1962,0,genomicbackground,0,genomicbackground,0.20407164096832275,1962_8_RF00050_8_NC_000913.3_3184369-3184918_ext_140-340_int_150_off_15_percentage_70_position_46-150 genomicbackground,1962,8,1962_8
query_1963,0,genomicbackground,0,genomicbackground,0.1613646298646927,1963_8_RF00050_8_NC_000913.3_3184369-3184918_ext_140-340_int_150_off_20_percentage_74_position_41-150 genomicbackground,1963,8,1963_8
query_1964,1,riboswitch,1,riboswitch,0.6379209160804749,1964_8_RF00050_8_NC_000913.3_3184369-3184918_ext_140-340_int_150_off_25_percentage_77_position_36-150 riboswitch,1964,8,1964_8
query_1965,1,riboswitch,1,riboswitch,0.9235692024230957,1965_8_RF00050_8_NC_000913.3_3184369-3184918_ext_140-340_int_150_off_30_percentage_81_position_31-150 riboswitch,1965,8,1965_8
query_1966,1,riboswitch,0,genomicbackground,0.3771638572216034,1966_8_RF00050_8_NC_000913.3_3184369-3184918_ext_140-340_int_150_off_35_percentage_84_position_26-150 riboswitch,1966,8,1966_8
query_1967,1,riboswitch,1,riboswitch,0.9905126690864563,1967_8_RF00050_8_NC_000913.3_3184369-3184918_ext_140-340_int_150_off_40_percentage_87_position_21-150 riboswitch,1967,8,1967_8
query_1968,1,riboswitch,1,riboswitch,0.9994778037071228,1968_8_RF00050_8_NC_000913.3_3184369-3184918_ext_140-340_int_150_off_45_percentage_91_position_16-150 riboswitch,1968,8,1968_8
query_1969,1,riboswitch,1,riboswitch,0.9891179203987122,1969_8_RF00050_8_NC_000913.3_3184369-3184918_ext_140-340_int_150_off_50_percentage_94_position_11-150 riboswitch,1969,8,1969_8
query_1970,0,genomicbackground,0,genomicbackground,0.03386322036385536,1970_8_RF00050_8_NC_000913.3_3184369-3184918_ext_140-340_int_155_off_0_percentage_64_position_61-155 genomicbackground,1970,8,1970_8
query_1971,0,genomicbackground,0,genomicbackground,0.03990767523646355,1971_8_RF00050_8_NC_000913.3_3184369-3184918_ext_140-340_int_155_off_5_percentage_67_position_56-155 genomicbackground,1971,8,1971_8
query_1972,0,genomicbackground,0,genomicbackground,0.14257967472076416,1972_8_RF00050_8_NC_000913.3_3184369-3184918_ext_140-340_int_155_off_10_percentage_70_position_51-155 genomicbackground,1972,8,1972_8
query_1973,0,genomicbackground,1,riboswitch,0.7732894420623779,1973_8_RF00050_8_NC_000913.3_3184369-3184918_ext_140-340_int_155_off_15_percentage_74_position_46-155 genomicbackground,1973,8,1973_8
query_1974,1,riboswitch,0,genomicbackground,0.3690890967845917,1974_8_RF00050_8_NC_000913.3_3184369-3184918_ext_140-340_int_155_off_20_percentage_77_position_41-155 riboswitch,1974,8,1974_8
query_1975,1,riboswitch,1,riboswitch,0.8205196261405945,1975_8_RF00050_8_NC_000913.3_3184369-3184918_ext_140-340_int_155_off_25_percentage_81_position_36-155 riboswitch,1975,8,1975_8
query_1976,1,riboswitch,1,riboswitch,0.9397143125534058,1976_8_RF00050_8_NC_000913.3_3184369-3184918_ext_140-340_int_155_off_30_percentage_84_position_31-155 riboswitch,1976,8,1976_8
query_1977,1,riboswitch,0,genomicbackground,0.4945753216743469,1977_8_RF00050_8_NC_000913.3_3184369-3184918_ext_140-340_int_155_off_35_percentage_87_position_26-155 riboswitch,1977,8,1977_8
query_1978,1,riboswitch,1,riboswitch,0.9945809245109558,1978_8_RF00050_8_NC_000913.3_3184369-3184918_ext_140-340_int_155_off_40_percentage_91_position_21-155 riboswitch,1978,8,1978_8
query_1979,1,riboswitch,1,riboswitch,0.971132755279541,1979_8_RF00050_8_NC_000913.3_3184369-3184918_ext_140-340_int_155_off_45_percentage_94_position_16-155 riboswitch,1979,8,1979_8
query_1980,0,genomicbackground,0,genomicbackground,0.029122155159711838,1980_8_RF00050_8_NC_000913.3_3184369-3184918_ext_140-340_int_160_off_0_percentage_67_position_61-160 genomicbackground,1980,8,1980_8
query_1981,0,genomicbackground,0,genomicbackground,0.05161753296852112,1981_8_RF00050_8_NC_000913.3_3184369-3184918_ext_140-340_int_160_off_5_percentage_70_position_56-160 genomicbackground,1981,8,1981_8
query_1982,0,genomicbackground,1,riboswitch,0.7697166800498962,1982_8_RF00050_8_NC_000913.3_3184369-3184918_ext_140-340_int_160_off_10_percentage_74_position_51-160 genomicbackground,1982,8,1982_8
query_1983,1,riboswitch,0,genomicbackground,0.3417551815509796,1983_8_RF00050_8_NC_000913.3_3184369-3184918_ext_140-340_int_160_off_15_percentage_77_position_46-160 riboswitch,1983,8,1983_8
query_1984,1,riboswitch,1,riboswitch,0.630236029624939,1984_8_RF00050_8_NC_000913.3_3184369-3184918_ext_140-340_int_160_off_20_percentage_81_position_41-160 riboswitch,1984,8,1984_8
query_1985,1,riboswitch,1,riboswitch,0.8668867349624634,1985_8_RF00050_8_NC_000913.3_3184369-3184918_ext_140-340_int_160_off_25_percentage_84_position_36-160 riboswitch,1985,8,1985_8
query_1986,1,riboswitch,1,riboswitch,0.9161048531532288,1986_8_RF00050_8_NC_000913.3_3184369-3184918_ext_140-340_int_160_off_30_percentage_87_position_31-160 riboswitch,1986,8,1986_8
query_1987,1,riboswitch,1,riboswitch,0.8681763410568237,1987_8_RF00050_8_NC_000913.3_3184369-3184918_ext_140-340_int_160_off_35_percentage_91_position_26-160 riboswitch,1987,8,1987_8
query_1988,1,riboswitch,1,riboswitch,0.9568462371826172,1988_8_RF00050_8_NC_000913.3_3184369-3184918_ext_140-340_int_160_off_40_percentage_94_position_21-160 riboswitch,1988,8,1988_8
query_1989,0,genomicbackground,0,genomicbackground,0.03374096378684044,1989_8_RF00050_8_NC_000913.3_3184369-3184918_ext_140-340_int_165_off_0_percentage_70_position_61-165 genomicbackground,1989,8,1989_8
query_1990,0,genomicbackground,0,genomicbackground,0.25970372557640076,1990_8_RF00050_8_NC_000913.3_3184369-3184918_ext_140-340_int_165_off_5_percentage_74_position_56-165 genomicbackground,1990,8,1990_8
query_1991,1,riboswitch,0,genomicbackground,0.3223012685775757,1991_8_RF00050_8_NC_000913.3_3184369-3184918_ext_140-340_int_165_off_10_percentage_77_position_51-165 riboswitch,1991,8,1991_8
query_1992,1,riboswitch,1,riboswitch,0.764288067817688,1992_8_RF00050_8_NC_000913.3_3184369-3184918_ext_140-340_int_165_off_15_percentage_81_position_46-165 riboswitch,1992,8,1992_8
query_1993,1,riboswitch,1,riboswitch,0.8493515849113464,1993_8_RF00050_8_NC_000913.3_3184369-3184918_ext_140-340_int_165_off_20_percentage_84_position_41-165 riboswitch,1993,8,1993_8
query_1994,1,riboswitch,1,riboswitch,0.8886287808418274,1994_8_RF00050_8_NC_000913.3_3184369-3184918_ext_140-340_int_165_off_25_percentage_87_position_36-165 riboswitch,1994,8,1994_8
query_1995,1,riboswitch,1,riboswitch,0.9857320189476013,1995_8_RF00050_8_NC_000913.3_3184369-3184918_ext_140-340_int_165_off_30_percentage_91_position_31-165 riboswitch,1995,8,1995_8
query_1996,1,riboswitch,1,riboswitch,0.8474880456924438,1996_8_RF00050_8_NC_000913.3_3184369-3184918_ext_140-340_int_165_off_35_percentage_94_position_26-165 riboswitch,1996,8,1996_8
query_1997,0,genomicbackground,0,genomicbackground,0.12531405687332153,1997_8_RF00050_8_NC_000913.3_3184369-3184918_ext_140-340_int_170_off_0_percentage_74_position_61-170 genomicbackground,1997,8,1997_8
query_1998,1,riboswitch,0,genomicbackground,0.1388283222913742,1998_8_RF00050_8_NC_000913.3_3184369-3184918_ext_140-340_int_170_off_5_percentage_77_position_56-170 riboswitch,1998,8,1998_8
query_1999,1,riboswitch,1,riboswitch,0.722143828868866,1999_8_RF00050_8_NC_000913.3_3184369-3184918_ext_140-340_int_170_off_10_percentage_81_position_51-170 riboswitch,1999,8,1999_8
query_2000,1,riboswitch,1,riboswitch,0.8698632717132568,2000_8_RF00050_8_NC_000913.3_3184369-3184918_ext_140-340_int_170_off_15_percentage_84_position_46-170 riboswitch,2000,8,2000_8
query_2001,1,riboswitch,1,riboswitch,0.9216552972793579,2001_8_RF00050_8_NC_000913.3_3184369-3184918_ext_140-340_int_170_off_20_percentage_87_position_41-170 riboswitch,2001,8,2001_8
query_2002,1,riboswitch,1,riboswitch,0.9332776069641113,2002_8_RF00050_8_NC_000913.3_3184369-3184918_ext_140-340_int_170_off_25_percentage_91_position_36-170 riboswitch,2002,8,2002_8
query_2003,1,riboswitch,1,riboswitch,0.9654837846755981,2003_8_RF00050_8_NC_000913.3_3184369-3184918_ext_140-340_int_170_off_30_percentage_94_position_31-170 riboswitch,2003,8,2003_8
query_2004,1,riboswitch,0,genomicbackground,0.11283421516418457,2004_8_RF00050_8_NC_000913.3_3184369-3184918_ext_140-340_int_175_off_0_percentage_77_position_61-175 riboswitch,2004,8,2004_8
query_2005,1,riboswitch,0,genomicbackground,0.486931174993515,2005_8_RF00050_8_NC_000913.3_3184369-3184918_ext_140-340_int_175_off_5_percentage_81_position_56-175 riboswitch,2005,8,2005_8
query_2006,1,riboswitch,1,riboswitch,0.6877251267433167,2006_8_RF00050_8_NC_000913.3_3184369-3184918_ext_140-340_int_175_off_10_percentage_84_position_51-175 riboswitch,2006,8,2006_8
query_2007,1,riboswitch,1,riboswitch,0.965596616268158,2007_8_RF00050_8_NC_000913.3_3184369-3184918_ext_140-340_int_175_off_15_percentage_87_position_46-175 riboswitch,2007,8,2007_8
query_2008,1,riboswitch,1,riboswitch,0.829785168170929,2008_8_RF00050_8_NC_000913.3_3184369-3184918_ext_140-340_int_175_off_20_percentage_91_position_41-175 riboswitch,2008,8,2008_8
query_2009,1,riboswitch,1,riboswitch,0.9464823603630066,2009_8_RF00050_8_NC_000913.3_3184369-3184918_ext_140-340_int_175_off_25_percentage_94_position_36-175 riboswitch,2009,8,2009_8
query_2010,1,riboswitch,0,genomicbackground,0.2985592484474182,2010_8_RF00050_8_NC_000913.3_3184369-3184918_ext_140-340_int_180_off_0_percentage_81_position_61-180 riboswitch,2010,8,2010_8
query_2011,1,riboswitch,0,genomicbackground,0.19221718609333038,2011_8_RF00050_8_NC_000913.3_3184369-3184918_ext_140-340_int_180_off_5_percentage_84_position_56-180 riboswitch,2011,8,2011_8
query_2012,1,riboswitch,1,riboswitch,0.9350584149360657,2012_8_RF00050_8_NC_000913.3_3184369-3184918_ext_140-340_int_180_off_10_percentage_87_position_51-180 riboswitch,2012,8,2012_8
query_2013,1,riboswitch,1,riboswitch,0.7906060218811035,2013_8_RF00050_8_NC_000913.3_3184369-3184918_ext_140-340_int_180_off_15_percentage_91_position_46-180 riboswitch,2013,8,2013_8
query_2014,1,riboswitch,1,riboswitch,0.8426090478897095,2014_8_RF00050_8_NC_000913.3_3184369-3184918_ext_140-340_int_180_off_20_percentage_94_position_41-180 riboswitch,2014,8,2014_8
query_2015,1,riboswitch,0,genomicbackground,0.25711125135421753,2015_8_RF00050_8_NC_000913.3_3184369-3184918_ext_140-340_int_185_off_0_percentage_84_position_61-185 riboswitch,2015,8,2015_8
query_2016,1,riboswitch,1,riboswitch,0.7568821907043457,2016_8_RF00050_8_NC_000913.3_3184369-3184918_ext_140-340_int_185_off_5_percentage_87_position_56-185 riboswitch,2016,8,2016_8
query_2017,1,riboswitch,1,riboswitch,0.781578004360199,2017_8_RF00050_8_NC_000913.3_3184369-3184918_ext_140-340_int_185_off_10_percentage_91_position_51-185 riboswitch,2017,8,2017_8
query_2018,1,riboswitch,1,riboswitch,0.8077102899551392,2018_8_RF00050_8_NC_000913.3_3184369-3184918_ext_140-340_int_185_off_15_percentage_94_position_46-185 riboswitch,2018,8,2018_8
query_2019,1,riboswitch,1,riboswitch,0.5893547534942627,2019_8_RF00050_8_NC_000913.3_3184369-3184918_ext_140-340_int_190_off_0_percentage_87_position_61-190 riboswitch,2019,8,2019_8
query_2020,1,riboswitch,1,riboswitch,0.5187370181083679,2020_8_RF00050_8_NC_000913.3_3184369-3184918_ext_140-340_int_190_off_5_percentage_91_position_56-190 riboswitch,2020,8,2020_8
query_2021,1,riboswitch,1,riboswitch,0.7883024215698242,2021_8_RF00050_8_NC_000913.3_3184369-3184918_ext_140-340_int_190_off_10_percentage_94_position_51-190 riboswitch,2021,8,2021_8
query_2022,1,riboswitch,0,genomicbackground,0.3283189833164215,2022_8_RF00050_8_NC_000913.3_3184369-3184918_ext_140-340_int_195_off_0_percentage_91_position_61-195 riboswitch,2022,8,2022_8
query_2023,1,riboswitch,0,genomicbackground,0.4882526993751526,2023_8_RF00050_8_NC_000913.3_3184369-3184918_ext_140-340_int_195_off_5_percentage_94_position_56-195 riboswitch,2023,8,2023_8
query_2024,1,riboswitch,0,genomicbackground,0.45615413784980774,2024_8_RF00050_8_NC_000913.3_3184369-3184918_ext_140-340_int_200_off_0_percentage_94_position_61-200 riboswitch,2024,8,2024_8
query_2025,0,genomicbackground,0,genomicbackground,0.08554825931787491,2025_8_RF00050_8_NC_000913.3_3184369-3184918_ext_160-360_int_95_off_0_percentage_37_position_41-95 genomicbackground,2025,8,2025_8
query_2026,0,genomicbackground,0,genomicbackground,0.10055084526538849,2026_8_RF00050_8_NC_000913.3_3184369-3184918_ext_160-360_int_95_off_5_percentage_40_position_36-95 genomicbackground,2026,8,2026_8
query_2027,0,genomicbackground,0,genomicbackground,0.2259976863861084,2027_8_RF00050_8_NC_000913.3_3184369-3184918_ext_160-360_int_95_off_10_percentage_44_position_31-95 genomicbackground,2027,8,2027_8
query_2028,0,genomicbackground,0,genomicbackground,0.016967976465821266,2028_8_RF00050_8_NC_000913.3_3184369-3184918_ext_160-360_int_95_off_15_percentage_47_position_26-95 genomicbackground,2028,8,2028_8
query_2029,0,genomicbackground,0,genomicbackground,0.036257315427064896,2029_8_RF00050_8_NC_000913.3_3184369-3184918_ext_160-360_int_95_off_20_percentage_50_position_21-95 genomicbackground,2029,8,2029_8
query_2030,0,genomicbackground,0,genomicbackground,0.19865106046199799,2030_8_RF00050_8_NC_000913.3_3184369-3184918_ext_160-360_int_95_off_25_percentage_54_position_16-95 genomicbackground,2030,8,2030_8
query_2031,0,genomicbackground,0,genomicbackground,0.2849458158016205,2031_8_RF00050_8_NC_000913.3_3184369-3184918_ext_160-360_int_95_off_30_percentage_57_position_11-95 genomicbackground,2031,8,2031_8
query_2032,0,genomicbackground,0,genomicbackground,0.19945497810840607,2032_8_RF00050_8_NC_000913.3_3184369-3184918_ext_160-360_int_95_off_35_percentage_60_position_6-95 genomicbackground,2032,8,2032_8
query_2033,0,genomicbackground,1,riboswitch,0.9059815406799316,2033_8_RF00050_8_NC_000913.3_3184369-3184918_ext_160-360_int_95_off_40_percentage_64_position_1-95 genomicbackground,2033,8,2033_8
query_2034,0,genomicbackground,1,riboswitch,0.5719267725944519,2034_8_RF00050_8_NC_000913.3_3184369-3184918_ext_160-360_int_95_off_45_percentage_64_position_1-95 genomicbackground,2034,8,2034_8
query_2035,0,genomicbackground,1,riboswitch,0.8850573301315308,2035_8_RF00050_8_NC_000913.3_3184369-3184918_ext_160-360_int_95_off_50_percentage_64_position_1-95 genomicbackground,2035,8,2035_8
query_2036,0,genomicbackground,1,riboswitch,0.5874842405319214,2036_8_RF00050_8_NC_000913.3_3184369-3184918_ext_160-360_int_95_off_55_percentage_64_position_1-95 genomicbackground,2036,8,2036_8
query_2037,0,genomicbackground,0,genomicbackground,0.011819771490991116,2037_8_RF00050_8_NC_000913.3_3184369-3184918_ext_160-360_int_95_off_60_percentage_64_position_1-95 genomicbackground,2037,8,2037_8
query_2038,0,genomicbackground,1,riboswitch,0.9386395812034607,2038_8_RF00050_8_NC_000913.3_3184369-3184918_ext_160-360_int_95_off_65_percentage_64_position_1-95 genomicbackground,2038,8,2038_8
query_2039,0,genomicbackground,1,riboswitch,0.9651657938957214,2039_8_RF00050_8_NC_000913.3_3184369-3184918_ext_160-360_int_95_off_70_percentage_64_position_1-95 genomicbackground,2039,8,2039_8
query_2040,0,genomicbackground,1,riboswitch,0.9140080809593201,2040_8_RF00050_8_NC_000913.3_3184369-3184918_ext_160-360_int_95_off_75_percentage_64_position_1-95 genomicbackground,2040,8,2040_8
query_2041,0,genomicbackground,1,riboswitch,0.9718285202980042,2041_8_RF00050_8_NC_000913.3_3184369-3184918_ext_160-360_int_95_off_80_percentage_64_position_1-95 genomicbackground,2041,8,2041_8
query_2042,0,genomicbackground,1,riboswitch,0.9866622090339661,2042_8_RF00050_8_NC_000913.3_3184369-3184918_ext_160-360_int_95_off_85_percentage_64_position_1-95 genomicbackground,2042,8,2042_8
query_2043,0,genomicbackground,1,riboswitch,0.9881259202957153,2043_8_RF00050_8_NC_000913.3_3184369-3184918_ext_160-360_int_95_off_90_percentage_64_position_1-95 genomicbackground,2043,8,2043_8
query_2044,0,genomicbackground,1,riboswitch,0.9888206720352173,2044_8_RF00050_8_NC_000913.3_3184369-3184918_ext_160-360_int_95_off_95_percentage_63_position_1-94 genomicbackground,2044,8,2044_8
query_2045,0,genomicbackground,1,riboswitch,0.995650589466095,2045_8_RF00050_8_NC_000913.3_3184369-3184918_ext_160-360_int_95_off_100_percentage_60_position_1-89 genomicbackground,2045,8,2045_8
query_2046,0,genomicbackground,1,riboswitch,0.9837770462036133,2046_8_RF00050_8_NC_000913.3_3184369-3184918_ext_160-360_int_95_off_105_percentage_56_position_1-84 genomicbackground,2046,8,2046_8
query_2047,0,genomicbackground,0,genomicbackground,0.039695803076028824,2047_8_RF00050_8_NC_000913.3_3184369-3184918_ext_160-360_int_100_off_0_percentage_40_position_41-100 genomicbackground,2047,8,2047_8
query_2048,0,genomicbackground,0,genomicbackground,0.07614398002624512,2048_8_RF00050_8_NC_000913.3_3184369-3184918_ext_160-360_int_100_off_5_percentage_44_position_36-100 genomicbackground,2048,8,2048_8
query_2049,0,genomicbackground,0,genomicbackground,0.09382448345422745,2049_8_RF00050_8_NC_000913.3_3184369-3184918_ext_160-360_int_100_off_10_percentage_47_position_31-100 genomicbackground,2049,8,2049_8
query_2050,0,genomicbackground,0,genomicbackground,0.037317294627428055,2050_8_RF00050_8_NC_000913.3_3184369-3184918_ext_160-360_int_100_off_15_percentage_50_position_26-100 genomicbackground,2050,8,2050_8
query_2051,0,genomicbackground,0,genomicbackground,0.04678072780370712,2051_8_RF00050_8_NC_000913.3_3184369-3184918_ext_160-360_int_100_off_20_percentage_54_position_21-100 genomicbackground,2051,8,2051_8
query_2052,0,genomicbackground,0,genomicbackground,0.3057084381580353,2052_8_RF00050_8_NC_000913.3_3184369-3184918_ext_160-360_int_100_off_25_percentage_57_position_16-100 genomicbackground,2052,8,2052_8
query_2053,0,genomicbackground,0,genomicbackground,0.33314749598503113,2053_8_RF00050_8_NC_000913.3_3184369-3184918_ext_160-360_int_100_off_30_percentage_60_position_11-100 genomicbackground,2053,8,2053_8
query_2054,0,genomicbackground,0,genomicbackground,0.3072824478149414,2054_8_RF00050_8_NC_000913.3_3184369-3184918_ext_160-360_int_100_off_35_percentage_64_position_6-100 genomicbackground,2054,8,2054_8
query_2055,0,genomicbackground,1,riboswitch,0.8230326175689697,2055_8_RF00050_8_NC_000913.3_3184369-3184918_ext_160-360_int_100_off_40_percentage_67_position_1-100 genomicbackground,2055,8,2055_8
query_2056,0,genomicbackground,1,riboswitch,0.8606820106506348,2056_8_RF00050_8_NC_000913.3_3184369-3184918_ext_160-360_int_100_off_45_percentage_67_position_1-100 genomicbackground,2056,8,2056_8
query_2057,0,genomicbackground,1,riboswitch,0.9227193593978882,2057_8_RF00050_8_NC_000913.3_3184369-3184918_ext_160-360_int_100_off_50_percentage_67_position_1-100 genomicbackground,2057,8,2057_8
query_2058,0,genomicbackground,0,genomicbackground,0.3671114146709442,2058_8_RF00050_8_NC_000913.3_3184369-3184918_ext_160-360_int_100_off_55_percentage_67_position_1-100 genomicbackground,2058,8,2058_8
query_2059,0,genomicbackground,0,genomicbackground,0.38357898592948914,2059_8_RF00050_8_NC_000913.3_3184369-3184918_ext_160-360_int_100_off_60_percentage_67_position_1-100 genomicbackground,2059,8,2059_8
query_2060,0,genomicbackground,1,riboswitch,0.9274774789810181,2060_8_RF00050_8_NC_000913.3_3184369-3184918_ext_160-360_int_100_off_65_percentage_67_position_1-100 genomicbackground,2060,8,2060_8
query_2061,0,genomicbackground,1,riboswitch,0.9618979096412659,2061_8_RF00050_8_NC_000913.3_3184369-3184918_ext_160-360_int_100_off_70_percentage_67_position_1-100 genomicbackground,2061,8,2061_8
query_2062,0,genomicbackground,1,riboswitch,0.9838991165161133,2062_8_RF00050_8_NC_000913.3_3184369-3184918_ext_160-360_int_100_off_75_percentage_67_position_1-100 genomicbackground,2062,8,2062_8
query_2063,0,genomicbackground,1,riboswitch,0.9811819195747375,2063_8_RF00050_8_NC_000913.3_3184369-3184918_ext_160-360_int_100_off_80_percentage_67_position_1-100 genomicbackground,2063,8,2063_8
query_2064,0,genomicbackground,1,riboswitch,0.9882057905197144,2064_8_RF00050_8_NC_000913.3_3184369-3184918_ext_160-360_int_100_off_85_percentage_67_position_1-100 genomicbackground,2064,8,2064_8
query_2065,0,genomicbackground,1,riboswitch,0.9954171180725098,2065_8_RF00050_8_NC_000913.3_3184369-3184918_ext_160-360_int_100_off_90_percentage_66_position_1-99 genomicbackground,2065,8,2065_8
query_2066,0,genomicbackground,1,riboswitch,0.9882681965827942,2066_8_RF00050_8_NC_000913.3_3184369-3184918_ext_160-360_int_100_off_95_percentage_63_position_1-94 genomicbackground,2066,8,2066_8
query_2067,0,genomicbackground,1,riboswitch,0.9950189590454102,2067_8_RF00050_8_NC_000913.3_3184369-3184918_ext_160-360_int_100_off_100_percentage_60_position_1-89 genomicbackground,2067,8,2067_8
query_2068,0,genomicbackground,0,genomicbackground,0.45793020725250244,2068_8_RF00050_8_NC_000913.3_3184369-3184918_ext_160-360_int_105_off_0_percentage_44_position_41-105 genomicbackground,2068,8,2068_8
query_2069,0,genomicbackground,0,genomicbackground,0.33532285690307617,2069_8_RF00050_8_NC_000913.3_3184369-3184918_ext_160-360_int_105_off_5_percentage_47_position_36-105 genomicbackground,2069,8,2069_8
query_2070,0,genomicbackground,0,genomicbackground,0.043600939214229584,2070_8_RF00050_8_NC_000913.3_3184369-3184918_ext_160-360_int_105_off_10_percentage_50_position_31-105 genomicbackground,2070,8,2070_8
query_2071,0,genomicbackground,0,genomicbackground,0.07333412021398544,2071_8_RF00050_8_NC_000913.3_3184369-3184918_ext_160-360_int_105_off_15_percentage_54_position_26-105 genomicbackground,2071,8,2071_8
query_2072,0,genomicbackground,0,genomicbackground,0.08247636258602142,2072_8_RF00050_8_NC_000913.3_3184369-3184918_ext_160-360_int_105_off_20_percentage_57_position_21-105 genomicbackground,2072,8,2072_8
query_2073,0,genomicbackground,0,genomicbackground,0.3291028141975403,2073_8_RF00050_8_NC_000913.3_3184369-3184918_ext_160-360_int_105_off_25_percentage_60_position_16-105 genomicbackground,2073,8,2073_8
query_2074,0,genomicbackground,0,genomicbackground,0.4731079041957855,2074_8_RF00050_8_NC_000913.3_3184369-3184918_ext_160-360_int_105_off_30_percentage_64_position_11-105 genomicbackground,2074,8,2074_8
query_2075,0,genomicbackground,0,genomicbackground,0.19928716123104095,2075_8_RF00050_8_NC_000913.3_3184369-3184918_ext_160-360_int_105_off_35_percentage_67_position_6-105 genomicbackground,2075,8,2075_8
query_2076,0,genomicbackground,1,riboswitch,0.9837252497673035,2076_8_RF00050_8_NC_000913.3_3184369-3184918_ext_160-360_int_105_off_40_percentage_70_position_1-105 genomicbackground,2076,8,2076_8
query_2077,0,genomicbackground,1,riboswitch,0.9085557460784912,2077_8_RF00050_8_NC_000913.3_3184369-3184918_ext_160-360_int_105_off_45_percentage_70_position_1-105 genomicbackground,2077,8,2077_8
query_2078,0,genomicbackground,1,riboswitch,0.898851215839386,2078_8_RF00050_8_NC_000913.3_3184369-3184918_ext_160-360_int_105_off_50_percentage_70_position_1-105 genomicbackground,2078,8,2078_8
query_2079,0,genomicbackground,1,riboswitch,0.9019498229026794,2079_8_RF00050_8_NC_000913.3_3184369-3184918_ext_160-360_int_105_off_55_percentage_70_position_1-105 genomicbackground,2079,8,2079_8
query_2080,0,genomicbackground,0,genomicbackground,0.4754340946674347,2080_8_RF00050_8_NC_000913.3_3184369-3184918_ext_160-360_int_105_off_60_percentage_70_position_1-105 genomicbackground,2080,8,2080_8
query_2081,0,genomicbackground,1,riboswitch,0.9537354707717896,2081_8_RF00050_8_NC_000913.3_3184369-3184918_ext_160-360_int_105_off_65_percentage_70_position_1-105 genomicbackground,2081,8,2081_8
query_2082,0,genomicbackground,1,riboswitch,0.96180659532547,2082_8_RF00050_8_NC_000913.3_3184369-3184918_ext_160-360_int_105_off_70_percentage_70_position_1-105 genomicbackground,2082,8,2082_8
query_2083,0,genomicbackground,1,riboswitch,0.9799546599388123,2083_8_RF00050_8_NC_000913.3_3184369-3184918_ext_160-360_int_105_off_75_percentage_70_position_1-105 genomicbackground,2083,8,2083_8
query_2084,0,genomicbackground,1,riboswitch,0.986234724521637,2084_8_RF00050_8_NC_000913.3_3184369-3184918_ext_160-360_int_105_off_80_percentage_70_position_1-105 genomicbackground,2084,8,2084_8
query_2085,0,genomicbackground,1,riboswitch,0.9873037934303284,2085_8_RF00050_8_NC_000913.3_3184369-3184918_ext_160-360_int_105_off_85_percentage_70_position_1-104 genomicbackground,2085,8,2085_8
query_2086,0,genomicbackground,1,riboswitch,0.9874229431152344,2086_8_RF00050_8_NC_000913.3_3184369-3184918_ext_160-360_int_105_off_90_percentage_66_position_1-99 genomicbackground,2086,8,2086_8
query_2087,0,genomicbackground,1,riboswitch,0.9860498309135437,2087_8_RF00050_8_NC_000913.3_3184369-3184918_ext_160-360_int_105_off_95_percentage_63_position_1-94 genomicbackground,2087,8,2087_8
query_2088,0,genomicbackground,0,genomicbackground,0.10092540830373764,2088_8_RF00050_8_NC_000913.3_3184369-3184918_ext_160-360_int_110_off_0_percentage_47_position_41-110 genomicbackground,2088,8,2088_8
query_2089,0,genomicbackground,0,genomicbackground,0.10279469192028046,2089_8_RF00050_8_NC_000913.3_3184369-3184918_ext_160-360_int_110_off_5_percentage_50_position_36-110 genomicbackground,2089,8,2089_8
query_2090,0,genomicbackground,0,genomicbackground,0.03434351831674576,2090_8_RF00050_8_NC_000913.3_3184369-3184918_ext_160-360_int_110_off_10_percentage_54_position_31-110 genomicbackground,2090,8,2090_8
query_2091,0,genomicbackground,0,genomicbackground,0.06523525714874268,2091_8_RF00050_8_NC_000913.3_3184369-3184918_ext_160-360_int_110_off_15_percentage_57_position_26-110 genomicbackground,2091,8,2091_8
query_2092,0,genomicbackground,0,genomicbackground,0.07899295538663864,2092_8_RF00050_8_NC_000913.3_3184369-3184918_ext_160-360_int_110_off_20_percentage_60_position_21-110 genomicbackground,2092,8,2092_8
query_2093,0,genomicbackground,0,genomicbackground,0.4574594795703888,2093_8_RF00050_8_NC_000913.3_3184369-3184918_ext_160-360_int_110_off_25_percentage_64_position_16-110 genomicbackground,2093,8,2093_8
query_2094,0,genomicbackground,0,genomicbackground,0.3199256360530853,2094_8_RF00050_8_NC_000913.3_3184369-3184918_ext_160-360_int_110_off_30_percentage_67_position_11-110 genomicbackground,2094,8,2094_8
query_2095,0,genomicbackground,0,genomicbackground,0.36739638447761536,2095_8_RF00050_8_NC_000913.3_3184369-3184918_ext_160-360_int_110_off_35_percentage_70_position_6-110 genomicbackground,2095,8,2095_8
query_2096,0,genomicbackground,1,riboswitch,0.9844290018081665,2096_8_RF00050_8_NC_000913.3_3184369-3184918_ext_160-360_int_110_off_40_percentage_74_position_1-110 genomicbackground,2096,8,2096_8
query_2097,0,genomicbackground,1,riboswitch,0.8465543389320374,2097_8_RF00050_8_NC_000913.3_3184369-3184918_ext_160-360_int_110_off_45_percentage_74_position_1-110 genomicbackground,2097,8,2097_8
query_2098,0,genomicbackground,1,riboswitch,0.9651883244514465,2098_8_RF00050_8_NC_000913.3_3184369-3184918_ext_160-360_int_110_off_50_percentage_74_position_1-110 genomicbackground,2098,8,2098_8
query_2099,0,genomicbackground,1,riboswitch,0.81409752368927,2099_8_RF00050_8_NC_000913.3_3184369-3184918_ext_160-360_int_110_off_55_percentage_74_position_1-110 genomicbackground,2099,8,2099_8
query_2100,0,genomicbackground,1,riboswitch,0.9520436525344849,2100_8_RF00050_8_NC_000913.3_3184369-3184918_ext_160-360_int_110_off_60_percentage_74_position_1-110 genomicbackground,2100,8,2100_8
query_2101,0,genomicbackground,1,riboswitch,0.8897989392280579,2101_8_RF00050_8_NC_000913.3_3184369-3184918_ext_160-360_int_110_off_65_percentage_74_position_1-110 genomicbackground,2101,8,2101_8
query_2102,0,genomicbackground,1,riboswitch,0.937981128692627,2102_8_RF00050_8_NC_000913.3_3184369-3184918_ext_160-360_int_110_off_70_percentage_74_position_1-110 genomicbackground,2102,8,2102_8
query_2103,0,genomicbackground,1,riboswitch,0.9847602248191833,2103_8_RF00050_8_NC_000913.3_3184369-3184918_ext_160-360_int_110_off_75_percentage_74_position_1-110 genomicbackground,2103,8,2103_8
query_2104,0,genomicbackground,1,riboswitch,0.9866272807121277,2104_8_RF00050_8_NC_000913.3_3184369-3184918_ext_160-360_int_110_off_80_percentage_73_position_1-109 genomicbackground,2104,8,2104_8
query_2105,0,genomicbackground,1,riboswitch,0.9877123236656189,2105_8_RF00050_8_NC_000913.3_3184369-3184918_ext_160-360_int_110_off_85_percentage_70_position_1-104 genomicbackground,2105,8,2105_8
query_2106,0,genomicbackground,1,riboswitch,0.9846876263618469,2106_8_RF00050_8_NC_000913.3_3184369-3184918_ext_160-360_int_110_off_90_percentage_66_position_1-99 genomicbackground,2106,8,2106_8
query_2107,0,genomicbackground,0,genomicbackground,0.03789597749710083,2107_8_RF00050_8_NC_000913.3_3184369-3184918_ext_160-360_int_115_off_0_percentage_50_position_41-115 genomicbackground,2107,8,2107_8
query_2108,0,genomicbackground,0,genomicbackground,0.2782493829727173,2108_8_RF00050_8_NC_000913.3_3184369-3184918_ext_160-360_int_115_off_5_percentage_54_position_36-115 genomicbackground,2108,8,2108_8
query_2109,0,genomicbackground,0,genomicbackground,0.017193328589200974,2109_8_RF00050_8_NC_000913.3_3184369-3184918_ext_160-360_int_115_off_10_percentage_57_position_31-115 genomicbackground,2109,8,2109_8
query_2110,0,genomicbackground,0,genomicbackground,0.02660164050757885,2110_8_RF00050_8_NC_000913.3_3184369-3184918_ext_160-360_int_115_off_15_percentage_60_position_26-115 genomicbackground,2110,8,2110_8
query_2111,0,genomicbackground,1,riboswitch,0.7491800785064697,2111_8_RF00050_8_NC_000913.3_3184369-3184918_ext_160-360_int_115_off_20_percentage_64_position_21-115 genomicbackground,2111,8,2111_8
query_2112,0,genomicbackground,0,genomicbackground,0.31911352276802063,2112_8_RF00050_8_NC_000913.3_3184369-3184918_ext_160-360_int_115_off_25_percentage_67_position_16-115 genomicbackground,2112,8,2112_8
query_2113,0,genomicbackground,0,genomicbackground,0.23695316910743713,2113_8_RF00050_8_NC_000913.3_3184369-3184918_ext_160-360_int_115_off_30_percentage_70_position_11-115 genomicbackground,2113,8,2113_8
query_2114,0,genomicbackground,1,riboswitch,0.6074466109275818,2114_8_RF00050_8_NC_000913.3_3184369-3184918_ext_160-360_int_115_off_35_percentage_74_position_6-115 genomicbackground,2114,8,2114_8
query_2115,1,riboswitch,1,riboswitch,0.9486901760101318,2115_8_RF00050_8_NC_000913.3_3184369-3184918_ext_160-360_int_115_off_40_percentage_77_position_1-115 riboswitch,2115,8,2115_8
query_2116,1,riboswitch,1,riboswitch,0.9657943844795227,2116_8_RF00050_8_NC_000913.3_3184369-3184918_ext_160-360_int_115_off_45_percentage_77_position_1-115 riboswitch,2116,8,2116_8
query_2117,1,riboswitch,1,riboswitch,0.9575849771499634,2117_8_RF00050_8_NC_000913.3_3184369-3184918_ext_160-360_int_115_off_50_percentage_77_position_1-115 riboswitch,2117,8,2117_8
query_2118,1,riboswitch,1,riboswitch,0.7915157079696655,2118_8_RF00050_8_NC_000913.3_3184369-3184918_ext_160-360_int_115_off_55_percentage_77_position_1-115 riboswitch,2118,8,2118_8
query_2119,1,riboswitch,0,genomicbackground,0.39166533946990967,2119_8_RF00050_8_NC_000913.3_3184369-3184918_ext_160-360_int_115_off_60_percentage_77_position_1-115 riboswitch,2119,8,2119_8
query_2120,1,riboswitch,1,riboswitch,0.9915733933448792,2120_8_RF00050_8_NC_000913.3_3184369-3184918_ext_160-360_int_115_off_65_percentage_77_position_1-115 riboswitch,2120,8,2120_8
query_2121,1,riboswitch,1,riboswitch,0.9770219922065735,2121_8_RF00050_8_NC_000913.3_3184369-3184918_ext_160-360_int_115_off_70_percentage_77_position_1-115 riboswitch,2121,8,2121_8
query_2122,1,riboswitch,1,riboswitch,0.9852105975151062,2122_8_RF00050_8_NC_000913.3_3184369-3184918_ext_160-360_int_115_off_75_percentage_77_position_1-114 riboswitch,2122,8,2122_8
query_2123,0,genomicbackground,1,riboswitch,0.9851013422012329,2123_8_RF00050_8_NC_000913.3_3184369-3184918_ext_160-360_int_115_off_80_percentage_73_position_1-109 genomicbackground,2123,8,2123_8
query_2124,0,genomicbackground,1,riboswitch,0.9856512546539307,2124_8_RF00050_8_NC_000913.3_3184369-3184918_ext_160-360_int_115_off_85_percentage_70_position_1-104 genomicbackground,2124,8,2124_8
query_2125,0,genomicbackground,0,genomicbackground,0.13761447370052338,2125_8_RF00050_8_NC_000913.3_3184369-3184918_ext_160-360_int_120_off_0_percentage_54_position_41-120 genomicbackground,2125,8,2125_8
query_2126,0,genomicbackground,0,genomicbackground,0.36957305669784546,2126_8_RF00050_8_NC_000913.3_3184369-3184918_ext_160-360_int_120_off_5_percentage_57_position_36-120 genomicbackground,2126,8,2126_8
query_2127,0,genomicbackground,0,genomicbackground,0.125369131565094,2127_8_RF00050_8_NC_000913.3_3184369-3184918_ext_160-360_int_120_off_10_percentage_60_position_31-120 genomicbackground,2127,8,2127_8
query_2128,0,genomicbackground,0,genomicbackground,0.03934965282678604,2128_8_RF00050_8_NC_000913.3_3184369-3184918_ext_160-360_int_120_off_15_percentage_64_position_26-120 genomicbackground,2128,8,2128_8
query_2129,0,genomicbackground,1,riboswitch,0.6316366195678711,2129_8_RF00050_8_NC_000913.3_3184369-3184918_ext_160-360_int_120_off_20_percentage_67_position_21-120 genomicbackground,2129,8,2129_8
query_2130,0,genomicbackground,1,riboswitch,0.9045547246932983,2130_8_RF00050_8_NC_000913.3_3184369-3184918_ext_160-360_int_120_off_25_percentage_70_position_16-120 genomicbackground,2130,8,2130_8
query_2131,0,genomicbackground,0,genomicbackground,0.24856679141521454,2131_8_RF00050_8_NC_000913.3_3184369-3184918_ext_160-360_int_120_off_30_percentage_74_position_11-120 genomicbackground,2131,8,2131_8
query_2132,1,riboswitch,1,riboswitch,0.5759454965591431,2132_8_RF00050_8_NC_000913.3_3184369-3184918_ext_160-360_int_120_off_35_percentage_77_position_6-120 riboswitch,2132,8,2132_8
query_2133,1,riboswitch,1,riboswitch,0.980579674243927,2133_8_RF00050_8_NC_000913.3_3184369-3184918_ext_160-360_int_120_off_40_percentage_81_position_1-120 riboswitch,2133,8,2133_8
query_2134,1,riboswitch,1,riboswitch,0.9504768252372742,2134_8_RF00050_8_NC_000913.3_3184369-3184918_ext_160-360_int_120_off_45_percentage_81_position_1-120 riboswitch,2134,8,2134_8
query_2135,1,riboswitch,1,riboswitch,0.9615206122398376,2135_8_RF00050_8_NC_000913.3_3184369-3184918_ext_160-360_int_120_off_50_percentage_81_position_1-120 riboswitch,2135,8,2135_8
query_2136,1,riboswitch,1,riboswitch,0.9191968441009521,2136_8_RF00050_8_NC_000913.3_3184369-3184918_ext_160-360_int_120_off_55_percentage_81_position_1-120 riboswitch,2136,8,2136_8
query_2137,1,riboswitch,1,riboswitch,0.9562485218048096,2137_8_RF00050_8_NC_000913.3_3184369-3184918_ext_160-360_int_120_off_60_percentage_81_position_1-120 riboswitch,2137,8,2137_8
query_2138,1,riboswitch,1,riboswitch,0.9973449110984802,2138_8_RF00050_8_NC_000913.3_3184369-3184918_ext_160-360_int_120_off_65_percentage_81_position_1-120 riboswitch,2138,8,2138_8
query_2139,1,riboswitch,1,riboswitch,0.9879891872406006,2139_8_RF00050_8_NC_000913.3_3184369-3184918_ext_160-360_int_120_off_70_percentage_80_position_1-119 riboswitch,2139,8,2139_8
query_2140,1,riboswitch,1,riboswitch,0.9827688336372375,2140_8_RF00050_8_NC_000913.3_3184369-3184918_ext_160-360_int_120_off_75_percentage_77_position_1-114 riboswitch,2140,8,2140_8
query_2141,0,genomicbackground,1,riboswitch,0.984519362449646,2141_8_RF00050_8_NC_000913.3_3184369-3184918_ext_160-360_int_120_off_80_percentage_73_position_1-109 genomicbackground,2141,8,2141_8
query_2142,0,genomicbackground,0,genomicbackground,0.29291826486587524,2142_8_RF00050_8_NC_000913.3_3184369-3184918_ext_160-360_int_125_off_0_percentage_57_position_41-125 genomicbackground,2142,8,2142_8
query_2143,0,genomicbackground,0,genomicbackground,0.33288273215293884,2143_8_RF00050_8_NC_000913.3_3184369-3184918_ext_160-360_int_125_off_5_percentage_60_position_36-125 genomicbackground,2143,8,2143_8
query_2144,0,genomicbackground,1,riboswitch,0.8773325681686401,2144_8_RF00050_8_NC_000913.3_3184369-3184918_ext_160-360_int_125_off_10_percentage_64_position_31-125 genomicbackground,2144,8,2144_8
query_2145,0,genomicbackground,0,genomicbackground,0.029762115329504013,2145_8_RF00050_8_NC_000913.3_3184369-3184918_ext_160-360_int_125_off_15_percentage_67_position_26-125 genomicbackground,2145,8,2145_8
query_2146,0,genomicbackground,0,genomicbackground,0.33267396688461304,2146_8_RF00050_8_NC_000913.3_3184369-3184918_ext_160-360_int_125_off_20_percentage_70_position_21-125 genomicbackground,2146,8,2146_8
query_2147,0,genomicbackground,1,riboswitch,0.9983571171760559,2147_8_RF00050_8_NC_000913.3_3184369-3184918_ext_160-360_int_125_off_25_percentage_74_position_16-125 genomicbackground,2147,8,2147_8
query_2148,1,riboswitch,1,riboswitch,0.7209937572479248,2148_8_RF00050_8_NC_000913.3_3184369-3184918_ext_160-360_int_125_off_30_percentage_77_position_11-125 riboswitch,2148,8,2148_8
query_2149,1,riboswitch,1,riboswitch,0.8063557147979736,2149_8_RF00050_8_NC_000913.3_3184369-3184918_ext_160-360_int_125_off_35_percentage_81_position_6-125 riboswitch,2149,8,2149_8
query_2150,1,riboswitch,1,riboswitch,0.9872388243675232,2150_8_RF00050_8_NC_000913.3_3184369-3184918_ext_160-360_int_125_off_40_percentage_84_position_1-125 riboswitch,2150,8,2150_8
query_2151,1,riboswitch,1,riboswitch,0.9935531616210938,2151_8_RF00050_8_NC_000913.3_3184369-3184918_ext_160-360_int_125_off_45_percentage_84_position_1-125 riboswitch,2151,8,2151_8
query_2152,1,riboswitch,1,riboswitch,0.9646949172019958,2152_8_RF00050_8_NC_000913.3_3184369-3184918_ext_160-360_int_125_off_50_percentage_84_position_1-125 riboswitch,2152,8,2152_8
query_2153,1,riboswitch,1,riboswitch,0.9715245962142944,2153_8_RF00050_8_NC_000913.3_3184369-3184918_ext_160-360_int_125_off_55_percentage_84_position_1-125 riboswitch,2153,8,2153_8
query_2154,1,riboswitch,1,riboswitch,0.976511538028717,2154_8_RF00050_8_NC_000913.3_3184369-3184918_ext_160-360_int_125_off_60_percentage_84_position_1-125 riboswitch,2154,8,2154_8
query_2155,1,riboswitch,1,riboswitch,0.9973462224006653,2155_8_RF00050_8_NC_000913.3_3184369-3184918_ext_160-360_int_125_off_65_percentage_83_position_1-124 riboswitch,2155,8,2155_8
query_2156,1,riboswitch,1,riboswitch,0.9707390069961548,2156_8_RF00050_8_NC_000913.3_3184369-3184918_ext_160-360_int_125_off_70_percentage_80_position_1-119 riboswitch,2156,8,2156_8
query_2157,1,riboswitch,1,riboswitch,0.98331218957901,2157_8_RF00050_8_NC_000913.3_3184369-3184918_ext_160-360_int_125_off_75_percentage_77_position_1-114 riboswitch,2157,8,2157_8
query_2158,0,genomicbackground,0,genomicbackground,0.12613829970359802,2158_8_RF00050_8_NC_000913.3_3184369-3184918_ext_160-360_int_130_off_0_percentage_60_position_41-130 genomicbackground,2158,8,2158_8
query_2159,0,genomicbackground,0,genomicbackground,0.4174639582633972,2159_8_RF00050_8_NC_000913.3_3184369-3184918_ext_160-360_int_130_off_5_percentage_64_position_36-130 genomicbackground,2159,8,2159_8
query_2160,0,genomicbackground,1,riboswitch,0.813696563243866,2160_8_RF00050_8_NC_000913.3_3184369-3184918_ext_160-360_int_130_off_10_percentage_67_position_31-130 genomicbackground,2160,8,2160_8
query_2161,0,genomicbackground,0,genomicbackground,0.027992090210318565,2161_8_RF00050_8_NC_000913.3_3184369-3184918_ext_160-360_int_130_off_15_percentage_70_position_26-130 genomicbackground,2161,8,2161_8
query_2162,0,genomicbackground,1,riboswitch,0.9642028212547302,2162_8_RF00050_8_NC_000913.3_3184369-3184918_ext_160-360_int_130_off_20_percentage_74_position_21-130 genomicbackground,2162,8,2162_8
query_2163,1,riboswitch,1,riboswitch,0.9981696605682373,2163_8_RF00050_8_NC_000913.3_3184369-3184918_ext_160-360_int_130_off_25_percentage_77_position_16-130 riboswitch,2163,8,2163_8
query_2164,1,riboswitch,1,riboswitch,0.8717583417892456,2164_8_RF00050_8_NC_000913.3_3184369-3184918_ext_160-360_int_130_off_30_percentage_81_position_11-130 riboswitch,2164,8,2164_8
query_2165,1,riboswitch,1,riboswitch,0.7228838205337524,2165_8_RF00050_8_NC_000913.3_3184369-3184918_ext_160-360_int_130_off_35_percentage_84_position_6-130 riboswitch,2165,8,2165_8
query_2166,1,riboswitch,1,riboswitch,0.9421427249908447,2166_8_RF00050_8_NC_000913.3_3184369-3184918_ext_160-360_int_130_off_40_percentage_87_position_1-130 riboswitch,2166,8,2166_8
query_2167,1,riboswitch,1,riboswitch,0.9589513540267944,2167_8_RF00050_8_NC_000913.3_3184369-3184918_ext_160-360_int_130_off_45_percentage_87_position_1-130 riboswitch,2167,8,2167_8
query_2168,1,riboswitch,1,riboswitch,0.9623411893844604,2168_8_RF00050_8_NC_000913.3_3184369-3184918_ext_160-360_int_130_off_50_percentage_87_position_1-130 riboswitch,2168,8,2168_8
query_2169,1,riboswitch,1,riboswitch,0.978886067867279,2169_8_RF00050_8_NC_000913.3_3184369-3184918_ext_160-360_int_130_off_55_percentage_87_position_1-130 riboswitch,2169,8,2169_8
query_2170,1,riboswitch,1,riboswitch,0.9784854650497437,2170_8_RF00050_8_NC_000913.3_3184369-3184918_ext_160-360_int_130_off_60_percentage_87_position_1-129 riboswitch,2170,8,2170_8
query_2171,1,riboswitch,1,riboswitch,0.9954220652580261,2171_8_RF00050_8_NC_000913.3_3184369-3184918_ext_160-360_int_130_off_65_percentage_83_position_1-124 riboswitch,2171,8,2171_8
query_2172,1,riboswitch,1,riboswitch,0.9912785887718201,2172_8_RF00050_8_NC_000913.3_3184369-3184918_ext_160-360_int_130_off_70_percentage_80_position_1-119 riboswitch,2172,8,2172_8
query_2173,0,genomicbackground,0,genomicbackground,0.21778468787670135,2173_8_RF00050_8_NC_000913.3_3184369-3184918_ext_160-360_int_135_off_0_percentage_64_position_41-135 genomicbackground,2173,8,2173_8
query_2174,0,genomicbackground,0,genomicbackground,0.3505946397781372,2174_8_RF00050_8_NC_000913.3_3184369-3184918_ext_160-360_int_135_off_5_percentage_67_position_36-135 genomicbackground,2174,8,2174_8
query_2175,0,genomicbackground,0,genomicbackground,0.012158415280282497,2175_8_RF00050_8_NC_000913.3_3184369-3184918_ext_160-360_int_135_off_10_percentage_70_position_31-135 genomicbackground,2175,8,2175_8
query_2176,0,genomicbackground,1,riboswitch,0.9690141081809998,2176_8_RF00050_8_NC_000913.3_3184369-3184918_ext_160-360_int_135_off_15_percentage_74_position_26-135 genomicbackground,2176,8,2176_8
query_2177,1,riboswitch,1,riboswitch,0.9745620489120483,2177_8_RF00050_8_NC_000913.3_3184369-3184918_ext_160-360_int_135_off_20_percentage_77_position_21-135 riboswitch,2177,8,2177_8
query_2178,1,riboswitch,1,riboswitch,0.8558887243270874,2178_8_RF00050_8_NC_000913.3_3184369-3184918_ext_160-360_int_135_off_25_percentage_81_position_16-135 riboswitch,2178,8,2178_8
query_2179,1,riboswitch,1,riboswitch,0.8165335655212402,2179_8_RF00050_8_NC_000913.3_3184369-3184918_ext_160-360_int_135_off_30_percentage_84_position_11-135 riboswitch,2179,8,2179_8
query_2180,1,riboswitch,1,riboswitch,0.959770917892456,2180_8_RF00050_8_NC_000913.3_3184369-3184918_ext_160-360_int_135_off_35_percentage_87_position_6-135 riboswitch,2180,8,2180_8
query_2181,1,riboswitch,1,riboswitch,0.9863764643669128,2181_8_RF00050_8_NC_000913.3_3184369-3184918_ext_160-360_int_135_off_40_percentage_91_position_1-135 riboswitch,2181,8,2181_8
query_2182,1,riboswitch,1,riboswitch,0.9968844056129456,2182_8_RF00050_8_NC_000913.3_3184369-3184918_ext_160-360_int_135_off_45_percentage_91_position_1-135 riboswitch,2182,8,2182_8
query_2183,1,riboswitch,1,riboswitch,0.9750303030014038,2183_8_RF00050_8_NC_000913.3_3184369-3184918_ext_160-360_int_135_off_50_percentage_91_position_1-135 riboswitch,2183,8,2183_8
query_2184,1,riboswitch,1,riboswitch,0.9830161929130554,2184_8_RF00050_8_NC_000913.3_3184369-3184918_ext_160-360_int_135_off_55_percentage_90_position_1-134 riboswitch,2184,8,2184_8
query_2185,1,riboswitch,1,riboswitch,0.9700554609298706,2185_8_RF00050_8_NC_000913.3_3184369-3184918_ext_160-360_int_135_off_60_percentage_87_position_1-129 riboswitch,2185,8,2185_8
query_2186,1,riboswitch,1,riboswitch,0.9571390748023987,2186_8_RF00050_8_NC_000913.3_3184369-3184918_ext_160-360_int_135_off_65_percentage_83_position_1-124 riboswitch,2186,8,2186_8
query_2187,0,genomicbackground,0,genomicbackground,0.12245576828718185,2187_8_RF00050_8_NC_000913.3_3184369-3184918_ext_160-360_int_140_off_0_percentage_67_position_41-140 genomicbackground,2187,8,2187_8
query_2188,0,genomicbackground,0,genomicbackground,0.3259703814983368,2188_8_RF00050_8_NC_000913.3_3184369-3184918_ext_160-360_int_140_off_5_percentage_70_position_36-140 genomicbackground,2188,8,2188_8
query_2189,0,genomicbackground,1,riboswitch,0.924490213394165,2189_8_RF00050_8_NC_000913.3_3184369-3184918_ext_160-360_int_140_off_10_percentage_74_position_31-140 genomicbackground,2189,8,2189_8
query_2190,1,riboswitch,0,genomicbackground,0.15520457923412323,2190_8_RF00050_8_NC_000913.3_3184369-3184918_ext_160-360_int_140_off_15_percentage_77_position_26-140 riboswitch,2190,8,2190_8
query_2191,1,riboswitch,1,riboswitch,0.9896324872970581,2191_8_RF00050_8_NC_000913.3_3184369-3184918_ext_160-360_int_140_off_20_percentage_81_position_21-140 riboswitch,2191,8,2191_8
query_2192,1,riboswitch,1,riboswitch,0.9992044568061829,2192_8_RF00050_8_NC_000913.3_3184369-3184918_ext_160-360_int_140_off_25_percentage_84_position_16-140 riboswitch,2192,8,2192_8
query_2193,1,riboswitch,1,riboswitch,0.9784467816352844,2193_8_RF00050_8_NC_000913.3_3184369-3184918_ext_160-360_int_140_off_30_percentage_87_position_11-140 riboswitch,2193,8,2193_8
query_2194,1,riboswitch,1,riboswitch,0.8639762997627258,2194_8_RF00050_8_NC_000913.3_3184369-3184918_ext_160-360_int_140_off_35_percentage_91_position_6-140 riboswitch,2194,8,2194_8
query_2195,1,riboswitch,1,riboswitch,0.9749816060066223,2195_8_RF00050_8_NC_000913.3_3184369-3184918_ext_160-360_int_140_off_40_percentage_94_position_1-140 riboswitch,2195,8,2195_8
query_2196,1,riboswitch,1,riboswitch,0.9989810585975647,2196_8_RF00050_8_NC_000913.3_3184369-3184918_ext_160-360_int_140_off_45_percentage_94_position_1-140 riboswitch,2196,8,2196_8
query_2197,1,riboswitch,1,riboswitch,0.9774446487426758,2197_8_RF00050_8_NC_000913.3_3184369-3184918_ext_160-360_int_140_off_50_percentage_93_position_1-139 riboswitch,2197,8,2197_8
query_2198,1,riboswitch,1,riboswitch,0.9722644090652466,2198_8_RF00050_8_NC_000913.3_3184369-3184918_ext_160-360_int_140_off_55_percentage_90_position_1-134 riboswitch,2198,8,2198_8
query_2199,1,riboswitch,1,riboswitch,0.8961982131004333,2199_8_RF00050_8_NC_000913.3_3184369-3184918_ext_160-360_int_140_off_60_percentage_87_position_1-129 riboswitch,2199,8,2199_8
query_2200,0,genomicbackground,0,genomicbackground,0.0972302183508873,2200_8_RF00050_8_NC_000913.3_3184369-3184918_ext_160-360_int_145_off_0_percentage_70_position_41-145 genomicbackground,2200,8,2200_8
query_2201,0,genomicbackground,0,genomicbackground,0.4159832000732422,2201_8_RF00050_8_NC_000913.3_3184369-3184918_ext_160-360_int_145_off_5_percentage_74_position_36-145 genomicbackground,2201,8,2201_8
query_2202,1,riboswitch,1,riboswitch,0.9426522850990295,2202_8_RF00050_8_NC_000913.3_3184369-3184918_ext_160-360_int_145_off_10_percentage_77_position_31-145 riboswitch,2202,8,2202_8
query_2203,1,riboswitch,1,riboswitch,0.7209659814834595,2203_8_RF00050_8_NC_000913.3_3184369-3184918_ext_160-360_int_145_off_15_percentage_81_position_26-145 riboswitch,2203,8,2203_8
query_2204,1,riboswitch,1,riboswitch,0.9882599115371704,2204_8_RF00050_8_NC_000913.3_3184369-3184918_ext_160-360_int_145_off_20_percentage_84_position_21-145 riboswitch,2204,8,2204_8
query_2205,1,riboswitch,1,riboswitch,0.9992751479148865,2205_8_RF00050_8_NC_000913.3_3184369-3184918_ext_160-360_int_145_off_25_percentage_87_position_16-145 riboswitch,2205,8,2205_8
query_2206,1,riboswitch,1,riboswitch,0.910786509513855,2206_8_RF00050_8_NC_000913.3_3184369-3184918_ext_160-360_int_145_off_30_percentage_91_position_11-145 riboswitch,2206,8,2206_8
query_2207,1,riboswitch,1,riboswitch,0.9580090641975403,2207_8_RF00050_8_NC_000913.3_3184369-3184918_ext_160-360_int_145_off_35_percentage_94_position_6-145 riboswitch,2207,8,2207_8
query_2208,1,riboswitch,1,riboswitch,0.9991427659988403,2208_8_RF00050_8_NC_000913.3_3184369-3184918_ext_160-360_int_145_off_40_percentage_97_position_1-145 riboswitch,2208,8,2208_8
query_2209,1,riboswitch,1,riboswitch,0.9989823698997498,2209_8_RF00050_8_NC_000913.3_3184369-3184918_ext_160-360_int_145_off_45_percentage_97_position_1-144 riboswitch,2209,8,2209_8
query_2210,1,riboswitch,1,riboswitch,0.9628021121025085,2210_8_RF00050_8_NC_000913.3_3184369-3184918_ext_160-360_int_145_off_50_percentage_93_position_1-139 riboswitch,2210,8,2210_8
query_2211,1,riboswitch,1,riboswitch,0.9894885420799255,2211_8_RF00050_8_NC_000913.3_3184369-3184918_ext_160-360_int_145_off_55_percentage_90_position_1-134 riboswitch,2211,8,2211_8
query_2212,0,genomicbackground,0,genomicbackground,0.1613646298646927,2212_8_RF00050_8_NC_000913.3_3184369-3184918_ext_160-360_int_150_off_0_percentage_74_position_41-150 genomicbackground,2212,8,2212_8
query_2213,1,riboswitch,1,riboswitch,0.6379209160804749,2213_8_RF00050_8_NC_000913.3_3184369-3184918_ext_160-360_int_150_off_5_percentage_77_position_36-150 riboswitch,2213,8,2213_8
query_2214,1,riboswitch,1,riboswitch,0.9235692024230957,2214_8_RF00050_8_NC_000913.3_3184369-3184918_ext_160-360_int_150_off_10_percentage_81_position_31-150 riboswitch,2214,8,2214_8
query_2215,1,riboswitch,0,genomicbackground,0.3771638572216034,2215_8_RF00050_8_NC_000913.3_3184369-3184918_ext_160-360_int_150_off_15_percentage_84_position_26-150 riboswitch,2215,8,2215_8
query_2216,1,riboswitch,1,riboswitch,0.9905126690864563,2216_8_RF00050_8_NC_000913.3_3184369-3184918_ext_160-360_int_150_off_20_percentage_87_position_21-150 riboswitch,2216,8,2216_8
query_2217,1,riboswitch,1,riboswitch,0.9994778037071228,2217_8_RF00050_8_NC_000913.3_3184369-3184918_ext_160-360_int_150_off_25_percentage_91_position_16-150 riboswitch,2217,8,2217_8
query_2218,1,riboswitch,1,riboswitch,0.9891179203987122,2218_8_RF00050_8_NC_000913.3_3184369-3184918_ext_160-360_int_150_off_30_percentage_94_position_11-150 riboswitch,2218,8,2218_8
query_2219,1,riboswitch,1,riboswitch,0.9951895475387573,2219_8_RF00050_8_NC_000913.3_3184369-3184918_ext_160-360_int_150_off_35_percentage_97_position_6-150 riboswitch,2219,8,2219_8
query_2220,1,riboswitch,1,riboswitch,0.9980676770210266,2220_8_RF00050_8_NC_000913.3_3184369-3184918_ext_160-360_int_150_off_40_percentage_100_position_1-149 riboswitch,2220,8,2220_8
query_2221,1,riboswitch,1,riboswitch,0.9978027939796448,2221_8_RF00050_8_NC_000913.3_3184369-3184918_ext_160-360_int_150_off_45_percentage_97_position_1-144 riboswitch,2221,8,2221_8
query_2222,1,riboswitch,1,riboswitch,0.9842945337295532,2222_8_RF00050_8_NC_000913.3_3184369-3184918_ext_160-360_int_150_off_50_percentage_93_position_1-139 riboswitch,2222,8,2222_8
query_2223,1,riboswitch,0,genomicbackground,0.3690890967845917,2223_8_RF00050_8_NC_000913.3_3184369-3184918_ext_160-360_int_155_off_0_percentage_77_position_41-155 riboswitch,2223,8,2223_8
query_2224,1,riboswitch,1,riboswitch,0.8205196261405945,2224_8_RF00050_8_NC_000913.3_3184369-3184918_ext_160-360_int_155_off_5_percentage_81_position_36-155 riboswitch,2224,8,2224_8
query_2225,1,riboswitch,1,riboswitch,0.9397143125534058,2225_8_RF00050_8_NC_000913.3_3184369-3184918_ext_160-360_int_155_off_10_percentage_84_position_31-155 riboswitch,2225,8,2225_8
query_2226,1,riboswitch,0,genomicbackground,0.4945753216743469,2226_8_RF00050_8_NC_000913.3_3184369-3184918_ext_160-360_int_155_off_15_percentage_87_position_26-155 riboswitch,2226,8,2226_8
query_2227,1,riboswitch,1,riboswitch,0.9945809245109558,2227_8_RF00050_8_NC_000913.3_3184369-3184918_ext_160-360_int_155_off_20_percentage_91_position_21-155 riboswitch,2227,8,2227_8
query_2228,1,riboswitch,1,riboswitch,0.971132755279541,2228_8_RF00050_8_NC_000913.3_3184369-3184918_ext_160-360_int_155_off_25_percentage_94_position_16-155 riboswitch,2228,8,2228_8
query_2229,1,riboswitch,1,riboswitch,0.9969772100448608,2229_8_RF00050_8_NC_000913.3_3184369-3184918_ext_160-360_int_155_off_30_percentage_97_position_11-155 riboswitch,2229,8,2229_8
query_2230,1,riboswitch,1,riboswitch,0.9974170923233032,2230_8_RF00050_8_NC_000913.3_3184369-3184918_ext_160-360_int_155_off_35_percentage_100_position_6-154 riboswitch,2230,8,2230_8
query_2231,1,riboswitch,1,riboswitch,0.9978273510932922,2231_8_RF00050_8_NC_000913.3_3184369-3184918_ext_160-360_int_155_off_40_percentage_100_position_1-149 riboswitch,2231,8,2231_8
query_2232,1,riboswitch,1,riboswitch,0.9572579860687256,2232_8_RF00050_8_NC_000913.3_3184369-3184918_ext_160-360_int_155_off_45_percentage_97_position_1-144 riboswitch,2232,8,2232_8
query_2233,1,riboswitch,1,riboswitch,0.630236029624939,2233_8_RF00050_8_NC_000913.3_3184369-3184918_ext_160-360_int_160_off_0_percentage_81_position_41-160 riboswitch,2233,8,2233_8
query_2234,1,riboswitch,1,riboswitch,0.8668867349624634,2234_8_RF00050_8_NC_000913.3_3184369-3184918_ext_160-360_int_160_off_5_percentage_84_position_36-160 riboswitch,2234,8,2234_8
query_2235,1,riboswitch,1,riboswitch,0.9161048531532288,2235_8_RF00050_8_NC_000913.3_3184369-3184918_ext_160-360_int_160_off_10_percentage_87_position_31-160 riboswitch,2235,8,2235_8
query_2236,1,riboswitch,1,riboswitch,0.8681763410568237,2236_8_RF00050_8_NC_000913.3_3184369-3184918_ext_160-360_int_160_off_15_percentage_91_position_26-160 riboswitch,2236,8,2236_8
query_2237,1,riboswitch,1,riboswitch,0.9568462371826172,2237_8_RF00050_8_NC_000913.3_3184369-3184918_ext_160-360_int_160_off_20_percentage_94_position_21-160 riboswitch,2237,8,2237_8
query_2238,1,riboswitch,1,riboswitch,0.9952528476715088,2238_8_RF00050_8_NC_000913.3_3184369-3184918_ext_160-360_int_160_off_25_percentage_97_position_16-160 riboswitch,2238,8,2238_8
query_2239,1,riboswitch,1,riboswitch,0.9976327419281006,2239_8_RF00050_8_NC_000913.3_3184369-3184918_ext_160-360_int_160_off_30_percentage_100_position_11-159 riboswitch,2239,8,2239_8
query_2240,1,riboswitch,1,riboswitch,0.997148334980011,2240_8_RF00050_8_NC_000913.3_3184369-3184918_ext_160-360_int_160_off_35_percentage_100_position_6-154 riboswitch,2240,8,2240_8
query_2241,1,riboswitch,1,riboswitch,0.9976553916931152,2241_8_RF00050_8_NC_000913.3_3184369-3184918_ext_160-360_int_160_off_40_percentage_100_position_1-149 riboswitch,2241,8,2241_8
query_2242,1,riboswitch,1,riboswitch,0.8493515849113464,2242_8_RF00050_8_NC_000913.3_3184369-3184918_ext_160-360_int_165_off_0_percentage_84_position_41-165 riboswitch,2242,8,2242_8
query_2243,1,riboswitch,1,riboswitch,0.8886287808418274,2243_8_RF00050_8_NC_000913.3_3184369-3184918_ext_160-360_int_165_off_5_percentage_87_position_36-165 riboswitch,2243,8,2243_8
query_2244,1,riboswitch,1,riboswitch,0.9857320189476013,2244_8_RF00050_8_NC_000913.3_3184369-3184918_ext_160-360_int_165_off_10_percentage_91_position_31-165 riboswitch,2244,8,2244_8
query_2245,1,riboswitch,1,riboswitch,0.8474880456924438,2245_8_RF00050_8_NC_000913.3_3184369-3184918_ext_160-360_int_165_off_15_percentage_94_position_26-165 riboswitch,2245,8,2245_8
query_2246,1,riboswitch,1,riboswitch,0.9936973452568054,2246_8_RF00050_8_NC_000913.3_3184369-3184918_ext_160-360_int_165_off_20_percentage_97_position_21-165 riboswitch,2246,8,2246_8
query_2247,1,riboswitch,1,riboswitch,0.9974777102470398,2247_8_RF00050_8_NC_000913.3_3184369-3184918_ext_160-360_int_165_off_25_percentage_100_position_16-164 riboswitch,2247,8,2247_8
query_2248,1,riboswitch,1,riboswitch,0.9971879124641418,2248_8_RF00050_8_NC_000913.3_3184369-3184918_ext_160-360_int_165_off_30_percentage_100_position_11-159 riboswitch,2248,8,2248_8
query_2249,1,riboswitch,1,riboswitch,0.9970718622207642,2249_8_RF00050_8_NC_000913.3_3184369-3184918_ext_160-360_int_165_off_35_percentage_100_position_6-154 riboswitch,2249,8,2249_8
query_2250,1,riboswitch,1,riboswitch,0.9216552972793579,2250_8_RF00050_8_NC_000913.3_3184369-3184918_ext_160-360_int_170_off_0_percentage_87_position_41-170 riboswitch,2250,8,2250_8
query_2251,1,riboswitch,1,riboswitch,0.9332776069641113,2251_8_RF00050_8_NC_000913.3_3184369-3184918_ext_160-360_int_170_off_5_percentage_91_position_36-170 riboswitch,2251,8,2251_8
query_2252,1,riboswitch,1,riboswitch,0.9654837846755981,2252_8_RF00050_8_NC_000913.3_3184369-3184918_ext_160-360_int_170_off_10_percentage_94_position_31-170 riboswitch,2252,8,2252_8
query_2253,1,riboswitch,1,riboswitch,0.9966182708740234,2253_8_RF00050_8_NC_000913.3_3184369-3184918_ext_160-360_int_170_off_15_percentage_97_position_26-170 riboswitch,2253,8,2253_8
query_2254,1,riboswitch,1,riboswitch,0.997044026851654,2254_8_RF00050_8_NC_000913.3_3184369-3184918_ext_160-360_int_170_off_20_percentage_100_position_21-169 riboswitch,2254,8,2254_8
query_2255,1,riboswitch,1,riboswitch,0.9970316886901855,2255_8_RF00050_8_NC_000913.3_3184369-3184918_ext_160-360_int_170_off_25_percentage_100_position_16-164 riboswitch,2255,8,2255_8
query_2256,1,riboswitch,1,riboswitch,0.9971325397491455,2256_8_RF00050_8_NC_000913.3_3184369-3184918_ext_160-360_int_170_off_30_percentage_100_position_11-159 riboswitch,2256,8,2256_8
query_2257,1,riboswitch,1,riboswitch,0.829785168170929,2257_8_RF00050_8_NC_000913.3_3184369-3184918_ext_160-360_int_175_off_0_percentage_91_position_41-175 riboswitch,2257,8,2257_8
query_2258,1,riboswitch,1,riboswitch,0.9464823603630066,2258_8_RF00050_8_NC_000913.3_3184369-3184918_ext_160-360_int_175_off_5_percentage_94_position_36-175 riboswitch,2258,8,2258_8
query_2259,1,riboswitch,1,riboswitch,0.9950059056282043,2259_8_RF00050_8_NC_000913.3_3184369-3184918_ext_160-360_int_175_off_10_percentage_97_position_31-175 riboswitch,2259,8,2259_8
query_2260,1,riboswitch,1,riboswitch,0.9961503744125366,2260_8_RF00050_8_NC_000913.3_3184369-3184918_ext_160-360_int_175_off_15_percentage_100_position_26-174 riboswitch,2260,8,2260_8
query_2261,1,riboswitch,1,riboswitch,0.9960832595825195,2261_8_RF00050_8_NC_000913.3_3184369-3184918_ext_160-360_int_175_off_20_percentage_100_position_21-169 riboswitch,2261,8,2261_8
query_2262,1,riboswitch,1,riboswitch,0.9969698190689087,2262_8_RF00050_8_NC_000913.3_3184369-3184918_ext_160-360_int_175_off_25_percentage_100_position_16-164 riboswitch,2262,8,2262_8
query_2263,1,riboswitch,1,riboswitch,0.8426090478897095,2263_8_RF00050_8_NC_000913.3_3184369-3184918_ext_160-360_int_180_off_0_percentage_94_position_41-180 riboswitch,2263,8,2263_8
query_2264,1,riboswitch,1,riboswitch,0.9968241453170776,2264_8_RF00050_8_NC_000913.3_3184369-3184918_ext_160-360_int_180_off_5_percentage_97_position_36-180 riboswitch,2264,8,2264_8
query_2265,1,riboswitch,1,riboswitch,0.9965215921401978,2265_8_RF00050_8_NC_000913.3_3184369-3184918_ext_160-360_int_180_off_10_percentage_100_position_31-179 riboswitch,2265,8,2265_8
query_2266,1,riboswitch,1,riboswitch,0.9954448938369751,2266_8_RF00050_8_NC_000913.3_3184369-3184918_ext_160-360_int_180_off_15_percentage_100_position_26-174 riboswitch,2266,8,2266_8
query_2267,1,riboswitch,1,riboswitch,0.9960377216339111,2267_8_RF00050_8_NC_000913.3_3184369-3184918_ext_160-360_int_180_off_20_percentage_100_position_21-169 riboswitch,2267,8,2267_8
query_2268,1,riboswitch,1,riboswitch,0.9943181872367859,2268_8_RF00050_8_NC_000913.3_3184369-3184918_ext_160-360_int_185_off_0_percentage_97_position_41-185 riboswitch,2268,8,2268_8
query_2269,1,riboswitch,1,riboswitch,0.9958083629608154,2269_8_RF00050_8_NC_000913.3_3184369-3184918_ext_160-360_int_185_off_5_percentage_100_position_36-184 riboswitch,2269,8,2269_8
query_2270,1,riboswitch,1,riboswitch,0.9967051148414612,2270_8_RF00050_8_NC_000913.3_3184369-3184918_ext_160-360_int_185_off_10_percentage_100_position_31-179 riboswitch,2270,8,2270_8
query_2271,1,riboswitch,1,riboswitch,0.9954060316085815,2271_8_RF00050_8_NC_000913.3_3184369-3184918_ext_160-360_int_185_off_15_percentage_100_position_26-174 riboswitch,2271,8,2271_8
query_2272,1,riboswitch,1,riboswitch,0.9946572184562683,2272_8_RF00050_8_NC_000913.3_3184369-3184918_ext_160-360_int_190_off_0_percentage_100_position_41-189 riboswitch,2272,8,2272_8
query_2273,1,riboswitch,1,riboswitch,0.9971585273742676,2273_8_RF00050_8_NC_000913.3_3184369-3184918_ext_160-360_int_190_off_5_percentage_100_position_36-184 riboswitch,2273,8,2273_8
query_2274,1,riboswitch,1,riboswitch,0.9965196847915649,2274_8_RF00050_8_NC_000913.3_3184369-3184918_ext_160-360_int_190_off_10_percentage_100_position_31-179 riboswitch,2274,8,2274_8
query_2275,1,riboswitch,1,riboswitch,0.9948680400848389,2275_8_RF00050_8_NC_000913.3_3184369-3184918_ext_160-360_int_195_off_0_percentage_100_position_41-189 riboswitch,2275,8,2275_8
query_2276,1,riboswitch,1,riboswitch,0.9872341752052307,2276_8_RF00050_8_NC_000913.3_3184369-3184918_ext_160-360_int_195_off_5_percentage_100_position_36-184 riboswitch,2276,8,2276_8
query_2277,1,riboswitch,1,riboswitch,0.9736217260360718,2277_8_RF00050_8_NC_000913.3_3184369-3184918_ext_160-360_int_200_off_0_percentage_100_position_41-189 riboswitch,2277,8,2277_8
query_2278,0,genomicbackground,0,genomicbackground,0.036257315427064896,2278_8_RF00050_8_NC_000913.3_3184369-3184918_ext_180-380_int_95_off_0_percentage_50_position_21-95 genomicbackground,2278,8,2278_8
query_2279,0,genomicbackground,0,genomicbackground,0.19865106046199799,2279_8_RF00050_8_NC_000913.3_3184369-3184918_ext_180-380_int_95_off_5_percentage_54_position_16-95 genomicbackground,2279,8,2279_8
query_2280,0,genomicbackground,0,genomicbackground,0.2849458158016205,2280_8_RF00050_8_NC_000913.3_3184369-3184918_ext_180-380_int_95_off_10_percentage_57_position_11-95 genomicbackground,2280,8,2280_8
query_2281,0,genomicbackground,0,genomicbackground,0.19945497810840607,2281_8_RF00050_8_NC_000913.3_3184369-3184918_ext_180-380_int_95_off_15_percentage_60_position_6-95 genomicbackground,2281,8,2281_8
query_2282,0,genomicbackground,1,riboswitch,0.9059815406799316,2282_8_RF00050_8_NC_000913.3_3184369-3184918_ext_180-380_int_95_off_20_percentage_64_position_1-95 genomicbackground,2282,8,2282_8
query_2283,0,genomicbackground,1,riboswitch,0.5719267725944519,2283_8_RF00050_8_NC_000913.3_3184369-3184918_ext_180-380_int_95_off_25_percentage_64_position_1-95 genomicbackground,2283,8,2283_8
query_2284,0,genomicbackground,1,riboswitch,0.8850573301315308,2284_8_RF00050_8_NC_000913.3_3184369-3184918_ext_180-380_int_95_off_30_percentage_64_position_1-95 genomicbackground,2284,8,2284_8
query_2285,0,genomicbackground,1,riboswitch,0.5874842405319214,2285_8_RF00050_8_NC_000913.3_3184369-3184918_ext_180-380_int_95_off_35_percentage_64_position_1-95 genomicbackground,2285,8,2285_8
query_2286,0,genomicbackground,0,genomicbackground,0.011819771490991116,2286_8_RF00050_8_NC_000913.3_3184369-3184918_ext_180-380_int_95_off_40_percentage_64_position_1-95 genomicbackground,2286,8,2286_8
query_2287,0,genomicbackground,1,riboswitch,0.9386395812034607,2287_8_RF00050_8_NC_000913.3_3184369-3184918_ext_180-380_int_95_off_45_percentage_64_position_1-95 genomicbackground,2287,8,2287_8
query_2288,0,genomicbackground,1,riboswitch,0.9651657938957214,2288_8_RF00050_8_NC_000913.3_3184369-3184918_ext_180-380_int_95_off_50_percentage_64_position_1-95 genomicbackground,2288,8,2288_8
query_2289,0,genomicbackground,1,riboswitch,0.9140080809593201,2289_8_RF00050_8_NC_000913.3_3184369-3184918_ext_180-380_int_95_off_55_percentage_64_position_1-95 genomicbackground,2289,8,2289_8
query_2290,0,genomicbackground,1,riboswitch,0.9718285202980042,2290_8_RF00050_8_NC_000913.3_3184369-3184918_ext_180-380_int_95_off_60_percentage_64_position_1-95 genomicbackground,2290,8,2290_8
query_2291,0,genomicbackground,1,riboswitch,0.9866622090339661,2291_8_RF00050_8_NC_000913.3_3184369-3184918_ext_180-380_int_95_off_65_percentage_64_position_1-95 genomicbackground,2291,8,2291_8
query_2292,0,genomicbackground,1,riboswitch,0.9881259202957153,2292_8_RF00050_8_NC_000913.3_3184369-3184918_ext_180-380_int_95_off_70_percentage_64_position_1-95 genomicbackground,2292,8,2292_8
query_2293,0,genomicbackground,1,riboswitch,0.9888206720352173,2293_8_RF00050_8_NC_000913.3_3184369-3184918_ext_180-380_int_95_off_75_percentage_63_position_1-94 genomicbackground,2293,8,2293_8
query_2294,0,genomicbackground,1,riboswitch,0.995650589466095,2294_8_RF00050_8_NC_000913.3_3184369-3184918_ext_180-380_int_95_off_80_percentage_60_position_1-89 genomicbackground,2294,8,2294_8
query_2295,0,genomicbackground,1,riboswitch,0.9837770462036133,2295_8_RF00050_8_NC_000913.3_3184369-3184918_ext_180-380_int_95_off_85_percentage_56_position_1-84 genomicbackground,2295,8,2295_8
query_2296,0,genomicbackground,1,riboswitch,0.9800822138786316,2296_8_RF00050_8_NC_000913.3_3184369-3184918_ext_180-380_int_95_off_90_percentage_53_position_1-79 genomicbackground,2296,8,2296_8
query_2297,0,genomicbackground,1,riboswitch,0.986170768737793,2297_8_RF00050_8_NC_000913.3_3184369-3184918_ext_180-380_int_95_off_95_percentage_50_position_1-74 genomicbackground,2297,8,2297_8
query_2298,0,genomicbackground,1,riboswitch,0.9763340950012207,2298_8_RF00050_8_NC_000913.3_3184369-3184918_ext_180-380_int_95_off_100_percentage_46_position_1-69 genomicbackground,2298,8,2298_8
query_2299,0,genomicbackground,1,riboswitch,0.9736225008964539,2299_8_RF00050_8_NC_000913.3_3184369-3184918_ext_180-380_int_95_off_105_percentage_43_position_1-64 genomicbackground,2299,8,2299_8
query_2300,0,genomicbackground,0,genomicbackground,0.04678072780370712,2300_8_RF00050_8_NC_000913.3_3184369-3184918_ext_180-380_int_100_off_0_percentage_54_position_21-100 genomicbackground,2300,8,2300_8
query_2301,0,genomicbackground,0,genomicbackground,0.3057084381580353,2301_8_RF00050_8_NC_000913.3_3184369-3184918_ext_180-380_int_100_off_5_percentage_57_position_16-100 genomicbackground,2301,8,2301_8
query_2302,0,genomicbackground,0,genomicbackground,0.33314749598503113,2302_8_RF00050_8_NC_000913.3_3184369-3184918_ext_180-380_int_100_off_10_percentage_60_position_11-100 genomicbackground,2302,8,2302_8
query_2303,0,genomicbackground,0,genomicbackground,0.3072826862335205,2303_8_RF00050_8_NC_000913.3_3184369-3184918_ext_180-380_int_100_off_15_percentage_64_position_6-100 genomicbackground,2303,8,2303_8
query_2304,0,genomicbackground,1,riboswitch,0.823032796382904,2304_8_RF00050_8_NC_000913.3_3184369-3184918_ext_180-380_int_100_off_20_percentage_67_position_1-100 genomicbackground,2304,8,2304_8
query_2305,0,genomicbackground,1,riboswitch,0.8606820106506348,2305_8_RF00050_8_NC_000913.3_3184369-3184918_ext_180-380_int_100_off_25_percentage_67_position_1-100 genomicbackground,2305,8,2305_8
query_2306,0,genomicbackground,1,riboswitch,0.9227193593978882,2306_8_RF00050_8_NC_000913.3_3184369-3184918_ext_180-380_int_100_off_30_percentage_67_position_1-100 genomicbackground,2306,8,2306_8
query_2307,0,genomicbackground,0,genomicbackground,0.3671114146709442,2307_8_RF00050_8_NC_000913.3_3184369-3184918_ext_180-380_int_100_off_35_percentage_67_position_1-100 genomicbackground,2307,8,2307_8
query_2308,0,genomicbackground,0,genomicbackground,0.38357898592948914,2308_8_RF00050_8_NC_000913.3_3184369-3184918_ext_180-380_int_100_off_40_percentage_67_position_1-100 genomicbackground,2308,8,2308_8
query_2309,0,genomicbackground,1,riboswitch,0.9274774789810181,2309_8_RF00050_8_NC_000913.3_3184369-3184918_ext_180-380_int_100_off_45_percentage_67_position_1-100 genomicbackground,2309,8,2309_8
query_2310,0,genomicbackground,1,riboswitch,0.9618979096412659,2310_8_RF00050_8_NC_000913.3_3184369-3184918_ext_180-380_int_100_off_50_percentage_67_position_1-100 genomicbackground,2310,8,2310_8
query_2311,0,genomicbackground,1,riboswitch,0.9838991165161133,2311_8_RF00050_8_NC_000913.3_3184369-3184918_ext_180-380_int_100_off_55_percentage_67_position_1-100 genomicbackground,2311,8,2311_8
query_2312,0,genomicbackground,1,riboswitch,0.9811819195747375,2312_8_RF00050_8_NC_000913.3_3184369-3184918_ext_180-380_int_100_off_60_percentage_67_position_1-100 genomicbackground,2312,8,2312_8
query_2313,0,genomicbackground,1,riboswitch,0.9882057905197144,2313_8_RF00050_8_NC_000913.3_3184369-3184918_ext_180-380_int_100_off_65_percentage_67_position_1-100 genomicbackground,2313,8,2313_8
query_2314,0,genomicbackground,1,riboswitch,0.9954171180725098,2314_8_RF00050_8_NC_000913.3_3184369-3184918_ext_180-380_int_100_off_70_percentage_66_position_1-99 genomicbackground,2314,8,2314_8
query_2315,0,genomicbackground,1,riboswitch,0.9882681965827942,2315_8_RF00050_8_NC_000913.3_3184369-3184918_ext_180-380_int_100_off_75_percentage_63_position_1-94 genomicbackground,2315,8,2315_8
query_2316,0,genomicbackground,1,riboswitch,0.9950189590454102,2316_8_RF00050_8_NC_000913.3_3184369-3184918_ext_180-380_int_100_off_80_percentage_60_position_1-89 genomicbackground,2316,8,2316_8
query_2317,0,genomicbackground,1,riboswitch,0.99201500415802,2317_8_RF00050_8_NC_000913.3_3184369-3184918_ext_180-380_int_100_off_85_percentage_56_position_1-84 genomicbackground,2317,8,2317_8
query_2318,0,genomicbackground,1,riboswitch,0.9935986995697021,2318_8_RF00050_8_NC_000913.3_3184369-3184918_ext_180-380_int_100_off_90_percentage_53_position_1-79 genomicbackground,2318,8,2318_8
query_2319,0,genomicbackground,1,riboswitch,0.980655312538147,2319_8_RF00050_8_NC_000913.3_3184369-3184918_ext_180-380_int_100_off_95_percentage_50_position_1-74 genomicbackground,2319,8,2319_8
query_2320,0,genomicbackground,1,riboswitch,0.9662216901779175,2320_8_RF00050_8_NC_000913.3_3184369-3184918_ext_180-380_int_100_off_100_percentage_46_position_1-69 genomicbackground,2320,8,2320_8
query_2321,0,genomicbackground,0,genomicbackground,0.08247636258602142,2321_8_RF00050_8_NC_000913.3_3184369-3184918_ext_180-380_int_105_off_0_percentage_57_position_21-105 genomicbackground,2321,8,2321_8
query_2322,0,genomicbackground,0,genomicbackground,0.3291028141975403,2322_8_RF00050_8_NC_000913.3_3184369-3184918_ext_180-380_int_105_off_5_percentage_60_position_16-105 genomicbackground,2322,8,2322_8
query_2323,0,genomicbackground,0,genomicbackground,0.4731079041957855,2323_8_RF00050_8_NC_000913.3_3184369-3184918_ext_180-380_int_105_off_10_percentage_64_position_11-105 genomicbackground,2323,8,2323_8
query_2324,0,genomicbackground,0,genomicbackground,0.19928716123104095,2324_8_RF00050_8_NC_000913.3_3184369-3184918_ext_180-380_int_105_off_15_percentage_67_position_6-105 genomicbackground,2324,8,2324_8
query_2325,0,genomicbackground,1,riboswitch,0.9837252497673035,2325_8_RF00050_8_NC_000913.3_3184369-3184918_ext_180-380_int_105_off_20_percentage_70_position_1-105 genomicbackground,2325,8,2325_8
query_2326,0,genomicbackground,1,riboswitch,0.9085557460784912,2326_8_RF00050_8_NC_000913.3_3184369-3184918_ext_180-380_int_105_off_25_percentage_70_position_1-105 genomicbackground,2326,8,2326_8
query_2327,0,genomicbackground,1,riboswitch,0.898851215839386,2327_8_RF00050_8_NC_000913.3_3184369-3184918_ext_180-380_int_105_off_30_percentage_70_position_1-105 genomicbackground,2327,8,2327_8
query_2328,0,genomicbackground,1,riboswitch,0.901949942111969,2328_8_RF00050_8_NC_000913.3_3184369-3184918_ext_180-380_int_105_off_35_percentage_70_position_1-105 genomicbackground,2328,8,2328_8
query_2329,0,genomicbackground,0,genomicbackground,0.4754343628883362,2329_8_RF00050_8_NC_000913.3_3184369-3184918_ext_180-380_int_105_off_40_percentage_70_position_1-105 genomicbackground,2329,8,2329_8
query_2330,0,genomicbackground,1,riboswitch,0.9537354707717896,2330_8_RF00050_8_NC_000913.3_3184369-3184918_ext_180-380_int_105_off_45_percentage_70_position_1-105 genomicbackground,2330,8,2330_8
query_2331,0,genomicbackground,1,riboswitch,0.96180659532547,2331_8_RF00050_8_NC_000913.3_3184369-3184918_ext_180-380_int_105_off_50_percentage_70_position_1-105 genomicbackground,2331,8,2331_8
query_2332,0,genomicbackground,1,riboswitch,0.9799546599388123,2332_8_RF00050_8_NC_000913.3_3184369-3184918_ext_180-380_int_105_off_55_percentage_70_position_1-105 genomicbackground,2332,8,2332_8
query_2333,0,genomicbackground,1,riboswitch,0.986234724521637,2333_8_RF00050_8_NC_000913.3_3184369-3184918_ext_180-380_int_105_off_60_percentage_70_position_1-105 genomicbackground,2333,8,2333_8
query_2334,0,genomicbackground,1,riboswitch,0.9873037934303284,2334_8_RF00050_8_NC_000913.3_3184369-3184918_ext_180-380_int_105_off_65_percentage_70_position_1-104 genomicbackground,2334,8,2334_8
query_2335,0,genomicbackground,1,riboswitch,0.9874229431152344,2335_8_RF00050_8_NC_000913.3_3184369-3184918_ext_180-380_int_105_off_70_percentage_66_position_1-99 genomicbackground,2335,8,2335_8
query_2336,0,genomicbackground,1,riboswitch,0.9860498309135437,2336_8_RF00050_8_NC_000913.3_3184369-3184918_ext_180-380_int_105_off_75_percentage_63_position_1-94 genomicbackground,2336,8,2336_8
query_2337,0,genomicbackground,1,riboswitch,0.9951959252357483,2337_8_RF00050_8_NC_000913.3_3184369-3184918_ext_180-380_int_105_off_80_percentage_60_position_1-89 genomicbackground,2337,8,2337_8
query_2338,0,genomicbackground,1,riboswitch,0.9881856441497803,2338_8_RF00050_8_NC_000913.3_3184369-3184918_ext_180-380_int_105_off_85_percentage_56_position_1-84 genomicbackground,2338,8,2338_8
query_2339,0,genomicbackground,1,riboswitch,0.9881949424743652,2339_8_RF00050_8_NC_000913.3_3184369-3184918_ext_180-380_int_105_off_90_percentage_53_position_1-79 genomicbackground,2339,8,2339_8
query_2340,0,genomicbackground,1,riboswitch,0.9814148545265198,2340_8_RF00050_8_NC_000913.3_3184369-3184918_ext_180-380_int_105_off_95_percentage_50_position_1-74 genomicbackground,2340,8,2340_8
query_2341,0,genomicbackground,0,genomicbackground,0.07899295538663864,2341_8_RF00050_8_NC_000913.3_3184369-3184918_ext_180-380_int_110_off_0_percentage_60_position_21-110 genomicbackground,2341,8,2341_8
query_2342,0,genomicbackground,0,genomicbackground,0.4574594795703888,2342_8_RF00050_8_NC_000913.3_3184369-3184918_ext_180-380_int_110_off_5_percentage_64_position_16-110 genomicbackground,2342,8,2342_8
query_2343,0,genomicbackground,0,genomicbackground,0.3199256360530853,2343_8_RF00050_8_NC_000913.3_3184369-3184918_ext_180-380_int_110_off_10_percentage_67_position_11-110 genomicbackground,2343,8,2343_8
query_2344,0,genomicbackground,0,genomicbackground,0.36739638447761536,2344_8_RF00050_8_NC_000913.3_3184369-3184918_ext_180-380_int_110_off_15_percentage_70_position_6-110 genomicbackground,2344,8,2344_8
query_2345,0,genomicbackground,1,riboswitch,0.9844290018081665,2345_8_RF00050_8_NC_000913.3_3184369-3184918_ext_180-380_int_110_off_20_percentage_74_position_1-110 genomicbackground,2345,8,2345_8
query_2346,0,genomicbackground,1,riboswitch,0.8465543389320374,2346_8_RF00050_8_NC_000913.3_3184369-3184918_ext_180-380_int_110_off_25_percentage_74_position_1-110 genomicbackground,2346,8,2346_8
query_2347,0,genomicbackground,1,riboswitch,0.9651883244514465,2347_8_RF00050_8_NC_000913.3_3184369-3184918_ext_180-380_int_110_off_30_percentage_74_position_1-110 genomicbackground,2347,8,2347_8
query_2348,0,genomicbackground,1,riboswitch,0.81409752368927,2348_8_RF00050_8_NC_000913.3_3184369-3184918_ext_180-380_int_110_off_35_percentage_74_position_1-110 genomicbackground,2348,8,2348_8
query_2349,0,genomicbackground,1,riboswitch,0.9520436525344849,2349_8_RF00050_8_NC_000913.3_3184369-3184918_ext_180-380_int_110_off_40_percentage_74_position_1-110 genomicbackground,2349,8,2349_8
query_2350,0,genomicbackground,1,riboswitch,0.8897989392280579,2350_8_RF00050_8_NC_000913.3_3184369-3184918_ext_180-380_int_110_off_45_percentage_74_position_1-110 genomicbackground,2350,8,2350_8
query_2351,0,genomicbackground,1,riboswitch,0.937981128692627,2351_8_RF00050_8_NC_000913.3_3184369-3184918_ext_180-380_int_110_off_50_percentage_74_position_1-110 genomicbackground,2351,8,2351_8
query_2352,0,genomicbackground,1,riboswitch,0.9847602248191833,2352_8_RF00050_8_NC_000913.3_3184369-3184918_ext_180-380_int_110_off_55_percentage_74_position_1-110 genomicbackground,2352,8,2352_8
query_2353,0,genomicbackground,1,riboswitch,0.9866272807121277,2353_8_RF00050_8_NC_000913.3_3184369-3184918_ext_180-380_int_110_off_60_percentage_73_position_1-109 genomicbackground,2353,8,2353_8
query_2354,0,genomicbackground,1,riboswitch,0.9877123236656189,2354_8_RF00050_8_NC_000913.3_3184369-3184918_ext_180-380_int_110_off_65_percentage_70_position_1-104 genomicbackground,2354,8,2354_8
query_2355,0,genomicbackground,1,riboswitch,0.9846876263618469,2355_8_RF00050_8_NC_000913.3_3184369-3184918_ext_180-380_int_110_off_70_percentage_66_position_1-99 genomicbackground,2355,8,2355_8
query_2356,0,genomicbackground,1,riboswitch,0.9983148574829102,2356_8_RF00050_8_NC_000913.3_3184369-3184918_ext_180-380_int_110_off_75_percentage_63_position_1-94 genomicbackground,2356,8,2356_8
query_2357,0,genomicbackground,1,riboswitch,0.9956121444702148,2357_8_RF00050_8_NC_000913.3_3184369-3184918_ext_180-380_int_110_off_80_percentage_60_position_1-89 genomicbackground,2357,8,2357_8
query_2358,0,genomicbackground,1,riboswitch,0.9889153838157654,2358_8_RF00050_8_NC_000913.3_3184369-3184918_ext_180-380_int_110_off_85_percentage_56_position_1-84 genomicbackground,2358,8,2358_8
query_2359,0,genomicbackground,1,riboswitch,0.9858043193817139,2359_8_RF00050_8_NC_000913.3_3184369-3184918_ext_180-380_int_110_off_90_percentage_53_position_1-79 genomicbackground,2359,8,2359_8
query_2360,0,genomicbackground,1,riboswitch,0.7491803169250488,2360_8_RF00050_8_NC_000913.3_3184369-3184918_ext_180-380_int_115_off_0_percentage_64_position_21-115 genomicbackground,2360,8,2360_8
query_2361,0,genomicbackground,0,genomicbackground,0.31911346316337585,2361_8_RF00050_8_NC_000913.3_3184369-3184918_ext_180-380_int_115_off_5_percentage_67_position_16-115 genomicbackground,2361,8,2361_8
query_2362,0,genomicbackground,0,genomicbackground,0.23695316910743713,2362_8_RF00050_8_NC_000913.3_3184369-3184918_ext_180-380_int_115_off_10_percentage_70_position_11-115 genomicbackground,2362,8,2362_8
query_2363,0,genomicbackground,1,riboswitch,0.6074466109275818,2363_8_RF00050_8_NC_000913.3_3184369-3184918_ext_180-380_int_115_off_15_percentage_74_position_6-115 genomicbackground,2363,8,2363_8
query_2364,1,riboswitch,1,riboswitch,0.9486901760101318,2364_8_RF00050_8_NC_000913.3_3184369-3184918_ext_180-380_int_115_off_20_percentage_77_position_1-115 riboswitch,2364,8,2364_8
query_2365,1,riboswitch,1,riboswitch,0.9657943844795227,2365_8_RF00050_8_NC_000913.3_3184369-3184918_ext_180-380_int_115_off_25_percentage_77_position_1-115 riboswitch,2365,8,2365_8
query_2366,1,riboswitch,1,riboswitch,0.9575849771499634,2366_8_RF00050_8_NC_000913.3_3184369-3184918_ext_180-380_int_115_off_30_percentage_77_position_1-115 riboswitch,2366,8,2366_8
query_2367,1,riboswitch,1,riboswitch,0.7915158271789551,2367_8_RF00050_8_NC_000913.3_3184369-3184918_ext_180-380_int_115_off_35_percentage_77_position_1-115 riboswitch,2367,8,2367_8
query_2368,1,riboswitch,0,genomicbackground,0.39166519045829773,2368_8_RF00050_8_NC_000913.3_3184369-3184918_ext_180-380_int_115_off_40_percentage_77_position_1-115 riboswitch,2368,8,2368_8
query_2369,1,riboswitch,1,riboswitch,0.9915733933448792,2369_8_RF00050_8_NC_000913.3_3184369-3184918_ext_180-380_int_115_off_45_percentage_77_position_1-115 riboswitch,2369,8,2369_8
query_2370,1,riboswitch,1,riboswitch,0.9770219922065735,2370_8_RF00050_8_NC_000913.3_3184369-3184918_ext_180-380_int_115_off_50_percentage_77_position_1-115 riboswitch,2370,8,2370_8
query_2371,1,riboswitch,1,riboswitch,0.9852105975151062,2371_8_RF00050_8_NC_000913.3_3184369-3184918_ext_180-380_int_115_off_55_percentage_77_position_1-114 riboswitch,2371,8,2371_8
query_2372,0,genomicbackground,1,riboswitch,0.9851013422012329,2372_8_RF00050_8_NC_000913.3_3184369-3184918_ext_180-380_int_115_off_60_percentage_73_position_1-109 genomicbackground,2372,8,2372_8
query_2373,0,genomicbackground,1,riboswitch,0.9856512546539307,2373_8_RF00050_8_NC_000913.3_3184369-3184918_ext_180-380_int_115_off_65_percentage_70_position_1-104 genomicbackground,2373,8,2373_8
query_2374,0,genomicbackground,1,riboswitch,0.9855255484580994,2374_8_RF00050_8_NC_000913.3_3184369-3184918_ext_180-380_int_115_off_70_percentage_66_position_1-99 genomicbackground,2374,8,2374_8
query_2375,0,genomicbackground,1,riboswitch,0.9982200264930725,2375_8_RF00050_8_NC_000913.3_3184369-3184918_ext_180-380_int_115_off_75_percentage_63_position_1-94 genomicbackground,2375,8,2375_8
query_2376,0,genomicbackground,1,riboswitch,0.9821277260780334,2376_8_RF00050_8_NC_000913.3_3184369-3184918_ext_180-380_int_115_off_80_percentage_60_position_1-89 genomicbackground,2376,8,2376_8
query_2377,0,genomicbackground,1,riboswitch,0.9876090288162231,2377_8_RF00050_8_NC_000913.3_3184369-3184918_ext_180-380_int_115_off_85_percentage_56_position_1-84 genomicbackground,2377,8,2377_8
query_2378,0,genomicbackground,1,riboswitch,0.6316366195678711,2378_8_RF00050_8_NC_000913.3_3184369-3184918_ext_180-380_int_120_off_0_percentage_67_position_21-120 genomicbackground,2378,8,2378_8
query_2379,0,genomicbackground,1,riboswitch,0.9045547246932983,2379_8_RF00050_8_NC_000913.3_3184369-3184918_ext_180-380_int_120_off_5_percentage_70_position_16-120 genomicbackground,2379,8,2379_8
query_2380,0,genomicbackground,0,genomicbackground,0.24856679141521454,2380_8_RF00050_8_NC_000913.3_3184369-3184918_ext_180-380_int_120_off_10_percentage_74_position_11-120 genomicbackground,2380,8,2380_8
query_2381,1,riboswitch,1,riboswitch,0.5759454965591431,2381_8_RF00050_8_NC_000913.3_3184369-3184918_ext_180-380_int_120_off_15_percentage_77_position_6-120 riboswitch,2381,8,2381_8
query_2382,1,riboswitch,1,riboswitch,0.980579674243927,2382_8_RF00050_8_NC_000913.3_3184369-3184918_ext_180-380_int_120_off_20_percentage_81_position_1-120 riboswitch,2382,8,2382_8
query_2383,1,riboswitch,1,riboswitch,0.9504768252372742,2383_8_RF00050_8_NC_000913.3_3184369-3184918_ext_180-380_int_120_off_25_percentage_81_position_1-120 riboswitch,2383,8,2383_8
query_2384,1,riboswitch,1,riboswitch,0.9615206122398376,2384_8_RF00050_8_NC_000913.3_3184369-3184918_ext_180-380_int_120_off_30_percentage_81_position_1-120 riboswitch,2384,8,2384_8
query_2385,1,riboswitch,1,riboswitch,0.9191968441009521,2385_8_RF00050_8_NC_000913.3_3184369-3184918_ext_180-380_int_120_off_35_percentage_81_position_1-120 riboswitch,2385,8,2385_8
query_2386,1,riboswitch,1,riboswitch,0.9562485218048096,2386_8_RF00050_8_NC_000913.3_3184369-3184918_ext_180-380_int_120_off_40_percentage_81_position_1-120 riboswitch,2386,8,2386_8
query_2387,1,riboswitch,1,riboswitch,0.9973449110984802,2387_8_RF00050_8_NC_000913.3_3184369-3184918_ext_180-380_int_120_off_45_percentage_81_position_1-120 riboswitch,2387,8,2387_8
query_2388,1,riboswitch,1,riboswitch,0.9879891872406006,2388_8_RF00050_8_NC_000913.3_3184369-3184918_ext_180-380_int_120_off_50_percentage_80_position_1-119 riboswitch,2388,8,2388_8
query_2389,1,riboswitch,1,riboswitch,0.9827688336372375,2389_8_RF00050_8_NC_000913.3_3184369-3184918_ext_180-380_int_120_off_55_percentage_77_position_1-114 riboswitch,2389,8,2389_8
query_2390,0,genomicbackground,1,riboswitch,0.984519362449646,2390_8_RF00050_8_NC_000913.3_3184369-3184918_ext_180-380_int_120_off_60_percentage_73_position_1-109 genomicbackground,2390,8,2390_8
query_2391,0,genomicbackground,1,riboswitch,0.986423671245575,2391_8_RF00050_8_NC_000913.3_3184369-3184918_ext_180-380_int_120_off_65_percentage_70_position_1-104 genomicbackground,2391,8,2391_8
query_2392,0,genomicbackground,1,riboswitch,0.9823712706565857,2392_8_RF00050_8_NC_000913.3_3184369-3184918_ext_180-380_int_120_off_70_percentage_66_position_1-99 genomicbackground,2392,8,2392_8
query_2393,0,genomicbackground,1,riboswitch,0.9828013777732849,2393_8_RF00050_8_NC_000913.3_3184369-3184918_ext_180-380_int_120_off_75_percentage_63_position_1-94 genomicbackground,2393,8,2393_8
query_2394,0,genomicbackground,1,riboswitch,0.978042483329773,2394_8_RF00050_8_NC_000913.3_3184369-3184918_ext_180-380_int_120_off_80_percentage_60_position_1-89 genomicbackground,2394,8,2394_8
query_2395,0,genomicbackground,0,genomicbackground,0.33267396688461304,2395_8_RF00050_8_NC_000913.3_3184369-3184918_ext_180-380_int_125_off_0_percentage_70_position_21-125 genomicbackground,2395,8,2395_8
query_2396,0,genomicbackground,1,riboswitch,0.9983571171760559,2396_8_RF00050_8_NC_000913.3_3184369-3184918_ext_180-380_int_125_off_5_percentage_74_position_16-125 genomicbackground,2396,8,2396_8
query_2397,1,riboswitch,1,riboswitch,0.7209937572479248,2397_8_RF00050_8_NC_000913.3_3184369-3184918_ext_180-380_int_125_off_10_percentage_77_position_11-125 riboswitch,2397,8,2397_8
query_2398,1,riboswitch,1,riboswitch,0.8063557147979736,2398_8_RF00050_8_NC_000913.3_3184369-3184918_ext_180-380_int_125_off_15_percentage_81_position_6-125 riboswitch,2398,8,2398_8
query_2399,1,riboswitch,1,riboswitch,0.9872387647628784,2399_8_RF00050_8_NC_000913.3_3184369-3184918_ext_180-380_int_125_off_20_percentage_84_position_1-125 riboswitch,2399,8,2399_8
query_2400,1,riboswitch,1,riboswitch,0.9935531616210938,2400_8_RF00050_8_NC_000913.3_3184369-3184918_ext_180-380_int_125_off_25_percentage_84_position_1-125 riboswitch,2400,8,2400_8
query_2401,1,riboswitch,1,riboswitch,0.9646949172019958,2401_8_RF00050_8_NC_000913.3_3184369-3184918_ext_180-380_int_125_off_30_percentage_84_position_1-125 riboswitch,2401,8,2401_8
query_2402,1,riboswitch,1,riboswitch,0.9715245962142944,2402_8_RF00050_8_NC_000913.3_3184369-3184918_ext_180-380_int_125_off_35_percentage_84_position_1-125 riboswitch,2402,8,2402_8
query_2403,1,riboswitch,1,riboswitch,0.976511538028717,2403_8_RF00050_8_NC_000913.3_3184369-3184918_ext_180-380_int_125_off_40_percentage_84_position_1-125 riboswitch,2403,8,2403_8
query_2404,1,riboswitch,1,riboswitch,0.9973462224006653,2404_8_RF00050_8_NC_000913.3_3184369-3184918_ext_180-380_int_125_off_45_percentage_83_position_1-124 riboswitch,2404,8,2404_8
query_2405,1,riboswitch,1,riboswitch,0.9707390069961548,2405_8_RF00050_8_NC_000913.3_3184369-3184918_ext_180-380_int_125_off_50_percentage_80_position_1-119 riboswitch,2405,8,2405_8
query_2406,1,riboswitch,1,riboswitch,0.98331218957901,2406_8_RF00050_8_NC_000913.3_3184369-3184918_ext_180-380_int_125_off_55_percentage_77_position_1-114 riboswitch,2406,8,2406_8
query_2407,0,genomicbackground,1,riboswitch,0.985528290271759,2407_8_RF00050_8_NC_000913.3_3184369-3184918_ext_180-380_int_125_off_60_percentage_73_position_1-109 genomicbackground,2407,8,2407_8
query_2408,0,genomicbackground,1,riboswitch,0.9928501844406128,2408_8_RF00050_8_NC_000913.3_3184369-3184918_ext_180-380_int_125_off_65_percentage_70_position_1-104 genomicbackground,2408,8,2408_8
query_2409,0,genomicbackground,1,riboswitch,0.9823089241981506,2409_8_RF00050_8_NC_000913.3_3184369-3184918_ext_180-380_int_125_off_70_percentage_66_position_1-99 genomicbackground,2409,8,2409_8
query_2410,0,genomicbackground,1,riboswitch,0.9840627908706665,2410_8_RF00050_8_NC_000913.3_3184369-3184918_ext_180-380_int_125_off_75_percentage_63_position_1-94 genomicbackground,2410,8,2410_8
query_2411,0,genomicbackground,1,riboswitch,0.9642028212547302,2411_8_RF00050_8_NC_000913.3_3184369-3184918_ext_180-380_int_130_off_0_percentage_74_position_21-130 genomicbackground,2411,8,2411_8
query_2412,1,riboswitch,1,riboswitch,0.9981696605682373,2412_8_RF00050_8_NC_000913.3_3184369-3184918_ext_180-380_int_130_off_5_percentage_77_position_16-130 riboswitch,2412,8,2412_8
query_2413,1,riboswitch,1,riboswitch,0.8717583417892456,2413_8_RF00050_8_NC_000913.3_3184369-3184918_ext_180-380_int_130_off_10_percentage_81_position_11-130 riboswitch,2413,8,2413_8
query_2414,1,riboswitch,1,riboswitch,0.7228838205337524,2414_8_RF00050_8_NC_000913.3_3184369-3184918_ext_180-380_int_130_off_15_percentage_84_position_6-130 riboswitch,2414,8,2414_8
query_2415,1,riboswitch,1,riboswitch,0.9421427249908447,2415_8_RF00050_8_NC_000913.3_3184369-3184918_ext_180-380_int_130_off_20_percentage_87_position_1-130 riboswitch,2415,8,2415_8
query_2416,1,riboswitch,1,riboswitch,0.9589513540267944,2416_8_RF00050_8_NC_000913.3_3184369-3184918_ext_180-380_int_130_off_25_percentage_87_position_1-130 riboswitch,2416,8,2416_8
query_2417,1,riboswitch,1,riboswitch,0.9623411893844604,2417_8_RF00050_8_NC_000913.3_3184369-3184918_ext_180-380_int_130_off_30_percentage_87_position_1-130 riboswitch,2417,8,2417_8
query_2418,1,riboswitch,1,riboswitch,0.978886067867279,2418_8_RF00050_8_NC_000913.3_3184369-3184918_ext_180-380_int_130_off_35_percentage_87_position_1-130 riboswitch,2418,8,2418_8
query_2419,1,riboswitch,1,riboswitch,0.9784854650497437,2419_8_RF00050_8_NC_000913.3_3184369-3184918_ext_180-380_int_130_off_40_percentage_87_position_1-129 riboswitch,2419,8,2419_8
query_2420,1,riboswitch,1,riboswitch,0.9954220652580261,2420_8_RF00050_8_NC_000913.3_3184369-3184918_ext_180-380_int_130_off_45_percentage_83_position_1-124 riboswitch,2420,8,2420_8
query_2421,1,riboswitch,1,riboswitch,0.9912785887718201,2421_8_RF00050_8_NC_000913.3_3184369-3184918_ext_180-380_int_130_off_50_percentage_80_position_1-119 riboswitch,2421,8,2421_8
query_2422,1,riboswitch,1,riboswitch,0.9812619090080261,2422_8_RF00050_8_NC_000913.3_3184369-3184918_ext_180-380_int_130_off_55_percentage_77_position_1-114 riboswitch,2422,8,2422_8
query_2423,0,genomicbackground,1,riboswitch,0.9849993586540222,2423_8_RF00050_8_NC_000913.3_3184369-3184918_ext_180-380_int_130_off_60_percentage_73_position_1-109 genomicbackground,2423,8,2423_8
query_2424,0,genomicbackground,1,riboswitch,0.9930118918418884,2424_8_RF00050_8_NC_000913.3_3184369-3184918_ext_180-380_int_130_off_65_percentage_70_position_1-104 genomicbackground,2424,8,2424_8
query_2425,0,genomicbackground,1,riboswitch,0.9820197224617004,2425_8_RF00050_8_NC_000913.3_3184369-3184918_ext_180-380_int_130_off_70_percentage_66_position_1-99 genomicbackground,2425,8,2425_8
query_2426,1,riboswitch,1,riboswitch,0.9745620489120483,2426_8_RF00050_8_NC_000913.3_3184369-3184918_ext_180-380_int_135_off_0_percentage_77_position_21-135 riboswitch,2426,8,2426_8
query_2427,1,riboswitch,1,riboswitch,0.8558887243270874,2427_8_RF00050_8_NC_000913.3_3184369-3184918_ext_180-380_int_135_off_5_percentage_81_position_16-135 riboswitch,2427,8,2427_8
query_2428,1,riboswitch,1,riboswitch,0.8165335655212402,2428_8_RF00050_8_NC_000913.3_3184369-3184918_ext_180-380_int_135_off_10_percentage_84_position_11-135 riboswitch,2428,8,2428_8
query_2429,1,riboswitch,1,riboswitch,0.959770917892456,2429_8_RF00050_8_NC_000913.3_3184369-3184918_ext_180-380_int_135_off_15_percentage_87_position_6-135 riboswitch,2429,8,2429_8
query_2430,1,riboswitch,1,riboswitch,0.9863764643669128,2430_8_RF00050_8_NC_000913.3_3184369-3184918_ext_180-380_int_135_off_20_percentage_91_position_1-135 riboswitch,2430,8,2430_8
query_2431,1,riboswitch,1,riboswitch,0.9968844056129456,2431_8_RF00050_8_NC_000913.3_3184369-3184918_ext_180-380_int_135_off_25_percentage_91_position_1-135 riboswitch,2431,8,2431_8
query_2432,1,riboswitch,1,riboswitch,0.9750303030014038,2432_8_RF00050_8_NC_000913.3_3184369-3184918_ext_180-380_int_135_off_30_percentage_91_position_1-135 riboswitch,2432,8,2432_8
query_2433,1,riboswitch,1,riboswitch,0.9830161929130554,2433_8_RF00050_8_NC_000913.3_3184369-3184918_ext_180-380_int_135_off_35_percentage_90_position_1-134 riboswitch,2433,8,2433_8
query_2434,1,riboswitch,1,riboswitch,0.9700554609298706,2434_8_RF00050_8_NC_000913.3_3184369-3184918_ext_180-380_int_135_off_40_percentage_87_position_1-129 riboswitch,2434,8,2434_8
query_2435,1,riboswitch,1,riboswitch,0.9571390748023987,2435_8_RF00050_8_NC_000913.3_3184369-3184918_ext_180-380_int_135_off_45_percentage_83_position_1-124 riboswitch,2435,8,2435_8
query_2436,1,riboswitch,1,riboswitch,0.9912576675415039,2436_8_RF00050_8_NC_000913.3_3184369-3184918_ext_180-380_int_135_off_50_percentage_80_position_1-119 riboswitch,2436,8,2436_8
query_2437,1,riboswitch,1,riboswitch,0.9893760681152344,2437_8_RF00050_8_NC_000913.3_3184369-3184918_ext_180-380_int_135_off_55_percentage_77_position_1-114 riboswitch,2437,8,2437_8
query_2438,0,genomicbackground,1,riboswitch,0.9870049953460693,2438_8_RF00050_8_NC_000913.3_3184369-3184918_ext_180-380_int_135_off_60_percentage_73_position_1-109 genomicbackground,2438,8,2438_8
query_2439,0,genomicbackground,1,riboswitch,0.9828094840049744,2439_8_RF00050_8_NC_000913.3_3184369-3184918_ext_180-380_int_135_off_65_percentage_70_position_1-104 genomicbackground,2439,8,2439_8
query_2440,1,riboswitch,1,riboswitch,0.9896324872970581,2440_8_RF00050_8_NC_000913.3_3184369-3184918_ext_180-380_int_140_off_0_percentage_81_position_21-140 riboswitch,2440,8,2440_8
query_2441,1,riboswitch,1,riboswitch,0.9992044568061829,2441_8_RF00050_8_NC_000913.3_3184369-3184918_ext_180-380_int_140_off_5_percentage_84_position_16-140 riboswitch,2441,8,2441_8
query_2442,1,riboswitch,1,riboswitch,0.9784467816352844,2442_8_RF00050_8_NC_000913.3_3184369-3184918_ext_180-380_int_140_off_10_percentage_87_position_11-140 riboswitch,2442,8,2442_8
query_2443,1,riboswitch,1,riboswitch,0.8639762997627258,2443_8_RF00050_8_NC_000913.3_3184369-3184918_ext_180-380_int_140_off_15_percentage_91_position_6-140 riboswitch,2443,8,2443_8
query_2444,1,riboswitch,1,riboswitch,0.9749816060066223,2444_8_RF00050_8_NC_000913.3_3184369-3184918_ext_180-380_int_140_off_20_percentage_94_position_1-140 riboswitch,2444,8,2444_8
query_2445,1,riboswitch,1,riboswitch,0.9989810585975647,2445_8_RF00050_8_NC_000913.3_3184369-3184918_ext_180-380_int_140_off_25_percentage_94_position_1-140 riboswitch,2445,8,2445_8
query_2446,1,riboswitch,1,riboswitch,0.9774446487426758,2446_8_RF00050_8_NC_000913.3_3184369-3184918_ext_180-380_int_140_off_30_percentage_93_position_1-139 riboswitch,2446,8,2446_8
query_2447,1,riboswitch,1,riboswitch,0.9722644090652466,2447_8_RF00050_8_NC_000913.3_3184369-3184918_ext_180-380_int_140_off_35_percentage_90_position_1-134 riboswitch,2447,8,2447_8
query_2448,1,riboswitch,1,riboswitch,0.8961982131004333,2448_8_RF00050_8_NC_000913.3_3184369-3184918_ext_180-380_int_140_off_40_percentage_87_position_1-129 riboswitch,2448,8,2448_8
query_2449,1,riboswitch,1,riboswitch,0.9682930111885071,2449_8_RF00050_8_NC_000913.3_3184369-3184918_ext_180-380_int_140_off_45_percentage_83_position_1-124 riboswitch,2449,8,2449_8
query_2450,1,riboswitch,1,riboswitch,0.9717382192611694,2450_8_RF00050_8_NC_000913.3_3184369-3184918_ext_180-380_int_140_off_50_percentage_80_position_1-119 riboswitch,2450,8,2450_8
query_2451,1,riboswitch,1,riboswitch,0.9457834959030151,2451_8_RF00050_8_NC_000913.3_3184369-3184918_ext_180-380_int_140_off_55_percentage_77_position_1-114 riboswitch,2451,8,2451_8
query_2452,0,genomicbackground,1,riboswitch,0.9864576458930969,2452_8_RF00050_8_NC_000913.3_3184369-3184918_ext_180-380_int_140_off_60_percentage_73_position_1-109 genomicbackground,2452,8,2452_8
query_2453,1,riboswitch,1,riboswitch,0.9882599115371704,2453_8_RF00050_8_NC_000913.3_3184369-3184918_ext_180-380_int_145_off_0_percentage_84_position_21-145 riboswitch,2453,8,2453_8
query_2454,1,riboswitch,1,riboswitch,0.9992751479148865,2454_8_RF00050_8_NC_000913.3_3184369-3184918_ext_180-380_int_145_off_5_percentage_87_position_16-145 riboswitch,2454,8,2454_8
query_2455,1,riboswitch,1,riboswitch,0.910786509513855,2455_8_RF00050_8_NC_000913.3_3184369-3184918_ext_180-380_int_145_off_10_percentage_91_position_11-145 riboswitch,2455,8,2455_8
query_2456,1,riboswitch,1,riboswitch,0.9580090641975403,2456_8_RF00050_8_NC_000913.3_3184369-3184918_ext_180-380_int_145_off_15_percentage_94_position_6-145 riboswitch,2456,8,2456_8
query_2457,1,riboswitch,1,riboswitch,0.9991427659988403,2457_8_RF00050_8_NC_000913.3_3184369-3184918_ext_180-380_int_145_off_20_percentage_97_position_1-145 riboswitch,2457,8,2457_8
query_2458,1,riboswitch,1,riboswitch,0.9989823698997498,2458_8_RF00050_8_NC_000913.3_3184369-3184918_ext_180-380_int_145_off_25_percentage_97_position_1-144 riboswitch,2458,8,2458_8
query_2459,1,riboswitch,1,riboswitch,0.9628021121025085,2459_8_RF00050_8_NC_000913.3_3184369-3184918_ext_180-380_int_145_off_30_percentage_93_position_1-139 riboswitch,2459,8,2459_8
query_2460,1,riboswitch,1,riboswitch,0.9894885420799255,2460_8_RF00050_8_NC_000913.3_3184369-3184918_ext_180-380_int_145_off_35_percentage_90_position_1-134 riboswitch,2460,8,2460_8
query_2461,1,riboswitch,1,riboswitch,0.9375513195991516,2461_8_RF00050_8_NC_000913.3_3184369-3184918_ext_180-380_int_145_off_40_percentage_87_position_1-129 riboswitch,2461,8,2461_8
query_2462,1,riboswitch,1,riboswitch,0.9973077774047852,2462_8_RF00050_8_NC_000913.3_3184369-3184918_ext_180-380_int_145_off_45_percentage_83_position_1-124 riboswitch,2462,8,2462_8
query_2463,1,riboswitch,1,riboswitch,0.9628242254257202,2463_8_RF00050_8_NC_000913.3_3184369-3184918_ext_180-380_int_145_off_50_percentage_80_position_1-119 riboswitch,2463,8,2463_8
query_2464,1,riboswitch,1,riboswitch,0.9839358329772949,2464_8_RF00050_8_NC_000913.3_3184369-3184918_ext_180-380_int_145_off_55_percentage_77_position_1-114 riboswitch,2464,8,2464_8
query_2465,1,riboswitch,1,riboswitch,0.9905126690864563,2465_8_RF00050_8_NC_000913.3_3184369-3184918_ext_180-380_int_150_off_0_percentage_87_position_21-150 riboswitch,2465,8,2465_8
query_2466,1,riboswitch,1,riboswitch,0.9994778037071228,2466_8_RF00050_8_NC_000913.3_3184369-3184918_ext_180-380_int_150_off_5_percentage_91_position_16-150 riboswitch,2466,8,2466_8
query_2467,1,riboswitch,1,riboswitch,0.9891179203987122,2467_8_RF00050_8_NC_000913.3_3184369-3184918_ext_180-380_int_150_off_10_percentage_94_position_11-150 riboswitch,2467,8,2467_8
query_2468,1,riboswitch,1,riboswitch,0.9951895475387573,2468_8_RF00050_8_NC_000913.3_3184369-3184918_ext_180-380_int_150_off_15_percentage_97_position_6-150 riboswitch,2468,8,2468_8
query_2469,1,riboswitch,1,riboswitch,0.9980676770210266,2469_8_RF00050_8_NC_000913.3_3184369-3184918_ext_180-380_int_150_off_20_percentage_100_position_1-149 riboswitch,2469,8,2469_8
query_2470,1,riboswitch,1,riboswitch,0.9978027939796448,2470_8_RF00050_8_NC_000913.3_3184369-3184918_ext_180-380_int_150_off_25_percentage_97_position_1-144 riboswitch,2470,8,2470_8
query_2471,1,riboswitch,1,riboswitch,0.9842945337295532,2471_8_RF00050_8_NC_000913.3_3184369-3184918_ext_180-380_int_150_off_30_percentage_93_position_1-139 riboswitch,2471,8,2471_8
query_2472,1,riboswitch,1,riboswitch,0.9528015851974487,2472_8_RF00050_8_NC_000913.3_3184369-3184918_ext_180-380_int_150_off_35_percentage_90_position_1-134 riboswitch,2472,8,2472_8
query_2473,1,riboswitch,1,riboswitch,0.9925190210342407,2473_8_RF00050_8_NC_000913.3_3184369-3184918_ext_180-380_int_150_off_40_percentage_87_position_1-129 riboswitch,2473,8,2473_8
query_2474,1,riboswitch,1,riboswitch,0.9671825170516968,2474_8_RF00050_8_NC_000913.3_3184369-3184918_ext_180-380_int_150_off_45_percentage_83_position_1-124 riboswitch,2474,8,2474_8
query_2475,1,riboswitch,1,riboswitch,0.9587143659591675,2475_8_RF00050_8_NC_000913.3_3184369-3184918_ext_180-380_int_150_off_50_percentage_80_position_1-119 riboswitch,2475,8,2475_8
query_2476,1,riboswitch,1,riboswitch,0.9945809245109558,2476_8_RF00050_8_NC_000913.3_3184369-3184918_ext_180-380_int_155_off_0_percentage_91_position_21-155 riboswitch,2476,8,2476_8
query_2477,1,riboswitch,1,riboswitch,0.971132755279541,2477_8_RF00050_8_NC_000913.3_3184369-3184918_ext_180-380_int_155_off_5_percentage_94_position_16-155 riboswitch,2477,8,2477_8
query_2478,1,riboswitch,1,riboswitch,0.9969772100448608,2478_8_RF00050_8_NC_000913.3_3184369-3184918_ext_180-380_int_155_off_10_percentage_97_position_11-155 riboswitch,2478,8,2478_8
query_2479,1,riboswitch,1,riboswitch,0.9974170923233032,2479_8_RF00050_8_NC_000913.3_3184369-3184918_ext_180-380_int_155_off_15_percentage_100_position_6-154 riboswitch,2479,8,2479_8
query_2480,1,riboswitch,1,riboswitch,0.9978273510932922,2480_8_RF00050_8_NC_000913.3_3184369-3184918_ext_180-380_int_155_off_20_percentage_100_position_1-149 riboswitch,2480,8,2480_8
query_2481,1,riboswitch,1,riboswitch,0.9572579860687256,2481_8_RF00050_8_NC_000913.3_3184369-3184918_ext_180-380_int_155_off_25_percentage_97_position_1-144 riboswitch,2481,8,2481_8
query_2482,1,riboswitch,1,riboswitch,0.9763368368148804,2482_8_RF00050_8_NC_000913.3_3184369-3184918_ext_180-380_int_155_off_30_percentage_93_position_1-139 riboswitch,2482,8,2482_8
query_2483,1,riboswitch,1,riboswitch,0.9395631551742554,2483_8_RF00050_8_NC_000913.3_3184369-3184918_ext_180-380_int_155_off_35_percentage_90_position_1-134 riboswitch,2483,8,2483_8
query_2484,1,riboswitch,1,riboswitch,0.9405517578125,2484_8_RF00050_8_NC_000913.3_3184369-3184918_ext_180-380_int_155_off_40_percentage_87_position_1-129 riboswitch,2484,8,2484_8
query_2485,1,riboswitch,1,riboswitch,0.9630470871925354,2485_8_RF00050_8_NC_000913.3_3184369-3184918_ext_180-380_int_155_off_45_percentage_83_position_1-124 riboswitch,2485,8,2485_8
query_2486,1,riboswitch,1,riboswitch,0.9568462371826172,2486_8_RF00050_8_NC_000913.3_3184369-3184918_ext_180-380_int_160_off_0_percentage_94_position_21-160 riboswitch,2486,8,2486_8
query_2487,1,riboswitch,1,riboswitch,0.9952528476715088,2487_8_RF00050_8_NC_000913.3_3184369-3184918_ext_180-380_int_160_off_5_percentage_97_position_16-160 riboswitch,2487,8,2487_8
query_2488,1,riboswitch,1,riboswitch,0.9976327419281006,2488_8_RF00050_8_NC_000913.3_3184369-3184918_ext_180-380_int_160_off_10_percentage_100_position_11-159 riboswitch,2488,8,2488_8
query_2489,1,riboswitch,1,riboswitch,0.997148334980011,2489_8_RF00050_8_NC_000913.3_3184369-3184918_ext_180-380_int_160_off_15_percentage_100_position_6-154 riboswitch,2489,8,2489_8
query_2490,1,riboswitch,1,riboswitch,0.9976553916931152,2490_8_RF00050_8_NC_000913.3_3184369-3184918_ext_180-380_int_160_off_20_percentage_100_position_1-149 riboswitch,2490,8,2490_8
query_2491,1,riboswitch,1,riboswitch,0.9776595234870911,2491_8_RF00050_8_NC_000913.3_3184369-3184918_ext_180-380_int_160_off_25_percentage_97_position_1-144 riboswitch,2491,8,2491_8
query_2492,1,riboswitch,1,riboswitch,0.9861339926719666,2492_8_RF00050_8_NC_000913.3_3184369-3184918_ext_180-380_int_160_off_30_percentage_93_position_1-139 riboswitch,2492,8,2492_8
query_2493,1,riboswitch,1,riboswitch,0.9425122737884521,2493_8_RF00050_8_NC_000913.3_3184369-3184918_ext_180-380_int_160_off_35_percentage_90_position_1-134 riboswitch,2493,8,2493_8
query_2494,1,riboswitch,1,riboswitch,0.993104875087738,2494_8_RF00050_8_NC_000913.3_3184369-3184918_ext_180-380_int_160_off_40_percentage_87_position_1-129 riboswitch,2494,8,2494_8
query_2495,1,riboswitch,1,riboswitch,0.9936973452568054,2495_8_RF00050_8_NC_000913.3_3184369-3184918_ext_180-380_int_165_off_0_percentage_97_position_21-165 riboswitch,2495,8,2495_8
query_2496,1,riboswitch,1,riboswitch,0.9974777102470398,2496_8_RF00050_8_NC_000913.3_3184369-3184918_ext_180-380_int_165_off_5_percentage_100_position_16-164 riboswitch,2496,8,2496_8
query_2497,1,riboswitch,1,riboswitch,0.9971879124641418,2497_8_RF00050_8_NC_000913.3_3184369-3184918_ext_180-380_int_165_off_10_percentage_100_position_11-159 riboswitch,2497,8,2497_8
query_2498,1,riboswitch,1,riboswitch,0.9970718622207642,2498_8_RF00050_8_NC_000913.3_3184369-3184918_ext_180-380_int_165_off_15_percentage_100_position_6-154 riboswitch,2498,8,2498_8
query_2499,1,riboswitch,1,riboswitch,0.9820173382759094,2499_8_RF00050_8_NC_000913.3_3184369-3184918_ext_180-380_int_165_off_20_percentage_100_position_1-149 riboswitch,2499,8,2499_8
query_2500,1,riboswitch,1,riboswitch,0.9977853298187256,2500_8_RF00050_8_NC_000913.3_3184369-3184918_ext_180-380_int_165_off_25_percentage_97_position_1-144 riboswitch,2500,8,2500_8
query_2501,1,riboswitch,1,riboswitch,0.9690583348274231,2501_8_RF00050_8_NC_000913.3_3184369-3184918_ext_180-380_int_165_off_30_percentage_93_position_1-139 riboswitch,2501,8,2501_8
query_2502,1,riboswitch,1,riboswitch,0.9378812909126282,2502_8_RF00050_8_NC_000913.3_3184369-3184918_ext_180-380_int_165_off_35_percentage_90_position_1-134 riboswitch,2502,8,2502_8
query_2503,1,riboswitch,1,riboswitch,0.997044026851654,2503_8_RF00050_8_NC_000913.3_3184369-3184918_ext_180-380_int_170_off_0_percentage_100_position_21-169 riboswitch,2503,8,2503_8
query_2504,1,riboswitch,1,riboswitch,0.9970316886901855,2504_8_RF00050_8_NC_000913.3_3184369-3184918_ext_180-380_int_170_off_5_percentage_100_position_16-164 riboswitch,2504,8,2504_8
query_2505,1,riboswitch,1,riboswitch,0.9971325397491455,2505_8_RF00050_8_NC_000913.3_3184369-3184918_ext_180-380_int_170_off_10_percentage_100_position_11-159 riboswitch,2505,8,2505_8
query_2506,1,riboswitch,1,riboswitch,0.9785592555999756,2506_8_RF00050_8_NC_000913.3_3184369-3184918_ext_180-380_int_170_off_15_percentage_100_position_6-154 riboswitch,2506,8,2506_8
query_2507,1,riboswitch,1,riboswitch,0.9986907839775085,2507_8_RF00050_8_NC_000913.3_3184369-3184918_ext_180-380_int_170_off_20_percentage_100_position_1-149 riboswitch,2507,8,2507_8
query_2508,1,riboswitch,1,riboswitch,0.9655526280403137,2508_8_RF00050_8_NC_000913.3_3184369-3184918_ext_180-380_int_170_off_25_percentage_97_position_1-144 riboswitch,2508,8,2508_8
query_2509,1,riboswitch,1,riboswitch,0.9677888751029968,2509_8_RF00050_8_NC_000913.3_3184369-3184918_ext_180-380_int_170_off_30_percentage_93_position_1-139 riboswitch,2509,8,2509_8
query_2510,1,riboswitch,1,riboswitch,0.9960832595825195,2510_8_RF00050_8_NC_000913.3_3184369-3184918_ext_180-380_int_175_off_0_percentage_100_position_21-169 riboswitch,2510,8,2510_8
query_2511,1,riboswitch,1,riboswitch,0.9969698190689087,2511_8_RF00050_8_NC_000913.3_3184369-3184918_ext_180-380_int_175_off_5_percentage_100_position_16-164 riboswitch,2511,8,2511_8
query_2512,1,riboswitch,1,riboswitch,0.9820804595947266,2512_8_RF00050_8_NC_000913.3_3184369-3184918_ext_180-380_int_175_off_10_percentage_100_position_11-159 riboswitch,2512,8,2512_8
query_2513,1,riboswitch,1,riboswitch,0.9983741044998169,2513_8_RF00050_8_NC_000913.3_3184369-3184918_ext_180-380_int_175_off_15_percentage_100_position_6-154 riboswitch,2513,8,2513_8
query_2514,1,riboswitch,1,riboswitch,0.9649034142494202,2514_8_RF00050_8_NC_000913.3_3184369-3184918_ext_180-380_int_175_off_20_percentage_100_position_1-149 riboswitch,2514,8,2514_8
query_2515,1,riboswitch,1,riboswitch,0.9639743566513062,2515_8_RF00050_8_NC_000913.3_3184369-3184918_ext_180-380_int_175_off_25_percentage_97_position_1-144 riboswitch,2515,8,2515_8
query_2516,1,riboswitch,1,riboswitch,0.9960377216339111,2516_8_RF00050_8_NC_000913.3_3184369-3184918_ext_180-380_int_180_off_0_percentage_100_position_21-169 riboswitch,2516,8,2516_8
query_2517,1,riboswitch,1,riboswitch,0.9989445805549622,2517_8_RF00050_8_NC_000913.3_3184369-3184918_ext_180-380_int_180_off_5_percentage_100_position_16-164 riboswitch,2517,8,2517_8
query_2518,1,riboswitch,1,riboswitch,0.9982935786247253,2518_8_RF00050_8_NC_000913.3_3184369-3184918_ext_180-380_int_180_off_10_percentage_100_position_11-159 riboswitch,2518,8,2518_8
query_2519,1,riboswitch,1,riboswitch,0.9580470323562622,2519_8_RF00050_8_NC_000913.3_3184369-3184918_ext_180-380_int_180_off_15_percentage_100_position_6-154 riboswitch,2519,8,2519_8
query_2520,1,riboswitch,1,riboswitch,0.9628467559814453,2520_8_RF00050_8_NC_000913.3_3184369-3184918_ext_180-380_int_180_off_20_percentage_100_position_1-149 riboswitch,2520,8,2520_8
query_2521,1,riboswitch,1,riboswitch,0.9777373671531677,2521_8_RF00050_8_NC_000913.3_3184369-3184918_ext_180-380_int_185_off_0_percentage_100_position_21-169 riboswitch,2521,8,2521_8
query_2522,1,riboswitch,1,riboswitch,0.9982388019561768,2522_8_RF00050_8_NC_000913.3_3184369-3184918_ext_180-380_int_185_off_5_percentage_100_position_16-164 riboswitch,2522,8,2522_8
query_2523,1,riboswitch,1,riboswitch,0.9982500672340393,2523_8_RF00050_8_NC_000913.3_3184369-3184918_ext_180-380_int_185_off_10_percentage_100_position_11-159 riboswitch,2523,8,2523_8
query_2524,1,riboswitch,1,riboswitch,0.9551275372505188,2524_8_RF00050_8_NC_000913.3_3184369-3184918_ext_180-380_int_185_off_15_percentage_100_position_6-154 riboswitch,2524,8,2524_8
query_2525,1,riboswitch,1,riboswitch,0.9979959726333618,2525_8_RF00050_8_NC_000913.3_3184369-3184918_ext_180-380_int_190_off_0_percentage_100_position_21-169 riboswitch,2525,8,2525_8
query_2526,1,riboswitch,1,riboswitch,0.9981923699378967,2526_8_RF00050_8_NC_000913.3_3184369-3184918_ext_180-380_int_190_off_5_percentage_100_position_16-164 riboswitch,2526,8,2526_8
query_2527,1,riboswitch,1,riboswitch,0.9981343150138855,2527_8_RF00050_8_NC_000913.3_3184369-3184918_ext_180-380_int_190_off_10_percentage_100_position_11-159 riboswitch,2527,8,2527_8
query_2528,1,riboswitch,1,riboswitch,0.9979463219642639,2528_8_RF00050_8_NC_000913.3_3184369-3184918_ext_180-380_int_195_off_0_percentage_100_position_21-169 riboswitch,2528,8,2528_8
query_2529,1,riboswitch,1,riboswitch,0.9522572159767151,2529_8_RF00050_8_NC_000913.3_3184369-3184918_ext_180-380_int_195_off_5_percentage_100_position_16-164 riboswitch,2529,8,2529_8
query_2530,1,riboswitch,1,riboswitch,0.958359956741333,2530_8_RF00050_8_NC_000913.3_3184369-3184918_ext_180-380_int_200_off_0_percentage_100_position_21-169 riboswitch,2530,8,2530_8
query_2531,0,genomicbackground,1,riboswitch,0.9059815406799316,2531_8_RF00050_8_NC_000913.3_3184369-3184918_ext_200-400_int_95_off_0_percentage_64_position_1-95 genomicbackground,2531,8,2531_8
query_2532,0,genomicbackground,1,riboswitch,0.5719267725944519,2532_8_RF00050_8_NC_000913.3_3184369-3184918_ext_200-400_int_95_off_5_percentage_64_position_1-95 genomicbackground,2532,8,2532_8
query_2533,0,genomicbackground,1,riboswitch,0.8850573301315308,2533_8_RF00050_8_NC_000913.3_3184369-3184918_ext_200-400_int_95_off_10_percentage_64_position_1-95 genomicbackground,2533,8,2533_8
query_2534,0,genomicbackground,1,riboswitch,0.5874842405319214,2534_8_RF00050_8_NC_000913.3_3184369-3184918_ext_200-400_int_95_off_15_percentage_64_position_1-95 genomicbackground,2534,8,2534_8
query_2535,0,genomicbackground,0,genomicbackground,0.011819771490991116,2535_8_RF00050_8_NC_000913.3_3184369-3184918_ext_200-400_int_95_off_20_percentage_64_position_1-95 genomicbackground,2535,8,2535_8
query_2536,0,genomicbackground,1,riboswitch,0.9386395812034607,2536_8_RF00050_8_NC_000913.3_3184369-3184918_ext_200-400_int_95_off_25_percentage_64_position_1-95 genomicbackground,2536,8,2536_8
query_2537,0,genomicbackground,1,riboswitch,0.9651657938957214,2537_8_RF00050_8_NC_000913.3_3184369-3184918_ext_200-400_int_95_off_30_percentage_64_position_1-95 genomicbackground,2537,8,2537_8
query_2538,0,genomicbackground,1,riboswitch,0.9140080809593201,2538_8_RF00050_8_NC_000913.3_3184369-3184918_ext_200-400_int_95_off_35_percentage_64_position_1-95 genomicbackground,2538,8,2538_8
query_2539,0,genomicbackground,1,riboswitch,0.9718285202980042,2539_8_RF00050_8_NC_000913.3_3184369-3184918_ext_200-400_int_95_off_40_percentage_64_position_1-95 genomicbackground,2539,8,2539_8
query_2540,0,genomicbackground,1,riboswitch,0.9866622090339661,2540_8_RF00050_8_NC_000913.3_3184369-3184918_ext_200-400_int_95_off_45_percentage_64_position_1-95 genomicbackground,2540,8,2540_8
query_2541,0,genomicbackground,1,riboswitch,0.9881259202957153,2541_8_RF00050_8_NC_000913.3_3184369-3184918_ext_200-400_int_95_off_50_percentage_64_position_1-95 genomicbackground,2541,8,2541_8
query_2542,0,genomicbackground,1,riboswitch,0.9888206720352173,2542_8_RF00050_8_NC_000913.3_3184369-3184918_ext_200-400_int_95_off_55_percentage_63_position_1-94 genomicbackground,2542,8,2542_8
query_2543,0,genomicbackground,1,riboswitch,0.995650589466095,2543_8_RF00050_8_NC_000913.3_3184369-3184918_ext_200-400_int_95_off_60_percentage_60_position_1-89 genomicbackground,2543,8,2543_8
query_2544,0,genomicbackground,1,riboswitch,0.9837770462036133,2544_8_RF00050_8_NC_000913.3_3184369-3184918_ext_200-400_int_95_off_65_percentage_56_position_1-84 genomicbackground,2544,8,2544_8
query_2545,0,genomicbackground,1,riboswitch,0.9800822138786316,2545_8_RF00050_8_NC_000913.3_3184369-3184918_ext_200-400_int_95_off_70_percentage_53_position_1-79 genomicbackground,2545,8,2545_8
query_2546,0,genomicbackground,1,riboswitch,0.986170768737793,2546_8_RF00050_8_NC_000913.3_3184369-3184918_ext_200-400_int_95_off_75_percentage_50_position_1-74 genomicbackground,2546,8,2546_8
query_2547,0,genomicbackground,1,riboswitch,0.9763340950012207,2547_8_RF00050_8_NC_000913.3_3184369-3184918_ext_200-400_int_95_off_80_percentage_46_position_1-69 genomicbackground,2547,8,2547_8
query_2548,0,genomicbackground,1,riboswitch,0.9736225008964539,2548_8_RF00050_8_NC_000913.3_3184369-3184918_ext_200-400_int_95_off_85_percentage_43_position_1-64 genomicbackground,2548,8,2548_8
query_2549,0,genomicbackground,1,riboswitch,0.9968010187149048,2549_8_RF00050_8_NC_000913.3_3184369-3184918_ext_200-400_int_95_off_90_percentage_40_position_1-59 genomicbackground,2549,8,2549_8
query_2550,0,genomicbackground,1,riboswitch,0.99687260389328,2550_8_RF00050_8_NC_000913.3_3184369-3184918_ext_200-400_int_95_off_95_percentage_36_position_1-54 genomicbackground,2550,8,2550_8
query_2551,0,genomicbackground,1,riboswitch,0.9865328073501587,2551_8_RF00050_8_NC_000913.3_3184369-3184918_ext_200-400_int_95_off_100_percentage_33_position_1-49 genomicbackground,2551,8,2551_8
query_2552,0,genomicbackground,1,riboswitch,0.9664480686187744,2552_8_RF00050_8_NC_000913.3_3184369-3184918_ext_200-400_int_95_off_105_percentage_30_position_1-44 genomicbackground,2552,8,2552_8
query_2553,0,genomicbackground,1,riboswitch,0.8230326175689697,2553_8_RF00050_8_NC_000913.3_3184369-3184918_ext_200-400_int_100_off_0_percentage_67_position_1-100 genomicbackground,2553,8,2553_8
query_2554,0,genomicbackground,1,riboswitch,0.8606820106506348,2554_8_RF00050_8_NC_000913.3_3184369-3184918_ext_200-400_int_100_off_5_percentage_67_position_1-100 genomicbackground,2554,8,2554_8
query_2555,0,genomicbackground,1,riboswitch,0.9227193593978882,2555_8_RF00050_8_NC_000913.3_3184369-3184918_ext_200-400_int_100_off_10_percentage_67_position_1-100 genomicbackground,2555,8,2555_8
query_2556,0,genomicbackground,0,genomicbackground,0.3671114146709442,2556_8_RF00050_8_NC_000913.3_3184369-3184918_ext_200-400_int_100_off_15_percentage_67_position_1-100 genomicbackground,2556,8,2556_8
query_2557,0,genomicbackground,0,genomicbackground,0.38357898592948914,2557_8_RF00050_8_NC_000913.3_3184369-3184918_ext_200-400_int_100_off_20_percentage_67_position_1-100 genomicbackground,2557,8,2557_8
query_2558,0,genomicbackground,1,riboswitch,0.9274774789810181,2558_8_RF00050_8_NC_000913.3_3184369-3184918_ext_200-400_int_100_off_25_percentage_67_position_1-100 genomicbackground,2558,8,2558_8
query_2559,0,genomicbackground,1,riboswitch,0.9618979096412659,2559_8_RF00050_8_NC_000913.3_3184369-3184918_ext_200-400_int_100_off_30_percentage_67_position_1-100 genomicbackground,2559,8,2559_8
query_2560,0,genomicbackground,1,riboswitch,0.9838991165161133,2560_8_RF00050_8_NC_000913.3_3184369-3184918_ext_200-400_int_100_off_35_percentage_67_position_1-100 genomicbackground,2560,8,2560_8
query_2561,0,genomicbackground,1,riboswitch,0.9811819195747375,2561_8_RF00050_8_NC_000913.3_3184369-3184918_ext_200-400_int_100_off_40_percentage_67_position_1-100 genomicbackground,2561,8,2561_8
query_2562,0,genomicbackground,1,riboswitch,0.9882057905197144,2562_8_RF00050_8_NC_000913.3_3184369-3184918_ext_200-400_int_100_off_45_percentage_67_position_1-100 genomicbackground,2562,8,2562_8
query_2563,0,genomicbackground,1,riboswitch,0.9954171180725098,2563_8_RF00050_8_NC_000913.3_3184369-3184918_ext_200-400_int_100_off_50_percentage_66_position_1-99 genomicbackground,2563,8,2563_8
query_2564,0,genomicbackground,1,riboswitch,0.9882681965827942,2564_8_RF00050_8_NC_000913.3_3184369-3184918_ext_200-400_int_100_off_55_percentage_63_position_1-94 genomicbackground,2564,8,2564_8
query_2565,0,genomicbackground,1,riboswitch,0.9950189590454102,2565_8_RF00050_8_NC_000913.3_3184369-3184918_ext_200-400_int_100_off_60_percentage_60_position_1-89 genomicbackground,2565,8,2565_8
query_2566,0,genomicbackground,1,riboswitch,0.99201500415802,2566_8_RF00050_8_NC_000913.3_3184369-3184918_ext_200-400_int_100_off_65_percentage_56_position_1-84 genomicbackground,2566,8,2566_8
query_2567,0,genomicbackground,1,riboswitch,0.9935986995697021,2567_8_RF00050_8_NC_000913.3_3184369-3184918_ext_200-400_int_100_off_70_percentage_53_position_1-79 genomicbackground,2567,8,2567_8
query_2568,0,genomicbackground,1,riboswitch,0.980655312538147,2568_8_RF00050_8_NC_000913.3_3184369-3184918_ext_200-400_int_100_off_75_percentage_50_position_1-74 genomicbackground,2568,8,2568_8
query_2569,0,genomicbackground,1,riboswitch,0.9662216901779175,2569_8_RF00050_8_NC_000913.3_3184369-3184918_ext_200-400_int_100_off_80_percentage_46_position_1-69 genomicbackground,2569,8,2569_8
query_2570,0,genomicbackground,1,riboswitch,0.9963674545288086,2570_8_RF00050_8_NC_000913.3_3184369-3184918_ext_200-400_int_100_off_85_percentage_43_position_1-64 genomicbackground,2570,8,2570_8
query_2571,0,genomicbackground,1,riboswitch,0.9966686367988586,2571_8_RF00050_8_NC_000913.3_3184369-3184918_ext_200-400_int_100_off_90_percentage_40_position_1-59 genomicbackground,2571,8,2571_8
query_2572,0,genomicbackground,1,riboswitch,0.99654620885849,2572_8_RF00050_8_NC_000913.3_3184369-3184918_ext_200-400_int_100_off_95_percentage_36_position_1-54 genomicbackground,2572,8,2572_8
query_2573,0,genomicbackground,1,riboswitch,0.9855676889419556,2573_8_RF00050_8_NC_000913.3_3184369-3184918_ext_200-400_int_100_off_100_percentage_33_position_1-49 genomicbackground,2573,8,2573_8
query_2574,0,genomicbackground,1,riboswitch,0.9837252497673035,2574_8_RF00050_8_NC_000913.3_3184369-3184918_ext_200-400_int_105_off_0_percentage_70_position_1-105 genomicbackground,2574,8,2574_8
query_2575,0,genomicbackground,1,riboswitch,0.9085557460784912,2575_8_RF00050_8_NC_000913.3_3184369-3184918_ext_200-400_int_105_off_5_percentage_70_position_1-105 genomicbackground,2575,8,2575_8
query_2576,0,genomicbackground,1,riboswitch,0.898851215839386,2576_8_RF00050_8_NC_000913.3_3184369-3184918_ext_200-400_int_105_off_10_percentage_70_position_1-105 genomicbackground,2576,8,2576_8
query_2577,0,genomicbackground,1,riboswitch,0.901949942111969,2577_8_RF00050_8_NC_000913.3_3184369-3184918_ext_200-400_int_105_off_15_percentage_70_position_1-105 genomicbackground,2577,8,2577_8
query_2578,0,genomicbackground,0,genomicbackground,0.4754343628883362,2578_8_RF00050_8_NC_000913.3_3184369-3184918_ext_200-400_int_105_off_20_percentage_70_position_1-105 genomicbackground,2578,8,2578_8
query_2579,0,genomicbackground,1,riboswitch,0.9537354707717896,2579_8_RF00050_8_NC_000913.3_3184369-3184918_ext_200-400_int_105_off_25_percentage_70_position_1-105 genomicbackground,2579,8,2579_8
query_2580,0,genomicbackground,1,riboswitch,0.96180659532547,2580_8_RF00050_8_NC_000913.3_3184369-3184918_ext_200-400_int_105_off_30_percentage_70_position_1-105 genomicbackground,2580,8,2580_8
query_2581,0,genomicbackground,1,riboswitch,0.9799546599388123,2581_8_RF00050_8_NC_000913.3_3184369-3184918_ext_200-400_int_105_off_35_percentage_70_position_1-105 genomicbackground,2581,8,2581_8
query_2582,0,genomicbackground,1,riboswitch,0.986234724521637,2582_8_RF00050_8_NC_000913.3_3184369-3184918_ext_200-400_int_105_off_40_percentage_70_position_1-105 genomicbackground,2582,8,2582_8
query_2583,0,genomicbackground,1,riboswitch,0.9873037934303284,2583_8_RF00050_8_NC_000913.3_3184369-3184918_ext_200-400_int_105_off_45_percentage_70_position_1-104 genomicbackground,2583,8,2583_8
query_2584,0,genomicbackground,1,riboswitch,0.9874229431152344,2584_8_RF00050_8_NC_000913.3_3184369-3184918_ext_200-400_int_105_off_50_percentage_66_position_1-99 genomicbackground,2584,8,2584_8
query_2585,0,genomicbackground,1,riboswitch,0.9860498309135437,2585_8_RF00050_8_NC_000913.3_3184369-3184918_ext_200-400_int_105_off_55_percentage_63_position_1-94 genomicbackground,2585,8,2585_8
query_2586,0,genomicbackground,1,riboswitch,0.9951959252357483,2586_8_RF00050_8_NC_000913.3_3184369-3184918_ext_200-400_int_105_off_60_percentage_60_position_1-89 genomicbackground,2586,8,2586_8
query_2587,0,genomicbackground,1,riboswitch,0.9881856441497803,2587_8_RF00050_8_NC_000913.3_3184369-3184918_ext_200-400_int_105_off_65_percentage_56_position_1-84 genomicbackground,2587,8,2587_8
query_2588,0,genomicbackground,1,riboswitch,0.9881949424743652,2588_8_RF00050_8_NC_000913.3_3184369-3184918_ext_200-400_int_105_off_70_percentage_53_position_1-79 genomicbackground,2588,8,2588_8
query_2589,0,genomicbackground,1,riboswitch,0.9814148545265198,2589_8_RF00050_8_NC_000913.3_3184369-3184918_ext_200-400_int_105_off_75_percentage_50_position_1-74 genomicbackground,2589,8,2589_8
query_2590,0,genomicbackground,1,riboswitch,0.9990012049674988,2590_8_RF00050_8_NC_000913.3_3184369-3184918_ext_200-400_int_105_off_80_percentage_46_position_1-69 genomicbackground,2590,8,2590_8
query_2591,0,genomicbackground,1,riboswitch,0.9962270259857178,2591_8_RF00050_8_NC_000913.3_3184369-3184918_ext_200-400_int_105_off_85_percentage_43_position_1-64 genomicbackground,2591,8,2591_8
query_2592,0,genomicbackground,1,riboswitch,0.9962998032569885,2592_8_RF00050_8_NC_000913.3_3184369-3184918_ext_200-400_int_105_off_90_percentage_40_position_1-59 genomicbackground,2592,8,2592_8
query_2593,0,genomicbackground,1,riboswitch,0.99678635597229,2593_8_RF00050_8_NC_000913.3_3184369-3184918_ext_200-400_int_105_off_95_percentage_36_position_1-54 genomicbackground,2593,8,2593_8
query_2594,0,genomicbackground,1,riboswitch,0.9844290018081665,2594_8_RF00050_8_NC_000913.3_3184369-3184918_ext_200-400_int_110_off_0_percentage_74_position_1-110 genomicbackground,2594,8,2594_8
query_2595,0,genomicbackground,1,riboswitch,0.8465543389320374,2595_8_RF00050_8_NC_000913.3_3184369-3184918_ext_200-400_int_110_off_5_percentage_74_position_1-110 genomicbackground,2595,8,2595_8
query_2596,0,genomicbackground,1,riboswitch,0.9651883244514465,2596_8_RF00050_8_NC_000913.3_3184369-3184918_ext_200-400_int_110_off_10_percentage_74_position_1-110 genomicbackground,2596,8,2596_8
query_2597,0,genomicbackground,1,riboswitch,0.81409752368927,2597_8_RF00050_8_NC_000913.3_3184369-3184918_ext_200-400_int_110_off_15_percentage_74_position_1-110 genomicbackground,2597,8,2597_8
query_2598,0,genomicbackground,1,riboswitch,0.9520436525344849,2598_8_RF00050_8_NC_000913.3_3184369-3184918_ext_200-400_int_110_off_20_percentage_74_position_1-110 genomicbackground,2598,8,2598_8
query_2599,0,genomicbackground,1,riboswitch,0.8897989392280579,2599_8_RF00050_8_NC_000913.3_3184369-3184918_ext_200-400_int_110_off_25_percentage_74_position_1-110 genomicbackground,2599,8,2599_8
query_2600,0,genomicbackground,1,riboswitch,0.937981128692627,2600_8_RF00050_8_NC_000913.3_3184369-3184918_ext_200-400_int_110_off_30_percentage_74_position_1-110 genomicbackground,2600,8,2600_8
query_2601,0,genomicbackground,1,riboswitch,0.9847602248191833,2601_8_RF00050_8_NC_000913.3_3184369-3184918_ext_200-400_int_110_off_35_percentage_74_position_1-110 genomicbackground,2601,8,2601_8
query_2602,0,genomicbackground,1,riboswitch,0.9866272807121277,2602_8_RF00050_8_NC_000913.3_3184369-3184918_ext_200-400_int_110_off_40_percentage_73_position_1-109 genomicbackground,2602,8,2602_8
query_2603,0,genomicbackground,1,riboswitch,0.9877123236656189,2603_8_RF00050_8_NC_000913.3_3184369-3184918_ext_200-400_int_110_off_45_percentage_70_position_1-104 genomicbackground,2603,8,2603_8
query_2604,0,genomicbackground,1,riboswitch,0.9846876263618469,2604_8_RF00050_8_NC_000913.3_3184369-3184918_ext_200-400_int_110_off_50_percentage_66_position_1-99 genomicbackground,2604,8,2604_8
query_2605,0,genomicbackground,1,riboswitch,0.9983148574829102,2605_8_RF00050_8_NC_000913.3_3184369-3184918_ext_200-400_int_110_off_55_percentage_63_position_1-94 genomicbackground,2605,8,2605_8
query_2606,0,genomicbackground,1,riboswitch,0.9956121444702148,2606_8_RF00050_8_NC_000913.3_3184369-3184918_ext_200-400_int_110_off_60_percentage_60_position_1-89 genomicbackground,2606,8,2606_8
query_2607,0,genomicbackground,1,riboswitch,0.9889153838157654,2607_8_RF00050_8_NC_000913.3_3184369-3184918_ext_200-400_int_110_off_65_percentage_56_position_1-84 genomicbackground,2607,8,2607_8
query_2608,0,genomicbackground,1,riboswitch,0.9858043193817139,2608_8_RF00050_8_NC_000913.3_3184369-3184918_ext_200-400_int_110_off_70_percentage_53_position_1-79 genomicbackground,2608,8,2608_8
query_2609,0,genomicbackground,1,riboswitch,0.9963827133178711,2609_8_RF00050_8_NC_000913.3_3184369-3184918_ext_200-400_int_110_off_75_percentage_50_position_1-74 genomicbackground,2609,8,2609_8
query_2610,0,genomicbackground,1,riboswitch,0.9960643649101257,2610_8_RF00050_8_NC_000913.3_3184369-3184918_ext_200-400_int_110_off_80_percentage_46_position_1-69 genomicbackground,2610,8,2610_8
query_2611,0,genomicbackground,1,riboswitch,0.9957929849624634,2611_8_RF00050_8_NC_000913.3_3184369-3184918_ext_200-400_int_110_off_85_percentage_43_position_1-64 genomicbackground,2611,8,2611_8
query_2612,0,genomicbackground,1,riboswitch,0.9959979057312012,2612_8_RF00050_8_NC_000913.3_3184369-3184918_ext_200-400_int_110_off_90_percentage_40_position_1-59 genomicbackground,2612,8,2612_8
query_2613,1,riboswitch,1,riboswitch,0.9486901760101318,2613_8_RF00050_8_NC_000913.3_3184369-3184918_ext_200-400_int_115_off_0_percentage_77_position_1-115 riboswitch,2613,8,2613_8
query_2614,1,riboswitch,1,riboswitch,0.9657943844795227,2614_8_RF00050_8_NC_000913.3_3184369-3184918_ext_200-400_int_115_off_5_percentage_77_position_1-115 riboswitch,2614,8,2614_8
query_2615,1,riboswitch,1,riboswitch,0.9575849771499634,2615_8_RF00050_8_NC_000913.3_3184369-3184918_ext_200-400_int_115_off_10_percentage_77_position_1-115 riboswitch,2615,8,2615_8
query_2616,1,riboswitch,1,riboswitch,0.7915157079696655,2616_8_RF00050_8_NC_000913.3_3184369-3184918_ext_200-400_int_115_off_15_percentage_77_position_1-115 riboswitch,2616,8,2616_8
query_2617,1,riboswitch,0,genomicbackground,0.39166533946990967,2617_8_RF00050_8_NC_000913.3_3184369-3184918_ext_200-400_int_115_off_20_percentage_77_position_1-115 riboswitch,2617,8,2617_8
query_2618,1,riboswitch,1,riboswitch,0.9915733933448792,2618_8_RF00050_8_NC_000913.3_3184369-3184918_ext_200-400_int_115_off_25_percentage_77_position_1-115 riboswitch,2618,8,2618_8
query_2619,1,riboswitch,1,riboswitch,0.9770219922065735,2619_8_RF00050_8_NC_000913.3_3184369-3184918_ext_200-400_int_115_off_30_percentage_77_position_1-115 riboswitch,2619,8,2619_8
query_2620,1,riboswitch,1,riboswitch,0.9852105975151062,2620_8_RF00050_8_NC_000913.3_3184369-3184918_ext_200-400_int_115_off_35_percentage_77_position_1-114 riboswitch,2620,8,2620_8
query_2621,0,genomicbackground,1,riboswitch,0.9851013422012329,2621_8_RF00050_8_NC_000913.3_3184369-3184918_ext_200-400_int_115_off_40_percentage_73_position_1-109 genomicbackground,2621,8,2621_8
query_2622,0,genomicbackground,1,riboswitch,0.9856512546539307,2622_8_RF00050_8_NC_000913.3_3184369-3184918_ext_200-400_int_115_off_45_percentage_70_position_1-104 genomicbackground,2622,8,2622_8
query_2623,0,genomicbackground,1,riboswitch,0.9855255484580994,2623_8_RF00050_8_NC_000913.3_3184369-3184918_ext_200-400_int_115_off_50_percentage_66_position_1-99 genomicbackground,2623,8,2623_8
query_2624,0,genomicbackground,1,riboswitch,0.9982200264930725,2624_8_RF00050_8_NC_000913.3_3184369-3184918_ext_200-400_int_115_off_55_percentage_63_position_1-94 genomicbackground,2624,8,2624_8
query_2625,0,genomicbackground,1,riboswitch,0.9821277260780334,2625_8_RF00050_8_NC_000913.3_3184369-3184918_ext_200-400_int_115_off_60_percentage_60_position_1-89 genomicbackground,2625,8,2625_8
query_2626,0,genomicbackground,1,riboswitch,0.9876090288162231,2626_8_RF00050_8_NC_000913.3_3184369-3184918_ext_200-400_int_115_off_65_percentage_56_position_1-84 genomicbackground,2626,8,2626_8
query_2627,0,genomicbackground,1,riboswitch,0.9966291785240173,2627_8_RF00050_8_NC_000913.3_3184369-3184918_ext_200-400_int_115_off_70_percentage_53_position_1-79 genomicbackground,2627,8,2627_8
query_2628,0,genomicbackground,1,riboswitch,0.9964627623558044,2628_8_RF00050_8_NC_000913.3_3184369-3184918_ext_200-400_int_115_off_75_percentage_50_position_1-74 genomicbackground,2628,8,2628_8
query_2629,0,genomicbackground,1,riboswitch,0.9987899661064148,2629_8_RF00050_8_NC_000913.3_3184369-3184918_ext_200-400_int_115_off_80_percentage_46_position_1-69 genomicbackground,2629,8,2629_8
query_2630,0,genomicbackground,1,riboswitch,0.9959404468536377,2630_8_RF00050_8_NC_000913.3_3184369-3184918_ext_200-400_int_115_off_85_percentage_43_position_1-64 genomicbackground,2630,8,2630_8
query_2631,1,riboswitch,1,riboswitch,0.980579674243927,2631_8_RF00050_8_NC_000913.3_3184369-3184918_ext_200-400_int_120_off_0_percentage_81_position_1-120 riboswitch,2631,8,2631_8
query_2632,1,riboswitch,1,riboswitch,0.9504768252372742,2632_8_RF00050_8_NC_000913.3_3184369-3184918_ext_200-400_int_120_off_5_percentage_81_position_1-120 riboswitch,2632,8,2632_8
query_2633,1,riboswitch,1,riboswitch,0.9615206122398376,2633_8_RF00050_8_NC_000913.3_3184369-3184918_ext_200-400_int_120_off_10_percentage_81_position_1-120 riboswitch,2633,8,2633_8
query_2634,1,riboswitch,1,riboswitch,0.9191968441009521,2634_8_RF00050_8_NC_000913.3_3184369-3184918_ext_200-400_int_120_off_15_percentage_81_position_1-120 riboswitch,2634,8,2634_8
query_2635,1,riboswitch,1,riboswitch,0.9562485218048096,2635_8_RF00050_8_NC_000913.3_3184369-3184918_ext_200-400_int_120_off_20_percentage_81_position_1-120 riboswitch,2635,8,2635_8
query_2636,1,riboswitch,1,riboswitch,0.9973449110984802,2636_8_RF00050_8_NC_000913.3_3184369-3184918_ext_200-400_int_120_off_25_percentage_81_position_1-120 riboswitch,2636,8,2636_8
query_2637,1,riboswitch,1,riboswitch,0.9879891872406006,2637_8_RF00050_8_NC_000913.3_3184369-3184918_ext_200-400_int_120_off_30_percentage_80_position_1-119 riboswitch,2637,8,2637_8
query_2638,1,riboswitch,1,riboswitch,0.9827688336372375,2638_8_RF00050_8_NC_000913.3_3184369-3184918_ext_200-400_int_120_off_35_percentage_77_position_1-114 riboswitch,2638,8,2638_8
query_2639,0,genomicbackground,1,riboswitch,0.984519362449646,2639_8_RF00050_8_NC_000913.3_3184369-3184918_ext_200-400_int_120_off_40_percentage_73_position_1-109 genomicbackground,2639,8,2639_8
query_2640,0,genomicbackground,1,riboswitch,0.986423671245575,2640_8_RF00050_8_NC_000913.3_3184369-3184918_ext_200-400_int_120_off_45_percentage_70_position_1-104 genomicbackground,2640,8,2640_8
query_2641,0,genomicbackground,1,riboswitch,0.9823712706565857,2641_8_RF00050_8_NC_000913.3_3184369-3184918_ext_200-400_int_120_off_50_percentage_66_position_1-99 genomicbackground,2641,8,2641_8
query_2642,0,genomicbackground,1,riboswitch,0.9828013777732849,2642_8_RF00050_8_NC_000913.3_3184369-3184918_ext_200-400_int_120_off_55_percentage_63_position_1-94 genomicbackground,2642,8,2642_8
query_2643,0,genomicbackground,1,riboswitch,0.978042483329773,2643_8_RF00050_8_NC_000913.3_3184369-3184918_ext_200-400_int_120_off_60_percentage_60_position_1-89 genomicbackground,2643,8,2643_8
query_2644,0,genomicbackground,1,riboswitch,0.9966278672218323,2644_8_RF00050_8_NC_000913.3_3184369-3184918_ext_200-400_int_120_off_65_percentage_56_position_1-84 genomicbackground,2644,8,2644_8
query_2645,0,genomicbackground,1,riboswitch,0.996649444103241,2645_8_RF00050_8_NC_000913.3_3184369-3184918_ext_200-400_int_120_off_70_percentage_53_position_1-79 genomicbackground,2645,8,2645_8
query_2646,0,genomicbackground,1,riboswitch,0.9957850575447083,2646_8_RF00050_8_NC_000913.3_3184369-3184918_ext_200-400_int_120_off_75_percentage_50_position_1-74 genomicbackground,2646,8,2646_8
query_2647,0,genomicbackground,1,riboswitch,0.998967170715332,2647_8_RF00050_8_NC_000913.3_3184369-3184918_ext_200-400_int_120_off_80_percentage_46_position_1-69 genomicbackground,2647,8,2647_8
query_2648,1,riboswitch,1,riboswitch,0.9872388243675232,2648_8_RF00050_8_NC_000913.3_3184369-3184918_ext_200-400_int_125_off_0_percentage_84_position_1-125 riboswitch,2648,8,2648_8
query_2649,1,riboswitch,1,riboswitch,0.9935531616210938,2649_8_RF00050_8_NC_000913.3_3184369-3184918_ext_200-400_int_125_off_5_percentage_84_position_1-125 riboswitch,2649,8,2649_8
query_2650,1,riboswitch,1,riboswitch,0.9646949172019958,2650_8_RF00050_8_NC_000913.3_3184369-3184918_ext_200-400_int_125_off_10_percentage_84_position_1-125 riboswitch,2650,8,2650_8
query_2651,1,riboswitch,1,riboswitch,0.9715245962142944,2651_8_RF00050_8_NC_000913.3_3184369-3184918_ext_200-400_int_125_off_15_percentage_84_position_1-125 riboswitch,2651,8,2651_8
query_2652,1,riboswitch,1,riboswitch,0.976511538028717,2652_8_RF00050_8_NC_000913.3_3184369-3184918_ext_200-400_int_125_off_20_percentage_84_position_1-125 riboswitch,2652,8,2652_8
query_2653,1,riboswitch,1,riboswitch,0.9973462224006653,2653_8_RF00050_8_NC_000913.3_3184369-3184918_ext_200-400_int_125_off_25_percentage_83_position_1-124 riboswitch,2653,8,2653_8
query_2654,1,riboswitch,1,riboswitch,0.9707390069961548,2654_8_RF00050_8_NC_000913.3_3184369-3184918_ext_200-400_int_125_off_30_percentage_80_position_1-119 riboswitch,2654,8,2654_8
query_2655,1,riboswitch,1,riboswitch,0.98331218957901,2655_8_RF00050_8_NC_000913.3_3184369-3184918_ext_200-400_int_125_off_35_percentage_77_position_1-114 riboswitch,2655,8,2655_8
query_2656,0,genomicbackground,1,riboswitch,0.985528290271759,2656_8_RF00050_8_NC_000913.3_3184369-3184918_ext_200-400_int_125_off_40_percentage_73_position_1-109 genomicbackground,2656,8,2656_8
query_2657,0,genomicbackground,1,riboswitch,0.9928501844406128,2657_8_RF00050_8_NC_000913.3_3184369-3184918_ext_200-400_int_125_off_45_percentage_70_position_1-104 genomicbackground,2657,8,2657_8
query_2658,0,genomicbackground,1,riboswitch,0.9823089241981506,2658_8_RF00050_8_NC_000913.3_3184369-3184918_ext_200-400_int_125_off_50_percentage_66_position_1-99 genomicbackground,2658,8,2658_8
query_2659,0,genomicbackground,1,riboswitch,0.9840627908706665,2659_8_RF00050_8_NC_000913.3_3184369-3184918_ext_200-400_int_125_off_55_percentage_63_position_1-94 genomicbackground,2659,8,2659_8
query_2660,0,genomicbackground,1,riboswitch,0.9766966104507446,2660_8_RF00050_8_NC_000913.3_3184369-3184918_ext_200-400_int_125_off_60_percentage_60_position_1-89 genomicbackground,2660,8,2660_8
query_2661,0,genomicbackground,1,riboswitch,0.9966314435005188,2661_8_RF00050_8_NC_000913.3_3184369-3184918_ext_200-400_int_125_off_65_percentage_56_position_1-84 genomicbackground,2661,8,2661_8
query_2662,0,genomicbackground,1,riboswitch,0.9963132739067078,2662_8_RF00050_8_NC_000913.3_3184369-3184918_ext_200-400_int_125_off_70_percentage_53_position_1-79 genomicbackground,2662,8,2662_8
query_2663,0,genomicbackground,1,riboswitch,0.995712161064148,2663_8_RF00050_8_NC_000913.3_3184369-3184918_ext_200-400_int_125_off_75_percentage_50_position_1-74 genomicbackground,2663,8,2663_8
query_2664,1,riboswitch,1,riboswitch,0.9421427249908447,2664_8_RF00050_8_NC_000913.3_3184369-3184918_ext_200-400_int_130_off_0_percentage_87_position_1-130 riboswitch,2664,8,2664_8
query_2665,1,riboswitch,1,riboswitch,0.9589513540267944,2665_8_RF00050_8_NC_000913.3_3184369-3184918_ext_200-400_int_130_off_5_percentage_87_position_1-130 riboswitch,2665,8,2665_8
query_2666,1,riboswitch,1,riboswitch,0.9623411893844604,2666_8_RF00050_8_NC_000913.3_3184369-3184918_ext_200-400_int_130_off_10_percentage_87_position_1-130 riboswitch,2666,8,2666_8
query_2667,1,riboswitch,1,riboswitch,0.978886067867279,2667_8_RF00050_8_NC_000913.3_3184369-3184918_ext_200-400_int_130_off_15_percentage_87_position_1-130 riboswitch,2667,8,2667_8
query_2668,1,riboswitch,1,riboswitch,0.9784854650497437,2668_8_RF00050_8_NC_000913.3_3184369-3184918_ext_200-400_int_130_off_20_percentage_87_position_1-129 riboswitch,2668,8,2668_8
query_2669,1,riboswitch,1,riboswitch,0.9954220652580261,2669_8_RF00050_8_NC_000913.3_3184369-3184918_ext_200-400_int_130_off_25_percentage_83_position_1-124 riboswitch,2669,8,2669_8
query_2670,1,riboswitch,1,riboswitch,0.9912785887718201,2670_8_RF00050_8_NC_000913.3_3184369-3184918_ext_200-400_int_130_off_30_percentage_80_position_1-119 riboswitch,2670,8,2670_8
query_2671,1,riboswitch,1,riboswitch,0.9812619090080261,2671_8_RF00050_8_NC_000913.3_3184369-3184918_ext_200-400_int_130_off_35_percentage_77_position_1-114 riboswitch,2671,8,2671_8
query_2672,0,genomicbackground,1,riboswitch,0.9849993586540222,2672_8_RF00050_8_NC_000913.3_3184369-3184918_ext_200-400_int_130_off_40_percentage_73_position_1-109 genomicbackground,2672,8,2672_8
query_2673,0,genomicbackground,1,riboswitch,0.9930118918418884,2673_8_RF00050_8_NC_000913.3_3184369-3184918_ext_200-400_int_130_off_45_percentage_70_position_1-104 genomicbackground,2673,8,2673_8
query_2674,0,genomicbackground,1,riboswitch,0.9820197224617004,2674_8_RF00050_8_NC_000913.3_3184369-3184918_ext_200-400_int_130_off_50_percentage_66_position_1-99 genomicbackground,2674,8,2674_8
query_2675,0,genomicbackground,1,riboswitch,0.9831339120864868,2675_8_RF00050_8_NC_000913.3_3184369-3184918_ext_200-400_int_130_off_55_percentage_63_position_1-94 genomicbackground,2675,8,2675_8
query_2676,0,genomicbackground,1,riboswitch,0.9757565259933472,2676_8_RF00050_8_NC_000913.3_3184369-3184918_ext_200-400_int_130_off_60_percentage_60_position_1-89 genomicbackground,2676,8,2676_8
query_2677,0,genomicbackground,1,riboswitch,0.9962453246116638,2677_8_RF00050_8_NC_000913.3_3184369-3184918_ext_200-400_int_130_off_65_percentage_56_position_1-84 genomicbackground,2677,8,2677_8
query_2678,0,genomicbackground,1,riboswitch,0.9963200092315674,2678_8_RF00050_8_NC_000913.3_3184369-3184918_ext_200-400_int_130_off_70_percentage_53_position_1-79 genomicbackground,2678,8,2678_8
query_2679,1,riboswitch,1,riboswitch,0.9863764643669128,2679_8_RF00050_8_NC_000913.3_3184369-3184918_ext_200-400_int_135_off_0_percentage_91_position_1-135 riboswitch,2679,8,2679_8
query_2680,1,riboswitch,1,riboswitch,0.9968844056129456,2680_8_RF00050_8_NC_000913.3_3184369-3184918_ext_200-400_int_135_off_5_percentage_91_position_1-135 riboswitch,2680,8,2680_8
query_2681,1,riboswitch,1,riboswitch,0.9750303030014038,2681_8_RF00050_8_NC_000913.3_3184369-3184918_ext_200-400_int_135_off_10_percentage_91_position_1-135 riboswitch,2681,8,2681_8
query_2682,1,riboswitch,1,riboswitch,0.9830161929130554,2682_8_RF00050_8_NC_000913.3_3184369-3184918_ext_200-400_int_135_off_15_percentage_90_position_1-134 riboswitch,2682,8,2682_8
query_2683,1,riboswitch,1,riboswitch,0.9700554609298706,2683_8_RF00050_8_NC_000913.3_3184369-3184918_ext_200-400_int_135_off_20_percentage_87_position_1-129 riboswitch,2683,8,2683_8
query_2684,1,riboswitch,1,riboswitch,0.9571390748023987,2684_8_RF00050_8_NC_000913.3_3184369-3184918_ext_200-400_int_135_off_25_percentage_83_position_1-124 riboswitch,2684,8,2684_8
query_2685,1,riboswitch,1,riboswitch,0.9912576675415039,2685_8_RF00050_8_NC_000913.3_3184369-3184918_ext_200-400_int_135_off_30_percentage_80_position_1-119 riboswitch,2685,8,2685_8
query_2686,1,riboswitch,1,riboswitch,0.9893760681152344,2686_8_RF00050_8_NC_000913.3_3184369-3184918_ext_200-400_int_135_off_35_percentage_77_position_1-114 riboswitch,2686,8,2686_8
query_2687,0,genomicbackground,1,riboswitch,0.9870049953460693,2687_8_RF00050_8_NC_000913.3_3184369-3184918_ext_200-400_int_135_off_40_percentage_73_position_1-109 genomicbackground,2687,8,2687_8
query_2688,0,genomicbackground,1,riboswitch,0.9828094840049744,2688_8_RF00050_8_NC_000913.3_3184369-3184918_ext_200-400_int_135_off_45_percentage_70_position_1-104 genomicbackground,2688,8,2688_8
query_2689,0,genomicbackground,1,riboswitch,0.9894747734069824,2689_8_RF00050_8_NC_000913.3_3184369-3184918_ext_200-400_int_135_off_50_percentage_66_position_1-99 genomicbackground,2689,8,2689_8
query_2690,0,genomicbackground,1,riboswitch,0.9997981190681458,2690_8_RF00050_8_NC_000913.3_3184369-3184918_ext_200-400_int_135_off_55_percentage_63_position_1-94 genomicbackground,2690,8,2690_8
query_2691,0,genomicbackground,1,riboswitch,0.9782895445823669,2691_8_RF00050_8_NC_000913.3_3184369-3184918_ext_200-400_int_135_off_60_percentage_60_position_1-89 genomicbackground,2691,8,2691_8
query_2692,0,genomicbackground,1,riboswitch,0.9972577095031738,2692_8_RF00050_8_NC_000913.3_3184369-3184918_ext_200-400_int_135_off_65_percentage_56_position_1-84 genomicbackground,2692,8,2692_8
query_2693,1,riboswitch,1,riboswitch,0.9749816060066223,2693_8_RF00050_8_NC_000913.3_3184369-3184918_ext_200-400_int_140_off_0_percentage_94_position_1-140 riboswitch,2693,8,2693_8
query_2694,1,riboswitch,1,riboswitch,0.9989810585975647,2694_8_RF00050_8_NC_000913.3_3184369-3184918_ext_200-400_int_140_off_5_percentage_94_position_1-140 riboswitch,2694,8,2694_8
query_2695,1,riboswitch,1,riboswitch,0.9774446487426758,2695_8_RF00050_8_NC_000913.3_3184369-3184918_ext_200-400_int_140_off_10_percentage_93_position_1-139 riboswitch,2695,8,2695_8
query_2696,1,riboswitch,1,riboswitch,0.9722644090652466,2696_8_RF00050_8_NC_000913.3_3184369-3184918_ext_200-400_int_140_off_15_percentage_90_position_1-134 riboswitch,2696,8,2696_8
query_2697,1,riboswitch,1,riboswitch,0.8961982131004333,2697_8_RF00050_8_NC_000913.3_3184369-3184918_ext_200-400_int_140_off_20_percentage_87_position_1-129 riboswitch,2697,8,2697_8
query_2698,1,riboswitch,1,riboswitch,0.9682930111885071,2698_8_RF00050_8_NC_000913.3_3184369-3184918_ext_200-400_int_140_off_25_percentage_83_position_1-124 riboswitch,2698,8,2698_8
query_2699,1,riboswitch,1,riboswitch,0.9717382192611694,2699_8_RF00050_8_NC_000913.3_3184369-3184918_ext_200-400_int_140_off_30_percentage_80_position_1-119 riboswitch,2699,8,2699_8
query_2700,1,riboswitch,1,riboswitch,0.9457834959030151,2700_8_RF00050_8_NC_000913.3_3184369-3184918_ext_200-400_int_140_off_35_percentage_77_position_1-114 riboswitch,2700,8,2700_8
query_2701,0,genomicbackground,1,riboswitch,0.9864576458930969,2701_8_RF00050_8_NC_000913.3_3184369-3184918_ext_200-400_int_140_off_40_percentage_73_position_1-109 genomicbackground,2701,8,2701_8
query_2702,0,genomicbackground,1,riboswitch,0.992803156375885,2702_8_RF00050_8_NC_000913.3_3184369-3184918_ext_200-400_int_140_off_45_percentage_70_position_1-104 genomicbackground,2702,8,2702_8
query_2703,0,genomicbackground,1,riboswitch,0.9902858138084412,2703_8_RF00050_8_NC_000913.3_3184369-3184918_ext_200-400_int_140_off_50_percentage_66_position_1-99 genomicbackground,2703,8,2703_8
query_2704,0,genomicbackground,1,riboswitch,0.9851574897766113,2704_8_RF00050_8_NC_000913.3_3184369-3184918_ext_200-400_int_140_off_55_percentage_63_position_1-94 genomicbackground,2704,8,2704_8
query_2705,0,genomicbackground,1,riboswitch,0.9682830572128296,2705_8_RF00050_8_NC_000913.3_3184369-3184918_ext_200-400_int_140_off_60_percentage_60_position_1-89 genomicbackground,2705,8,2705_8
query_2706,1,riboswitch,1,riboswitch,0.9991427659988403,2706_8_RF00050_8_NC_000913.3_3184369-3184918_ext_200-400_int_145_off_0_percentage_97_position_1-145 riboswitch,2706,8,2706_8
query_2707,1,riboswitch,1,riboswitch,0.9989823698997498,2707_8_RF00050_8_NC_000913.3_3184369-3184918_ext_200-400_int_145_off_5_percentage_97_position_1-144 riboswitch,2707,8,2707_8
query_2708,1,riboswitch,1,riboswitch,0.9628021121025085,2708_8_RF00050_8_NC_000913.3_3184369-3184918_ext_200-400_int_145_off_10_percentage_93_position_1-139 riboswitch,2708,8,2708_8
query_2709,1,riboswitch,1,riboswitch,0.9894885420799255,2709_8_RF00050_8_NC_000913.3_3184369-3184918_ext_200-400_int_145_off_15_percentage_90_position_1-134 riboswitch,2709,8,2709_8
query_2710,1,riboswitch,1,riboswitch,0.9375513195991516,2710_8_RF00050_8_NC_000913.3_3184369-3184918_ext_200-400_int_145_off_20_percentage_87_position_1-129 riboswitch,2710,8,2710_8
query_2711,1,riboswitch,1,riboswitch,0.9973077774047852,2711_8_RF00050_8_NC_000913.3_3184369-3184918_ext_200-400_int_145_off_25_percentage_83_position_1-124 riboswitch,2711,8,2711_8
query_2712,1,riboswitch,1,riboswitch,0.9628242254257202,2712_8_RF00050_8_NC_000913.3_3184369-3184918_ext_200-400_int_145_off_30_percentage_80_position_1-119 riboswitch,2712,8,2712_8
query_2713,1,riboswitch,1,riboswitch,0.9839358329772949,2713_8_RF00050_8_NC_000913.3_3184369-3184918_ext_200-400_int_145_off_35_percentage_77_position_1-114 riboswitch,2713,8,2713_8
query_2714,0,genomicbackground,1,riboswitch,0.9847276210784912,2714_8_RF00050_8_NC_000913.3_3184369-3184918_ext_200-400_int_145_off_40_percentage_73_position_1-109 genomicbackground,2714,8,2714_8
query_2715,0,genomicbackground,1,riboswitch,0.9878974556922913,2715_8_RF00050_8_NC_000913.3_3184369-3184918_ext_200-400_int_145_off_45_percentage_70_position_1-104 genomicbackground,2715,8,2715_8
query_2716,0,genomicbackground,1,riboswitch,0.9867161512374878,2716_8_RF00050_8_NC_000913.3_3184369-3184918_ext_200-400_int_145_off_50_percentage_66_position_1-99 genomicbackground,2716,8,2716_8
query_2717,0,genomicbackground,1,riboswitch,0.9775006771087646,2717_8_RF00050_8_NC_000913.3_3184369-3184918_ext_200-400_int_145_off_55_percentage_63_position_1-94 genomicbackground,2717,8,2717_8
query_2718,1,riboswitch,1,riboswitch,0.9980676770210266,2718_8_RF00050_8_NC_000913.3_3184369-3184918_ext_200-400_int_150_off_0_percentage_100_position_1-149 riboswitch,2718,8,2718_8
query_2719,1,riboswitch,1,riboswitch,0.9978027939796448,2719_8_RF00050_8_NC_000913.3_3184369-3184918_ext_200-400_int_150_off_5_percentage_97_position_1-144 riboswitch,2719,8,2719_8
query_2720,1,riboswitch,1,riboswitch,0.9842944145202637,2720_8_RF00050_8_NC_000913.3_3184369-3184918_ext_200-400_int_150_off_10_percentage_93_position_1-139 riboswitch,2720,8,2720_8
query_2721,1,riboswitch,1,riboswitch,0.9528015851974487,2721_8_RF00050_8_NC_000913.3_3184369-3184918_ext_200-400_int_150_off_15_percentage_90_position_1-134 riboswitch,2721,8,2721_8
query_2722,1,riboswitch,1,riboswitch,0.9925190210342407,2722_8_RF00050_8_NC_000913.3_3184369-3184918_ext_200-400_int_150_off_20_percentage_87_position_1-129 riboswitch,2722,8,2722_8
query_2723,1,riboswitch,1,riboswitch,0.9671825170516968,2723_8_RF00050_8_NC_000913.3_3184369-3184918_ext_200-400_int_150_off_25_percentage_83_position_1-124 riboswitch,2723,8,2723_8
query_2724,1,riboswitch,1,riboswitch,0.9587143659591675,2724_8_RF00050_8_NC_000913.3_3184369-3184918_ext_200-400_int_150_off_30_percentage_80_position_1-119 riboswitch,2724,8,2724_8
query_2725,1,riboswitch,1,riboswitch,0.9827566146850586,2725_8_RF00050_8_NC_000913.3_3184369-3184918_ext_200-400_int_150_off_35_percentage_77_position_1-114 riboswitch,2725,8,2725_8
query_2726,0,genomicbackground,1,riboswitch,0.9956323504447937,2726_8_RF00050_8_NC_000913.3_3184369-3184918_ext_200-400_int_150_off_40_percentage_73_position_1-109 genomicbackground,2726,8,2726_8
query_2727,0,genomicbackground,1,riboswitch,0.9859915375709534,2727_8_RF00050_8_NC_000913.3_3184369-3184918_ext_200-400_int_150_off_45_percentage_70_position_1-104 genomicbackground,2727,8,2727_8
query_2728,0,genomicbackground,1,riboswitch,0.9851734638214111,2728_8_RF00050_8_NC_000913.3_3184369-3184918_ext_200-400_int_150_off_50_percentage_66_position_1-99 genomicbackground,2728,8,2728_8
query_2729,1,riboswitch,1,riboswitch,0.9978273510932922,2729_8_RF00050_8_NC_000913.3_3184369-3184918_ext_200-400_int_155_off_0_percentage_100_position_1-149 riboswitch,2729,8,2729_8
query_2730,1,riboswitch,1,riboswitch,0.9572579860687256,2730_8_RF00050_8_NC_000913.3_3184369-3184918_ext_200-400_int_155_off_5_percentage_97_position_1-144 riboswitch,2730,8,2730_8
query_2731,1,riboswitch,1,riboswitch,0.9763368368148804,2731_8_RF00050_8_NC_000913.3_3184369-3184918_ext_200-400_int_155_off_10_percentage_93_position_1-139 riboswitch,2731,8,2731_8
query_2732,1,riboswitch,1,riboswitch,0.9395631551742554,2732_8_RF00050_8_NC_000913.3_3184369-3184918_ext_200-400_int_155_off_15_percentage_90_position_1-134 riboswitch,2732,8,2732_8
query_2733,1,riboswitch,1,riboswitch,0.9405517578125,2733_8_RF00050_8_NC_000913.3_3184369-3184918_ext_200-400_int_155_off_20_percentage_87_position_1-129 riboswitch,2733,8,2733_8
query_2734,1,riboswitch,1,riboswitch,0.9630470871925354,2734_8_RF00050_8_NC_000913.3_3184369-3184918_ext_200-400_int_155_off_25_percentage_83_position_1-124 riboswitch,2734,8,2734_8
query_2735,1,riboswitch,1,riboswitch,0.9495428204536438,2735_8_RF00050_8_NC_000913.3_3184369-3184918_ext_200-400_int_155_off_30_percentage_80_position_1-119 riboswitch,2735,8,2735_8
query_2736,1,riboswitch,1,riboswitch,0.996322512626648,2736_8_RF00050_8_NC_000913.3_3184369-3184918_ext_200-400_int_155_off_35_percentage_77_position_1-114 riboswitch,2736,8,2736_8
query_2737,0,genomicbackground,1,riboswitch,0.9813785552978516,2737_8_RF00050_8_NC_000913.3_3184369-3184918_ext_200-400_int_155_off_40_percentage_73_position_1-109 genomicbackground,2737,8,2737_8
query_2738,0,genomicbackground,1,riboswitch,0.9826686382293701,2738_8_RF00050_8_NC_000913.3_3184369-3184918_ext_200-400_int_155_off_45_percentage_70_position_1-104 genomicbackground,2738,8,2738_8
query_2739,1,riboswitch,1,riboswitch,0.9976553916931152,2739_8_RF00050_8_NC_000913.3_3184369-3184918_ext_200-400_int_160_off_0_percentage_100_position_1-149 riboswitch,2739,8,2739_8
query_2740,1,riboswitch,1,riboswitch,0.9776595234870911,2740_8_RF00050_8_NC_000913.3_3184369-3184918_ext_200-400_int_160_off_5_percentage_97_position_1-144 riboswitch,2740,8,2740_8
query_2741,1,riboswitch,1,riboswitch,0.9861339926719666,2741_8_RF00050_8_NC_000913.3_3184369-3184918_ext_200-400_int_160_off_10_percentage_93_position_1-139 riboswitch,2741,8,2741_8
query_2742,1,riboswitch,1,riboswitch,0.9425122737884521,2742_8_RF00050_8_NC_000913.3_3184369-3184918_ext_200-400_int_160_off_15_percentage_90_position_1-134 riboswitch,2742,8,2742_8
query_2743,1,riboswitch,1,riboswitch,0.993104875087738,2743_8_RF00050_8_NC_000913.3_3184369-3184918_ext_200-400_int_160_off_20_percentage_87_position_1-129 riboswitch,2743,8,2743_8
query_2744,1,riboswitch,1,riboswitch,0.9964117407798767,2744_8_RF00050_8_NC_000913.3_3184369-3184918_ext_200-400_int_160_off_25_percentage_83_position_1-124 riboswitch,2744,8,2744_8
query_2745,1,riboswitch,1,riboswitch,0.9445770978927612,2745_8_RF00050_8_NC_000913.3_3184369-3184918_ext_200-400_int_160_off_30_percentage_80_position_1-119 riboswitch,2745,8,2745_8
query_2746,1,riboswitch,1,riboswitch,0.9843207597732544,2746_8_RF00050_8_NC_000913.3_3184369-3184918_ext_200-400_int_160_off_35_percentage_77_position_1-114 riboswitch,2746,8,2746_8
query_2747,0,genomicbackground,1,riboswitch,0.9753772020339966,2747_8_RF00050_8_NC_000913.3_3184369-3184918_ext_200-400_int_160_off_40_percentage_73_position_1-109 genomicbackground,2747,8,2747_8
query_2748,1,riboswitch,1,riboswitch,0.9820173382759094,2748_8_RF00050_8_NC_000913.3_3184369-3184918_ext_200-400_int_165_off_0_percentage_100_position_1-149 riboswitch,2748,8,2748_8
query_2749,1,riboswitch,1,riboswitch,0.9977853298187256,2749_8_RF00050_8_NC_000913.3_3184369-3184918_ext_200-400_int_165_off_5_percentage_97_position_1-144 riboswitch,2749,8,2749_8
query_2750,1,riboswitch,1,riboswitch,0.9690583348274231,2750_8_RF00050_8_NC_000913.3_3184369-3184918_ext_200-400_int_165_off_10_percentage_93_position_1-139 riboswitch,2750,8,2750_8
query_2751,1,riboswitch,1,riboswitch,0.937881350517273,2751_8_RF00050_8_NC_000913.3_3184369-3184918_ext_200-400_int_165_off_15_percentage_90_position_1-134 riboswitch,2751,8,2751_8
query_2752,1,riboswitch,1,riboswitch,0.9927440881729126,2752_8_RF00050_8_NC_000913.3_3184369-3184918_ext_200-400_int_165_off_20_percentage_87_position_1-129 riboswitch,2752,8,2752_8
query_2753,1,riboswitch,1,riboswitch,0.9961887001991272,2753_8_RF00050_8_NC_000913.3_3184369-3184918_ext_200-400_int_165_off_25_percentage_83_position_1-124 riboswitch,2753,8,2753_8
query_2754,1,riboswitch,1,riboswitch,0.9575438499450684,2754_8_RF00050_8_NC_000913.3_3184369-3184918_ext_200-400_int_165_off_30_percentage_80_position_1-119 riboswitch,2754,8,2754_8
query_2755,1,riboswitch,1,riboswitch,0.976667046546936,2755_8_RF00050_8_NC_000913.3_3184369-3184918_ext_200-400_int_165_off_35_percentage_77_position_1-114 riboswitch,2755,8,2755_8
query_2756,1,riboswitch,1,riboswitch,0.9986907839775085,2756_8_RF00050_8_NC_000913.3_3184369-3184918_ext_200-400_int_170_off_0_percentage_100_position_1-149 riboswitch,2756,8,2756_8
query_2757,1,riboswitch,1,riboswitch,0.9655526280403137,2757_8_RF00050_8_NC_000913.3_3184369-3184918_ext_200-400_int_170_off_5_percentage_97_position_1-144 riboswitch,2757,8,2757_8
query_2758,1,riboswitch,1,riboswitch,0.9677888751029968,2758_8_RF00050_8_NC_000913.3_3184369-3184918_ext_200-400_int_170_off_10_percentage_93_position_1-139 riboswitch,2758,8,2758_8
query_2759,1,riboswitch,1,riboswitch,0.928171694278717,2759_8_RF00050_8_NC_000913.3_3184369-3184918_ext_200-400_int_170_off_15_percentage_90_position_1-134 riboswitch,2759,8,2759_8
query_2760,1,riboswitch,1,riboswitch,0.9917297959327698,2760_8_RF00050_8_NC_000913.3_3184369-3184918_ext_200-400_int_170_off_20_percentage_87_position_1-129 riboswitch,2760,8,2760_8
query_2761,1,riboswitch,1,riboswitch,0.9955964684486389,2761_8_RF00050_8_NC_000913.3_3184369-3184918_ext_200-400_int_170_off_25_percentage_83_position_1-124 riboswitch,2761,8,2761_8
query_2762,1,riboswitch,1,riboswitch,0.9945344924926758,2762_8_RF00050_8_NC_000913.3_3184369-3184918_ext_200-400_int_170_off_30_percentage_80_position_1-119 riboswitch,2762,8,2762_8
query_2763,1,riboswitch,1,riboswitch,0.9649034142494202,2763_8_RF00050_8_NC_000913.3_3184369-3184918_ext_200-400_int_175_off_0_percentage_100_position_1-149 riboswitch,2763,8,2763_8
query_2764,1,riboswitch,1,riboswitch,0.9639743566513062,2764_8_RF00050_8_NC_000913.3_3184369-3184918_ext_200-400_int_175_off_5_percentage_97_position_1-144 riboswitch,2764,8,2764_8
query_2765,1,riboswitch,1,riboswitch,0.9646582007408142,2765_8_RF00050_8_NC_000913.3_3184369-3184918_ext_200-400_int_175_off_10_percentage_93_position_1-139 riboswitch,2765,8,2765_8
query_2766,1,riboswitch,1,riboswitch,0.9229862093925476,2766_8_RF00050_8_NC_000913.3_3184369-3184918_ext_200-400_int_175_off_15_percentage_90_position_1-134 riboswitch,2766,8,2766_8
query_2767,1,riboswitch,1,riboswitch,0.9895035028457642,2767_8_RF00050_8_NC_000913.3_3184369-3184918_ext_200-400_int_175_off_20_percentage_87_position_1-129 riboswitch,2767,8,2767_8
query_2768,1,riboswitch,1,riboswitch,0.9949473142623901,2768_8_RF00050_8_NC_000913.3_3184369-3184918_ext_200-400_int_175_off_25_percentage_83_position_1-124 riboswitch,2768,8,2768_8
query_2769,1,riboswitch,1,riboswitch,0.9628467559814453,2769_8_RF00050_8_NC_000913.3_3184369-3184918_ext_200-400_int_180_off_0_percentage_100_position_1-149 riboswitch,2769,8,2769_8
query_2770,1,riboswitch,1,riboswitch,0.9977699518203735,2770_8_RF00050_8_NC_000913.3_3184369-3184918_ext_200-400_int_180_off_5_percentage_97_position_1-144 riboswitch,2770,8,2770_8
query_2771,1,riboswitch,1,riboswitch,0.9631921648979187,2771_8_RF00050_8_NC_000913.3_3184369-3184918_ext_200-400_int_180_off_10_percentage_93_position_1-139 riboswitch,2771,8,2771_8
query_2772,1,riboswitch,1,riboswitch,0.9376612305641174,2772_8_RF00050_8_NC_000913.3_3184369-3184918_ext_200-400_int_180_off_15_percentage_90_position_1-134 riboswitch,2772,8,2772_8
query_2773,1,riboswitch,1,riboswitch,0.9930189251899719,2773_8_RF00050_8_NC_000913.3_3184369-3184918_ext_200-400_int_180_off_20_percentage_87_position_1-129 riboswitch,2773,8,2773_8
query_2774,1,riboswitch,1,riboswitch,0.9579382538795471,2774_8_RF00050_8_NC_000913.3_3184369-3184918_ext_200-400_int_185_off_0_percentage_100_position_1-149 riboswitch,2774,8,2774_8
query_2775,1,riboswitch,1,riboswitch,0.9977092742919922,2775_8_RF00050_8_NC_000913.3_3184369-3184918_ext_200-400_int_185_off_5_percentage_97_position_1-144 riboswitch,2775,8,2775_8
query_2776,1,riboswitch,1,riboswitch,0.970592200756073,2776_8_RF00050_8_NC_000913.3_3184369-3184918_ext_200-400_int_185_off_10_percentage_93_position_1-139 riboswitch,2776,8,2776_8
query_2777,1,riboswitch,1,riboswitch,0.9925790429115295,2777_8_RF00050_8_NC_000913.3_3184369-3184918_ext_200-400_int_185_off_15_percentage_90_position_1-134 riboswitch,2777,8,2777_8
query_2778,1,riboswitch,1,riboswitch,0.9905915856361389,2778_8_RF00050_8_NC_000913.3_3184369-3184918_ext_200-400_int_190_off_0_percentage_100_position_1-149 riboswitch,2778,8,2778_8
query_2779,1,riboswitch,1,riboswitch,0.9975595474243164,2779_8_RF00050_8_NC_000913.3_3184369-3184918_ext_200-400_int_190_off_5_percentage_97_position_1-144 riboswitch,2779,8,2779_8
query_2780,1,riboswitch,1,riboswitch,0.9951565861701965,2780_8_RF00050_8_NC_000913.3_3184369-3184918_ext_200-400_int_190_off_10_percentage_93_position_1-139 riboswitch,2780,8,2780_8
query_2781,1,riboswitch,1,riboswitch,0.9660829901695251,2781_8_RF00050_8_NC_000913.3_3184369-3184918_ext_200-400_int_195_off_0_percentage_100_position_1-149 riboswitch,2781,8,2781_8
query_2782,1,riboswitch,1,riboswitch,0.9954439401626587,2782_8_RF00050_8_NC_000913.3_3184369-3184918_ext_200-400_int_195_off_5_percentage_97_position_1-144 riboswitch,2782,8,2782_8
query_2783,1,riboswitch,1,riboswitch,0.995342493057251,2783_8_RF00050_8_NC_000913.3_3184369-3184918_ext_200-400_int_200_off_0_percentage_100_position_1-149 riboswitch,2783,8,2783_8
query_2784,0,genomicbackground,0,genomicbackground,0.011819771490991116,2784_8_RF00050_8_NC_000913.3_3184369-3184918_ext_220-420_int_95_off_0_percentage_64_position_1-95 genomicbackground,2784,8,2784_8
query_2785,0,genomicbackground,1,riboswitch,0.9386395812034607,2785_8_RF00050_8_NC_000913.3_3184369-3184918_ext_220-420_int_95_off_5_percentage_64_position_1-95 genomicbackground,2785,8,2785_8
query_2786,0,genomicbackground,1,riboswitch,0.9651657938957214,2786_8_RF00050_8_NC_000913.3_3184369-3184918_ext_220-420_int_95_off_10_percentage_64_position_1-95 genomicbackground,2786,8,2786_8
query_2787,0,genomicbackground,1,riboswitch,0.9140080809593201,2787_8_RF00050_8_NC_000913.3_3184369-3184918_ext_220-420_int_95_off_15_percentage_64_position_1-95 genomicbackground,2787,8,2787_8
query_2788,0,genomicbackground,1,riboswitch,0.9718285202980042,2788_8_RF00050_8_NC_000913.3_3184369-3184918_ext_220-420_int_95_off_20_percentage_64_position_1-95 genomicbackground,2788,8,2788_8
query_2789,0,genomicbackground,1,riboswitch,0.9866622090339661,2789_8_RF00050_8_NC_000913.3_3184369-3184918_ext_220-420_int_95_off_25_percentage_64_position_1-95 genomicbackground,2789,8,2789_8
query_2790,0,genomicbackground,1,riboswitch,0.9881259202957153,2790_8_RF00050_8_NC_000913.3_3184369-3184918_ext_220-420_int_95_off_30_percentage_64_position_1-95 genomicbackground,2790,8,2790_8
query_2791,0,genomicbackground,1,riboswitch,0.9888206720352173,2791_8_RF00050_8_NC_000913.3_3184369-3184918_ext_220-420_int_95_off_35_percentage_63_position_1-94 genomicbackground,2791,8,2791_8
query_2792,0,genomicbackground,1,riboswitch,0.995650589466095,2792_8_RF00050_8_NC_000913.3_3184369-3184918_ext_220-420_int_95_off_40_percentage_60_position_1-89 genomicbackground,2792,8,2792_8
query_2793,0,genomicbackground,1,riboswitch,0.9837770462036133,2793_8_RF00050_8_NC_000913.3_3184369-3184918_ext_220-420_int_95_off_45_percentage_56_position_1-84 genomicbackground,2793,8,2793_8
query_2794,0,genomicbackground,1,riboswitch,0.9800822138786316,2794_8_RF00050_8_NC_000913.3_3184369-3184918_ext_220-420_int_95_off_50_percentage_53_position_1-79 genomicbackground,2794,8,2794_8
query_2795,0,genomicbackground,1,riboswitch,0.986170768737793,2795_8_RF00050_8_NC_000913.3_3184369-3184918_ext_220-420_int_95_off_55_percentage_50_position_1-74 genomicbackground,2795,8,2795_8
query_2796,0,genomicbackground,1,riboswitch,0.9763340950012207,2796_8_RF00050_8_NC_000913.3_3184369-3184918_ext_220-420_int_95_off_60_percentage_46_position_1-69 genomicbackground,2796,8,2796_8
query_2797,0,genomicbackground,1,riboswitch,0.9736225008964539,2797_8_RF00050_8_NC_000913.3_3184369-3184918_ext_220-420_int_95_off_65_percentage_43_position_1-64 genomicbackground,2797,8,2797_8
query_2798,0,genomicbackground,1,riboswitch,0.9968010187149048,2798_8_RF00050_8_NC_000913.3_3184369-3184918_ext_220-420_int_95_off_70_percentage_40_position_1-59 genomicbackground,2798,8,2798_8
query_2799,0,genomicbackground,1,riboswitch,0.99687260389328,2799_8_RF00050_8_NC_000913.3_3184369-3184918_ext_220-420_int_95_off_75_percentage_36_position_1-54 genomicbackground,2799,8,2799_8
query_2800,0,genomicbackground,1,riboswitch,0.9865328073501587,2800_8_RF00050_8_NC_000913.3_3184369-3184918_ext_220-420_int_95_off_80_percentage_33_position_1-49 genomicbackground,2800,8,2800_8
query_2801,0,genomicbackground,1,riboswitch,0.9664480686187744,2801_8_RF00050_8_NC_000913.3_3184369-3184918_ext_220-420_int_95_off_85_percentage_30_position_1-44 genomicbackground,2801,8,2801_8
query_2802,0,genomicbackground,1,riboswitch,0.777371346950531,2802_8_RF00050_8_NC_000913.3_3184369-3184918_ext_220-420_int_95_off_90_percentage_26_position_1-39 genomicbackground,2802,8,2802_8
query_2803,0,genomicbackground,1,riboswitch,0.6870164275169373,2803_8_RF00050_8_NC_000913.3_3184369-3184918_ext_220-420_int_95_off_95_percentage_23_position_1-34 genomicbackground,2803,8,2803_8
query_2804,0,genomicbackground,1,riboswitch,0.6761297583580017,2804_8_RF00050_8_NC_000913.3_3184369-3184918_ext_220-420_int_95_off_100_percentage_19_position_1-29 genomicbackground,2804,8,2804_8
query_2805,0,genomicbackground,1,riboswitch,0.8525314927101135,2805_8_RF00050_8_NC_000913.3_3184369-3184918_ext_220-420_int_95_off_105_percentage_16_position_1-24 genomicbackground,2805,8,2805_8
query_2806,0,genomicbackground,0,genomicbackground,0.38357898592948914,2806_8_RF00050_8_NC_000913.3_3184369-3184918_ext_220-420_int_100_off_0_percentage_67_position_1-100 genomicbackground,2806,8,2806_8
query_2807,0,genomicbackground,1,riboswitch,0.9274774789810181,2807_8_RF00050_8_NC_000913.3_3184369-3184918_ext_220-420_int_100_off_5_percentage_67_position_1-100 genomicbackground,2807,8,2807_8
query_2808,0,genomicbackground,1,riboswitch,0.9618979096412659,2808_8_RF00050_8_NC_000913.3_3184369-3184918_ext_220-420_int_100_off_10_percentage_67_position_1-100 genomicbackground,2808,8,2808_8
query_2809,0,genomicbackground,1,riboswitch,0.9838991165161133,2809_8_RF00050_8_NC_000913.3_3184369-3184918_ext_220-420_int_100_off_15_percentage_67_position_1-100 genomicbackground,2809,8,2809_8
query_2810,0,genomicbackground,1,riboswitch,0.9811819195747375,2810_8_RF00050_8_NC_000913.3_3184369-3184918_ext_220-420_int_100_off_20_percentage_67_position_1-100 genomicbackground,2810,8,2810_8
query_2811,0,genomicbackground,1,riboswitch,0.9882057905197144,2811_8_RF00050_8_NC_000913.3_3184369-3184918_ext_220-420_int_100_off_25_percentage_67_position_1-100 genomicbackground,2811,8,2811_8
query_2812,0,genomicbackground,1,riboswitch,0.9954171180725098,2812_8_RF00050_8_NC_000913.3_3184369-3184918_ext_220-420_int_100_off_30_percentage_66_position_1-99 genomicbackground,2812,8,2812_8
query_2813,0,genomicbackground,1,riboswitch,0.9882681965827942,2813_8_RF00050_8_NC_000913.3_3184369-3184918_ext_220-420_int_100_off_35_percentage_63_position_1-94 genomicbackground,2813,8,2813_8
query_2814,0,genomicbackground,1,riboswitch,0.9950189590454102,2814_8_RF00050_8_NC_000913.3_3184369-3184918_ext_220-420_int_100_off_40_percentage_60_position_1-89 genomicbackground,2814,8,2814_8
query_2815,0,genomicbackground,1,riboswitch,0.99201500415802,2815_8_RF00050_8_NC_000913.3_3184369-3184918_ext_220-420_int_100_off_45_percentage_56_position_1-84 genomicbackground,2815,8,2815_8
query_2816,0,genomicbackground,1,riboswitch,0.9935986995697021,2816_8_RF00050_8_NC_000913.3_3184369-3184918_ext_220-420_int_100_off_50_percentage_53_position_1-79 genomicbackground,2816,8,2816_8
query_2817,0,genomicbackground,1,riboswitch,0.980655312538147,2817_8_RF00050_8_NC_000913.3_3184369-3184918_ext_220-420_int_100_off_55_percentage_50_position_1-74 genomicbackground,2817,8,2817_8
query_2818,0,genomicbackground,1,riboswitch,0.9662216901779175,2818_8_RF00050_8_NC_000913.3_3184369-3184918_ext_220-420_int_100_off_60_percentage_46_position_1-69 genomicbackground,2818,8,2818_8
query_2819,0,genomicbackground,1,riboswitch,0.9963674545288086,2819_8_RF00050_8_NC_000913.3_3184369-3184918_ext_220-420_int_100_off_65_percentage_43_position_1-64 genomicbackground,2819,8,2819_8
query_2820,0,genomicbackground,1,riboswitch,0.9966686367988586,2820_8_RF00050_8_NC_000913.3_3184369-3184918_ext_220-420_int_100_off_70_percentage_40_position_1-59 genomicbackground,2820,8,2820_8
query_2821,0,genomicbackground,1,riboswitch,0.99654620885849,2821_8_RF00050_8_NC_000913.3_3184369-3184918_ext_220-420_int_100_off_75_percentage_36_position_1-54 genomicbackground,2821,8,2821_8
query_2822,0,genomicbackground,1,riboswitch,0.9855676889419556,2822_8_RF00050_8_NC_000913.3_3184369-3184918_ext_220-420_int_100_off_80_percentage_33_position_1-49 genomicbackground,2822,8,2822_8
query_2823,0,genomicbackground,1,riboswitch,0.8075336813926697,2823_8_RF00050_8_NC_000913.3_3184369-3184918_ext_220-420_int_100_off_85_percentage_30_position_1-44 genomicbackground,2823,8,2823_8
query_2824,0,genomicbackground,1,riboswitch,0.7472638487815857,2824_8_RF00050_8_NC_000913.3_3184369-3184918_ext_220-420_int_100_off_90_percentage_26_position_1-39 genomicbackground,2824,8,2824_8
query_2825,0,genomicbackground,1,riboswitch,0.8439518809318542,2825_8_RF00050_8_NC_000913.3_3184369-3184918_ext_220-420_int_100_off_95_percentage_23_position_1-34 genomicbackground,2825,8,2825_8
query_2826,0,genomicbackground,1,riboswitch,0.7497283220291138,2826_8_RF00050_8_NC_000913.3_3184369-3184918_ext_220-420_int_100_off_100_percentage_19_position_1-29 genomicbackground,2826,8,2826_8
query_2827,0,genomicbackground,0,genomicbackground,0.4754343628883362,2827_8_RF00050_8_NC_000913.3_3184369-3184918_ext_220-420_int_105_off_0_percentage_70_position_1-105 genomicbackground,2827,8,2827_8
query_2828,0,genomicbackground,1,riboswitch,0.9537354707717896,2828_8_RF00050_8_NC_000913.3_3184369-3184918_ext_220-420_int_105_off_5_percentage_70_position_1-105 genomicbackground,2828,8,2828_8
query_2829,0,genomicbackground,1,riboswitch,0.96180659532547,2829_8_RF00050_8_NC_000913.3_3184369-3184918_ext_220-420_int_105_off_10_percentage_70_position_1-105 genomicbackground,2829,8,2829_8
query_2830,0,genomicbackground,1,riboswitch,0.9799546599388123,2830_8_RF00050_8_NC_000913.3_3184369-3184918_ext_220-420_int_105_off_15_percentage_70_position_1-105 genomicbackground,2830,8,2830_8
query_2831,0,genomicbackground,1,riboswitch,0.986234724521637,2831_8_RF00050_8_NC_000913.3_3184369-3184918_ext_220-420_int_105_off_20_percentage_70_position_1-105 genomicbackground,2831,8,2831_8
query_2832,0,genomicbackground,1,riboswitch,0.9873037934303284,2832_8_RF00050_8_NC_000913.3_3184369-3184918_ext_220-420_int_105_off_25_percentage_70_position_1-104 genomicbackground,2832,8,2832_8
query_2833,0,genomicbackground,1,riboswitch,0.9874229431152344,2833_8_RF00050_8_NC_000913.3_3184369-3184918_ext_220-420_int_105_off_30_percentage_66_position_1-99 genomicbackground,2833,8,2833_8
query_2834,0,genomicbackground,1,riboswitch,0.9860498309135437,2834_8_RF00050_8_NC_000913.3_3184369-3184918_ext_220-420_int_105_off_35_percentage_63_position_1-94 genomicbackground,2834,8,2834_8
query_2835,0,genomicbackground,1,riboswitch,0.9951959252357483,2835_8_RF00050_8_NC_000913.3_3184369-3184918_ext_220-420_int_105_off_40_percentage_60_position_1-89 genomicbackground,2835,8,2835_8
query_2836,0,genomicbackground,1,riboswitch,0.9881856441497803,2836_8_RF00050_8_NC_000913.3_3184369-3184918_ext_220-420_int_105_off_45_percentage_56_position_1-84 genomicbackground,2836,8,2836_8
query_2837,0,genomicbackground,1,riboswitch,0.9881949424743652,2837_8_RF00050_8_NC_000913.3_3184369-3184918_ext_220-420_int_105_off_50_percentage_53_position_1-79 genomicbackground,2837,8,2837_8
query_2838,0,genomicbackground,1,riboswitch,0.9814148545265198,2838_8_RF00050_8_NC_000913.3_3184369-3184918_ext_220-420_int_105_off_55_percentage_50_position_1-74 genomicbackground,2838,8,2838_8
query_2839,0,genomicbackground,1,riboswitch,0.9990012049674988,2839_8_RF00050_8_NC_000913.3_3184369-3184918_ext_220-420_int_105_off_60_percentage_46_position_1-69 genomicbackground,2839,8,2839_8
query_2840,0,genomicbackground,1,riboswitch,0.9962270259857178,2840_8_RF00050_8_NC_000913.3_3184369-3184918_ext_220-420_int_105_off_65_percentage_43_position_1-64 genomicbackground,2840,8,2840_8
query_2841,0,genomicbackground,1,riboswitch,0.9962998032569885,2841_8_RF00050_8_NC_000913.3_3184369-3184918_ext_220-420_int_105_off_70_percentage_40_position_1-59 genomicbackground,2841,8,2841_8
query_2842,0,genomicbackground,1,riboswitch,0.99678635597229,2842_8_RF00050_8_NC_000913.3_3184369-3184918_ext_220-420_int_105_off_75_percentage_36_position_1-54 genomicbackground,2842,8,2842_8
query_2843,0,genomicbackground,1,riboswitch,0.8408705592155457,2843_8_RF00050_8_NC_000913.3_3184369-3184918_ext_220-420_int_105_off_80_percentage_33_position_1-49 genomicbackground,2843,8,2843_8
query_2844,0,genomicbackground,1,riboswitch,0.7717201113700867,2844_8_RF00050_8_NC_000913.3_3184369-3184918_ext_220-420_int_105_off_85_percentage_30_position_1-44 genomicbackground,2844,8,2844_8
query_2845,0,genomicbackground,1,riboswitch,0.7932806611061096,2845_8_RF00050_8_NC_000913.3_3184369-3184918_ext_220-420_int_105_off_90_percentage_26_position_1-39 genomicbackground,2845,8,2845_8
query_2846,0,genomicbackground,1,riboswitch,0.9118968844413757,2846_8_RF00050_8_NC_000913.3_3184369-3184918_ext_220-420_int_105_off_95_percentage_23_position_1-34 genomicbackground,2846,8,2846_8
query_2847,0,genomicbackground,1,riboswitch,0.9520437717437744,2847_8_RF00050_8_NC_000913.3_3184369-3184918_ext_220-420_int_110_off_0_percentage_74_position_1-110 genomicbackground,2847,8,2847_8
query_2848,0,genomicbackground,1,riboswitch,0.8897989392280579,2848_8_RF00050_8_NC_000913.3_3184369-3184918_ext_220-420_int_110_off_5_percentage_74_position_1-110 genomicbackground,2848,8,2848_8
query_2849,0,genomicbackground,1,riboswitch,0.937981128692627,2849_8_RF00050_8_NC_000913.3_3184369-3184918_ext_220-420_int_110_off_10_percentage_74_position_1-110 genomicbackground,2849,8,2849_8
query_2850,0,genomicbackground,1,riboswitch,0.9847602248191833,2850_8_RF00050_8_NC_000913.3_3184369-3184918_ext_220-420_int_110_off_15_percentage_74_position_1-110 genomicbackground,2850,8,2850_8
query_2851,0,genomicbackground,1,riboswitch,0.9866272807121277,2851_8_RF00050_8_NC_000913.3_3184369-3184918_ext_220-420_int_110_off_20_percentage_73_position_1-109 genomicbackground,2851,8,2851_8
query_2852,0,genomicbackground,1,riboswitch,0.9877123236656189,2852_8_RF00050_8_NC_000913.3_3184369-3184918_ext_220-420_int_110_off_25_percentage_70_position_1-104 genomicbackground,2852,8,2852_8
query_2853,0,genomicbackground,1,riboswitch,0.9846876263618469,2853_8_RF00050_8_NC_000913.3_3184369-3184918_ext_220-420_int_110_off_30_percentage_66_position_1-99 genomicbackground,2853,8,2853_8
query_2854,0,genomicbackground,1,riboswitch,0.9983148574829102,2854_8_RF00050_8_NC_000913.3_3184369-3184918_ext_220-420_int_110_off_35_percentage_63_position_1-94 genomicbackground,2854,8,2854_8
query_2855,0,genomicbackground,1,riboswitch,0.9956121444702148,2855_8_RF00050_8_NC_000913.3_3184369-3184918_ext_220-420_int_110_off_40_percentage_60_position_1-89 genomicbackground,2855,8,2855_8
query_2856,0,genomicbackground,1,riboswitch,0.9889153838157654,2856_8_RF00050_8_NC_000913.3_3184369-3184918_ext_220-420_int_110_off_45_percentage_56_position_1-84 genomicbackground,2856,8,2856_8
query_2857,0,genomicbackground,1,riboswitch,0.9858043193817139,2857_8_RF00050_8_NC_000913.3_3184369-3184918_ext_220-420_int_110_off_50_percentage_53_position_1-79 genomicbackground,2857,8,2857_8
query_2858,0,genomicbackground,1,riboswitch,0.9963827133178711,2858_8_RF00050_8_NC_000913.3_3184369-3184918_ext_220-420_int_110_off_55_percentage_50_position_1-74 genomicbackground,2858,8,2858_8
query_2859,0,genomicbackground,1,riboswitch,0.9960643649101257,2859_8_RF00050_8_NC_000913.3_3184369-3184918_ext_220-420_int_110_off_60_percentage_46_position_1-69 genomicbackground,2859,8,2859_8
query_2860,0,genomicbackground,1,riboswitch,0.9957929849624634,2860_8_RF00050_8_NC_000913.3_3184369-3184918_ext_220-420_int_110_off_65_percentage_43_position_1-64 genomicbackground,2860,8,2860_8
query_2861,0,genomicbackground,1,riboswitch,0.9959979057312012,2861_8_RF00050_8_NC_000913.3_3184369-3184918_ext_220-420_int_110_off_70_percentage_40_position_1-59 genomicbackground,2861,8,2861_8
query_2862,0,genomicbackground,1,riboswitch,0.9963765740394592,2862_8_RF00050_8_NC_000913.3_3184369-3184918_ext_220-420_int_110_off_75_percentage_36_position_1-54 genomicbackground,2862,8,2862_8
query_2863,0,genomicbackground,1,riboswitch,0.8114128708839417,2863_8_RF00050_8_NC_000913.3_3184369-3184918_ext_220-420_int_110_off_80_percentage_33_position_1-49 genomicbackground,2863,8,2863_8
query_2864,0,genomicbackground,1,riboswitch,0.8906161189079285,2864_8_RF00050_8_NC_000913.3_3184369-3184918_ext_220-420_int_110_off_85_percentage_30_position_1-44 genomicbackground,2864,8,2864_8
query_2865,0,genomicbackground,1,riboswitch,0.8772109746932983,2865_8_RF00050_8_NC_000913.3_3184369-3184918_ext_220-420_int_110_off_90_percentage_26_position_1-39 genomicbackground,2865,8,2865_8
query_2866,1,riboswitch,0,genomicbackground,0.39166533946990967,2866_8_RF00050_8_NC_000913.3_3184369-3184918_ext_220-420_int_115_off_0_percentage_77_position_1-115 riboswitch,2866,8,2866_8
query_2867,1,riboswitch,1,riboswitch,0.9915733933448792,2867_8_RF00050_8_NC_000913.3_3184369-3184918_ext_220-420_int_115_off_5_percentage_77_position_1-115 riboswitch,2867,8,2867_8
query_2868,1,riboswitch,1,riboswitch,0.9770219922065735,2868_8_RF00050_8_NC_000913.3_3184369-3184918_ext_220-420_int_115_off_10_percentage_77_position_1-115 riboswitch,2868,8,2868_8
query_2869,1,riboswitch,1,riboswitch,0.9852105975151062,2869_8_RF00050_8_NC_000913.3_3184369-3184918_ext_220-420_int_115_off_15_percentage_77_position_1-114 riboswitch,2869,8,2869_8
query_2870,0,genomicbackground,1,riboswitch,0.9851013422012329,2870_8_RF00050_8_NC_000913.3_3184369-3184918_ext_220-420_int_115_off_20_percentage_73_position_1-109 genomicbackground,2870,8,2870_8
query_2871,0,genomicbackground,1,riboswitch,0.9856512546539307,2871_8_RF00050_8_NC_000913.3_3184369-3184918_ext_220-420_int_115_off_25_percentage_70_position_1-104 genomicbackground,2871,8,2871_8
query_2872,0,genomicbackground,1,riboswitch,0.9855255484580994,2872_8_RF00050_8_NC_000913.3_3184369-3184918_ext_220-420_int_115_off_30_percentage_66_position_1-99 genomicbackground,2872,8,2872_8
query_2873,0,genomicbackground,1,riboswitch,0.9982200264930725,2873_8_RF00050_8_NC_000913.3_3184369-3184918_ext_220-420_int_115_off_35_percentage_63_position_1-94 genomicbackground,2873,8,2873_8
query_2874,0,genomicbackground,1,riboswitch,0.9821277260780334,2874_8_RF00050_8_NC_000913.3_3184369-3184918_ext_220-420_int_115_off_40_percentage_60_position_1-89 genomicbackground,2874,8,2874_8
query_2875,0,genomicbackground,1,riboswitch,0.9876090288162231,2875_8_RF00050_8_NC_000913.3_3184369-3184918_ext_220-420_int_115_off_45_percentage_56_position_1-84 genomicbackground,2875,8,2875_8
query_2876,0,genomicbackground,1,riboswitch,0.9966291785240173,2876_8_RF00050_8_NC_000913.3_3184369-3184918_ext_220-420_int_115_off_50_percentage_53_position_1-79 genomicbackground,2876,8,2876_8
query_2877,0,genomicbackground,1,riboswitch,0.9964627623558044,2877_8_RF00050_8_NC_000913.3_3184369-3184918_ext_220-420_int_115_off_55_percentage_50_position_1-74 genomicbackground,2877,8,2877_8
query_2878,0,genomicbackground,1,riboswitch,0.9987899661064148,2878_8_RF00050_8_NC_000913.3_3184369-3184918_ext_220-420_int_115_off_60_percentage_46_position_1-69 genomicbackground,2878,8,2878_8
query_2879,0,genomicbackground,1,riboswitch,0.9959404468536377,2879_8_RF00050_8_NC_000913.3_3184369-3184918_ext_220-420_int_115_off_65_percentage_43_position_1-64 genomicbackground,2879,8,2879_8
query_2880,0,genomicbackground,1,riboswitch,0.9958215951919556,2880_8_RF00050_8_NC_000913.3_3184369-3184918_ext_220-420_int_115_off_70_percentage_40_position_1-59 genomicbackground,2880,8,2880_8
query_2881,0,genomicbackground,1,riboswitch,0.9963202476501465,2881_8_RF00050_8_NC_000913.3_3184369-3184918_ext_220-420_int_115_off_75_percentage_36_position_1-54 genomicbackground,2881,8,2881_8
query_2882,0,genomicbackground,1,riboswitch,0.8729075789451599,2882_8_RF00050_8_NC_000913.3_3184369-3184918_ext_220-420_int_115_off_80_percentage_33_position_1-49 genomicbackground,2882,8,2882_8
query_2883,0,genomicbackground,1,riboswitch,0.9836524724960327,2883_8_RF00050_8_NC_000913.3_3184369-3184918_ext_220-420_int_115_off_85_percentage_30_position_1-44 genomicbackground,2883,8,2883_8
query_2884,1,riboswitch,1,riboswitch,0.9562485218048096,2884_8_RF00050_8_NC_000913.3_3184369-3184918_ext_220-420_int_120_off_0_percentage_81_position_1-120 riboswitch,2884,8,2884_8
query_2885,1,riboswitch,1,riboswitch,0.9973449110984802,2885_8_RF00050_8_NC_000913.3_3184369-3184918_ext_220-420_int_120_off_5_percentage_81_position_1-120 riboswitch,2885,8,2885_8
query_2886,1,riboswitch,1,riboswitch,0.9879891872406006,2886_8_RF00050_8_NC_000913.3_3184369-3184918_ext_220-420_int_120_off_10_percentage_80_position_1-119 riboswitch,2886,8,2886_8
query_2887,1,riboswitch,1,riboswitch,0.9827688336372375,2887_8_RF00050_8_NC_000913.3_3184369-3184918_ext_220-420_int_120_off_15_percentage_77_position_1-114 riboswitch,2887,8,2887_8
query_2888,0,genomicbackground,1,riboswitch,0.984519362449646,2888_8_RF00050_8_NC_000913.3_3184369-3184918_ext_220-420_int_120_off_20_percentage_73_position_1-109 genomicbackground,2888,8,2888_8
query_2889,0,genomicbackground,1,riboswitch,0.986423671245575,2889_8_RF00050_8_NC_000913.3_3184369-3184918_ext_220-420_int_120_off_25_percentage_70_position_1-104 genomicbackground,2889,8,2889_8
query_2890,0,genomicbackground,1,riboswitch,0.9823712706565857,2890_8_RF00050_8_NC_000913.3_3184369-3184918_ext_220-420_int_120_off_30_percentage_66_position_1-99 genomicbackground,2890,8,2890_8
query_2891,0,genomicbackground,1,riboswitch,0.9828013777732849,2891_8_RF00050_8_NC_000913.3_3184369-3184918_ext_220-420_int_120_off_35_percentage_63_position_1-94 genomicbackground,2891,8,2891_8
query_2892,0,genomicbackground,1,riboswitch,0.978042483329773,2892_8_RF00050_8_NC_000913.3_3184369-3184918_ext_220-420_int_120_off_40_percentage_60_position_1-89 genomicbackground,2892,8,2892_8
query_2893,0,genomicbackground,1,riboswitch,0.9966278672218323,2893_8_RF00050_8_NC_000913.3_3184369-3184918_ext_220-420_int_120_off_45_percentage_56_position_1-84 genomicbackground,2893,8,2893_8
query_2894,0,genomicbackground,1,riboswitch,0.996649444103241,2894_8_RF00050_8_NC_000913.3_3184369-3184918_ext_220-420_int_120_off_50_percentage_53_position_1-79 genomicbackground,2894,8,2894_8
query_2895,0,genomicbackground,1,riboswitch,0.9957850575447083,2895_8_RF00050_8_NC_000913.3_3184369-3184918_ext_220-420_int_120_off_55_percentage_50_position_1-74 genomicbackground,2895,8,2895_8
query_2896,0,genomicbackground,1,riboswitch,0.998967170715332,2896_8_RF00050_8_NC_000913.3_3184369-3184918_ext_220-420_int_120_off_60_percentage_46_position_1-69 genomicbackground,2896,8,2896_8
query_2897,0,genomicbackground,1,riboswitch,0.9953243732452393,2897_8_RF00050_8_NC_000913.3_3184369-3184918_ext_220-420_int_120_off_65_percentage_43_position_1-64 genomicbackground,2897,8,2897_8
query_2898,0,genomicbackground,1,riboswitch,0.9954537153244019,2898_8_RF00050_8_NC_000913.3_3184369-3184918_ext_220-420_int_120_off_70_percentage_40_position_1-59 genomicbackground,2898,8,2898_8
query_2899,0,genomicbackground,1,riboswitch,0.9967312812805176,2899_8_RF00050_8_NC_000913.3_3184369-3184918_ext_220-420_int_120_off_75_percentage_36_position_1-54 genomicbackground,2899,8,2899_8
query_2900,0,genomicbackground,1,riboswitch,0.9761764407157898,2900_8_RF00050_8_NC_000913.3_3184369-3184918_ext_220-420_int_120_off_80_percentage_33_position_1-49 genomicbackground,2900,8,2900_8
query_2901,1,riboswitch,1,riboswitch,0.976511538028717,2901_8_RF00050_8_NC_000913.3_3184369-3184918_ext_220-420_int_125_off_0_percentage_84_position_1-125 riboswitch,2901,8,2901_8
query_2902,1,riboswitch,1,riboswitch,0.9973462224006653,2902_8_RF00050_8_NC_000913.3_3184369-3184918_ext_220-420_int_125_off_5_percentage_83_position_1-124 riboswitch,2902,8,2902_8
query_2903,1,riboswitch,1,riboswitch,0.9707390069961548,2903_8_RF00050_8_NC_000913.3_3184369-3184918_ext_220-420_int_125_off_10_percentage_80_position_1-119 riboswitch,2903,8,2903_8
query_2904,1,riboswitch,1,riboswitch,0.98331218957901,2904_8_RF00050_8_NC_000913.3_3184369-3184918_ext_220-420_int_125_off_15_percentage_77_position_1-114 riboswitch,2904,8,2904_8
query_2905,0,genomicbackground,1,riboswitch,0.985528290271759,2905_8_RF00050_8_NC_000913.3_3184369-3184918_ext_220-420_int_125_off_20_percentage_73_position_1-109 genomicbackground,2905,8,2905_8
query_2906,0,genomicbackground,1,riboswitch,0.9928501844406128,2906_8_RF00050_8_NC_000913.3_3184369-3184918_ext_220-420_int_125_off_25_percentage_70_position_1-104 genomicbackground,2906,8,2906_8
query_2907,0,genomicbackground,1,riboswitch,0.9823089241981506,2907_8_RF00050_8_NC_000913.3_3184369-3184918_ext_220-420_int_125_off_30_percentage_66_position_1-99 genomicbackground,2907,8,2907_8
query_2908,0,genomicbackground,1,riboswitch,0.9840627908706665,2908_8_RF00050_8_NC_000913.3_3184369-3184918_ext_220-420_int_125_off_35_percentage_63_position_1-94 genomicbackground,2908,8,2908_8
query_2909,0,genomicbackground,1,riboswitch,0.9766966104507446,2909_8_RF00050_8_NC_000913.3_3184369-3184918_ext_220-420_int_125_off_40_percentage_60_position_1-89 genomicbackground,2909,8,2909_8
query_2910,0,genomicbackground,1,riboswitch,0.9966314435005188,2910_8_RF00050_8_NC_000913.3_3184369-3184918_ext_220-420_int_125_off_45_percentage_56_position_1-84 genomicbackground,2910,8,2910_8
query_2911,0,genomicbackground,1,riboswitch,0.9963132739067078,2911_8_RF00050_8_NC_000913.3_3184369-3184918_ext_220-420_int_125_off_50_percentage_53_position_1-79 genomicbackground,2911,8,2911_8
query_2912,0,genomicbackground,1,riboswitch,0.995712161064148,2912_8_RF00050_8_NC_000913.3_3184369-3184918_ext_220-420_int_125_off_55_percentage_50_position_1-74 genomicbackground,2912,8,2912_8
query_2913,0,genomicbackground,1,riboswitch,0.9953624606132507,2913_8_RF00050_8_NC_000913.3_3184369-3184918_ext_220-420_int_125_off_60_percentage_46_position_1-69 genomicbackground,2913,8,2913_8
query_2914,0,genomicbackground,1,riboswitch,0.9950215816497803,2914_8_RF00050_8_NC_000913.3_3184369-3184918_ext_220-420_int_125_off_65_percentage_43_position_1-64 genomicbackground,2914,8,2914_8
query_2915,0,genomicbackground,1,riboswitch,0.9958659410476685,2915_8_RF00050_8_NC_000913.3_3184369-3184918_ext_220-420_int_125_off_70_percentage_40_position_1-59 genomicbackground,2915,8,2915_8
query_2916,0,genomicbackground,1,riboswitch,0.9779359102249146,2916_8_RF00050_8_NC_000913.3_3184369-3184918_ext_220-420_int_125_off_75_percentage_36_position_1-54 genomicbackground,2916,8,2916_8
query_2917,1,riboswitch,1,riboswitch,0.9784854650497437,2917_8_RF00050_8_NC_000913.3_3184369-3184918_ext_220-420_int_130_off_0_percentage_87_position_1-129 riboswitch,2917,8,2917_8
query_2918,1,riboswitch,1,riboswitch,0.9954220652580261,2918_8_RF00050_8_NC_000913.3_3184369-3184918_ext_220-420_int_130_off_5_percentage_83_position_1-124 riboswitch,2918,8,2918_8
query_2919,1,riboswitch,1,riboswitch,0.9912785887718201,2919_8_RF00050_8_NC_000913.3_3184369-3184918_ext_220-420_int_130_off_10_percentage_80_position_1-119 riboswitch,2919,8,2919_8
query_2920,1,riboswitch,1,riboswitch,0.9812619090080261,2920_8_RF00050_8_NC_000913.3_3184369-3184918_ext_220-420_int_130_off_15_percentage_77_position_1-114 riboswitch,2920,8,2920_8
query_2921,0,genomicbackground,1,riboswitch,0.9849993586540222,2921_8_RF00050_8_NC_000913.3_3184369-3184918_ext_220-420_int_130_off_20_percentage_73_position_1-109 genomicbackground,2921,8,2921_8
query_2922,0,genomicbackground,1,riboswitch,0.9930118918418884,2922_8_RF00050_8_NC_000913.3_3184369-3184918_ext_220-420_int_130_off_25_percentage_70_position_1-104 genomicbackground,2922,8,2922_8
query_2923,0,genomicbackground,1,riboswitch,0.9820197224617004,2923_8_RF00050_8_NC_000913.3_3184369-3184918_ext_220-420_int_130_off_30_percentage_66_position_1-99 genomicbackground,2923,8,2923_8
query_2924,0,genomicbackground,1,riboswitch,0.9831339120864868,2924_8_RF00050_8_NC_000913.3_3184369-3184918_ext_220-420_int_130_off_35_percentage_63_position_1-94 genomicbackground,2924,8,2924_8
query_2925,0,genomicbackground,1,riboswitch,0.9757565259933472,2925_8_RF00050_8_NC_000913.3_3184369-3184918_ext_220-420_int_130_off_40_percentage_60_position_1-89 genomicbackground,2925,8,2925_8
query_2926,0,genomicbackground,1,riboswitch,0.9962453246116638,2926_8_RF00050_8_NC_000913.3_3184369-3184918_ext_220-420_int_130_off_45_percentage_56_position_1-84 genomicbackground,2926,8,2926_8
query_2927,0,genomicbackground,1,riboswitch,0.9963200092315674,2927_8_RF00050_8_NC_000913.3_3184369-3184918_ext_220-420_int_130_off_50_percentage_53_position_1-79 genomicbackground,2927,8,2927_8
query_2928,0,genomicbackground,1,riboswitch,0.9958961009979248,2928_8_RF00050_8_NC_000913.3_3184369-3184918_ext_220-420_int_130_off_55_percentage_50_position_1-74 genomicbackground,2928,8,2928_8
query_2929,0,genomicbackground,1,riboswitch,0.995142936706543,2929_8_RF00050_8_NC_000913.3_3184369-3184918_ext_220-420_int_130_off_60_percentage_46_position_1-69 genomicbackground,2929,8,2929_8
query_2930,0,genomicbackground,1,riboswitch,0.9898485541343689,2930_8_RF00050_8_NC_000913.3_3184369-3184918_ext_220-420_int_130_off_65_percentage_43_position_1-64 genomicbackground,2930,8,2930_8
query_2931,0,genomicbackground,1,riboswitch,0.9962939620018005,2931_8_RF00050_8_NC_000913.3_3184369-3184918_ext_220-420_int_130_off_70_percentage_40_position_1-59 genomicbackground,2931,8,2931_8
query_2932,1,riboswitch,1,riboswitch,0.9700554609298706,2932_8_RF00050_8_NC_000913.3_3184369-3184918_ext_220-420_int_135_off_0_percentage_87_position_1-129 riboswitch,2932,8,2932_8
query_2933,1,riboswitch,1,riboswitch,0.9571390748023987,2933_8_RF00050_8_NC_000913.3_3184369-3184918_ext_220-420_int_135_off_5_percentage_83_position_1-124 riboswitch,2933,8,2933_8
query_2934,1,riboswitch,1,riboswitch,0.9912576675415039,2934_8_RF00050_8_NC_000913.3_3184369-3184918_ext_220-420_int_135_off_10_percentage_80_position_1-119 riboswitch,2934,8,2934_8
query_2935,1,riboswitch,1,riboswitch,0.9893760681152344,2935_8_RF00050_8_NC_000913.3_3184369-3184918_ext_220-420_int_135_off_15_percentage_77_position_1-114 riboswitch,2935,8,2935_8
query_2936,0,genomicbackground,1,riboswitch,0.9870049953460693,2936_8_RF00050_8_NC_000913.3_3184369-3184918_ext_220-420_int_135_off_20_percentage_73_position_1-109 genomicbackground,2936,8,2936_8
query_2937,0,genomicbackground,1,riboswitch,0.9828094840049744,2937_8_RF00050_8_NC_000913.3_3184369-3184918_ext_220-420_int_135_off_25_percentage_70_position_1-104 genomicbackground,2937,8,2937_8
query_2938,0,genomicbackground,1,riboswitch,0.9894747734069824,2938_8_RF00050_8_NC_000913.3_3184369-3184918_ext_220-420_int_135_off_30_percentage_66_position_1-99 genomicbackground,2938,8,2938_8
query_2939,0,genomicbackground,1,riboswitch,0.9997981190681458,2939_8_RF00050_8_NC_000913.3_3184369-3184918_ext_220-420_int_135_off_35_percentage_63_position_1-94 genomicbackground,2939,8,2939_8
query_2940,0,genomicbackground,1,riboswitch,0.9782895445823669,2940_8_RF00050_8_NC_000913.3_3184369-3184918_ext_220-420_int_135_off_40_percentage_60_position_1-89 genomicbackground,2940,8,2940_8
query_2941,0,genomicbackground,1,riboswitch,0.9972577095031738,2941_8_RF00050_8_NC_000913.3_3184369-3184918_ext_220-420_int_135_off_45_percentage_56_position_1-84 genomicbackground,2941,8,2941_8
query_2942,0,genomicbackground,1,riboswitch,0.9958702921867371,2942_8_RF00050_8_NC_000913.3_3184369-3184918_ext_220-420_int_135_off_50_percentage_53_position_1-79 genomicbackground,2942,8,2942_8
query_2943,0,genomicbackground,1,riboswitch,0.9956085085868835,2943_8_RF00050_8_NC_000913.3_3184369-3184918_ext_220-420_int_135_off_55_percentage_50_position_1-74 genomicbackground,2943,8,2943_8
query_2944,0,genomicbackground,1,riboswitch,0.9895220398902893,2944_8_RF00050_8_NC_000913.3_3184369-3184918_ext_220-420_int_135_off_60_percentage_46_position_1-69 genomicbackground,2944,8,2944_8
query_2945,0,genomicbackground,1,riboswitch,0.9948169589042664,2945_8_RF00050_8_NC_000913.3_3184369-3184918_ext_220-420_int_135_off_65_percentage_43_position_1-64 genomicbackground,2945,8,2945_8
query_2946,1,riboswitch,1,riboswitch,0.8961982131004333,2946_8_RF00050_8_NC_000913.3_3184369-3184918_ext_220-420_int_140_off_0_percentage_87_position_1-129 riboswitch,2946,8,2946_8
query_2947,1,riboswitch,1,riboswitch,0.9682930111885071,2947_8_RF00050_8_NC_000913.3_3184369-3184918_ext_220-420_int_140_off_5_percentage_83_position_1-124 riboswitch,2947,8,2947_8
query_2948,1,riboswitch,1,riboswitch,0.9717382192611694,2948_8_RF00050_8_NC_000913.3_3184369-3184918_ext_220-420_int_140_off_10_percentage_80_position_1-119 riboswitch,2948,8,2948_8
query_2949,1,riboswitch,1,riboswitch,0.9457834959030151,2949_8_RF00050_8_NC_000913.3_3184369-3184918_ext_220-420_int_140_off_15_percentage_77_position_1-114 riboswitch,2949,8,2949_8
query_2950,0,genomicbackground,1,riboswitch,0.9864576458930969,2950_8_RF00050_8_NC_000913.3_3184369-3184918_ext_220-420_int_140_off_20_percentage_73_position_1-109 genomicbackground,2950,8,2950_8
query_2951,0,genomicbackground,1,riboswitch,0.992803156375885,2951_8_RF00050_8_NC_000913.3_3184369-3184918_ext_220-420_int_140_off_25_percentage_70_position_1-104 genomicbackground,2951,8,2951_8
query_2952,0,genomicbackground,1,riboswitch,0.9902858138084412,2952_8_RF00050_8_NC_000913.3_3184369-3184918_ext_220-420_int_140_off_30_percentage_66_position_1-99 genomicbackground,2952,8,2952_8
query_2953,0,genomicbackground,1,riboswitch,0.9851574897766113,2953_8_RF00050_8_NC_000913.3_3184369-3184918_ext_220-420_int_140_off_35_percentage_63_position_1-94 genomicbackground,2953,8,2953_8
query_2954,0,genomicbackground,1,riboswitch,0.9682830572128296,2954_8_RF00050_8_NC_000913.3_3184369-3184918_ext_220-420_int_140_off_40_percentage_60_position_1-89 genomicbackground,2954,8,2954_8
query_2955,0,genomicbackground,1,riboswitch,0.9961699843406677,2955_8_RF00050_8_NC_000913.3_3184369-3184918_ext_220-420_int_140_off_45_percentage_56_position_1-84 genomicbackground,2955,8,2955_8
query_2956,0,genomicbackground,1,riboswitch,0.9956716299057007,2956_8_RF00050_8_NC_000913.3_3184369-3184918_ext_220-420_int_140_off_50_percentage_53_position_1-79 genomicbackground,2956,8,2956_8
query_2957,0,genomicbackground,1,riboswitch,0.9913753867149353,2957_8_RF00050_8_NC_000913.3_3184369-3184918_ext_220-420_int_140_off_55_percentage_50_position_1-74 genomicbackground,2957,8,2957_8
query_2958,0,genomicbackground,1,riboswitch,0.9945747256278992,2958_8_RF00050_8_NC_000913.3_3184369-3184918_ext_220-420_int_140_off_60_percentage_46_position_1-69 genomicbackground,2958,8,2958_8
query_2959,1,riboswitch,1,riboswitch,0.9375513195991516,2959_8_RF00050_8_NC_000913.3_3184369-3184918_ext_220-420_int_145_off_0_percentage_87_position_1-129 riboswitch,2959,8,2959_8
query_2960,1,riboswitch,1,riboswitch,0.9973077774047852,2960_8_RF00050_8_NC_000913.3_3184369-3184918_ext_220-420_int_145_off_5_percentage_83_position_1-124 riboswitch,2960,8,2960_8
query_2961,1,riboswitch,1,riboswitch,0.9628242254257202,2961_8_RF00050_8_NC_000913.3_3184369-3184918_ext_220-420_int_145_off_10_percentage_80_position_1-119 riboswitch,2961,8,2961_8
query_2962,1,riboswitch,1,riboswitch,0.9839358329772949,2962_8_RF00050_8_NC_000913.3_3184369-3184918_ext_220-420_int_145_off_15_percentage_77_position_1-114 riboswitch,2962,8,2962_8
query_2963,0,genomicbackground,1,riboswitch,0.9847276210784912,2963_8_RF00050_8_NC_000913.3_3184369-3184918_ext_220-420_int_145_off_20_percentage_73_position_1-109 genomicbackground,2963,8,2963_8
query_2964,0,genomicbackground,1,riboswitch,0.9878974556922913,2964_8_RF00050_8_NC_000913.3_3184369-3184918_ext_220-420_int_145_off_25_percentage_70_position_1-104 genomicbackground,2964,8,2964_8
query_2965,0,genomicbackground,1,riboswitch,0.9867161512374878,2965_8_RF00050_8_NC_000913.3_3184369-3184918_ext_220-420_int_145_off_30_percentage_66_position_1-99 genomicbackground,2965,8,2965_8
query_2966,0,genomicbackground,1,riboswitch,0.9775006771087646,2966_8_RF00050_8_NC_000913.3_3184369-3184918_ext_220-420_int_145_off_35_percentage_63_position_1-94 genomicbackground,2966,8,2966_8
query_2967,0,genomicbackground,1,riboswitch,0.996581494808197,2967_8_RF00050_8_NC_000913.3_3184369-3184918_ext_220-420_int_145_off_40_percentage_60_position_1-89 genomicbackground,2967,8,2967_8
query_2968,0,genomicbackground,1,riboswitch,0.9959713816642761,2968_8_RF00050_8_NC_000913.3_3184369-3184918_ext_220-420_int_145_off_45_percentage_56_position_1-84 genomicbackground,2968,8,2968_8
query_2969,0,genomicbackground,1,riboswitch,0.994679868221283,2969_8_RF00050_8_NC_000913.3_3184369-3184918_ext_220-420_int_145_off_50_percentage_53_position_1-79 genomicbackground,2969,8,2969_8
query_2970,0,genomicbackground,1,riboswitch,0.9951902627944946,2970_8_RF00050_8_NC_000913.3_3184369-3184918_ext_220-420_int_145_off_55_percentage_50_position_1-74 genomicbackground,2970,8,2970_8
query_2971,1,riboswitch,1,riboswitch,0.9925190210342407,2971_8_RF00050_8_NC_000913.3_3184369-3184918_ext_220-420_int_150_off_0_percentage_87_position_1-129 riboswitch,2971,8,2971_8
query_2972,1,riboswitch,1,riboswitch,0.9671825170516968,2972_8_RF00050_8_NC_000913.3_3184369-3184918_ext_220-420_int_150_off_5_percentage_83_position_1-124 riboswitch,2972,8,2972_8
query_2973,1,riboswitch,1,riboswitch,0.9587143659591675,2973_8_RF00050_8_NC_000913.3_3184369-3184918_ext_220-420_int_150_off_10_percentage_80_position_1-119 riboswitch,2973,8,2973_8
query_2974,1,riboswitch,1,riboswitch,0.9827566146850586,2974_8_RF00050_8_NC_000913.3_3184369-3184918_ext_220-420_int_150_off_15_percentage_77_position_1-114 riboswitch,2974,8,2974_8
query_2975,0,genomicbackground,1,riboswitch,0.9956323504447937,2975_8_RF00050_8_NC_000913.3_3184369-3184918_ext_220-420_int_150_off_20_percentage_73_position_1-109 genomicbackground,2975,8,2975_8
query_2976,0,genomicbackground,1,riboswitch,0.9859915375709534,2976_8_RF00050_8_NC_000913.3_3184369-3184918_ext_220-420_int_150_off_25_percentage_70_position_1-104 genomicbackground,2976,8,2976_8
query_2977,0,genomicbackground,1,riboswitch,0.9851734638214111,2977_8_RF00050_8_NC_000913.3_3184369-3184918_ext_220-420_int_150_off_30_percentage_66_position_1-99 genomicbackground,2977,8,2977_8
query_2978,0,genomicbackground,1,riboswitch,0.9957684278488159,2978_8_RF00050_8_NC_000913.3_3184369-3184918_ext_220-420_int_150_off_35_percentage_63_position_1-94 genomicbackground,2978,8,2978_8
query_2979,0,genomicbackground,1,riboswitch,0.9964815378189087,2979_8_RF00050_8_NC_000913.3_3184369-3184918_ext_220-420_int_150_off_40_percentage_60_position_1-89 genomicbackground,2979,8,2979_8
query_2980,0,genomicbackground,1,riboswitch,0.9957218170166016,2980_8_RF00050_8_NC_000913.3_3184369-3184918_ext_220-420_int_150_off_45_percentage_56_position_1-84 genomicbackground,2980,8,2980_8
query_2981,0,genomicbackground,1,riboswitch,0.995732843875885,2981_8_RF00050_8_NC_000913.3_3184369-3184918_ext_220-420_int_150_off_50_percentage_53_position_1-79 genomicbackground,2981,8,2981_8
query_2982,1,riboswitch,1,riboswitch,0.9405517578125,2982_8_RF00050_8_NC_000913.3_3184369-3184918_ext_220-420_int_155_off_0_percentage_87_position_1-129 riboswitch,2982,8,2982_8
query_2983,1,riboswitch,1,riboswitch,0.9630470871925354,2983_8_RF00050_8_NC_000913.3_3184369-3184918_ext_220-420_int_155_off_5_percentage_83_position_1-124 riboswitch,2983,8,2983_8
query_2984,1,riboswitch,1,riboswitch,0.9495428204536438,2984_8_RF00050_8_NC_000913.3_3184369-3184918_ext_220-420_int_155_off_10_percentage_80_position_1-119 riboswitch,2984,8,2984_8
query_2985,1,riboswitch,1,riboswitch,0.996322512626648,2985_8_RF00050_8_NC_000913.3_3184369-3184918_ext_220-420_int_155_off_15_percentage_77_position_1-114 riboswitch,2985,8,2985_8
query_2986,0,genomicbackground,1,riboswitch,0.9813785552978516,2986_8_RF00050_8_NC_000913.3_3184369-3184918_ext_220-420_int_155_off_20_percentage_73_position_1-109 genomicbackground,2986,8,2986_8
query_2987,0,genomicbackground,1,riboswitch,0.9826686382293701,2987_8_RF00050_8_NC_000913.3_3184369-3184918_ext_220-420_int_155_off_25_percentage_70_position_1-104 genomicbackground,2987,8,2987_8
query_2988,0,genomicbackground,1,riboswitch,0.9956079125404358,2988_8_RF00050_8_NC_000913.3_3184369-3184918_ext_220-420_int_155_off_30_percentage_66_position_1-99 genomicbackground,2988,8,2988_8
query_2989,0,genomicbackground,1,riboswitch,0.9987809062004089,2989_8_RF00050_8_NC_000913.3_3184369-3184918_ext_220-420_int_155_off_35_percentage_63_position_1-94 genomicbackground,2989,8,2989_8
query_2990,0,genomicbackground,1,riboswitch,0.9956574440002441,2990_8_RF00050_8_NC_000913.3_3184369-3184918_ext_220-420_int_155_off_40_percentage_60_position_1-89 genomicbackground,2990,8,2990_8
query_2991,0,genomicbackground,1,riboswitch,0.9961890578269958,2991_8_RF00050_8_NC_000913.3_3184369-3184918_ext_220-420_int_155_off_45_percentage_56_position_1-84 genomicbackground,2991,8,2991_8
query_2992,1,riboswitch,1,riboswitch,0.993104875087738,2992_8_RF00050_8_NC_000913.3_3184369-3184918_ext_220-420_int_160_off_0_percentage_87_position_1-129 riboswitch,2992,8,2992_8
query_2993,1,riboswitch,1,riboswitch,0.9964117407798767,2993_8_RF00050_8_NC_000913.3_3184369-3184918_ext_220-420_int_160_off_5_percentage_83_position_1-124 riboswitch,2993,8,2993_8
query_2994,1,riboswitch,1,riboswitch,0.9445770978927612,2994_8_RF00050_8_NC_000913.3_3184369-3184918_ext_220-420_int_160_off_10_percentage_80_position_1-119 riboswitch,2994,8,2994_8
query_2995,1,riboswitch,1,riboswitch,0.9843207597732544,2995_8_RF00050_8_NC_000913.3_3184369-3184918_ext_220-420_int_160_off_15_percentage_77_position_1-114 riboswitch,2995,8,2995_8
query_2996,0,genomicbackground,1,riboswitch,0.9753772020339966,2996_8_RF00050_8_NC_000913.3_3184369-3184918_ext_220-420_int_160_off_20_percentage_73_position_1-109 genomicbackground,2996,8,2996_8
query_2997,0,genomicbackground,1,riboswitch,0.9956329464912415,2997_8_RF00050_8_NC_000913.3_3184369-3184918_ext_220-420_int_160_off_25_percentage_70_position_1-104 genomicbackground,2997,8,2997_8
query_2998,0,genomicbackground,1,riboswitch,0.9986787438392639,2998_8_RF00050_8_NC_000913.3_3184369-3184918_ext_220-420_int_160_off_30_percentage_66_position_1-99 genomicbackground,2998,8,2998_8
query_2999,0,genomicbackground,1,riboswitch,0.9961203932762146,2999_8_RF00050_8_NC_000913.3_3184369-3184918_ext_220-420_int_160_off_35_percentage_63_position_1-94 genomicbackground,2999,8,2999_8
query_3000,0,genomicbackground,1,riboswitch,0.9960928559303284,3000_8_RF00050_8_NC_000913.3_3184369-3184918_ext_220-420_int_160_off_40_percentage_60_position_1-89 genomicbackground,3000,8,3000_8
query_3001,1,riboswitch,1,riboswitch,0.9927440881729126,3001_8_RF00050_8_NC_000913.3_3184369-3184918_ext_220-420_int_165_off_0_percentage_87_position_1-129 riboswitch,3001,8,3001_8
query_3002,1,riboswitch,1,riboswitch,0.9961887001991272,3002_8_RF00050_8_NC_000913.3_3184369-3184918_ext_220-420_int_165_off_5_percentage_83_position_1-124 riboswitch,3002,8,3002_8
query_3003,1,riboswitch,1,riboswitch,0.9575438499450684,3003_8_RF00050_8_NC_000913.3_3184369-3184918_ext_220-420_int_165_off_10_percentage_80_position_1-119 riboswitch,3003,8,3003_8
query_3004,1,riboswitch,1,riboswitch,0.976667046546936,3004_8_RF00050_8_NC_000913.3_3184369-3184918_ext_220-420_int_165_off_15_percentage_77_position_1-114 riboswitch,3004,8,3004_8
query_3005,0,genomicbackground,1,riboswitch,0.993447482585907,3005_8_RF00050_8_NC_000913.3_3184369-3184918_ext_220-420_int_165_off_20_percentage_73_position_1-109 genomicbackground,3005,8,3005_8
query_3006,0,genomicbackground,1,riboswitch,0.9997523427009583,3006_8_RF00050_8_NC_000913.3_3184369-3184918_ext_220-420_int_165_off_25_percentage_70_position_1-104 genomicbackground,3006,8,3006_8
query_3007,0,genomicbackground,1,riboswitch,0.9987504482269287,3007_8_RF00050_8_NC_000913.3_3184369-3184918_ext_220-420_int_165_off_30_percentage_66_position_1-99 genomicbackground,3007,8,3007_8
query_3008,0,genomicbackground,1,riboswitch,0.9946315288543701,3008_8_RF00050_8_NC_000913.3_3184369-3184918_ext_220-420_int_165_off_35_percentage_63_position_1-94 genomicbackground,3008,8,3008_8
query_3009,1,riboswitch,1,riboswitch,0.9917297959327698,3009_8_RF00050_8_NC_000913.3_3184369-3184918_ext_220-420_int_170_off_0_percentage_87_position_1-129 riboswitch,3009,8,3009_8
query_3010,1,riboswitch,1,riboswitch,0.9955964684486389,3010_8_RF00050_8_NC_000913.3_3184369-3184918_ext_220-420_int_170_off_5_percentage_83_position_1-124 riboswitch,3010,8,3010_8
query_3011,1,riboswitch,1,riboswitch,0.9945344924926758,3011_8_RF00050_8_NC_000913.3_3184369-3184918_ext_220-420_int_170_off_10_percentage_80_position_1-119 riboswitch,3011,8,3011_8
query_3012,1,riboswitch,1,riboswitch,0.9940999150276184,3012_8_RF00050_8_NC_000913.3_3184369-3184918_ext_220-420_int_170_off_15_percentage_77_position_1-114 riboswitch,3012,8,3012_8
query_3013,0,genomicbackground,1,riboswitch,0.9979397654533386,3013_8_RF00050_8_NC_000913.3_3184369-3184918_ext_220-420_int_170_off_20_percentage_73_position_1-109 genomicbackground,3013,8,3013_8
query_3014,0,genomicbackground,1,riboswitch,0.9986377358436584,3014_8_RF00050_8_NC_000913.3_3184369-3184918_ext_220-420_int_170_off_25_percentage_70_position_1-104 genomicbackground,3014,8,3014_8
query_3015,0,genomicbackground,1,riboswitch,0.9939863681793213,3015_8_RF00050_8_NC_000913.3_3184369-3184918_ext_220-420_int_170_off_30_percentage_66_position_1-99 genomicbackground,3015,8,3015_8
query_3016,1,riboswitch,1,riboswitch,0.9895035028457642,3016_8_RF00050_8_NC_000913.3_3184369-3184918_ext_220-420_int_175_off_0_percentage_87_position_1-129 riboswitch,3016,8,3016_8
query_3017,1,riboswitch,1,riboswitch,0.9949473142623901,3017_8_RF00050_8_NC_000913.3_3184369-3184918_ext_220-420_int_175_off_5_percentage_83_position_1-124 riboswitch,3017,8,3017_8
query_3018,1,riboswitch,1,riboswitch,0.994411289691925,3018_8_RF00050_8_NC_000913.3_3184369-3184918_ext_220-420_int_175_off_10_percentage_80_position_1-119 riboswitch,3018,8,3018_8
query_3019,1,riboswitch,1,riboswitch,0.9938251972198486,3019_8_RF00050_8_NC_000913.3_3184369-3184918_ext_220-420_int_175_off_15_percentage_77_position_1-114 riboswitch,3019,8,3019_8
query_3020,0,genomicbackground,1,riboswitch,0.9928686022758484,3020_8_RF00050_8_NC_000913.3_3184369-3184918_ext_220-420_int_175_off_20_percentage_73_position_1-109 genomicbackground,3020,8,3020_8
query_3021,0,genomicbackground,1,riboswitch,0.9928951859474182,3021_8_RF00050_8_NC_000913.3_3184369-3184918_ext_220-420_int_175_off_25_percentage_70_position_1-104 genomicbackground,3021,8,3021_8
query_3022,1,riboswitch,1,riboswitch,0.9930189251899719,3022_8_RF00050_8_NC_000913.3_3184369-3184918_ext_220-420_int_180_off_0_percentage_87_position_1-129 riboswitch,3022,8,3022_8
query_3023,1,riboswitch,1,riboswitch,0.9947496056556702,3023_8_RF00050_8_NC_000913.3_3184369-3184918_ext_220-420_int_180_off_5_percentage_83_position_1-124 riboswitch,3023,8,3023_8
query_3024,1,riboswitch,1,riboswitch,0.9941652417182922,3024_8_RF00050_8_NC_000913.3_3184369-3184918_ext_220-420_int_180_off_10_percentage_80_position_1-119 riboswitch,3024,8,3024_8
query_3025,1,riboswitch,1,riboswitch,0.9954417943954468,3025_8_RF00050_8_NC_000913.3_3184369-3184918_ext_220-420_int_180_off_15_percentage_77_position_1-114 riboswitch,3025,8,3025_8
query_3026,0,genomicbackground,1,riboswitch,0.9997594952583313,3026_8_RF00050_8_NC_000913.3_3184369-3184918_ext_220-420_int_180_off_20_percentage_73_position_1-109 genomicbackground,3026,8,3026_8
query_3027,1,riboswitch,1,riboswitch,0.9925922155380249,3027_8_RF00050_8_NC_000913.3_3184369-3184918_ext_220-420_int_185_off_0_percentage_87_position_1-129 riboswitch,3027,8,3027_8
query_3028,1,riboswitch,1,riboswitch,0.9945756196975708,3028_8_RF00050_8_NC_000913.3_3184369-3184918_ext_220-420_int_185_off_5_percentage_83_position_1-124 riboswitch,3028,8,3028_8
query_3029,1,riboswitch,1,riboswitch,0.9921773076057434,3029_8_RF00050_8_NC_000913.3_3184369-3184918_ext_220-420_int_185_off_10_percentage_80_position_1-119 riboswitch,3029,8,3029_8
query_3030,1,riboswitch,1,riboswitch,0.9959688186645508,3030_8_RF00050_8_NC_000913.3_3184369-3184918_ext_220-420_int_185_off_15_percentage_77_position_1-114 riboswitch,3030,8,3030_8
query_3031,1,riboswitch,1,riboswitch,0.9922521710395813,3031_8_RF00050_8_NC_000913.3_3184369-3184918_ext_220-420_int_190_off_0_percentage_87_position_1-129 riboswitch,3031,8,3031_8
query_3032,1,riboswitch,1,riboswitch,0.9929150342941284,3032_8_RF00050_8_NC_000913.3_3184369-3184918_ext_220-420_int_190_off_5_percentage_83_position_1-124 riboswitch,3032,8,3032_8
query_3033,1,riboswitch,1,riboswitch,0.9935402274131775,3033_8_RF00050_8_NC_000913.3_3184369-3184918_ext_220-420_int_190_off_10_percentage_80_position_1-119 riboswitch,3033,8,3033_8
query_3034,1,riboswitch,1,riboswitch,0.9895578026771545,3034_8_RF00050_8_NC_000913.3_3184369-3184918_ext_220-420_int_195_off_0_percentage_87_position_1-129 riboswitch,3034,8,3034_8
query_3035,1,riboswitch,1,riboswitch,0.9925611615180969,3035_8_RF00050_8_NC_000913.3_3184369-3184918_ext_220-420_int_195_off_5_percentage_83_position_1-124 riboswitch,3035,8,3035_8
query_3036,1,riboswitch,1,riboswitch,0.9884240031242371,3036_8_RF00050_8_NC_000913.3_3184369-3184918_ext_220-420_int_200_off_0_percentage_87_position_1-129 riboswitch,3036,8,3036_8
query_3037,0,genomicbackground,1,riboswitch,0.9718285202980042,3037_8_RF00050_8_NC_000913.3_3184369-3184918_ext_240-440_int_95_off_0_percentage_64_position_1-95 genomicbackground,3037,8,3037_8
query_3038,0,genomicbackground,1,riboswitch,0.9866622090339661,3038_8_RF00050_8_NC_000913.3_3184369-3184918_ext_240-440_int_95_off_5_percentage_64_position_1-95 genomicbackground,3038,8,3038_8
query_3039,0,genomicbackground,1,riboswitch,0.9881259202957153,3039_8_RF00050_8_NC_000913.3_3184369-3184918_ext_240-440_int_95_off_10_percentage_64_position_1-95 genomicbackground,3039,8,3039_8
query_3040,0,genomicbackground,1,riboswitch,0.9888206720352173,3040_8_RF00050_8_NC_000913.3_3184369-3184918_ext_240-440_int_95_off_15_percentage_63_position_1-94 genomicbackground,3040,8,3040_8
query_3041,0,genomicbackground,1,riboswitch,0.995650589466095,3041_8_RF00050_8_NC_000913.3_3184369-3184918_ext_240-440_int_95_off_20_percentage_60_position_1-89 genomicbackground,3041,8,3041_8
query_3042,0,genomicbackground,1,riboswitch,0.9837770462036133,3042_8_RF00050_8_NC_000913.3_3184369-3184918_ext_240-440_int_95_off_25_percentage_56_position_1-84 genomicbackground,3042,8,3042_8
query_3043,0,genomicbackground,1,riboswitch,0.9800822138786316,3043_8_RF00050_8_NC_000913.3_3184369-3184918_ext_240-440_int_95_off_30_percentage_53_position_1-79 genomicbackground,3043,8,3043_8
query_3044,0,genomicbackground,1,riboswitch,0.986170768737793,3044_8_RF00050_8_NC_000913.3_3184369-3184918_ext_240-440_int_95_off_35_percentage_50_position_1-74 genomicbackground,3044,8,3044_8
query_3045,0,genomicbackground,1,riboswitch,0.9763340950012207,3045_8_RF00050_8_NC_000913.3_3184369-3184918_ext_240-440_int_95_off_40_percentage_46_position_1-69 genomicbackground,3045,8,3045_8
query_3046,0,genomicbackground,1,riboswitch,0.9736225008964539,3046_8_RF00050_8_NC_000913.3_3184369-3184918_ext_240-440_int_95_off_45_percentage_43_position_1-64 genomicbackground,3046,8,3046_8
query_3047,0,genomicbackground,1,riboswitch,0.9968010187149048,3047_8_RF00050_8_NC_000913.3_3184369-3184918_ext_240-440_int_95_off_50_percentage_40_position_1-59 genomicbackground,3047,8,3047_8
query_3048,0,genomicbackground,1,riboswitch,0.99687260389328,3048_8_RF00050_8_NC_000913.3_3184369-3184918_ext_240-440_int_95_off_55_percentage_36_position_1-54 genomicbackground,3048,8,3048_8
query_3049,0,genomicbackground,1,riboswitch,0.9865328073501587,3049_8_RF00050_8_NC_000913.3_3184369-3184918_ext_240-440_int_95_off_60_percentage_33_position_1-49 genomicbackground,3049,8,3049_8
query_3050,0,genomicbackground,1,riboswitch,0.9664480686187744,3050_8_RF00050_8_NC_000913.3_3184369-3184918_ext_240-440_int_95_off_65_percentage_30_position_1-44 genomicbackground,3050,8,3050_8
query_3051,0,genomicbackground,1,riboswitch,0.777371346950531,3051_8_RF00050_8_NC_000913.3_3184369-3184918_ext_240-440_int_95_off_70_percentage_26_position_1-39 genomicbackground,3051,8,3051_8
query_3052,0,genomicbackground,1,riboswitch,0.6870164275169373,3052_8_RF00050_8_NC_000913.3_3184369-3184918_ext_240-440_int_95_off_75_percentage_23_position_1-34 genomicbackground,3052,8,3052_8
query_3053,0,genomicbackground,1,riboswitch,0.6761297583580017,3053_8_RF00050_8_NC_000913.3_3184369-3184918_ext_240-440_int_95_off_80_percentage_19_position_1-29 genomicbackground,3053,8,3053_8
query_3054,0,genomicbackground,1,riboswitch,0.8525314927101135,3054_8_RF00050_8_NC_000913.3_3184369-3184918_ext_240-440_int_95_off_85_percentage_16_position_1-24 genomicbackground,3054,8,3054_8
query_3055,0,genomicbackground,1,riboswitch,0.9936310648918152,3055_8_RF00050_8_NC_000913.3_3184369-3184918_ext_240-440_int_95_off_90_percentage_13_position_1-19 genomicbackground,3055,8,3055_8
query_3056,0,genomicbackground,1,riboswitch,0.9825977683067322,3056_8_RF00050_8_NC_000913.3_3184369-3184918_ext_240-440_int_95_off_95_percentage_9_position_1-14 genomicbackground,3056,8,3056_8
query_3057,0,genomicbackground,0,genomicbackground,0.44896990060806274,3057_8_RF00050_8_NC_000913.3_3184369-3184918_ext_240-440_int_95_off_100_percentage_6_position_1-9 genomicbackground,3057,8,3057_8
query_3058,0,genomicbackground,0,genomicbackground,0.013132859952747822,3058_8_RF00050_8_NC_000913.3_3184369-3184918_ext_240-440_int_95_off_105_percentage_3_position_1-4 genomicbackground,3058,8,3058_8
query_3059,0,genomicbackground,1,riboswitch,0.9811819195747375,3059_8_RF00050_8_NC_000913.3_3184369-3184918_ext_240-440_int_100_off_0_percentage_67_position_1-100 genomicbackground,3059,8,3059_8
query_3060,0,genomicbackground,1,riboswitch,0.9882057905197144,3060_8_RF00050_8_NC_000913.3_3184369-3184918_ext_240-440_int_100_off_5_percentage_67_position_1-100 genomicbackground,3060,8,3060_8
query_3061,0,genomicbackground,1,riboswitch,0.9954171180725098,3061_8_RF00050_8_NC_000913.3_3184369-3184918_ext_240-440_int_100_off_10_percentage_66_position_1-99 genomicbackground,3061,8,3061_8
query_3062,0,genomicbackground,1,riboswitch,0.9882681965827942,3062_8_RF00050_8_NC_000913.3_3184369-3184918_ext_240-440_int_100_off_15_percentage_63_position_1-94 genomicbackground,3062,8,3062_8
query_3063,0,genomicbackground,1,riboswitch,0.9950189590454102,3063_8_RF00050_8_NC_000913.3_3184369-3184918_ext_240-440_int_100_off_20_percentage_60_position_1-89 genomicbackground,3063,8,3063_8
query_3064,0,genomicbackground,1,riboswitch,0.99201500415802,3064_8_RF00050_8_NC_000913.3_3184369-3184918_ext_240-440_int_100_off_25_percentage_56_position_1-84 genomicbackground,3064,8,3064_8
query_3065,0,genomicbackground,1,riboswitch,0.9935986995697021,3065_8_RF00050_8_NC_000913.3_3184369-3184918_ext_240-440_int_100_off_30_percentage_53_position_1-79 genomicbackground,3065,8,3065_8
query_3066,0,genomicbackground,1,riboswitch,0.980655312538147,3066_8_RF00050_8_NC_000913.3_3184369-3184918_ext_240-440_int_100_off_35_percentage_50_position_1-74 genomicbackground,3066,8,3066_8
query_3067,0,genomicbackground,1,riboswitch,0.9662216901779175,3067_8_RF00050_8_NC_000913.3_3184369-3184918_ext_240-440_int_100_off_40_percentage_46_position_1-69 genomicbackground,3067,8,3067_8
query_3068,0,genomicbackground,1,riboswitch,0.9963674545288086,3068_8_RF00050_8_NC_000913.3_3184369-3184918_ext_240-440_int_100_off_45_percentage_43_position_1-64 genomicbackground,3068,8,3068_8
query_3069,0,genomicbackground,1,riboswitch,0.9966686367988586,3069_8_RF00050_8_NC_000913.3_3184369-3184918_ext_240-440_int_100_off_50_percentage_40_position_1-59 genomicbackground,3069,8,3069_8
query_3070,0,genomicbackground,1,riboswitch,0.99654620885849,3070_8_RF00050_8_NC_000913.3_3184369-3184918_ext_240-440_int_100_off_55_percentage_36_position_1-54 genomicbackground,3070,8,3070_8
query_3071,0,genomicbackground,1,riboswitch,0.985567569732666,3071_8_RF00050_8_NC_000913.3_3184369-3184918_ext_240-440_int_100_off_60_percentage_33_position_1-49 genomicbackground,3071,8,3071_8
query_3072,0,genomicbackground,1,riboswitch,0.8075336813926697,3072_8_RF00050_8_NC_000913.3_3184369-3184918_ext_240-440_int_100_off_65_percentage_30_position_1-44 genomicbackground,3072,8,3072_8
query_3073,0,genomicbackground,1,riboswitch,0.7472638487815857,3073_8_RF00050_8_NC_000913.3_3184369-3184918_ext_240-440_int_100_off_70_percentage_26_position_1-39 genomicbackground,3073,8,3073_8
query_3074,0,genomicbackground,1,riboswitch,0.8439518809318542,3074_8_RF00050_8_NC_000913.3_3184369-3184918_ext_240-440_int_100_off_75_percentage_23_position_1-34 genomicbackground,3074,8,3074_8
query_3075,0,genomicbackground,1,riboswitch,0.7497283220291138,3075_8_RF00050_8_NC_000913.3_3184369-3184918_ext_240-440_int_100_off_80_percentage_19_position_1-29 genomicbackground,3075,8,3075_8
query_3076,0,genomicbackground,1,riboswitch,0.9568620920181274,3076_8_RF00050_8_NC_000913.3_3184369-3184918_ext_240-440_int_100_off_85_percentage_16_position_1-24 genomicbackground,3076,8,3076_8
query_3077,0,genomicbackground,1,riboswitch,0.993543267250061,3077_8_RF00050_8_NC_000913.3_3184369-3184918_ext_240-440_int_100_off_90_percentage_13_position_1-19 genomicbackground,3077,8,3077_8
query_3078,0,genomicbackground,1,riboswitch,0.979933500289917,3078_8_RF00050_8_NC_000913.3_3184369-3184918_ext_240-440_int_100_off_95_percentage_9_position_1-14 genomicbackground,3078,8,3078_8
query_3079,0,genomicbackground,0,genomicbackground,0.06933560222387314,3079_8_RF00050_8_NC_000913.3_3184369-3184918_ext_240-440_int_100_off_100_percentage_6_position_1-9 genomicbackground,3079,8,3079_8
query_3080,0,genomicbackground,1,riboswitch,0.986234724521637,3080_8_RF00050_8_NC_000913.3_3184369-3184918_ext_240-440_int_105_off_0_percentage_70_position_1-105 genomicbackground,3080,8,3080_8
query_3081,0,genomicbackground,1,riboswitch,0.9873037934303284,3081_8_RF00050_8_NC_000913.3_3184369-3184918_ext_240-440_int_105_off_5_percentage_70_position_1-104 genomicbackground,3081,8,3081_8
query_3082,0,genomicbackground,1,riboswitch,0.9874229431152344,3082_8_RF00050_8_NC_000913.3_3184369-3184918_ext_240-440_int_105_off_10_percentage_66_position_1-99 genomicbackground,3082,8,3082_8
query_3083,0,genomicbackground,1,riboswitch,0.9860498309135437,3083_8_RF00050_8_NC_000913.3_3184369-3184918_ext_240-440_int_105_off_15_percentage_63_position_1-94 genomicbackground,3083,8,3083_8
query_3084,0,genomicbackground,1,riboswitch,0.9951959252357483,3084_8_RF00050_8_NC_000913.3_3184369-3184918_ext_240-440_int_105_off_20_percentage_60_position_1-89 genomicbackground,3084,8,3084_8
query_3085,0,genomicbackground,1,riboswitch,0.9881856441497803,3085_8_RF00050_8_NC_000913.3_3184369-3184918_ext_240-440_int_105_off_25_percentage_56_position_1-84 genomicbackground,3085,8,3085_8
query_3086,0,genomicbackground,1,riboswitch,0.9881949424743652,3086_8_RF00050_8_NC_000913.3_3184369-3184918_ext_240-440_int_105_off_30_percentage_53_position_1-79 genomicbackground,3086,8,3086_8
query_3087,0,genomicbackground,1,riboswitch,0.9814148545265198,3087_8_RF00050_8_NC_000913.3_3184369-3184918_ext_240-440_int_105_off_35_percentage_50_position_1-74 genomicbackground,3087,8,3087_8
query_3088,0,genomicbackground,1,riboswitch,0.9990012049674988,3088_8_RF00050_8_NC_000913.3_3184369-3184918_ext_240-440_int_105_off_40_percentage_46_position_1-69 genomicbackground,3088,8,3088_8
query_3089,0,genomicbackground,1,riboswitch,0.9962270259857178,3089_8_RF00050_8_NC_000913.3_3184369-3184918_ext_240-440_int_105_off_45_percentage_43_position_1-64 genomicbackground,3089,8,3089_8
query_3090,0,genomicbackground,1,riboswitch,0.9962998032569885,3090_8_RF00050_8_NC_000913.3_3184369-3184918_ext_240-440_int_105_off_50_percentage_40_position_1-59 genomicbackground,3090,8,3090_8
query_3091,0,genomicbackground,1,riboswitch,0.99678635597229,3091_8_RF00050_8_NC_000913.3_3184369-3184918_ext_240-440_int_105_off_55_percentage_36_position_1-54 genomicbackground,3091,8,3091_8
query_3092,0,genomicbackground,1,riboswitch,0.8408705592155457,3092_8_RF00050_8_NC_000913.3_3184369-3184918_ext_240-440_int_105_off_60_percentage_33_position_1-49 genomicbackground,3092,8,3092_8
query_3093,0,genomicbackground,1,riboswitch,0.7717201113700867,3093_8_RF00050_8_NC_000913.3_3184369-3184918_ext_240-440_int_105_off_65_percentage_30_position_1-44 genomicbackground,3093,8,3093_8
query_3094,0,genomicbackground,1,riboswitch,0.7932806611061096,3094_8_RF00050_8_NC_000913.3_3184369-3184918_ext_240-440_int_105_off_70_percentage_26_position_1-39 genomicbackground,3094,8,3094_8
query_3095,0,genomicbackground,1,riboswitch,0.9118968844413757,3095_8_RF00050_8_NC_000913.3_3184369-3184918_ext_240-440_int_105_off_75_percentage_23_position_1-34 genomicbackground,3095,8,3095_8
query_3096,0,genomicbackground,1,riboswitch,0.7485007643699646,3096_8_RF00050_8_NC_000913.3_3184369-3184918_ext_240-440_int_105_off_80_percentage_19_position_1-29 genomicbackground,3096,8,3096_8
query_3097,0,genomicbackground,1,riboswitch,0.9679961204528809,3097_8_RF00050_8_NC_000913.3_3184369-3184918_ext_240-440_int_105_off_85_percentage_16_position_1-24 genomicbackground,3097,8,3097_8
query_3098,0,genomicbackground,1,riboswitch,0.9931214451789856,3098_8_RF00050_8_NC_000913.3_3184369-3184918_ext_240-440_int_105_off_90_percentage_13_position_1-19 genomicbackground,3098,8,3098_8
query_3099,0,genomicbackground,1,riboswitch,0.9804512858390808,3099_8_RF00050_8_NC_000913.3_3184369-3184918_ext_240-440_int_105_off_95_percentage_9_position_1-14 genomicbackground,3099,8,3099_8
query_3100,0,genomicbackground,1,riboswitch,0.9866272807121277,3100_8_RF00050_8_NC_000913.3_3184369-3184918_ext_240-440_int_110_off_0_percentage_73_position_1-109 genomicbackground,3100,8,3100_8
query_3101,0,genomicbackground,1,riboswitch,0.9877123236656189,3101_8_RF00050_8_NC_000913.3_3184369-3184918_ext_240-440_int_110_off_5_percentage_70_position_1-104 genomicbackground,3101,8,3101_8
query_3102,0,genomicbackground,1,riboswitch,0.9846876263618469,3102_8_RF00050_8_NC_000913.3_3184369-3184918_ext_240-440_int_110_off_10_percentage_66_position_1-99 genomicbackground,3102,8,3102_8
query_3103,0,genomicbackground,1,riboswitch,0.9983148574829102,3103_8_RF00050_8_NC_000913.3_3184369-3184918_ext_240-440_int_110_off_15_percentage_63_position_1-94 genomicbackground,3103,8,3103_8
query_3104,0,genomicbackground,1,riboswitch,0.9956121444702148,3104_8_RF00050_8_NC_000913.3_3184369-3184918_ext_240-440_int_110_off_20_percentage_60_position_1-89 genomicbackground,3104,8,3104_8
query_3105,0,genomicbackground,1,riboswitch,0.9889153838157654,3105_8_RF00050_8_NC_000913.3_3184369-3184918_ext_240-440_int_110_off_25_percentage_56_position_1-84 genomicbackground,3105,8,3105_8
query_3106,0,genomicbackground,1,riboswitch,0.9858043193817139,3106_8_RF00050_8_NC_000913.3_3184369-3184918_ext_240-440_int_110_off_30_percentage_53_position_1-79 genomicbackground,3106,8,3106_8
query_3107,0,genomicbackground,1,riboswitch,0.9963827133178711,3107_8_RF00050_8_NC_000913.3_3184369-3184918_ext_240-440_int_110_off_35_percentage_50_position_1-74 genomicbackground,3107,8,3107_8
query_3108,0,genomicbackground,1,riboswitch,0.9960643649101257,3108_8_RF00050_8_NC_000913.3_3184369-3184918_ext_240-440_int_110_off_40_percentage_46_position_1-69 genomicbackground,3108,8,3108_8
query_3109,0,genomicbackground,1,riboswitch,0.9957929849624634,3109_8_RF00050_8_NC_000913.3_3184369-3184918_ext_240-440_int_110_off_45_percentage_43_position_1-64 genomicbackground,3109,8,3109_8
query_3110,0,genomicbackground,1,riboswitch,0.9959979057312012,3110_8_RF00050_8_NC_000913.3_3184369-3184918_ext_240-440_int_110_off_50_percentage_40_position_1-59 genomicbackground,3110,8,3110_8
query_3111,0,genomicbackground,1,riboswitch,0.9963765740394592,3111_8_RF00050_8_NC_000913.3_3184369-3184918_ext_240-440_int_110_off_55_percentage_36_position_1-54 genomicbackground,3111,8,3111_8
query_3112,0,genomicbackground,1,riboswitch,0.8114128708839417,3112_8_RF00050_8_NC_000913.3_3184369-3184918_ext_240-440_int_110_off_60_percentage_33_position_1-49 genomicbackground,3112,8,3112_8
query_3113,0,genomicbackground,1,riboswitch,0.8906161189079285,3113_8_RF00050_8_NC_000913.3_3184369-3184918_ext_240-440_int_110_off_65_percentage_30_position_1-44 genomicbackground,3113,8,3113_8
query_3114,0,genomicbackground,1,riboswitch,0.8772109746932983,3114_8_RF00050_8_NC_000913.3_3184369-3184918_ext_240-440_int_110_off_70_percentage_26_position_1-39 genomicbackground,3114,8,3114_8
query_3115,0,genomicbackground,1,riboswitch,0.917702853679657,3115_8_RF00050_8_NC_000913.3_3184369-3184918_ext_240-440_int_110_off_75_percentage_23_position_1-34 genomicbackground,3115,8,3115_8
query_3116,0,genomicbackground,1,riboswitch,0.8227235674858093,3116_8_RF00050_8_NC_000913.3_3184369-3184918_ext_240-440_int_110_off_80_percentage_19_position_1-29 genomicbackground,3116,8,3116_8
query_3117,0,genomicbackground,1,riboswitch,0.9757709503173828,3117_8_RF00050_8_NC_000913.3_3184369-3184918_ext_240-440_int_110_off_85_percentage_16_position_1-24 genomicbackground,3117,8,3117_8
query_3118,0,genomicbackground,1,riboswitch,0.9932668209075928,3118_8_RF00050_8_NC_000913.3_3184369-3184918_ext_240-440_int_110_off_90_percentage_13_position_1-19 genomicbackground,3118,8,3118_8
query_3119,0,genomicbackground,1,riboswitch,0.9851013422012329,3119_8_RF00050_8_NC_000913.3_3184369-3184918_ext_240-440_int_115_off_0_percentage_73_position_1-109 genomicbackground,3119,8,3119_8
query_3120,0,genomicbackground,1,riboswitch,0.9856512546539307,3120_8_RF00050_8_NC_000913.3_3184369-3184918_ext_240-440_int_115_off_5_percentage_70_position_1-104 genomicbackground,3120,8,3120_8
query_3121,0,genomicbackground,1,riboswitch,0.9855255484580994,3121_8_RF00050_8_NC_000913.3_3184369-3184918_ext_240-440_int_115_off_10_percentage_66_position_1-99 genomicbackground,3121,8,3121_8
query_3122,0,genomicbackground,1,riboswitch,0.9982200264930725,3122_8_RF00050_8_NC_000913.3_3184369-3184918_ext_240-440_int_115_off_15_percentage_63_position_1-94 genomicbackground,3122,8,3122_8
query_3123,0,genomicbackground,1,riboswitch,0.9821277260780334,3123_8_RF00050_8_NC_000913.3_3184369-3184918_ext_240-440_int_115_off_20_percentage_60_position_1-89 genomicbackground,3123,8,3123_8
query_3124,0,genomicbackground,1,riboswitch,0.9876090288162231,3124_8_RF00050_8_NC_000913.3_3184369-3184918_ext_240-440_int_115_off_25_percentage_56_position_1-84 genomicbackground,3124,8,3124_8
query_3125,0,genomicbackground,1,riboswitch,0.9966291785240173,3125_8_RF00050_8_NC_000913.3_3184369-3184918_ext_240-440_int_115_off_30_percentage_53_position_1-79 genomicbackground,3125,8,3125_8
query_3126,0,genomicbackground,1,riboswitch,0.9964627623558044,3126_8_RF00050_8_NC_000913.3_3184369-3184918_ext_240-440_int_115_off_35_percentage_50_position_1-74 genomicbackground,3126,8,3126_8
query_3127,0,genomicbackground,1,riboswitch,0.9987899661064148,3127_8_RF00050_8_NC_000913.3_3184369-3184918_ext_240-440_int_115_off_40_percentage_46_position_1-69 genomicbackground,3127,8,3127_8
query_3128,0,genomicbackground,1,riboswitch,0.9959404468536377,3128_8_RF00050_8_NC_000913.3_3184369-3184918_ext_240-440_int_115_off_45_percentage_43_position_1-64 genomicbackground,3128,8,3128_8
query_3129,0,genomicbackground,1,riboswitch,0.9958215951919556,3129_8_RF00050_8_NC_000913.3_3184369-3184918_ext_240-440_int_115_off_50_percentage_40_position_1-59 genomicbackground,3129,8,3129_8
query_3130,0,genomicbackground,1,riboswitch,0.9963202476501465,3130_8_RF00050_8_NC_000913.3_3184369-3184918_ext_240-440_int_115_off_55_percentage_36_position_1-54 genomicbackground,3130,8,3130_8
query_3131,0,genomicbackground,1,riboswitch,0.8729075789451599,3131_8_RF00050_8_NC_000913.3_3184369-3184918_ext_240-440_int_115_off_60_percentage_33_position_1-49 genomicbackground,3131,8,3131_8
query_3132,0,genomicbackground,1,riboswitch,0.9836524724960327,3132_8_RF00050_8_NC_000913.3_3184369-3184918_ext_240-440_int_115_off_65_percentage_30_position_1-44 genomicbackground,3132,8,3132_8
query_3133,0,genomicbackground,1,riboswitch,0.9309854507446289,3133_8_RF00050_8_NC_000913.3_3184369-3184918_ext_240-440_int_115_off_70_percentage_26_position_1-39 genomicbackground,3133,8,3133_8
query_3134,0,genomicbackground,1,riboswitch,0.9578174948692322,3134_8_RF00050_8_NC_000913.3_3184369-3184918_ext_240-440_int_115_off_75_percentage_23_position_1-34 genomicbackground,3134,8,3134_8
query_3135,0,genomicbackground,1,riboswitch,0.8514647483825684,3135_8_RF00050_8_NC_000913.3_3184369-3184918_ext_240-440_int_115_off_80_percentage_19_position_1-29 genomicbackground,3135,8,3135_8
query_3136,0,genomicbackground,1,riboswitch,0.9878506064414978,3136_8_RF00050_8_NC_000913.3_3184369-3184918_ext_240-440_int_115_off_85_percentage_16_position_1-24 genomicbackground,3136,8,3136_8
query_3137,0,genomicbackground,1,riboswitch,0.984519362449646,3137_8_RF00050_8_NC_000913.3_3184369-3184918_ext_240-440_int_120_off_0_percentage_73_position_1-109 genomicbackground,3137,8,3137_8
query_3138,0,genomicbackground,1,riboswitch,0.986423671245575,3138_8_RF00050_8_NC_000913.3_3184369-3184918_ext_240-440_int_120_off_5_percentage_70_position_1-104 genomicbackground,3138,8,3138_8
query_3139,0,genomicbackground,1,riboswitch,0.9823712706565857,3139_8_RF00050_8_NC_000913.3_3184369-3184918_ext_240-440_int_120_off_10_percentage_66_position_1-99 genomicbackground,3139,8,3139_8
query_3140,0,genomicbackground,1,riboswitch,0.9828013777732849,3140_8_RF00050_8_NC_000913.3_3184369-3184918_ext_240-440_int_120_off_15_percentage_63_position_1-94 genomicbackground,3140,8,3140_8
query_3141,0,genomicbackground,1,riboswitch,0.978042483329773,3141_8_RF00050_8_NC_000913.3_3184369-3184918_ext_240-440_int_120_off_20_percentage_60_position_1-89 genomicbackground,3141,8,3141_8
query_3142,0,genomicbackground,1,riboswitch,0.9966278672218323,3142_8_RF00050_8_NC_000913.3_3184369-3184918_ext_240-440_int_120_off_25_percentage_56_position_1-84 genomicbackground,3142,8,3142_8
query_3143,0,genomicbackground,1,riboswitch,0.996649444103241,3143_8_RF00050_8_NC_000913.3_3184369-3184918_ext_240-440_int_120_off_30_percentage_53_position_1-79 genomicbackground,3143,8,3143_8
query_3144,0,genomicbackground,1,riboswitch,0.9957850575447083,3144_8_RF00050_8_NC_000913.3_3184369-3184918_ext_240-440_int_120_off_35_percentage_50_position_1-74 genomicbackground,3144,8,3144_8
query_3145,0,genomicbackground,1,riboswitch,0.998967170715332,3145_8_RF00050_8_NC_000913.3_3184369-3184918_ext_240-440_int_120_off_40_percentage_46_position_1-69 genomicbackground,3145,8,3145_8
query_3146,0,genomicbackground,1,riboswitch,0.9953243732452393,3146_8_RF00050_8_NC_000913.3_3184369-3184918_ext_240-440_int_120_off_45_percentage_43_position_1-64 genomicbackground,3146,8,3146_8
query_3147,0,genomicbackground,1,riboswitch,0.9954537153244019,3147_8_RF00050_8_NC_000913.3_3184369-3184918_ext_240-440_int_120_off_50_percentage_40_position_1-59 genomicbackground,3147,8,3147_8
query_3148,0,genomicbackground,1,riboswitch,0.9967312812805176,3148_8_RF00050_8_NC_000913.3_3184369-3184918_ext_240-440_int_120_off_55_percentage_36_position_1-54 genomicbackground,3148,8,3148_8
query_3149,0,genomicbackground,1,riboswitch,0.9761764407157898,3149_8_RF00050_8_NC_000913.3_3184369-3184918_ext_240-440_int_120_off_60_percentage_33_position_1-49 genomicbackground,3149,8,3149_8
query_3150,0,genomicbackground,1,riboswitch,0.9906846284866333,3150_8_RF00050_8_NC_000913.3_3184369-3184918_ext_240-440_int_120_off_65_percentage_30_position_1-44 genomicbackground,3150,8,3150_8
query_3151,0,genomicbackground,1,riboswitch,0.9257655739784241,3151_8_RF00050_8_NC_000913.3_3184369-3184918_ext_240-440_int_120_off_70_percentage_26_position_1-39 genomicbackground,3151,8,3151_8
query_3152,0,genomicbackground,1,riboswitch,0.9693971276283264,3152_8_RF00050_8_NC_000913.3_3184369-3184918_ext_240-440_int_120_off_75_percentage_23_position_1-34 genomicbackground,3152,8,3152_8
query_3153,0,genomicbackground,1,riboswitch,0.8812142610549927,3153_8_RF00050_8_NC_000913.3_3184369-3184918_ext_240-440_int_120_off_80_percentage_19_position_1-29 genomicbackground,3153,8,3153_8
query_3154,0,genomicbackground,1,riboswitch,0.985528290271759,3154_8_RF00050_8_NC_000913.3_3184369-3184918_ext_240-440_int_125_off_0_percentage_73_position_1-109 genomicbackground,3154,8,3154_8
query_3155,0,genomicbackground,1,riboswitch,0.9928501844406128,3155_8_RF00050_8_NC_000913.3_3184369-3184918_ext_240-440_int_125_off_5_percentage_70_position_1-104 genomicbackground,3155,8,3155_8
query_3156,0,genomicbackground,1,riboswitch,0.9823089241981506,3156_8_RF00050_8_NC_000913.3_3184369-3184918_ext_240-440_int_125_off_10_percentage_66_position_1-99 genomicbackground,3156,8,3156_8
query_3157,0,genomicbackground,1,riboswitch,0.9840627908706665,3157_8_RF00050_8_NC_000913.3_3184369-3184918_ext_240-440_int_125_off_15_percentage_63_position_1-94 genomicbackground,3157,8,3157_8
query_3158,0,genomicbackground,1,riboswitch,0.9766966104507446,3158_8_RF00050_8_NC_000913.3_3184369-3184918_ext_240-440_int_125_off_20_percentage_60_position_1-89 genomicbackground,3158,8,3158_8
query_3159,0,genomicbackground,1,riboswitch,0.9966314435005188,3159_8_RF00050_8_NC_000913.3_3184369-3184918_ext_240-440_int_125_off_25_percentage_56_position_1-84 genomicbackground,3159,8,3159_8
query_3160,0,genomicbackground,1,riboswitch,0.9963132739067078,3160_8_RF00050_8_NC_000913.3_3184369-3184918_ext_240-440_int_125_off_30_percentage_53_position_1-79 genomicbackground,3160,8,3160_8
query_3161,0,genomicbackground,1,riboswitch,0.995712161064148,3161_8_RF00050_8_NC_000913.3_3184369-3184918_ext_240-440_int_125_off_35_percentage_50_position_1-74 genomicbackground,3161,8,3161_8
query_3162,0,genomicbackground,1,riboswitch,0.9953624606132507,3162_8_RF00050_8_NC_000913.3_3184369-3184918_ext_240-440_int_125_off_40_percentage_46_position_1-69 genomicbackground,3162,8,3162_8
query_3163,0,genomicbackground,1,riboswitch,0.9950215816497803,3163_8_RF00050_8_NC_000913.3_3184369-3184918_ext_240-440_int_125_off_45_percentage_43_position_1-64 genomicbackground,3163,8,3163_8
query_3164,0,genomicbackground,1,riboswitch,0.9958659410476685,3164_8_RF00050_8_NC_000913.3_3184369-3184918_ext_240-440_int_125_off_50_percentage_40_position_1-59 genomicbackground,3164,8,3164_8
query_3165,0,genomicbackground,1,riboswitch,0.9779359102249146,3165_8_RF00050_8_NC_000913.3_3184369-3184918_ext_240-440_int_125_off_55_percentage_36_position_1-54 genomicbackground,3165,8,3165_8
query_3166,0,genomicbackground,1,riboswitch,0.9885050654411316,3166_8_RF00050_8_NC_000913.3_3184369-3184918_ext_240-440_int_125_off_60_percentage_33_position_1-49 genomicbackground,3166,8,3166_8
query_3167,0,genomicbackground,1,riboswitch,0.9907034635543823,3167_8_RF00050_8_NC_000913.3_3184369-3184918_ext_240-440_int_125_off_65_percentage_30_position_1-44 genomicbackground,3167,8,3167_8
query_3168,0,genomicbackground,1,riboswitch,0.9478294253349304,3168_8_RF00050_8_NC_000913.3_3184369-3184918_ext_240-440_int_125_off_70_percentage_26_position_1-39 genomicbackground,3168,8,3168_8
query_3169,0,genomicbackground,1,riboswitch,0.9754087328910828,3169_8_RF00050_8_NC_000913.3_3184369-3184918_ext_240-440_int_125_off_75_percentage_23_position_1-34 genomicbackground,3169,8,3169_8
query_3170,0,genomicbackground,1,riboswitch,0.9849993586540222,3170_8_RF00050_8_NC_000913.3_3184369-3184918_ext_240-440_int_130_off_0_percentage_73_position_1-109 genomicbackground,3170,8,3170_8
query_3171,0,genomicbackground,1,riboswitch,0.9930118918418884,3171_8_RF00050_8_NC_000913.3_3184369-3184918_ext_240-440_int_130_off_5_percentage_70_position_1-104 genomicbackground,3171,8,3171_8
query_3172,0,genomicbackground,1,riboswitch,0.9820197224617004,3172_8_RF00050_8_NC_000913.3_3184369-3184918_ext_240-440_int_130_off_10_percentage_66_position_1-99 genomicbackground,3172,8,3172_8
query_3173,0,genomicbackground,1,riboswitch,0.9831339120864868,3173_8_RF00050_8_NC_000913.3_3184369-3184918_ext_240-440_int_130_off_15_percentage_63_position_1-94 genomicbackground,3173,8,3173_8
query_3174,0,genomicbackground,1,riboswitch,0.9757565259933472,3174_8_RF00050_8_NC_000913.3_3184369-3184918_ext_240-440_int_130_off_20_percentage_60_position_1-89 genomicbackground,3174,8,3174_8
query_3175,0,genomicbackground,1,riboswitch,0.9962453246116638,3175_8_RF00050_8_NC_000913.3_3184369-3184918_ext_240-440_int_130_off_25_percentage_56_position_1-84 genomicbackground,3175,8,3175_8
query_3176,0,genomicbackground,1,riboswitch,0.9963200092315674,3176_8_RF00050_8_NC_000913.3_3184369-3184918_ext_240-440_int_130_off_30_percentage_53_position_1-79 genomicbackground,3176,8,3176_8
query_3177,0,genomicbackground,1,riboswitch,0.9958961009979248,3177_8_RF00050_8_NC_000913.3_3184369-3184918_ext_240-440_int_130_off_35_percentage_50_position_1-74 genomicbackground,3177,8,3177_8
query_3178,0,genomicbackground,1,riboswitch,0.995142936706543,3178_8_RF00050_8_NC_000913.3_3184369-3184918_ext_240-440_int_130_off_40_percentage_46_position_1-69 genomicbackground,3178,8,3178_8
query_3179,0,genomicbackground,1,riboswitch,0.9898485541343689,3179_8_RF00050_8_NC_000913.3_3184369-3184918_ext_240-440_int_130_off_45_percentage_43_position_1-64 genomicbackground,3179,8,3179_8
query_3180,0,genomicbackground,1,riboswitch,0.9962939620018005,3180_8_RF00050_8_NC_000913.3_3184369-3184918_ext_240-440_int_130_off_50_percentage_40_position_1-59 genomicbackground,3180,8,3180_8
query_3181,0,genomicbackground,1,riboswitch,0.9972192049026489,3181_8_RF00050_8_NC_000913.3_3184369-3184918_ext_240-440_int_130_off_55_percentage_36_position_1-54 genomicbackground,3181,8,3181_8
query_3182,0,genomicbackground,1,riboswitch,0.9902831315994263,3182_8_RF00050_8_NC_000913.3_3184369-3184918_ext_240-440_int_130_off_60_percentage_33_position_1-49 genomicbackground,3182,8,3182_8
query_3183,0,genomicbackground,1,riboswitch,0.9915388226509094,3183_8_RF00050_8_NC_000913.3_3184369-3184918_ext_240-440_int_130_off_65_percentage_30_position_1-44 genomicbackground,3183,8,3183_8
query_3184,0,genomicbackground,1,riboswitch,0.9733811020851135,3184_8_RF00050_8_NC_000913.3_3184369-3184918_ext_240-440_int_130_off_70_percentage_26_position_1-39 genomicbackground,3184,8,3184_8
query_3185,0,genomicbackground,1,riboswitch,0.9870049953460693,3185_8_RF00050_8_NC_000913.3_3184369-3184918_ext_240-440_int_135_off_0_percentage_73_position_1-109 genomicbackground,3185,8,3185_8
query_3186,0,genomicbackground,1,riboswitch,0.9828094840049744,3186_8_RF00050_8_NC_000913.3_3184369-3184918_ext_240-440_int_135_off_5_percentage_70_position_1-104 genomicbackground,3186,8,3186_8
query_3187,0,genomicbackground,1,riboswitch,0.9894747734069824,3187_8_RF00050_8_NC_000913.3_3184369-3184918_ext_240-440_int_135_off_10_percentage_66_position_1-99 genomicbackground,3187,8,3187_8
query_3188,0,genomicbackground,1,riboswitch,0.9997981190681458,3188_8_RF00050_8_NC_000913.3_3184369-3184918_ext_240-440_int_135_off_15_percentage_63_position_1-94 genomicbackground,3188,8,3188_8
query_3189,0,genomicbackground,1,riboswitch,0.9782895445823669,3189_8_RF00050_8_NC_000913.3_3184369-3184918_ext_240-440_int_135_off_20_percentage_60_position_1-89 genomicbackground,3189,8,3189_8
query_3190,0,genomicbackground,1,riboswitch,0.9972577095031738,3190_8_RF00050_8_NC_000913.3_3184369-3184918_ext_240-440_int_135_off_25_percentage_56_position_1-84 genomicbackground,3190,8,3190_8
query_3191,0,genomicbackground,1,riboswitch,0.9958702921867371,3191_8_RF00050_8_NC_000913.3_3184369-3184918_ext_240-440_int_135_off_30_percentage_53_position_1-79 genomicbackground,3191,8,3191_8
query_3192,0,genomicbackground,1,riboswitch,0.9956085085868835,3192_8_RF00050_8_NC_000913.3_3184369-3184918_ext_240-440_int_135_off_35_percentage_50_position_1-74 genomicbackground,3192,8,3192_8
query_3193,0,genomicbackground,1,riboswitch,0.9895220398902893,3193_8_RF00050_8_NC_000913.3_3184369-3184918_ext_240-440_int_135_off_40_percentage_46_position_1-69 genomicbackground,3193,8,3193_8
query_3194,0,genomicbackground,1,riboswitch,0.9948169589042664,3194_8_RF00050_8_NC_000913.3_3184369-3184918_ext_240-440_int_135_off_45_percentage_43_position_1-64 genomicbackground,3194,8,3194_8
query_3195,0,genomicbackground,1,riboswitch,0.9716641902923584,3195_8_RF00050_8_NC_000913.3_3184369-3184918_ext_240-440_int_135_off_50_percentage_40_position_1-59 genomicbackground,3195,8,3195_8
query_3196,0,genomicbackground,1,riboswitch,0.9906347393989563,3196_8_RF00050_8_NC_000913.3_3184369-3184918_ext_240-440_int_135_off_55_percentage_36_position_1-54 genomicbackground,3196,8,3196_8
query_3197,0,genomicbackground,1,riboswitch,0.9925649166107178,3197_8_RF00050_8_NC_000913.3_3184369-3184918_ext_240-440_int_135_off_60_percentage_33_position_1-49 genomicbackground,3197,8,3197_8
query_3198,0,genomicbackground,1,riboswitch,0.9930738210678101,3198_8_RF00050_8_NC_000913.3_3184369-3184918_ext_240-440_int_135_off_65_percentage_30_position_1-44 genomicbackground,3198,8,3198_8
query_3199,0,genomicbackground,1,riboswitch,0.9864576458930969,3199_8_RF00050_8_NC_000913.3_3184369-3184918_ext_240-440_int_140_off_0_percentage_73_position_1-109 genomicbackground,3199,8,3199_8
query_3200,0,genomicbackground,1,riboswitch,0.992803156375885,3200_8_RF00050_8_NC_000913.3_3184369-3184918_ext_240-440_int_140_off_5_percentage_70_position_1-104 genomicbackground,3200,8,3200_8
query_3201,0,genomicbackground,1,riboswitch,0.9902858138084412,3201_8_RF00050_8_NC_000913.3_3184369-3184918_ext_240-440_int_140_off_10_percentage_66_position_1-99 genomicbackground,3201,8,3201_8
query_3202,0,genomicbackground,1,riboswitch,0.9851574897766113,3202_8_RF00050_8_NC_000913.3_3184369-3184918_ext_240-440_int_140_off_15_percentage_63_position_1-94 genomicbackground,3202,8,3202_8
query_3203,0,genomicbackground,1,riboswitch,0.9682830572128296,3203_8_RF00050_8_NC_000913.3_3184369-3184918_ext_240-440_int_140_off_20_percentage_60_position_1-89 genomicbackground,3203,8,3203_8
query_3204,0,genomicbackground,1,riboswitch,0.9961699843406677,3204_8_RF00050_8_NC_000913.3_3184369-3184918_ext_240-440_int_140_off_25_percentage_56_position_1-84 genomicbackground,3204,8,3204_8
query_3205,0,genomicbackground,1,riboswitch,0.9956716299057007,3205_8_RF00050_8_NC_000913.3_3184369-3184918_ext_240-440_int_140_off_30_percentage_53_position_1-79 genomicbackground,3205,8,3205_8
query_3206,0,genomicbackground,1,riboswitch,0.9913753867149353,3206_8_RF00050_8_NC_000913.3_3184369-3184918_ext_240-440_int_140_off_35_percentage_50_position_1-74 genomicbackground,3206,8,3206_8
query_3207,0,genomicbackground,1,riboswitch,0.9945747256278992,3207_8_RF00050_8_NC_000913.3_3184369-3184918_ext_240-440_int_140_off_40_percentage_46_position_1-69 genomicbackground,3207,8,3207_8
query_3208,0,genomicbackground,1,riboswitch,0.9953433275222778,3208_8_RF00050_8_NC_000913.3_3184369-3184918_ext_240-440_int_140_off_45_percentage_43_position_1-64 genomicbackground,3208,8,3208_8
query_3209,0,genomicbackground,1,riboswitch,0.9771829843521118,3209_8_RF00050_8_NC_000913.3_3184369-3184918_ext_240-440_int_140_off_50_percentage_40_position_1-59 genomicbackground,3209,8,3209_8
query_3210,0,genomicbackground,1,riboswitch,0.9916506409645081,3210_8_RF00050_8_NC_000913.3_3184369-3184918_ext_240-440_int_140_off_55_percentage_36_position_1-54 genomicbackground,3210,8,3210_8
query_3211,0,genomicbackground,1,riboswitch,0.9940263032913208,3211_8_RF00050_8_NC_000913.3_3184369-3184918_ext_240-440_int_140_off_60_percentage_33_position_1-49 genomicbackground,3211,8,3211_8
query_3212,0,genomicbackground,1,riboswitch,0.9847276210784912,3212_8_RF00050_8_NC_000913.3_3184369-3184918_ext_240-440_int_145_off_0_percentage_73_position_1-109 genomicbackground,3212,8,3212_8
query_3213,0,genomicbackground,1,riboswitch,0.9878974556922913,3213_8_RF00050_8_NC_000913.3_3184369-3184918_ext_240-440_int_145_off_5_percentage_70_position_1-104 genomicbackground,3213,8,3213_8
query_3214,0,genomicbackground,1,riboswitch,0.9867161512374878,3214_8_RF00050_8_NC_000913.3_3184369-3184918_ext_240-440_int_145_off_10_percentage_66_position_1-99 genomicbackground,3214,8,3214_8
query_3215,0,genomicbackground,1,riboswitch,0.9775006771087646,3215_8_RF00050_8_NC_000913.3_3184369-3184918_ext_240-440_int_145_off_15_percentage_63_position_1-94 genomicbackground,3215,8,3215_8
query_3216,0,genomicbackground,1,riboswitch,0.996581494808197,3216_8_RF00050_8_NC_000913.3_3184369-3184918_ext_240-440_int_145_off_20_percentage_60_position_1-89 genomicbackground,3216,8,3216_8
query_3217,0,genomicbackground,1,riboswitch,0.9959713816642761,3217_8_RF00050_8_NC_000913.3_3184369-3184918_ext_240-440_int_145_off_25_percentage_56_position_1-84 genomicbackground,3217,8,3217_8
query_3218,0,genomicbackground,1,riboswitch,0.994679868221283,3218_8_RF00050_8_NC_000913.3_3184369-3184918_ext_240-440_int_145_off_30_percentage_53_position_1-79 genomicbackground,3218,8,3218_8
query_3219,0,genomicbackground,1,riboswitch,0.9951902627944946,3219_8_RF00050_8_NC_000913.3_3184369-3184918_ext_240-440_int_145_off_35_percentage_50_position_1-74 genomicbackground,3219,8,3219_8
query_3220,0,genomicbackground,1,riboswitch,0.9950037598609924,3220_8_RF00050_8_NC_000913.3_3184369-3184918_ext_240-440_int_145_off_40_percentage_46_position_1-69 genomicbackground,3220,8,3220_8
query_3221,0,genomicbackground,1,riboswitch,0.9489583969116211,3221_8_RF00050_8_NC_000913.3_3184369-3184918_ext_240-440_int_145_off_45_percentage_43_position_1-64 genomicbackground,3221,8,3221_8
query_3222,0,genomicbackground,1,riboswitch,0.9969522953033447,3222_8_RF00050_8_NC_000913.3_3184369-3184918_ext_240-440_int_145_off_50_percentage_40_position_1-59 genomicbackground,3222,8,3222_8
query_3223,0,genomicbackground,1,riboswitch,0.9924081563949585,3223_8_RF00050_8_NC_000913.3_3184369-3184918_ext_240-440_int_145_off_55_percentage_36_position_1-54 genomicbackground,3223,8,3223_8
query_3224,0,genomicbackground,1,riboswitch,0.9956323504447937,3224_8_RF00050_8_NC_000913.3_3184369-3184918_ext_240-440_int_150_off_0_percentage_73_position_1-109 genomicbackground,3224,8,3224_8
query_3225,0,genomicbackground,1,riboswitch,0.9859915375709534,3225_8_RF00050_8_NC_000913.3_3184369-3184918_ext_240-440_int_150_off_5_percentage_70_position_1-104 genomicbackground,3225,8,3225_8
query_3226,0,genomicbackground,1,riboswitch,0.9851734638214111,3226_8_RF00050_8_NC_000913.3_3184369-3184918_ext_240-440_int_150_off_10_percentage_66_position_1-99 genomicbackground,3226,8,3226_8
query_3227,0,genomicbackground,1,riboswitch,0.9957684278488159,3227_8_RF00050_8_NC_000913.3_3184369-3184918_ext_240-440_int_150_off_15_percentage_63_position_1-94 genomicbackground,3227,8,3227_8
query_3228,0,genomicbackground,1,riboswitch,0.9964815378189087,3228_8_RF00050_8_NC_000913.3_3184369-3184918_ext_240-440_int_150_off_20_percentage_60_position_1-89 genomicbackground,3228,8,3228_8
query_3229,0,genomicbackground,1,riboswitch,0.9957218170166016,3229_8_RF00050_8_NC_000913.3_3184369-3184918_ext_240-440_int_150_off_25_percentage_56_position_1-84 genomicbackground,3229,8,3229_8
query_3230,0,genomicbackground,1,riboswitch,0.995732843875885,3230_8_RF00050_8_NC_000913.3_3184369-3184918_ext_240-440_int_150_off_30_percentage_53_position_1-79 genomicbackground,3230,8,3230_8
query_3231,0,genomicbackground,1,riboswitch,0.9971590042114258,3231_8_RF00050_8_NC_000913.3_3184369-3184918_ext_240-440_int_150_off_35_percentage_50_position_1-74 genomicbackground,3231,8,3231_8
query_3232,0,genomicbackground,1,riboswitch,0.9590131640434265,3232_8_RF00050_8_NC_000913.3_3184369-3184918_ext_240-440_int_150_off_40_percentage_46_position_1-69 genomicbackground,3232,8,3232_8
query_3233,0,genomicbackground,1,riboswitch,0.9939813017845154,3233_8_RF00050_8_NC_000913.3_3184369-3184918_ext_240-440_int_150_off_45_percentage_43_position_1-64 genomicbackground,3233,8,3233_8
query_3234,0,genomicbackground,1,riboswitch,0.9968211650848389,3234_8_RF00050_8_NC_000913.3_3184369-3184918_ext_240-440_int_150_off_50_percentage_40_position_1-59 genomicbackground,3234,8,3234_8
query_3235,0,genomicbackground,1,riboswitch,0.9813785552978516,3235_8_RF00050_8_NC_000913.3_3184369-3184918_ext_240-440_int_155_off_0_percentage_73_position_1-109 genomicbackground,3235,8,3235_8
query_3236,0,genomicbackground,1,riboswitch,0.9826686382293701,3236_8_RF00050_8_NC_000913.3_3184369-3184918_ext_240-440_int_155_off_5_percentage_70_position_1-104 genomicbackground,3236,8,3236_8
query_3237,0,genomicbackground,1,riboswitch,0.9956079125404358,3237_8_RF00050_8_NC_000913.3_3184369-3184918_ext_240-440_int_155_off_10_percentage_66_position_1-99 genomicbackground,3237,8,3237_8
query_3238,0,genomicbackground,1,riboswitch,0.9987809062004089,3238_8_RF00050_8_NC_000913.3_3184369-3184918_ext_240-440_int_155_off_15_percentage_63_position_1-94 genomicbackground,3238,8,3238_8
query_3239,0,genomicbackground,1,riboswitch,0.9956574440002441,3239_8_RF00050_8_NC_000913.3_3184369-3184918_ext_240-440_int_155_off_20_percentage_60_position_1-89 genomicbackground,3239,8,3239_8
query_3240,0,genomicbackground,1,riboswitch,0.9961890578269958,3240_8_RF00050_8_NC_000913.3_3184369-3184918_ext_240-440_int_155_off_25_percentage_56_position_1-84 genomicbackground,3240,8,3240_8
query_3241,0,genomicbackground,1,riboswitch,0.995966911315918,3241_8_RF00050_8_NC_000913.3_3184369-3184918_ext_240-440_int_155_off_30_percentage_53_position_1-79 genomicbackground,3241,8,3241_8
query_3242,0,genomicbackground,1,riboswitch,0.9971508383750916,3242_8_RF00050_8_NC_000913.3_3184369-3184918_ext_240-440_int_155_off_35_percentage_50_position_1-74 genomicbackground,3242,8,3242_8
query_3243,0,genomicbackground,1,riboswitch,0.9931678175926208,3243_8_RF00050_8_NC_000913.3_3184369-3184918_ext_240-440_int_155_off_40_percentage_46_position_1-69 genomicbackground,3243,8,3243_8
query_3244,0,genomicbackground,1,riboswitch,0.9940417408943176,3244_8_RF00050_8_NC_000913.3_3184369-3184918_ext_240-440_int_155_off_45_percentage_43_position_1-64 genomicbackground,3244,8,3244_8
query_3245,0,genomicbackground,1,riboswitch,0.9753772020339966,3245_8_RF00050_8_NC_000913.3_3184369-3184918_ext_240-440_int_160_off_0_percentage_73_position_1-109 genomicbackground,3245,8,3245_8
query_3246,0,genomicbackground,1,riboswitch,0.9956329464912415,3246_8_RF00050_8_NC_000913.3_3184369-3184918_ext_240-440_int_160_off_5_percentage_70_position_1-104 genomicbackground,3246,8,3246_8
query_3247,0,genomicbackground,1,riboswitch,0.9986787438392639,3247_8_RF00050_8_NC_000913.3_3184369-3184918_ext_240-440_int_160_off_10_percentage_66_position_1-99 genomicbackground,3247,8,3247_8
query_3248,0,genomicbackground,1,riboswitch,0.9961203932762146,3248_8_RF00050_8_NC_000913.3_3184369-3184918_ext_240-440_int_160_off_15_percentage_63_position_1-94 genomicbackground,3248,8,3248_8
query_3249,0,genomicbackground,1,riboswitch,0.9960928559303284,3249_8_RF00050_8_NC_000913.3_3184369-3184918_ext_240-440_int_160_off_20_percentage_60_position_1-89 genomicbackground,3249,8,3249_8
query_3250,0,genomicbackground,1,riboswitch,0.9926103949546814,3250_8_RF00050_8_NC_000913.3_3184369-3184918_ext_240-440_int_160_off_25_percentage_56_position_1-84 genomicbackground,3250,8,3250_8
query_3251,0,genomicbackground,1,riboswitch,0.988696813583374,3251_8_RF00050_8_NC_000913.3_3184369-3184918_ext_240-440_int_160_off_30_percentage_53_position_1-79 genomicbackground,3251,8,3251_8
query_3252,0,genomicbackground,1,riboswitch,0.9935687780380249,3252_8_RF00050_8_NC_000913.3_3184369-3184918_ext_240-440_int_160_off_35_percentage_50_position_1-74 genomicbackground,3252,8,3252_8
query_3253,0,genomicbackground,1,riboswitch,0.9930241107940674,3253_8_RF00050_8_NC_000913.3_3184369-3184918_ext_240-440_int_160_off_40_percentage_46_position_1-69 genomicbackground,3253,8,3253_8
query_3254,0,genomicbackground,1,riboswitch,0.993447482585907,3254_8_RF00050_8_NC_000913.3_3184369-3184918_ext_240-440_int_165_off_0_percentage_73_position_1-109 genomicbackground,3254,8,3254_8
query_3255,0,genomicbackground,1,riboswitch,0.9997523427009583,3255_8_RF00050_8_NC_000913.3_3184369-3184918_ext_240-440_int_165_off_5_percentage_70_position_1-104 genomicbackground,3255,8,3255_8
query_3256,0,genomicbackground,1,riboswitch,0.9987504482269287,3256_8_RF00050_8_NC_000913.3_3184369-3184918_ext_240-440_int_165_off_10_percentage_66_position_1-99 genomicbackground,3256,8,3256_8
query_3257,0,genomicbackground,1,riboswitch,0.9946315288543701,3257_8_RF00050_8_NC_000913.3_3184369-3184918_ext_240-440_int_165_off_15_percentage_63_position_1-94 genomicbackground,3257,8,3257_8
query_3258,0,genomicbackground,1,riboswitch,0.9972847700119019,3258_8_RF00050_8_NC_000913.3_3184369-3184918_ext_240-440_int_165_off_20_percentage_60_position_1-89 genomicbackground,3258,8,3258_8
query_3259,0,genomicbackground,1,riboswitch,0.992522656917572,3259_8_RF00050_8_NC_000913.3_3184369-3184918_ext_240-440_int_165_off_25_percentage_56_position_1-84 genomicbackground,3259,8,3259_8
query_3260,0,genomicbackground,1,riboswitch,0.9953051805496216,3260_8_RF00050_8_NC_000913.3_3184369-3184918_ext_240-440_int_165_off_30_percentage_53_position_1-79 genomicbackground,3260,8,3260_8
query_3261,0,genomicbackground,1,riboswitch,0.9933561086654663,3261_8_RF00050_8_NC_000913.3_3184369-3184918_ext_240-440_int_165_off_35_percentage_50_position_1-74 genomicbackground,3261,8,3261_8
query_3262,0,genomicbackground,1,riboswitch,0.9979397654533386,3262_8_RF00050_8_NC_000913.3_3184369-3184918_ext_240-440_int_170_off_0_percentage_73_position_1-109 genomicbackground,3262,8,3262_8
query_3263,0,genomicbackground,1,riboswitch,0.9986377358436584,3263_8_RF00050_8_NC_000913.3_3184369-3184918_ext_240-440_int_170_off_5_percentage_70_position_1-104 genomicbackground,3263,8,3263_8
query_3264,0,genomicbackground,1,riboswitch,0.9939863681793213,3264_8_RF00050_8_NC_000913.3_3184369-3184918_ext_240-440_int_170_off_10_percentage_66_position_1-99 genomicbackground,3264,8,3264_8
query_3265,0,genomicbackground,1,riboswitch,0.994507372379303,3265_8_RF00050_8_NC_000913.3_3184369-3184918_ext_240-440_int_170_off_15_percentage_63_position_1-94 genomicbackground,3265,8,3265_8
query_3266,0,genomicbackground,1,riboswitch,0.9949043989181519,3266_8_RF00050_8_NC_000913.3_3184369-3184918_ext_240-440_int_170_off_20_percentage_60_position_1-89 genomicbackground,3266,8,3266_8
query_3267,0,genomicbackground,1,riboswitch,0.9967304468154907,3267_8_RF00050_8_NC_000913.3_3184369-3184918_ext_240-440_int_170_off_25_percentage_56_position_1-84 genomicbackground,3267,8,3267_8
query_3268,0,genomicbackground,1,riboswitch,0.9953527450561523,3268_8_RF00050_8_NC_000913.3_3184369-3184918_ext_240-440_int_170_off_30_percentage_53_position_1-79 genomicbackground,3268,8,3268_8
query_3269,0,genomicbackground,1,riboswitch,0.9928686022758484,3269_8_RF00050_8_NC_000913.3_3184369-3184918_ext_240-440_int_175_off_0_percentage_73_position_1-109 genomicbackground,3269,8,3269_8
query_3270,0,genomicbackground,1,riboswitch,0.9928951859474182,3270_8_RF00050_8_NC_000913.3_3184369-3184918_ext_240-440_int_175_off_5_percentage_70_position_1-104 genomicbackground,3270,8,3270_8
query_3271,0,genomicbackground,1,riboswitch,0.9932981133460999,3271_8_RF00050_8_NC_000913.3_3184369-3184918_ext_240-440_int_175_off_10_percentage_66_position_1-99 genomicbackground,3271,8,3271_8
query_3272,0,genomicbackground,1,riboswitch,0.9944629073143005,3272_8_RF00050_8_NC_000913.3_3184369-3184918_ext_240-440_int_175_off_15_percentage_63_position_1-94 genomicbackground,3272,8,3272_8
query_3273,0,genomicbackground,1,riboswitch,0.994814932346344,3273_8_RF00050_8_NC_000913.3_3184369-3184918_ext_240-440_int_175_off_20_percentage_60_position_1-89 genomicbackground,3273,8,3273_8
query_3274,0,genomicbackground,1,riboswitch,0.996594250202179,3274_8_RF00050_8_NC_000913.3_3184369-3184918_ext_240-440_int_175_off_25_percentage_56_position_1-84 genomicbackground,3274,8,3274_8
query_3275,0,genomicbackground,1,riboswitch,0.9997594952583313,3275_8_RF00050_8_NC_000913.3_3184369-3184918_ext_240-440_int_180_off_0_percentage_73_position_1-109 genomicbackground,3275,8,3275_8
query_3276,0,genomicbackground,1,riboswitch,0.9921804666519165,3276_8_RF00050_8_NC_000913.3_3184369-3184918_ext_240-440_int_180_off_5_percentage_70_position_1-104 genomicbackground,3276,8,3276_8
query_3277,0,genomicbackground,1,riboswitch,0.9938576817512512,3277_8_RF00050_8_NC_000913.3_3184369-3184918_ext_240-440_int_180_off_10_percentage_66_position_1-99 genomicbackground,3277,8,3277_8
query_3278,0,genomicbackground,1,riboswitch,0.9943345785140991,3278_8_RF00050_8_NC_000913.3_3184369-3184918_ext_240-440_int_180_off_15_percentage_63_position_1-94 genomicbackground,3278,8,3278_8
query_3279,0,genomicbackground,1,riboswitch,0.9948064684867859,3279_8_RF00050_8_NC_000913.3_3184369-3184918_ext_240-440_int_180_off_20_percentage_60_position_1-89 genomicbackground,3279,8,3279_8
query_3280,0,genomicbackground,1,riboswitch,0.9927310347557068,3280_8_RF00050_8_NC_000913.3_3184369-3184918_ext_240-440_int_185_off_0_percentage_73_position_1-109 genomicbackground,3280,8,3280_8
query_3281,0,genomicbackground,1,riboswitch,0.9930301308631897,3281_8_RF00050_8_NC_000913.3_3184369-3184918_ext_240-440_int_185_off_5_percentage_70_position_1-104 genomicbackground,3281,8,3281_8
query_3282,0,genomicbackground,1,riboswitch,0.9937089681625366,3282_8_RF00050_8_NC_000913.3_3184369-3184918_ext_240-440_int_185_off_10_percentage_66_position_1-99 genomicbackground,3282,8,3282_8
query_3283,0,genomicbackground,1,riboswitch,0.9942485094070435,3283_8_RF00050_8_NC_000913.3_3184369-3184918_ext_240-440_int_185_off_15_percentage_63_position_1-94 genomicbackground,3283,8,3283_8
query_3284,0,genomicbackground,1,riboswitch,0.992130696773529,3284_8_RF00050_8_NC_000913.3_3184369-3184918_ext_240-440_int_190_off_0_percentage_73_position_1-109 genomicbackground,3284,8,3284_8
query_3285,0,genomicbackground,1,riboswitch,0.9927970767021179,3285_8_RF00050_8_NC_000913.3_3184369-3184918_ext_240-440_int_190_off_5_percentage_70_position_1-104 genomicbackground,3285,8,3285_8
query_3286,0,genomicbackground,1,riboswitch,0.9936314225196838,3286_8_RF00050_8_NC_000913.3_3184369-3184918_ext_240-440_int_190_off_10_percentage_66_position_1-99 genomicbackground,3286,8,3286_8
query_3287,0,genomicbackground,1,riboswitch,0.9915403723716736,3287_8_RF00050_8_NC_000913.3_3184369-3184918_ext_240-440_int_195_off_0_percentage_73_position_1-109 genomicbackground,3287,8,3287_8
query_3288,0,genomicbackground,1,riboswitch,0.9926060438156128,3288_8_RF00050_8_NC_000913.3_3184369-3184918_ext_240-440_int_195_off_5_percentage_70_position_1-104 genomicbackground,3288,8,3288_8
query_3289,0,genomicbackground,1,riboswitch,0.9909851551055908,3289_8_RF00050_8_NC_000913.3_3184369-3184918_ext_240-440_int_200_off_0_percentage_73_position_1-109 genomicbackground,3289,8,3289_8
query_3290,0,genomicbackground,1,riboswitch,0.995650589466095,3290_8_RF00050_8_NC_000913.3_3184369-3184918_ext_260-460_int_95_off_0_percentage_60_position_1-89 genomicbackground,3290,8,3290_8
query_3291,0,genomicbackground,1,riboswitch,0.9837770462036133,3291_8_RF00050_8_NC_000913.3_3184369-3184918_ext_260-460_int_95_off_5_percentage_56_position_1-84 genomicbackground,3291,8,3291_8
query_3292,0,genomicbackground,1,riboswitch,0.9800822138786316,3292_8_RF00050_8_NC_000913.3_3184369-3184918_ext_260-460_int_95_off_10_percentage_53_position_1-79 genomicbackground,3292,8,3292_8
query_3293,0,genomicbackground,1,riboswitch,0.986170768737793,3293_8_RF00050_8_NC_000913.3_3184369-3184918_ext_260-460_int_95_off_15_percentage_50_position_1-74 genomicbackground,3293,8,3293_8
query_3294,0,genomicbackground,1,riboswitch,0.9763340950012207,3294_8_RF00050_8_NC_000913.3_3184369-3184918_ext_260-460_int_95_off_20_percentage_46_position_1-69 genomicbackground,3294,8,3294_8
query_3295,0,genomicbackground,1,riboswitch,0.9736225008964539,3295_8_RF00050_8_NC_000913.3_3184369-3184918_ext_260-460_int_95_off_25_percentage_43_position_1-64 genomicbackground,3295,8,3295_8
query_3296,0,genomicbackground,1,riboswitch,0.9968010187149048,3296_8_RF00050_8_NC_000913.3_3184369-3184918_ext_260-460_int_95_off_30_percentage_40_position_1-59 genomicbackground,3296,8,3296_8
query_3297,0,genomicbackground,1,riboswitch,0.99687260389328,3297_8_RF00050_8_NC_000913.3_3184369-3184918_ext_260-460_int_95_off_35_percentage_36_position_1-54 genomicbackground,3297,8,3297_8
query_3298,0,genomicbackground,1,riboswitch,0.9865328073501587,3298_8_RF00050_8_NC_000913.3_3184369-3184918_ext_260-460_int_95_off_40_percentage_33_position_1-49 genomicbackground,3298,8,3298_8
query_3299,0,genomicbackground,1,riboswitch,0.9664480686187744,3299_8_RF00050_8_NC_000913.3_3184369-3184918_ext_260-460_int_95_off_45_percentage_30_position_1-44 genomicbackground,3299,8,3299_8
query_3300,0,genomicbackground,1,riboswitch,0.777371346950531,3300_8_RF00050_8_NC_000913.3_3184369-3184918_ext_260-460_int_95_off_50_percentage_26_position_1-39 genomicbackground,3300,8,3300_8
query_3301,0,genomicbackground,1,riboswitch,0.6870164275169373,3301_8_RF00050_8_NC_000913.3_3184369-3184918_ext_260-460_int_95_off_55_percentage_23_position_1-34 genomicbackground,3301,8,3301_8
query_3302,0,genomicbackground,1,riboswitch,0.6761297583580017,3302_8_RF00050_8_NC_000913.3_3184369-3184918_ext_260-460_int_95_off_60_percentage_19_position_1-29 genomicbackground,3302,8,3302_8
query_3303,0,genomicbackground,1,riboswitch,0.8525314927101135,3303_8_RF00050_8_NC_000913.3_3184369-3184918_ext_260-460_int_95_off_65_percentage_16_position_1-24 genomicbackground,3303,8,3303_8
query_3304,0,genomicbackground,1,riboswitch,0.9936310648918152,3304_8_RF00050_8_NC_000913.3_3184369-3184918_ext_260-460_int_95_off_70_percentage_13_position_1-19 genomicbackground,3304,8,3304_8
query_3305,0,genomicbackground,1,riboswitch,0.9825977683067322,3305_8_RF00050_8_NC_000913.3_3184369-3184918_ext_260-460_int_95_off_75_percentage_9_position_1-14 genomicbackground,3305,8,3305_8
query_3306,0,genomicbackground,0,genomicbackground,0.44896990060806274,3306_8_RF00050_8_NC_000913.3_3184369-3184918_ext_260-460_int_95_off_80_percentage_6_position_1-9 genomicbackground,3306,8,3306_8
query_3307,0,genomicbackground,0,genomicbackground,0.013132859952747822,3307_8_RF00050_8_NC_000913.3_3184369-3184918_ext_260-460_int_95_off_85_percentage_3_position_1-4 genomicbackground,3307,8,3307_8
query_3308,0,genomicbackground,0,genomicbackground,0.02613932080566883,3308_8_RF00050_8_NC_000913.3_3184369-3184918_ext_260-460_int_95_off_90_percentage_0_position_0-0 genomicbackground,3308,8,3308_8
query_3309,0,genomicbackground,0,genomicbackground,0.14738352596759796,3309_8_RF00050_8_NC_000913.3_3184369-3184918_ext_260-460_int_95_off_95_percentage_0_position_0-0 genomicbackground,3309,8,3309_8
query_3310,0,genomicbackground,0,genomicbackground,0.1307075470685959,3310_8_RF00050_8_NC_000913.3_3184369-3184918_ext_260-460_int_95_off_100_percentage_0_position_0-0 genomicbackground,3310,8,3310_8
query_3311,0,genomicbackground,0,genomicbackground,0.01173224113881588,3311_8_RF00050_8_NC_000913.3_3184369-3184918_ext_260-460_int_95_off_105_percentage_0_position_0-0 genomicbackground,3311,8,3311_8
query_3312,0,genomicbackground,1,riboswitch,0.9950189590454102,3312_8_RF00050_8_NC_000913.3_3184369-3184918_ext_260-460_int_100_off_0_percentage_60_position_1-89 genomicbackground,3312,8,3312_8
query_3313,0,genomicbackground,1,riboswitch,0.99201500415802,3313_8_RF00050_8_NC_000913.3_3184369-3184918_ext_260-460_int_100_off_5_percentage_56_position_1-84 genomicbackground,3313,8,3313_8
query_3314,0,genomicbackground,1,riboswitch,0.9935986995697021,3314_8_RF00050_8_NC_000913.3_3184369-3184918_ext_260-460_int_100_off_10_percentage_53_position_1-79 genomicbackground,3314,8,3314_8
query_3315,0,genomicbackground,1,riboswitch,0.980655312538147,3315_8_RF00050_8_NC_000913.3_3184369-3184918_ext_260-460_int_100_off_15_percentage_50_position_1-74 genomicbackground,3315,8,3315_8
query_3316,0,genomicbackground,1,riboswitch,0.9662216901779175,3316_8_RF00050_8_NC_000913.3_3184369-3184918_ext_260-460_int_100_off_20_percentage_46_position_1-69 genomicbackground,3316,8,3316_8
query_3317,0,genomicbackground,1,riboswitch,0.9963674545288086,3317_8_RF00050_8_NC_000913.3_3184369-3184918_ext_260-460_int_100_off_25_percentage_43_position_1-64 genomicbackground,3317,8,3317_8
query_3318,0,genomicbackground,1,riboswitch,0.9966686367988586,3318_8_RF00050_8_NC_000913.3_3184369-3184918_ext_260-460_int_100_off_30_percentage_40_position_1-59 genomicbackground,3318,8,3318_8
query_3319,0,genomicbackground,1,riboswitch,0.99654620885849,3319_8_RF00050_8_NC_000913.3_3184369-3184918_ext_260-460_int_100_off_35_percentage_36_position_1-54 genomicbackground,3319,8,3319_8
query_3320,0,genomicbackground,1,riboswitch,0.9855676889419556,3320_8_RF00050_8_NC_000913.3_3184369-3184918_ext_260-460_int_100_off_40_percentage_33_position_1-49 genomicbackground,3320,8,3320_8
query_3321,0,genomicbackground,1,riboswitch,0.8075336813926697,3321_8_RF00050_8_NC_000913.3_3184369-3184918_ext_260-460_int_100_off_45_percentage_30_position_1-44 genomicbackground,3321,8,3321_8
query_3322,0,genomicbackground,1,riboswitch,0.7472638487815857,3322_8_RF00050_8_NC_000913.3_3184369-3184918_ext_260-460_int_100_off_50_percentage_26_position_1-39 genomicbackground,3322,8,3322_8
query_3323,0,genomicbackground,1,riboswitch,0.8439518809318542,3323_8_RF00050_8_NC_000913.3_3184369-3184918_ext_260-460_int_100_off_55_percentage_23_position_1-34 genomicbackground,3323,8,3323_8
query_3324,0,genomicbackground,1,riboswitch,0.7497283220291138,3324_8_RF00050_8_NC_000913.3_3184369-3184918_ext_260-460_int_100_off_60_percentage_19_position_1-29 genomicbackground,3324,8,3324_8
query_3325,0,genomicbackground,1,riboswitch,0.9568620920181274,3325_8_RF00050_8_NC_000913.3_3184369-3184918_ext_260-460_int_100_off_65_percentage_16_position_1-24 genomicbackground,3325,8,3325_8
query_3326,0,genomicbackground,1,riboswitch,0.993543267250061,3326_8_RF00050_8_NC_000913.3_3184369-3184918_ext_260-460_int_100_off_70_percentage_13_position_1-19 genomicbackground,3326,8,3326_8
query_3327,0,genomicbackground,1,riboswitch,0.979933500289917,3327_8_RF00050_8_NC_000913.3_3184369-3184918_ext_260-460_int_100_off_75_percentage_9_position_1-14 genomicbackground,3327,8,3327_8
query_3328,0,genomicbackground,0,genomicbackground,0.06933558732271194,3328_8_RF00050_8_NC_000913.3_3184369-3184918_ext_260-460_int_100_off_80_percentage_6_position_1-9 genomicbackground,3328,8,3328_8
query_3329,0,genomicbackground,1,riboswitch,0.866111695766449,3329_8_RF00050_8_NC_000913.3_3184369-3184918_ext_260-460_int_100_off_85_percentage_3_position_1-4 genomicbackground,3329,8,3329_8
query_3330,0,genomicbackground,0,genomicbackground,0.027872391045093536,3330_8_RF00050_8_NC_000913.3_3184369-3184918_ext_260-460_int_100_off_90_percentage_0_position_0-0 genomicbackground,3330,8,3330_8
query_3331,0,genomicbackground,0,genomicbackground,0.1649937629699707,3331_8_RF00050_8_NC_000913.3_3184369-3184918_ext_260-460_int_100_off_95_percentage_0_position_0-0 genomicbackground,3331,8,3331_8
query_3332,0,genomicbackground,0,genomicbackground,0.06685000658035278,3332_8_RF00050_8_NC_000913.3_3184369-3184918_ext_260-460_int_100_off_100_percentage_0_position_0-0 genomicbackground,3332,8,3332_8
query_3333,0,genomicbackground,1,riboswitch,0.9951959252357483,3333_8_RF00050_8_NC_000913.3_3184369-3184918_ext_260-460_int_105_off_0_percentage_60_position_1-89 genomicbackground,3333,8,3333_8
query_3334,0,genomicbackground,1,riboswitch,0.9881856441497803,3334_8_RF00050_8_NC_000913.3_3184369-3184918_ext_260-460_int_105_off_5_percentage_56_position_1-84 genomicbackground,3334,8,3334_8
query_3335,0,genomicbackground,1,riboswitch,0.9881949424743652,3335_8_RF00050_8_NC_000913.3_3184369-3184918_ext_260-460_int_105_off_10_percentage_53_position_1-79 genomicbackground,3335,8,3335_8
query_3336,0,genomicbackground,1,riboswitch,0.9814148545265198,3336_8_RF00050_8_NC_000913.3_3184369-3184918_ext_260-460_int_105_off_15_percentage_50_position_1-74 genomicbackground,3336,8,3336_8
query_3337,0,genomicbackground,1,riboswitch,0.9990012049674988,3337_8_RF00050_8_NC_000913.3_3184369-3184918_ext_260-460_int_105_off_20_percentage_46_position_1-69 genomicbackground,3337,8,3337_8
query_3338,0,genomicbackground,1,riboswitch,0.9962270259857178,3338_8_RF00050_8_NC_000913.3_3184369-3184918_ext_260-460_int_105_off_25_percentage_43_position_1-64 genomicbackground,3338,8,3338_8
query_3339,0,genomicbackground,1,riboswitch,0.9962998032569885,3339_8_RF00050_8_NC_000913.3_3184369-3184918_ext_260-460_int_105_off_30_percentage_40_position_1-59 genomicbackground,3339,8,3339_8
query_3340,0,genomicbackground,1,riboswitch,0.99678635597229,3340_8_RF00050_8_NC_000913.3_3184369-3184918_ext_260-460_int_105_off_35_percentage_36_position_1-54 genomicbackground,3340,8,3340_8
query_3341,0,genomicbackground,1,riboswitch,0.8408705592155457,3341_8_RF00050_8_NC_000913.3_3184369-3184918_ext_260-460_int_105_off_40_percentage_33_position_1-49 genomicbackground,3341,8,3341_8
query_3342,0,genomicbackground,1,riboswitch,0.7717201113700867,3342_8_RF00050_8_NC_000913.3_3184369-3184918_ext_260-460_int_105_off_45_percentage_30_position_1-44 genomicbackground,3342,8,3342_8
query_3343,0,genomicbackground,1,riboswitch,0.7932806611061096,3343_8_RF00050_8_NC_000913.3_3184369-3184918_ext_260-460_int_105_off_50_percentage_26_position_1-39 genomicbackground,3343,8,3343_8
query_3344,0,genomicbackground,1,riboswitch,0.9118968844413757,3344_8_RF00050_8_NC_000913.3_3184369-3184918_ext_260-460_int_105_off_55_percentage_23_position_1-34 genomicbackground,3344,8,3344_8
query_3345,0,genomicbackground,1,riboswitch,0.7485007643699646,3345_8_RF00050_8_NC_000913.3_3184369-3184918_ext_260-460_int_105_off_60_percentage_19_position_1-29 genomicbackground,3345,8,3345_8
query_3346,0,genomicbackground,1,riboswitch,0.9679961204528809,3346_8_RF00050_8_NC_000913.3_3184369-3184918_ext_260-460_int_105_off_65_percentage_16_position_1-24 genomicbackground,3346,8,3346_8
query_3347,0,genomicbackground,1,riboswitch,0.9931214451789856,3347_8_RF00050_8_NC_000913.3_3184369-3184918_ext_260-460_int_105_off_70_percentage_13_position_1-19 genomicbackground,3347,8,3347_8
query_3348,0,genomicbackground,1,riboswitch,0.9804512858390808,3348_8_RF00050_8_NC_000913.3_3184369-3184918_ext_260-460_int_105_off_75_percentage_9_position_1-14 genomicbackground,3348,8,3348_8
query_3349,0,genomicbackground,1,riboswitch,0.5208227038383484,3349_8_RF00050_8_NC_000913.3_3184369-3184918_ext_260-460_int_105_off_80_percentage_6_position_1-9 genomicbackground,3349,8,3349_8
query_3350,0,genomicbackground,1,riboswitch,0.6563183069229126,3350_8_RF00050_8_NC_000913.3_3184369-3184918_ext_260-460_int_105_off_85_percentage_3_position_1-4 genomicbackground,3350,8,3350_8
query_3351,0,genomicbackground,0,genomicbackground,0.010357518680393696,3351_8_RF00050_8_NC_000913.3_3184369-3184918_ext_260-460_int_105_off_90_percentage_0_position_0-0 genomicbackground,3351,8,3351_8
query_3352,0,genomicbackground,0,genomicbackground,0.014579047448933125,3352_8_RF00050_8_NC_000913.3_3184369-3184918_ext_260-460_int_105_off_95_percentage_0_position_0-0 genomicbackground,3352,8,3352_8
query_3353,0,genomicbackground,1,riboswitch,0.9956121444702148,3353_8_RF00050_8_NC_000913.3_3184369-3184918_ext_260-460_int_110_off_0_percentage_60_position_1-89 genomicbackground,3353,8,3353_8
query_3354,0,genomicbackground,1,riboswitch,0.9889153838157654,3354_8_RF00050_8_NC_000913.3_3184369-3184918_ext_260-460_int_110_off_5_percentage_56_position_1-84 genomicbackground,3354,8,3354_8
query_3355,0,genomicbackground,1,riboswitch,0.9858043193817139,3355_8_RF00050_8_NC_000913.3_3184369-3184918_ext_260-460_int_110_off_10_percentage_53_position_1-79 genomicbackground,3355,8,3355_8
query_3356,0,genomicbackground,1,riboswitch,0.9963827133178711,3356_8_RF00050_8_NC_000913.3_3184369-3184918_ext_260-460_int_110_off_15_percentage_50_position_1-74 genomicbackground,3356,8,3356_8
query_3357,0,genomicbackground,1,riboswitch,0.9960643649101257,3357_8_RF00050_8_NC_000913.3_3184369-3184918_ext_260-460_int_110_off_20_percentage_46_position_1-69 genomicbackground,3357,8,3357_8
query_3358,0,genomicbackground,1,riboswitch,0.9957929849624634,3358_8_RF00050_8_NC_000913.3_3184369-3184918_ext_260-460_int_110_off_25_percentage_43_position_1-64 genomicbackground,3358,8,3358_8
query_3359,0,genomicbackground,1,riboswitch,0.9959979057312012,3359_8_RF00050_8_NC_000913.3_3184369-3184918_ext_260-460_int_110_off_30_percentage_40_position_1-59 genomicbackground,3359,8,3359_8
query_3360,0,genomicbackground,1,riboswitch,0.9963765740394592,3360_8_RF00050_8_NC_000913.3_3184369-3184918_ext_260-460_int_110_off_35_percentage_36_position_1-54 genomicbackground,3360,8,3360_8
query_3361,0,genomicbackground,1,riboswitch,0.8114128708839417,3361_8_RF00050_8_NC_000913.3_3184369-3184918_ext_260-460_int_110_off_40_percentage_33_position_1-49 genomicbackground,3361,8,3361_8
query_3362,0,genomicbackground,1,riboswitch,0.8906161189079285,3362_8_RF00050_8_NC_000913.3_3184369-3184918_ext_260-460_int_110_off_45_percentage_30_position_1-44 genomicbackground,3362,8,3362_8
query_3363,0,genomicbackground,1,riboswitch,0.8772109746932983,3363_8_RF00050_8_NC_000913.3_3184369-3184918_ext_260-460_int_110_off_50_percentage_26_position_1-39 genomicbackground,3363,8,3363_8
query_3364,0,genomicbackground,1,riboswitch,0.917702853679657,3364_8_RF00050_8_NC_000913.3_3184369-3184918_ext_260-460_int_110_off_55_percentage_23_position_1-34 genomicbackground,3364,8,3364_8
query_3365,0,genomicbackground,1,riboswitch,0.8227235674858093,3365_8_RF00050_8_NC_000913.3_3184369-3184918_ext_260-460_int_110_off_60_percentage_19_position_1-29 genomicbackground,3365,8,3365_8
query_3366,0,genomicbackground,1,riboswitch,0.9757709503173828,3366_8_RF00050_8_NC_000913.3_3184369-3184918_ext_260-460_int_110_off_65_percentage_16_position_1-24 genomicbackground,3366,8,3366_8
query_3367,0,genomicbackground,1,riboswitch,0.9932668209075928,3367_8_RF00050_8_NC_000913.3_3184369-3184918_ext_260-460_int_110_off_70_percentage_13_position_1-19 genomicbackground,3367,8,3367_8
query_3368,0,genomicbackground,1,riboswitch,0.9852767586708069,3368_8_RF00050_8_NC_000913.3_3184369-3184918_ext_260-460_int_110_off_75_percentage_9_position_1-14 genomicbackground,3368,8,3368_8
query_3369,0,genomicbackground,0,genomicbackground,0.38502269983291626,3369_8_RF00050_8_NC_000913.3_3184369-3184918_ext_260-460_int_110_off_80_percentage_6_position_1-9 genomicbackground,3369,8,3369_8
query_3370,0,genomicbackground,0,genomicbackground,0.30827316641807556,3370_8_RF00050_8_NC_000913.3_3184369-3184918_ext_260-460_int_110_off_85_percentage_3_position_1-4 genomicbackground,3370,8,3370_8
query_3371,0,genomicbackground,0,genomicbackground,0.01694832742214203,3371_8_RF00050_8_NC_000913.3_3184369-3184918_ext_260-460_int_110_off_90_percentage_0_position_0-0 genomicbackground,3371,8,3371_8
query_3372,0,genomicbackground,1,riboswitch,0.9821277260780334,3372_8_RF00050_8_NC_000913.3_3184369-3184918_ext_260-460_int_115_off_0_percentage_60_position_1-89 genomicbackground,3372,8,3372_8
query_3373,0,genomicbackground,1,riboswitch,0.9876090288162231,3373_8_RF00050_8_NC_000913.3_3184369-3184918_ext_260-460_int_115_off_5_percentage_56_position_1-84 genomicbackground,3373,8,3373_8
query_3374,0,genomicbackground,1,riboswitch,0.9966291785240173,3374_8_RF00050_8_NC_000913.3_3184369-3184918_ext_260-460_int_115_off_10_percentage_53_position_1-79 genomicbackground,3374,8,3374_8
query_3375,0,genomicbackground,1,riboswitch,0.9964627623558044,3375_8_RF00050_8_NC_000913.3_3184369-3184918_ext_260-460_int_115_off_15_percentage_50_position_1-74 genomicbackground,3375,8,3375_8
query_3376,0,genomicbackground,1,riboswitch,0.9987899661064148,3376_8_RF00050_8_NC_000913.3_3184369-3184918_ext_260-460_int_115_off_20_percentage_46_position_1-69 genomicbackground,3376,8,3376_8
query_3377,0,genomicbackground,1,riboswitch,0.9959404468536377,3377_8_RF00050_8_NC_000913.3_3184369-3184918_ext_260-460_int_115_off_25_percentage_43_position_1-64 genomicbackground,3377,8,3377_8
query_3378,0,genomicbackground,1,riboswitch,0.9958215951919556,3378_8_RF00050_8_NC_000913.3_3184369-3184918_ext_260-460_int_115_off_30_percentage_40_position_1-59 genomicbackground,3378,8,3378_8
query_3379,0,genomicbackground,1,riboswitch,0.9963202476501465,3379_8_RF00050_8_NC_000913.3_3184369-3184918_ext_260-460_int_115_off_35_percentage_36_position_1-54 genomicbackground,3379,8,3379_8
query_3380,0,genomicbackground,1,riboswitch,0.8729075789451599,3380_8_RF00050_8_NC_000913.3_3184369-3184918_ext_260-460_int_115_off_40_percentage_33_position_1-49 genomicbackground,3380,8,3380_8
query_3381,0,genomicbackground,1,riboswitch,0.9836524724960327,3381_8_RF00050_8_NC_000913.3_3184369-3184918_ext_260-460_int_115_off_45_percentage_30_position_1-44 genomicbackground,3381,8,3381_8
query_3382,0,genomicbackground,1,riboswitch,0.9309854507446289,3382_8_RF00050_8_NC_000913.3_3184369-3184918_ext_260-460_int_115_off_50_percentage_26_position_1-39 genomicbackground,3382,8,3382_8
query_3383,0,genomicbackground,1,riboswitch,0.9578174948692322,3383_8_RF00050_8_NC_000913.3_3184369-3184918_ext_260-460_int_115_off_55_percentage_23_position_1-34 genomicbackground,3383,8,3383_8
query_3384,0,genomicbackground,1,riboswitch,0.8514647483825684,3384_8_RF00050_8_NC_000913.3_3184369-3184918_ext_260-460_int_115_off_60_percentage_19_position_1-29 genomicbackground,3384,8,3384_8
query_3385,0,genomicbackground,1,riboswitch,0.9878506064414978,3385_8_RF00050_8_NC_000913.3_3184369-3184918_ext_260-460_int_115_off_65_percentage_16_position_1-24 genomicbackground,3385,8,3385_8
query_3386,0,genomicbackground,1,riboswitch,0.9937591552734375,3386_8_RF00050_8_NC_000913.3_3184369-3184918_ext_260-460_int_115_off_70_percentage_13_position_1-19 genomicbackground,3386,8,3386_8
query_3387,0,genomicbackground,1,riboswitch,0.9887555241584778,3387_8_RF00050_8_NC_000913.3_3184369-3184918_ext_260-460_int_115_off_75_percentage_9_position_1-14 genomicbackground,3387,8,3387_8
query_3388,0,genomicbackground,0,genomicbackground,0.21518053114414215,3388_8_RF00050_8_NC_000913.3_3184369-3184918_ext_260-460_int_115_off_80_percentage_6_position_1-9 genomicbackground,3388,8,3388_8
query_3389,0,genomicbackground,0,genomicbackground,0.01143391989171505,3389_8_RF00050_8_NC_000913.3_3184369-3184918_ext_260-460_int_115_off_85_percentage_3_position_1-4 genomicbackground,3389,8,3389_8
query_3390,0,genomicbackground,1,riboswitch,0.978042483329773,3390_8_RF00050_8_NC_000913.3_3184369-3184918_ext_260-460_int_120_off_0_percentage_60_position_1-89 genomicbackground,3390,8,3390_8
query_3391,0,genomicbackground,1,riboswitch,0.9966278672218323,3391_8_RF00050_8_NC_000913.3_3184369-3184918_ext_260-460_int_120_off_5_percentage_56_position_1-84 genomicbackground,3391,8,3391_8
query_3392,0,genomicbackground,1,riboswitch,0.996649444103241,3392_8_RF00050_8_NC_000913.3_3184369-3184918_ext_260-460_int_120_off_10_percentage_53_position_1-79 genomicbackground,3392,8,3392_8
query_3393,0,genomicbackground,1,riboswitch,0.9957850575447083,3393_8_RF00050_8_NC_000913.3_3184369-3184918_ext_260-460_int_120_off_15_percentage_50_position_1-74 genomicbackground,3393,8,3393_8
query_3394,0,genomicbackground,1,riboswitch,0.998967170715332,3394_8_RF00050_8_NC_000913.3_3184369-3184918_ext_260-460_int_120_off_20_percentage_46_position_1-69 genomicbackground,3394,8,3394_8
query_3395,0,genomicbackground,1,riboswitch,0.9953243732452393,3395_8_RF00050_8_NC_000913.3_3184369-3184918_ext_260-460_int_120_off_25_percentage_43_position_1-64 genomicbackground,3395,8,3395_8
query_3396,0,genomicbackground,1,riboswitch,0.9954537153244019,3396_8_RF00050_8_NC_000913.3_3184369-3184918_ext_260-460_int_120_off_30_percentage_40_position_1-59 genomicbackground,3396,8,3396_8
query_3397,0,genomicbackground,1,riboswitch,0.9967312812805176,3397_8_RF00050_8_NC_000913.3_3184369-3184918_ext_260-460_int_120_off_35_percentage_36_position_1-54 genomicbackground,3397,8,3397_8
query_3398,0,genomicbackground,1,riboswitch,0.9761764407157898,3398_8_RF00050_8_NC_000913.3_3184369-3184918_ext_260-460_int_120_off_40_percentage_33_position_1-49 genomicbackground,3398,8,3398_8
query_3399,0,genomicbackground,1,riboswitch,0.9906846284866333,3399_8_RF00050_8_NC_000913.3_3184369-3184918_ext_260-460_int_120_off_45_percentage_30_position_1-44 genomicbackground,3399,8,3399_8
query_3400,0,genomicbackground,1,riboswitch,0.9257655739784241,3400_8_RF00050_8_NC_000913.3_3184369-3184918_ext_260-460_int_120_off_50_percentage_26_position_1-39 genomicbackground,3400,8,3400_8
query_3401,0,genomicbackground,1,riboswitch,0.9693971276283264,3401_8_RF00050_8_NC_000913.3_3184369-3184918_ext_260-460_int_120_off_55_percentage_23_position_1-34 genomicbackground,3401,8,3401_8
query_3402,0,genomicbackground,1,riboswitch,0.8812142610549927,3402_8_RF00050_8_NC_000913.3_3184369-3184918_ext_260-460_int_120_off_60_percentage_19_position_1-29 genomicbackground,3402,8,3402_8
query_3403,0,genomicbackground,1,riboswitch,0.9826819896697998,3403_8_RF00050_8_NC_000913.3_3184369-3184918_ext_260-460_int_120_off_65_percentage_16_position_1-24 genomicbackground,3403,8,3403_8
query_3404,0,genomicbackground,1,riboswitch,0.9942375421524048,3404_8_RF00050_8_NC_000913.3_3184369-3184918_ext_260-460_int_120_off_70_percentage_13_position_1-19 genomicbackground,3404,8,3404_8
query_3405,0,genomicbackground,1,riboswitch,0.9910054206848145,3405_8_RF00050_8_NC_000913.3_3184369-3184918_ext_260-460_int_120_off_75_percentage_9_position_1-14 genomicbackground,3405,8,3405_8
query_3406,0,genomicbackground,0,genomicbackground,0.03876429796218872,3406_8_RF00050_8_NC_000913.3_3184369-3184918_ext_260-460_int_120_off_80_percentage_6_position_1-9 genomicbackground,3406,8,3406_8
query_3407,0,genomicbackground,1,riboswitch,0.9766966104507446,3407_8_RF00050_8_NC_000913.3_3184369-3184918_ext_260-460_int_125_off_0_percentage_60_position_1-89 genomicbackground,3407,8,3407_8
query_3408,0,genomicbackground,1,riboswitch,0.9966314435005188,3408_8_RF00050_8_NC_000913.3_3184369-3184918_ext_260-460_int_125_off_5_percentage_56_position_1-84 genomicbackground,3408,8,3408_8
query_3409,0,genomicbackground,1,riboswitch,0.9963132739067078,3409_8_RF00050_8_NC_000913.3_3184369-3184918_ext_260-460_int_125_off_10_percentage_53_position_1-79 genomicbackground,3409,8,3409_8
query_3410,0,genomicbackground,1,riboswitch,0.995712161064148,3410_8_RF00050_8_NC_000913.3_3184369-3184918_ext_260-460_int_125_off_15_percentage_50_position_1-74 genomicbackground,3410,8,3410_8
query_3411,0,genomicbackground,1,riboswitch,0.9953624606132507,3411_8_RF00050_8_NC_000913.3_3184369-3184918_ext_260-460_int_125_off_20_percentage_46_position_1-69 genomicbackground,3411,8,3411_8
query_3412,0,genomicbackground,1,riboswitch,0.9950215816497803,3412_8_RF00050_8_NC_000913.3_3184369-3184918_ext_260-460_int_125_off_25_percentage_43_position_1-64 genomicbackground,3412,8,3412_8
query_3413,0,genomicbackground,1,riboswitch,0.9958659410476685,3413_8_RF00050_8_NC_000913.3_3184369-3184918_ext_260-460_int_125_off_30_percentage_40_position_1-59 genomicbackground,3413,8,3413_8
query_3414,0,genomicbackground,1,riboswitch,0.9779359102249146,3414_8_RF00050_8_NC_000913.3_3184369-3184918_ext_260-460_int_125_off_35_percentage_36_position_1-54 genomicbackground,3414,8,3414_8
query_3415,0,genomicbackground,1,riboswitch,0.9885050654411316,3415_8_RF00050_8_NC_000913.3_3184369-3184918_ext_260-460_int_125_off_40_percentage_33_position_1-49 genomicbackground,3415,8,3415_8
query_3416,0,genomicbackground,1,riboswitch,0.9907034635543823,3416_8_RF00050_8_NC_000913.3_3184369-3184918_ext_260-460_int_125_off_45_percentage_30_position_1-44 genomicbackground,3416,8,3416_8
query_3417,0,genomicbackground,1,riboswitch,0.9478294253349304,3417_8_RF00050_8_NC_000913.3_3184369-3184918_ext_260-460_int_125_off_50_percentage_26_position_1-39 genomicbackground,3417,8,3417_8
query_3418,0,genomicbackground,1,riboswitch,0.9754087328910828,3418_8_RF00050_8_NC_000913.3_3184369-3184918_ext_260-460_int_125_off_55_percentage_23_position_1-34 genomicbackground,3418,8,3418_8
query_3419,0,genomicbackground,1,riboswitch,0.9455382227897644,3419_8_RF00050_8_NC_000913.3_3184369-3184918_ext_260-460_int_125_off_60_percentage_19_position_1-29 genomicbackground,3419,8,3419_8
query_3420,0,genomicbackground,1,riboswitch,0.9888738393783569,3420_8_RF00050_8_NC_000913.3_3184369-3184918_ext_260-460_int_125_off_65_percentage_16_position_1-24 genomicbackground,3420,8,3420_8
query_3421,0,genomicbackground,1,riboswitch,0.99052494764328,3421_8_RF00050_8_NC_000913.3_3184369-3184918_ext_260-460_int_125_off_70_percentage_13_position_1-19 genomicbackground,3421,8,3421_8
query_3422,0,genomicbackground,0,genomicbackground,0.2906825840473175,3422_8_RF00050_8_NC_000913.3_3184369-3184918_ext_260-460_int_125_off_75_percentage_9_position_1-14 genomicbackground,3422,8,3422_8
query_3423,0,genomicbackground,1,riboswitch,0.9757565259933472,3423_8_RF00050_8_NC_000913.3_3184369-3184918_ext_260-460_int_130_off_0_percentage_60_position_1-89 genomicbackground,3423,8,3423_8
query_3424,0,genomicbackground,1,riboswitch,0.9962453246116638,3424_8_RF00050_8_NC_000913.3_3184369-3184918_ext_260-460_int_130_off_5_percentage_56_position_1-84 genomicbackground,3424,8,3424_8
query_3425,0,genomicbackground,1,riboswitch,0.9963200092315674,3425_8_RF00050_8_NC_000913.3_3184369-3184918_ext_260-460_int_130_off_10_percentage_53_position_1-79 genomicbackground,3425,8,3425_8
query_3426,0,genomicbackground,1,riboswitch,0.9958961009979248,3426_8_RF00050_8_NC_000913.3_3184369-3184918_ext_260-460_int_130_off_15_percentage_50_position_1-74 genomicbackground,3426,8,3426_8
query_3427,0,genomicbackground,1,riboswitch,0.995142936706543,3427_8_RF00050_8_NC_000913.3_3184369-3184918_ext_260-460_int_130_off_20_percentage_46_position_1-69 genomicbackground,3427,8,3427_8
query_3428,0,genomicbackground,1,riboswitch,0.9898485541343689,3428_8_RF00050_8_NC_000913.3_3184369-3184918_ext_260-460_int_130_off_25_percentage_43_position_1-64 genomicbackground,3428,8,3428_8
query_3429,0,genomicbackground,1,riboswitch,0.9962939620018005,3429_8_RF00050_8_NC_000913.3_3184369-3184918_ext_260-460_int_130_off_30_percentage_40_position_1-59 genomicbackground,3429,8,3429_8
query_3430,0,genomicbackground,1,riboswitch,0.9972192049026489,3430_8_RF00050_8_NC_000913.3_3184369-3184918_ext_260-460_int_130_off_35_percentage_36_position_1-54 genomicbackground,3430,8,3430_8
query_3431,0,genomicbackground,1,riboswitch,0.9902831315994263,3431_8_RF00050_8_NC_000913.3_3184369-3184918_ext_260-460_int_130_off_40_percentage_33_position_1-49 genomicbackground,3431,8,3431_8
query_3432,0,genomicbackground,1,riboswitch,0.9915388226509094,3432_8_RF00050_8_NC_000913.3_3184369-3184918_ext_260-460_int_130_off_45_percentage_30_position_1-44 genomicbackground,3432,8,3432_8
query_3433,0,genomicbackground,1,riboswitch,0.9733811020851135,3433_8_RF00050_8_NC_000913.3_3184369-3184918_ext_260-460_int_130_off_50_percentage_26_position_1-39 genomicbackground,3433,8,3433_8
query_3434,0,genomicbackground,1,riboswitch,0.9880984425544739,3434_8_RF00050_8_NC_000913.3_3184369-3184918_ext_260-460_int_130_off_55_percentage_23_position_1-34 genomicbackground,3434,8,3434_8
query_3435,0,genomicbackground,1,riboswitch,0.9636422395706177,3435_8_RF00050_8_NC_000913.3_3184369-3184918_ext_260-460_int_130_off_60_percentage_19_position_1-29 genomicbackground,3435,8,3435_8
query_3436,0,genomicbackground,1,riboswitch,0.9878316521644592,3436_8_RF00050_8_NC_000913.3_3184369-3184918_ext_260-460_int_130_off_65_percentage_16_position_1-24 genomicbackground,3436,8,3436_8
query_3437,0,genomicbackground,1,riboswitch,0.9139267206192017,3437_8_RF00050_8_NC_000913.3_3184369-3184918_ext_260-460_int_130_off_70_percentage_13_position_1-19 genomicbackground,3437,8,3437_8
query_3438,0,genomicbackground,1,riboswitch,0.9782895445823669,3438_8_RF00050_8_NC_000913.3_3184369-3184918_ext_260-460_int_135_off_0_percentage_60_position_1-89 genomicbackground,3438,8,3438_8
query_3439,0,genomicbackground,1,riboswitch,0.9972577095031738,3439_8_RF00050_8_NC_000913.3_3184369-3184918_ext_260-460_int_135_off_5_percentage_56_position_1-84 genomicbackground,3439,8,3439_8
query_3440,0,genomicbackground,1,riboswitch,0.9958702921867371,3440_8_RF00050_8_NC_000913.3_3184369-3184918_ext_260-460_int_135_off_10_percentage_53_position_1-79 genomicbackground,3440,8,3440_8
query_3441,0,genomicbackground,1,riboswitch,0.9956085085868835,3441_8_RF00050_8_NC_000913.3_3184369-3184918_ext_260-460_int_135_off_15_percentage_50_position_1-74 genomicbackground,3441,8,3441_8
query_3442,0,genomicbackground,1,riboswitch,0.9895220398902893,3442_8_RF00050_8_NC_000913.3_3184369-3184918_ext_260-460_int_135_off_20_percentage_46_position_1-69 genomicbackground,3442,8,3442_8
query_3443,0,genomicbackground,1,riboswitch,0.9948169589042664,3443_8_RF00050_8_NC_000913.3_3184369-3184918_ext_260-460_int_135_off_25_percentage_43_position_1-64 genomicbackground,3443,8,3443_8
query_3444,0,genomicbackground,1,riboswitch,0.9716641902923584,3444_8_RF00050_8_NC_000913.3_3184369-3184918_ext_260-460_int_135_off_30_percentage_40_position_1-59 genomicbackground,3444,8,3444_8
query_3445,0,genomicbackground,1,riboswitch,0.9906347393989563,3445_8_RF00050_8_NC_000913.3_3184369-3184918_ext_260-460_int_135_off_35_percentage_36_position_1-54 genomicbackground,3445,8,3445_8
query_3446,0,genomicbackground,1,riboswitch,0.9925649166107178,3446_8_RF00050_8_NC_000913.3_3184369-3184918_ext_260-460_int_135_off_40_percentage_33_position_1-49 genomicbackground,3446,8,3446_8
query_3447,0,genomicbackground,1,riboswitch,0.9930738210678101,3447_8_RF00050_8_NC_000913.3_3184369-3184918_ext_260-460_int_135_off_45_percentage_30_position_1-44 genomicbackground,3447,8,3447_8
query_3448,0,genomicbackground,1,riboswitch,0.981029212474823,3448_8_RF00050_8_NC_000913.3_3184369-3184918_ext_260-460_int_135_off_50_percentage_26_position_1-39 genomicbackground,3448,8,3448_8
query_3449,0,genomicbackground,1,riboswitch,0.989874005317688,3449_8_RF00050_8_NC_000913.3_3184369-3184918_ext_260-460_int_135_off_55_percentage_23_position_1-34 genomicbackground,3449,8,3449_8
query_3450,0,genomicbackground,1,riboswitch,0.9633718132972717,3450_8_RF00050_8_NC_000913.3_3184369-3184918_ext_260-460_int_135_off_60_percentage_19_position_1-29 genomicbackground,3450,8,3450_8
query_3451,0,genomicbackground,1,riboswitch,0.851837694644928,3451_8_RF00050_8_NC_000913.3_3184369-3184918_ext_260-460_int_135_off_65_percentage_16_position_1-24 genomicbackground,3451,8,3451_8
query_3452,0,genomicbackground,1,riboswitch,0.9682830572128296,3452_8_RF00050_8_NC_000913.3_3184369-3184918_ext_260-460_int_140_off_0_percentage_60_position_1-89 genomicbackground,3452,8,3452_8
query_3453,0,genomicbackground,1,riboswitch,0.9961699843406677,3453_8_RF00050_8_NC_000913.3_3184369-3184918_ext_260-460_int_140_off_5_percentage_56_position_1-84 genomicbackground,3453,8,3453_8
query_3454,0,genomicbackground,1,riboswitch,0.9956716299057007,3454_8_RF00050_8_NC_000913.3_3184369-3184918_ext_260-460_int_140_off_10_percentage_53_position_1-79 genomicbackground,3454,8,3454_8
query_3455,0,genomicbackground,1,riboswitch,0.9913753867149353,3455_8_RF00050_8_NC_000913.3_3184369-3184918_ext_260-460_int_140_off_15_percentage_50_position_1-74 genomicbackground,3455,8,3455_8
query_3456,0,genomicbackground,1,riboswitch,0.9945747256278992,3456_8_RF00050_8_NC_000913.3_3184369-3184918_ext_260-460_int_140_off_20_percentage_46_position_1-69 genomicbackground,3456,8,3456_8
query_3457,0,genomicbackground,1,riboswitch,0.9953433275222778,3457_8_RF00050_8_NC_000913.3_3184369-3184918_ext_260-460_int_140_off_25_percentage_43_position_1-64 genomicbackground,3457,8,3457_8
query_3458,0,genomicbackground,1,riboswitch,0.9771829843521118,3458_8_RF00050_8_NC_000913.3_3184369-3184918_ext_260-460_int_140_off_30_percentage_40_position_1-59 genomicbackground,3458,8,3458_8
query_3459,0,genomicbackground,1,riboswitch,0.9916506409645081,3459_8_RF00050_8_NC_000913.3_3184369-3184918_ext_260-460_int_140_off_35_percentage_36_position_1-54 genomicbackground,3459,8,3459_8
query_3460,0,genomicbackground,1,riboswitch,0.9940263032913208,3460_8_RF00050_8_NC_000913.3_3184369-3184918_ext_260-460_int_140_off_40_percentage_33_position_1-49 genomicbackground,3460,8,3460_8
query_3461,0,genomicbackground,1,riboswitch,0.9926202893257141,3461_8_RF00050_8_NC_000913.3_3184369-3184918_ext_260-460_int_140_off_45_percentage_30_position_1-44 genomicbackground,3461,8,3461_8
query_3462,0,genomicbackground,1,riboswitch,0.9879899621009827,3462_8_RF00050_8_NC_000913.3_3184369-3184918_ext_260-460_int_140_off_50_percentage_26_position_1-39 genomicbackground,3462,8,3462_8
query_3463,0,genomicbackground,1,riboswitch,0.9928385615348816,3463_8_RF00050_8_NC_000913.3_3184369-3184918_ext_260-460_int_140_off_55_percentage_23_position_1-34 genomicbackground,3463,8,3463_8
query_3464,0,genomicbackground,1,riboswitch,0.9098725318908691,3464_8_RF00050_8_NC_000913.3_3184369-3184918_ext_260-460_int_140_off_60_percentage_19_position_1-29 genomicbackground,3464,8,3464_8
query_3465,0,genomicbackground,1,riboswitch,0.996581494808197,3465_8_RF00050_8_NC_000913.3_3184369-3184918_ext_260-460_int_145_off_0_percentage_60_position_1-89 genomicbackground,3465,8,3465_8
query_3466,0,genomicbackground,1,riboswitch,0.9959713816642761,3466_8_RF00050_8_NC_000913.3_3184369-3184918_ext_260-460_int_145_off_5_percentage_56_position_1-84 genomicbackground,3466,8,3466_8
query_3467,0,genomicbackground,1,riboswitch,0.994679868221283,3467_8_RF00050_8_NC_000913.3_3184369-3184918_ext_260-460_int_145_off_10_percentage_53_position_1-79 genomicbackground,3467,8,3467_8
query_3468,0,genomicbackground,1,riboswitch,0.9951902627944946,3468_8_RF00050_8_NC_000913.3_3184369-3184918_ext_260-460_int_145_off_15_percentage_50_position_1-74 genomicbackground,3468,8,3468_8
query_3469,0,genomicbackground,1,riboswitch,0.9950037598609924,3469_8_RF00050_8_NC_000913.3_3184369-3184918_ext_260-460_int_145_off_20_percentage_46_position_1-69 genomicbackground,3469,8,3469_8
query_3470,0,genomicbackground,1,riboswitch,0.9489583969116211,3470_8_RF00050_8_NC_000913.3_3184369-3184918_ext_260-460_int_145_off_25_percentage_43_position_1-64 genomicbackground,3470,8,3470_8
query_3471,0,genomicbackground,1,riboswitch,0.9969522953033447,3471_8_RF00050_8_NC_000913.3_3184369-3184918_ext_260-460_int_145_off_30_percentage_40_position_1-59 genomicbackground,3471,8,3471_8
query_3472,0,genomicbackground,1,riboswitch,0.9924081563949585,3472_8_RF00050_8_NC_000913.3_3184369-3184918_ext_260-460_int_145_off_35_percentage_36_position_1-54 genomicbackground,3472,8,3472_8
query_3473,0,genomicbackground,1,riboswitch,0.9956613183021545,3473_8_RF00050_8_NC_000913.3_3184369-3184918_ext_260-460_int_145_off_40_percentage_33_position_1-49 genomicbackground,3473,8,3473_8
query_3474,0,genomicbackground,1,riboswitch,0.9943673014640808,3474_8_RF00050_8_NC_000913.3_3184369-3184918_ext_260-460_int_145_off_45_percentage_30_position_1-44 genomicbackground,3474,8,3474_8
query_3475,0,genomicbackground,1,riboswitch,0.9881168603897095,3475_8_RF00050_8_NC_000913.3_3184369-3184918_ext_260-460_int_145_off_50_percentage_26_position_1-39 genomicbackground,3475,8,3475_8
query_3476,0,genomicbackground,1,riboswitch,0.9818428158760071,3476_8_RF00050_8_NC_000913.3_3184369-3184918_ext_260-460_int_145_off_55_percentage_23_position_1-34 genomicbackground,3476,8,3476_8
query_3477,0,genomicbackground,1,riboswitch,0.9964815378189087,3477_8_RF00050_8_NC_000913.3_3184369-3184918_ext_260-460_int_150_off_0_percentage_60_position_1-89 genomicbackground,3477,8,3477_8
query_3478,0,genomicbackground,1,riboswitch,0.9957218170166016,3478_8_RF00050_8_NC_000913.3_3184369-3184918_ext_260-460_int_150_off_5_percentage_56_position_1-84 genomicbackground,3478,8,3478_8
query_3479,0,genomicbackground,1,riboswitch,0.995732843875885,3479_8_RF00050_8_NC_000913.3_3184369-3184918_ext_260-460_int_150_off_10_percentage_53_position_1-79 genomicbackground,3479,8,3479_8
query_3480,0,genomicbackground,1,riboswitch,0.9971590042114258,3480_8_RF00050_8_NC_000913.3_3184369-3184918_ext_260-460_int_150_off_15_percentage_50_position_1-74 genomicbackground,3480,8,3480_8
query_3481,0,genomicbackground,1,riboswitch,0.959013044834137,3481_8_RF00050_8_NC_000913.3_3184369-3184918_ext_260-460_int_150_off_20_percentage_46_position_1-69 genomicbackground,3481,8,3481_8
query_3482,0,genomicbackground,1,riboswitch,0.9939813017845154,3482_8_RF00050_8_NC_000913.3_3184369-3184918_ext_260-460_int_150_off_25_percentage_43_position_1-64 genomicbackground,3482,8,3482_8
query_3483,0,genomicbackground,1,riboswitch,0.9968211650848389,3483_8_RF00050_8_NC_000913.3_3184369-3184918_ext_260-460_int_150_off_30_percentage_40_position_1-59 genomicbackground,3483,8,3483_8
query_3484,0,genomicbackground,1,riboswitch,0.996986448764801,3484_8_RF00050_8_NC_000913.3_3184369-3184918_ext_260-460_int_150_off_35_percentage_36_position_1-54 genomicbackground,3484,8,3484_8
query_3485,0,genomicbackground,1,riboswitch,0.9961703419685364,3485_8_RF00050_8_NC_000913.3_3184369-3184918_ext_260-460_int_150_off_40_percentage_33_position_1-49 genomicbackground,3485,8,3485_8
query_3486,0,genomicbackground,1,riboswitch,0.9928228855133057,3486_8_RF00050_8_NC_000913.3_3184369-3184918_ext_260-460_int_150_off_45_percentage_30_position_1-44 genomicbackground,3486,8,3486_8
query_3487,0,genomicbackground,1,riboswitch,0.9933274984359741,3487_8_RF00050_8_NC_000913.3_3184369-3184918_ext_260-460_int_150_off_50_percentage_26_position_1-39 genomicbackground,3487,8,3487_8
query_3488,0,genomicbackground,1,riboswitch,0.9956574440002441,3488_8_RF00050_8_NC_000913.3_3184369-3184918_ext_260-460_int_155_off_0_percentage_60_position_1-89 genomicbackground,3488,8,3488_8
query_3489,0,genomicbackground,1,riboswitch,0.9961890578269958,3489_8_RF00050_8_NC_000913.3_3184369-3184918_ext_260-460_int_155_off_5_percentage_56_position_1-84 genomicbackground,3489,8,3489_8
query_3490,0,genomicbackground,1,riboswitch,0.995966911315918,3490_8_RF00050_8_NC_000913.3_3184369-3184918_ext_260-460_int_155_off_10_percentage_53_position_1-79 genomicbackground,3490,8,3490_8
query_3491,0,genomicbackground,1,riboswitch,0.9971508383750916,3491_8_RF00050_8_NC_000913.3_3184369-3184918_ext_260-460_int_155_off_15_percentage_50_position_1-74 genomicbackground,3491,8,3491_8
query_3492,0,genomicbackground,1,riboswitch,0.9931678175926208,3492_8_RF00050_8_NC_000913.3_3184369-3184918_ext_260-460_int_155_off_20_percentage_46_position_1-69 genomicbackground,3492,8,3492_8
query_3493,0,genomicbackground,1,riboswitch,0.9940417408943176,3493_8_RF00050_8_NC_000913.3_3184369-3184918_ext_260-460_int_155_off_25_percentage_43_position_1-64 genomicbackground,3493,8,3493_8
query_3494,0,genomicbackground,1,riboswitch,0.9978105425834656,3494_8_RF00050_8_NC_000913.3_3184369-3184918_ext_260-460_int_155_off_30_percentage_40_position_1-59 genomicbackground,3494,8,3494_8
query_3495,0,genomicbackground,1,riboswitch,0.997072696685791,3495_8_RF00050_8_NC_000913.3_3184369-3184918_ext_260-460_int_155_off_35_percentage_36_position_1-54 genomicbackground,3495,8,3495_8
query_3496,0,genomicbackground,1,riboswitch,0.9932788014411926,3496_8_RF00050_8_NC_000913.3_3184369-3184918_ext_260-460_int_155_off_40_percentage_33_position_1-49 genomicbackground,3496,8,3496_8
query_3497,0,genomicbackground,1,riboswitch,0.9912332892417908,3497_8_RF00050_8_NC_000913.3_3184369-3184918_ext_260-460_int_155_off_45_percentage_30_position_1-44 genomicbackground,3497,8,3497_8
query_3498,0,genomicbackground,1,riboswitch,0.9960928559303284,3498_8_RF00050_8_NC_000913.3_3184369-3184918_ext_260-460_int_160_off_0_percentage_60_position_1-89 genomicbackground,3498,8,3498_8
query_3499,0,genomicbackground,1,riboswitch,0.9926103949546814,3499_8_RF00050_8_NC_000913.3_3184369-3184918_ext_260-460_int_160_off_5_percentage_56_position_1-84 genomicbackground,3499,8,3499_8
query_3500,0,genomicbackground,1,riboswitch,0.988696813583374,3500_8_RF00050_8_NC_000913.3_3184369-3184918_ext_260-460_int_160_off_10_percentage_53_position_1-79 genomicbackground,3500,8,3500_8
query_3501,0,genomicbackground,1,riboswitch,0.9935687780380249,3501_8_RF00050_8_NC_000913.3_3184369-3184918_ext_260-460_int_160_off_15_percentage_50_position_1-74 genomicbackground,3501,8,3501_8
query_3502,0,genomicbackground,1,riboswitch,0.9930241107940674,3502_8_RF00050_8_NC_000913.3_3184369-3184918_ext_260-460_int_160_off_20_percentage_46_position_1-69 genomicbackground,3502,8,3502_8
query_3503,0,genomicbackground,1,riboswitch,0.9948508143424988,3503_8_RF00050_8_NC_000913.3_3184369-3184918_ext_260-460_int_160_off_25_percentage_43_position_1-64 genomicbackground,3503,8,3503_8
query_3504,0,genomicbackground,1,riboswitch,0.9978064894676208,3504_8_RF00050_8_NC_000913.3_3184369-3184918_ext_260-460_int_160_off_30_percentage_40_position_1-59 genomicbackground,3504,8,3504_8
query_3505,0,genomicbackground,1,riboswitch,0.9971580505371094,3505_8_RF00050_8_NC_000913.3_3184369-3184918_ext_260-460_int_160_off_35_percentage_36_position_1-54 genomicbackground,3505,8,3505_8
query_3506,0,genomicbackground,1,riboswitch,0.9720764756202698,3506_8_RF00050_8_NC_000913.3_3184369-3184918_ext_260-460_int_160_off_40_percentage_33_position_1-49 genomicbackground,3506,8,3506_8
query_3507,0,genomicbackground,1,riboswitch,0.9972847700119019,3507_8_RF00050_8_NC_000913.3_3184369-3184918_ext_260-460_int_165_off_0_percentage_60_position_1-89 genomicbackground,3507,8,3507_8
query_3508,0,genomicbackground,1,riboswitch,0.992522656917572,3508_8_RF00050_8_NC_000913.3_3184369-3184918_ext_260-460_int_165_off_5_percentage_56_position_1-84 genomicbackground,3508,8,3508_8
query_3509,0,genomicbackground,1,riboswitch,0.9953051805496216,3509_8_RF00050_8_NC_000913.3_3184369-3184918_ext_260-460_int_165_off_10_percentage_53_position_1-79 genomicbackground,3509,8,3509_8
query_3510,0,genomicbackground,1,riboswitch,0.9933561086654663,3510_8_RF00050_8_NC_000913.3_3184369-3184918_ext_260-460_int_165_off_15_percentage_50_position_1-74 genomicbackground,3510,8,3510_8
query_3511,0,genomicbackground,1,riboswitch,0.9947381615638733,3511_8_RF00050_8_NC_000913.3_3184369-3184918_ext_260-460_int_165_off_20_percentage_46_position_1-69 genomicbackground,3511,8,3511_8
query_3512,0,genomicbackground,1,riboswitch,0.9949963092803955,3512_8_RF00050_8_NC_000913.3_3184369-3184918_ext_260-460_int_165_off_25_percentage_43_position_1-64 genomicbackground,3512,8,3512_8
query_3513,0,genomicbackground,1,riboswitch,0.997853696346283,3513_8_RF00050_8_NC_000913.3_3184369-3184918_ext_260-460_int_165_off_30_percentage_40_position_1-59 genomicbackground,3513,8,3513_8
query_3514,0,genomicbackground,1,riboswitch,0.9973892569541931,3514_8_RF00050_8_NC_000913.3_3184369-3184918_ext_260-460_int_165_off_35_percentage_36_position_1-54 genomicbackground,3514,8,3514_8
query_3515,0,genomicbackground,1,riboswitch,0.9949043989181519,3515_8_RF00050_8_NC_000913.3_3184369-3184918_ext_260-460_int_170_off_0_percentage_60_position_1-89 genomicbackground,3515,8,3515_8
query_3516,0,genomicbackground,1,riboswitch,0.9967304468154907,3516_8_RF00050_8_NC_000913.3_3184369-3184918_ext_260-460_int_170_off_5_percentage_56_position_1-84 genomicbackground,3516,8,3516_8
query_3517,0,genomicbackground,1,riboswitch,0.9953527450561523,3517_8_RF00050_8_NC_000913.3_3184369-3184918_ext_260-460_int_170_off_10_percentage_53_position_1-79 genomicbackground,3517,8,3517_8
query_3518,0,genomicbackground,1,riboswitch,0.9924784898757935,3518_8_RF00050_8_NC_000913.3_3184369-3184918_ext_260-460_int_170_off_15_percentage_50_position_1-74 genomicbackground,3518,8,3518_8
query_3519,0,genomicbackground,1,riboswitch,0.9947342872619629,3519_8_RF00050_8_NC_000913.3_3184369-3184918_ext_260-460_int_170_off_20_percentage_46_position_1-69 genomicbackground,3519,8,3519_8
query_3520,0,genomicbackground,1,riboswitch,0.9960148334503174,3520_8_RF00050_8_NC_000913.3_3184369-3184918_ext_260-460_int_170_off_25_percentage_43_position_1-64 genomicbackground,3520,8,3520_8
query_3521,0,genomicbackground,1,riboswitch,0.9976853132247925,3521_8_RF00050_8_NC_000913.3_3184369-3184918_ext_260-460_int_170_off_30_percentage_40_position_1-59 genomicbackground,3521,8,3521_8
query_3522,0,genomicbackground,1,riboswitch,0.994814932346344,3522_8_RF00050_8_NC_000913.3_3184369-3184918_ext_260-460_int_175_off_0_percentage_60_position_1-89 genomicbackground,3522,8,3522_8
query_3523,0,genomicbackground,1,riboswitch,0.996594250202179,3523_8_RF00050_8_NC_000913.3_3184369-3184918_ext_260-460_int_175_off_5_percentage_56_position_1-84 genomicbackground,3523,8,3523_8
query_3524,0,genomicbackground,1,riboswitch,0.9956865906715393,3524_8_RF00050_8_NC_000913.3_3184369-3184918_ext_260-460_int_175_off_10_percentage_53_position_1-79 genomicbackground,3524,8,3524_8
query_3525,0,genomicbackground,1,riboswitch,0.9924176931381226,3525_8_RF00050_8_NC_000913.3_3184369-3184918_ext_260-460_int_175_off_15_percentage_50_position_1-74 genomicbackground,3525,8,3525_8
query_3526,0,genomicbackground,1,riboswitch,0.99505615234375,3526_8_RF00050_8_NC_000913.3_3184369-3184918_ext_260-460_int_175_off_20_percentage_46_position_1-69 genomicbackground,3526,8,3526_8
query_3527,0,genomicbackground,1,riboswitch,0.9955469369888306,3527_8_RF00050_8_NC_000913.3_3184369-3184918_ext_260-460_int_175_off_25_percentage_43_position_1-64 genomicbackground,3527,8,3527_8
query_3528,0,genomicbackground,1,riboswitch,0.9948064684867859,3528_8_RF00050_8_NC_000913.3_3184369-3184918_ext_260-460_int_180_off_0_percentage_60_position_1-89 genomicbackground,3528,8,3528_8
query_3529,0,genomicbackground,1,riboswitch,0.9977497458457947,3529_8_RF00050_8_NC_000913.3_3184369-3184918_ext_260-460_int_180_off_5_percentage_56_position_1-84 genomicbackground,3529,8,3529_8
query_3530,0,genomicbackground,1,riboswitch,0.9957696199417114,3530_8_RF00050_8_NC_000913.3_3184369-3184918_ext_260-460_int_180_off_10_percentage_53_position_1-79 genomicbackground,3530,8,3530_8
query_3531,0,genomicbackground,1,riboswitch,0.9965670108795166,3531_8_RF00050_8_NC_000913.3_3184369-3184918_ext_260-460_int_180_off_15_percentage_50_position_1-74 genomicbackground,3531,8,3531_8
query_3532,0,genomicbackground,1,riboswitch,0.9946203231811523,3532_8_RF00050_8_NC_000913.3_3184369-3184918_ext_260-460_int_180_off_20_percentage_46_position_1-69 genomicbackground,3532,8,3532_8
query_3533,0,genomicbackground,1,riboswitch,0.994524359703064,3533_8_RF00050_8_NC_000913.3_3184369-3184918_ext_260-460_int_185_off_0_percentage_60_position_1-89 genomicbackground,3533,8,3533_8
query_3534,0,genomicbackground,1,riboswitch,0.9977073669433594,3534_8_RF00050_8_NC_000913.3_3184369-3184918_ext_260-460_int_185_off_5_percentage_56_position_1-84 genomicbackground,3534,8,3534_8
query_3535,0,genomicbackground,1,riboswitch,0.9969832301139832,3535_8_RF00050_8_NC_000913.3_3184369-3184918_ext_260-460_int_185_off_10_percentage_53_position_1-79 genomicbackground,3535,8,3535_8
query_3536,0,genomicbackground,1,riboswitch,0.9950856566429138,3536_8_RF00050_8_NC_000913.3_3184369-3184918_ext_260-460_int_185_off_15_percentage_50_position_1-74 genomicbackground,3536,8,3536_8
query_3537,0,genomicbackground,1,riboswitch,0.9939278364181519,3537_8_RF00050_8_NC_000913.3_3184369-3184918_ext_260-460_int_190_off_0_percentage_60_position_1-89 genomicbackground,3537,8,3537_8
query_3538,0,genomicbackground,1,riboswitch,0.9979666471481323,3538_8_RF00050_8_NC_000913.3_3184369-3184918_ext_260-460_int_190_off_5_percentage_56_position_1-84 genomicbackground,3538,8,3538_8
query_3539,0,genomicbackground,1,riboswitch,0.9967628717422485,3539_8_RF00050_8_NC_000913.3_3184369-3184918_ext_260-460_int_190_off_10_percentage_53_position_1-79 genomicbackground,3539,8,3539_8
query_3540,0,genomicbackground,1,riboswitch,0.9979923963546753,3540_8_RF00050_8_NC_000913.3_3184369-3184918_ext_260-460_int_195_off_0_percentage_60_position_1-89 genomicbackground,3540,8,3540_8
query_3541,0,genomicbackground,1,riboswitch,0.9979599714279175,3541_8_RF00050_8_NC_000913.3_3184369-3184918_ext_260-460_int_195_off_5_percentage_56_position_1-84 genomicbackground,3541,8,3541_8
query_3542,0,genomicbackground,1,riboswitch,0.9980365633964539,3542_8_RF00050_8_NC_000913.3_3184369-3184918_ext_260-460_int_200_off_0_percentage_60_position_1-89 genomicbackground,3542,8,3542_8
query_3543,0,genomicbackground,1,riboswitch,0.9763340950012207,3543_8_RF00050_8_NC_000913.3_3184369-3184918_ext_280-480_int_95_off_0_percentage_46_position_1-69 genomicbackground,3543,8,3543_8
query_3544,0,genomicbackground,1,riboswitch,0.9736225008964539,3544_8_RF00050_8_NC_000913.3_3184369-3184918_ext_280-480_int_95_off_5_percentage_43_position_1-64 genomicbackground,3544,8,3544_8
query_3545,0,genomicbackground,1,riboswitch,0.9968010187149048,3545_8_RF00050_8_NC_000913.3_3184369-3184918_ext_280-480_int_95_off_10_percentage_40_position_1-59 genomicbackground,3545,8,3545_8
query_3546,0,genomicbackground,1,riboswitch,0.99687260389328,3546_8_RF00050_8_NC_000913.3_3184369-3184918_ext_280-480_int_95_off_15_percentage_36_position_1-54 genomicbackground,3546,8,3546_8
query_3547,0,genomicbackground,1,riboswitch,0.9865328073501587,3547_8_RF00050_8_NC_000913.3_3184369-3184918_ext_280-480_int_95_off_20_percentage_33_position_1-49 genomicbackground,3547,8,3547_8
query_3548,0,genomicbackground,1,riboswitch,0.9664480686187744,3548_8_RF00050_8_NC_000913.3_3184369-3184918_ext_280-480_int_95_off_25_percentage_30_position_1-44 genomicbackground,3548,8,3548_8
query_3549,0,genomicbackground,1,riboswitch,0.777371346950531,3549_8_RF00050_8_NC_000913.3_3184369-3184918_ext_280-480_int_95_off_30_percentage_26_position_1-39 genomicbackground,3549,8,3549_8
query_3550,0,genomicbackground,1,riboswitch,0.6870164275169373,3550_8_RF00050_8_NC_000913.3_3184369-3184918_ext_280-480_int_95_off_35_percentage_23_position_1-34 genomicbackground,3550,8,3550_8
query_3551,0,genomicbackground,1,riboswitch,0.6761298775672913,3551_8_RF00050_8_NC_000913.3_3184369-3184918_ext_280-480_int_95_off_40_percentage_19_position_1-29 genomicbackground,3551,8,3551_8
query_3552,0,genomicbackground,1,riboswitch,0.8525316715240479,3552_8_RF00050_8_NC_000913.3_3184369-3184918_ext_280-480_int_95_off_45_percentage_16_position_1-24 genomicbackground,3552,8,3552_8
query_3553,0,genomicbackground,1,riboswitch,0.9936310648918152,3553_8_RF00050_8_NC_000913.3_3184369-3184918_ext_280-480_int_95_off_50_percentage_13_position_1-19 genomicbackground,3553,8,3553_8
query_3554,0,genomicbackground,1,riboswitch,0.9825977683067322,3554_8_RF00050_8_NC_000913.3_3184369-3184918_ext_280-480_int_95_off_55_percentage_9_position_1-14 genomicbackground,3554,8,3554_8
query_3555,0,genomicbackground,0,genomicbackground,0.44896990060806274,3555_8_RF00050_8_NC_000913.3_3184369-3184918_ext_280-480_int_95_off_60_percentage_6_position_1-9 genomicbackground,3555,8,3555_8
query_3556,0,genomicbackground,0,genomicbackground,0.013132859952747822,3556_8_RF00050_8_NC_000913.3_3184369-3184918_ext_280-480_int_95_off_65_percentage_3_position_1-4 genomicbackground,3556,8,3556_8
query_3557,0,genomicbackground,0,genomicbackground,0.02613932080566883,3557_8_RF00050_8_NC_000913.3_3184369-3184918_ext_280-480_int_95_off_70_percentage_0_position_0-0 genomicbackground,3557,8,3557_8
query_3558,0,genomicbackground,0,genomicbackground,0.14738352596759796,3558_8_RF00050_8_NC_000913.3_3184369-3184918_ext_280-480_int_95_off_75_percentage_0_position_0-0 genomicbackground,3558,8,3558_8
query_3559,0,genomicbackground,0,genomicbackground,0.1307075470685959,3559_8_RF00050_8_NC_000913.3_3184369-3184918_ext_280-480_int_95_off_80_percentage_0_position_0-0 genomicbackground,3559,8,3559_8
query_3560,0,genomicbackground,0,genomicbackground,0.01173224113881588,3560_8_RF00050_8_NC_000913.3_3184369-3184918_ext_280-480_int_95_off_85_percentage_0_position_0-0 genomicbackground,3560,8,3560_8
query_3561,0,genomicbackground,0,genomicbackground,0.01962253265082836,3561_8_RF00050_8_NC_000913.3_3184369-3184918_ext_280-480_int_95_off_90_percentage_0_position_0-0 genomicbackground,3561,8,3561_8
query_3562,0,genomicbackground,0,genomicbackground,0.022200969979166985,3562_8_RF00050_8_NC_000913.3_3184369-3184918_ext_280-480_int_95_off_95_percentage_0_position_0-0 genomicbackground,3562,8,3562_8
query_3563,0,genomicbackground,0,genomicbackground,0.05590656399726868,3563_8_RF00050_8_NC_000913.3_3184369-3184918_ext_280-480_int_95_off_100_percentage_0_position_0-0 genomicbackground,3563,8,3563_8
query_3564,0,genomicbackground,0,genomicbackground,0.052105825394392014,3564_8_RF00050_8_NC_000913.3_3184369-3184918_ext_280-480_int_95_off_105_percentage_0_position_0-0 genomicbackground,3564,8,3564_8
query_3565,0,genomicbackground,1,riboswitch,0.9662216901779175,3565_8_RF00050_8_NC_000913.3_3184369-3184918_ext_280-480_int_100_off_0_percentage_46_position_1-69 genomicbackground,3565,8,3565_8
query_3566,0,genomicbackground,1,riboswitch,0.9963674545288086,3566_8_RF00050_8_NC_000913.3_3184369-3184918_ext_280-480_int_100_off_5_percentage_43_position_1-64 genomicbackground,3566,8,3566_8
query_3567,0,genomicbackground,1,riboswitch,0.9966686367988586,3567_8_RF00050_8_NC_000913.3_3184369-3184918_ext_280-480_int_100_off_10_percentage_40_position_1-59 genomicbackground,3567,8,3567_8
query_3568,0,genomicbackground,1,riboswitch,0.99654620885849,3568_8_RF00050_8_NC_000913.3_3184369-3184918_ext_280-480_int_100_off_15_percentage_36_position_1-54 genomicbackground,3568,8,3568_8
query_3569,0,genomicbackground,1,riboswitch,0.9855676889419556,3569_8_RF00050_8_NC_000913.3_3184369-3184918_ext_280-480_int_100_off_20_percentage_33_position_1-49 genomicbackground,3569,8,3569_8
query_3570,0,genomicbackground,1,riboswitch,0.8075336813926697,3570_8_RF00050_8_NC_000913.3_3184369-3184918_ext_280-480_int_100_off_25_percentage_30_position_1-44 genomicbackground,3570,8,3570_8
query_3571,0,genomicbackground,1,riboswitch,0.7472638487815857,3571_8_RF00050_8_NC_000913.3_3184369-3184918_ext_280-480_int_100_off_30_percentage_26_position_1-39 genomicbackground,3571,8,3571_8
query_3572,0,genomicbackground,1,riboswitch,0.8439518809318542,3572_8_RF00050_8_NC_000913.3_3184369-3184918_ext_280-480_int_100_off_35_percentage_23_position_1-34 genomicbackground,3572,8,3572_8
query_3573,0,genomicbackground,1,riboswitch,0.7497283220291138,3573_8_RF00050_8_NC_000913.3_3184369-3184918_ext_280-480_int_100_off_40_percentage_19_position_1-29 genomicbackground,3573,8,3573_8
query_3574,0,genomicbackground,1,riboswitch,0.9568620920181274,3574_8_RF00050_8_NC_000913.3_3184369-3184918_ext_280-480_int_100_off_45_percentage_16_position_1-24 genomicbackground,3574,8,3574_8
query_3575,0,genomicbackground,1,riboswitch,0.993543267250061,3575_8_RF00050_8_NC_000913.3_3184369-3184918_ext_280-480_int_100_off_50_percentage_13_position_1-19 genomicbackground,3575,8,3575_8
query_3576,0,genomicbackground,1,riboswitch,0.979933500289917,3576_8_RF00050_8_NC_000913.3_3184369-3184918_ext_280-480_int_100_off_55_percentage_9_position_1-14 genomicbackground,3576,8,3576_8
query_3577,0,genomicbackground,0,genomicbackground,0.06933560222387314,3577_8_RF00050_8_NC_000913.3_3184369-3184918_ext_280-480_int_100_off_60_percentage_6_position_1-9 genomicbackground,3577,8,3577_8
query_3578,0,genomicbackground,1,riboswitch,0.866111695766449,3578_8_RF00050_8_NC_000913.3_3184369-3184918_ext_280-480_int_100_off_65_percentage_3_position_1-4 genomicbackground,3578,8,3578_8
query_3579,0,genomicbackground,0,genomicbackground,0.027872391045093536,3579_8_RF00050_8_NC_000913.3_3184369-3184918_ext_280-480_int_100_off_70_percentage_0_position_0-0 genomicbackground,3579,8,3579_8
query_3580,0,genomicbackground,0,genomicbackground,0.1649937629699707,3580_8_RF00050_8_NC_000913.3_3184369-3184918_ext_280-480_int_100_off_75_percentage_0_position_0-0 genomicbackground,3580,8,3580_8
query_3581,0,genomicbackground,0,genomicbackground,0.06685000658035278,3581_8_RF00050_8_NC_000913.3_3184369-3184918_ext_280-480_int_100_off_80_percentage_0_position_0-0 genomicbackground,3581,8,3581_8
query_3582,0,genomicbackground,0,genomicbackground,0.011941052973270416,3582_8_RF00050_8_NC_000913.3_3184369-3184918_ext_280-480_int_100_off_85_percentage_0_position_0-0 genomicbackground,3582,8,3582_8
query_3583,0,genomicbackground,0,genomicbackground,0.019574502483010292,3583_8_RF00050_8_NC_000913.3_3184369-3184918_ext_280-480_int_100_off_90_percentage_0_position_0-0 genomicbackground,3583,8,3583_8
query_3584,0,genomicbackground,0,genomicbackground,0.020892495289444923,3584_8_RF00050_8_NC_000913.3_3184369-3184918_ext_280-480_int_100_off_95_percentage_0_position_0-0 genomicbackground,3584,8,3584_8
query_3585,0,genomicbackground,0,genomicbackground,0.06762238591909409,3585_8_RF00050_8_NC_000913.3_3184369-3184918_ext_280-480_int_100_off_100_percentage_0_position_0-0 genomicbackground,3585,8,3585_8
query_3586,0,genomicbackground,1,riboswitch,0.9990012049674988,3586_8_RF00050_8_NC_000913.3_3184369-3184918_ext_280-480_int_105_off_0_percentage_46_position_1-69 genomicbackground,3586,8,3586_8
query_3587,0,genomicbackground,1,riboswitch,0.9962270259857178,3587_8_RF00050_8_NC_000913.3_3184369-3184918_ext_280-480_int_105_off_5_percentage_43_position_1-64 genomicbackground,3587,8,3587_8
query_3588,0,genomicbackground,1,riboswitch,0.9962998032569885,3588_8_RF00050_8_NC_000913.3_3184369-3184918_ext_280-480_int_105_off_10_percentage_40_position_1-59 genomicbackground,3588,8,3588_8
query_3589,0,genomicbackground,1,riboswitch,0.99678635597229,3589_8_RF00050_8_NC_000913.3_3184369-3184918_ext_280-480_int_105_off_15_percentage_36_position_1-54 genomicbackground,3589,8,3589_8
query_3590,0,genomicbackground,1,riboswitch,0.8408705592155457,3590_8_RF00050_8_NC_000913.3_3184369-3184918_ext_280-480_int_105_off_20_percentage_33_position_1-49 genomicbackground,3590,8,3590_8
query_3591,0,genomicbackground,1,riboswitch,0.7717201113700867,3591_8_RF00050_8_NC_000913.3_3184369-3184918_ext_280-480_int_105_off_25_percentage_30_position_1-44 genomicbackground,3591,8,3591_8
query_3592,0,genomicbackground,1,riboswitch,0.7932806611061096,3592_8_RF00050_8_NC_000913.3_3184369-3184918_ext_280-480_int_105_off_30_percentage_26_position_1-39 genomicbackground,3592,8,3592_8
query_3593,0,genomicbackground,1,riboswitch,0.9118968844413757,3593_8_RF00050_8_NC_000913.3_3184369-3184918_ext_280-480_int_105_off_35_percentage_23_position_1-34 genomicbackground,3593,8,3593_8
query_3594,0,genomicbackground,1,riboswitch,0.7485007643699646,3594_8_RF00050_8_NC_000913.3_3184369-3184918_ext_280-480_int_105_off_40_percentage_19_position_1-29 genomicbackground,3594,8,3594_8
query_3595,0,genomicbackground,1,riboswitch,0.9679961204528809,3595_8_RF00050_8_NC_000913.3_3184369-3184918_ext_280-480_int_105_off_45_percentage_16_position_1-24 genomicbackground,3595,8,3595_8
query_3596,0,genomicbackground,1,riboswitch,0.9931214451789856,3596_8_RF00050_8_NC_000913.3_3184369-3184918_ext_280-480_int_105_off_50_percentage_13_position_1-19 genomicbackground,3596,8,3596_8
query_3597,0,genomicbackground,1,riboswitch,0.9804512858390808,3597_8_RF00050_8_NC_000913.3_3184369-3184918_ext_280-480_int_105_off_55_percentage_9_position_1-14 genomicbackground,3597,8,3597_8
query_3598,0,genomicbackground,1,riboswitch,0.5208227038383484,3598_8_RF00050_8_NC_000913.3_3184369-3184918_ext_280-480_int_105_off_60_percentage_6_position_1-9 genomicbackground,3598,8,3598_8
query_3599,0,genomicbackground,1,riboswitch,0.6563183069229126,3599_8_RF00050_8_NC_000913.3_3184369-3184918_ext_280-480_int_105_off_65_percentage_3_position_1-4 genomicbackground,3599,8,3599_8
query_3600,0,genomicbackground,0,genomicbackground,0.010357518680393696,3600_8_RF00050_8_NC_000913.3_3184369-3184918_ext_280-480_int_105_off_70_percentage_0_position_0-0 genomicbackground,3600,8,3600_8
query_3601,0,genomicbackground,0,genomicbackground,0.014579047448933125,3601_8_RF00050_8_NC_000913.3_3184369-3184918_ext_280-480_int_105_off_75_percentage_0_position_0-0 genomicbackground,3601,8,3601_8
query_3602,0,genomicbackground,0,genomicbackground,0.01287717092782259,3602_8_RF00050_8_NC_000913.3_3184369-3184918_ext_280-480_int_105_off_80_percentage_0_position_0-0 genomicbackground,3602,8,3602_8
query_3603,0,genomicbackground,0,genomicbackground,0.010989210568368435,3603_8_RF00050_8_NC_000913.3_3184369-3184918_ext_280-480_int_105_off_85_percentage_0_position_0-0 genomicbackground,3603,8,3603_8
query_3604,0,genomicbackground,0,genomicbackground,0.018691765144467354,3604_8_RF00050_8_NC_000913.3_3184369-3184918_ext_280-480_int_105_off_90_percentage_0_position_0-0 genomicbackground,3604,8,3604_8
query_3605,0,genomicbackground,0,genomicbackground,0.023370474576950073,3605_8_RF00050_8_NC_000913.3_3184369-3184918_ext_280-480_int_105_off_95_percentage_0_position_0-0 genomicbackground,3605,8,3605_8
query_3606,0,genomicbackground,1,riboswitch,0.9960643649101257,3606_8_RF00050_8_NC_000913.3_3184369-3184918_ext_280-480_int_110_off_0_percentage_46_position_1-69 genomicbackground,3606,8,3606_8
query_3607,0,genomicbackground,1,riboswitch,0.9957929849624634,3607_8_RF00050_8_NC_000913.3_3184369-3184918_ext_280-480_int_110_off_5_percentage_43_position_1-64 genomicbackground,3607,8,3607_8
query_3608,0,genomicbackground,1,riboswitch,0.9959979057312012,3608_8_RF00050_8_NC_000913.3_3184369-3184918_ext_280-480_int_110_off_10_percentage_40_position_1-59 genomicbackground,3608,8,3608_8
query_3609,0,genomicbackground,1,riboswitch,0.9963765740394592,3609_8_RF00050_8_NC_000913.3_3184369-3184918_ext_280-480_int_110_off_15_percentage_36_position_1-54 genomicbackground,3609,8,3609_8
query_3610,0,genomicbackground,1,riboswitch,0.8114128708839417,3610_8_RF00050_8_NC_000913.3_3184369-3184918_ext_280-480_int_110_off_20_percentage_33_position_1-49 genomicbackground,3610,8,3610_8
query_3611,0,genomicbackground,1,riboswitch,0.8906161189079285,3611_8_RF00050_8_NC_000913.3_3184369-3184918_ext_280-480_int_110_off_25_percentage_30_position_1-44 genomicbackground,3611,8,3611_8
query_3612,0,genomicbackground,1,riboswitch,0.8772109746932983,3612_8_RF00050_8_NC_000913.3_3184369-3184918_ext_280-480_int_110_off_30_percentage_26_position_1-39 genomicbackground,3612,8,3612_8
query_3613,0,genomicbackground,1,riboswitch,0.917702853679657,3613_8_RF00050_8_NC_000913.3_3184369-3184918_ext_280-480_int_110_off_35_percentage_23_position_1-34 genomicbackground,3613,8,3613_8
query_3614,0,genomicbackground,1,riboswitch,0.8227235674858093,3614_8_RF00050_8_NC_000913.3_3184369-3184918_ext_280-480_int_110_off_40_percentage_19_position_1-29 genomicbackground,3614,8,3614_8
query_3615,0,genomicbackground,1,riboswitch,0.9757709503173828,3615_8_RF00050_8_NC_000913.3_3184369-3184918_ext_280-480_int_110_off_45_percentage_16_position_1-24 genomicbackground,3615,8,3615_8
query_3616,0,genomicbackground,1,riboswitch,0.9932668209075928,3616_8_RF00050_8_NC_000913.3_3184369-3184918_ext_280-480_int_110_off_50_percentage_13_position_1-19 genomicbackground,3616,8,3616_8
query_3617,0,genomicbackground,1,riboswitch,0.9852767586708069,3617_8_RF00050_8_NC_000913.3_3184369-3184918_ext_280-480_int_110_off_55_percentage_9_position_1-14 genomicbackground,3617,8,3617_8
query_3618,0,genomicbackground,0,genomicbackground,0.38502269983291626,3618_8_RF00050_8_NC_000913.3_3184369-3184918_ext_280-480_int_110_off_60_percentage_6_position_1-9 genomicbackground,3618,8,3618_8
query_3619,0,genomicbackground,0,genomicbackground,0.30827316641807556,3619_8_RF00050_8_NC_000913.3_3184369-3184918_ext_280-480_int_110_off_65_percentage_3_position_1-4 genomicbackground,3619,8,3619_8
query_3620,0,genomicbackground,0,genomicbackground,0.01694832742214203,3620_8_RF00050_8_NC_000913.3_3184369-3184918_ext_280-480_int_110_off_70_percentage_0_position_0-0 genomicbackground,3620,8,3620_8
query_3621,0,genomicbackground,0,genomicbackground,0.029332492500543594,3621_8_RF00050_8_NC_000913.3_3184369-3184918_ext_280-480_int_110_off_75_percentage_0_position_0-0 genomicbackground,3621,8,3621_8
query_3622,0,genomicbackground,0,genomicbackground,0.01258658803999424,3622_8_RF00050_8_NC_000913.3_3184369-3184918_ext_280-480_int_110_off_80_percentage_0_position_0-0 genomicbackground,3622,8,3622_8
query_3623,0,genomicbackground,0,genomicbackground,0.010596690699458122,3623_8_RF00050_8_NC_000913.3_3184369-3184918_ext_280-480_int_110_off_85_percentage_0_position_0-0 genomicbackground,3623,8,3623_8
query_3624,0,genomicbackground,0,genomicbackground,0.021050604060292244,3624_8_RF00050_8_NC_000913.3_3184369-3184918_ext_280-480_int_110_off_90_percentage_0_position_0-0 genomicbackground,3624,8,3624_8
query_3625,0,genomicbackground,1,riboswitch,0.9987899661064148,3625_8_RF00050_8_NC_000913.3_3184369-3184918_ext_280-480_int_115_off_0_percentage_46_position_1-69 genomicbackground,3625,8,3625_8
query_3626,0,genomicbackground,1,riboswitch,0.9959404468536377,3626_8_RF00050_8_NC_000913.3_3184369-3184918_ext_280-480_int_115_off_5_percentage_43_position_1-64 genomicbackground,3626,8,3626_8
query_3627,0,genomicbackground,1,riboswitch,0.9958215951919556,3627_8_RF00050_8_NC_000913.3_3184369-3184918_ext_280-480_int_115_off_10_percentage_40_position_1-59 genomicbackground,3627,8,3627_8
query_3628,0,genomicbackground,1,riboswitch,0.9963202476501465,3628_8_RF00050_8_NC_000913.3_3184369-3184918_ext_280-480_int_115_off_15_percentage_36_position_1-54 genomicbackground,3628,8,3628_8
query_3629,0,genomicbackground,1,riboswitch,0.8729075789451599,3629_8_RF00050_8_NC_000913.3_3184369-3184918_ext_280-480_int_115_off_20_percentage_33_position_1-49 genomicbackground,3629,8,3629_8
query_3630,0,genomicbackground,1,riboswitch,0.9836524724960327,3630_8_RF00050_8_NC_000913.3_3184369-3184918_ext_280-480_int_115_off_25_percentage_30_position_1-44 genomicbackground,3630,8,3630_8
query_3631,0,genomicbackground,1,riboswitch,0.9309854507446289,3631_8_RF00050_8_NC_000913.3_3184369-3184918_ext_280-480_int_115_off_30_percentage_26_position_1-39 genomicbackground,3631,8,3631_8
query_3632,0,genomicbackground,1,riboswitch,0.9578174948692322,3632_8_RF00050_8_NC_000913.3_3184369-3184918_ext_280-480_int_115_off_35_percentage_23_position_1-34 genomicbackground,3632,8,3632_8
query_3633,0,genomicbackground,1,riboswitch,0.8514647483825684,3633_8_RF00050_8_NC_000913.3_3184369-3184918_ext_280-480_int_115_off_40_percentage_19_position_1-29 genomicbackground,3633,8,3633_8
query_3634,0,genomicbackground,1,riboswitch,0.9878506064414978,3634_8_RF00050_8_NC_000913.3_3184369-3184918_ext_280-480_int_115_off_45_percentage_16_position_1-24 genomicbackground,3634,8,3634_8
query_3635,0,genomicbackground,1,riboswitch,0.9937591552734375,3635_8_RF00050_8_NC_000913.3_3184369-3184918_ext_280-480_int_115_off_50_percentage_13_position_1-19 genomicbackground,3635,8,3635_8
query_3636,0,genomicbackground,1,riboswitch,0.9887555241584778,3636_8_RF00050_8_NC_000913.3_3184369-3184918_ext_280-480_int_115_off_55_percentage_9_position_1-14 genomicbackground,3636,8,3636_8
query_3637,0,genomicbackground,0,genomicbackground,0.21518053114414215,3637_8_RF00050_8_NC_000913.3_3184369-3184918_ext_280-480_int_115_off_60_percentage_6_position_1-9 genomicbackground,3637,8,3637_8
query_3638,0,genomicbackground,0,genomicbackground,0.01143391989171505,3638_8_RF00050_8_NC_000913.3_3184369-3184918_ext_280-480_int_115_off_65_percentage_3_position_1-4 genomicbackground,3638,8,3638_8
query_3639,0,genomicbackground,0,genomicbackground,0.024270521476864815,3639_8_RF00050_8_NC_000913.3_3184369-3184918_ext_280-480_int_115_off_70_percentage_0_position_0-0 genomicbackground,3639,8,3639_8
query_3640,0,genomicbackground,0,genomicbackground,0.05169312655925751,3640_8_RF00050_8_NC_000913.3_3184369-3184918_ext_280-480_int_115_off_75_percentage_0_position_0-0 genomicbackground,3640,8,3640_8
query_3641,0,genomicbackground,0,genomicbackground,0.011968854814767838,3641_8_RF00050_8_NC_000913.3_3184369-3184918_ext_280-480_int_115_off_80_percentage_0_position_0-0 genomicbackground,3641,8,3641_8
query_3642,0,genomicbackground,0,genomicbackground,0.01138282846659422,3642_8_RF00050_8_NC_000913.3_3184369-3184918_ext_280-480_int_115_off_85_percentage_0_position_0-0 genomicbackground,3642,8,3642_8
query_3643,0,genomicbackground,1,riboswitch,0.998967170715332,3643_8_RF00050_8_NC_000913.3_3184369-3184918_ext_280-480_int_120_off_0_percentage_46_position_1-69 genomicbackground,3643,8,3643_8
query_3644,0,genomicbackground,1,riboswitch,0.9953243732452393,3644_8_RF00050_8_NC_000913.3_3184369-3184918_ext_280-480_int_120_off_5_percentage_43_position_1-64 genomicbackground,3644,8,3644_8
query_3645,0,genomicbackground,1,riboswitch,0.9954537153244019,3645_8_RF00050_8_NC_000913.3_3184369-3184918_ext_280-480_int_120_off_10_percentage_40_position_1-59 genomicbackground,3645,8,3645_8
query_3646,0,genomicbackground,1,riboswitch,0.9967312812805176,3646_8_RF00050_8_NC_000913.3_3184369-3184918_ext_280-480_int_120_off_15_percentage_36_position_1-54 genomicbackground,3646,8,3646_8
query_3647,0,genomicbackground,1,riboswitch,0.9761764407157898,3647_8_RF00050_8_NC_000913.3_3184369-3184918_ext_280-480_int_120_off_20_percentage_33_position_1-49 genomicbackground,3647,8,3647_8
query_3648,0,genomicbackground,1,riboswitch,0.9906846284866333,3648_8_RF00050_8_NC_000913.3_3184369-3184918_ext_280-480_int_120_off_25_percentage_30_position_1-44 genomicbackground,3648,8,3648_8
query_3649,0,genomicbackground,1,riboswitch,0.9257655739784241,3649_8_RF00050_8_NC_000913.3_3184369-3184918_ext_280-480_int_120_off_30_percentage_26_position_1-39 genomicbackground,3649,8,3649_8
query_3650,0,genomicbackground,1,riboswitch,0.9693971276283264,3650_8_RF00050_8_NC_000913.3_3184369-3184918_ext_280-480_int_120_off_35_percentage_23_position_1-34 genomicbackground,3650,8,3650_8
query_3651,0,genomicbackground,1,riboswitch,0.8812142610549927,3651_8_RF00050_8_NC_000913.3_3184369-3184918_ext_280-480_int_120_off_40_percentage_19_position_1-29 genomicbackground,3651,8,3651_8
query_3652,0,genomicbackground,1,riboswitch,0.9826819896697998,3652_8_RF00050_8_NC_000913.3_3184369-3184918_ext_280-480_int_120_off_45_percentage_16_position_1-24 genomicbackground,3652,8,3652_8
query_3653,0,genomicbackground,1,riboswitch,0.9942375421524048,3653_8_RF00050_8_NC_000913.3_3184369-3184918_ext_280-480_int_120_off_50_percentage_13_position_1-19 genomicbackground,3653,8,3653_8
query_3654,0,genomicbackground,1,riboswitch,0.9910054206848145,3654_8_RF00050_8_NC_000913.3_3184369-3184918_ext_280-480_int_120_off_55_percentage_9_position_1-14 genomicbackground,3654,8,3654_8
query_3655,0,genomicbackground,0,genomicbackground,0.03876429796218872,3655_8_RF00050_8_NC_000913.3_3184369-3184918_ext_280-480_int_120_off_60_percentage_6_position_1-9 genomicbackground,3655,8,3655_8
query_3656,0,genomicbackground,0,genomicbackground,0.01694648340344429,3656_8_RF00050_8_NC_000913.3_3184369-3184918_ext_280-480_int_120_off_65_percentage_3_position_1-4 genomicbackground,3656,8,3656_8
query_3657,0,genomicbackground,0,genomicbackground,0.029281267896294594,3657_8_RF00050_8_NC_000913.3_3184369-3184918_ext_280-480_int_120_off_70_percentage_0_position_0-0 genomicbackground,3657,8,3657_8
query_3658,0,genomicbackground,0,genomicbackground,0.0349072702229023,3658_8_RF00050_8_NC_000913.3_3184369-3184918_ext_280-480_int_120_off_75_percentage_0_position_0-0 genomicbackground,3658,8,3658_8
query_3659,0,genomicbackground,0,genomicbackground,0.012464103288948536,3659_8_RF00050_8_NC_000913.3_3184369-3184918_ext_280-480_int_120_off_80_percentage_0_position_0-0 genomicbackground,3659,8,3659_8
query_3660,0,genomicbackground,1,riboswitch,0.9953624606132507,3660_8_RF00050_8_NC_000913.3_3184369-3184918_ext_280-480_int_125_off_0_percentage_46_position_1-69 genomicbackground,3660,8,3660_8
query_3661,0,genomicbackground,1,riboswitch,0.9950215816497803,3661_8_RF00050_8_NC_000913.3_3184369-3184918_ext_280-480_int_125_off_5_percentage_43_position_1-64 genomicbackground,3661,8,3661_8
query_3662,0,genomicbackground,1,riboswitch,0.9958659410476685,3662_8_RF00050_8_NC_000913.3_3184369-3184918_ext_280-480_int_125_off_10_percentage_40_position_1-59 genomicbackground,3662,8,3662_8
query_3663,0,genomicbackground,1,riboswitch,0.9779359102249146,3663_8_RF00050_8_NC_000913.3_3184369-3184918_ext_280-480_int_125_off_15_percentage_36_position_1-54 genomicbackground,3663,8,3663_8
query_3664,0,genomicbackground,1,riboswitch,0.9885050654411316,3664_8_RF00050_8_NC_000913.3_3184369-3184918_ext_280-480_int_125_off_20_percentage_33_position_1-49 genomicbackground,3664,8,3664_8
query_3665,0,genomicbackground,1,riboswitch,0.9907034635543823,3665_8_RF00050_8_NC_000913.3_3184369-3184918_ext_280-480_int_125_off_25_percentage_30_position_1-44 genomicbackground,3665,8,3665_8
query_3666,0,genomicbackground,1,riboswitch,0.9478294253349304,3666_8_RF00050_8_NC_000913.3_3184369-3184918_ext_280-480_int_125_off_30_percentage_26_position_1-39 genomicbackground,3666,8,3666_8
query_3667,0,genomicbackground,1,riboswitch,0.9754087328910828,3667_8_RF00050_8_NC_000913.3_3184369-3184918_ext_280-480_int_125_off_35_percentage_23_position_1-34 genomicbackground,3667,8,3667_8
query_3668,0,genomicbackground,1,riboswitch,0.9455382227897644,3668_8_RF00050_8_NC_000913.3_3184369-3184918_ext_280-480_int_125_off_40_percentage_19_position_1-29 genomicbackground,3668,8,3668_8
query_3669,0,genomicbackground,1,riboswitch,0.9888738393783569,3669_8_RF00050_8_NC_000913.3_3184369-3184918_ext_280-480_int_125_off_45_percentage_16_position_1-24 genomicbackground,3669,8,3669_8
query_3670,0,genomicbackground,1,riboswitch,0.99052494764328,3670_8_RF00050_8_NC_000913.3_3184369-3184918_ext_280-480_int_125_off_50_percentage_13_position_1-19 genomicbackground,3670,8,3670_8
query_3671,0,genomicbackground,0,genomicbackground,0.2906825840473175,3671_8_RF00050_8_NC_000913.3_3184369-3184918_ext_280-480_int_125_off_55_percentage_9_position_1-14 genomicbackground,3671,8,3671_8
query_3672,0,genomicbackground,0,genomicbackground,0.034428372979164124,3672_8_RF00050_8_NC_000913.3_3184369-3184918_ext_280-480_int_125_off_60_percentage_6_position_1-9 genomicbackground,3672,8,3672_8
query_3673,0,genomicbackground,0,genomicbackground,0.02128330059349537,3673_8_RF00050_8_NC_000913.3_3184369-3184918_ext_280-480_int_125_off_65_percentage_3_position_1-4 genomicbackground,3673,8,3673_8
query_3674,0,genomicbackground,0,genomicbackground,0.02486584521830082,3674_8_RF00050_8_NC_000913.3_3184369-3184918_ext_280-480_int_125_off_70_percentage_0_position_0-0 genomicbackground,3674,8,3674_8
query_3675,0,genomicbackground,0,genomicbackground,0.036871932446956635,3675_8_RF00050_8_NC_000913.3_3184369-3184918_ext_280-480_int_125_off_75_percentage_0_position_0-0 genomicbackground,3675,8,3675_8
query_3676,0,genomicbackground,1,riboswitch,0.995142936706543,3676_8_RF00050_8_NC_000913.3_3184369-3184918_ext_280-480_int_130_off_0_percentage_46_position_1-69 genomicbackground,3676,8,3676_8
query_3677,0,genomicbackground,1,riboswitch,0.9898485541343689,3677_8_RF00050_8_NC_000913.3_3184369-3184918_ext_280-480_int_130_off_5_percentage_43_position_1-64 genomicbackground,3677,8,3677_8
query_3678,0,genomicbackground,1,riboswitch,0.9962939620018005,3678_8_RF00050_8_NC_000913.3_3184369-3184918_ext_280-480_int_130_off_10_percentage_40_position_1-59 genomicbackground,3678,8,3678_8
query_3679,0,genomicbackground,1,riboswitch,0.9972192049026489,3679_8_RF00050_8_NC_000913.3_3184369-3184918_ext_280-480_int_130_off_15_percentage_36_position_1-54 genomicbackground,3679,8,3679_8
query_3680,0,genomicbackground,1,riboswitch,0.9902831315994263,3680_8_RF00050_8_NC_000913.3_3184369-3184918_ext_280-480_int_130_off_20_percentage_33_position_1-49 genomicbackground,3680,8,3680_8
query_3681,0,genomicbackground,1,riboswitch,0.9915388226509094,3681_8_RF00050_8_NC_000913.3_3184369-3184918_ext_280-480_int_130_off_25_percentage_30_position_1-44 genomicbackground,3681,8,3681_8
query_3682,0,genomicbackground,1,riboswitch,0.9733811020851135,3682_8_RF00050_8_NC_000913.3_3184369-3184918_ext_280-480_int_130_off_30_percentage_26_position_1-39 genomicbackground,3682,8,3682_8
query_3683,0,genomicbackground,1,riboswitch,0.9880984425544739,3683_8_RF00050_8_NC_000913.3_3184369-3184918_ext_280-480_int_130_off_35_percentage_23_position_1-34 genomicbackground,3683,8,3683_8
query_3684,0,genomicbackground,1,riboswitch,0.9636422395706177,3684_8_RF00050_8_NC_000913.3_3184369-3184918_ext_280-480_int_130_off_40_percentage_19_position_1-29 genomicbackground,3684,8,3684_8
query_3685,0,genomicbackground,1,riboswitch,0.9878316521644592,3685_8_RF00050_8_NC_000913.3_3184369-3184918_ext_280-480_int_130_off_45_percentage_16_position_1-24 genomicbackground,3685,8,3685_8
query_3686,0,genomicbackground,1,riboswitch,0.9139267206192017,3686_8_RF00050_8_NC_000913.3_3184369-3184918_ext_280-480_int_130_off_50_percentage_13_position_1-19 genomicbackground,3686,8,3686_8
query_3687,0,genomicbackground,0,genomicbackground,0.2801302671432495,3687_8_RF00050_8_NC_000913.3_3184369-3184918_ext_280-480_int_130_off_55_percentage_9_position_1-14 genomicbackground,3687,8,3687_8
query_3688,0,genomicbackground,0,genomicbackground,0.044010259211063385,3688_8_RF00050_8_NC_000913.3_3184369-3184918_ext_280-480_int_130_off_60_percentage_6_position_1-9 genomicbackground,3688,8,3688_8
query_3689,0,genomicbackground,0,genomicbackground,0.019493671134114265,3689_8_RF00050_8_NC_000913.3_3184369-3184918_ext_280-480_int_130_off_65_percentage_3_position_1-4 genomicbackground,3689,8,3689_8
query_3690,0,genomicbackground,0,genomicbackground,0.02782406099140644,3690_8_RF00050_8_NC_000913.3_3184369-3184918_ext_280-480_int_130_off_70_percentage_0_position_0-0 genomicbackground,3690,8,3690_8
query_3691,0,genomicbackground,1,riboswitch,0.9895220398902893,3691_8_RF00050_8_NC_000913.3_3184369-3184918_ext_280-480_int_135_off_0_percentage_46_position_1-69 genomicbackground,3691,8,3691_8
query_3692,0,genomicbackground,1,riboswitch,0.9948169589042664,3692_8_RF00050_8_NC_000913.3_3184369-3184918_ext_280-480_int_135_off_5_percentage_43_position_1-64 genomicbackground,3692,8,3692_8
query_3693,0,genomicbackground,1,riboswitch,0.9716641902923584,3693_8_RF00050_8_NC_000913.3_3184369-3184918_ext_280-480_int_135_off_10_percentage_40_position_1-59 genomicbackground,3693,8,3693_8
query_3694,0,genomicbackground,1,riboswitch,0.9906347393989563,3694_8_RF00050_8_NC_000913.3_3184369-3184918_ext_280-480_int_135_off_15_percentage_36_position_1-54 genomicbackground,3694,8,3694_8
query_3695,0,genomicbackground,1,riboswitch,0.9925649166107178,3695_8_RF00050_8_NC_000913.3_3184369-3184918_ext_280-480_int_135_off_20_percentage_33_position_1-49 genomicbackground,3695,8,3695_8
query_3696,0,genomicbackground,1,riboswitch,0.9930738210678101,3696_8_RF00050_8_NC_000913.3_3184369-3184918_ext_280-480_int_135_off_25_percentage_30_position_1-44 genomicbackground,3696,8,3696_8
query_3697,0,genomicbackground,1,riboswitch,0.981029212474823,3697_8_RF00050_8_NC_000913.3_3184369-3184918_ext_280-480_int_135_off_30_percentage_26_position_1-39 genomicbackground,3697,8,3697_8
query_3698,0,genomicbackground,1,riboswitch,0.989874005317688,3698_8_RF00050_8_NC_000913.3_3184369-3184918_ext_280-480_int_135_off_35_percentage_23_position_1-34 genomicbackground,3698,8,3698_8
query_3699,0,genomicbackground,1,riboswitch,0.9633718132972717,3699_8_RF00050_8_NC_000913.3_3184369-3184918_ext_280-480_int_135_off_40_percentage_19_position_1-29 genomicbackground,3699,8,3699_8
query_3700,0,genomicbackground,1,riboswitch,0.851837694644928,3700_8_RF00050_8_NC_000913.3_3184369-3184918_ext_280-480_int_135_off_45_percentage_16_position_1-24 genomicbackground,3700,8,3700_8
query_3701,0,genomicbackground,1,riboswitch,0.9324924349784851,3701_8_RF00050_8_NC_000913.3_3184369-3184918_ext_280-480_int_135_off_50_percentage_13_position_1-19 genomicbackground,3701,8,3701_8
query_3702,0,genomicbackground,1,riboswitch,0.5530116558074951,3702_8_RF00050_8_NC_000913.3_3184369-3184918_ext_280-480_int_135_off_55_percentage_9_position_1-14 genomicbackground,3702,8,3702_8
query_3703,0,genomicbackground,0,genomicbackground,0.0406859926879406,3703_8_RF00050_8_NC_000913.3_3184369-3184918_ext_280-480_int_135_off_60_percentage_6_position_1-9 genomicbackground,3703,8,3703_8
query_3704,0,genomicbackground,0,genomicbackground,0.018767129629850388,3704_8_RF00050_8_NC_000913.3_3184369-3184918_ext_280-480_int_135_off_65_percentage_3_position_1-4 genomicbackground,3704,8,3704_8
query_3705,0,genomicbackground,1,riboswitch,0.9945747256278992,3705_8_RF00050_8_NC_000913.3_3184369-3184918_ext_280-480_int_140_off_0_percentage_46_position_1-69 genomicbackground,3705,8,3705_8
query_3706,0,genomicbackground,1,riboswitch,0.9953433275222778,3706_8_RF00050_8_NC_000913.3_3184369-3184918_ext_280-480_int_140_off_5_percentage_43_position_1-64 genomicbackground,3706,8,3706_8
query_3707,0,genomicbackground,1,riboswitch,0.9771829843521118,3707_8_RF00050_8_NC_000913.3_3184369-3184918_ext_280-480_int_140_off_10_percentage_40_position_1-59 genomicbackground,3707,8,3707_8
query_3708,0,genomicbackground,1,riboswitch,0.9916506409645081,3708_8_RF00050_8_NC_000913.3_3184369-3184918_ext_280-480_int_140_off_15_percentage_36_position_1-54 genomicbackground,3708,8,3708_8
query_3709,0,genomicbackground,1,riboswitch,0.9940263032913208,3709_8_RF00050_8_NC_000913.3_3184369-3184918_ext_280-480_int_140_off_20_percentage_33_position_1-49 genomicbackground,3709,8,3709_8
query_3710,0,genomicbackground,1,riboswitch,0.9926202893257141,3710_8_RF00050_8_NC_000913.3_3184369-3184918_ext_280-480_int_140_off_25_percentage_30_position_1-44 genomicbackground,3710,8,3710_8
query_3711,0,genomicbackground,1,riboswitch,0.9879899621009827,3711_8_RF00050_8_NC_000913.3_3184369-3184918_ext_280-480_int_140_off_30_percentage_26_position_1-39 genomicbackground,3711,8,3711_8
query_3712,0,genomicbackground,1,riboswitch,0.9928385615348816,3712_8_RF00050_8_NC_000913.3_3184369-3184918_ext_280-480_int_140_off_35_percentage_23_position_1-34 genomicbackground,3712,8,3712_8
query_3713,0,genomicbackground,1,riboswitch,0.9098725318908691,3713_8_RF00050_8_NC_000913.3_3184369-3184918_ext_280-480_int_140_off_40_percentage_19_position_1-29 genomicbackground,3713,8,3713_8
query_3714,0,genomicbackground,1,riboswitch,0.8965898752212524,3714_8_RF00050_8_NC_000913.3_3184369-3184918_ext_280-480_int_140_off_45_percentage_16_position_1-24 genomicbackground,3714,8,3714_8
query_3715,0,genomicbackground,1,riboswitch,0.9323864579200745,3715_8_RF00050_8_NC_000913.3_3184369-3184918_ext_280-480_int_140_off_50_percentage_13_position_1-19 genomicbackground,3715,8,3715_8
query_3716,0,genomicbackground,0,genomicbackground,0.39122167229652405,3716_8_RF00050_8_NC_000913.3_3184369-3184918_ext_280-480_int_140_off_55_percentage_9_position_1-14 genomicbackground,3716,8,3716_8
query_3717,0,genomicbackground,0,genomicbackground,0.03995941951870918,3717_8_RF00050_8_NC_000913.3_3184369-3184918_ext_280-480_int_140_off_60_percentage_6_position_1-9 genomicbackground,3717,8,3717_8
query_3718,0,genomicbackground,1,riboswitch,0.9950037598609924,3718_8_RF00050_8_NC_000913.3_3184369-3184918_ext_280-480_int_145_off_0_percentage_46_position_1-69 genomicbackground,3718,8,3718_8
query_3719,0,genomicbackground,1,riboswitch,0.9489583969116211,3719_8_RF00050_8_NC_000913.3_3184369-3184918_ext_280-480_int_145_off_5_percentage_43_position_1-64 genomicbackground,3719,8,3719_8
query_3720,0,genomicbackground,1,riboswitch,0.9969522953033447,3720_8_RF00050_8_NC_000913.3_3184369-3184918_ext_280-480_int_145_off_10_percentage_40_position_1-59 genomicbackground,3720,8,3720_8
query_3721,0,genomicbackground,1,riboswitch,0.9924081563949585,3721_8_RF00050_8_NC_000913.3_3184369-3184918_ext_280-480_int_145_off_15_percentage_36_position_1-54 genomicbackground,3721,8,3721_8
query_3722,0,genomicbackground,1,riboswitch,0.9956613183021545,3722_8_RF00050_8_NC_000913.3_3184369-3184918_ext_280-480_int_145_off_20_percentage_33_position_1-49 genomicbackground,3722,8,3722_8
query_3723,0,genomicbackground,1,riboswitch,0.9943673014640808,3723_8_RF00050_8_NC_000913.3_3184369-3184918_ext_280-480_int_145_off_25_percentage_30_position_1-44 genomicbackground,3723,8,3723_8
query_3724,0,genomicbackground,1,riboswitch,0.9881168603897095,3724_8_RF00050_8_NC_000913.3_3184369-3184918_ext_280-480_int_145_off_30_percentage_26_position_1-39 genomicbackground,3724,8,3724_8
query_3725,0,genomicbackground,1,riboswitch,0.9818428158760071,3725_8_RF00050_8_NC_000913.3_3184369-3184918_ext_280-480_int_145_off_35_percentage_23_position_1-34 genomicbackground,3725,8,3725_8
query_3726,0,genomicbackground,1,riboswitch,0.9406768679618835,3726_8_RF00050_8_NC_000913.3_3184369-3184918_ext_280-480_int_145_off_40_percentage_19_position_1-29 genomicbackground,3726,8,3726_8
query_3727,0,genomicbackground,1,riboswitch,0.9865376949310303,3727_8_RF00050_8_NC_000913.3_3184369-3184918_ext_280-480_int_145_off_45_percentage_16_position_1-24 genomicbackground,3727,8,3727_8
query_3728,0,genomicbackground,1,riboswitch,0.9526812434196472,3728_8_RF00050_8_NC_000913.3_3184369-3184918_ext_280-480_int_145_off_50_percentage_13_position_1-19 genomicbackground,3728,8,3728_8
query_3729,0,genomicbackground,0,genomicbackground,0.4331623613834381,3729_8_RF00050_8_NC_000913.3_3184369-3184918_ext_280-480_int_145_off_55_percentage_9_position_1-14 genomicbackground,3729,8,3729_8
query_3730,0,genomicbackground,1,riboswitch,0.959013044834137,3730_8_RF00050_8_NC_000913.3_3184369-3184918_ext_280-480_int_150_off_0_percentage_46_position_1-69 genomicbackground,3730,8,3730_8
query_3731,0,genomicbackground,1,riboswitch,0.9939813017845154,3731_8_RF00050_8_NC_000913.3_3184369-3184918_ext_280-480_int_150_off_5_percentage_43_position_1-64 genomicbackground,3731,8,3731_8
query_3732,0,genomicbackground,1,riboswitch,0.9968211650848389,3732_8_RF00050_8_NC_000913.3_3184369-3184918_ext_280-480_int_150_off_10_percentage_40_position_1-59 genomicbackground,3732,8,3732_8
query_3733,0,genomicbackground,1,riboswitch,0.996986448764801,3733_8_RF00050_8_NC_000913.3_3184369-3184918_ext_280-480_int_150_off_15_percentage_36_position_1-54 genomicbackground,3733,8,3733_8
query_3734,0,genomicbackground,1,riboswitch,0.9961703419685364,3734_8_RF00050_8_NC_000913.3_3184369-3184918_ext_280-480_int_150_off_20_percentage_33_position_1-49 genomicbackground,3734,8,3734_8
query_3735,0,genomicbackground,1,riboswitch,0.9928228855133057,3735_8_RF00050_8_NC_000913.3_3184369-3184918_ext_280-480_int_150_off_25_percentage_30_position_1-44 genomicbackground,3735,8,3735_8
query_3736,0,genomicbackground,1,riboswitch,0.9933274984359741,3736_8_RF00050_8_NC_000913.3_3184369-3184918_ext_280-480_int_150_off_30_percentage_26_position_1-39 genomicbackground,3736,8,3736_8
query_3737,0,genomicbackground,1,riboswitch,0.989188015460968,3737_8_RF00050_8_NC_000913.3_3184369-3184918_ext_280-480_int_150_off_35_percentage_23_position_1-34 genomicbackground,3737,8,3737_8
query_3738,0,genomicbackground,1,riboswitch,0.9697050452232361,3738_8_RF00050_8_NC_000913.3_3184369-3184918_ext_280-480_int_150_off_40_percentage_19_position_1-29 genomicbackground,3738,8,3738_8
query_3739,0,genomicbackground,1,riboswitch,0.9900273680686951,3739_8_RF00050_8_NC_000913.3_3184369-3184918_ext_280-480_int_150_off_45_percentage_16_position_1-24 genomicbackground,3739,8,3739_8
query_3740,0,genomicbackground,1,riboswitch,0.9694634079933167,3740_8_RF00050_8_NC_000913.3_3184369-3184918_ext_280-480_int_150_off_50_percentage_13_position_1-19 genomicbackground,3740,8,3740_8
query_3741,0,genomicbackground,1,riboswitch,0.9931678175926208,3741_8_RF00050_8_NC_000913.3_3184369-3184918_ext_280-480_int_155_off_0_percentage_46_position_1-69 genomicbackground,3741,8,3741_8
query_3742,0,genomicbackground,1,riboswitch,0.9940417408943176,3742_8_RF00050_8_NC_000913.3_3184369-3184918_ext_280-480_int_155_off_5_percentage_43_position_1-64 genomicbackground,3742,8,3742_8
query_3743,0,genomicbackground,1,riboswitch,0.9978105425834656,3743_8_RF00050_8_NC_000913.3_3184369-3184918_ext_280-480_int_155_off_10_percentage_40_position_1-59 genomicbackground,3743,8,3743_8
query_3744,0,genomicbackground,1,riboswitch,0.997072696685791,3744_8_RF00050_8_NC_000913.3_3184369-3184918_ext_280-480_int_155_off_15_percentage_36_position_1-54 genomicbackground,3744,8,3744_8
query_3745,0,genomicbackground,1,riboswitch,0.9932788014411926,3745_8_RF00050_8_NC_000913.3_3184369-3184918_ext_280-480_int_155_off_20_percentage_33_position_1-49 genomicbackground,3745,8,3745_8
query_3746,0,genomicbackground,1,riboswitch,0.9912332892417908,3746_8_RF00050_8_NC_000913.3_3184369-3184918_ext_280-480_int_155_off_25_percentage_30_position_1-44 genomicbackground,3746,8,3746_8
query_3747,0,genomicbackground,1,riboswitch,0.9936639070510864,3747_8_RF00050_8_NC_000913.3_3184369-3184918_ext_280-480_int_155_off_30_percentage_26_position_1-39 genomicbackground,3747,8,3747_8
query_3748,0,genomicbackground,1,riboswitch,0.9797833561897278,3748_8_RF00050_8_NC_000913.3_3184369-3184918_ext_280-480_int_155_off_35_percentage_23_position_1-34 genomicbackground,3748,8,3748_8
query_3749,0,genomicbackground,1,riboswitch,0.9686048626899719,3749_8_RF00050_8_NC_000913.3_3184369-3184918_ext_280-480_int_155_off_40_percentage_19_position_1-29 genomicbackground,3749,8,3749_8
query_3750,0,genomicbackground,1,riboswitch,0.9951825737953186,3750_8_RF00050_8_NC_000913.3_3184369-3184918_ext_280-480_int_155_off_45_percentage_16_position_1-24 genomicbackground,3750,8,3750_8
query_3751,0,genomicbackground,1,riboswitch,0.9930241107940674,3751_8_RF00050_8_NC_000913.3_3184369-3184918_ext_280-480_int_160_off_0_percentage_46_position_1-69 genomicbackground,3751,8,3751_8
query_3752,0,genomicbackground,1,riboswitch,0.9948508143424988,3752_8_RF00050_8_NC_000913.3_3184369-3184918_ext_280-480_int_160_off_5_percentage_43_position_1-64 genomicbackground,3752,8,3752_8
query_3753,0,genomicbackground,1,riboswitch,0.9978064894676208,3753_8_RF00050_8_NC_000913.3_3184369-3184918_ext_280-480_int_160_off_10_percentage_40_position_1-59 genomicbackground,3753,8,3753_8
query_3754,0,genomicbackground,1,riboswitch,0.9971580505371094,3754_8_RF00050_8_NC_000913.3_3184369-3184918_ext_280-480_int_160_off_15_percentage_36_position_1-54 genomicbackground,3754,8,3754_8
query_3755,0,genomicbackground,1,riboswitch,0.9720764756202698,3755_8_RF00050_8_NC_000913.3_3184369-3184918_ext_280-480_int_160_off_20_percentage_33_position_1-49 genomicbackground,3755,8,3755_8
query_3756,0,genomicbackground,1,riboswitch,0.9771395325660706,3756_8_RF00050_8_NC_000913.3_3184369-3184918_ext_280-480_int_160_off_25_percentage_30_position_1-44 genomicbackground,3756,8,3756_8
query_3757,0,genomicbackground,1,riboswitch,0.9948604702949524,3757_8_RF00050_8_NC_000913.3_3184369-3184918_ext_280-480_int_160_off_30_percentage_26_position_1-39 genomicbackground,3757,8,3757_8
query_3758,0,genomicbackground,1,riboswitch,0.979574978351593,3758_8_RF00050_8_NC_000913.3_3184369-3184918_ext_280-480_int_160_off_35_percentage_23_position_1-34 genomicbackground,3758,8,3758_8
query_3759,0,genomicbackground,1,riboswitch,0.9807040691375732,3759_8_RF00050_8_NC_000913.3_3184369-3184918_ext_280-480_int_160_off_40_percentage_19_position_1-29 genomicbackground,3759,8,3759_8
query_3760,0,genomicbackground,1,riboswitch,0.9947381615638733,3760_8_RF00050_8_NC_000913.3_3184369-3184918_ext_280-480_int_165_off_0_percentage_46_position_1-69 genomicbackground,3760,8,3760_8
query_3761,0,genomicbackground,1,riboswitch,0.9949963092803955,3761_8_RF00050_8_NC_000913.3_3184369-3184918_ext_280-480_int_165_off_5_percentage_43_position_1-64 genomicbackground,3761,8,3761_8
query_3762,0,genomicbackground,1,riboswitch,0.997853696346283,3762_8_RF00050_8_NC_000913.3_3184369-3184918_ext_280-480_int_165_off_10_percentage_40_position_1-59 genomicbackground,3762,8,3762_8
query_3763,0,genomicbackground,1,riboswitch,0.9973892569541931,3763_8_RF00050_8_NC_000913.3_3184369-3184918_ext_280-480_int_165_off_15_percentage_36_position_1-54 genomicbackground,3763,8,3763_8
query_3764,0,genomicbackground,1,riboswitch,0.9862850904464722,3764_8_RF00050_8_NC_000913.3_3184369-3184918_ext_280-480_int_165_off_20_percentage_33_position_1-49 genomicbackground,3764,8,3764_8
query_3765,0,genomicbackground,1,riboswitch,0.9900139570236206,3765_8_RF00050_8_NC_000913.3_3184369-3184918_ext_280-480_int_165_off_25_percentage_30_position_1-44 genomicbackground,3765,8,3765_8
query_3766,0,genomicbackground,1,riboswitch,0.989799976348877,3766_8_RF00050_8_NC_000913.3_3184369-3184918_ext_280-480_int_165_off_30_percentage_26_position_1-39 genomicbackground,3766,8,3766_8
query_3767,0,genomicbackground,1,riboswitch,0.9915898442268372,3767_8_RF00050_8_NC_000913.3_3184369-3184918_ext_280-480_int_165_off_35_percentage_23_position_1-34 genomicbackground,3767,8,3767_8
query_3768,0,genomicbackground,1,riboswitch,0.9947342872619629,3768_8_RF00050_8_NC_000913.3_3184369-3184918_ext_280-480_int_170_off_0_percentage_46_position_1-69 genomicbackground,3768,8,3768_8
query_3769,0,genomicbackground,1,riboswitch,0.9960148334503174,3769_8_RF00050_8_NC_000913.3_3184369-3184918_ext_280-480_int_170_off_5_percentage_43_position_1-64 genomicbackground,3769,8,3769_8
query_3770,0,genomicbackground,1,riboswitch,0.9976853132247925,3770_8_RF00050_8_NC_000913.3_3184369-3184918_ext_280-480_int_170_off_10_percentage_40_position_1-59 genomicbackground,3770,8,3770_8
query_3771,0,genomicbackground,1,riboswitch,0.9974086880683899,3771_8_RF00050_8_NC_000913.3_3184369-3184918_ext_280-480_int_170_off_15_percentage_36_position_1-54 genomicbackground,3771,8,3771_8
query_3772,0,genomicbackground,1,riboswitch,0.9950714111328125,3772_8_RF00050_8_NC_000913.3_3184369-3184918_ext_280-480_int_170_off_20_percentage_33_position_1-49 genomicbackground,3772,8,3772_8
query_3773,0,genomicbackground,1,riboswitch,0.9883258938789368,3773_8_RF00050_8_NC_000913.3_3184369-3184918_ext_280-480_int_170_off_25_percentage_30_position_1-44 genomicbackground,3773,8,3773_8
query_3774,0,genomicbackground,1,riboswitch,0.9938847422599792,3774_8_RF00050_8_NC_000913.3_3184369-3184918_ext_280-480_int_170_off_30_percentage_26_position_1-39 genomicbackground,3774,8,3774_8
query_3775,0,genomicbackground,1,riboswitch,0.99505615234375,3775_8_RF00050_8_NC_000913.3_3184369-3184918_ext_280-480_int_175_off_0_percentage_46_position_1-69 genomicbackground,3775,8,3775_8
query_3776,0,genomicbackground,1,riboswitch,0.9955469369888306,3776_8_RF00050_8_NC_000913.3_3184369-3184918_ext_280-480_int_175_off_5_percentage_43_position_1-64 genomicbackground,3776,8,3776_8
query_3777,0,genomicbackground,1,riboswitch,0.9977784752845764,3777_8_RF00050_8_NC_000913.3_3184369-3184918_ext_280-480_int_175_off_10_percentage_40_position_1-59 genomicbackground,3777,8,3777_8
query_3778,0,genomicbackground,1,riboswitch,0.9978173971176147,3778_8_RF00050_8_NC_000913.3_3184369-3184918_ext_280-480_int_175_off_15_percentage_36_position_1-54 genomicbackground,3778,8,3778_8
query_3779,0,genomicbackground,1,riboswitch,0.9949411153793335,3779_8_RF00050_8_NC_000913.3_3184369-3184918_ext_280-480_int_175_off_20_percentage_33_position_1-49 genomicbackground,3779,8,3779_8
query_3780,0,genomicbackground,1,riboswitch,0.9903379678726196,3780_8_RF00050_8_NC_000913.3_3184369-3184918_ext_280-480_int_175_off_25_percentage_30_position_1-44 genomicbackground,3780,8,3780_8
query_3781,0,genomicbackground,1,riboswitch,0.9946203231811523,3781_8_RF00050_8_NC_000913.3_3184369-3184918_ext_280-480_int_180_off_0_percentage_46_position_1-69 genomicbackground,3781,8,3781_8
query_3782,0,genomicbackground,1,riboswitch,0.9974223375320435,3782_8_RF00050_8_NC_000913.3_3184369-3184918_ext_280-480_int_180_off_5_percentage_43_position_1-64 genomicbackground,3782,8,3782_8
query_3783,0,genomicbackground,1,riboswitch,0.9977881908416748,3783_8_RF00050_8_NC_000913.3_3184369-3184918_ext_280-480_int_180_off_10_percentage_40_position_1-59 genomicbackground,3783,8,3783_8
query_3784,0,genomicbackground,1,riboswitch,0.9977413415908813,3784_8_RF00050_8_NC_000913.3_3184369-3184918_ext_280-480_int_180_off_15_percentage_36_position_1-54 genomicbackground,3784,8,3784_8
query_3785,0,genomicbackground,1,riboswitch,0.9958077669143677,3785_8_RF00050_8_NC_000913.3_3184369-3184918_ext_280-480_int_180_off_20_percentage_33_position_1-49 genomicbackground,3785,8,3785_8
query_3786,0,genomicbackground,1,riboswitch,0.9968729615211487,3786_8_RF00050_8_NC_000913.3_3184369-3184918_ext_280-480_int_185_off_0_percentage_46_position_1-69 genomicbackground,3786,8,3786_8
query_3787,0,genomicbackground,1,riboswitch,0.9975341558456421,3787_8_RF00050_8_NC_000913.3_3184369-3184918_ext_280-480_int_185_off_5_percentage_43_position_1-64 genomicbackground,3787,8,3787_8
query_3788,0,genomicbackground,1,riboswitch,0.9974055886268616,3788_8_RF00050_8_NC_000913.3_3184369-3184918_ext_280-480_int_185_off_10_percentage_40_position_1-59 genomicbackground,3788,8,3788_8
query_3789,0,genomicbackground,1,riboswitch,0.9977970123291016,3789_8_RF00050_8_NC_000913.3_3184369-3184918_ext_280-480_int_185_off_15_percentage_36_position_1-54 genomicbackground,3789,8,3789_8
query_3790,0,genomicbackground,1,riboswitch,0.9969745874404907,3790_8_RF00050_8_NC_000913.3_3184369-3184918_ext_280-480_int_190_off_0_percentage_46_position_1-69 genomicbackground,3790,8,3790_8
query_3791,0,genomicbackground,1,riboswitch,0.9952783584594727,3791_8_RF00050_8_NC_000913.3_3184369-3184918_ext_280-480_int_190_off_5_percentage_43_position_1-64 genomicbackground,3791,8,3791_8
query_3792,0,genomicbackground,1,riboswitch,0.9973415732383728,3792_8_RF00050_8_NC_000913.3_3184369-3184918_ext_280-480_int_190_off_10_percentage_40_position_1-59 genomicbackground,3792,8,3792_8
query_3793,0,genomicbackground,1,riboswitch,0.9939070343971252,3793_8_RF00050_8_NC_000913.3_3184369-3184918_ext_280-480_int_195_off_0_percentage_46_position_1-69 genomicbackground,3793,8,3793_8
query_3794,0,genomicbackground,1,riboswitch,0.9958338737487793,3794_8_RF00050_8_NC_000913.3_3184369-3184918_ext_280-480_int_195_off_5_percentage_43_position_1-64 genomicbackground,3794,8,3794_8
query_3795,0,genomicbackground,1,riboswitch,0.9961532950401306,3795_8_RF00050_8_NC_000913.3_3184369-3184918_ext_280-480_int_200_off_0_percentage_46_position_1-69 genomicbackground,3795,8,3795_8
query_3796,0,genomicbackground,1,riboswitch,0.9865328073501587,3796_8_RF00050_8_NC_000913.3_3184369-3184918_ext_300-500_int_95_off_0_percentage_33_position_1-49 genomicbackground,3796,8,3796_8
query_3797,0,genomicbackground,1,riboswitch,0.9664480686187744,3797_8_RF00050_8_NC_000913.3_3184369-3184918_ext_300-500_int_95_off_5_percentage_30_position_1-44 genomicbackground,3797,8,3797_8
query_3798,0,genomicbackground,1,riboswitch,0.777371346950531,3798_8_RF00050_8_NC_000913.3_3184369-3184918_ext_300-500_int_95_off_10_percentage_26_position_1-39 genomicbackground,3798,8,3798_8
query_3799,0,genomicbackground,1,riboswitch,0.6870164275169373,3799_8_RF00050_8_NC_000913.3_3184369-3184918_ext_300-500_int_95_off_15_percentage_23_position_1-34 genomicbackground,3799,8,3799_8
query_3800,0,genomicbackground,1,riboswitch,0.6761297583580017,3800_8_RF00050_8_NC_000913.3_3184369-3184918_ext_300-500_int_95_off_20_percentage_19_position_1-29 genomicbackground,3800,8,3800_8
query_3801,0,genomicbackground,1,riboswitch,0.8525314927101135,3801_8_RF00050_8_NC_000913.3_3184369-3184918_ext_300-500_int_95_off_25_percentage_16_position_1-24 genomicbackground,3801,8,3801_8
query_3802,0,genomicbackground,1,riboswitch,0.9936310648918152,3802_8_RF00050_8_NC_000913.3_3184369-3184918_ext_300-500_int_95_off_30_percentage_13_position_1-19 genomicbackground,3802,8,3802_8
query_3803,0,genomicbackground,1,riboswitch,0.9825977683067322,3803_8_RF00050_8_NC_000913.3_3184369-3184918_ext_300-500_int_95_off_35_percentage_9_position_1-14 genomicbackground,3803,8,3803_8
query_3804,0,genomicbackground,0,genomicbackground,0.44896990060806274,3804_8_RF00050_8_NC_000913.3_3184369-3184918_ext_300-500_int_95_off_40_percentage_6_position_1-9 genomicbackground,3804,8,3804_8
query_3805,0,genomicbackground,0,genomicbackground,0.013132859952747822,3805_8_RF00050_8_NC_000913.3_3184369-3184918_ext_300-500_int_95_off_45_percentage_3_position_1-4 genomicbackground,3805,8,3805_8
query_3806,0,genomicbackground,0,genomicbackground,0.02613932080566883,3806_8_RF00050_8_NC_000913.3_3184369-3184918_ext_300-500_int_95_off_50_percentage_0_position_0-0 genomicbackground,3806,8,3806_8
query_3807,0,genomicbackground,0,genomicbackground,0.1473831832408905,3807_8_RF00050_8_NC_000913.3_3184369-3184918_ext_300-500_int_95_off_55_percentage_0_position_0-0 genomicbackground,3807,8,3807_8
query_3808,0,genomicbackground,0,genomicbackground,0.1307075470685959,3808_8_RF00050_8_NC_000913.3_3184369-3184918_ext_300-500_int_95_off_60_percentage_0_position_0-0 genomicbackground,3808,8,3808_8
query_3809,0,genomicbackground,0,genomicbackground,0.01173224113881588,3809_8_RF00050_8_NC_000913.3_3184369-3184918_ext_300-500_int_95_off_65_percentage_0_position_0-0 genomicbackground,3809,8,3809_8
query_3810,0,genomicbackground,0,genomicbackground,0.01962253265082836,3810_8_RF00050_8_NC_000913.3_3184369-3184918_ext_300-500_int_95_off_70_percentage_0_position_0-0 genomicbackground,3810,8,3810_8
query_3811,0,genomicbackground,0,genomicbackground,0.022200969979166985,3811_8_RF00050_8_NC_000913.3_3184369-3184918_ext_300-500_int_95_off_75_percentage_0_position_0-0 genomicbackground,3811,8,3811_8
query_3812,0,genomicbackground,0,genomicbackground,0.05590656399726868,3812_8_RF00050_8_NC_000913.3_3184369-3184918_ext_300-500_int_95_off_80_percentage_0_position_0-0 genomicbackground,3812,8,3812_8
query_3813,0,genomicbackground,0,genomicbackground,0.052105825394392014,3813_8_RF00050_8_NC_000913.3_3184369-3184918_ext_300-500_int_95_off_85_percentage_0_position_0-0 genomicbackground,3813,8,3813_8
query_3814,0,genomicbackground,1,riboswitch,0.7318738698959351,3814_8_RF00050_8_NC_000913.3_3184369-3184918_ext_300-500_int_95_off_90_percentage_0_position_0-0 genomicbackground,3814,8,3814_8
query_3815,0,genomicbackground,0,genomicbackground,0.05805888772010803,3815_8_RF00050_8_NC_000913.3_3184369-3184918_ext_300-500_int_95_off_95_percentage_0_position_0-0 genomicbackground,3815,8,3815_8
query_3816,0,genomicbackground,0,genomicbackground,0.08006401360034943,3816_8_RF00050_8_NC_000913.3_3184369-3184918_ext_300-500_int_95_off_100_percentage_0_position_0-0 genomicbackground,3816,8,3816_8
query_3817,0,genomicbackground,0,genomicbackground,0.012527740560472012,3817_8_RF00050_8_NC_000913.3_3184369-3184918_ext_300-500_int_95_off_105_percentage_0_position_0-0 genomicbackground,3817,8,3817_8
query_3818,0,genomicbackground,1,riboswitch,0.9855676889419556,3818_8_RF00050_8_NC_000913.3_3184369-3184918_ext_300-500_int_100_off_0_percentage_33_position_1-49 genomicbackground,3818,8,3818_8
query_3819,0,genomicbackground,1,riboswitch,0.8075336813926697,3819_8_RF00050_8_NC_000913.3_3184369-3184918_ext_300-500_int_100_off_5_percentage_30_position_1-44 genomicbackground,3819,8,3819_8
query_3820,0,genomicbackground,1,riboswitch,0.7472638487815857,3820_8_RF00050_8_NC_000913.3_3184369-3184918_ext_300-500_int_100_off_10_percentage_26_position_1-39 genomicbackground,3820,8,3820_8
query_3821,0,genomicbackground,1,riboswitch,0.8439518809318542,3821_8_RF00050_8_NC_000913.3_3184369-3184918_ext_300-500_int_100_off_15_percentage_23_position_1-34 genomicbackground,3821,8,3821_8
query_3822,0,genomicbackground,1,riboswitch,0.7497283220291138,3822_8_RF00050_8_NC_000913.3_3184369-3184918_ext_300-500_int_100_off_20_percentage_19_position_1-29 genomicbackground,3822,8,3822_8
query_3823,0,genomicbackground,1,riboswitch,0.9568620920181274,3823_8_RF00050_8_NC_000913.3_3184369-3184918_ext_300-500_int_100_off_25_percentage_16_position_1-24 genomicbackground,3823,8,3823_8
query_3824,0,genomicbackground,1,riboswitch,0.993543267250061,3824_8_RF00050_8_NC_000913.3_3184369-3184918_ext_300-500_int_100_off_30_percentage_13_position_1-19 genomicbackground,3824,8,3824_8
query_3825,0,genomicbackground,1,riboswitch,0.979933500289917,3825_8_RF00050_8_NC_000913.3_3184369-3184918_ext_300-500_int_100_off_35_percentage_9_position_1-14 genomicbackground,3825,8,3825_8
query_3826,0,genomicbackground,0,genomicbackground,0.06933560222387314,3826_8_RF00050_8_NC_000913.3_3184369-3184918_ext_300-500_int_100_off_40_percentage_6_position_1-9 genomicbackground,3826,8,3826_8
query_3827,0,genomicbackground,1,riboswitch,0.866111695766449,3827_8_RF00050_8_NC_000913.3_3184369-3184918_ext_300-500_int_100_off_45_percentage_3_position_1-4 genomicbackground,3827,8,3827_8
query_3828,0,genomicbackground,0,genomicbackground,0.027872391045093536,3828_8_RF00050_8_NC_000913.3_3184369-3184918_ext_300-500_int_100_off_50_percentage_0_position_0-0 genomicbackground,3828,8,3828_8
query_3829,0,genomicbackground,0,genomicbackground,0.1649937629699707,3829_8_RF00050_8_NC_000913.3_3184369-3184918_ext_300-500_int_100_off_55_percentage_0_position_0-0 genomicbackground,3829,8,3829_8
query_3830,0,genomicbackground,0,genomicbackground,0.06685000658035278,3830_8_RF00050_8_NC_000913.3_3184369-3184918_ext_300-500_int_100_off_60_percentage_0_position_0-0 genomicbackground,3830,8,3830_8
query_3831,0,genomicbackground,0,genomicbackground,0.011941052973270416,3831_8_RF00050_8_NC_000913.3_3184369-3184918_ext_300-500_int_100_off_65_percentage_0_position_0-0 genomicbackground,3831,8,3831_8
query_3832,0,genomicbackground,0,genomicbackground,0.019574502483010292,3832_8_RF00050_8_NC_000913.3_3184369-3184918_ext_300-500_int_100_off_70_percentage_0_position_0-0 genomicbackground,3832,8,3832_8
query_3833,0,genomicbackground,0,genomicbackground,0.020892495289444923,3833_8_RF00050_8_NC_000913.3_3184369-3184918_ext_300-500_int_100_off_75_percentage_0_position_0-0 genomicbackground,3833,8,3833_8
query_3834,0,genomicbackground,0,genomicbackground,0.06762238591909409,3834_8_RF00050_8_NC_000913.3_3184369-3184918_ext_300-500_int_100_off_80_percentage_0_position_0-0 genomicbackground,3834,8,3834_8
query_3835,0,genomicbackground,0,genomicbackground,0.47076648473739624,3835_8_RF00050_8_NC_000913.3_3184369-3184918_ext_300-500_int_100_off_85_percentage_0_position_0-0 genomicbackground,3835,8,3835_8
query_3836,0,genomicbackground,1,riboswitch,0.6029205918312073,3836_8_RF00050_8_NC_000913.3_3184369-3184918_ext_300-500_int_100_off_90_percentage_0_position_0-0 genomicbackground,3836,8,3836_8
query_3837,0,genomicbackground,0,genomicbackground,0.05975550785660744,3837_8_RF00050_8_NC_000913.3_3184369-3184918_ext_300-500_int_100_off_95_percentage_0_position_0-0 genomicbackground,3837,8,3837_8
query_3838,0,genomicbackground,0,genomicbackground,0.021290263161063194,3838_8_RF00050_8_NC_000913.3_3184369-3184918_ext_300-500_int_100_off_100_percentage_0_position_0-0 genomicbackground,3838,8,3838_8
query_3839,0,genomicbackground,1,riboswitch,0.8408704996109009,3839_8_RF00050_8_NC_000913.3_3184369-3184918_ext_300-500_int_105_off_0_percentage_33_position_1-49 genomicbackground,3839,8,3839_8
query_3840,0,genomicbackground,1,riboswitch,0.7717200517654419,3840_8_RF00050_8_NC_000913.3_3184369-3184918_ext_300-500_int_105_off_5_percentage_30_position_1-44 genomicbackground,3840,8,3840_8
query_3841,0,genomicbackground,1,riboswitch,0.7932806611061096,3841_8_RF00050_8_NC_000913.3_3184369-3184918_ext_300-500_int_105_off_10_percentage_26_position_1-39 genomicbackground,3841,8,3841_8
query_3842,0,genomicbackground,1,riboswitch,0.9118968844413757,3842_8_RF00050_8_NC_000913.3_3184369-3184918_ext_300-500_int_105_off_15_percentage_23_position_1-34 genomicbackground,3842,8,3842_8
query_3843,0,genomicbackground,1,riboswitch,0.7485007643699646,3843_8_RF00050_8_NC_000913.3_3184369-3184918_ext_300-500_int_105_off_20_percentage_19_position_1-29 genomicbackground,3843,8,3843_8
query_3844,0,genomicbackground,1,riboswitch,0.9679961204528809,3844_8_RF00050_8_NC_000913.3_3184369-3184918_ext_300-500_int_105_off_25_percentage_16_position_1-24 genomicbackground,3844,8,3844_8
query_3845,0,genomicbackground,1,riboswitch,0.9931214451789856,3845_8_RF00050_8_NC_000913.3_3184369-3184918_ext_300-500_int_105_off_30_percentage_13_position_1-19 genomicbackground,3845,8,3845_8
query_3846,0,genomicbackground,1,riboswitch,0.9804512858390808,3846_8_RF00050_8_NC_000913.3_3184369-3184918_ext_300-500_int_105_off_35_percentage_9_position_1-14 genomicbackground,3846,8,3846_8
query_3847,0,genomicbackground,1,riboswitch,0.5208227038383484,3847_8_RF00050_8_NC_000913.3_3184369-3184918_ext_300-500_int_105_off_40_percentage_6_position_1-9 genomicbackground,3847,8,3847_8
query_3848,0,genomicbackground,1,riboswitch,0.6563183069229126,3848_8_RF00050_8_NC_000913.3_3184369-3184918_ext_300-500_int_105_off_45_percentage_3_position_1-4 genomicbackground,3848,8,3848_8
query_3849,0,genomicbackground,0,genomicbackground,0.010357518680393696,3849_8_RF00050_8_NC_000913.3_3184369-3184918_ext_300-500_int_105_off_50_percentage_0_position_0-0 genomicbackground,3849,8,3849_8
query_3850,0,genomicbackground,0,genomicbackground,0.014579047448933125,3850_8_RF00050_8_NC_000913.3_3184369-3184918_ext_300-500_int_105_off_55_percentage_0_position_0-0 genomicbackground,3850,8,3850_8
query_3851,0,genomicbackground,0,genomicbackground,0.01287717092782259,3851_8_RF00050_8_NC_000913.3_3184369-3184918_ext_300-500_int_105_off_60_percentage_0_position_0-0 genomicbackground,3851,8,3851_8
query_3852,0,genomicbackground,0,genomicbackground,0.010989210568368435,3852_8_RF00050_8_NC_000913.3_3184369-3184918_ext_300-500_int_105_off_65_percentage_0_position_0-0 genomicbackground,3852,8,3852_8
query_3853,0,genomicbackground,0,genomicbackground,0.018691765144467354,3853_8_RF00050_8_NC_000913.3_3184369-3184918_ext_300-500_int_105_off_70_percentage_0_position_0-0 genomicbackground,3853,8,3853_8
query_3854,0,genomicbackground,0,genomicbackground,0.023370474576950073,3854_8_RF00050_8_NC_000913.3_3184369-3184918_ext_300-500_int_105_off_75_percentage_0_position_0-0 genomicbackground,3854,8,3854_8
query_3855,0,genomicbackground,0,genomicbackground,0.1229672059416771,3855_8_RF00050_8_NC_000913.3_3184369-3184918_ext_300-500_int_105_off_80_percentage_0_position_0-0 genomicbackground,3855,8,3855_8
query_3856,0,genomicbackground,0,genomicbackground,0.29800277948379517,3856_8_RF00050_8_NC_000913.3_3184369-3184918_ext_300-500_int_105_off_85_percentage_0_position_0-0 genomicbackground,3856,8,3856_8
query_3857,0,genomicbackground,1,riboswitch,0.6446760296821594,3857_8_RF00050_8_NC_000913.3_3184369-3184918_ext_300-500_int_105_off_90_percentage_0_position_0-0 genomicbackground,3857,8,3857_8
query_3858,0,genomicbackground,0,genomicbackground,0.02650260552763939,3858_8_RF00050_8_NC_000913.3_3184369-3184918_ext_300-500_int_105_off_95_percentage_0_position_0-0 genomicbackground,3858,8,3858_8
query_3859,0,genomicbackground,1,riboswitch,0.8114128708839417,3859_8_RF00050_8_NC_000913.3_3184369-3184918_ext_300-500_int_110_off_0_percentage_33_position_1-49 genomicbackground,3859,8,3859_8
query_3860,0,genomicbackground,1,riboswitch,0.8906161189079285,3860_8_RF00050_8_NC_000913.3_3184369-3184918_ext_300-500_int_110_off_5_percentage_30_position_1-44 genomicbackground,3860,8,3860_8
query_3861,0,genomicbackground,1,riboswitch,0.8772109746932983,3861_8_RF00050_8_NC_000913.3_3184369-3184918_ext_300-500_int_110_off_10_percentage_26_position_1-39 genomicbackground,3861,8,3861_8
query_3862,0,genomicbackground,1,riboswitch,0.917702853679657,3862_8_RF00050_8_NC_000913.3_3184369-3184918_ext_300-500_int_110_off_15_percentage_23_position_1-34 genomicbackground,3862,8,3862_8
query_3863,0,genomicbackground,1,riboswitch,0.8227235674858093,3863_8_RF00050_8_NC_000913.3_3184369-3184918_ext_300-500_int_110_off_20_percentage_19_position_1-29 genomicbackground,3863,8,3863_8
query_3864,0,genomicbackground,1,riboswitch,0.9757709503173828,3864_8_RF00050_8_NC_000913.3_3184369-3184918_ext_300-500_int_110_off_25_percentage_16_position_1-24 genomicbackground,3864,8,3864_8
query_3865,0,genomicbackground,1,riboswitch,0.9932668209075928,3865_8_RF00050_8_NC_000913.3_3184369-3184918_ext_300-500_int_110_off_30_percentage_13_position_1-19 genomicbackground,3865,8,3865_8
query_3866,0,genomicbackground,1,riboswitch,0.9852767586708069,3866_8_RF00050_8_NC_000913.3_3184369-3184918_ext_300-500_int_110_off_35_percentage_9_position_1-14 genomicbackground,3866,8,3866_8
query_3867,0,genomicbackground,0,genomicbackground,0.38502269983291626,3867_8_RF00050_8_NC_000913.3_3184369-3184918_ext_300-500_int_110_off_40_percentage_6_position_1-9 genomicbackground,3867,8,3867_8
query_3868,0,genomicbackground,0,genomicbackground,0.30827316641807556,3868_8_RF00050_8_NC_000913.3_3184369-3184918_ext_300-500_int_110_off_45_percentage_3_position_1-4 genomicbackground,3868,8,3868_8
query_3869,0,genomicbackground,0,genomicbackground,0.01694832742214203,3869_8_RF00050_8_NC_000913.3_3184369-3184918_ext_300-500_int_110_off_50_percentage_0_position_0-0 genomicbackground,3869,8,3869_8
query_3870,0,genomicbackground,0,genomicbackground,0.029332492500543594,3870_8_RF00050_8_NC_000913.3_3184369-3184918_ext_300-500_int_110_off_55_percentage_0_position_0-0 genomicbackground,3870,8,3870_8
query_3871,0,genomicbackground,0,genomicbackground,0.01258658803999424,3871_8_RF00050_8_NC_000913.3_3184369-3184918_ext_300-500_int_110_off_60_percentage_0_position_0-0 genomicbackground,3871,8,3871_8
query_3872,0,genomicbackground,0,genomicbackground,0.010596690699458122,3872_8_RF00050_8_NC_000913.3_3184369-3184918_ext_300-500_int_110_off_65_percentage_0_position_0-0 genomicbackground,3872,8,3872_8
query_3873,0,genomicbackground,0,genomicbackground,0.021050604060292244,3873_8_RF00050_8_NC_000913.3_3184369-3184918_ext_300-500_int_110_off_70_percentage_0_position_0-0 genomicbackground,3873,8,3873_8
query_3874,0,genomicbackground,0,genomicbackground,0.04614885523915291,3874_8_RF00050_8_NC_000913.3_3184369-3184918_ext_300-500_int_110_off_75_percentage_0_position_0-0 genomicbackground,3874,8,3874_8
query_3875,0,genomicbackground,0,genomicbackground,0.24639466404914856,3875_8_RF00050_8_NC_000913.3_3184369-3184918_ext_300-500_int_110_off_80_percentage_0_position_0-0 genomicbackground,3875,8,3875_8
query_3876,0,genomicbackground,0,genomicbackground,0.32466769218444824,3876_8_RF00050_8_NC_000913.3_3184369-3184918_ext_300-500_int_110_off_85_percentage_0_position_0-0 genomicbackground,3876,8,3876_8
query_3877,0,genomicbackground,0,genomicbackground,0.3599303364753723,3877_8_RF00050_8_NC_000913.3_3184369-3184918_ext_300-500_int_110_off_90_percentage_0_position_0-0 genomicbackground,3877,8,3877_8
query_3878,0,genomicbackground,1,riboswitch,0.8729075789451599,3878_8_RF00050_8_NC_000913.3_3184369-3184918_ext_300-500_int_115_off_0_percentage_33_position_1-49 genomicbackground,3878,8,3878_8
query_3879,0,genomicbackground,1,riboswitch,0.9836524724960327,3879_8_RF00050_8_NC_000913.3_3184369-3184918_ext_300-500_int_115_off_5_percentage_30_position_1-44 genomicbackground,3879,8,3879_8
query_3880,0,genomicbackground,1,riboswitch,0.9309854507446289,3880_8_RF00050_8_NC_000913.3_3184369-3184918_ext_300-500_int_115_off_10_percentage_26_position_1-39 genomicbackground,3880,8,3880_8
query_3881,0,genomicbackground,1,riboswitch,0.9578174948692322,3881_8_RF00050_8_NC_000913.3_3184369-3184918_ext_300-500_int_115_off_15_percentage_23_position_1-34 genomicbackground,3881,8,3881_8
query_3882,0,genomicbackground,1,riboswitch,0.8514647483825684,3882_8_RF00050_8_NC_000913.3_3184369-3184918_ext_300-500_int_115_off_20_percentage_19_position_1-29 genomicbackground,3882,8,3882_8
query_3883,0,genomicbackground,1,riboswitch,0.9878506064414978,3883_8_RF00050_8_NC_000913.3_3184369-3184918_ext_300-500_int_115_off_25_percentage_16_position_1-24 genomicbackground,3883,8,3883_8
query_3884,0,genomicbackground,1,riboswitch,0.9937591552734375,3884_8_RF00050_8_NC_000913.3_3184369-3184918_ext_300-500_int_115_off_30_percentage_13_position_1-19 genomicbackground,3884,8,3884_8
query_3885,0,genomicbackground,1,riboswitch,0.9887555241584778,3885_8_RF00050_8_NC_000913.3_3184369-3184918_ext_300-500_int_115_off_35_percentage_9_position_1-14 genomicbackground,3885,8,3885_8
query_3886,0,genomicbackground,0,genomicbackground,0.21518053114414215,3886_8_RF00050_8_NC_000913.3_3184369-3184918_ext_300-500_int_115_off_40_percentage_6_position_1-9 genomicbackground,3886,8,3886_8
query_3887,0,genomicbackground,0,genomicbackground,0.01143391989171505,3887_8_RF00050_8_NC_000913.3_3184369-3184918_ext_300-500_int_115_off_45_percentage_3_position_1-4 genomicbackground,3887,8,3887_8
query_3888,0,genomicbackground,0,genomicbackground,0.024270521476864815,3888_8_RF00050_8_NC_000913.3_3184369-3184918_ext_300-500_int_115_off_50_percentage_0_position_0-0 genomicbackground,3888,8,3888_8
query_3889,0,genomicbackground,0,genomicbackground,0.05169312655925751,3889_8_RF00050_8_NC_000913.3_3184369-3184918_ext_300-500_int_115_off_55_percentage_0_position_0-0 genomicbackground,3889,8,3889_8
query_3890,0,genomicbackground,0,genomicbackground,0.011968854814767838,3890_8_RF00050_8_NC_000913.3_3184369-3184918_ext_300-500_int_115_off_60_percentage_0_position_0-0 genomicbackground,3890,8,3890_8
query_3891,0,genomicbackground,0,genomicbackground,0.01138282846659422,3891_8_RF00050_8_NC_000913.3_3184369-3184918_ext_300-500_int_115_off_65_percentage_0_position_0-0 genomicbackground,3891,8,3891_8
query_3892,0,genomicbackground,0,genomicbackground,0.04379824921488762,3892_8_RF00050_8_NC_000913.3_3184369-3184918_ext_300-500_int_115_off_70_percentage_0_position_0-0 genomicbackground,3892,8,3892_8
query_3893,0,genomicbackground,0,genomicbackground,0.08533434569835663,3893_8_RF00050_8_NC_000913.3_3184369-3184918_ext_300-500_int_115_off_75_percentage_0_position_0-0 genomicbackground,3893,8,3893_8
query_3894,0,genomicbackground,0,genomicbackground,0.2721691429615021,3894_8_RF00050_8_NC_000913.3_3184369-3184918_ext_300-500_int_115_off_80_percentage_0_position_0-0 genomicbackground,3894,8,3894_8
query_3895,0,genomicbackground,0,genomicbackground,0.028186731040477753,3895_8_RF00050_8_NC_000913.3_3184369-3184918_ext_300-500_int_115_off_85_percentage_0_position_0-0 genomicbackground,3895,8,3895_8
query_3896,0,genomicbackground,1,riboswitch,0.9761764407157898,3896_8_RF00050_8_NC_000913.3_3184369-3184918_ext_300-500_int_120_off_0_percentage_33_position_1-49 genomicbackground,3896,8,3896_8
query_3897,0,genomicbackground,1,riboswitch,0.9906846284866333,3897_8_RF00050_8_NC_000913.3_3184369-3184918_ext_300-500_int_120_off_5_percentage_30_position_1-44 genomicbackground,3897,8,3897_8
query_3898,0,genomicbackground,1,riboswitch,0.9257655739784241,3898_8_RF00050_8_NC_000913.3_3184369-3184918_ext_300-500_int_120_off_10_percentage_26_position_1-39 genomicbackground,3898,8,3898_8
query_3899,0,genomicbackground,1,riboswitch,0.9693971276283264,3899_8_RF00050_8_NC_000913.3_3184369-3184918_ext_300-500_int_120_off_15_percentage_23_position_1-34 genomicbackground,3899,8,3899_8
query_3900,0,genomicbackground,1,riboswitch,0.8812142610549927,3900_8_RF00050_8_NC_000913.3_3184369-3184918_ext_300-500_int_120_off_20_percentage_19_position_1-29 genomicbackground,3900,8,3900_8
query_3901,0,genomicbackground,1,riboswitch,0.9826819896697998,3901_8_RF00050_8_NC_000913.3_3184369-3184918_ext_300-500_int_120_off_25_percentage_16_position_1-24 genomicbackground,3901,8,3901_8
query_3902,0,genomicbackground,1,riboswitch,0.9942375421524048,3902_8_RF00050_8_NC_000913.3_3184369-3184918_ext_300-500_int_120_off_30_percentage_13_position_1-19 genomicbackground,3902,8,3902_8
query_3903,0,genomicbackground,1,riboswitch,0.9910054206848145,3903_8_RF00050_8_NC_000913.3_3184369-3184918_ext_300-500_int_120_off_35_percentage_9_position_1-14 genomicbackground,3903,8,3903_8
query_3904,0,genomicbackground,0,genomicbackground,0.03876429796218872,3904_8_RF00050_8_NC_000913.3_3184369-3184918_ext_300-500_int_120_off_40_percentage_6_position_1-9 genomicbackground,3904,8,3904_8
query_3905,0,genomicbackground,0,genomicbackground,0.01694648340344429,3905_8_RF00050_8_NC_000913.3_3184369-3184918_ext_300-500_int_120_off_45_percentage_3_position_1-4 genomicbackground,3905,8,3905_8
query_3906,0,genomicbackground,0,genomicbackground,0.029281267896294594,3906_8_RF00050_8_NC_000913.3_3184369-3184918_ext_300-500_int_120_off_50_percentage_0_position_0-0 genomicbackground,3906,8,3906_8
query_3907,0,genomicbackground,0,genomicbackground,0.0349072702229023,3907_8_RF00050_8_NC_000913.3_3184369-3184918_ext_300-500_int_120_off_55_percentage_0_position_0-0 genomicbackground,3907,8,3907_8
query_3908,0,genomicbackground,0,genomicbackground,0.012464103288948536,3908_8_RF00050_8_NC_000913.3_3184369-3184918_ext_300-500_int_120_off_60_percentage_0_position_0-0 genomicbackground,3908,8,3908_8
query_3909,0,genomicbackground,0,genomicbackground,0.01965978927910328,3909_8_RF00050_8_NC_000913.3_3184369-3184918_ext_300-500_int_120_off_65_percentage_0_position_0-0 genomicbackground,3909,8,3909_8
query_3910,0,genomicbackground,0,genomicbackground,0.08737598359584808,3910_8_RF00050_8_NC_000913.3_3184369-3184918_ext_300-500_int_120_off_70_percentage_0_position_0-0 genomicbackground,3910,8,3910_8
query_3911,0,genomicbackground,0,genomicbackground,0.18566358089447021,3911_8_RF00050_8_NC_000913.3_3184369-3184918_ext_300-500_int_120_off_75_percentage_0_position_0-0 genomicbackground,3911,8,3911_8
query_3912,0,genomicbackground,0,genomicbackground,0.02324758470058441,3912_8_RF00050_8_NC_000913.3_3184369-3184918_ext_300-500_int_120_off_80_percentage_0_position_0-0 genomicbackground,3912,8,3912_8
query_3913,0,genomicbackground,1,riboswitch,0.9885050654411316,3913_8_RF00050_8_NC_000913.3_3184369-3184918_ext_300-500_int_125_off_0_percentage_33_position_1-49 genomicbackground,3913,8,3913_8
query_3914,0,genomicbackground,1,riboswitch,0.9907034635543823,3914_8_RF00050_8_NC_000913.3_3184369-3184918_ext_300-500_int_125_off_5_percentage_30_position_1-44 genomicbackground,3914,8,3914_8
query_3915,0,genomicbackground,1,riboswitch,0.9478294253349304,3915_8_RF00050_8_NC_000913.3_3184369-3184918_ext_300-500_int_125_off_10_percentage_26_position_1-39 genomicbackground,3915,8,3915_8
query_3916,0,genomicbackground,1,riboswitch,0.9754087328910828,3916_8_RF00050_8_NC_000913.3_3184369-3184918_ext_300-500_int_125_off_15_percentage_23_position_1-34 genomicbackground,3916,8,3916_8
query_3917,0,genomicbackground,1,riboswitch,0.9455382227897644,3917_8_RF00050_8_NC_000913.3_3184369-3184918_ext_300-500_int_125_off_20_percentage_19_position_1-29 genomicbackground,3917,8,3917_8
query_3918,0,genomicbackground,1,riboswitch,0.9888738393783569,3918_8_RF00050_8_NC_000913.3_3184369-3184918_ext_300-500_int_125_off_25_percentage_16_position_1-24 genomicbackground,3918,8,3918_8
query_3919,0,genomicbackground,1,riboswitch,0.99052494764328,3919_8_RF00050_8_NC_000913.3_3184369-3184918_ext_300-500_int_125_off_30_percentage_13_position_1-19 genomicbackground,3919,8,3919_8
query_3920,0,genomicbackground,0,genomicbackground,0.2906825840473175,3920_8_RF00050_8_NC_000913.3_3184369-3184918_ext_300-500_int_125_off_35_percentage_9_position_1-14 genomicbackground,3920,8,3920_8
query_3921,0,genomicbackground,0,genomicbackground,0.034428372979164124,3921_8_RF00050_8_NC_000913.3_3184369-3184918_ext_300-500_int_125_off_40_percentage_6_position_1-9 genomicbackground,3921,8,3921_8
query_3922,0,genomicbackground,0,genomicbackground,0.02128330059349537,3922_8_RF00050_8_NC_000913.3_3184369-3184918_ext_300-500_int_125_off_45_percentage_3_position_1-4 genomicbackground,3922,8,3922_8
query_3923,0,genomicbackground,0,genomicbackground,0.02486584521830082,3923_8_RF00050_8_NC_000913.3_3184369-3184918_ext_300-500_int_125_off_50_percentage_0_position_0-0 genomicbackground,3923,8,3923_8
query_3924,0,genomicbackground,0,genomicbackground,0.036871932446956635,3924_8_RF00050_8_NC_000913.3_3184369-3184918_ext_300-500_int_125_off_55_percentage_0_position_0-0 genomicbackground,3924,8,3924_8
query_3925,0,genomicbackground,0,genomicbackground,0.020865101367235184,3925_8_RF00050_8_NC_000913.3_3184369-3184918_ext_300-500_int_125_off_60_percentage_0_position_0-0 genomicbackground,3925,8,3925_8
query_3926,0,genomicbackground,0,genomicbackground,0.016877856105566025,3926_8_RF00050_8_NC_000913.3_3184369-3184918_ext_300-500_int_125_off_65_percentage_0_position_0-0 genomicbackground,3926,8,3926_8
query_3927,0,genomicbackground,0,genomicbackground,0.08920370787382126,3927_8_RF00050_8_NC_000913.3_3184369-3184918_ext_300-500_int_125_off_70_percentage_0_position_0-0 genomicbackground,3927,8,3927_8
query_3928,0,genomicbackground,0,genomicbackground,0.051635872572660446,3928_8_RF00050_8_NC_000913.3_3184369-3184918_ext_300-500_int_125_off_75_percentage_0_position_0-0 genomicbackground,3928,8,3928_8
query_3929,0,genomicbackground,1,riboswitch,0.9902831315994263,3929_8_RF00050_8_NC_000913.3_3184369-3184918_ext_300-500_int_130_off_0_percentage_33_position_1-49 genomicbackground,3929,8,3929_8
query_3930,0,genomicbackground,1,riboswitch,0.9915388226509094,3930_8_RF00050_8_NC_000913.3_3184369-3184918_ext_300-500_int_130_off_5_percentage_30_position_1-44 genomicbackground,3930,8,3930_8
query_3931,0,genomicbackground,1,riboswitch,0.9733811020851135,3931_8_RF00050_8_NC_000913.3_3184369-3184918_ext_300-500_int_130_off_10_percentage_26_position_1-39 genomicbackground,3931,8,3931_8
query_3932,0,genomicbackground,1,riboswitch,0.9880984425544739,3932_8_RF00050_8_NC_000913.3_3184369-3184918_ext_300-500_int_130_off_15_percentage_23_position_1-34 genomicbackground,3932,8,3932_8
query_3933,0,genomicbackground,1,riboswitch,0.9636422395706177,3933_8_RF00050_8_NC_000913.3_3184369-3184918_ext_300-500_int_130_off_20_percentage_19_position_1-29 genomicbackground,3933,8,3933_8
query_3934,0,genomicbackground,1,riboswitch,0.9878316521644592,3934_8_RF00050_8_NC_000913.3_3184369-3184918_ext_300-500_int_130_off_25_percentage_16_position_1-24 genomicbackground,3934,8,3934_8
query_3935,0,genomicbackground,1,riboswitch,0.9139267206192017,3935_8_RF00050_8_NC_000913.3_3184369-3184918_ext_300-500_int_130_off_30_percentage_13_position_1-19 genomicbackground,3935,8,3935_8
query_3936,0,genomicbackground,0,genomicbackground,0.28013020753860474,3936_8_RF00050_8_NC_000913.3_3184369-3184918_ext_300-500_int_130_off_35_percentage_9_position_1-14 genomicbackground,3936,8,3936_8
query_3937,0,genomicbackground,0,genomicbackground,0.044010259211063385,3937_8_RF00050_8_NC_000913.3_3184369-3184918_ext_300-500_int_130_off_40_percentage_6_position_1-9 genomicbackground,3937,8,3937_8
query_3938,0,genomicbackground,0,genomicbackground,0.019493671134114265,3938_8_RF00050_8_NC_000913.3_3184369-3184918_ext_300-500_int_130_off_45_percentage_3_position_1-4 genomicbackground,3938,8,3938_8
query_3939,0,genomicbackground,0,genomicbackground,0.02782406099140644,3939_8_RF00050_8_NC_000913.3_3184369-3184918_ext_300-500_int_130_off_50_percentage_0_position_0-0 genomicbackground,3939,8,3939_8
query_3940,0,genomicbackground,0,genomicbackground,0.19696007668972015,3940_8_RF00050_8_NC_000913.3_3184369-3184918_ext_300-500_int_130_off_55_percentage_0_position_0-0 genomicbackground,3940,8,3940_8
query_3941,0,genomicbackground,0,genomicbackground,0.017324980348348618,3941_8_RF00050_8_NC_000913.3_3184369-3184918_ext_300-500_int_130_off_60_percentage_0_position_0-0 genomicbackground,3941,8,3941_8
query_3942,0,genomicbackground,0,genomicbackground,0.018486538901925087,3942_8_RF00050_8_NC_000913.3_3184369-3184918_ext_300-500_int_130_off_65_percentage_0_position_0-0 genomicbackground,3942,8,3942_8
query_3943,0,genomicbackground,0,genomicbackground,0.1835024356842041,3943_8_RF00050_8_NC_000913.3_3184369-3184918_ext_300-500_int_130_off_70_percentage_0_position_0-0 genomicbackground,3943,8,3943_8
query_3944,0,genomicbackground,1,riboswitch,0.9925649166107178,3944_8_RF00050_8_NC_000913.3_3184369-3184918_ext_300-500_int_135_off_0_percentage_33_position_1-49 genomicbackground,3944,8,3944_8
query_3945,0,genomicbackground,1,riboswitch,0.9930738210678101,3945_8_RF00050_8_NC_000913.3_3184369-3184918_ext_300-500_int_135_off_5_percentage_30_position_1-44 genomicbackground,3945,8,3945_8
query_3946,0,genomicbackground,1,riboswitch,0.981029212474823,3946_8_RF00050_8_NC_000913.3_3184369-3184918_ext_300-500_int_135_off_10_percentage_26_position_1-39 genomicbackground,3946,8,3946_8
query_3947,0,genomicbackground,1,riboswitch,0.989874005317688,3947_8_RF00050_8_NC_000913.3_3184369-3184918_ext_300-500_int_135_off_15_percentage_23_position_1-34 genomicbackground,3947,8,3947_8
query_3948,0,genomicbackground,1,riboswitch,0.9633718132972717,3948_8_RF00050_8_NC_000913.3_3184369-3184918_ext_300-500_int_135_off_20_percentage_19_position_1-29 genomicbackground,3948,8,3948_8
query_3949,0,genomicbackground,1,riboswitch,0.851837694644928,3949_8_RF00050_8_NC_000913.3_3184369-3184918_ext_300-500_int_135_off_25_percentage_16_position_1-24 genomicbackground,3949,8,3949_8
query_3950,0,genomicbackground,1,riboswitch,0.9324924349784851,3950_8_RF00050_8_NC_000913.3_3184369-3184918_ext_300-500_int_135_off_30_percentage_13_position_1-19 genomicbackground,3950,8,3950_8
query_3951,0,genomicbackground,1,riboswitch,0.5530116558074951,3951_8_RF00050_8_NC_000913.3_3184369-3184918_ext_300-500_int_135_off_35_percentage_9_position_1-14 genomicbackground,3951,8,3951_8
query_3952,0,genomicbackground,0,genomicbackground,0.0406859926879406,3952_8_RF00050_8_NC_000913.3_3184369-3184918_ext_300-500_int_135_off_40_percentage_6_position_1-9 genomicbackground,3952,8,3952_8
query_3953,0,genomicbackground,0,genomicbackground,0.018767129629850388,3953_8_RF00050_8_NC_000913.3_3184369-3184918_ext_300-500_int_135_off_45_percentage_3_position_1-4 genomicbackground,3953,8,3953_8
query_3954,0,genomicbackground,0,genomicbackground,0.08864862471818924,3954_8_RF00050_8_NC_000913.3_3184369-3184918_ext_300-500_int_135_off_50_percentage_0_position_0-0 genomicbackground,3954,8,3954_8
query_3955,0,genomicbackground,0,genomicbackground,0.35513877868652344,3955_8_RF00050_8_NC_000913.3_3184369-3184918_ext_300-500_int_135_off_55_percentage_0_position_0-0 genomicbackground,3955,8,3955_8
query_3956,0,genomicbackground,0,genomicbackground,0.01901804842054844,3956_8_RF00050_8_NC_000913.3_3184369-3184918_ext_300-500_int_135_off_60_percentage_0_position_0-0 genomicbackground,3956,8,3956_8
query_3957,0,genomicbackground,0,genomicbackground,0.03206759691238403,3957_8_RF00050_8_NC_000913.3_3184369-3184918_ext_300-500_int_135_off_65_percentage_0_position_0-0 genomicbackground,3957,8,3957_8
query_3958,0,genomicbackground,1,riboswitch,0.9940263032913208,3958_8_RF00050_8_NC_000913.3_3184369-3184918_ext_300-500_int_140_off_0_percentage_33_position_1-49 genomicbackground,3958,8,3958_8
query_3959,0,genomicbackground,1,riboswitch,0.9926202893257141,3959_8_RF00050_8_NC_000913.3_3184369-3184918_ext_300-500_int_140_off_5_percentage_30_position_1-44 genomicbackground,3959,8,3959_8
query_3960,0,genomicbackground,1,riboswitch,0.9879899621009827,3960_8_RF00050_8_NC_000913.3_3184369-3184918_ext_300-500_int_140_off_10_percentage_26_position_1-39 genomicbackground,3960,8,3960_8
query_3961,0,genomicbackground,1,riboswitch,0.9928385615348816,3961_8_RF00050_8_NC_000913.3_3184369-3184918_ext_300-500_int_140_off_15_percentage_23_position_1-34 genomicbackground,3961,8,3961_8
query_3962,0,genomicbackground,1,riboswitch,0.9098725318908691,3962_8_RF00050_8_NC_000913.3_3184369-3184918_ext_300-500_int_140_off_20_percentage_19_position_1-29 genomicbackground,3962,8,3962_8
query_3963,0,genomicbackground,1,riboswitch,0.8965898752212524,3963_8_RF00050_8_NC_000913.3_3184369-3184918_ext_300-500_int_140_off_25_percentage_16_position_1-24 genomicbackground,3963,8,3963_8
query_3964,0,genomicbackground,1,riboswitch,0.9323864579200745,3964_8_RF00050_8_NC_000913.3_3184369-3184918_ext_300-500_int_140_off_30_percentage_13_position_1-19 genomicbackground,3964,8,3964_8
query_3965,0,genomicbackground,0,genomicbackground,0.39122167229652405,3965_8_RF00050_8_NC_000913.3_3184369-3184918_ext_300-500_int_140_off_35_percentage_9_position_1-14 genomicbackground,3965,8,3965_8
query_3966,0,genomicbackground,0,genomicbackground,0.03995941951870918,3966_8_RF00050_8_NC_000913.3_3184369-3184918_ext_300-500_int_140_off_40_percentage_6_position_1-9 genomicbackground,3966,8,3966_8
query_3967,0,genomicbackground,0,genomicbackground,0.020106764510273933,3967_8_RF00050_8_NC_000913.3_3184369-3184918_ext_300-500_int_140_off_45_percentage_3_position_1-4 genomicbackground,3967,8,3967_8
query_3968,0,genomicbackground,0,genomicbackground,0.17207731306552887,3968_8_RF00050_8_NC_000913.3_3184369-3184918_ext_300-500_int_140_off_50_percentage_0_position_0-0 genomicbackground,3968,8,3968_8
query_3969,0,genomicbackground,0,genomicbackground,0.24121205508708954,3969_8_RF00050_8_NC_000913.3_3184369-3184918_ext_300-500_int_140_off_55_percentage_0_position_0-0 genomicbackground,3969,8,3969_8
query_3970,0,genomicbackground,0,genomicbackground,0.03483970835804939,3970_8_RF00050_8_NC_000913.3_3184369-3184918_ext_300-500_int_140_off_60_percentage_0_position_0-0 genomicbackground,3970,8,3970_8
query_3971,0,genomicbackground,1,riboswitch,0.9956613183021545,3971_8_RF00050_8_NC_000913.3_3184369-3184918_ext_300-500_int_145_off_0_percentage_33_position_1-49 genomicbackground,3971,8,3971_8
query_3972,0,genomicbackground,1,riboswitch,0.9943673014640808,3972_8_RF00050_8_NC_000913.3_3184369-3184918_ext_300-500_int_145_off_5_percentage_30_position_1-44 genomicbackground,3972,8,3972_8
query_3973,0,genomicbackground,1,riboswitch,0.9881168603897095,3973_8_RF00050_8_NC_000913.3_3184369-3184918_ext_300-500_int_145_off_10_percentage_26_position_1-39 genomicbackground,3973,8,3973_8
query_3974,0,genomicbackground,1,riboswitch,0.9818428158760071,3974_8_RF00050_8_NC_000913.3_3184369-3184918_ext_300-500_int_145_off_15_percentage_23_position_1-34 genomicbackground,3974,8,3974_8
query_3975,0,genomicbackground,1,riboswitch,0.9406768679618835,3975_8_RF00050_8_NC_000913.3_3184369-3184918_ext_300-500_int_145_off_20_percentage_19_position_1-29 genomicbackground,3975,8,3975_8
query_3976,0,genomicbackground,1,riboswitch,0.9865376949310303,3976_8_RF00050_8_NC_000913.3_3184369-3184918_ext_300-500_int_145_off_25_percentage_16_position_1-24 genomicbackground,3976,8,3976_8
query_3977,0,genomicbackground,1,riboswitch,0.9526812434196472,3977_8_RF00050_8_NC_000913.3_3184369-3184918_ext_300-500_int_145_off_30_percentage_13_position_1-19 genomicbackground,3977,8,3977_8
query_3978,0,genomicbackground,0,genomicbackground,0.4331623613834381,3978_8_RF00050_8_NC_000913.3_3184369-3184918_ext_300-500_int_145_off_35_percentage_9_position_1-14 genomicbackground,3978,8,3978_8
query_3979,0,genomicbackground,0,genomicbackground,0.038300223648548126,3979_8_RF00050_8_NC_000913.3_3184369-3184918_ext_300-500_int_145_off_40_percentage_6_position_1-9 genomicbackground,3979,8,3979_8
query_3980,0,genomicbackground,0,genomicbackground,0.021682456135749817,3980_8_RF00050_8_NC_000913.3_3184369-3184918_ext_300-500_int_145_off_45_percentage_3_position_1-4 genomicbackground,3980,8,3980_8
query_3981,0,genomicbackground,0,genomicbackground,0.14384756982326508,3981_8_RF00050_8_NC_000913.3_3184369-3184918_ext_300-500_int_145_off_50_percentage_0_position_0-0 genomicbackground,3981,8,3981_8
query_3982,0,genomicbackground,0,genomicbackground,0.20321932435035706,3982_8_RF00050_8_NC_000913.3_3184369-3184918_ext_300-500_int_145_off_55_percentage_0_position_0-0 genomicbackground,3982,8,3982_8
query_3983,0,genomicbackground,1,riboswitch,0.9961703419685364,3983_8_RF00050_8_NC_000913.3_3184369-3184918_ext_300-500_int_150_off_0_percentage_33_position_1-49 genomicbackground,3983,8,3983_8
query_3984,0,genomicbackground,1,riboswitch,0.9928228855133057,3984_8_RF00050_8_NC_000913.3_3184369-3184918_ext_300-500_int_150_off_5_percentage_30_position_1-44 genomicbackground,3984,8,3984_8
query_3985,0,genomicbackground,1,riboswitch,0.9933274984359741,3985_8_RF00050_8_NC_000913.3_3184369-3184918_ext_300-500_int_150_off_10_percentage_26_position_1-39 genomicbackground,3985,8,3985_8
query_3986,0,genomicbackground,1,riboswitch,0.989188015460968,3986_8_RF00050_8_NC_000913.3_3184369-3184918_ext_300-500_int_150_off_15_percentage_23_position_1-34 genomicbackground,3986,8,3986_8
query_3987,0,genomicbackground,1,riboswitch,0.9697050452232361,3987_8_RF00050_8_NC_000913.3_3184369-3184918_ext_300-500_int_150_off_20_percentage_19_position_1-29 genomicbackground,3987,8,3987_8
query_3988,0,genomicbackground,1,riboswitch,0.9900273680686951,3988_8_RF00050_8_NC_000913.3_3184369-3184918_ext_300-500_int_150_off_25_percentage_16_position_1-24 genomicbackground,3988,8,3988_8
query_3989,0,genomicbackground,1,riboswitch,0.9694634079933167,3989_8_RF00050_8_NC_000913.3_3184369-3184918_ext_300-500_int_150_off_30_percentage_13_position_1-19 genomicbackground,3989,8,3989_8
query_3990,0,genomicbackground,1,riboswitch,0.5731446146965027,3990_8_RF00050_8_NC_000913.3_3184369-3184918_ext_300-500_int_150_off_35_percentage_9_position_1-14 genomicbackground,3990,8,3990_8
query_3991,0,genomicbackground,0,genomicbackground,0.04634421318769455,3991_8_RF00050_8_NC_000913.3_3184369-3184918_ext_300-500_int_150_off_40_percentage_6_position_1-9 genomicbackground,3991,8,3991_8
query_3992,0,genomicbackground,0,genomicbackground,0.021662412211298943,3992_8_RF00050_8_NC_000913.3_3184369-3184918_ext_300-500_int_150_off_45_percentage_3_position_1-4 genomicbackground,3992,8,3992_8
query_3993,0,genomicbackground,0,genomicbackground,0.13227827847003937,3993_8_RF00050_8_NC_000913.3_3184369-3184918_ext_300-500_int_150_off_50_percentage_0_position_0-0 genomicbackground,3993,8,3993_8
query_3994,0,genomicbackground,1,riboswitch,0.9932788014411926,3994_8_RF00050_8_NC_000913.3_3184369-3184918_ext_300-500_int_155_off_0_percentage_33_position_1-49 genomicbackground,3994,8,3994_8
query_3995,0,genomicbackground,1,riboswitch,0.9912332892417908,3995_8_RF00050_8_NC_000913.3_3184369-3184918_ext_300-500_int_155_off_5_percentage_30_position_1-44 genomicbackground,3995,8,3995_8
query_3996,0,genomicbackground,1,riboswitch,0.9936639070510864,3996_8_RF00050_8_NC_000913.3_3184369-3184918_ext_300-500_int_155_off_10_percentage_26_position_1-39 genomicbackground,3996,8,3996_8
query_3997,0,genomicbackground,1,riboswitch,0.9797833561897278,3997_8_RF00050_8_NC_000913.3_3184369-3184918_ext_300-500_int_155_off_15_percentage_23_position_1-34 genomicbackground,3997,8,3997_8
query_3998,0,genomicbackground,1,riboswitch,0.9686048626899719,3998_8_RF00050_8_NC_000913.3_3184369-3184918_ext_300-500_int_155_off_20_percentage_19_position_1-29 genomicbackground,3998,8,3998_8
query_3999,0,genomicbackground,1,riboswitch,0.9951825737953186,3999_8_RF00050_8_NC_000913.3_3184369-3184918_ext_300-500_int_155_off_25_percentage_16_position_1-24 genomicbackground,3999,8,3999_8
query_4000,0,genomicbackground,1,riboswitch,0.9703612327575684,4000_8_RF00050_8_NC_000913.3_3184369-3184918_ext_300-500_int_155_off_30_percentage_13_position_1-19 genomicbackground,4000,8,4000_8
query_4001,0,genomicbackground,0,genomicbackground,0.17327329516410828,4001_8_RF00050_8_NC_000913.3_3184369-3184918_ext_300-500_int_155_off_35_percentage_9_position_1-14 genomicbackground,4001,8,4001_8
query_4002,0,genomicbackground,0,genomicbackground,0.045869648456573486,4002_8_RF00050_8_NC_000913.3_3184369-3184918_ext_300-500_int_155_off_40_percentage_6_position_1-9 genomicbackground,4002,8,4002_8
query_4003,0,genomicbackground,0,genomicbackground,0.01717408187687397,4003_8_RF00050_8_NC_000913.3_3184369-3184918_ext_300-500_int_155_off_45_percentage_3_position_1-4 genomicbackground,4003,8,4003_8
query_4004,0,genomicbackground,1,riboswitch,0.9720764756202698,4004_8_RF00050_8_NC_000913.3_3184369-3184918_ext_300-500_int_160_off_0_percentage_33_position_1-49 genomicbackground,4004,8,4004_8
query_4005,0,genomicbackground,1,riboswitch,0.9771395325660706,4005_8_RF00050_8_NC_000913.3_3184369-3184918_ext_300-500_int_160_off_5_percentage_30_position_1-44 genomicbackground,4005,8,4005_8
query_4006,0,genomicbackground,1,riboswitch,0.9948604702949524,4006_8_RF00050_8_NC_000913.3_3184369-3184918_ext_300-500_int_160_off_10_percentage_26_position_1-39 genomicbackground,4006,8,4006_8
query_4007,0,genomicbackground,1,riboswitch,0.979574978351593,4007_8_RF00050_8_NC_000913.3_3184369-3184918_ext_300-500_int_160_off_15_percentage_23_position_1-34 genomicbackground,4007,8,4007_8
query_4008,0,genomicbackground,1,riboswitch,0.9807040691375732,4008_8_RF00050_8_NC_000913.3_3184369-3184918_ext_300-500_int_160_off_20_percentage_19_position_1-29 genomicbackground,4008,8,4008_8
query_4009,0,genomicbackground,1,riboswitch,0.9907718896865845,4009_8_RF00050_8_NC_000913.3_3184369-3184918_ext_300-500_int_160_off_25_percentage_16_position_1-24 genomicbackground,4009,8,4009_8
query_4010,0,genomicbackground,1,riboswitch,0.9629845023155212,4010_8_RF00050_8_NC_000913.3_3184369-3184918_ext_300-500_int_160_off_30_percentage_13_position_1-19 genomicbackground,4010,8,4010_8
query_4011,0,genomicbackground,0,genomicbackground,0.15822987258434296,4011_8_RF00050_8_NC_000913.3_3184369-3184918_ext_300-500_int_160_off_35_percentage_9_position_1-14 genomicbackground,4011,8,4011_8
query_4012,0,genomicbackground,0,genomicbackground,0.10440339148044586,4012_8_RF00050_8_NC_000913.3_3184369-3184918_ext_300-500_int_160_off_40_percentage_6_position_1-9 genomicbackground,4012,8,4012_8
query_4013,0,genomicbackground,1,riboswitch,0.9862850904464722,4013_8_RF00050_8_NC_000913.3_3184369-3184918_ext_300-500_int_165_off_0_percentage_33_position_1-49 genomicbackground,4013,8,4013_8
query_4014,0,genomicbackground,1,riboswitch,0.9900139570236206,4014_8_RF00050_8_NC_000913.3_3184369-3184918_ext_300-500_int_165_off_5_percentage_30_position_1-44 genomicbackground,4014,8,4014_8
query_4015,0,genomicbackground,1,riboswitch,0.989799976348877,4015_8_RF00050_8_NC_000913.3_3184369-3184918_ext_300-500_int_165_off_10_percentage_26_position_1-39 genomicbackground,4015,8,4015_8
query_4016,0,genomicbackground,1,riboswitch,0.9915898442268372,4016_8_RF00050_8_NC_000913.3_3184369-3184918_ext_300-500_int_165_off_15_percentage_23_position_1-34 genomicbackground,4016,8,4016_8
query_4017,0,genomicbackground,1,riboswitch,0.9914759993553162,4017_8_RF00050_8_NC_000913.3_3184369-3184918_ext_300-500_int_165_off_20_percentage_19_position_1-29 genomicbackground,4017,8,4017_8
query_4018,0,genomicbackground,1,riboswitch,0.992780864238739,4018_8_RF00050_8_NC_000913.3_3184369-3184918_ext_300-500_int_165_off_25_percentage_16_position_1-24 genomicbackground,4018,8,4018_8
query_4019,0,genomicbackground,1,riboswitch,0.7129835486412048,4019_8_RF00050_8_NC_000913.3_3184369-3184918_ext_300-500_int_165_off_30_percentage_13_position_1-19 genomicbackground,4019,8,4019_8
query_4020,0,genomicbackground,1,riboswitch,0.9631442427635193,4020_8_RF00050_8_NC_000913.3_3184369-3184918_ext_300-500_int_165_off_35_percentage_9_position_1-14 genomicbackground,4020,8,4020_8
query_4021,0,genomicbackground,1,riboswitch,0.9950714111328125,4021_8_RF00050_8_NC_000913.3_3184369-3184918_ext_300-500_int_170_off_0_percentage_33_position_1-49 genomicbackground,4021,8,4021_8
query_4022,0,genomicbackground,1,riboswitch,0.9883258938789368,4022_8_RF00050_8_NC_000913.3_3184369-3184918_ext_300-500_int_170_off_5_percentage_30_position_1-44 genomicbackground,4022,8,4022_8
query_4023,0,genomicbackground,1,riboswitch,0.9938847422599792,4023_8_RF00050_8_NC_000913.3_3184369-3184918_ext_300-500_int_170_off_10_percentage_26_position_1-39 genomicbackground,4023,8,4023_8
query_4024,0,genomicbackground,1,riboswitch,0.9950050711631775,4024_8_RF00050_8_NC_000913.3_3184369-3184918_ext_300-500_int_170_off_15_percentage_23_position_1-34 genomicbackground,4024,8,4024_8
query_4025,0,genomicbackground,1,riboswitch,0.9917564392089844,4025_8_RF00050_8_NC_000913.3_3184369-3184918_ext_300-500_int_170_off_20_percentage_19_position_1-29 genomicbackground,4025,8,4025_8
query_4026,0,genomicbackground,1,riboswitch,0.9922349452972412,4026_8_RF00050_8_NC_000913.3_3184369-3184918_ext_300-500_int_170_off_25_percentage_16_position_1-24 genomicbackground,4026,8,4026_8
query_4027,0,genomicbackground,1,riboswitch,0.5623800754547119,4027_8_RF00050_8_NC_000913.3_3184369-3184918_ext_300-500_int_170_off_30_percentage_13_position_1-19 genomicbackground,4027,8,4027_8
query_4028,0,genomicbackground,1,riboswitch,0.9949411153793335,4028_8_RF00050_8_NC_000913.3_3184369-3184918_ext_300-500_int_175_off_0_percentage_33_position_1-49 genomicbackground,4028,8,4028_8
query_4029,0,genomicbackground,1,riboswitch,0.9903379678726196,4029_8_RF00050_8_NC_000913.3_3184369-3184918_ext_300-500_int_175_off_5_percentage_30_position_1-44 genomicbackground,4029,8,4029_8
query_4030,0,genomicbackground,1,riboswitch,0.993351399898529,4030_8_RF00050_8_NC_000913.3_3184369-3184918_ext_300-500_int_175_off_10_percentage_26_position_1-39 genomicbackground,4030,8,4030_8
query_4031,0,genomicbackground,1,riboswitch,0.9954481720924377,4031_8_RF00050_8_NC_000913.3_3184369-3184918_ext_300-500_int_175_off_15_percentage_23_position_1-34 genomicbackground,4031,8,4031_8
query_4032,0,genomicbackground,1,riboswitch,0.9915440082550049,4032_8_RF00050_8_NC_000913.3_3184369-3184918_ext_300-500_int_175_off_20_percentage_19_position_1-29 genomicbackground,4032,8,4032_8
query_4033,0,genomicbackground,1,riboswitch,0.9702205061912537,4033_8_RF00050_8_NC_000913.3_3184369-3184918_ext_300-500_int_175_off_25_percentage_16_position_1-24 genomicbackground,4033,8,4033_8
query_4034,0,genomicbackground,1,riboswitch,0.9958077669143677,4034_8_RF00050_8_NC_000913.3_3184369-3184918_ext_300-500_int_180_off_0_percentage_33_position_1-49 genomicbackground,4034,8,4034_8
query_4035,0,genomicbackground,1,riboswitch,0.9932711720466614,4035_8_RF00050_8_NC_000913.3_3184369-3184918_ext_300-500_int_180_off_5_percentage_30_position_1-44 genomicbackground,4035,8,4035_8
query_4036,0,genomicbackground,1,riboswitch,0.9933192729949951,4036_8_RF00050_8_NC_000913.3_3184369-3184918_ext_300-500_int_180_off_10_percentage_26_position_1-39 genomicbackground,4036,8,4036_8
query_4037,0,genomicbackground,1,riboswitch,0.9959992170333862,4037_8_RF00050_8_NC_000913.3_3184369-3184918_ext_300-500_int_180_off_15_percentage_23_position_1-34 genomicbackground,4037,8,4037_8
query_4038,0,genomicbackground,1,riboswitch,0.9897986650466919,4038_8_RF00050_8_NC_000913.3_3184369-3184918_ext_300-500_int_180_off_20_percentage_19_position_1-29 genomicbackground,4038,8,4038_8
query_4039,0,genomicbackground,1,riboswitch,0.9966273903846741,4039_8_RF00050_8_NC_000913.3_3184369-3184918_ext_300-500_int_185_off_0_percentage_33_position_1-49 genomicbackground,4039,8,4039_8
query_4040,0,genomicbackground,1,riboswitch,0.9676026701927185,4040_8_RF00050_8_NC_000913.3_3184369-3184918_ext_300-500_int_185_off_5_percentage_30_position_1-44 genomicbackground,4040,8,4040_8
query_4041,0,genomicbackground,1,riboswitch,0.9940537810325623,4041_8_RF00050_8_NC_000913.3_3184369-3184918_ext_300-500_int_185_off_10_percentage_26_position_1-39 genomicbackground,4041,8,4041_8
query_4042,0,genomicbackground,1,riboswitch,0.9953027963638306,4042_8_RF00050_8_NC_000913.3_3184369-3184918_ext_300-500_int_185_off_15_percentage_23_position_1-34 genomicbackground,4042,8,4042_8
query_4043,0,genomicbackground,1,riboswitch,0.9989680051803589,4043_8_RF00050_8_NC_000913.3_3184369-3184918_ext_300-500_int_190_off_0_percentage_33_position_1-49 genomicbackground,4043,8,4043_8
query_4044,0,genomicbackground,1,riboswitch,0.9572117924690247,4044_8_RF00050_8_NC_000913.3_3184369-3184918_ext_300-500_int_190_off_5_percentage_30_position_1-44 genomicbackground,4044,8,4044_8
query_4045,0,genomicbackground,1,riboswitch,0.993293285369873,4045_8_RF00050_8_NC_000913.3_3184369-3184918_ext_300-500_int_190_off_10_percentage_26_position_1-39 genomicbackground,4045,8,4045_8
query_4046,0,genomicbackground,1,riboswitch,0.9989644289016724,4046_8_RF00050_8_NC_000913.3_3184369-3184918_ext_300-500_int_195_off_0_percentage_33_position_1-49 genomicbackground,4046,8,4046_8
query_4047,0,genomicbackground,1,riboswitch,0.9201978445053101,4047_8_RF00050_8_NC_000913.3_3184369-3184918_ext_300-500_int_195_off_5_percentage_30_position_1-44 genomicbackground,4047,8,4047_8
query_4048,0,genomicbackground,1,riboswitch,0.9987403750419617,4048_8_RF00050_8_NC_000913.3_3184369-3184918_ext_300-500_int_200_off_0_percentage_33_position_1-49 genomicbackground,4048,8,4048_8
query_4049,0,genomicbackground,1,riboswitch,0.6761297583580017,4049_8_RF00050_8_NC_000913.3_3184369-3184918_ext_320-520_int_95_off_0_percentage_19_position_1-29 genomicbackground,4049,8,4049_8
query_4050,0,genomicbackground,1,riboswitch,0.8525314927101135,4050_8_RF00050_8_NC_000913.3_3184369-3184918_ext_320-520_int_95_off_5_percentage_16_position_1-24 genomicbackground,4050,8,4050_8
query_4051,0,genomicbackground,1,riboswitch,0.9936310648918152,4051_8_RF00050_8_NC_000913.3_3184369-3184918_ext_320-520_int_95_off_10_percentage_13_position_1-19 genomicbackground,4051,8,4051_8
query_4052,0,genomicbackground,1,riboswitch,0.9825977683067322,4052_8_RF00050_8_NC_000913.3_3184369-3184918_ext_320-520_int_95_off_15_percentage_9_position_1-14 genomicbackground,4052,8,4052_8
query_4053,0,genomicbackground,0,genomicbackground,0.44896990060806274,4053_8_RF00050_8_NC_000913.3_3184369-3184918_ext_320-520_int_95_off_20_percentage_6_position_1-9 genomicbackground,4053,8,4053_8
query_4054,0,genomicbackground,0,genomicbackground,0.013132859952747822,4054_8_RF00050_8_NC_000913.3_3184369-3184918_ext_320-520_int_95_off_25_percentage_3_position_1-4 genomicbackground,4054,8,4054_8
query_4055,0,genomicbackground,0,genomicbackground,0.02613932080566883,4055_8_RF00050_8_NC_000913.3_3184369-3184918_ext_320-520_int_95_off_30_percentage_0_position_0-0 genomicbackground,4055,8,4055_8
query_4056,0,genomicbackground,0,genomicbackground,0.14738352596759796,4056_8_RF00050_8_NC_000913.3_3184369-3184918_ext_320-520_int_95_off_35_percentage_0_position_0-0 genomicbackground,4056,8,4056_8
query_4057,0,genomicbackground,0,genomicbackground,0.1307075470685959,4057_8_RF00050_8_NC_000913.3_3184369-3184918_ext_320-520_int_95_off_40_percentage_0_position_0-0 genomicbackground,4057,8,4057_8
query_4058,0,genomicbackground,0,genomicbackground,0.01173224113881588,4058_8_RF00050_8_NC_000913.3_3184369-3184918_ext_320-520_int_95_off_45_percentage_0_position_0-0 genomicbackground,4058,8,4058_8
query_4059,0,genomicbackground,0,genomicbackground,0.01962253265082836,4059_8_RF00050_8_NC_000913.3_3184369-3184918_ext_320-520_int_95_off_50_percentage_0_position_0-0 genomicbackground,4059,8,4059_8
query_4060,0,genomicbackground,0,genomicbackground,0.022200969979166985,4060_8_RF00050_8_NC_000913.3_3184369-3184918_ext_320-520_int_95_off_55_percentage_0_position_0-0 genomicbackground,4060,8,4060_8
query_4061,0,genomicbackground,0,genomicbackground,0.05590656399726868,4061_8_RF00050_8_NC_000913.3_3184369-3184918_ext_320-520_int_95_off_60_percentage_0_position_0-0 genomicbackground,4061,8,4061_8
query_4062,0,genomicbackground,0,genomicbackground,0.052105825394392014,4062_8_RF00050_8_NC_000913.3_3184369-3184918_ext_320-520_int_95_off_65_percentage_0_position_0-0 genomicbackground,4062,8,4062_8
query_4063,0,genomicbackground,1,riboswitch,0.7318736910820007,4063_8_RF00050_8_NC_000913.3_3184369-3184918_ext_320-520_int_95_off_70_percentage_0_position_0-0 genomicbackground,4063,8,4063_8
query_4064,0,genomicbackground,0,genomicbackground,0.058058928698301315,4064_8_RF00050_8_NC_000913.3_3184369-3184918_ext_320-520_int_95_off_75_percentage_0_position_0-0 genomicbackground,4064,8,4064_8
query_4065,0,genomicbackground,0,genomicbackground,0.08006401360034943,4065_8_RF00050_8_NC_000913.3_3184369-3184918_ext_320-520_int_95_off_80_percentage_0_position_0-0 genomicbackground,4065,8,4065_8
query_4066,0,genomicbackground,0,genomicbackground,0.012527740560472012,4066_8_RF00050_8_NC_000913.3_3184369-3184918_ext_320-520_int_95_off_85_percentage_0_position_0-0 genomicbackground,4066,8,4066_8
query_4067,0,genomicbackground,0,genomicbackground,0.07285095006227493,4067_8_RF00050_8_NC_000913.3_3184369-3184918_ext_320-520_int_95_off_90_percentage_0_position_0-0 genomicbackground,4067,8,4067_8
query_4068,0,genomicbackground,0,genomicbackground,0.03219718113541603,4068_8_RF00050_8_NC_000913.3_3184369-3184918_ext_320-520_int_95_off_95_percentage_0_position_0-0 genomicbackground,4068,8,4068_8
query_4069,0,genomicbackground,0,genomicbackground,0.02000596933066845,4069_8_RF00050_8_NC_000913.3_3184369-3184918_ext_320-520_int_95_off_100_percentage_0_position_0-0 genomicbackground,4069,8,4069_8
query_4070,0,genomicbackground,0,genomicbackground,0.011184860952198505,4070_8_RF00050_8_NC_000913.3_3184369-3184918_ext_320-520_int_95_off_105_percentage_0_position_0-0 genomicbackground,4070,8,4070_8
query_4071,0,genomicbackground,1,riboswitch,0.7497283220291138,4071_8_RF00050_8_NC_000913.3_3184369-3184918_ext_320-520_int_100_off_0_percentage_19_position_1-29 genomicbackground,4071,8,4071_8
query_4072,0,genomicbackground,1,riboswitch,0.9568620920181274,4072_8_RF00050_8_NC_000913.3_3184369-3184918_ext_320-520_int_100_off_5_percentage_16_position_1-24 genomicbackground,4072,8,4072_8
query_4073,0,genomicbackground,1,riboswitch,0.993543267250061,4073_8_RF00050_8_NC_000913.3_3184369-3184918_ext_320-520_int_100_off_10_percentage_13_position_1-19 genomicbackground,4073,8,4073_8
query_4074,0,genomicbackground,1,riboswitch,0.979933500289917,4074_8_RF00050_8_NC_000913.3_3184369-3184918_ext_320-520_int_100_off_15_percentage_9_position_1-14 genomicbackground,4074,8,4074_8
query_4075,0,genomicbackground,0,genomicbackground,0.06933560222387314,4075_8_RF00050_8_NC_000913.3_3184369-3184918_ext_320-520_int_100_off_20_percentage_6_position_1-9 genomicbackground,4075,8,4075_8
query_4076,0,genomicbackground,1,riboswitch,0.866111695766449,4076_8_RF00050_8_NC_000913.3_3184369-3184918_ext_320-520_int_100_off_25_percentage_3_position_1-4 genomicbackground,4076,8,4076_8
query_4077,0,genomicbackground,0,genomicbackground,0.027872391045093536,4077_8_RF00050_8_NC_000913.3_3184369-3184918_ext_320-520_int_100_off_30_percentage_0_position_0-0 genomicbackground,4077,8,4077_8
query_4078,0,genomicbackground,0,genomicbackground,0.1649937629699707,4078_8_RF00050_8_NC_000913.3_3184369-3184918_ext_320-520_int_100_off_35_percentage_0_position_0-0 genomicbackground,4078,8,4078_8
query_4079,0,genomicbackground,0,genomicbackground,0.06685000658035278,4079_8_RF00050_8_NC_000913.3_3184369-3184918_ext_320-520_int_100_off_40_percentage_0_position_0-0 genomicbackground,4079,8,4079_8
query_4080,0,genomicbackground,0,genomicbackground,0.011941052973270416,4080_8_RF00050_8_NC_000913.3_3184369-3184918_ext_320-520_int_100_off_45_percentage_0_position_0-0 genomicbackground,4080,8,4080_8
query_4081,0,genomicbackground,0,genomicbackground,0.019574502483010292,4081_8_RF00050_8_NC_000913.3_3184369-3184918_ext_320-520_int_100_off_50_percentage_0_position_0-0 genomicbackground,4081,8,4081_8
query_4082,0,genomicbackground,0,genomicbackground,0.020892495289444923,4082_8_RF00050_8_NC_000913.3_3184369-3184918_ext_320-520_int_100_off_55_percentage_0_position_0-0 genomicbackground,4082,8,4082_8
query_4083,0,genomicbackground,0,genomicbackground,0.06762238591909409,4083_8_RF00050_8_NC_000913.3_3184369-3184918_ext_320-520_int_100_off_60_percentage_0_position_0-0 genomicbackground,4083,8,4083_8
query_4084,0,genomicbackground,0,genomicbackground,0.47076648473739624,4084_8_RF00050_8_NC_000913.3_3184369-3184918_ext_320-520_int_100_off_65_percentage_0_position_0-0 genomicbackground,4084,8,4084_8
query_4085,0,genomicbackground,1,riboswitch,0.6029205918312073,4085_8_RF00050_8_NC_000913.3_3184369-3184918_ext_320-520_int_100_off_70_percentage_0_position_0-0 genomicbackground,4085,8,4085_8
query_4086,0,genomicbackground,0,genomicbackground,0.05975550785660744,4086_8_RF00050_8_NC_000913.3_3184369-3184918_ext_320-520_int_100_off_75_percentage_0_position_0-0 genomicbackground,4086,8,4086_8
query_4087,0,genomicbackground,0,genomicbackground,0.021290263161063194,4087_8_RF00050_8_NC_000913.3_3184369-3184918_ext_320-520_int_100_off_80_percentage_0_position_0-0 genomicbackground,4087,8,4087_8
query_4088,0,genomicbackground,0,genomicbackground,0.03945254534482956,4088_8_RF00050_8_NC_000913.3_3184369-3184918_ext_320-520_int_100_off_85_percentage_0_position_0-0 genomicbackground,4088,8,4088_8
query_4089,0,genomicbackground,0,genomicbackground,0.041890375316143036,4089_8_RF00050_8_NC_000913.3_3184369-3184918_ext_320-520_int_100_off_90_percentage_0_position_0-0 genomicbackground,4089,8,4089_8
query_4090,0,genomicbackground,0,genomicbackground,0.013335570693016052,4090_8_RF00050_8_NC_000913.3_3184369-3184918_ext_320-520_int_100_off_95_percentage_0_position_0-0 genomicbackground,4090,8,4090_8
query_4091,0,genomicbackground,0,genomicbackground,0.011952160857617855,4091_8_RF00050_8_NC_000913.3_3184369-3184918_ext_320-520_int_100_off_100_percentage_0_position_0-0 genomicbackground,4091,8,4091_8
query_4092,0,genomicbackground,1,riboswitch,0.7485007643699646,4092_8_RF00050_8_NC_000913.3_3184369-3184918_ext_320-520_int_105_off_0_percentage_19_position_1-29 genomicbackground,4092,8,4092_8
query_4093,0,genomicbackground,1,riboswitch,0.9679961204528809,4093_8_RF00050_8_NC_000913.3_3184369-3184918_ext_320-520_int_105_off_5_percentage_16_position_1-24 genomicbackground,4093,8,4093_8
query_4094,0,genomicbackground,1,riboswitch,0.9931214451789856,4094_8_RF00050_8_NC_000913.3_3184369-3184918_ext_320-520_int_105_off_10_percentage_13_position_1-19 genomicbackground,4094,8,4094_8
query_4095,0,genomicbackground,1,riboswitch,0.9804514050483704,4095_8_RF00050_8_NC_000913.3_3184369-3184918_ext_320-520_int_105_off_15_percentage_9_position_1-14 genomicbackground,4095,8,4095_8
query_4096,0,genomicbackground,1,riboswitch,0.5208227038383484,4096_8_RF00050_8_NC_000913.3_3184369-3184918_ext_320-520_int_105_off_20_percentage_6_position_1-9 genomicbackground,4096,8,4096_8
query_4097,0,genomicbackground,1,riboswitch,0.6563183069229126,4097_8_RF00050_8_NC_000913.3_3184369-3184918_ext_320-520_int_105_off_25_percentage_3_position_1-4 genomicbackground,4097,8,4097_8
query_4098,0,genomicbackground,0,genomicbackground,0.010357518680393696,4098_8_RF00050_8_NC_000913.3_3184369-3184918_ext_320-520_int_105_off_30_percentage_0_position_0-0 genomicbackground,4098,8,4098_8
query_4099,0,genomicbackground,0,genomicbackground,0.014579047448933125,4099_8_RF00050_8_NC_000913.3_3184369-3184918_ext_320-520_int_105_off_35_percentage_0_position_0-0 genomicbackground,4099,8,4099_8
query_4100,0,genomicbackground,0,genomicbackground,0.01287717092782259,4100_8_RF00050_8_NC_000913.3_3184369-3184918_ext_320-520_int_105_off_40_percentage_0_position_0-0 genomicbackground,4100,8,4100_8
query_4101,0,genomicbackground,0,genomicbackground,0.010989210568368435,4101_8_RF00050_8_NC_000913.3_3184369-3184918_ext_320-520_int_105_off_45_percentage_0_position_0-0 genomicbackground,4101,8,4101_8
query_4102,0,genomicbackground,0,genomicbackground,0.018691765144467354,4102_8_RF00050_8_NC_000913.3_3184369-3184918_ext_320-520_int_105_off_50_percentage_0_position_0-0 genomicbackground,4102,8,4102_8
query_4103,0,genomicbackground,0,genomicbackground,0.023370474576950073,4103_8_RF00050_8_NC_000913.3_3184369-3184918_ext_320-520_int_105_off_55_percentage_0_position_0-0 genomicbackground,4103,8,4103_8
query_4104,0,genomicbackground,0,genomicbackground,0.1229672059416771,4104_8_RF00050_8_NC_000913.3_3184369-3184918_ext_320-520_int_105_off_60_percentage_0_position_0-0 genomicbackground,4104,8,4104_8
query_4105,0,genomicbackground,0,genomicbackground,0.29800277948379517,4105_8_RF00050_8_NC_000913.3_3184369-3184918_ext_320-520_int_105_off_65_percentage_0_position_0-0 genomicbackground,4105,8,4105_8
query_4106,0,genomicbackground,1,riboswitch,0.6446760296821594,4106_8_RF00050_8_NC_000913.3_3184369-3184918_ext_320-520_int_105_off_70_percentage_0_position_0-0 genomicbackground,4106,8,4106_8
query_4107,0,genomicbackground,0,genomicbackground,0.02650260552763939,4107_8_RF00050_8_NC_000913.3_3184369-3184918_ext_320-520_int_105_off_75_percentage_0_position_0-0 genomicbackground,4107,8,4107_8
query_4108,0,genomicbackground,0,genomicbackground,0.07942148298025131,4108_8_RF00050_8_NC_000913.3_3184369-3184918_ext_320-520_int_105_off_80_percentage_0_position_0-0 genomicbackground,4108,8,4108_8
query_4109,0,genomicbackground,0,genomicbackground,0.055218856781721115,4109_8_RF00050_8_NC_000913.3_3184369-3184918_ext_320-520_int_105_off_85_percentage_0_position_0-0 genomicbackground,4109,8,4109_8
query_4110,0,genomicbackground,0,genomicbackground,0.0029162236023694277,4110_8_RF00050_8_NC_000913.3_3184369-3184918_ext_320-520_int_105_off_90_percentage_0_position_0-0 genomicbackground,4110,8,4110_8
query_4111,0,genomicbackground,0,genomicbackground,0.009383868426084518,4111_8_RF00050_8_NC_000913.3_3184369-3184918_ext_320-520_int_105_off_95_percentage_0_position_0-0 genomicbackground,4111,8,4111_8
query_4112,0,genomicbackground,1,riboswitch,0.8227235674858093,4112_8_RF00050_8_NC_000913.3_3184369-3184918_ext_320-520_int_110_off_0_percentage_19_position_1-29 genomicbackground,4112,8,4112_8
query_4113,0,genomicbackground,1,riboswitch,0.9757709503173828,4113_8_RF00050_8_NC_000913.3_3184369-3184918_ext_320-520_int_110_off_5_percentage_16_position_1-24 genomicbackground,4113,8,4113_8
query_4114,0,genomicbackground,1,riboswitch,0.9932668209075928,4114_8_RF00050_8_NC_000913.3_3184369-3184918_ext_320-520_int_110_off_10_percentage_13_position_1-19 genomicbackground,4114,8,4114_8
query_4115,0,genomicbackground,1,riboswitch,0.9852767586708069,4115_8_RF00050_8_NC_000913.3_3184369-3184918_ext_320-520_int_110_off_15_percentage_9_position_1-14 genomicbackground,4115,8,4115_8
query_4116,0,genomicbackground,0,genomicbackground,0.38502269983291626,4116_8_RF00050_8_NC_000913.3_3184369-3184918_ext_320-520_int_110_off_20_percentage_6_position_1-9 genomicbackground,4116,8,4116_8
query_4117,0,genomicbackground,0,genomicbackground,0.30827316641807556,4117_8_RF00050_8_NC_000913.3_3184369-3184918_ext_320-520_int_110_off_25_percentage_3_position_1-4 genomicbackground,4117,8,4117_8
query_4118,0,genomicbackground,0,genomicbackground,0.01694832742214203,4118_8_RF00050_8_NC_000913.3_3184369-3184918_ext_320-520_int_110_off_30_percentage_0_position_0-0 genomicbackground,4118,8,4118_8
query_4119,0,genomicbackground,0,genomicbackground,0.029332492500543594,4119_8_RF00050_8_NC_000913.3_3184369-3184918_ext_320-520_int_110_off_35_percentage_0_position_0-0 genomicbackground,4119,8,4119_8
query_4120,0,genomicbackground,0,genomicbackground,0.01258658803999424,4120_8_RF00050_8_NC_000913.3_3184369-3184918_ext_320-520_int_110_off_40_percentage_0_position_0-0 genomicbackground,4120,8,4120_8
query_4121,0,genomicbackground,0,genomicbackground,0.010596690699458122,4121_8_RF00050_8_NC_000913.3_3184369-3184918_ext_320-520_int_110_off_45_percentage_0_position_0-0 genomicbackground,4121,8,4121_8
query_4122,0,genomicbackground,0,genomicbackground,0.021050604060292244,4122_8_RF00050_8_NC_000913.3_3184369-3184918_ext_320-520_int_110_off_50_percentage_0_position_0-0 genomicbackground,4122,8,4122_8
query_4123,0,genomicbackground,0,genomicbackground,0.04614885523915291,4123_8_RF00050_8_NC_000913.3_3184369-3184918_ext_320-520_int_110_off_55_percentage_0_position_0-0 genomicbackground,4123,8,4123_8
query_4124,0,genomicbackground,0,genomicbackground,0.24639466404914856,4124_8_RF00050_8_NC_000913.3_3184369-3184918_ext_320-520_int_110_off_60_percentage_0_position_0-0 genomicbackground,4124,8,4124_8
query_4125,0,genomicbackground,0,genomicbackground,0.32466769218444824,4125_8_RF00050_8_NC_000913.3_3184369-3184918_ext_320-520_int_110_off_65_percentage_0_position_0-0 genomicbackground,4125,8,4125_8
query_4126,0,genomicbackground,0,genomicbackground,0.3599303364753723,4126_8_RF00050_8_NC_000913.3_3184369-3184918_ext_320-520_int_110_off_70_percentage_0_position_0-0 genomicbackground,4126,8,4126_8
query_4127,0,genomicbackground,0,genomicbackground,0.06048958748579025,4127_8_RF00050_8_NC_000913.3_3184369-3184918_ext_320-520_int_110_off_75_percentage_0_position_0-0 genomicbackground,4127,8,4127_8
query_4128,0,genomicbackground,0,genomicbackground,0.0976312980055809,4128_8_RF00050_8_NC_000913.3_3184369-3184918_ext_320-520_int_110_off_80_percentage_0_position_0-0 genomicbackground,4128,8,4128_8
query_4129,0,genomicbackground,0,genomicbackground,0.002890246221795678,4129_8_RF00050_8_NC_000913.3_3184369-3184918_ext_320-520_int_110_off_85_percentage_0_position_0-0 genomicbackground,4129,8,4129_8
query_4130,0,genomicbackground,0,genomicbackground,0.016614748165011406,4130_8_RF00050_8_NC_000913.3_3184369-3184918_ext_320-520_int_110_off_90_percentage_0_position_0-0 genomicbackground,4130,8,4130_8
query_4131,0,genomicbackground,1,riboswitch,0.8514647483825684,4131_8_RF00050_8_NC_000913.3_3184369-3184918_ext_320-520_int_115_off_0_percentage_19_position_1-29 genomicbackground,4131,8,4131_8
query_4132,0,genomicbackground,1,riboswitch,0.9878506064414978,4132_8_RF00050_8_NC_000913.3_3184369-3184918_ext_320-520_int_115_off_5_percentage_16_position_1-24 genomicbackground,4132,8,4132_8
query_4133,0,genomicbackground,1,riboswitch,0.9937591552734375,4133_8_RF00050_8_NC_000913.3_3184369-3184918_ext_320-520_int_115_off_10_percentage_13_position_1-19 genomicbackground,4133,8,4133_8
query_4134,0,genomicbackground,1,riboswitch,0.9887555241584778,4134_8_RF00050_8_NC_000913.3_3184369-3184918_ext_320-520_int_115_off_15_percentage_9_position_1-14 genomicbackground,4134,8,4134_8
query_4135,0,genomicbackground,0,genomicbackground,0.21518053114414215,4135_8_RF00050_8_NC_000913.3_3184369-3184918_ext_320-520_int_115_off_20_percentage_6_position_1-9 genomicbackground,4135,8,4135_8
query_4136,0,genomicbackground,0,genomicbackground,0.01143391989171505,4136_8_RF00050_8_NC_000913.3_3184369-3184918_ext_320-520_int_115_off_25_percentage_3_position_1-4 genomicbackground,4136,8,4136_8
query_4137,0,genomicbackground,0,genomicbackground,0.024270521476864815,4137_8_RF00050_8_NC_000913.3_3184369-3184918_ext_320-520_int_115_off_30_percentage_0_position_0-0 genomicbackground,4137,8,4137_8
query_4138,0,genomicbackground,0,genomicbackground,0.05169312655925751,4138_8_RF00050_8_NC_000913.3_3184369-3184918_ext_320-520_int_115_off_35_percentage_0_position_0-0 genomicbackground,4138,8,4138_8
query_4139,0,genomicbackground,0,genomicbackground,0.011968854814767838,4139_8_RF00050_8_NC_000913.3_3184369-3184918_ext_320-520_int_115_off_40_percentage_0_position_0-0 genomicbackground,4139,8,4139_8
query_4140,0,genomicbackground,0,genomicbackground,0.01138282846659422,4140_8_RF00050_8_NC_000913.3_3184369-3184918_ext_320-520_int_115_off_45_percentage_0_position_0-0 genomicbackground,4140,8,4140_8
query_4141,0,genomicbackground,0,genomicbackground,0.04379824921488762,4141_8_RF00050_8_NC_000913.3_3184369-3184918_ext_320-520_int_115_off_50_percentage_0_position_0-0 genomicbackground,4141,8,4141_8
query_4142,0,genomicbackground,0,genomicbackground,0.08533434569835663,4142_8_RF00050_8_NC_000913.3_3184369-3184918_ext_320-520_int_115_off_55_percentage_0_position_0-0 genomicbackground,4142,8,4142_8
query_4143,0,genomicbackground,0,genomicbackground,0.2721691429615021,4143_8_RF00050_8_NC_000913.3_3184369-3184918_ext_320-520_int_115_off_60_percentage_0_position_0-0 genomicbackground,4143,8,4143_8
query_4144,0,genomicbackground,0,genomicbackground,0.028186731040477753,4144_8_RF00050_8_NC_000913.3_3184369-3184918_ext_320-520_int_115_off_65_percentage_0_position_0-0 genomicbackground,4144,8,4144_8
query_4145,0,genomicbackground,0,genomicbackground,0.4214702546596527,4145_8_RF00050_8_NC_000913.3_3184369-3184918_ext_320-520_int_115_off_70_percentage_0_position_0-0 genomicbackground,4145,8,4145_8
query_4146,0,genomicbackground,0,genomicbackground,0.07532461732625961,4146_8_RF00050_8_NC_000913.3_3184369-3184918_ext_320-520_int_115_off_75_percentage_0_position_0-0 genomicbackground,4146,8,4146_8
query_4147,0,genomicbackground,0,genomicbackground,0.002950049238279462,4147_8_RF00050_8_NC_000913.3_3184369-3184918_ext_320-520_int_115_off_80_percentage_0_position_0-0 genomicbackground,4147,8,4147_8
query_4148,0,genomicbackground,0,genomicbackground,0.0028730016201734543,4148_8_RF00050_8_NC_000913.3_3184369-3184918_ext_320-520_int_115_off_85_percentage_0_position_0-0 genomicbackground,4148,8,4148_8
query_4149,0,genomicbackground,1,riboswitch,0.8812142610549927,4149_8_RF00050_8_NC_000913.3_3184369-3184918_ext_320-520_int_120_off_0_percentage_19_position_1-29 genomicbackground,4149,8,4149_8
query_4150,0,genomicbackground,1,riboswitch,0.9826819896697998,4150_8_RF00050_8_NC_000913.3_3184369-3184918_ext_320-520_int_120_off_5_percentage_16_position_1-24 genomicbackground,4150,8,4150_8
query_4151,0,genomicbackground,1,riboswitch,0.9942375421524048,4151_8_RF00050_8_NC_000913.3_3184369-3184918_ext_320-520_int_120_off_10_percentage_13_position_1-19 genomicbackground,4151,8,4151_8
query_4152,0,genomicbackground,1,riboswitch,0.9910054206848145,4152_8_RF00050_8_NC_000913.3_3184369-3184918_ext_320-520_int_120_off_15_percentage_9_position_1-14 genomicbackground,4152,8,4152_8
query_4153,0,genomicbackground,0,genomicbackground,0.03876429796218872,4153_8_RF00050_8_NC_000913.3_3184369-3184918_ext_320-520_int_120_off_20_percentage_6_position_1-9 genomicbackground,4153,8,4153_8
query_4154,0,genomicbackground,0,genomicbackground,0.01694648340344429,4154_8_RF00050_8_NC_000913.3_3184369-3184918_ext_320-520_int_120_off_25_percentage_3_position_1-4 genomicbackground,4154,8,4154_8
query_4155,0,genomicbackground,0,genomicbackground,0.029281267896294594,4155_8_RF00050_8_NC_000913.3_3184369-3184918_ext_320-520_int_120_off_30_percentage_0_position_0-0 genomicbackground,4155,8,4155_8
query_4156,0,genomicbackground,0,genomicbackground,0.0349072702229023,4156_8_RF00050_8_NC_000913.3_3184369-3184918_ext_320-520_int_120_off_35_percentage_0_position_0-0 genomicbackground,4156,8,4156_8
query_4157,0,genomicbackground,0,genomicbackground,0.012464103288948536,4157_8_RF00050_8_NC_000913.3_3184369-3184918_ext_320-520_int_120_off_40_percentage_0_position_0-0 genomicbackground,4157,8,4157_8
query_4158,0,genomicbackground,0,genomicbackground,0.01965978927910328,4158_8_RF00050_8_NC_000913.3_3184369-3184918_ext_320-520_int_120_off_45_percentage_0_position_0-0 genomicbackground,4158,8,4158_8
query_4159,0,genomicbackground,0,genomicbackground,0.08737598359584808,4159_8_RF00050_8_NC_000913.3_3184369-3184918_ext_320-520_int_120_off_50_percentage_0_position_0-0 genomicbackground,4159,8,4159_8
query_4160,0,genomicbackground,0,genomicbackground,0.18566352128982544,4160_8_RF00050_8_NC_000913.3_3184369-3184918_ext_320-520_int_120_off_55_percentage_0_position_0-0 genomicbackground,4160,8,4160_8
query_4161,0,genomicbackground,0,genomicbackground,0.02324758470058441,4161_8_RF00050_8_NC_000913.3_3184369-3184918_ext_320-520_int_120_off_60_percentage_0_position_0-0 genomicbackground,4161,8,4161_8
query_4162,0,genomicbackground,0,genomicbackground,0.18411068618297577,4162_8_RF00050_8_NC_000913.3_3184369-3184918_ext_320-520_int_120_off_65_percentage_0_position_0-0 genomicbackground,4162,8,4162_8
query_4163,0,genomicbackground,0,genomicbackground,0.4558541774749756,4163_8_RF00050_8_NC_000913.3_3184369-3184918_ext_320-520_int_120_off_70_percentage_0_position_0-0 genomicbackground,4163,8,4163_8
query_4164,0,genomicbackground,0,genomicbackground,0.0027161864563822746,4164_8_RF00050_8_NC_000913.3_3184369-3184918_ext_320-520_int_120_off_75_percentage_0_position_0-0 genomicbackground,4164,8,4164_8
query_4165,0,genomicbackground,0,genomicbackground,0.002937254961580038,4165_8_RF00050_8_NC_000913.3_3184369-3184918_ext_320-520_int_120_off_80_percentage_0_position_0-0 genomicbackground,4165,8,4165_8
query_4166,0,genomicbackground,1,riboswitch,0.9455382227897644,4166_8_RF00050_8_NC_000913.3_3184369-3184918_ext_320-520_int_125_off_0_percentage_19_position_1-29 genomicbackground,4166,8,4166_8
query_4167,0,genomicbackground,1,riboswitch,0.9888738393783569,4167_8_RF00050_8_NC_000913.3_3184369-3184918_ext_320-520_int_125_off_5_percentage_16_position_1-24 genomicbackground,4167,8,4167_8
query_4168,0,genomicbackground,1,riboswitch,0.99052494764328,4168_8_RF00050_8_NC_000913.3_3184369-3184918_ext_320-520_int_125_off_10_percentage_13_position_1-19 genomicbackground,4168,8,4168_8
query_4169,0,genomicbackground,0,genomicbackground,0.2906825840473175,4169_8_RF00050_8_NC_000913.3_3184369-3184918_ext_320-520_int_125_off_15_percentage_9_position_1-14 genomicbackground,4169,8,4169_8
query_4170,0,genomicbackground,0,genomicbackground,0.034428372979164124,4170_8_RF00050_8_NC_000913.3_3184369-3184918_ext_320-520_int_125_off_20_percentage_6_position_1-9 genomicbackground,4170,8,4170_8
query_4171,0,genomicbackground,0,genomicbackground,0.02128330059349537,4171_8_RF00050_8_NC_000913.3_3184369-3184918_ext_320-520_int_125_off_25_percentage_3_position_1-4 genomicbackground,4171,8,4171_8
query_4172,0,genomicbackground,0,genomicbackground,0.02486584521830082,4172_8_RF00050_8_NC_000913.3_3184369-3184918_ext_320-520_int_125_off_30_percentage_0_position_0-0 genomicbackground,4172,8,4172_8
query_4173,0,genomicbackground,0,genomicbackground,0.036871932446956635,4173_8_RF00050_8_NC_000913.3_3184369-3184918_ext_320-520_int_125_off_35_percentage_0_position_0-0 genomicbackground,4173,8,4173_8
query_4174,0,genomicbackground,0,genomicbackground,0.020865101367235184,4174_8_RF00050_8_NC_000913.3_3184369-3184918_ext_320-520_int_125_off_40_percentage_0_position_0-0 genomicbackground,4174,8,4174_8
query_4175,0,genomicbackground,0,genomicbackground,0.016877856105566025,4175_8_RF00050_8_NC_000913.3_3184369-3184918_ext_320-520_int_125_off_45_percentage_0_position_0-0 genomicbackground,4175,8,4175_8
query_4176,0,genomicbackground,0,genomicbackground,0.08920370787382126,4176_8_RF00050_8_NC_000913.3_3184369-3184918_ext_320-520_int_125_off_50_percentage_0_position_0-0 genomicbackground,4176,8,4176_8
query_4177,0,genomicbackground,0,genomicbackground,0.051635872572660446,4177_8_RF00050_8_NC_000913.3_3184369-3184918_ext_320-520_int_125_off_55_percentage_0_position_0-0 genomicbackground,4177,8,4177_8
query_4178,0,genomicbackground,0,genomicbackground,0.1716027408838272,4178_8_RF00050_8_NC_000913.3_3184369-3184918_ext_320-520_int_125_off_60_percentage_0_position_0-0 genomicbackground,4178,8,4178_8
query_4179,0,genomicbackground,0,genomicbackground,0.17301629483699799,4179_8_RF00050_8_NC_000913.3_3184369-3184918_ext_320-520_int_125_off_65_percentage_0_position_0-0 genomicbackground,4179,8,4179_8
query_4180,0,genomicbackground,0,genomicbackground,0.002565459581092,4180_8_RF00050_8_NC_000913.3_3184369-3184918_ext_320-520_int_125_off_70_percentage_0_position_0-0 genomicbackground,4180,8,4180_8
query_4181,0,genomicbackground,0,genomicbackground,0.0027130255475640297,4181_8_RF00050_8_NC_000913.3_3184369-3184918_ext_320-520_int_125_off_75_percentage_0_position_0-0 genomicbackground,4181,8,4181_8
query_4182,0,genomicbackground,1,riboswitch,0.9636422395706177,4182_8_RF00050_8_NC_000913.3_3184369-3184918_ext_320-520_int_130_off_0_percentage_19_position_1-29 genomicbackground,4182,8,4182_8
query_4183,0,genomicbackground,1,riboswitch,0.9878316521644592,4183_8_RF00050_8_NC_000913.3_3184369-3184918_ext_320-520_int_130_off_5_percentage_16_position_1-24 genomicbackground,4183,8,4183_8
query_4184,0,genomicbackground,1,riboswitch,0.9139267206192017,4184_8_RF00050_8_NC_000913.3_3184369-3184918_ext_320-520_int_130_off_10_percentage_13_position_1-19 genomicbackground,4184,8,4184_8
query_4185,0,genomicbackground,0,genomicbackground,0.2801302671432495,4185_8_RF00050_8_NC_000913.3_3184369-3184918_ext_320-520_int_130_off_15_percentage_9_position_1-14 genomicbackground,4185,8,4185_8
query_4186,0,genomicbackground,0,genomicbackground,0.044010259211063385,4186_8_RF00050_8_NC_000913.3_3184369-3184918_ext_320-520_int_130_off_20_percentage_6_position_1-9 genomicbackground,4186,8,4186_8
query_4187,0,genomicbackground,0,genomicbackground,0.019493671134114265,4187_8_RF00050_8_NC_000913.3_3184369-3184918_ext_320-520_int_130_off_25_percentage_3_position_1-4 genomicbackground,4187,8,4187_8
query_4188,0,genomicbackground,0,genomicbackground,0.02782406099140644,4188_8_RF00050_8_NC_000913.3_3184369-3184918_ext_320-520_int_130_off_30_percentage_0_position_0-0 genomicbackground,4188,8,4188_8
query_4189,0,genomicbackground,0,genomicbackground,0.19696007668972015,4189_8_RF00050_8_NC_000913.3_3184369-3184918_ext_320-520_int_130_off_35_percentage_0_position_0-0 genomicbackground,4189,8,4189_8
query_4190,0,genomicbackground,0,genomicbackground,0.017324980348348618,4190_8_RF00050_8_NC_000913.3_3184369-3184918_ext_320-520_int_130_off_40_percentage_0_position_0-0 genomicbackground,4190,8,4190_8
query_4191,0,genomicbackground,0,genomicbackground,0.01848653517663479,4191_8_RF00050_8_NC_000913.3_3184369-3184918_ext_320-520_int_130_off_45_percentage_0_position_0-0 genomicbackground,4191,8,4191_8
query_4192,0,genomicbackground,0,genomicbackground,0.18350239098072052,4192_8_RF00050_8_NC_000913.3_3184369-3184918_ext_320-520_int_130_off_50_percentage_0_position_0-0 genomicbackground,4192,8,4192_8
query_4193,0,genomicbackground,0,genomicbackground,0.06507684290409088,4193_8_RF00050_8_NC_000913.3_3184369-3184918_ext_320-520_int_130_off_55_percentage_0_position_0-0 genomicbackground,4193,8,4193_8
query_4194,0,genomicbackground,0,genomicbackground,0.06138695776462555,4194_8_RF00050_8_NC_000913.3_3184369-3184918_ext_320-520_int_130_off_60_percentage_0_position_0-0 genomicbackground,4194,8,4194_8
query_4195,0,genomicbackground,0,genomicbackground,0.0025818205904215574,4195_8_RF00050_8_NC_000913.3_3184369-3184918_ext_320-520_int_130_off_65_percentage_0_position_0-0 genomicbackground,4195,8,4195_8
query_4196,0,genomicbackground,0,genomicbackground,0.0024077713023871183,4196_8_RF00050_8_NC_000913.3_3184369-3184918_ext_320-520_int_130_off_70_percentage_0_position_0-0 genomicbackground,4196,8,4196_8
query_4197,0,genomicbackground,1,riboswitch,0.9633718132972717,4197_8_RF00050_8_NC_000913.3_3184369-3184918_ext_320-520_int_135_off_0_percentage_19_position_1-29 genomicbackground,4197,8,4197_8
query_4198,0,genomicbackground,1,riboswitch,0.851837694644928,4198_8_RF00050_8_NC_000913.3_3184369-3184918_ext_320-520_int_135_off_5_percentage_16_position_1-24 genomicbackground,4198,8,4198_8
query_4199,0,genomicbackground,1,riboswitch,0.9324924349784851,4199_8_RF00050_8_NC_000913.3_3184369-3184918_ext_320-520_int_135_off_10_percentage_13_position_1-19 genomicbackground,4199,8,4199_8
query_4200,0,genomicbackground,1,riboswitch,0.5530116558074951,4200_8_RF00050_8_NC_000913.3_3184369-3184918_ext_320-520_int_135_off_15_percentage_9_position_1-14 genomicbackground,4200,8,4200_8
query_4201,0,genomicbackground,0,genomicbackground,0.0406859926879406,4201_8_RF00050_8_NC_000913.3_3184369-3184918_ext_320-520_int_135_off_20_percentage_6_position_1-9 genomicbackground,4201,8,4201_8
query_4202,0,genomicbackground,0,genomicbackground,0.018767129629850388,4202_8_RF00050_8_NC_000913.3_3184369-3184918_ext_320-520_int_135_off_25_percentage_3_position_1-4 genomicbackground,4202,8,4202_8
query_4203,0,genomicbackground,0,genomicbackground,0.08864862471818924,4203_8_RF00050_8_NC_000913.3_3184369-3184918_ext_320-520_int_135_off_30_percentage_0_position_0-0 genomicbackground,4203,8,4203_8
query_4204,0,genomicbackground,0,genomicbackground,0.35513877868652344,4204_8_RF00050_8_NC_000913.3_3184369-3184918_ext_320-520_int_135_off_35_percentage_0_position_0-0 genomicbackground,4204,8,4204_8
query_4205,0,genomicbackground,0,genomicbackground,0.01901804842054844,4205_8_RF00050_8_NC_000913.3_3184369-3184918_ext_320-520_int_135_off_40_percentage_0_position_0-0 genomicbackground,4205,8,4205_8
query_4206,0,genomicbackground,0,genomicbackground,0.03206759691238403,4206_8_RF00050_8_NC_000913.3_3184369-3184918_ext_320-520_int_135_off_45_percentage_0_position_0-0 genomicbackground,4206,8,4206_8
query_4207,0,genomicbackground,0,genomicbackground,0.20746982097625732,4207_8_RF00050_8_NC_000913.3_3184369-3184918_ext_320-520_int_135_off_50_percentage_0_position_0-0 genomicbackground,4207,8,4207_8
query_4208,0,genomicbackground,0,genomicbackground,0.0014069635653868318,4208_8_RF00050_8_NC_000913.3_3184369-3184918_ext_320-520_int_135_off_55_percentage_0_position_0-0 genomicbackground,4208,8,4208_8
query_4209,0,genomicbackground,0,genomicbackground,0.0023148434702306986,4209_8_RF00050_8_NC_000913.3_3184369-3184918_ext_320-520_int_135_off_60_percentage_0_position_0-0 genomicbackground,4209,8,4209_8
query_4210,0,genomicbackground,0,genomicbackground,0.0025646425783634186,4210_8_RF00050_8_NC_000913.3_3184369-3184918_ext_320-520_int_135_off_65_percentage_0_position_0-0 genomicbackground,4210,8,4210_8
query_4211,0,genomicbackground,1,riboswitch,0.9098725318908691,4211_8_RF00050_8_NC_000913.3_3184369-3184918_ext_320-520_int_140_off_0_percentage_19_position_1-29 genomicbackground,4211,8,4211_8
query_4212,0,genomicbackground,1,riboswitch,0.8965898752212524,4212_8_RF00050_8_NC_000913.3_3184369-3184918_ext_320-520_int_140_off_5_percentage_16_position_1-24 genomicbackground,4212,8,4212_8
query_4213,0,genomicbackground,1,riboswitch,0.9323864579200745,4213_8_RF00050_8_NC_000913.3_3184369-3184918_ext_320-520_int_140_off_10_percentage_13_position_1-19 genomicbackground,4213,8,4213_8
query_4214,0,genomicbackground,0,genomicbackground,0.39122167229652405,4214_8_RF00050_8_NC_000913.3_3184369-3184918_ext_320-520_int_140_off_15_percentage_9_position_1-14 genomicbackground,4214,8,4214_8
query_4215,0,genomicbackground,0,genomicbackground,0.03995941951870918,4215_8_RF00050_8_NC_000913.3_3184369-3184918_ext_320-520_int_140_off_20_percentage_6_position_1-9 genomicbackground,4215,8,4215_8
query_4216,0,genomicbackground,0,genomicbackground,0.020106764510273933,4216_8_RF00050_8_NC_000913.3_3184369-3184918_ext_320-520_int_140_off_25_percentage_3_position_1-4 genomicbackground,4216,8,4216_8
query_4217,0,genomicbackground,0,genomicbackground,0.17207710444927216,4217_8_RF00050_8_NC_000913.3_3184369-3184918_ext_320-520_int_140_off_30_percentage_0_position_0-0 genomicbackground,4217,8,4217_8
query_4218,0,genomicbackground,0,genomicbackground,0.24121205508708954,4218_8_RF00050_8_NC_000913.3_3184369-3184918_ext_320-520_int_140_off_35_percentage_0_position_0-0 genomicbackground,4218,8,4218_8
query_4219,0,genomicbackground,0,genomicbackground,0.03483970835804939,4219_8_RF00050_8_NC_000913.3_3184369-3184918_ext_320-520_int_140_off_40_percentage_0_position_0-0 genomicbackground,4219,8,4219_8
query_4220,0,genomicbackground,0,genomicbackground,0.035864461213350296,4220_8_RF00050_8_NC_000913.3_3184369-3184918_ext_320-520_int_140_off_45_percentage_0_position_0-0 genomicbackground,4220,8,4220_8
query_4221,0,genomicbackground,0,genomicbackground,0.07108018547296524,4221_8_RF00050_8_NC_000913.3_3184369-3184918_ext_320-520_int_140_off_50_percentage_0_position_0-0 genomicbackground,4221,8,4221_8
query_4222,0,genomicbackground,0,genomicbackground,0.002230314305052161,4222_8_RF00050_8_NC_000913.3_3184369-3184918_ext_320-520_int_140_off_55_percentage_0_position_0-0 genomicbackground,4222,8,4222_8
query_4223,0,genomicbackground,0,genomicbackground,0.0022878614254295826,4223_8_RF00050_8_NC_000913.3_3184369-3184918_ext_320-520_int_140_off_60_percentage_0_position_0-0 genomicbackground,4223,8,4223_8
query_4224,0,genomicbackground,1,riboswitch,0.9406769275665283,4224_8_RF00050_8_NC_000913.3_3184369-3184918_ext_320-520_int_145_off_0_percentage_19_position_1-29 genomicbackground,4224,8,4224_8
query_4225,0,genomicbackground,1,riboswitch,0.9865376949310303,4225_8_RF00050_8_NC_000913.3_3184369-3184918_ext_320-520_int_145_off_5_percentage_16_position_1-24 genomicbackground,4225,8,4225_8
query_4226,0,genomicbackground,1,riboswitch,0.9526812434196472,4226_8_RF00050_8_NC_000913.3_3184369-3184918_ext_320-520_int_145_off_10_percentage_13_position_1-19 genomicbackground,4226,8,4226_8
query_4227,0,genomicbackground,0,genomicbackground,0.4331623613834381,4227_8_RF00050_8_NC_000913.3_3184369-3184918_ext_320-520_int_145_off_15_percentage_9_position_1-14 genomicbackground,4227,8,4227_8
query_4228,0,genomicbackground,0,genomicbackground,0.038300223648548126,4228_8_RF00050_8_NC_000913.3_3184369-3184918_ext_320-520_int_145_off_20_percentage_6_position_1-9 genomicbackground,4228,8,4228_8
query_4229,0,genomicbackground,0,genomicbackground,0.021682456135749817,4229_8_RF00050_8_NC_000913.3_3184369-3184918_ext_320-520_int_145_off_25_percentage_3_position_1-4 genomicbackground,4229,8,4229_8
query_4230,0,genomicbackground,0,genomicbackground,0.14384756982326508,4230_8_RF00050_8_NC_000913.3_3184369-3184918_ext_320-520_int_145_off_30_percentage_0_position_0-0 genomicbackground,4230,8,4230_8
query_4231,0,genomicbackground,0,genomicbackground,0.20321932435035706,4231_8_RF00050_8_NC_000913.3_3184369-3184918_ext_320-520_int_145_off_35_percentage_0_position_0-0 genomicbackground,4231,8,4231_8
query_4232,0,genomicbackground,0,genomicbackground,0.03933824598789215,4232_8_RF00050_8_NC_000913.3_3184369-3184918_ext_320-520_int_145_off_40_percentage_0_position_0-0 genomicbackground,4232,8,4232_8
query_4233,0,genomicbackground,0,genomicbackground,0.015684591606259346,4233_8_RF00050_8_NC_000913.3_3184369-3184918_ext_320-520_int_145_off_45_percentage_0_position_0-0 genomicbackground,4233,8,4233_8
query_4234,0,genomicbackground,0,genomicbackground,0.08812868595123291,4234_8_RF00050_8_NC_000913.3_3184369-3184918_ext_320-520_int_145_off_50_percentage_0_position_0-0 genomicbackground,4234,8,4234_8
query_4235,0,genomicbackground,0,genomicbackground,0.002223316812887788,4235_8_RF00050_8_NC_000913.3_3184369-3184918_ext_320-520_int_145_off_55_percentage_0_position_0-0 genomicbackground,4235,8,4235_8
query_4236,0,genomicbackground,1,riboswitch,0.9697050452232361,4236_8_RF00050_8_NC_000913.3_3184369-3184918_ext_320-520_int_150_off_0_percentage_19_position_1-29 genomicbackground,4236,8,4236_8
query_4237,0,genomicbackground,1,riboswitch,0.9900273680686951,4237_8_RF00050_8_NC_000913.3_3184369-3184918_ext_320-520_int_150_off_5_percentage_16_position_1-24 genomicbackground,4237,8,4237_8
query_4238,0,genomicbackground,1,riboswitch,0.9694634079933167,4238_8_RF00050_8_NC_000913.3_3184369-3184918_ext_320-520_int_150_off_10_percentage_13_position_1-19 genomicbackground,4238,8,4238_8
query_4239,0,genomicbackground,1,riboswitch,0.5731446146965027,4239_8_RF00050_8_NC_000913.3_3184369-3184918_ext_320-520_int_150_off_15_percentage_9_position_1-14 genomicbackground,4239,8,4239_8
query_4240,0,genomicbackground,0,genomicbackground,0.04634421318769455,4240_8_RF00050_8_NC_000913.3_3184369-3184918_ext_320-520_int_150_off_20_percentage_6_position_1-9 genomicbackground,4240,8,4240_8
query_4241,0,genomicbackground,0,genomicbackground,0.021662412211298943,4241_8_RF00050_8_NC_000913.3_3184369-3184918_ext_320-520_int_150_off_25_percentage_3_position_1-4 genomicbackground,4241,8,4241_8
query_4242,0,genomicbackground,0,genomicbackground,0.13227827847003937,4242_8_RF00050_8_NC_000913.3_3184369-3184918_ext_320-520_int_150_off_30_percentage_0_position_0-0 genomicbackground,4242,8,4242_8
query_4243,0,genomicbackground,0,genomicbackground,0.2588954567909241,4243_8_RF00050_8_NC_000913.3_3184369-3184918_ext_320-520_int_150_off_35_percentage_0_position_0-0 genomicbackground,4243,8,4243_8
query_4244,0,genomicbackground,0,genomicbackground,0.016556555405259132,4244_8_RF00050_8_NC_000913.3_3184369-3184918_ext_320-520_int_150_off_40_percentage_0_position_0-0 genomicbackground,4244,8,4244_8
query_4245,0,genomicbackground,0,genomicbackground,0.013764037750661373,4245_8_RF00050_8_NC_000913.3_3184369-3184918_ext_320-520_int_150_off_45_percentage_0_position_0-0 genomicbackground,4245,8,4245_8
query_4246,0,genomicbackground,0,genomicbackground,0.01407582312822342,4246_8_RF00050_8_NC_000913.3_3184369-3184918_ext_320-520_int_150_off_50_percentage_0_position_0-0 genomicbackground,4246,8,4246_8
query_4247,0,genomicbackground,1,riboswitch,0.9686048626899719,4247_8_RF00050_8_NC_000913.3_3184369-3184918_ext_320-520_int_155_off_0_percentage_19_position_1-29 genomicbackground,4247,8,4247_8
query_4248,0,genomicbackground,1,riboswitch,0.9951825737953186,4248_8_RF00050_8_NC_000913.3_3184369-3184918_ext_320-520_int_155_off_5_percentage_16_position_1-24 genomicbackground,4248,8,4248_8
query_4249,0,genomicbackground,1,riboswitch,0.9703613519668579,4249_8_RF00050_8_NC_000913.3_3184369-3184918_ext_320-520_int_155_off_10_percentage_13_position_1-19 genomicbackground,4249,8,4249_8
query_4250,0,genomicbackground,0,genomicbackground,0.17327329516410828,4250_8_RF00050_8_NC_000913.3_3184369-3184918_ext_320-520_int_155_off_15_percentage_9_position_1-14 genomicbackground,4250,8,4250_8
query_4251,0,genomicbackground,0,genomicbackground,0.045869648456573486,4251_8_RF00050_8_NC_000913.3_3184369-3184918_ext_320-520_int_155_off_20_percentage_6_position_1-9 genomicbackground,4251,8,4251_8
query_4252,0,genomicbackground,0,genomicbackground,0.01717408187687397,4252_8_RF00050_8_NC_000913.3_3184369-3184918_ext_320-520_int_155_off_25_percentage_3_position_1-4 genomicbackground,4252,8,4252_8
query_4253,0,genomicbackground,0,genomicbackground,0.158991277217865,4253_8_RF00050_8_NC_000913.3_3184369-3184918_ext_320-520_int_155_off_30_percentage_0_position_0-0 genomicbackground,4253,8,4253_8
query_4254,0,genomicbackground,0,genomicbackground,0.04473951831459999,4254_8_RF00050_8_NC_000913.3_3184369-3184918_ext_320-520_int_155_off_35_percentage_0_position_0-0 genomicbackground,4254,8,4254_8
query_4255,0,genomicbackground,0,genomicbackground,0.014219982549548149,4255_8_RF00050_8_NC_000913.3_3184369-3184918_ext_320-520_int_155_off_40_percentage_0_position_0-0 genomicbackground,4255,8,4255_8
query_4256,0,genomicbackground,0,genomicbackground,0.00907912477850914,4256_8_RF00050_8_NC_000913.3_3184369-3184918_ext_320-520_int_155_off_45_percentage_0_position_0-0 genomicbackground,4256,8,4256_8
query_4257,0,genomicbackground,1,riboswitch,0.9807040691375732,4257_8_RF00050_8_NC_000913.3_3184369-3184918_ext_320-520_int_160_off_0_percentage_19_position_1-29 genomicbackground,4257,8,4257_8
query_4258,0,genomicbackground,1,riboswitch,0.9907718896865845,4258_8_RF00050_8_NC_000913.3_3184369-3184918_ext_320-520_int_160_off_5_percentage_16_position_1-24 genomicbackground,4258,8,4258_8
query_4259,0,genomicbackground,1,riboswitch,0.9629845023155212,4259_8_RF00050_8_NC_000913.3_3184369-3184918_ext_320-520_int_160_off_10_percentage_13_position_1-19 genomicbackground,4259,8,4259_8
query_4260,0,genomicbackground,0,genomicbackground,0.15822987258434296,4260_8_RF00050_8_NC_000913.3_3184369-3184918_ext_320-520_int_160_off_15_percentage_9_position_1-14 genomicbackground,4260,8,4260_8
query_4261,0,genomicbackground,0,genomicbackground,0.10440339148044586,4261_8_RF00050_8_NC_000913.3_3184369-3184918_ext_320-520_int_160_off_20_percentage_6_position_1-9 genomicbackground,4261,8,4261_8
query_4262,0,genomicbackground,0,genomicbackground,0.01889190450310707,4262_8_RF00050_8_NC_000913.3_3184369-3184918_ext_320-520_int_160_off_25_percentage_3_position_1-4 genomicbackground,4262,8,4262_8
query_4263,0,genomicbackground,0,genomicbackground,0.039437271654605865,4263_8_RF00050_8_NC_000913.3_3184369-3184918_ext_320-520_int_160_off_30_percentage_0_position_0-0 genomicbackground,4263,8,4263_8
query_4264,0,genomicbackground,0,genomicbackground,0.028202110901474953,4264_8_RF00050_8_NC_000913.3_3184369-3184918_ext_320-520_int_160_off_35_percentage_0_position_0-0 genomicbackground,4264,8,4264_8
query_4265,0,genomicbackground,0,genomicbackground,0.009585791267454624,4265_8_RF00050_8_NC_000913.3_3184369-3184918_ext_320-520_int_160_off_40_percentage_0_position_0-0 genomicbackground,4265,8,4265_8
query_4266,0,genomicbackground,1,riboswitch,0.9914759993553162,4266_8_RF00050_8_NC_000913.3_3184369-3184918_ext_320-520_int_165_off_0_percentage_19_position_1-29 genomicbackground,4266,8,4266_8
query_4267,0,genomicbackground,1,riboswitch,0.992780864238739,4267_8_RF00050_8_NC_000913.3_3184369-3184918_ext_320-520_int_165_off_5_percentage_16_position_1-24 genomicbackground,4267,8,4267_8
query_4268,0,genomicbackground,1,riboswitch,0.7129835486412048,4268_8_RF00050_8_NC_000913.3_3184369-3184918_ext_320-520_int_165_off_10_percentage_13_position_1-19 genomicbackground,4268,8,4268_8
query_4269,0,genomicbackground,1,riboswitch,0.9631442427635193,4269_8_RF00050_8_NC_000913.3_3184369-3184918_ext_320-520_int_165_off_15_percentage_9_position_1-14 genomicbackground,4269,8,4269_8
query_4270,0,genomicbackground,0,genomicbackground,0.12648235261440277,4270_8_RF00050_8_NC_000913.3_3184369-3184918_ext_320-520_int_165_off_20_percentage_6_position_1-9 genomicbackground,4270,8,4270_8
query_4271,0,genomicbackground,0,genomicbackground,0.007353120017796755,4271_8_RF00050_8_NC_000913.3_3184369-3184918_ext_320-520_int_165_off_25_percentage_3_position_1-4 genomicbackground,4271,8,4271_8
query_4272,0,genomicbackground,0,genomicbackground,0.04625779017806053,4272_8_RF00050_8_NC_000913.3_3184369-3184918_ext_320-520_int_165_off_30_percentage_0_position_0-0 genomicbackground,4272,8,4272_8
query_4273,0,genomicbackground,0,genomicbackground,0.012906302697956562,4273_8_RF00050_8_NC_000913.3_3184369-3184918_ext_320-520_int_165_off_35_percentage_0_position_0-0 genomicbackground,4273,8,4273_8
query_4274,0,genomicbackground,1,riboswitch,0.9917564392089844,4274_8_RF00050_8_NC_000913.3_3184369-3184918_ext_320-520_int_170_off_0_percentage_19_position_1-29 genomicbackground,4274,8,4274_8
query_4275,0,genomicbackground,1,riboswitch,0.9922349452972412,4275_8_RF00050_8_NC_000913.3_3184369-3184918_ext_320-520_int_170_off_5_percentage_16_position_1-24 genomicbackground,4275,8,4275_8
query_4276,0,genomicbackground,1,riboswitch,0.5623800754547119,4276_8_RF00050_8_NC_000913.3_3184369-3184918_ext_320-520_int_170_off_10_percentage_13_position_1-19 genomicbackground,4276,8,4276_8
query_4277,0,genomicbackground,0,genomicbackground,0.16752271354198456,4277_8_RF00050_8_NC_000913.3_3184369-3184918_ext_320-520_int_170_off_15_percentage_9_position_1-14 genomicbackground,4277,8,4277_8
query_4278,0,genomicbackground,0,genomicbackground,0.0297602079808712,4278_8_RF00050_8_NC_000913.3_3184369-3184918_ext_320-520_int_170_off_20_percentage_6_position_1-9 genomicbackground,4278,8,4278_8
query_4279,0,genomicbackground,0,genomicbackground,0.015570898540318012,4279_8_RF00050_8_NC_000913.3_3184369-3184918_ext_320-520_int_170_off_25_percentage_3_position_1-4 genomicbackground,4279,8,4279_8
query_4280,0,genomicbackground,0,genomicbackground,0.04482083022594452,4280_8_RF00050_8_NC_000913.3_3184369-3184918_ext_320-520_int_170_off_30_percentage_0_position_0-0 genomicbackground,4280,8,4280_8
query_4281,0,genomicbackground,1,riboswitch,0.9915440082550049,4281_8_RF00050_8_NC_000913.3_3184369-3184918_ext_320-520_int_175_off_0_percentage_19_position_1-29 genomicbackground,4281,8,4281_8
query_4282,0,genomicbackground,1,riboswitch,0.9702205061912537,4282_8_RF00050_8_NC_000913.3_3184369-3184918_ext_320-520_int_175_off_5_percentage_16_position_1-24 genomicbackground,4282,8,4282_8
query_4283,0,genomicbackground,1,riboswitch,0.9022530317306519,4283_8_RF00050_8_NC_000913.3_3184369-3184918_ext_320-520_int_175_off_10_percentage_13_position_1-19 genomicbackground,4283,8,4283_8
query_4284,0,genomicbackground,0,genomicbackground,0.19845770299434662,4284_8_RF00050_8_NC_000913.3_3184369-3184918_ext_320-520_int_175_off_15_percentage_9_position_1-14 genomicbackground,4284,8,4284_8
query_4285,0,genomicbackground,0,genomicbackground,0.04246305674314499,4285_8_RF00050_8_NC_000913.3_3184369-3184918_ext_320-520_int_175_off_20_percentage_6_position_1-9 genomicbackground,4285,8,4285_8
query_4286,0,genomicbackground,0,genomicbackground,0.01527012325823307,4286_8_RF00050_8_NC_000913.3_3184369-3184918_ext_320-520_int_175_off_25_percentage_3_position_1-4 genomicbackground,4286,8,4286_8
query_4287,0,genomicbackground,1,riboswitch,0.9897986650466919,4287_8_RF00050_8_NC_000913.3_3184369-3184918_ext_320-520_int_180_off_0_percentage_19_position_1-29 genomicbackground,4287,8,4287_8
query_4288,0,genomicbackground,1,riboswitch,0.9889039397239685,4288_8_RF00050_8_NC_000913.3_3184369-3184918_ext_320-520_int_180_off_5_percentage_16_position_1-24 genomicbackground,4288,8,4288_8
query_4289,0,genomicbackground,0,genomicbackground,0.2231535166501999,4289_8_RF00050_8_NC_000913.3_3184369-3184918_ext_320-520_int_180_off_10_percentage_13_position_1-19 genomicbackground,4289,8,4289_8
query_4290,0,genomicbackground,0,genomicbackground,0.029754381626844406,4290_8_RF00050_8_NC_000913.3_3184369-3184918_ext_320-520_int_180_off_15_percentage_9_position_1-14 genomicbackground,4290,8,4290_8
query_4291,0,genomicbackground,0,genomicbackground,0.03719616308808327,4291_8_RF00050_8_NC_000913.3_3184369-3184918_ext_320-520_int_180_off_20_percentage_6_position_1-9 genomicbackground,4291,8,4291_8
query_4292,0,genomicbackground,1,riboswitch,0.9901676177978516,4292_8_RF00050_8_NC_000913.3_3184369-3184918_ext_320-520_int_185_off_0_percentage_19_position_1-29 genomicbackground,4292,8,4292_8
query_4293,0,genomicbackground,1,riboswitch,0.9903250932693481,4293_8_RF00050_8_NC_000913.3_3184369-3184918_ext_320-520_int_185_off_5_percentage_16_position_1-24 genomicbackground,4293,8,4293_8
query_4294,0,genomicbackground,0,genomicbackground,0.14647610485553741,4294_8_RF00050_8_NC_000913.3_3184369-3184918_ext_320-520_int_185_off_10_percentage_13_position_1-19 genomicbackground,4294,8,4294_8
query_4295,0,genomicbackground,0,genomicbackground,0.026421068236231804,4295_8_RF00050_8_NC_000913.3_3184369-3184918_ext_320-520_int_185_off_15_percentage_9_position_1-14 genomicbackground,4295,8,4295_8
query_4296,0,genomicbackground,1,riboswitch,0.9856860041618347,4296_8_RF00050_8_NC_000913.3_3184369-3184918_ext_320-520_int_190_off_0_percentage_19_position_1-29 genomicbackground,4296,8,4296_8
query_4297,0,genomicbackground,1,riboswitch,0.5318994522094727,4297_8_RF00050_8_NC_000913.3_3184369-3184918_ext_320-520_int_190_off_5_percentage_16_position_1-24 genomicbackground,4297,8,4297_8
query_4298,0,genomicbackground,0,genomicbackground,0.13259434700012207,4298_8_RF00050_8_NC_000913.3_3184369-3184918_ext_320-520_int_190_off_10_percentage_13_position_1-19 genomicbackground,4298,8,4298_8
query_4299,0,genomicbackground,1,riboswitch,0.5094707012176514,4299_8_RF00050_8_NC_000913.3_3184369-3184918_ext_320-520_int_195_off_0_percentage_19_position_1-29 genomicbackground,4299,8,4299_8
query_4300,0,genomicbackground,1,riboswitch,0.5096666812896729,4300_8_RF00050_8_NC_000913.3_3184369-3184918_ext_320-520_int_195_off_5_percentage_16_position_1-24 genomicbackground,4300,8,4300_8
query_4301,0,genomicbackground,1,riboswitch,0.9902918934822083,4301_8_RF00050_8_NC_000913.3_3184369-3184918_ext_320-520_int_200_off_0_percentage_19_position_1-29 genomicbackground,4301,8,4301_8
query_4302,0,genomicbackground,0,genomicbackground,0.44896990060806274,4302_8_RF00050_8_NC_000913.3_3184369-3184918_ext_340-540_int_95_off_0_percentage_6_position_1-9 genomicbackground,4302,8,4302_8
query_4303,0,genomicbackground,0,genomicbackground,0.013132859952747822,4303_8_RF00050_8_NC_000913.3_3184369-3184918_ext_340-540_int_95_off_5_percentage_3_position_1-4 genomicbackground,4303,8,4303_8
query_4304,0,genomicbackground,0,genomicbackground,0.02613932080566883,4304_8_RF00050_8_NC_000913.3_3184369-3184918_ext_340-540_int_95_off_10_percentage_0_position_0-0 genomicbackground,4304,8,4304_8
query_4305,0,genomicbackground,0,genomicbackground,0.14738352596759796,4305_8_RF00050_8_NC_000913.3_3184369-3184918_ext_340-540_int_95_off_15_percentage_0_position_0-0 genomicbackground,4305,8,4305_8
query_4306,0,genomicbackground,0,genomicbackground,0.1307075470685959,4306_8_RF00050_8_NC_000913.3_3184369-3184918_ext_340-540_int_95_off_20_percentage_0_position_0-0 genomicbackground,4306,8,4306_8
query_4307,0,genomicbackground,0,genomicbackground,0.01173224113881588,4307_8_RF00050_8_NC_000913.3_3184369-3184918_ext_340-540_int_95_off_25_percentage_0_position_0-0 genomicbackground,4307,8,4307_8
query_4308,0,genomicbackground,0,genomicbackground,0.01962253265082836,4308_8_RF00050_8_NC_000913.3_3184369-3184918_ext_340-540_int_95_off_30_percentage_0_position_0-0 genomicbackground,4308,8,4308_8
query_4309,0,genomicbackground,0,genomicbackground,0.022200969979166985,4309_8_RF00050_8_NC_000913.3_3184369-3184918_ext_340-540_int_95_off_35_percentage_0_position_0-0 genomicbackground,4309,8,4309_8
query_4310,0,genomicbackground,0,genomicbackground,0.05590656399726868,4310_8_RF00050_8_NC_000913.3_3184369-3184918_ext_340-540_int_95_off_40_percentage_0_position_0-0 genomicbackground,4310,8,4310_8
query_4311,0,genomicbackground,0,genomicbackground,0.052105825394392014,4311_8_RF00050_8_NC_000913.3_3184369-3184918_ext_340-540_int_95_off_45_percentage_0_position_0-0 genomicbackground,4311,8,4311_8
query_4312,0,genomicbackground,1,riboswitch,0.7318738698959351,4312_8_RF00050_8_NC_000913.3_3184369-3184918_ext_340-540_int_95_off_50_percentage_0_position_0-0 genomicbackground,4312,8,4312_8
query_4313,0,genomicbackground,0,genomicbackground,0.05805888772010803,4313_8_RF00050_8_NC_000913.3_3184369-3184918_ext_340-540_int_95_off_55_percentage_0_position_0-0 genomicbackground,4313,8,4313_8
query_4314,0,genomicbackground,0,genomicbackground,0.08006401360034943,4314_8_RF00050_8_NC_000913.3_3184369-3184918_ext_340-540_int_95_off_60_percentage_0_position_0-0 genomicbackground,4314,8,4314_8
query_4315,0,genomicbackground,0,genomicbackground,0.012527740560472012,4315_8_RF00050_8_NC_000913.3_3184369-3184918_ext_340-540_int_95_off_65_percentage_0_position_0-0 genomicbackground,4315,8,4315_8
query_4316,0,genomicbackground,0,genomicbackground,0.07285095006227493,4316_8_RF00050_8_NC_000913.3_3184369-3184918_ext_340-540_int_95_off_70_percentage_0_position_0-0 genomicbackground,4316,8,4316_8
query_4317,0,genomicbackground,0,genomicbackground,0.03219718113541603,4317_8_RF00050_8_NC_000913.3_3184369-3184918_ext_340-540_int_95_off_75_percentage_0_position_0-0 genomicbackground,4317,8,4317_8
query_4318,0,genomicbackground,0,genomicbackground,0.02000596933066845,4318_8_RF00050_8_NC_000913.3_3184369-3184918_ext_340-540_int_95_off_80_percentage_0_position_0-0 genomicbackground,4318,8,4318_8
query_4319,0,genomicbackground,0,genomicbackground,0.011184860952198505,4319_8_RF00050_8_NC_000913.3_3184369-3184918_ext_340-540_int_95_off_85_percentage_0_position_0-0 genomicbackground,4319,8,4319_8
query_4320,0,genomicbackground,0,genomicbackground,0.019230734556913376,4320_8_RF00050_8_NC_000913.3_3184369-3184918_ext_340-540_int_95_off_90_percentage_0_position_0-0 genomicbackground,4320,8,4320_8
query_4321,0,genomicbackground,0,genomicbackground,0.1047106608748436,4321_8_RF00050_8_NC_000913.3_3184369-3184918_ext_340-540_int_95_off_95_percentage_0_position_0-0 genomicbackground,4321,8,4321_8
query_4322,0,genomicbackground,0,genomicbackground,0.030153324827551842,4322_8_RF00050_8_NC_000913.3_3184369-3184918_ext_340-540_int_95_off_100_percentage_0_position_0-0 genomicbackground,4322,8,4322_8
query_4323,0,genomicbackground,0,genomicbackground,0.3665287494659424,4323_8_RF00050_8_NC_000913.3_3184369-3184918_ext_340-540_int_95_off_105_percentage_0_position_0-0 genomicbackground,4323,8,4323_8
query_4324,0,genomicbackground,0,genomicbackground,0.06933560222387314,4324_8_RF00050_8_NC_000913.3_3184369-3184918_ext_340-540_int_100_off_0_percentage_6_position_1-9 genomicbackground,4324,8,4324_8
query_4325,0,genomicbackground,1,riboswitch,0.866111695766449,4325_8_RF00050_8_NC_000913.3_3184369-3184918_ext_340-540_int_100_off_5_percentage_3_position_1-4 genomicbackground,4325,8,4325_8
query_4326,0,genomicbackground,0,genomicbackground,0.027872391045093536,4326_8_RF00050_8_NC_000913.3_3184369-3184918_ext_340-540_int_100_off_10_percentage_0_position_0-0 genomicbackground,4326,8,4326_8
query_4327,0,genomicbackground,0,genomicbackground,0.1649937629699707,4327_8_RF00050_8_NC_000913.3_3184369-3184918_ext_340-540_int_100_off_15_percentage_0_position_0-0 genomicbackground,4327,8,4327_8
query_4328,0,genomicbackground,0,genomicbackground,0.06685000658035278,4328_8_RF00050_8_NC_000913.3_3184369-3184918_ext_340-540_int_100_off_20_percentage_0_position_0-0 genomicbackground,4328,8,4328_8
query_4329,0,genomicbackground,0,genomicbackground,0.011941052973270416,4329_8_RF00050_8_NC_000913.3_3184369-3184918_ext_340-540_int_100_off_25_percentage_0_position_0-0 genomicbackground,4329,8,4329_8
query_4330,0,genomicbackground,0,genomicbackground,0.019574502483010292,4330_8_RF00050_8_NC_000913.3_3184369-3184918_ext_340-540_int_100_off_30_percentage_0_position_0-0 genomicbackground,4330,8,4330_8
query_4331,0,genomicbackground,0,genomicbackground,0.020892495289444923,4331_8_RF00050_8_NC_000913.3_3184369-3184918_ext_340-540_int_100_off_35_percentage_0_position_0-0 genomicbackground,4331,8,4331_8
query_4332,0,genomicbackground,0,genomicbackground,0.06762238591909409,4332_8_RF00050_8_NC_000913.3_3184369-3184918_ext_340-540_int_100_off_40_percentage_0_position_0-0 genomicbackground,4332,8,4332_8
query_4333,0,genomicbackground,0,genomicbackground,0.47076648473739624,4333_8_RF00050_8_NC_000913.3_3184369-3184918_ext_340-540_int_100_off_45_percentage_0_position_0-0 genomicbackground,4333,8,4333_8
query_4334,0,genomicbackground,1,riboswitch,0.6029205918312073,4334_8_RF00050_8_NC_000913.3_3184369-3184918_ext_340-540_int_100_off_50_percentage_0_position_0-0 genomicbackground,4334,8,4334_8
query_4335,0,genomicbackground,0,genomicbackground,0.05975550785660744,4335_8_RF00050_8_NC_000913.3_3184369-3184918_ext_340-540_int_100_off_55_percentage_0_position_0-0 genomicbackground,4335,8,4335_8
query_4336,0,genomicbackground,0,genomicbackground,0.021290263161063194,4336_8_RF00050_8_NC_000913.3_3184369-3184918_ext_340-540_int_100_off_60_percentage_0_position_0-0 genomicbackground,4336,8,4336_8
query_4337,0,genomicbackground,0,genomicbackground,0.03945254534482956,4337_8_RF00050_8_NC_000913.3_3184369-3184918_ext_340-540_int_100_off_65_percentage_0_position_0-0 genomicbackground,4337,8,4337_8
query_4338,0,genomicbackground,0,genomicbackground,0.041890375316143036,4338_8_RF00050_8_NC_000913.3_3184369-3184918_ext_340-540_int_100_off_70_percentage_0_position_0-0 genomicbackground,4338,8,4338_8
query_4339,0,genomicbackground,0,genomicbackground,0.013335570693016052,4339_8_RF00050_8_NC_000913.3_3184369-3184918_ext_340-540_int_100_off_75_percentage_0_position_0-0 genomicbackground,4339,8,4339_8
query_4340,0,genomicbackground,0,genomicbackground,0.011952160857617855,4340_8_RF00050_8_NC_000913.3_3184369-3184918_ext_340-540_int_100_off_80_percentage_0_position_0-0 genomicbackground,4340,8,4340_8
query_4341,0,genomicbackground,0,genomicbackground,0.00953605305403471,4341_8_RF00050_8_NC_000913.3_3184369-3184918_ext_340-540_int_100_off_85_percentage_0_position_0-0 genomicbackground,4341,8,4341_8
query_4342,0,genomicbackground,0,genomicbackground,0.023133091628551483,4342_8_RF00050_8_NC_000913.3_3184369-3184918_ext_340-540_int_100_off_90_percentage_0_position_0-0 genomicbackground,4342,8,4342_8
query_4343,0,genomicbackground,1,riboswitch,0.5108070969581604,4343_8_RF00050_8_NC_000913.3_3184369-3184918_ext_340-540_int_100_off_95_percentage_0_position_0-0 genomicbackground,4343,8,4343_8
query_4344,0,genomicbackground,0,genomicbackground,0.02484666183590889,4344_8_RF00050_8_NC_000913.3_3184369-3184918_ext_340-540_int_100_off_100_percentage_0_position_0-0 genomicbackground,4344,8,4344_8
query_4345,0,genomicbackground,1,riboswitch,0.5208227038383484,4345_8_RF00050_8_NC_000913.3_3184369-3184918_ext_340-540_int_105_off_0_percentage_6_position_1-9 genomicbackground,4345,8,4345_8
query_4346,0,genomicbackground,1,riboswitch,0.6563183069229126,4346_8_RF00050_8_NC_000913.3_3184369-3184918_ext_340-540_int_105_off_5_percentage_3_position_1-4 genomicbackground,4346,8,4346_8
query_4347,0,genomicbackground,0,genomicbackground,0.010357518680393696,4347_8_RF00050_8_NC_000913.3_3184369-3184918_ext_340-540_int_105_off_10_percentage_0_position_0-0 genomicbackground,4347,8,4347_8
query_4348,0,genomicbackground,0,genomicbackground,0.014579047448933125,4348_8_RF00050_8_NC_000913.3_3184369-3184918_ext_340-540_int_105_off_15_percentage_0_position_0-0 genomicbackground,4348,8,4348_8
query_4349,0,genomicbackground,0,genomicbackground,0.01287717092782259,4349_8_RF00050_8_NC_000913.3_3184369-3184918_ext_340-540_int_105_off_20_percentage_0_position_0-0 genomicbackground,4349,8,4349_8
query_4350,0,genomicbackground,0,genomicbackground,0.010989210568368435,4350_8_RF00050_8_NC_000913.3_3184369-3184918_ext_340-540_int_105_off_25_percentage_0_position_0-0 genomicbackground,4350,8,4350_8
query_4351,0,genomicbackground,0,genomicbackground,0.018691765144467354,4351_8_RF00050_8_NC_000913.3_3184369-3184918_ext_340-540_int_105_off_30_percentage_0_position_0-0 genomicbackground,4351,8,4351_8
query_4352,0,genomicbackground,0,genomicbackground,0.023370474576950073,4352_8_RF00050_8_NC_000913.3_3184369-3184918_ext_340-540_int_105_off_35_percentage_0_position_0-0 genomicbackground,4352,8,4352_8
query_4353,0,genomicbackground,0,genomicbackground,0.1229672059416771,4353_8_RF00050_8_NC_000913.3_3184369-3184918_ext_340-540_int_105_off_40_percentage_0_position_0-0 genomicbackground,4353,8,4353_8
query_4354,0,genomicbackground,0,genomicbackground,0.29800277948379517,4354_8_RF00050_8_NC_000913.3_3184369-3184918_ext_340-540_int_105_off_45_percentage_0_position_0-0 genomicbackground,4354,8,4354_8
query_4355,0,genomicbackground,1,riboswitch,0.6446760296821594,4355_8_RF00050_8_NC_000913.3_3184369-3184918_ext_340-540_int_105_off_50_percentage_0_position_0-0 genomicbackground,4355,8,4355_8
query_4356,0,genomicbackground,0,genomicbackground,0.02650260552763939,4356_8_RF00050_8_NC_000913.3_3184369-3184918_ext_340-540_int_105_off_55_percentage_0_position_0-0 genomicbackground,4356,8,4356_8
query_4357,0,genomicbackground,0,genomicbackground,0.07942148298025131,4357_8_RF00050_8_NC_000913.3_3184369-3184918_ext_340-540_int_105_off_60_percentage_0_position_0-0 genomicbackground,4357,8,4357_8
query_4358,0,genomicbackground,0,genomicbackground,0.055218856781721115,4358_8_RF00050_8_NC_000913.3_3184369-3184918_ext_340-540_int_105_off_65_percentage_0_position_0-0 genomicbackground,4358,8,4358_8
query_4359,0,genomicbackground,0,genomicbackground,0.0029162236023694277,4359_8_RF00050_8_NC_000913.3_3184369-3184918_ext_340-540_int_105_off_70_percentage_0_position_0-0 genomicbackground,4359,8,4359_8
query_4360,0,genomicbackground,0,genomicbackground,0.009383868426084518,4360_8_RF00050_8_NC_000913.3_3184369-3184918_ext_340-540_int_105_off_75_percentage_0_position_0-0 genomicbackground,4360,8,4360_8
query_4361,0,genomicbackground,0,genomicbackground,0.01019425131380558,4361_8_RF00050_8_NC_000913.3_3184369-3184918_ext_340-540_int_105_off_80_percentage_0_position_0-0 genomicbackground,4361,8,4361_8
query_4362,0,genomicbackground,0,genomicbackground,0.008933883160352707,4362_8_RF00050_8_NC_000913.3_3184369-3184918_ext_340-540_int_105_off_85_percentage_0_position_0-0 genomicbackground,4362,8,4362_8
query_4363,0,genomicbackground,0,genomicbackground,0.05961036682128906,4363_8_RF00050_8_NC_000913.3_3184369-3184918_ext_340-540_int_105_off_90_percentage_0_position_0-0 genomicbackground,4363,8,4363_8
query_4364,0,genomicbackground,1,riboswitch,0.5168458819389343,4364_8_RF00050_8_NC_000913.3_3184369-3184918_ext_340-540_int_105_off_95_percentage_0_position_0-0 genomicbackground,4364,8,4364_8
query_4365,0,genomicbackground,0,genomicbackground,0.38502269983291626,4365_8_RF00050_8_NC_000913.3_3184369-3184918_ext_340-540_int_110_off_0_percentage_6_position_1-9 genomicbackground,4365,8,4365_8
query_4366,0,genomicbackground,0,genomicbackground,0.30827316641807556,4366_8_RF00050_8_NC_000913.3_3184369-3184918_ext_340-540_int_110_off_5_percentage_3_position_1-4 genomicbackground,4366,8,4366_8
query_4367,0,genomicbackground,0,genomicbackground,0.01694832742214203,4367_8_RF00050_8_NC_000913.3_3184369-3184918_ext_340-540_int_110_off_10_percentage_0_position_0-0 genomicbackground,4367,8,4367_8
query_4368,0,genomicbackground,0,genomicbackground,0.029332492500543594,4368_8_RF00050_8_NC_000913.3_3184369-3184918_ext_340-540_int_110_off_15_percentage_0_position_0-0 genomicbackground,4368,8,4368_8
query_4369,0,genomicbackground,0,genomicbackground,0.01258658803999424,4369_8_RF00050_8_NC_000913.3_3184369-3184918_ext_340-540_int_110_off_20_percentage_0_position_0-0 genomicbackground,4369,8,4369_8
query_4370,0,genomicbackground,0,genomicbackground,0.010596690699458122,4370_8_RF00050_8_NC_000913.3_3184369-3184918_ext_340-540_int_110_off_25_percentage_0_position_0-0 genomicbackground,4370,8,4370_8
query_4371,0,genomicbackground,0,genomicbackground,0.021050604060292244,4371_8_RF00050_8_NC_000913.3_3184369-3184918_ext_340-540_int_110_off_30_percentage_0_position_0-0 genomicbackground,4371,8,4371_8
query_4372,0,genomicbackground,0,genomicbackground,0.04614885523915291,4372_8_RF00050_8_NC_000913.3_3184369-3184918_ext_340-540_int_110_off_35_percentage_0_position_0-0 genomicbackground,4372,8,4372_8
query_4373,0,genomicbackground,0,genomicbackground,0.24639466404914856,4373_8_RF00050_8_NC_000913.3_3184369-3184918_ext_340-540_int_110_off_40_percentage_0_position_0-0 genomicbackground,4373,8,4373_8
query_4374,0,genomicbackground,0,genomicbackground,0.32466769218444824,4374_8_RF00050_8_NC_000913.3_3184369-3184918_ext_340-540_int_110_off_45_percentage_0_position_0-0 genomicbackground,4374,8,4374_8
query_4375,0,genomicbackground,0,genomicbackground,0.3599303364753723,4375_8_RF00050_8_NC_000913.3_3184369-3184918_ext_340-540_int_110_off_50_percentage_0_position_0-0 genomicbackground,4375,8,4375_8
query_4376,0,genomicbackground,0,genomicbackground,0.06048958748579025,4376_8_RF00050_8_NC_000913.3_3184369-3184918_ext_340-540_int_110_off_55_percentage_0_position_0-0 genomicbackground,4376,8,4376_8
query_4377,0,genomicbackground,0,genomicbackground,0.09763134270906448,4377_8_RF00050_8_NC_000913.3_3184369-3184918_ext_340-540_int_110_off_60_percentage_0_position_0-0 genomicbackground,4377,8,4377_8
query_4378,0,genomicbackground,0,genomicbackground,0.002890246221795678,4378_8_RF00050_8_NC_000913.3_3184369-3184918_ext_340-540_int_110_off_65_percentage_0_position_0-0 genomicbackground,4378,8,4378_8
query_4379,0,genomicbackground,0,genomicbackground,0.016614748165011406,4379_8_RF00050_8_NC_000913.3_3184369-3184918_ext_340-540_int_110_off_70_percentage_0_position_0-0 genomicbackground,4379,8,4379_8
query_4380,0,genomicbackground,0,genomicbackground,0.008453632704913616,4380_8_RF00050_8_NC_000913.3_3184369-3184918_ext_340-540_int_110_off_75_percentage_0_position_0-0 genomicbackground,4380,8,4380_8
query_4381,0,genomicbackground,0,genomicbackground,0.009615626186132431,4381_8_RF00050_8_NC_000913.3_3184369-3184918_ext_340-540_int_110_off_80_percentage_0_position_0-0 genomicbackground,4381,8,4381_8
query_4382,0,genomicbackground,0,genomicbackground,0.020048609003424644,4382_8_RF00050_8_NC_000913.3_3184369-3184918_ext_340-540_int_110_off_85_percentage_0_position_0-0 genomicbackground,4382,8,4382_8
query_4383,0,genomicbackground,0,genomicbackground,0.06009384244680405,4383_8_RF00050_8_NC_000913.3_3184369-3184918_ext_340-540_int_110_off_90_percentage_0_position_0-0 genomicbackground,4383,8,4383_8
query_4384,0,genomicbackground,0,genomicbackground,0.21518048644065857,4384_8_RF00050_8_NC_000913.3_3184369-3184918_ext_340-540_int_115_off_0_percentage_6_position_1-9 genomicbackground,4384,8,4384_8
query_4385,0,genomicbackground,0,genomicbackground,0.01143391989171505,4385_8_RF00050_8_NC_000913.3_3184369-3184918_ext_340-540_int_115_off_5_percentage_3_position_1-4 genomicbackground,4385,8,4385_8
query_4386,0,genomicbackground,0,genomicbackground,0.024270521476864815,4386_8_RF00050_8_NC_000913.3_3184369-3184918_ext_340-540_int_115_off_10_percentage_0_position_0-0 genomicbackground,4386,8,4386_8
query_4387,0,genomicbackground,0,genomicbackground,0.05169312655925751,4387_8_RF00050_8_NC_000913.3_3184369-3184918_ext_340-540_int_115_off_15_percentage_0_position_0-0 genomicbackground,4387,8,4387_8
query_4388,0,genomicbackground,0,genomicbackground,0.011968854814767838,4388_8_RF00050_8_NC_000913.3_3184369-3184918_ext_340-540_int_115_off_20_percentage_0_position_0-0 genomicbackground,4388,8,4388_8
query_4389,0,genomicbackground,0,genomicbackground,0.01138282846659422,4389_8_RF00050_8_NC_000913.3_3184369-3184918_ext_340-540_int_115_off_25_percentage_0_position_0-0 genomicbackground,4389,8,4389_8
query_4390,0,genomicbackground,0,genomicbackground,0.04379824921488762,4390_8_RF00050_8_NC_000913.3_3184369-3184918_ext_340-540_int_115_off_30_percentage_0_position_0-0 genomicbackground,4390,8,4390_8
query_4391,0,genomicbackground,0,genomicbackground,0.08533434569835663,4391_8_RF00050_8_NC_000913.3_3184369-3184918_ext_340-540_int_115_off_35_percentage_0_position_0-0 genomicbackground,4391,8,4391_8
query_4392,0,genomicbackground,0,genomicbackground,0.2721691429615021,4392_8_RF00050_8_NC_000913.3_3184369-3184918_ext_340-540_int_115_off_40_percentage_0_position_0-0 genomicbackground,4392,8,4392_8
query_4393,0,genomicbackground,0,genomicbackground,0.028186731040477753,4393_8_RF00050_8_NC_000913.3_3184369-3184918_ext_340-540_int_115_off_45_percentage_0_position_0-0 genomicbackground,4393,8,4393_8
query_4394,0,genomicbackground,0,genomicbackground,0.4214702546596527,4394_8_RF00050_8_NC_000913.3_3184369-3184918_ext_340-540_int_115_off_50_percentage_0_position_0-0 genomicbackground,4394,8,4394_8
query_4395,0,genomicbackground,0,genomicbackground,0.07532461732625961,4395_8_RF00050_8_NC_000913.3_3184369-3184918_ext_340-540_int_115_off_55_percentage_0_position_0-0 genomicbackground,4395,8,4395_8
query_4396,0,genomicbackground,0,genomicbackground,0.002950049238279462,4396_8_RF00050_8_NC_000913.3_3184369-3184918_ext_340-540_int_115_off_60_percentage_0_position_0-0 genomicbackground,4396,8,4396_8
query_4397,0,genomicbackground,0,genomicbackground,0.0028730016201734543,4397_8_RF00050_8_NC_000913.3_3184369-3184918_ext_340-540_int_115_off_65_percentage_0_position_0-0 genomicbackground,4397,8,4397_8
query_4398,0,genomicbackground,0,genomicbackground,0.0037980610504746437,4398_8_RF00050_8_NC_000913.3_3184369-3184918_ext_340-540_int_115_off_70_percentage_0_position_0-0 genomicbackground,4398,8,4398_8
query_4399,0,genomicbackground,0,genomicbackground,0.010017228312790394,4399_8_RF00050_8_NC_000913.3_3184369-3184918_ext_340-540_int_115_off_75_percentage_0_position_0-0 genomicbackground,4399,8,4399_8
query_4400,0,genomicbackground,0,genomicbackground,0.021054374054074287,4400_8_RF00050_8_NC_000913.3_3184369-3184918_ext_340-540_int_115_off_80_percentage_0_position_0-0 genomicbackground,4400,8,4400_8
query_4401,0,genomicbackground,0,genomicbackground,0.022394610568881035,4401_8_RF00050_8_NC_000913.3_3184369-3184918_ext_340-540_int_115_off_85_percentage_0_position_0-0 genomicbackground,4401,8,4401_8
query_4402,0,genomicbackground,0,genomicbackground,0.03876429796218872,4402_8_RF00050_8_NC_000913.3_3184369-3184918_ext_340-540_int_120_off_0_percentage_6_position_1-9 genomicbackground,4402,8,4402_8
query_4403,0,genomicbackground,0,genomicbackground,0.01694648340344429,4403_8_RF00050_8_NC_000913.3_3184369-3184918_ext_340-540_int_120_off_5_percentage_3_position_1-4 genomicbackground,4403,8,4403_8
query_4404,0,genomicbackground,0,genomicbackground,0.029281267896294594,4404_8_RF00050_8_NC_000913.3_3184369-3184918_ext_340-540_int_120_off_10_percentage_0_position_0-0 genomicbackground,4404,8,4404_8
query_4405,0,genomicbackground,0,genomicbackground,0.0349072702229023,4405_8_RF00050_8_NC_000913.3_3184369-3184918_ext_340-540_int_120_off_15_percentage_0_position_0-0 genomicbackground,4405,8,4405_8
query_4406,0,genomicbackground,0,genomicbackground,0.012464103288948536,4406_8_RF00050_8_NC_000913.3_3184369-3184918_ext_340-540_int_120_off_20_percentage_0_position_0-0 genomicbackground,4406,8,4406_8
query_4407,0,genomicbackground,0,genomicbackground,0.01965978927910328,4407_8_RF00050_8_NC_000913.3_3184369-3184918_ext_340-540_int_120_off_25_percentage_0_position_0-0 genomicbackground,4407,8,4407_8
query_4408,0,genomicbackground,0,genomicbackground,0.08737598359584808,4408_8_RF00050_8_NC_000913.3_3184369-3184918_ext_340-540_int_120_off_30_percentage_0_position_0-0 genomicbackground,4408,8,4408_8
query_4409,0,genomicbackground,0,genomicbackground,0.18566358089447021,4409_8_RF00050_8_NC_000913.3_3184369-3184918_ext_340-540_int_120_off_35_percentage_0_position_0-0 genomicbackground,4409,8,4409_8
query_4410,0,genomicbackground,0,genomicbackground,0.02324758470058441,4410_8_RF00050_8_NC_000913.3_3184369-3184918_ext_340-540_int_120_off_40_percentage_0_position_0-0 genomicbackground,4410,8,4410_8
query_4411,0,genomicbackground,0,genomicbackground,0.18411068618297577,4411_8_RF00050_8_NC_000913.3_3184369-3184918_ext_340-540_int_120_off_45_percentage_0_position_0-0 genomicbackground,4411,8,4411_8
query_4412,0,genomicbackground,0,genomicbackground,0.4558541774749756,4412_8_RF00050_8_NC_000913.3_3184369-3184918_ext_340-540_int_120_off_50_percentage_0_position_0-0 genomicbackground,4412,8,4412_8
query_4413,0,genomicbackground,0,genomicbackground,0.0027161864563822746,4413_8_RF00050_8_NC_000913.3_3184369-3184918_ext_340-540_int_120_off_55_percentage_0_position_0-0 genomicbackground,4413,8,4413_8
query_4414,0,genomicbackground,0,genomicbackground,0.002937254961580038,4414_8_RF00050_8_NC_000913.3_3184369-3184918_ext_340-540_int_120_off_60_percentage_0_position_0-0 genomicbackground,4414,8,4414_8
query_4415,0,genomicbackground,0,genomicbackground,0.0032917128410190344,4415_8_RF00050_8_NC_000913.3_3184369-3184918_ext_340-540_int_120_off_65_percentage_0_position_0-0 genomicbackground,4415,8,4415_8
query_4416,0,genomicbackground,0,genomicbackground,0.004078299272805452,4416_8_RF00050_8_NC_000913.3_3184369-3184918_ext_340-540_int_120_off_70_percentage_0_position_0-0 genomicbackground,4416,8,4416_8
query_4417,0,genomicbackground,0,genomicbackground,0.017240682616829872,4417_8_RF00050_8_NC_000913.3_3184369-3184918_ext_340-540_int_120_off_75_percentage_0_position_0-0 genomicbackground,4417,8,4417_8
query_4418,0,genomicbackground,0,genomicbackground,0.022735031321644783,4418_8_RF00050_8_NC_000913.3_3184369-3184918_ext_340-540_int_120_off_80_percentage_0_position_0-0 genomicbackground,4418,8,4418_8
query_4419,0,genomicbackground,0,genomicbackground,0.034428372979164124,4419_8_RF00050_8_NC_000913.3_3184369-3184918_ext_340-540_int_125_off_0_percentage_6_position_1-9 genomicbackground,4419,8,4419_8
query_4420,0,genomicbackground,0,genomicbackground,0.02128330059349537,4420_8_RF00050_8_NC_000913.3_3184369-3184918_ext_340-540_int_125_off_5_percentage_3_position_1-4 genomicbackground,4420,8,4420_8
query_4421,0,genomicbackground,0,genomicbackground,0.02486584521830082,4421_8_RF00050_8_NC_000913.3_3184369-3184918_ext_340-540_int_125_off_10_percentage_0_position_0-0 genomicbackground,4421,8,4421_8
query_4422,0,genomicbackground,0,genomicbackground,0.036871932446956635,4422_8_RF00050_8_NC_000913.3_3184369-3184918_ext_340-540_int_125_off_15_percentage_0_position_0-0 genomicbackground,4422,8,4422_8
query_4423,0,genomicbackground,0,genomicbackground,0.020865101367235184,4423_8_RF00050_8_NC_000913.3_3184369-3184918_ext_340-540_int_125_off_20_percentage_0_position_0-0 genomicbackground,4423,8,4423_8
query_4424,0,genomicbackground,0,genomicbackground,0.016877856105566025,4424_8_RF00050_8_NC_000913.3_3184369-3184918_ext_340-540_int_125_off_25_percentage_0_position_0-0 genomicbackground,4424,8,4424_8
query_4425,0,genomicbackground,0,genomicbackground,0.08920370787382126,4425_8_RF00050_8_NC_000913.3_3184369-3184918_ext_340-540_int_125_off_30_percentage_0_position_0-0 genomicbackground,4425,8,4425_8
query_4426,0,genomicbackground,0,genomicbackground,0.051635872572660446,4426_8_RF00050_8_NC_000913.3_3184369-3184918_ext_340-540_int_125_off_35_percentage_0_position_0-0 genomicbackground,4426,8,4426_8
query_4427,0,genomicbackground,0,genomicbackground,0.1716027408838272,4427_8_RF00050_8_NC_000913.3_3184369-3184918_ext_340-540_int_125_off_40_percentage_0_position_0-0 genomicbackground,4427,8,4427_8
query_4428,0,genomicbackground,0,genomicbackground,0.17301629483699799,4428_8_RF00050_8_NC_000913.3_3184369-3184918_ext_340-540_int_125_off_45_percentage_0_position_0-0 genomicbackground,4428,8,4428_8
query_4429,0,genomicbackground,0,genomicbackground,0.002565459581092,4429_8_RF00050_8_NC_000913.3_3184369-3184918_ext_340-540_int_125_off_50_percentage_0_position_0-0 genomicbackground,4429,8,4429_8
query_4430,0,genomicbackground,0,genomicbackground,0.0027130255475640297,4430_8_RF00050_8_NC_000913.3_3184369-3184918_ext_340-540_int_125_off_55_percentage_0_position_0-0 genomicbackground,4430,8,4430_8
query_4431,0,genomicbackground,0,genomicbackground,0.003957253415137529,4431_8_RF00050_8_NC_000913.3_3184369-3184918_ext_340-540_int_125_off_60_percentage_0_position_0-0 genomicbackground,4431,8,4431_8
query_4432,0,genomicbackground,0,genomicbackground,0.003040479263290763,4432_8_RF00050_8_NC_000913.3_3184369-3184918_ext_340-540_int_125_off_65_percentage_0_position_0-0 genomicbackground,4432,8,4432_8
query_4433,0,genomicbackground,0,genomicbackground,0.013663914985954762,4433_8_RF00050_8_NC_000913.3_3184369-3184918_ext_340-540_int_125_off_70_percentage_0_position_0-0 genomicbackground,4433,8,4433_8
query_4434,0,genomicbackground,0,genomicbackground,0.018050597980618477,4434_8_RF00050_8_NC_000913.3_3184369-3184918_ext_340-540_int_125_off_75_percentage_0_position_0-0 genomicbackground,4434,8,4434_8
query_4435,0,genomicbackground,0,genomicbackground,0.044010259211063385,4435_8_RF00050_8_NC_000913.3_3184369-3184918_ext_340-540_int_130_off_0_percentage_6_position_1-9 genomicbackground,4435,8,4435_8
query_4436,0,genomicbackground,0,genomicbackground,0.019493671134114265,4436_8_RF00050_8_NC_000913.3_3184369-3184918_ext_340-540_int_130_off_5_percentage_3_position_1-4 genomicbackground,4436,8,4436_8
query_4437,0,genomicbackground,0,genomicbackground,0.02782406099140644,4437_8_RF00050_8_NC_000913.3_3184369-3184918_ext_340-540_int_130_off_10_percentage_0_position_0-0 genomicbackground,4437,8,4437_8
query_4438,0,genomicbackground,0,genomicbackground,0.19696007668972015,4438_8_RF00050_8_NC_000913.3_3184369-3184918_ext_340-540_int_130_off_15_percentage_0_position_0-0 genomicbackground,4438,8,4438_8
query_4439,0,genomicbackground,0,genomicbackground,0.017324980348348618,4439_8_RF00050_8_NC_000913.3_3184369-3184918_ext_340-540_int_130_off_20_percentage_0_position_0-0 genomicbackground,4439,8,4439_8
query_4440,0,genomicbackground,0,genomicbackground,0.018486538901925087,4440_8_RF00050_8_NC_000913.3_3184369-3184918_ext_340-540_int_130_off_25_percentage_0_position_0-0 genomicbackground,4440,8,4440_8
query_4441,0,genomicbackground,0,genomicbackground,0.1835024356842041,4441_8_RF00050_8_NC_000913.3_3184369-3184918_ext_340-540_int_130_off_30_percentage_0_position_0-0 genomicbackground,4441,8,4441_8
query_4442,0,genomicbackground,0,genomicbackground,0.06507684290409088,4442_8_RF00050_8_NC_000913.3_3184369-3184918_ext_340-540_int_130_off_35_percentage_0_position_0-0 genomicbackground,4442,8,4442_8
query_4443,0,genomicbackground,0,genomicbackground,0.06138695776462555,4443_8_RF00050_8_NC_000913.3_3184369-3184918_ext_340-540_int_130_off_40_percentage_0_position_0-0 genomicbackground,4443,8,4443_8
query_4444,0,genomicbackground,0,genomicbackground,0.0025818205904215574,4444_8_RF00050_8_NC_000913.3_3184369-3184918_ext_340-540_int_130_off_45_percentage_0_position_0-0 genomicbackground,4444,8,4444_8
query_4445,0,genomicbackground,0,genomicbackground,0.0024077713023871183,4445_8_RF00050_8_NC_000913.3_3184369-3184918_ext_340-540_int_130_off_50_percentage_0_position_0-0 genomicbackground,4445,8,4445_8
query_4446,0,genomicbackground,0,genomicbackground,0.0035100653767585754,4446_8_RF00050_8_NC_000913.3_3184369-3184918_ext_340-540_int_130_off_55_percentage_0_position_0-0 genomicbackground,4446,8,4446_8
query_4447,0,genomicbackground,0,genomicbackground,0.005283774808049202,4447_8_RF00050_8_NC_000913.3_3184369-3184918_ext_340-540_int_130_off_60_percentage_0_position_0-0 genomicbackground,4447,8,4447_8
query_4448,0,genomicbackground,0,genomicbackground,0.01332052145153284,4448_8_RF00050_8_NC_000913.3_3184369-3184918_ext_340-540_int_130_off_65_percentage_0_position_0-0 genomicbackground,4448,8,4448_8
query_4449,0,genomicbackground,0,genomicbackground,0.007569592911750078,4449_8_RF00050_8_NC_000913.3_3184369-3184918_ext_340-540_int_130_off_70_percentage_0_position_0-0 genomicbackground,4449,8,4449_8
query_4450,0,genomicbackground,0,genomicbackground,0.0406859926879406,4450_8_RF00050_8_NC_000913.3_3184369-3184918_ext_340-540_int_135_off_0_percentage_6_position_1-9 genomicbackground,4450,8,4450_8
query_4451,0,genomicbackground,0,genomicbackground,0.018767129629850388,4451_8_RF00050_8_NC_000913.3_3184369-3184918_ext_340-540_int_135_off_5_percentage_3_position_1-4 genomicbackground,4451,8,4451_8
query_4452,0,genomicbackground,0,genomicbackground,0.08864862471818924,4452_8_RF00050_8_NC_000913.3_3184369-3184918_ext_340-540_int_135_off_10_percentage_0_position_0-0 genomicbackground,4452,8,4452_8
query_4453,0,genomicbackground,0,genomicbackground,0.35513877868652344,4453_8_RF00050_8_NC_000913.3_3184369-3184918_ext_340-540_int_135_off_15_percentage_0_position_0-0 genomicbackground,4453,8,4453_8
query_4454,0,genomicbackground,0,genomicbackground,0.01901804842054844,4454_8_RF00050_8_NC_000913.3_3184369-3184918_ext_340-540_int_135_off_20_percentage_0_position_0-0 genomicbackground,4454,8,4454_8
query_4455,0,genomicbackground,0,genomicbackground,0.03206759691238403,4455_8_RF00050_8_NC_000913.3_3184369-3184918_ext_340-540_int_135_off_25_percentage_0_position_0-0 genomicbackground,4455,8,4455_8
query_4456,0,genomicbackground,0,genomicbackground,0.20746982097625732,4456_8_RF00050_8_NC_000913.3_3184369-3184918_ext_340-540_int_135_off_30_percentage_0_position_0-0 genomicbackground,4456,8,4456_8
query_4457,0,genomicbackground,0,genomicbackground,0.0014069635653868318,4457_8_RF00050_8_NC_000913.3_3184369-3184918_ext_340-540_int_135_off_35_percentage_0_position_0-0 genomicbackground,4457,8,4457_8
query_4458,0,genomicbackground,0,genomicbackground,0.0023148434702306986,4458_8_RF00050_8_NC_000913.3_3184369-3184918_ext_340-540_int_135_off_40_percentage_0_position_0-0 genomicbackground,4458,8,4458_8
query_4459,0,genomicbackground,0,genomicbackground,0.0025646425783634186,4459_8_RF00050_8_NC_000913.3_3184369-3184918_ext_340-540_int_135_off_45_percentage_0_position_0-0 genomicbackground,4459,8,4459_8
query_4460,0,genomicbackground,0,genomicbackground,0.0023332880809903145,4460_8_RF00050_8_NC_000913.3_3184369-3184918_ext_340-540_int_135_off_50_percentage_0_position_0-0 genomicbackground,4460,8,4460_8
query_4461,0,genomicbackground,0,genomicbackground,0.004355663433670998,4461_8_RF00050_8_NC_000913.3_3184369-3184918_ext_340-540_int_135_off_55_percentage_0_position_0-0 genomicbackground,4461,8,4461_8
query_4462,0,genomicbackground,0,genomicbackground,0.015829768031835556,4462_8_RF00050_8_NC_000913.3_3184369-3184918_ext_340-540_int_135_off_60_percentage_0_position_0-0 genomicbackground,4462,8,4462_8
query_4463,0,genomicbackground,0,genomicbackground,0.007885707542300224,4463_8_RF00050_8_NC_000913.3_3184369-3184918_ext_340-540_int_135_off_65_percentage_0_position_0-0 genomicbackground,4463,8,4463_8
query_4464,0,genomicbackground,0,genomicbackground,0.03995941951870918,4464_8_RF00050_8_NC_000913.3_3184369-3184918_ext_340-540_int_140_off_0_percentage_6_position_1-9 genomicbackground,4464,8,4464_8
query_4465,0,genomicbackground,0,genomicbackground,0.020106764510273933,4465_8_RF00050_8_NC_000913.3_3184369-3184918_ext_340-540_int_140_off_5_percentage_3_position_1-4 genomicbackground,4465,8,4465_8
query_4466,0,genomicbackground,0,genomicbackground,0.17207710444927216,4466_8_RF00050_8_NC_000913.3_3184369-3184918_ext_340-540_int_140_off_10_percentage_0_position_0-0 genomicbackground,4466,8,4466_8
query_4467,0,genomicbackground,0,genomicbackground,0.24121205508708954,4467_8_RF00050_8_NC_000913.3_3184369-3184918_ext_340-540_int_140_off_15_percentage_0_position_0-0 genomicbackground,4467,8,4467_8
query_4468,0,genomicbackground,0,genomicbackground,0.03483970835804939,4468_8_RF00050_8_NC_000913.3_3184369-3184918_ext_340-540_int_140_off_20_percentage_0_position_0-0 genomicbackground,4468,8,4468_8
query_4469,0,genomicbackground,0,genomicbackground,0.035864461213350296,4469_8_RF00050_8_NC_000913.3_3184369-3184918_ext_340-540_int_140_off_25_percentage_0_position_0-0 genomicbackground,4469,8,4469_8
query_4470,0,genomicbackground,0,genomicbackground,0.07108018547296524,4470_8_RF00050_8_NC_000913.3_3184369-3184918_ext_340-540_int_140_off_30_percentage_0_position_0-0 genomicbackground,4470,8,4470_8
query_4471,0,genomicbackground,0,genomicbackground,0.002230314305052161,4471_8_RF00050_8_NC_000913.3_3184369-3184918_ext_340-540_int_140_off_35_percentage_0_position_0-0 genomicbackground,4471,8,4471_8
query_4472,0,genomicbackground,0,genomicbackground,0.002287862589582801,4472_8_RF00050_8_NC_000913.3_3184369-3184918_ext_340-540_int_140_off_40_percentage_0_position_0-0 genomicbackground,4472,8,4472_8
query_4473,0,genomicbackground,0,genomicbackground,0.002505810931324959,4473_8_RF00050_8_NC_000913.3_3184369-3184918_ext_340-540_int_140_off_45_percentage_0_position_0-0 genomicbackground,4473,8,4473_8
query_4474,0,genomicbackground,0,genomicbackground,0.0027371530886739492,4474_8_RF00050_8_NC_000913.3_3184369-3184918_ext_340-540_int_140_off_50_percentage_0_position_0-0 genomicbackground,4474,8,4474_8
query_4475,0,genomicbackground,0,genomicbackground,0.01292423065751791,4475_8_RF00050_8_NC_000913.3_3184369-3184918_ext_340-540_int_140_off_55_percentage_0_position_0-0 genomicbackground,4475,8,4475_8
query_4476,0,genomicbackground,0,genomicbackground,0.012187164276838303,4476_8_RF00050_8_NC_000913.3_3184369-3184918_ext_340-540_int_140_off_60_percentage_0_position_0-0 genomicbackground,4476,8,4476_8
query_4477,0,genomicbackground,0,genomicbackground,0.038300223648548126,4477_8_RF00050_8_NC_000913.3_3184369-3184918_ext_340-540_int_145_off_0_percentage_6_position_1-9 genomicbackground,4477,8,4477_8
query_4478,0,genomicbackground,0,genomicbackground,0.021682456135749817,4478_8_RF00050_8_NC_000913.3_3184369-3184918_ext_340-540_int_145_off_5_percentage_3_position_1-4 genomicbackground,4478,8,4478_8
query_4479,0,genomicbackground,0,genomicbackground,0.14384765923023224,4479_8_RF00050_8_NC_000913.3_3184369-3184918_ext_340-540_int_145_off_10_percentage_0_position_0-0 genomicbackground,4479,8,4479_8
query_4480,0,genomicbackground,0,genomicbackground,0.20321929454803467,4480_8_RF00050_8_NC_000913.3_3184369-3184918_ext_340-540_int_145_off_15_percentage_0_position_0-0 genomicbackground,4480,8,4480_8
query_4481,0,genomicbackground,0,genomicbackground,0.03933824598789215,4481_8_RF00050_8_NC_000913.3_3184369-3184918_ext_340-540_int_145_off_20_percentage_0_position_0-0 genomicbackground,4481,8,4481_8
query_4482,0,genomicbackground,0,genomicbackground,0.015684591606259346,4482_8_RF00050_8_NC_000913.3_3184369-3184918_ext_340-540_int_145_off_25_percentage_0_position_0-0 genomicbackground,4482,8,4482_8
query_4483,0,genomicbackground,0,genomicbackground,0.08812868595123291,4483_8_RF00050_8_NC_000913.3_3184369-3184918_ext_340-540_int_145_off_30_percentage_0_position_0-0 genomicbackground,4483,8,4483_8
query_4484,0,genomicbackground,0,genomicbackground,0.002223316812887788,4484_8_RF00050_8_NC_000913.3_3184369-3184918_ext_340-540_int_145_off_35_percentage_0_position_0-0 genomicbackground,4484,8,4484_8
query_4485,0,genomicbackground,0,genomicbackground,0.002214968902990222,4485_8_RF00050_8_NC_000913.3_3184369-3184918_ext_340-540_int_145_off_40_percentage_0_position_0-0 genomicbackground,4485,8,4485_8
query_4486,0,genomicbackground,0,genomicbackground,0.0030700534116476774,4486_8_RF00050_8_NC_000913.3_3184369-3184918_ext_340-540_int_145_off_45_percentage_0_position_0-0 genomicbackground,4486,8,4486_8
query_4487,0,genomicbackground,0,genomicbackground,0.004344578366726637,4487_8_RF00050_8_NC_000913.3_3184369-3184918_ext_340-540_int_145_off_50_percentage_0_position_0-0 genomicbackground,4487,8,4487_8
query_4488,0,genomicbackground,0,genomicbackground,0.007676176726818085,4488_8_RF00050_8_NC_000913.3_3184369-3184918_ext_340-540_int_145_off_55_percentage_0_position_0-0 genomicbackground,4488,8,4488_8
query_4489,0,genomicbackground,0,genomicbackground,0.04634421318769455,4489_8_RF00050_8_NC_000913.3_3184369-3184918_ext_340-540_int_150_off_0_percentage_6_position_1-9 genomicbackground,4489,8,4489_8
query_4490,0,genomicbackground,0,genomicbackground,0.021662412211298943,4490_8_RF00050_8_NC_000913.3_3184369-3184918_ext_340-540_int_150_off_5_percentage_3_position_1-4 genomicbackground,4490,8,4490_8
query_4491,0,genomicbackground,0,genomicbackground,0.13227827847003937,4491_8_RF00050_8_NC_000913.3_3184369-3184918_ext_340-540_int_150_off_10_percentage_0_position_0-0 genomicbackground,4491,8,4491_8
query_4492,0,genomicbackground,0,genomicbackground,0.2588954567909241,4492_8_RF00050_8_NC_000913.3_3184369-3184918_ext_340-540_int_150_off_15_percentage_0_position_0-0 genomicbackground,4492,8,4492_8
query_4493,0,genomicbackground,0,genomicbackground,0.016556555405259132,4493_8_RF00050_8_NC_000913.3_3184369-3184918_ext_340-540_int_150_off_20_percentage_0_position_0-0 genomicbackground,4493,8,4493_8
query_4494,0,genomicbackground,0,genomicbackground,0.013764037750661373,4494_8_RF00050_8_NC_000913.3_3184369-3184918_ext_340-540_int_150_off_25_percentage_0_position_0-0 genomicbackground,4494,8,4494_8
query_4495,0,genomicbackground,0,genomicbackground,0.01407582312822342,4495_8_RF00050_8_NC_000913.3_3184369-3184918_ext_340-540_int_150_off_30_percentage_0_position_0-0 genomicbackground,4495,8,4495_8
query_4496,0,genomicbackground,0,genomicbackground,0.0021694570314139128,4496_8_RF00050_8_NC_000913.3_3184369-3184918_ext_340-540_int_150_off_35_percentage_0_position_0-0 genomicbackground,4496,8,4496_8
query_4497,0,genomicbackground,0,genomicbackground,0.00409935787320137,4497_8_RF00050_8_NC_000913.3_3184369-3184918_ext_340-540_int_150_off_40_percentage_0_position_0-0 genomicbackground,4497,8,4497_8
query_4498,0,genomicbackground,0,genomicbackground,0.004510520026087761,4498_8_RF00050_8_NC_000913.3_3184369-3184918_ext_340-540_int_150_off_45_percentage_0_position_0-0 genomicbackground,4498,8,4498_8
query_4499,0,genomicbackground,0,genomicbackground,0.005803949665278196,4499_8_RF00050_8_NC_000913.3_3184369-3184918_ext_340-540_int_150_off_50_percentage_0_position_0-0 genomicbackground,4499,8,4499_8
query_4500,0,genomicbackground,0,genomicbackground,0.045869648456573486,4500_8_RF00050_8_NC_000913.3_3184369-3184918_ext_340-540_int_155_off_0_percentage_6_position_1-9 genomicbackground,4500,8,4500_8
query_4501,0,genomicbackground,0,genomicbackground,0.01717408187687397,4501_8_RF00050_8_NC_000913.3_3184369-3184918_ext_340-540_int_155_off_5_percentage_3_position_1-4 genomicbackground,4501,8,4501_8
query_4502,0,genomicbackground,0,genomicbackground,0.158991277217865,4502_8_RF00050_8_NC_000913.3_3184369-3184918_ext_340-540_int_155_off_10_percentage_0_position_0-0 genomicbackground,4502,8,4502_8
query_4503,0,genomicbackground,0,genomicbackground,0.04473951831459999,4503_8_RF00050_8_NC_000913.3_3184369-3184918_ext_340-540_int_155_off_15_percentage_0_position_0-0 genomicbackground,4503,8,4503_8
query_4504,0,genomicbackground,0,genomicbackground,0.014219982549548149,4504_8_RF00050_8_NC_000913.3_3184369-3184918_ext_340-540_int_155_off_20_percentage_0_position_0-0 genomicbackground,4504,8,4504_8
query_4505,0,genomicbackground,0,genomicbackground,0.009079121053218842,4505_8_RF00050_8_NC_000913.3_3184369-3184918_ext_340-540_int_155_off_25_percentage_0_position_0-0 genomicbackground,4505,8,4505_8
query_4506,0,genomicbackground,0,genomicbackground,0.016992954537272453,4506_8_RF00050_8_NC_000913.3_3184369-3184918_ext_340-540_int_155_off_30_percentage_0_position_0-0 genomicbackground,4506,8,4506_8
query_4507,0,genomicbackground,0,genomicbackground,0.0035116425715386868,4507_8_RF00050_8_NC_000913.3_3184369-3184918_ext_340-540_int_155_off_35_percentage_0_position_0-0 genomicbackground,4507,8,4507_8
query_4508,0,genomicbackground,0,genomicbackground,0.003942237235605717,4508_8_RF00050_8_NC_000913.3_3184369-3184918_ext_340-540_int_155_off_40_percentage_0_position_0-0 genomicbackground,4508,8,4508_8
query_4509,0,genomicbackground,0,genomicbackground,0.005579538643360138,4509_8_RF00050_8_NC_000913.3_3184369-3184918_ext_340-540_int_155_off_45_percentage_0_position_0-0 genomicbackground,4509,8,4509_8
query_4510,0,genomicbackground,0,genomicbackground,0.10440339148044586,4510_8_RF00050_8_NC_000913.3_3184369-3184918_ext_340-540_int_160_off_0_percentage_6_position_1-9 genomicbackground,4510,8,4510_8
query_4511,0,genomicbackground,0,genomicbackground,0.01889190450310707,4511_8_RF00050_8_NC_000913.3_3184369-3184918_ext_340-540_int_160_off_5_percentage_3_position_1-4 genomicbackground,4511,8,4511_8
query_4512,0,genomicbackground,0,genomicbackground,0.03943725302815437,4512_8_RF00050_8_NC_000913.3_3184369-3184918_ext_340-540_int_160_off_10_percentage_0_position_0-0 genomicbackground,4512,8,4512_8
query_4513,0,genomicbackground,0,genomicbackground,0.028202110901474953,4513_8_RF00050_8_NC_000913.3_3184369-3184918_ext_340-540_int_160_off_15_percentage_0_position_0-0 genomicbackground,4513,8,4513_8
query_4514,0,genomicbackground,0,genomicbackground,0.009585791267454624,4514_8_RF00050_8_NC_000913.3_3184369-3184918_ext_340-540_int_160_off_20_percentage_0_position_0-0 genomicbackground,4514,8,4514_8
query_4515,0,genomicbackground,0,genomicbackground,0.007720240857452154,4515_8_RF00050_8_NC_000913.3_3184369-3184918_ext_340-540_int_160_off_25_percentage_0_position_0-0 genomicbackground,4515,8,4515_8
query_4516,0,genomicbackground,0,genomicbackground,0.002469889121130109,4516_8_RF00050_8_NC_000913.3_3184369-3184918_ext_340-540_int_160_off_30_percentage_0_position_0-0 genomicbackground,4516,8,4516_8
query_4517,0,genomicbackground,0,genomicbackground,0.003601933130994439,4517_8_RF00050_8_NC_000913.3_3184369-3184918_ext_340-540_int_160_off_35_percentage_0_position_0-0 genomicbackground,4517,8,4517_8
query_4518,0,genomicbackground,0,genomicbackground,0.0044855475425720215,4518_8_RF00050_8_NC_000913.3_3184369-3184918_ext_340-540_int_160_off_40_percentage_0_position_0-0 genomicbackground,4518,8,4518_8
query_4519,0,genomicbackground,0,genomicbackground,0.12648235261440277,4519_8_RF00050_8_NC_000913.3_3184369-3184918_ext_340-540_int_165_off_0_percentage_6_position_1-9 genomicbackground,4519,8,4519_8
query_4520,0,genomicbackground,0,genomicbackground,0.007353120017796755,4520_8_RF00050_8_NC_000913.3_3184369-3184918_ext_340-540_int_165_off_5_percentage_3_position_1-4 genomicbackground,4520,8,4520_8
query_4521,0,genomicbackground,0,genomicbackground,0.04625779017806053,4521_8_RF00050_8_NC_000913.3_3184369-3184918_ext_340-540_int_165_off_10_percentage_0_position_0-0 genomicbackground,4521,8,4521_8
query_4522,0,genomicbackground,0,genomicbackground,0.012906302697956562,4522_8_RF00050_8_NC_000913.3_3184369-3184918_ext_340-540_int_165_off_15_percentage_0_position_0-0 genomicbackground,4522,8,4522_8
query_4523,0,genomicbackground,0,genomicbackground,0.007968365214765072,4523_8_RF00050_8_NC_000913.3_3184369-3184918_ext_340-540_int_165_off_20_percentage_0_position_0-0 genomicbackground,4523,8,4523_8
query_4524,0,genomicbackground,0,genomicbackground,0.0022959683556109667,4524_8_RF00050_8_NC_000913.3_3184369-3184918_ext_340-540_int_165_off_25_percentage_0_position_0-0 genomicbackground,4524,8,4524_8
query_4525,0,genomicbackground,0,genomicbackground,0.027134189382195473,4525_8_RF00050_8_NC_000913.3_3184369-3184918_ext_340-540_int_165_off_30_percentage_0_position_0-0 genomicbackground,4525,8,4525_8
query_4526,0,genomicbackground,0,genomicbackground,0.003903576172888279,4526_8_RF00050_8_NC_000913.3_3184369-3184918_ext_340-540_int_165_off_35_percentage_0_position_0-0 genomicbackground,4526,8,4526_8
query_4527,0,genomicbackground,0,genomicbackground,0.0297602079808712,4527_8_RF00050_8_NC_000913.3_3184369-3184918_ext_340-540_int_170_off_0_percentage_6_position_1-9 genomicbackground,4527,8,4527_8
query_4528,0,genomicbackground,0,genomicbackground,0.015570898540318012,4528_8_RF00050_8_NC_000913.3_3184369-3184918_ext_340-540_int_170_off_5_percentage_3_position_1-4 genomicbackground,4528,8,4528_8
query_4529,0,genomicbackground,0,genomicbackground,0.04482083022594452,4529_8_RF00050_8_NC_000913.3_3184369-3184918_ext_340-540_int_170_off_10_percentage_0_position_0-0 genomicbackground,4529,8,4529_8
query_4530,0,genomicbackground,0,genomicbackground,0.011814682744443417,4530_8_RF00050_8_NC_000913.3_3184369-3184918_ext_340-540_int_170_off_15_percentage_0_position_0-0 genomicbackground,4530,8,4530_8
query_4531,0,genomicbackground,0,genomicbackground,0.002531962236389518,4531_8_RF00050_8_NC_000913.3_3184369-3184918_ext_340-540_int_170_off_20_percentage_0_position_0-0 genomicbackground,4531,8,4531_8
query_4532,0,genomicbackground,0,genomicbackground,0.002897577593103051,4532_8_RF00050_8_NC_000913.3_3184369-3184918_ext_340-540_int_170_off_25_percentage_0_position_0-0 genomicbackground,4532,8,4532_8
query_4533,0,genomicbackground,1,riboswitch,0.6878737807273865,4533_8_RF00050_8_NC_000913.3_3184369-3184918_ext_340-540_int_170_off_30_percentage_0_position_0-0 genomicbackground,4533,8,4533_8
query_4534,0,genomicbackground,0,genomicbackground,0.04246305674314499,4534_8_RF00050_8_NC_000913.3_3184369-3184918_ext_340-540_int_175_off_0_percentage_6_position_1-9 genomicbackground,4534,8,4534_8
query_4535,0,genomicbackground,0,genomicbackground,0.01527012325823307,4535_8_RF00050_8_NC_000913.3_3184369-3184918_ext_340-540_int_175_off_5_percentage_3_position_1-4 genomicbackground,4535,8,4535_8
query_4536,0,genomicbackground,0,genomicbackground,0.0383981391787529,4536_8_RF00050_8_NC_000913.3_3184369-3184918_ext_340-540_int_175_off_10_percentage_0_position_0-0 genomicbackground,4536,8,4536_8
query_4537,0,genomicbackground,0,genomicbackground,0.002910749986767769,4537_8_RF00050_8_NC_000913.3_3184369-3184918_ext_340-540_int_175_off_15_percentage_0_position_0-0 genomicbackground,4537,8,4537_8
query_4538,0,genomicbackground,0,genomicbackground,0.0031724441796541214,4538_8_RF00050_8_NC_000913.3_3184369-3184918_ext_340-540_int_175_off_20_percentage_0_position_0-0 genomicbackground,4538,8,4538_8
query_4539,0,genomicbackground,0,genomicbackground,0.034144993871450424,4539_8_RF00050_8_NC_000913.3_3184369-3184918_ext_340-540_int_175_off_25_percentage_0_position_0-0 genomicbackground,4539,8,4539_8
query_4540,0,genomicbackground,0,genomicbackground,0.03719616308808327,4540_8_RF00050_8_NC_000913.3_3184369-3184918_ext_340-540_int_180_off_0_percentage_6_position_1-9 genomicbackground,4540,8,4540_8
query_4541,0,genomicbackground,0,genomicbackground,0.008816716261208057,4541_8_RF00050_8_NC_000913.3_3184369-3184918_ext_340-540_int_180_off_5_percentage_3_position_1-4 genomicbackground,4541,8,4541_8
query_4542,0,genomicbackground,0,genomicbackground,0.049999579787254333,4542_8_RF00050_8_NC_000913.3_3184369-3184918_ext_340-540_int_180_off_10_percentage_0_position_0-0 genomicbackground,4542,8,4542_8
query_4543,0,genomicbackground,0,genomicbackground,0.029872426763176918,4543_8_RF00050_8_NC_000913.3_3184369-3184918_ext_340-540_int_180_off_15_percentage_0_position_0-0 genomicbackground,4543,8,4543_8
query_4544,0,genomicbackground,0,genomicbackground,0.03672671318054199,4544_8_RF00050_8_NC_000913.3_3184369-3184918_ext_340-540_int_180_off_20_percentage_0_position_0-0 genomicbackground,4544,8,4544_8
query_4545,0,genomicbackground,0,genomicbackground,0.01733362302184105,4545_8_RF00050_8_NC_000913.3_3184369-3184918_ext_340-540_int_185_off_0_percentage_6_position_1-9 genomicbackground,4545,8,4545_8
query_4546,0,genomicbackground,0,genomicbackground,0.009755250997841358,4546_8_RF00050_8_NC_000913.3_3184369-3184918_ext_340-540_int_185_off_5_percentage_3_position_1-4 genomicbackground,4546,8,4546_8
query_4547,0,genomicbackground,0,genomicbackground,0.1729709655046463,4547_8_RF00050_8_NC_000913.3_3184369-3184918_ext_340-540_int_185_off_10_percentage_0_position_0-0 genomicbackground,4547,8,4547_8
query_4548,0,genomicbackground,0,genomicbackground,0.10452637821435928,4548_8_RF00050_8_NC_000913.3_3184369-3184918_ext_340-540_int_185_off_15_percentage_0_position_0-0 genomicbackground,4548,8,4548_8
query_4549,0,genomicbackground,0,genomicbackground,0.005407719407230616,4549_8_RF00050_8_NC_000913.3_3184369-3184918_ext_340-540_int_190_off_0_percentage_6_position_1-9 genomicbackground,4549,8,4549_8
query_4550,0,genomicbackground,0,genomicbackground,0.02742796018719673,4550_8_RF00050_8_NC_000913.3_3184369-3184918_ext_340-540_int_190_off_5_percentage_3_position_1-4 genomicbackground,4550,8,4550_8
query_4551,0,genomicbackground,0,genomicbackground,0.3253322243690491,4551_8_RF00050_8_NC_000913.3_3184369-3184918_ext_340-540_int_190_off_10_percentage_0_position_0-0 genomicbackground,4551,8,4551_8
query_4552,0,genomicbackground,0,genomicbackground,0.13026385009288788,4552_8_RF00050_8_NC_000913.3_3184369-3184918_ext_340-540_int_195_off_0_percentage_6_position_1-9 genomicbackground,4552,8,4552_8
query_4553,0,genomicbackground,0,genomicbackground,0.04219629243016243,4553_8_RF00050_8_NC_000913.3_3184369-3184918_ext_340-540_int_195_off_5_percentage_3_position_1-4 genomicbackground,4553,8,4553_8
query_4554,0,genomicbackground,0,genomicbackground,0.19594886898994446,4554_8_RF00050_8_NC_000913.3_3184369-3184918_ext_340-540_int_200_off_0_percentage_6_position_1-9 genomicbackground,4554,8,4554_8
