qseqid,y_true_idx,y_true_name,y_pred_idx,y_pred_name,p_riboswitch,qseqid_full,id_global,group_id,qid_short
query_1,0,genomicbackground,1,riboswitch,0.5863227844238281,1_6_RF00168_6_NC_000913.3_4233124-4233721_ext_0-200_int_95_off_0_percentage_0_position_0-0 genomicbackground,1,6,1_6
query_2,0,genomicbackground,0,genomicbackground,0.03003932721912861,2_6_RF00168_6_NC_000913.3_4233124-4233721_ext_0-200_int_95_off_5_percentage_0_position_0-0 genomicbackground,2,6,2_6
query_3,0,genomicbackground,0,genomicbackground,0.26127302646636963,3_6_RF00168_6_NC_000913.3_4233124-4233721_ext_0-200_int_95_off_10_percentage_0_position_0-0 genomicbackground,3,6,3_6
query_4,0,genomicbackground,0,genomicbackground,0.12120644748210907,4_6_RF00168_6_NC_000913.3_4233124-4233721_ext_0-200_int_95_off_15_percentage_0_position_0-0 genomicbackground,4,6,4_6
query_5,0,genomicbackground,0,genomicbackground,0.002948935143649578,5_6_RF00168_6_NC_000913.3_4233124-4233721_ext_0-200_int_95_off_20_percentage_0_position_0-0 genomicbackground,5,6,5_6
query_6,0,genomicbackground,0,genomicbackground,0.0019066785462200642,6_6_RF00168_6_NC_000913.3_4233124-4233721_ext_0-200_int_95_off_25_percentage_0_position_0-0 genomicbackground,6,6,6_6
query_7,0,genomicbackground,0,genomicbackground,0.12095621973276138,7_6_RF00168_6_NC_000913.3_4233124-4233721_ext_0-200_int_95_off_30_percentage_0_position_0-0 genomicbackground,7,6,7_6
query_8,0,genomicbackground,1,riboswitch,0.6386570334434509,8_6_RF00168_6_NC_000913.3_4233124-4233721_ext_0-200_int_95_off_35_percentage_0_position_0-0 genomicbackground,8,6,8_6
query_9,0,genomicbackground,0,genomicbackground,0.17155048251152039,9_6_RF00168_6_NC_000913.3_4233124-4233721_ext_0-200_int_95_off_40_percentage_0_position_0-0 genomicbackground,9,6,9_6
query_10,0,genomicbackground,0,genomicbackground,0.06031867116689682,10_6_RF00168_6_NC_000913.3_4233124-4233721_ext_0-200_int_95_off_45_percentage_0_position_0-0 genomicbackground,10,6,10_6
query_11,0,genomicbackground,0,genomicbackground,0.07509347051382065,11_6_RF00168_6_NC_000913.3_4233124-4233721_ext_0-200_int_95_off_50_percentage_0_position_0-0 genomicbackground,11,6,11_6
query_12,0,genomicbackground,0,genomicbackground,0.03945382311940193,12_6_RF00168_6_NC_000913.3_4233124-4233721_ext_0-200_int_95_off_55_percentage_0_position_0-0 genomicbackground,12,6,12_6
query_13,0,genomicbackground,0,genomicbackground,0.06616219878196716,13_6_RF00168_6_NC_000913.3_4233124-4233721_ext_0-200_int_95_off_60_percentage_0_position_0-0 genomicbackground,13,6,13_6
query_14,0,genomicbackground,0,genomicbackground,0.03191964700818062,14_6_RF00168_6_NC_000913.3_4233124-4233721_ext_0-200_int_95_off_65_percentage_0_position_0-0 genomicbackground,14,6,14_6
query_15,0,genomicbackground,0,genomicbackground,0.007204405497759581,15_6_RF00168_6_NC_000913.3_4233124-4233721_ext_0-200_int_95_off_70_percentage_0_position_0-0 genomicbackground,15,6,15_6
query_16,0,genomicbackground,0,genomicbackground,0.008836619555950165,16_6_RF00168_6_NC_000913.3_4233124-4233721_ext_0-200_int_95_off_75_percentage_0_position_0-0 genomicbackground,16,6,16_6
query_17,0,genomicbackground,1,riboswitch,0.8304628133773804,17_6_RF00168_6_NC_000913.3_4233124-4233721_ext_0-200_int_95_off_80_percentage_0_position_0-0 genomicbackground,17,6,17_6
query_18,0,genomicbackground,0,genomicbackground,0.19788122177124023,18_6_RF00168_6_NC_000913.3_4233124-4233721_ext_0-200_int_95_off_85_percentage_0_position_0-0 genomicbackground,18,6,18_6
query_19,0,genomicbackground,0,genomicbackground,0.09022863954305649,19_6_RF00168_6_NC_000913.3_4233124-4233721_ext_0-200_int_95_off_90_percentage_0_position_0-0 genomicbackground,19,6,19_6
query_20,0,genomicbackground,0,genomicbackground,0.07761082053184509,20_6_RF00168_6_NC_000913.3_4233124-4233721_ext_0-200_int_95_off_95_percentage_0_position_0-0 genomicbackground,20,6,20_6
query_21,0,genomicbackground,0,genomicbackground,0.01606617495417595,21_6_RF00168_6_NC_000913.3_4233124-4233721_ext_0-200_int_95_off_100_percentage_0_position_0-0 genomicbackground,21,6,21_6
query_22,0,genomicbackground,0,genomicbackground,0.036918677389621735,22_6_RF00168_6_NC_000913.3_4233124-4233721_ext_0-200_int_95_off_105_percentage_0_position_0-0 genomicbackground,22,6,22_6
query_23,0,genomicbackground,0,genomicbackground,0.08752407878637314,23_6_RF00168_6_NC_000913.3_4233124-4233721_ext_0-200_int_100_off_0_percentage_0_position_0-0 genomicbackground,23,6,23_6
query_24,0,genomicbackground,0,genomicbackground,0.09205023944377899,24_6_RF00168_6_NC_000913.3_4233124-4233721_ext_0-200_int_100_off_5_percentage_0_position_0-0 genomicbackground,24,6,24_6
query_25,0,genomicbackground,0,genomicbackground,0.1607964038848877,25_6_RF00168_6_NC_000913.3_4233124-4233721_ext_0-200_int_100_off_10_percentage_0_position_0-0 genomicbackground,25,6,25_6
query_26,0,genomicbackground,0,genomicbackground,0.05725200101733208,26_6_RF00168_6_NC_000913.3_4233124-4233721_ext_0-200_int_100_off_15_percentage_0_position_0-0 genomicbackground,26,6,26_6
query_27,0,genomicbackground,0,genomicbackground,0.003204077947884798,27_6_RF00168_6_NC_000913.3_4233124-4233721_ext_0-200_int_100_off_20_percentage_0_position_0-0 genomicbackground,27,6,27_6
query_28,0,genomicbackground,0,genomicbackground,0.0019479796756058931,28_6_RF00168_6_NC_000913.3_4233124-4233721_ext_0-200_int_100_off_25_percentage_0_position_0-0 genomicbackground,28,6,28_6
query_29,0,genomicbackground,0,genomicbackground,0.27520596981048584,29_6_RF00168_6_NC_000913.3_4233124-4233721_ext_0-200_int_100_off_30_percentage_0_position_0-0 genomicbackground,29,6,29_6
query_30,0,genomicbackground,0,genomicbackground,0.4453306496143341,30_6_RF00168_6_NC_000913.3_4233124-4233721_ext_0-200_int_100_off_35_percentage_0_position_0-0 genomicbackground,30,6,30_6
query_31,0,genomicbackground,0,genomicbackground,0.07959335297346115,31_6_RF00168_6_NC_000913.3_4233124-4233721_ext_0-200_int_100_off_40_percentage_0_position_0-0 genomicbackground,31,6,31_6
query_32,0,genomicbackground,0,genomicbackground,0.35059934854507446,32_6_RF00168_6_NC_000913.3_4233124-4233721_ext_0-200_int_100_off_45_percentage_0_position_0-0 genomicbackground,32,6,32_6
query_33,0,genomicbackground,0,genomicbackground,0.04350766912102699,33_6_RF00168_6_NC_000913.3_4233124-4233721_ext_0-200_int_100_off_50_percentage_0_position_0-0 genomicbackground,33,6,33_6
query_34,0,genomicbackground,0,genomicbackground,0.03820132091641426,34_6_RF00168_6_NC_000913.3_4233124-4233721_ext_0-200_int_100_off_55_percentage_0_position_0-0 genomicbackground,34,6,34_6
query_35,0,genomicbackground,0,genomicbackground,0.05248801037669182,35_6_RF00168_6_NC_000913.3_4233124-4233721_ext_0-200_int_100_off_60_percentage_0_position_0-0 genomicbackground,35,6,35_6
query_36,0,genomicbackground,0,genomicbackground,0.007511312607675791,36_6_RF00168_6_NC_000913.3_4233124-4233721_ext_0-200_int_100_off_65_percentage_0_position_0-0 genomicbackground,36,6,36_6
query_37,0,genomicbackground,0,genomicbackground,0.004468339495360851,37_6_RF00168_6_NC_000913.3_4233124-4233721_ext_0-200_int_100_off_70_percentage_0_position_0-0 genomicbackground,37,6,37_6
query_38,0,genomicbackground,0,genomicbackground,0.008052627556025982,38_6_RF00168_6_NC_000913.3_4233124-4233721_ext_0-200_int_100_off_75_percentage_0_position_0-0 genomicbackground,38,6,38_6
query_39,0,genomicbackground,1,riboswitch,0.7622053027153015,39_6_RF00168_6_NC_000913.3_4233124-4233721_ext_0-200_int_100_off_80_percentage_0_position_0-0 genomicbackground,39,6,39_6
query_40,0,genomicbackground,0,genomicbackground,0.011585840955376625,40_6_RF00168_6_NC_000913.3_4233124-4233721_ext_0-200_int_100_off_85_percentage_0_position_0-0 genomicbackground,40,6,40_6
query_41,0,genomicbackground,0,genomicbackground,0.0790296345949173,41_6_RF00168_6_NC_000913.3_4233124-4233721_ext_0-200_int_100_off_90_percentage_0_position_0-0 genomicbackground,41,6,41_6
query_42,0,genomicbackground,0,genomicbackground,0.021470658481121063,42_6_RF00168_6_NC_000913.3_4233124-4233721_ext_0-200_int_100_off_95_percentage_0_position_0-0 genomicbackground,42,6,42_6
query_43,0,genomicbackground,0,genomicbackground,0.010945949703454971,43_6_RF00168_6_NC_000913.3_4233124-4233721_ext_0-200_int_100_off_100_percentage_0_position_0-0 genomicbackground,43,6,43_6
query_44,0,genomicbackground,0,genomicbackground,0.36707669496536255,44_6_RF00168_6_NC_000913.3_4233124-4233721_ext_0-200_int_105_off_0_percentage_0_position_0-0 genomicbackground,44,6,44_6
query_45,0,genomicbackground,0,genomicbackground,0.07469912618398666,45_6_RF00168_6_NC_000913.3_4233124-4233721_ext_0-200_int_105_off_5_percentage_0_position_0-0 genomicbackground,45,6,45_6
query_46,0,genomicbackground,1,riboswitch,0.7080842852592468,46_6_RF00168_6_NC_000913.3_4233124-4233721_ext_0-200_int_105_off_10_percentage_0_position_0-0 genomicbackground,46,6,46_6
query_47,0,genomicbackground,0,genomicbackground,0.13255831599235535,47_6_RF00168_6_NC_000913.3_4233124-4233721_ext_0-200_int_105_off_15_percentage_0_position_0-0 genomicbackground,47,6,47_6
query_48,0,genomicbackground,0,genomicbackground,0.002896243240684271,48_6_RF00168_6_NC_000913.3_4233124-4233721_ext_0-200_int_105_off_20_percentage_0_position_0-0 genomicbackground,48,6,48_6
query_49,0,genomicbackground,0,genomicbackground,0.002774980152025819,49_6_RF00168_6_NC_000913.3_4233124-4233721_ext_0-200_int_105_off_25_percentage_0_position_0-0 genomicbackground,49,6,49_6
query_50,0,genomicbackground,0,genomicbackground,0.15305431187152863,50_6_RF00168_6_NC_000913.3_4233124-4233721_ext_0-200_int_105_off_30_percentage_0_position_0-0 genomicbackground,50,6,50_6
query_51,0,genomicbackground,0,genomicbackground,0.23009580373764038,51_6_RF00168_6_NC_000913.3_4233124-4233721_ext_0-200_int_105_off_35_percentage_0_position_0-0 genomicbackground,51,6,51_6
query_52,0,genomicbackground,0,genomicbackground,0.05924263969063759,52_6_RF00168_6_NC_000913.3_4233124-4233721_ext_0-200_int_105_off_40_percentage_0_position_0-0 genomicbackground,52,6,52_6
query_53,0,genomicbackground,0,genomicbackground,0.052819766104221344,53_6_RF00168_6_NC_000913.3_4233124-4233721_ext_0-200_int_105_off_45_percentage_0_position_0-0 genomicbackground,53,6,53_6
query_54,0,genomicbackground,0,genomicbackground,0.047330018132925034,54_6_RF00168_6_NC_000913.3_4233124-4233721_ext_0-200_int_105_off_50_percentage_0_position_0-0 genomicbackground,54,6,54_6
query_55,0,genomicbackground,0,genomicbackground,0.021853694692254066,55_6_RF00168_6_NC_000913.3_4233124-4233721_ext_0-200_int_105_off_55_percentage_0_position_0-0 genomicbackground,55,6,55_6
query_56,0,genomicbackground,0,genomicbackground,0.010530081577599049,56_6_RF00168_6_NC_000913.3_4233124-4233721_ext_0-200_int_105_off_60_percentage_0_position_0-0 genomicbackground,56,6,56_6
query_57,0,genomicbackground,0,genomicbackground,0.004880552180111408,57_6_RF00168_6_NC_000913.3_4233124-4233721_ext_0-200_int_105_off_65_percentage_0_position_0-0 genomicbackground,57,6,57_6
query_58,0,genomicbackground,0,genomicbackground,0.004056969657540321,58_6_RF00168_6_NC_000913.3_4233124-4233721_ext_0-200_int_105_off_70_percentage_0_position_0-0 genomicbackground,58,6,58_6
query_59,0,genomicbackground,0,genomicbackground,0.006481603253632784,59_6_RF00168_6_NC_000913.3_4233124-4233721_ext_0-200_int_105_off_75_percentage_0_position_0-0 genomicbackground,59,6,59_6
query_60,0,genomicbackground,0,genomicbackground,0.35436683893203735,60_6_RF00168_6_NC_000913.3_4233124-4233721_ext_0-200_int_105_off_80_percentage_0_position_0-0 genomicbackground,60,6,60_6
query_61,0,genomicbackground,0,genomicbackground,0.011116663925349712,61_6_RF00168_6_NC_000913.3_4233124-4233721_ext_0-200_int_105_off_85_percentage_0_position_0-0 genomicbackground,61,6,61_6
query_62,0,genomicbackground,0,genomicbackground,0.0016544125974178314,62_6_RF00168_6_NC_000913.3_4233124-4233721_ext_0-200_int_105_off_90_percentage_0_position_0-0 genomicbackground,62,6,62_6
query_63,0,genomicbackground,0,genomicbackground,0.011502565816044807,63_6_RF00168_6_NC_000913.3_4233124-4233721_ext_0-200_int_105_off_95_percentage_0_position_0-0 genomicbackground,63,6,63_6
query_64,0,genomicbackground,0,genomicbackground,0.2341989129781723,64_6_RF00168_6_NC_000913.3_4233124-4233721_ext_0-200_int_110_off_0_percentage_0_position_0-0 genomicbackground,64,6,64_6
query_65,0,genomicbackground,0,genomicbackground,0.2355429083108902,65_6_RF00168_6_NC_000913.3_4233124-4233721_ext_0-200_int_110_off_5_percentage_0_position_0-0 genomicbackground,65,6,65_6
query_66,0,genomicbackground,0,genomicbackground,0.08551385253667831,66_6_RF00168_6_NC_000913.3_4233124-4233721_ext_0-200_int_110_off_10_percentage_0_position_0-0 genomicbackground,66,6,66_6
query_67,0,genomicbackground,0,genomicbackground,0.2349257916212082,67_6_RF00168_6_NC_000913.3_4233124-4233721_ext_0-200_int_110_off_15_percentage_0_position_0-0 genomicbackground,67,6,67_6
query_68,0,genomicbackground,0,genomicbackground,0.004328220151364803,68_6_RF00168_6_NC_000913.3_4233124-4233721_ext_0-200_int_110_off_20_percentage_0_position_0-0 genomicbackground,68,6,68_6
query_69,0,genomicbackground,0,genomicbackground,0.012010199949145317,69_6_RF00168_6_NC_000913.3_4233124-4233721_ext_0-200_int_110_off_25_percentage_0_position_0-0 genomicbackground,69,6,69_6
query_70,0,genomicbackground,0,genomicbackground,0.11628430336713791,70_6_RF00168_6_NC_000913.3_4233124-4233721_ext_0-200_int_110_off_30_percentage_0_position_0-0 genomicbackground,70,6,70_6
query_71,0,genomicbackground,0,genomicbackground,0.16056294739246368,71_6_RF00168_6_NC_000913.3_4233124-4233721_ext_0-200_int_110_off_35_percentage_0_position_0-0 genomicbackground,71,6,71_6
query_72,0,genomicbackground,0,genomicbackground,0.04336542636156082,72_6_RF00168_6_NC_000913.3_4233124-4233721_ext_0-200_int_110_off_40_percentage_0_position_0-0 genomicbackground,72,6,72_6
query_73,0,genomicbackground,0,genomicbackground,0.07557493448257446,73_6_RF00168_6_NC_000913.3_4233124-4233721_ext_0-200_int_110_off_45_percentage_0_position_0-0 genomicbackground,73,6,73_6
query_74,0,genomicbackground,0,genomicbackground,0.021784523501992226,74_6_RF00168_6_NC_000913.3_4233124-4233721_ext_0-200_int_110_off_50_percentage_0_position_0-0 genomicbackground,74,6,74_6
query_75,0,genomicbackground,0,genomicbackground,0.005070032086223364,75_6_RF00168_6_NC_000913.3_4233124-4233721_ext_0-200_int_110_off_55_percentage_0_position_0-0 genomicbackground,75,6,75_6
query_76,0,genomicbackground,0,genomicbackground,0.005599237512797117,76_6_RF00168_6_NC_000913.3_4233124-4233721_ext_0-200_int_110_off_60_percentage_0_position_0-0 genomicbackground,76,6,76_6
query_77,0,genomicbackground,0,genomicbackground,0.01210726611316204,77_6_RF00168_6_NC_000913.3_4233124-4233721_ext_0-200_int_110_off_65_percentage_0_position_0-0 genomicbackground,77,6,77_6
query_78,0,genomicbackground,0,genomicbackground,0.0034134581219404936,78_6_RF00168_6_NC_000913.3_4233124-4233721_ext_0-200_int_110_off_70_percentage_0_position_0-0 genomicbackground,78,6,78_6
query_79,0,genomicbackground,0,genomicbackground,0.006466476712375879,79_6_RF00168_6_NC_000913.3_4233124-4233721_ext_0-200_int_110_off_75_percentage_0_position_0-0 genomicbackground,79,6,79_6
query_80,0,genomicbackground,0,genomicbackground,0.27917253971099854,80_6_RF00168_6_NC_000913.3_4233124-4233721_ext_0-200_int_110_off_80_percentage_0_position_0-0 genomicbackground,80,6,80_6
query_81,0,genomicbackground,0,genomicbackground,0.011819371022284031,81_6_RF00168_6_NC_000913.3_4233124-4233721_ext_0-200_int_110_off_85_percentage_0_position_0-0 genomicbackground,81,6,81_6
query_82,0,genomicbackground,0,genomicbackground,0.009957727044820786,82_6_RF00168_6_NC_000913.3_4233124-4233721_ext_0-200_int_110_off_90_percentage_0_position_0-0 genomicbackground,82,6,82_6
query_83,0,genomicbackground,0,genomicbackground,0.20357771217823029,83_6_RF00168_6_NC_000913.3_4233124-4233721_ext_0-200_int_115_off_0_percentage_0_position_0-0 genomicbackground,83,6,83_6
query_84,0,genomicbackground,0,genomicbackground,0.04099563509225845,84_6_RF00168_6_NC_000913.3_4233124-4233721_ext_0-200_int_115_off_5_percentage_0_position_0-0 genomicbackground,84,6,84_6
query_85,0,genomicbackground,1,riboswitch,0.8750597238540649,85_6_RF00168_6_NC_000913.3_4233124-4233721_ext_0-200_int_115_off_10_percentage_0_position_0-0 genomicbackground,85,6,85_6
query_86,0,genomicbackground,0,genomicbackground,0.3162010610103607,86_6_RF00168_6_NC_000913.3_4233124-4233721_ext_0-200_int_115_off_15_percentage_0_position_0-0 genomicbackground,86,6,86_6
query_87,0,genomicbackground,0,genomicbackground,0.015602990984916687,87_6_RF00168_6_NC_000913.3_4233124-4233721_ext_0-200_int_115_off_20_percentage_0_position_0-0 genomicbackground,87,6,87_6
query_88,0,genomicbackground,0,genomicbackground,0.008937424048781395,88_6_RF00168_6_NC_000913.3_4233124-4233721_ext_0-200_int_115_off_25_percentage_0_position_0-0 genomicbackground,88,6,88_6
query_89,0,genomicbackground,0,genomicbackground,0.11976779252290726,89_6_RF00168_6_NC_000913.3_4233124-4233721_ext_0-200_int_115_off_30_percentage_0_position_0-0 genomicbackground,89,6,89_6
query_90,0,genomicbackground,0,genomicbackground,0.10534342378377914,90_6_RF00168_6_NC_000913.3_4233124-4233721_ext_0-200_int_115_off_35_percentage_0_position_0-0 genomicbackground,90,6,90_6
query_91,0,genomicbackground,0,genomicbackground,0.07597710937261581,91_6_RF00168_6_NC_000913.3_4233124-4233721_ext_0-200_int_115_off_40_percentage_0_position_0-0 genomicbackground,91,6,91_6
query_92,0,genomicbackground,0,genomicbackground,0.05792167782783508,92_6_RF00168_6_NC_000913.3_4233124-4233721_ext_0-200_int_115_off_45_percentage_0_position_0-0 genomicbackground,92,6,92_6
query_93,0,genomicbackground,0,genomicbackground,0.0224014725536108,93_6_RF00168_6_NC_000913.3_4233124-4233721_ext_0-200_int_115_off_50_percentage_0_position_0-0 genomicbackground,93,6,93_6
query_94,0,genomicbackground,0,genomicbackground,0.0035609251353889704,94_6_RF00168_6_NC_000913.3_4233124-4233721_ext_0-200_int_115_off_55_percentage_0_position_0-0 genomicbackground,94,6,94_6
query_95,0,genomicbackground,0,genomicbackground,0.004847811535000801,95_6_RF00168_6_NC_000913.3_4233124-4233721_ext_0-200_int_115_off_60_percentage_0_position_0-0 genomicbackground,95,6,95_6
query_96,0,genomicbackground,0,genomicbackground,0.008851797319948673,96_6_RF00168_6_NC_000913.3_4233124-4233721_ext_0-200_int_115_off_65_percentage_0_position_0-0 genomicbackground,96,6,96_6
query_97,0,genomicbackground,0,genomicbackground,0.003921054303646088,97_6_RF00168_6_NC_000913.3_4233124-4233721_ext_0-200_int_115_off_70_percentage_0_position_0-0 genomicbackground,97,6,97_6
query_98,0,genomicbackground,0,genomicbackground,0.005883994046598673,98_6_RF00168_6_NC_000913.3_4233124-4233721_ext_0-200_int_115_off_75_percentage_0_position_0-0 genomicbackground,98,6,98_6
query_99,0,genomicbackground,0,genomicbackground,0.3082011044025421,99_6_RF00168_6_NC_000913.3_4233124-4233721_ext_0-200_int_115_off_80_percentage_0_position_0-0 genomicbackground,99,6,99_6
query_100,0,genomicbackground,0,genomicbackground,0.011616243049502373,100_6_RF00168_6_NC_000913.3_4233124-4233721_ext_0-200_int_115_off_85_percentage_0_position_0-0 genomicbackground,100,6,100_6
query_101,0,genomicbackground,0,genomicbackground,0.09175572544336319,101_6_RF00168_6_NC_000913.3_4233124-4233721_ext_0-200_int_120_off_0_percentage_0_position_0-0 genomicbackground,101,6,101_6
query_102,0,genomicbackground,0,genomicbackground,0.47866111993789673,102_6_RF00168_6_NC_000913.3_4233124-4233721_ext_0-200_int_120_off_5_percentage_0_position_0-0 genomicbackground,102,6,102_6
query_103,0,genomicbackground,1,riboswitch,0.8783617615699768,103_6_RF00168_6_NC_000913.3_4233124-4233721_ext_0-200_int_120_off_10_percentage_0_position_0-0 genomicbackground,103,6,103_6
query_104,0,genomicbackground,1,riboswitch,0.6066263914108276,104_6_RF00168_6_NC_000913.3_4233124-4233721_ext_0-200_int_120_off_15_percentage_0_position_0-0 genomicbackground,104,6,104_6
query_105,0,genomicbackground,0,genomicbackground,0.010888478718698025,105_6_RF00168_6_NC_000913.3_4233124-4233721_ext_0-200_int_120_off_20_percentage_0_position_0-0 genomicbackground,105,6,105_6
query_106,0,genomicbackground,0,genomicbackground,0.008026272058486938,106_6_RF00168_6_NC_000913.3_4233124-4233721_ext_0-200_int_120_off_25_percentage_0_position_0-0 genomicbackground,106,6,106_6
query_107,0,genomicbackground,0,genomicbackground,0.04794996604323387,107_6_RF00168_6_NC_000913.3_4233124-4233721_ext_0-200_int_120_off_30_percentage_0_position_0-0 genomicbackground,107,6,107_6
query_108,0,genomicbackground,0,genomicbackground,0.057255085557699203,108_6_RF00168_6_NC_000913.3_4233124-4233721_ext_0-200_int_120_off_35_percentage_0_position_0-0 genomicbackground,108,6,108_6
query_109,0,genomicbackground,0,genomicbackground,0.05809343233704567,109_6_RF00168_6_NC_000913.3_4233124-4233721_ext_0-200_int_120_off_40_percentage_0_position_0-0 genomicbackground,109,6,109_6
query_110,0,genomicbackground,0,genomicbackground,0.05773331597447395,110_6_RF00168_6_NC_000913.3_4233124-4233721_ext_0-200_int_120_off_45_percentage_0_position_0-0 genomicbackground,110,6,110_6
query_111,0,genomicbackground,0,genomicbackground,0.0039761909283697605,111_6_RF00168_6_NC_000913.3_4233124-4233721_ext_0-200_int_120_off_50_percentage_0_position_0-0 genomicbackground,111,6,111_6
query_112,0,genomicbackground,0,genomicbackground,0.003319205716252327,112_6_RF00168_6_NC_000913.3_4233124-4233721_ext_0-200_int_120_off_55_percentage_0_position_0-0 genomicbackground,112,6,112_6
query_113,0,genomicbackground,0,genomicbackground,0.0039058495312929153,113_6_RF00168_6_NC_000913.3_4233124-4233721_ext_0-200_int_120_off_60_percentage_0_position_0-0 genomicbackground,113,6,113_6
query_114,0,genomicbackground,0,genomicbackground,0.008053706958889961,114_6_RF00168_6_NC_000913.3_4233124-4233721_ext_0-200_int_120_off_65_percentage_0_position_0-0 genomicbackground,114,6,114_6
query_115,0,genomicbackground,0,genomicbackground,0.003688224358484149,115_6_RF00168_6_NC_000913.3_4233124-4233721_ext_0-200_int_120_off_70_percentage_0_position_0-0 genomicbackground,115,6,115_6
query_116,0,genomicbackground,0,genomicbackground,0.010285533964633942,116_6_RF00168_6_NC_000913.3_4233124-4233721_ext_0-200_int_120_off_75_percentage_0_position_0-0 genomicbackground,116,6,116_6
query_117,0,genomicbackground,0,genomicbackground,0.17496444284915924,117_6_RF00168_6_NC_000913.3_4233124-4233721_ext_0-200_int_120_off_80_percentage_0_position_0-0 genomicbackground,117,6,117_6
query_118,0,genomicbackground,1,riboswitch,0.899520993232727,118_6_RF00168_6_NC_000913.3_4233124-4233721_ext_0-200_int_125_off_0_percentage_0_position_0-0 genomicbackground,118,6,118_6
query_119,0,genomicbackground,1,riboswitch,0.5495536923408508,119_6_RF00168_6_NC_000913.3_4233124-4233721_ext_0-200_int_125_off_5_percentage_0_position_0-0 genomicbackground,119,6,119_6
query_120,0,genomicbackground,1,riboswitch,0.6007846593856812,120_6_RF00168_6_NC_000913.3_4233124-4233721_ext_0-200_int_125_off_10_percentage_0_position_0-0 genomicbackground,120,6,120_6
query_121,0,genomicbackground,0,genomicbackground,0.3182753026485443,121_6_RF00168_6_NC_000913.3_4233124-4233721_ext_0-200_int_125_off_15_percentage_0_position_0-0 genomicbackground,121,6,121_6
query_122,0,genomicbackground,0,genomicbackground,0.009640729986131191,122_6_RF00168_6_NC_000913.3_4233124-4233721_ext_0-200_int_125_off_20_percentage_0_position_0-0 genomicbackground,122,6,122_6
query_123,0,genomicbackground,0,genomicbackground,0.02150595746934414,123_6_RF00168_6_NC_000913.3_4233124-4233721_ext_0-200_int_125_off_25_percentage_0_position_0-0 genomicbackground,123,6,123_6
query_124,0,genomicbackground,0,genomicbackground,0.09841234982013702,124_6_RF00168_6_NC_000913.3_4233124-4233721_ext_0-200_int_125_off_30_percentage_0_position_0-0 genomicbackground,124,6,124_6
query_125,0,genomicbackground,0,genomicbackground,0.045842722058296204,125_6_RF00168_6_NC_000913.3_4233124-4233721_ext_0-200_int_125_off_35_percentage_0_position_0-0 genomicbackground,125,6,125_6
query_126,0,genomicbackground,0,genomicbackground,0.05955685302615166,126_6_RF00168_6_NC_000913.3_4233124-4233721_ext_0-200_int_125_off_40_percentage_0_position_0-0 genomicbackground,126,6,126_6
query_127,0,genomicbackground,0,genomicbackground,0.04697481915354729,127_6_RF00168_6_NC_000913.3_4233124-4233721_ext_0-200_int_125_off_45_percentage_0_position_0-0 genomicbackground,127,6,127_6
query_128,0,genomicbackground,0,genomicbackground,0.0036540995351970196,128_6_RF00168_6_NC_000913.3_4233124-4233721_ext_0-200_int_125_off_50_percentage_0_position_0-0 genomicbackground,128,6,128_6
query_129,0,genomicbackground,0,genomicbackground,0.0028231791220605373,129_6_RF00168_6_NC_000913.3_4233124-4233721_ext_0-200_int_125_off_55_percentage_0_position_0-0 genomicbackground,129,6,129_6
query_130,0,genomicbackground,0,genomicbackground,0.0041249957866966724,130_6_RF00168_6_NC_000913.3_4233124-4233721_ext_0-200_int_125_off_60_percentage_0_position_0-0 genomicbackground,130,6,130_6
query_131,0,genomicbackground,0,genomicbackground,0.007276750169694424,131_6_RF00168_6_NC_000913.3_4233124-4233721_ext_0-200_int_125_off_65_percentage_0_position_0-0 genomicbackground,131,6,131_6
query_132,0,genomicbackground,0,genomicbackground,0.010884299874305725,132_6_RF00168_6_NC_000913.3_4233124-4233721_ext_0-200_int_125_off_70_percentage_0_position_0-0 genomicbackground,132,6,132_6
query_133,0,genomicbackground,0,genomicbackground,0.009492740035057068,133_6_RF00168_6_NC_000913.3_4233124-4233721_ext_0-200_int_125_off_75_percentage_0_position_0-0 genomicbackground,133,6,133_6
query_134,0,genomicbackground,1,riboswitch,0.876688539981842,134_6_RF00168_6_NC_000913.3_4233124-4233721_ext_0-200_int_130_off_0_percentage_0_position_0-0 genomicbackground,134,6,134_6
query_135,0,genomicbackground,0,genomicbackground,0.292513906955719,135_6_RF00168_6_NC_000913.3_4233124-4233721_ext_0-200_int_130_off_5_percentage_0_position_0-0 genomicbackground,135,6,135_6
query_136,0,genomicbackground,0,genomicbackground,0.26185354590415955,136_6_RF00168_6_NC_000913.3_4233124-4233721_ext_0-200_int_130_off_10_percentage_0_position_0-0 genomicbackground,136,6,136_6
query_137,0,genomicbackground,0,genomicbackground,0.009239834733307362,137_6_RF00168_6_NC_000913.3_4233124-4233721_ext_0-200_int_130_off_15_percentage_0_position_0-0 genomicbackground,137,6,137_6
query_138,0,genomicbackground,0,genomicbackground,0.05226762592792511,138_6_RF00168_6_NC_000913.3_4233124-4233721_ext_0-200_int_130_off_20_percentage_0_position_0-0 genomicbackground,138,6,138_6
query_139,0,genomicbackground,0,genomicbackground,0.04249686375260353,139_6_RF00168_6_NC_000913.3_4233124-4233721_ext_0-200_int_130_off_25_percentage_0_position_0-0 genomicbackground,139,6,139_6
query_140,0,genomicbackground,0,genomicbackground,0.07915455847978592,140_6_RF00168_6_NC_000913.3_4233124-4233721_ext_0-200_int_130_off_30_percentage_0_position_0-0 genomicbackground,140,6,140_6
query_141,0,genomicbackground,0,genomicbackground,0.04543415084481239,141_6_RF00168_6_NC_000913.3_4233124-4233721_ext_0-200_int_130_off_35_percentage_0_position_0-0 genomicbackground,141,6,141_6
query_142,0,genomicbackground,0,genomicbackground,0.04746592044830322,142_6_RF00168_6_NC_000913.3_4233124-4233721_ext_0-200_int_130_off_40_percentage_0_position_0-0 genomicbackground,142,6,142_6
query_143,0,genomicbackground,0,genomicbackground,0.04086330160498619,143_6_RF00168_6_NC_000913.3_4233124-4233721_ext_0-200_int_130_off_45_percentage_0_position_0-0 genomicbackground,143,6,143_6
query_144,0,genomicbackground,0,genomicbackground,0.003028381383046508,144_6_RF00168_6_NC_000913.3_4233124-4233721_ext_0-200_int_130_off_50_percentage_0_position_0-0 genomicbackground,144,6,144_6
query_145,0,genomicbackground,0,genomicbackground,0.0030813226476311684,145_6_RF00168_6_NC_000913.3_4233124-4233721_ext_0-200_int_130_off_55_percentage_0_position_0-0 genomicbackground,145,6,145_6
query_146,0,genomicbackground,0,genomicbackground,0.0038537313230335712,146_6_RF00168_6_NC_000913.3_4233124-4233721_ext_0-200_int_130_off_60_percentage_0_position_0-0 genomicbackground,146,6,146_6
query_147,0,genomicbackground,0,genomicbackground,0.010363115929067135,147_6_RF00168_6_NC_000913.3_4233124-4233721_ext_0-200_int_130_off_65_percentage_0_position_0-0 genomicbackground,147,6,147_6
query_148,0,genomicbackground,0,genomicbackground,0.010490713641047478,148_6_RF00168_6_NC_000913.3_4233124-4233721_ext_0-200_int_130_off_70_percentage_0_position_0-0 genomicbackground,148,6,148_6
query_149,0,genomicbackground,1,riboswitch,0.5082083344459534,149_6_RF00168_6_NC_000913.3_4233124-4233721_ext_0-200_int_135_off_0_percentage_0_position_0-0 genomicbackground,149,6,149_6
query_150,0,genomicbackground,0,genomicbackground,0.12698045372962952,150_6_RF00168_6_NC_000913.3_4233124-4233721_ext_0-200_int_135_off_5_percentage_0_position_0-0 genomicbackground,150,6,150_6
query_151,0,genomicbackground,0,genomicbackground,0.15850594639778137,151_6_RF00168_6_NC_000913.3_4233124-4233721_ext_0-200_int_135_off_10_percentage_0_position_0-0 genomicbackground,151,6,151_6
query_152,0,genomicbackground,0,genomicbackground,0.006659730337560177,152_6_RF00168_6_NC_000913.3_4233124-4233721_ext_0-200_int_135_off_15_percentage_0_position_0-0 genomicbackground,152,6,152_6
query_153,0,genomicbackground,0,genomicbackground,0.13845402002334595,153_6_RF00168_6_NC_000913.3_4233124-4233721_ext_0-200_int_135_off_20_percentage_0_position_0-0 genomicbackground,153,6,153_6
query_154,0,genomicbackground,0,genomicbackground,0.03707378730177879,154_6_RF00168_6_NC_000913.3_4233124-4233721_ext_0-200_int_135_off_25_percentage_0_position_0-0 genomicbackground,154,6,154_6
query_155,0,genomicbackground,0,genomicbackground,0.012417411431670189,155_6_RF00168_6_NC_000913.3_4233124-4233721_ext_0-200_int_135_off_30_percentage_0_position_0-0 genomicbackground,155,6,155_6
query_156,0,genomicbackground,0,genomicbackground,0.038278523832559586,156_6_RF00168_6_NC_000913.3_4233124-4233721_ext_0-200_int_135_off_35_percentage_0_position_0-0 genomicbackground,156,6,156_6
query_157,0,genomicbackground,0,genomicbackground,0.04160904884338379,157_6_RF00168_6_NC_000913.3_4233124-4233721_ext_0-200_int_135_off_40_percentage_0_position_0-0 genomicbackground,157,6,157_6
query_158,0,genomicbackground,0,genomicbackground,0.030640602111816406,158_6_RF00168_6_NC_000913.3_4233124-4233721_ext_0-200_int_135_off_45_percentage_0_position_0-0 genomicbackground,158,6,158_6
query_159,0,genomicbackground,0,genomicbackground,0.0032464300747960806,159_6_RF00168_6_NC_000913.3_4233124-4233721_ext_0-200_int_135_off_50_percentage_0_position_0-0 genomicbackground,159,6,159_6
query_160,0,genomicbackground,0,genomicbackground,0.0029499633237719536,160_6_RF00168_6_NC_000913.3_4233124-4233721_ext_0-200_int_135_off_55_percentage_0_position_0-0 genomicbackground,160,6,160_6
query_161,0,genomicbackground,0,genomicbackground,0.011295770294964314,161_6_RF00168_6_NC_000913.3_4233124-4233721_ext_0-200_int_135_off_60_percentage_0_position_0-0 genomicbackground,161,6,161_6
query_162,0,genomicbackground,0,genomicbackground,0.009955490939319134,162_6_RF00168_6_NC_000913.3_4233124-4233721_ext_0-200_int_135_off_65_percentage_0_position_0-0 genomicbackground,162,6,162_6
query_163,0,genomicbackground,0,genomicbackground,0.2418072372674942,163_6_RF00168_6_NC_000913.3_4233124-4233721_ext_0-200_int_140_off_0_percentage_0_position_0-0 genomicbackground,163,6,163_6
query_164,0,genomicbackground,0,genomicbackground,0.09129725396633148,164_6_RF00168_6_NC_000913.3_4233124-4233721_ext_0-200_int_140_off_5_percentage_0_position_0-0 genomicbackground,164,6,164_6
query_165,0,genomicbackground,0,genomicbackground,0.11815258115530014,165_6_RF00168_6_NC_000913.3_4233124-4233721_ext_0-200_int_140_off_10_percentage_0_position_0-0 genomicbackground,165,6,165_6
query_166,0,genomicbackground,0,genomicbackground,0.16970594227313995,166_6_RF00168_6_NC_000913.3_4233124-4233721_ext_0-200_int_140_off_15_percentage_0_position_0-0 genomicbackground,166,6,166_6
query_167,0,genomicbackground,0,genomicbackground,0.10673689842224121,167_6_RF00168_6_NC_000913.3_4233124-4233721_ext_0-200_int_140_off_20_percentage_0_position_0-0 genomicbackground,167,6,167_6
query_168,0,genomicbackground,0,genomicbackground,0.009634108282625675,168_6_RF00168_6_NC_000913.3_4233124-4233721_ext_0-200_int_140_off_25_percentage_0_position_0-0 genomicbackground,168,6,168_6
query_169,0,genomicbackground,0,genomicbackground,0.04078628122806549,169_6_RF00168_6_NC_000913.3_4233124-4233721_ext_0-200_int_140_off_30_percentage_0_position_0-0 genomicbackground,169,6,169_6
query_170,0,genomicbackground,0,genomicbackground,0.033700164407491684,170_6_RF00168_6_NC_000913.3_4233124-4233721_ext_0-200_int_140_off_35_percentage_0_position_0-0 genomicbackground,170,6,170_6
query_171,0,genomicbackground,0,genomicbackground,0.03202848136425018,171_6_RF00168_6_NC_000913.3_4233124-4233721_ext_0-200_int_140_off_40_percentage_0_position_0-0 genomicbackground,171,6,171_6
query_172,0,genomicbackground,0,genomicbackground,0.021835582330822945,172_6_RF00168_6_NC_000913.3_4233124-4233721_ext_0-200_int_140_off_45_percentage_0_position_0-0 genomicbackground,172,6,172_6
query_173,0,genomicbackground,0,genomicbackground,0.0030898505356162786,173_6_RF00168_6_NC_000913.3_4233124-4233721_ext_0-200_int_140_off_50_percentage_0_position_0-0 genomicbackground,173,6,173_6
query_174,0,genomicbackground,0,genomicbackground,0.010349619202315807,174_6_RF00168_6_NC_000913.3_4233124-4233721_ext_0-200_int_140_off_55_percentage_0_position_0-0 genomicbackground,174,6,174_6
query_175,0,genomicbackground,0,genomicbackground,0.011424567550420761,175_6_RF00168_6_NC_000913.3_4233124-4233721_ext_0-200_int_140_off_60_percentage_0_position_0-0 genomicbackground,175,6,175_6
query_176,0,genomicbackground,0,genomicbackground,0.11197996884584427,176_6_RF00168_6_NC_000913.3_4233124-4233721_ext_0-200_int_145_off_0_percentage_0_position_0-0 genomicbackground,176,6,176_6
query_177,0,genomicbackground,0,genomicbackground,0.09214935451745987,177_6_RF00168_6_NC_000913.3_4233124-4233721_ext_0-200_int_145_off_5_percentage_0_position_0-0 genomicbackground,177,6,177_6
query_178,0,genomicbackground,0,genomicbackground,0.16620653867721558,178_6_RF00168_6_NC_000913.3_4233124-4233721_ext_0-200_int_145_off_10_percentage_0_position_0-0 genomicbackground,178,6,178_6
query_179,0,genomicbackground,0,genomicbackground,0.12255457788705826,179_6_RF00168_6_NC_000913.3_4233124-4233721_ext_0-200_int_145_off_15_percentage_0_position_0-0 genomicbackground,179,6,179_6
query_180,0,genomicbackground,0,genomicbackground,0.010335243307054043,180_6_RF00168_6_NC_000913.3_4233124-4233721_ext_0-200_int_145_off_20_percentage_0_position_0-0 genomicbackground,180,6,180_6
query_181,0,genomicbackground,0,genomicbackground,0.0015408192994073033,181_6_RF00168_6_NC_000913.3_4233124-4233721_ext_0-200_int_145_off_25_percentage_0_position_0-0 genomicbackground,181,6,181_6
query_182,0,genomicbackground,0,genomicbackground,0.03738696128129959,182_6_RF00168_6_NC_000913.3_4233124-4233721_ext_0-200_int_145_off_30_percentage_0_position_0-0 genomicbackground,182,6,182_6
query_183,0,genomicbackground,0,genomicbackground,0.026137501001358032,183_6_RF00168_6_NC_000913.3_4233124-4233721_ext_0-200_int_145_off_35_percentage_0_position_0-0 genomicbackground,183,6,183_6
query_184,0,genomicbackground,0,genomicbackground,0.022918950766324997,184_6_RF00168_6_NC_000913.3_4233124-4233721_ext_0-200_int_145_off_40_percentage_0_position_0-0 genomicbackground,184,6,184_6
query_185,0,genomicbackground,0,genomicbackground,0.020136436447501183,185_6_RF00168_6_NC_000913.3_4233124-4233721_ext_0-200_int_145_off_45_percentage_0_position_0-0 genomicbackground,185,6,185_6
query_186,0,genomicbackground,0,genomicbackground,0.04777149856090546,186_6_RF00168_6_NC_000913.3_4233124-4233721_ext_0-200_int_145_off_50_percentage_0_position_0-0 genomicbackground,186,6,186_6
query_187,0,genomicbackground,0,genomicbackground,0.010306237265467644,187_6_RF00168_6_NC_000913.3_4233124-4233721_ext_0-200_int_145_off_55_percentage_0_position_0-0 genomicbackground,187,6,187_6
query_188,0,genomicbackground,0,genomicbackground,0.09013345837593079,188_6_RF00168_6_NC_000913.3_4233124-4233721_ext_0-200_int_150_off_0_percentage_0_position_0-0 genomicbackground,188,6,188_6
query_189,0,genomicbackground,0,genomicbackground,0.1136377677321434,189_6_RF00168_6_NC_000913.3_4233124-4233721_ext_0-200_int_150_off_5_percentage_0_position_0-0 genomicbackground,189,6,189_6
query_190,0,genomicbackground,0,genomicbackground,0.09150388091802597,190_6_RF00168_6_NC_000913.3_4233124-4233721_ext_0-200_int_150_off_10_percentage_0_position_0-0 genomicbackground,190,6,190_6
query_191,0,genomicbackground,0,genomicbackground,0.12205393612384796,191_6_RF00168_6_NC_000913.3_4233124-4233721_ext_0-200_int_150_off_15_percentage_0_position_0-0 genomicbackground,191,6,191_6
query_192,0,genomicbackground,0,genomicbackground,0.0016644634306430817,192_6_RF00168_6_NC_000913.3_4233124-4233721_ext_0-200_int_150_off_20_percentage_0_position_0-0 genomicbackground,192,6,192_6
query_193,0,genomicbackground,0,genomicbackground,0.0014904936542734504,193_6_RF00168_6_NC_000913.3_4233124-4233721_ext_0-200_int_150_off_25_percentage_0_position_0-0 genomicbackground,193,6,193_6
query_194,0,genomicbackground,0,genomicbackground,0.0304990466684103,194_6_RF00168_6_NC_000913.3_4233124-4233721_ext_0-200_int_150_off_30_percentage_0_position_0-0 genomicbackground,194,6,194_6
query_195,0,genomicbackground,0,genomicbackground,0.01967330276966095,195_6_RF00168_6_NC_000913.3_4233124-4233721_ext_0-200_int_150_off_35_percentage_0_position_0-0 genomicbackground,195,6,195_6
query_196,0,genomicbackground,0,genomicbackground,0.009403783828020096,196_6_RF00168_6_NC_000913.3_4233124-4233721_ext_0-200_int_150_off_40_percentage_0_position_0-0 genomicbackground,196,6,196_6
query_197,0,genomicbackground,0,genomicbackground,0.03219930827617645,197_6_RF00168_6_NC_000913.3_4233124-4233721_ext_0-200_int_150_off_45_percentage_0_position_0-0 genomicbackground,197,6,197_6
query_198,0,genomicbackground,0,genomicbackground,0.010918758809566498,198_6_RF00168_6_NC_000913.3_4233124-4233721_ext_0-200_int_150_off_50_percentage_0_position_0-0 genomicbackground,198,6,198_6
query_199,0,genomicbackground,0,genomicbackground,0.09953659027814865,199_6_RF00168_6_NC_000913.3_4233124-4233721_ext_0-200_int_155_off_0_percentage_0_position_0-0 genomicbackground,199,6,199_6
query_200,0,genomicbackground,0,genomicbackground,0.04913140833377838,200_6_RF00168_6_NC_000913.3_4233124-4233721_ext_0-200_int_155_off_5_percentage_0_position_0-0 genomicbackground,200,6,200_6
query_201,0,genomicbackground,0,genomicbackground,0.0887785404920578,201_6_RF00168_6_NC_000913.3_4233124-4233721_ext_0-200_int_155_off_10_percentage_0_position_0-0 genomicbackground,201,6,201_6
query_202,0,genomicbackground,0,genomicbackground,0.09663394838571548,202_6_RF00168_6_NC_000913.3_4233124-4233721_ext_0-200_int_155_off_15_percentage_0_position_0-0 genomicbackground,202,6,202_6
query_203,0,genomicbackground,0,genomicbackground,0.001618537469767034,203_6_RF00168_6_NC_000913.3_4233124-4233721_ext_0-200_int_155_off_20_percentage_0_position_0-0 genomicbackground,203,6,203_6
query_204,0,genomicbackground,0,genomicbackground,0.0014184353640303016,204_6_RF00168_6_NC_000913.3_4233124-4233721_ext_0-200_int_155_off_25_percentage_0_position_0-0 genomicbackground,204,6,204_6
query_205,0,genomicbackground,0,genomicbackground,0.02266884781420231,205_6_RF00168_6_NC_000913.3_4233124-4233721_ext_0-200_int_155_off_30_percentage_0_position_0-0 genomicbackground,205,6,205_6
query_206,0,genomicbackground,0,genomicbackground,0.00612519308924675,206_6_RF00168_6_NC_000913.3_4233124-4233721_ext_0-200_int_155_off_35_percentage_0_position_0-0 genomicbackground,206,6,206_6
query_207,0,genomicbackground,0,genomicbackground,0.009556381963193417,207_6_RF00168_6_NC_000913.3_4233124-4233721_ext_0-200_int_155_off_40_percentage_0_position_0-0 genomicbackground,207,6,207_6
query_208,0,genomicbackground,0,genomicbackground,0.035604327917099,208_6_RF00168_6_NC_000913.3_4233124-4233721_ext_0-200_int_155_off_45_percentage_0_position_0-0 genomicbackground,208,6,208_6
query_209,0,genomicbackground,0,genomicbackground,0.07629293203353882,209_6_RF00168_6_NC_000913.3_4233124-4233721_ext_0-200_int_160_off_0_percentage_0_position_0-0 genomicbackground,209,6,209_6
query_210,0,genomicbackground,0,genomicbackground,0.07578085362911224,210_6_RF00168_6_NC_000913.3_4233124-4233721_ext_0-200_int_160_off_5_percentage_0_position_0-0 genomicbackground,210,6,210_6
query_211,0,genomicbackground,0,genomicbackground,0.06778967380523682,211_6_RF00168_6_NC_000913.3_4233124-4233721_ext_0-200_int_160_off_10_percentage_0_position_0-0 genomicbackground,211,6,211_6
query_212,0,genomicbackground,0,genomicbackground,0.08280497044324875,212_6_RF00168_6_NC_000913.3_4233124-4233721_ext_0-200_int_160_off_15_percentage_0_position_0-0 genomicbackground,212,6,212_6
query_213,0,genomicbackground,0,genomicbackground,0.0015412410721182823,213_6_RF00168_6_NC_000913.3_4233124-4233721_ext_0-200_int_160_off_20_percentage_0_position_0-0 genomicbackground,213,6,213_6
query_214,0,genomicbackground,0,genomicbackground,0.0015117299044504762,214_6_RF00168_6_NC_000913.3_4233124-4233721_ext_0-200_int_160_off_25_percentage_0_position_0-0 genomicbackground,214,6,214_6
query_215,0,genomicbackground,0,genomicbackground,0.021281173452734947,215_6_RF00168_6_NC_000913.3_4233124-4233721_ext_0-200_int_160_off_30_percentage_0_position_0-0 genomicbackground,215,6,215_6
query_216,0,genomicbackground,0,genomicbackground,0.014418116770684719,216_6_RF00168_6_NC_000913.3_4233124-4233721_ext_0-200_int_160_off_35_percentage_0_position_0-0 genomicbackground,216,6,216_6
query_217,0,genomicbackground,0,genomicbackground,0.031728267669677734,217_6_RF00168_6_NC_000913.3_4233124-4233721_ext_0-200_int_160_off_40_percentage_0_position_0-0 genomicbackground,217,6,217_6
query_218,0,genomicbackground,0,genomicbackground,0.11501677334308624,218_6_RF00168_6_NC_000913.3_4233124-4233721_ext_0-200_int_165_off_0_percentage_0_position_0-0 genomicbackground,218,6,218_6
query_219,0,genomicbackground,0,genomicbackground,0.059591226279735565,219_6_RF00168_6_NC_000913.3_4233124-4233721_ext_0-200_int_165_off_5_percentage_0_position_0-0 genomicbackground,219,6,219_6
query_220,0,genomicbackground,0,genomicbackground,0.058132629841566086,220_6_RF00168_6_NC_000913.3_4233124-4233721_ext_0-200_int_165_off_10_percentage_0_position_0-0 genomicbackground,220,6,220_6
query_221,0,genomicbackground,0,genomicbackground,0.05711390823125839,221_6_RF00168_6_NC_000913.3_4233124-4233721_ext_0-200_int_165_off_15_percentage_0_position_0-0 genomicbackground,221,6,221_6
query_222,0,genomicbackground,0,genomicbackground,0.00163491431158036,222_6_RF00168_6_NC_000913.3_4233124-4233721_ext_0-200_int_165_off_20_percentage_0_position_0-0 genomicbackground,222,6,222_6
query_223,0,genomicbackground,0,genomicbackground,0.0014926358126103878,223_6_RF00168_6_NC_000913.3_4233124-4233721_ext_0-200_int_165_off_25_percentage_0_position_0-0 genomicbackground,223,6,223_6
query_224,0,genomicbackground,0,genomicbackground,0.056981444358825684,224_6_RF00168_6_NC_000913.3_4233124-4233721_ext_0-200_int_165_off_30_percentage_0_position_0-0 genomicbackground,224,6,224_6
query_225,0,genomicbackground,0,genomicbackground,0.036902185529470444,225_6_RF00168_6_NC_000913.3_4233124-4233721_ext_0-200_int_165_off_35_percentage_0_position_0-0 genomicbackground,225,6,225_6
query_226,0,genomicbackground,0,genomicbackground,0.08088623732328415,226_6_RF00168_6_NC_000913.3_4233124-4233721_ext_0-200_int_170_off_0_percentage_0_position_0-0 genomicbackground,226,6,226_6
query_227,0,genomicbackground,0,genomicbackground,0.052071474492549896,227_6_RF00168_6_NC_000913.3_4233124-4233721_ext_0-200_int_170_off_5_percentage_0_position_0-0 genomicbackground,227,6,227_6
query_228,0,genomicbackground,0,genomicbackground,0.042446792125701904,228_6_RF00168_6_NC_000913.3_4233124-4233721_ext_0-200_int_170_off_10_percentage_0_position_0-0 genomicbackground,228,6,228_6
query_229,0,genomicbackground,0,genomicbackground,0.0342019684612751,229_6_RF00168_6_NC_000913.3_4233124-4233721_ext_0-200_int_170_off_15_percentage_0_position_0-0 genomicbackground,229,6,229_6
query_230,0,genomicbackground,0,genomicbackground,0.0016139672370627522,230_6_RF00168_6_NC_000913.3_4233124-4233721_ext_0-200_int_170_off_20_percentage_0_position_0-0 genomicbackground,230,6,230_6
query_231,0,genomicbackground,0,genomicbackground,0.006048151291906834,231_6_RF00168_6_NC_000913.3_4233124-4233721_ext_0-200_int_170_off_25_percentage_0_position_0-0 genomicbackground,231,6,231_6
query_232,0,genomicbackground,0,genomicbackground,0.04882139712572098,232_6_RF00168_6_NC_000913.3_4233124-4233721_ext_0-200_int_170_off_30_percentage_0_position_0-0 genomicbackground,232,6,232_6
query_233,0,genomicbackground,0,genomicbackground,0.09326833486557007,233_6_RF00168_6_NC_000913.3_4233124-4233721_ext_0-200_int_175_off_0_percentage_0_position_0-0 genomicbackground,233,6,233_6
query_234,0,genomicbackground,0,genomicbackground,0.03977172076702118,234_6_RF00168_6_NC_000913.3_4233124-4233721_ext_0-200_int_175_off_5_percentage_0_position_0-0 genomicbackground,234,6,234_6
query_235,0,genomicbackground,0,genomicbackground,0.02852310799062252,235_6_RF00168_6_NC_000913.3_4233124-4233721_ext_0-200_int_175_off_10_percentage_0_position_0-0 genomicbackground,235,6,235_6
query_236,0,genomicbackground,0,genomicbackground,0.017584631219506264,236_6_RF00168_6_NC_000913.3_4233124-4233721_ext_0-200_int_175_off_15_percentage_0_position_0-0 genomicbackground,236,6,236_6
query_237,0,genomicbackground,0,genomicbackground,0.007346198428422213,237_6_RF00168_6_NC_000913.3_4233124-4233721_ext_0-200_int_175_off_20_percentage_0_position_0-0 genomicbackground,237,6,237_6
query_238,0,genomicbackground,0,genomicbackground,0.005703234579414129,238_6_RF00168_6_NC_000913.3_4233124-4233721_ext_0-200_int_175_off_25_percentage_0_position_0-0 genomicbackground,238,6,238_6
query_239,0,genomicbackground,0,genomicbackground,0.07459842413663864,239_6_RF00168_6_NC_000913.3_4233124-4233721_ext_0-200_int_180_off_0_percentage_0_position_0-0 genomicbackground,239,6,239_6
query_240,0,genomicbackground,0,genomicbackground,0.027514474466443062,240_6_RF00168_6_NC_000913.3_4233124-4233721_ext_0-200_int_180_off_5_percentage_0_position_0-0 genomicbackground,240,6,240_6
query_241,0,genomicbackground,0,genomicbackground,0.01561335101723671,241_6_RF00168_6_NC_000913.3_4233124-4233721_ext_0-200_int_180_off_10_percentage_0_position_0-0 genomicbackground,241,6,241_6
query_242,0,genomicbackground,0,genomicbackground,0.016495145857334137,242_6_RF00168_6_NC_000913.3_4233124-4233721_ext_0-200_int_180_off_15_percentage_0_position_0-0 genomicbackground,242,6,242_6
query_243,0,genomicbackground,0,genomicbackground,0.00668108556419611,243_6_RF00168_6_NC_000913.3_4233124-4233721_ext_0-200_int_180_off_20_percentage_0_position_0-0 genomicbackground,243,6,243_6
query_244,0,genomicbackground,0,genomicbackground,0.047948915511369705,244_6_RF00168_6_NC_000913.3_4233124-4233721_ext_0-200_int_185_off_0_percentage_0_position_0-0 genomicbackground,244,6,244_6
query_245,0,genomicbackground,0,genomicbackground,0.011427799239754677,245_6_RF00168_6_NC_000913.3_4233124-4233721_ext_0-200_int_185_off_5_percentage_0_position_0-0 genomicbackground,245,6,245_6
query_246,0,genomicbackground,0,genomicbackground,0.016964755952358246,246_6_RF00168_6_NC_000913.3_4233124-4233721_ext_0-200_int_185_off_10_percentage_0_position_0-0 genomicbackground,246,6,246_6
query_247,0,genomicbackground,0,genomicbackground,0.051459819078445435,247_6_RF00168_6_NC_000913.3_4233124-4233721_ext_0-200_int_185_off_15_percentage_0_position_0-0 genomicbackground,247,6,247_6
query_248,0,genomicbackground,0,genomicbackground,0.04376376047730446,248_6_RF00168_6_NC_000913.3_4233124-4233721_ext_0-200_int_190_off_0_percentage_0_position_0-0 genomicbackground,248,6,248_6
query_249,0,genomicbackground,0,genomicbackground,0.023603251203894615,249_6_RF00168_6_NC_000913.3_4233124-4233721_ext_0-200_int_190_off_5_percentage_0_position_0-0 genomicbackground,249,6,249_6
query_250,0,genomicbackground,0,genomicbackground,0.03490925952792168,250_6_RF00168_6_NC_000913.3_4233124-4233721_ext_0-200_int_190_off_10_percentage_0_position_0-0 genomicbackground,250,6,250_6
query_251,0,genomicbackground,0,genomicbackground,0.04356132820248604,251_6_RF00168_6_NC_000913.3_4233124-4233721_ext_0-200_int_195_off_0_percentage_0_position_0-0 genomicbackground,251,6,251_6
query_252,0,genomicbackground,0,genomicbackground,0.03174149617552757,252_6_RF00168_6_NC_000913.3_4233124-4233721_ext_0-200_int_195_off_5_percentage_0_position_0-0 genomicbackground,252,6,252_6
query_253,0,genomicbackground,0,genomicbackground,0.042678482830524445,253_6_RF00168_6_NC_000913.3_4233124-4233721_ext_0-200_int_200_off_0_percentage_0_position_0-0 genomicbackground,253,6,253_6
query_254,0,genomicbackground,0,genomicbackground,0.002948935143649578,254_6_RF00168_6_NC_000913.3_4233124-4233721_ext_20-220_int_95_off_0_percentage_0_position_0-0 genomicbackground,254,6,254_6
query_255,0,genomicbackground,0,genomicbackground,0.0019066785462200642,255_6_RF00168_6_NC_000913.3_4233124-4233721_ext_20-220_int_95_off_5_percentage_0_position_0-0 genomicbackground,255,6,255_6
query_256,0,genomicbackground,0,genomicbackground,0.12095610052347183,256_6_RF00168_6_NC_000913.3_4233124-4233721_ext_20-220_int_95_off_10_percentage_0_position_0-0 genomicbackground,256,6,256_6
query_257,0,genomicbackground,1,riboswitch,0.6386570334434509,257_6_RF00168_6_NC_000913.3_4233124-4233721_ext_20-220_int_95_off_15_percentage_0_position_0-0 genomicbackground,257,6,257_6
query_258,0,genomicbackground,0,genomicbackground,0.17155048251152039,258_6_RF00168_6_NC_000913.3_4233124-4233721_ext_20-220_int_95_off_20_percentage_0_position_0-0 genomicbackground,258,6,258_6
query_259,0,genomicbackground,0,genomicbackground,0.06031867116689682,259_6_RF00168_6_NC_000913.3_4233124-4233721_ext_20-220_int_95_off_25_percentage_0_position_0-0 genomicbackground,259,6,259_6
query_260,0,genomicbackground,0,genomicbackground,0.07509347051382065,260_6_RF00168_6_NC_000913.3_4233124-4233721_ext_20-220_int_95_off_30_percentage_0_position_0-0 genomicbackground,260,6,260_6
query_261,0,genomicbackground,0,genomicbackground,0.03945382311940193,261_6_RF00168_6_NC_000913.3_4233124-4233721_ext_20-220_int_95_off_35_percentage_0_position_0-0 genomicbackground,261,6,261_6
query_262,0,genomicbackground,0,genomicbackground,0.06616219878196716,262_6_RF00168_6_NC_000913.3_4233124-4233721_ext_20-220_int_95_off_40_percentage_0_position_0-0 genomicbackground,262,6,262_6
query_263,0,genomicbackground,0,genomicbackground,0.03191964700818062,263_6_RF00168_6_NC_000913.3_4233124-4233721_ext_20-220_int_95_off_45_percentage_0_position_0-0 genomicbackground,263,6,263_6
query_264,0,genomicbackground,0,genomicbackground,0.007204405497759581,264_6_RF00168_6_NC_000913.3_4233124-4233721_ext_20-220_int_95_off_50_percentage_0_position_0-0 genomicbackground,264,6,264_6
query_265,0,genomicbackground,0,genomicbackground,0.008836619555950165,265_6_RF00168_6_NC_000913.3_4233124-4233721_ext_20-220_int_95_off_55_percentage_0_position_0-0 genomicbackground,265,6,265_6
query_266,0,genomicbackground,1,riboswitch,0.8304628133773804,266_6_RF00168_6_NC_000913.3_4233124-4233721_ext_20-220_int_95_off_60_percentage_0_position_0-0 genomicbackground,266,6,266_6
query_267,0,genomicbackground,0,genomicbackground,0.19788122177124023,267_6_RF00168_6_NC_000913.3_4233124-4233721_ext_20-220_int_95_off_65_percentage_0_position_0-0 genomicbackground,267,6,267_6
query_268,0,genomicbackground,0,genomicbackground,0.09022863954305649,268_6_RF00168_6_NC_000913.3_4233124-4233721_ext_20-220_int_95_off_70_percentage_0_position_0-0 genomicbackground,268,6,268_6
query_269,0,genomicbackground,0,genomicbackground,0.07761082053184509,269_6_RF00168_6_NC_000913.3_4233124-4233721_ext_20-220_int_95_off_75_percentage_0_position_0-0 genomicbackground,269,6,269_6
query_270,0,genomicbackground,0,genomicbackground,0.01606617495417595,270_6_RF00168_6_NC_000913.3_4233124-4233721_ext_20-220_int_95_off_80_percentage_0_position_0-0 genomicbackground,270,6,270_6
query_271,0,genomicbackground,0,genomicbackground,0.036918677389621735,271_6_RF00168_6_NC_000913.3_4233124-4233721_ext_20-220_int_95_off_85_percentage_0_position_0-0 genomicbackground,271,6,271_6
query_272,0,genomicbackground,0,genomicbackground,0.04304646700620651,272_6_RF00168_6_NC_000913.3_4233124-4233721_ext_20-220_int_95_off_90_percentage_3_position_91-95 genomicbackground,272,6,272_6
query_273,0,genomicbackground,0,genomicbackground,0.05396620184183121,273_6_RF00168_6_NC_000913.3_4233124-4233721_ext_20-220_int_95_off_95_percentage_5_position_86-95 genomicbackground,273,6,273_6
query_274,0,genomicbackground,0,genomicbackground,0.1434609442949295,274_6_RF00168_6_NC_000913.3_4233124-4233721_ext_20-220_int_95_off_100_percentage_8_position_81-95 genomicbackground,274,6,274_6
query_275,0,genomicbackground,0,genomicbackground,0.011841823346912861,275_6_RF00168_6_NC_000913.3_4233124-4233721_ext_20-220_int_95_off_105_percentage_10_position_76-95 genomicbackground,275,6,275_6
query_276,0,genomicbackground,0,genomicbackground,0.003204077947884798,276_6_RF00168_6_NC_000913.3_4233124-4233721_ext_20-220_int_100_off_0_percentage_0_position_0-0 genomicbackground,276,6,276_6
query_277,0,genomicbackground,0,genomicbackground,0.0019479796756058931,277_6_RF00168_6_NC_000913.3_4233124-4233721_ext_20-220_int_100_off_5_percentage_0_position_0-0 genomicbackground,277,6,277_6
query_278,0,genomicbackground,0,genomicbackground,0.27520596981048584,278_6_RF00168_6_NC_000913.3_4233124-4233721_ext_20-220_int_100_off_10_percentage_0_position_0-0 genomicbackground,278,6,278_6
query_279,0,genomicbackground,0,genomicbackground,0.4453306496143341,279_6_RF00168_6_NC_000913.3_4233124-4233721_ext_20-220_int_100_off_15_percentage_0_position_0-0 genomicbackground,279,6,279_6
query_280,0,genomicbackground,0,genomicbackground,0.07959335297346115,280_6_RF00168_6_NC_000913.3_4233124-4233721_ext_20-220_int_100_off_20_percentage_0_position_0-0 genomicbackground,280,6,280_6
query_281,0,genomicbackground,0,genomicbackground,0.350599467754364,281_6_RF00168_6_NC_000913.3_4233124-4233721_ext_20-220_int_100_off_25_percentage_0_position_0-0 genomicbackground,281,6,281_6
query_282,0,genomicbackground,0,genomicbackground,0.04350766912102699,282_6_RF00168_6_NC_000913.3_4233124-4233721_ext_20-220_int_100_off_30_percentage_0_position_0-0 genomicbackground,282,6,282_6
query_283,0,genomicbackground,0,genomicbackground,0.03820132091641426,283_6_RF00168_6_NC_000913.3_4233124-4233721_ext_20-220_int_100_off_35_percentage_0_position_0-0 genomicbackground,283,6,283_6
query_284,0,genomicbackground,0,genomicbackground,0.05248801037669182,284_6_RF00168_6_NC_000913.3_4233124-4233721_ext_20-220_int_100_off_40_percentage_0_position_0-0 genomicbackground,284,6,284_6
query_285,0,genomicbackground,0,genomicbackground,0.007511312607675791,285_6_RF00168_6_NC_000913.3_4233124-4233721_ext_20-220_int_100_off_45_percentage_0_position_0-0 genomicbackground,285,6,285_6
query_286,0,genomicbackground,0,genomicbackground,0.004468339495360851,286_6_RF00168_6_NC_000913.3_4233124-4233721_ext_20-220_int_100_off_50_percentage_0_position_0-0 genomicbackground,286,6,286_6
query_287,0,genomicbackground,0,genomicbackground,0.00805263128131628,287_6_RF00168_6_NC_000913.3_4233124-4233721_ext_20-220_int_100_off_55_percentage_0_position_0-0 genomicbackground,287,6,287_6
query_288,0,genomicbackground,1,riboswitch,0.7622049450874329,288_6_RF00168_6_NC_000913.3_4233124-4233721_ext_20-220_int_100_off_60_percentage_0_position_0-0 genomicbackground,288,6,288_6
query_289,0,genomicbackground,0,genomicbackground,0.011585840955376625,289_6_RF00168_6_NC_000913.3_4233124-4233721_ext_20-220_int_100_off_65_percentage_0_position_0-0 genomicbackground,289,6,289_6
query_290,0,genomicbackground,0,genomicbackground,0.0790296345949173,290_6_RF00168_6_NC_000913.3_4233124-4233721_ext_20-220_int_100_off_70_percentage_0_position_0-0 genomicbackground,290,6,290_6
query_291,0,genomicbackground,0,genomicbackground,0.021470658481121063,291_6_RF00168_6_NC_000913.3_4233124-4233721_ext_20-220_int_100_off_75_percentage_0_position_0-0 genomicbackground,291,6,291_6
query_292,0,genomicbackground,0,genomicbackground,0.010945949703454971,292_6_RF00168_6_NC_000913.3_4233124-4233721_ext_20-220_int_100_off_80_percentage_0_position_0-0 genomicbackground,292,6,292_6
query_293,0,genomicbackground,0,genomicbackground,0.08592119812965393,293_6_RF00168_6_NC_000913.3_4233124-4233721_ext_20-220_int_100_off_85_percentage_3_position_96-100 genomicbackground,293,6,293_6
query_294,0,genomicbackground,0,genomicbackground,0.03442564606666565,294_6_RF00168_6_NC_000913.3_4233124-4233721_ext_20-220_int_100_off_90_percentage_5_position_91-100 genomicbackground,294,6,294_6
query_295,0,genomicbackground,0,genomicbackground,0.11691011488437653,295_6_RF00168_6_NC_000913.3_4233124-4233721_ext_20-220_int_100_off_95_percentage_8_position_86-100 genomicbackground,295,6,295_6
query_296,0,genomicbackground,0,genomicbackground,0.09945981949567795,296_6_RF00168_6_NC_000913.3_4233124-4233721_ext_20-220_int_100_off_100_percentage_10_position_81-100 genomicbackground,296,6,296_6
query_297,0,genomicbackground,0,genomicbackground,0.002896243240684271,297_6_RF00168_6_NC_000913.3_4233124-4233721_ext_20-220_int_105_off_0_percentage_0_position_0-0 genomicbackground,297,6,297_6
query_298,0,genomicbackground,0,genomicbackground,0.002774980152025819,298_6_RF00168_6_NC_000913.3_4233124-4233721_ext_20-220_int_105_off_5_percentage_0_position_0-0 genomicbackground,298,6,298_6
query_299,0,genomicbackground,0,genomicbackground,0.15305431187152863,299_6_RF00168_6_NC_000913.3_4233124-4233721_ext_20-220_int_105_off_10_percentage_0_position_0-0 genomicbackground,299,6,299_6
query_300,0,genomicbackground,0,genomicbackground,0.23009580373764038,300_6_RF00168_6_NC_000913.3_4233124-4233721_ext_20-220_int_105_off_15_percentage_0_position_0-0 genomicbackground,300,6,300_6
query_301,0,genomicbackground,0,genomicbackground,0.05924263969063759,301_6_RF00168_6_NC_000913.3_4233124-4233721_ext_20-220_int_105_off_20_percentage_0_position_0-0 genomicbackground,301,6,301_6
query_302,0,genomicbackground,0,genomicbackground,0.052819766104221344,302_6_RF00168_6_NC_000913.3_4233124-4233721_ext_20-220_int_105_off_25_percentage_0_position_0-0 genomicbackground,302,6,302_6
query_303,0,genomicbackground,0,genomicbackground,0.047330018132925034,303_6_RF00168_6_NC_000913.3_4233124-4233721_ext_20-220_int_105_off_30_percentage_0_position_0-0 genomicbackground,303,6,303_6
query_304,0,genomicbackground,0,genomicbackground,0.021853694692254066,304_6_RF00168_6_NC_000913.3_4233124-4233721_ext_20-220_int_105_off_35_percentage_0_position_0-0 genomicbackground,304,6,304_6
query_305,0,genomicbackground,0,genomicbackground,0.010530081577599049,305_6_RF00168_6_NC_000913.3_4233124-4233721_ext_20-220_int_105_off_40_percentage_0_position_0-0 genomicbackground,305,6,305_6
query_306,0,genomicbackground,0,genomicbackground,0.004880552180111408,306_6_RF00168_6_NC_000913.3_4233124-4233721_ext_20-220_int_105_off_45_percentage_0_position_0-0 genomicbackground,306,6,306_6
query_307,0,genomicbackground,0,genomicbackground,0.004056969657540321,307_6_RF00168_6_NC_000913.3_4233124-4233721_ext_20-220_int_105_off_50_percentage_0_position_0-0 genomicbackground,307,6,307_6
query_308,0,genomicbackground,0,genomicbackground,0.006481603253632784,308_6_RF00168_6_NC_000913.3_4233124-4233721_ext_20-220_int_105_off_55_percentage_0_position_0-0 genomicbackground,308,6,308_6
query_309,0,genomicbackground,0,genomicbackground,0.35436683893203735,309_6_RF00168_6_NC_000913.3_4233124-4233721_ext_20-220_int_105_off_60_percentage_0_position_0-0 genomicbackground,309,6,309_6
query_310,0,genomicbackground,0,genomicbackground,0.011116663925349712,310_6_RF00168_6_NC_000913.3_4233124-4233721_ext_20-220_int_105_off_65_percentage_0_position_0-0 genomicbackground,310,6,310_6
query_311,0,genomicbackground,0,genomicbackground,0.0016544125974178314,311_6_RF00168_6_NC_000913.3_4233124-4233721_ext_20-220_int_105_off_70_percentage_0_position_0-0 genomicbackground,311,6,311_6
query_312,0,genomicbackground,0,genomicbackground,0.011502549052238464,312_6_RF00168_6_NC_000913.3_4233124-4233721_ext_20-220_int_105_off_75_percentage_0_position_0-0 genomicbackground,312,6,312_6
query_313,0,genomicbackground,0,genomicbackground,0.03394439071416855,313_6_RF00168_6_NC_000913.3_4233124-4233721_ext_20-220_int_105_off_80_percentage_3_position_101-105 genomicbackground,313,6,313_6
query_314,0,genomicbackground,0,genomicbackground,0.06107693910598755,314_6_RF00168_6_NC_000913.3_4233124-4233721_ext_20-220_int_105_off_85_percentage_5_position_96-105 genomicbackground,314,6,314_6
query_315,0,genomicbackground,0,genomicbackground,0.4522843658924103,315_6_RF00168_6_NC_000913.3_4233124-4233721_ext_20-220_int_105_off_90_percentage_8_position_91-105 genomicbackground,315,6,315_6
query_316,0,genomicbackground,0,genomicbackground,0.11719205975532532,316_6_RF00168_6_NC_000913.3_4233124-4233721_ext_20-220_int_105_off_95_percentage_10_position_86-105 genomicbackground,316,6,316_6
query_317,0,genomicbackground,0,genomicbackground,0.004328220151364803,317_6_RF00168_6_NC_000913.3_4233124-4233721_ext_20-220_int_110_off_0_percentage_0_position_0-0 genomicbackground,317,6,317_6
query_318,0,genomicbackground,0,genomicbackground,0.012010199949145317,318_6_RF00168_6_NC_000913.3_4233124-4233721_ext_20-220_int_110_off_5_percentage_0_position_0-0 genomicbackground,318,6,318_6
query_319,0,genomicbackground,0,genomicbackground,0.11628430336713791,319_6_RF00168_6_NC_000913.3_4233124-4233721_ext_20-220_int_110_off_10_percentage_0_position_0-0 genomicbackground,319,6,319_6
query_320,0,genomicbackground,0,genomicbackground,0.16056297719478607,320_6_RF00168_6_NC_000913.3_4233124-4233721_ext_20-220_int_110_off_15_percentage_0_position_0-0 genomicbackground,320,6,320_6
query_321,0,genomicbackground,0,genomicbackground,0.04336542636156082,321_6_RF00168_6_NC_000913.3_4233124-4233721_ext_20-220_int_110_off_20_percentage_0_position_0-0 genomicbackground,321,6,321_6
query_322,0,genomicbackground,0,genomicbackground,0.07557493448257446,322_6_RF00168_6_NC_000913.3_4233124-4233721_ext_20-220_int_110_off_25_percentage_0_position_0-0 genomicbackground,322,6,322_6
query_323,0,genomicbackground,0,genomicbackground,0.021784523501992226,323_6_RF00168_6_NC_000913.3_4233124-4233721_ext_20-220_int_110_off_30_percentage_0_position_0-0 genomicbackground,323,6,323_6
query_324,0,genomicbackground,0,genomicbackground,0.005070032086223364,324_6_RF00168_6_NC_000913.3_4233124-4233721_ext_20-220_int_110_off_35_percentage_0_position_0-0 genomicbackground,324,6,324_6
query_325,0,genomicbackground,0,genomicbackground,0.005599237512797117,325_6_RF00168_6_NC_000913.3_4233124-4233721_ext_20-220_int_110_off_40_percentage_0_position_0-0 genomicbackground,325,6,325_6
query_326,0,genomicbackground,0,genomicbackground,0.01210726611316204,326_6_RF00168_6_NC_000913.3_4233124-4233721_ext_20-220_int_110_off_45_percentage_0_position_0-0 genomicbackground,326,6,326_6
query_327,0,genomicbackground,0,genomicbackground,0.0034134581219404936,327_6_RF00168_6_NC_000913.3_4233124-4233721_ext_20-220_int_110_off_50_percentage_0_position_0-0 genomicbackground,327,6,327_6
query_328,0,genomicbackground,0,genomicbackground,0.006466476712375879,328_6_RF00168_6_NC_000913.3_4233124-4233721_ext_20-220_int_110_off_55_percentage_0_position_0-0 genomicbackground,328,6,328_6
query_329,0,genomicbackground,0,genomicbackground,0.27917253971099854,329_6_RF00168_6_NC_000913.3_4233124-4233721_ext_20-220_int_110_off_60_percentage_0_position_0-0 genomicbackground,329,6,329_6
query_330,0,genomicbackground,0,genomicbackground,0.011819371022284031,330_6_RF00168_6_NC_000913.3_4233124-4233721_ext_20-220_int_110_off_65_percentage_0_position_0-0 genomicbackground,330,6,330_6
query_331,0,genomicbackground,0,genomicbackground,0.009957727044820786,331_6_RF00168_6_NC_000913.3_4233124-4233721_ext_20-220_int_110_off_70_percentage_0_position_0-0 genomicbackground,331,6,331_6
query_332,0,genomicbackground,0,genomicbackground,0.03670831024646759,332_6_RF00168_6_NC_000913.3_4233124-4233721_ext_20-220_int_110_off_75_percentage_3_position_106-110 genomicbackground,332,6,332_6
query_333,0,genomicbackground,0,genomicbackground,0.029255282133817673,333_6_RF00168_6_NC_000913.3_4233124-4233721_ext_20-220_int_110_off_80_percentage_5_position_101-110 genomicbackground,333,6,333_6
query_334,0,genomicbackground,1,riboswitch,0.6350011825561523,334_6_RF00168_6_NC_000913.3_4233124-4233721_ext_20-220_int_110_off_85_percentage_8_position_96-110 genomicbackground,334,6,334_6
query_335,0,genomicbackground,0,genomicbackground,0.2794249653816223,335_6_RF00168_6_NC_000913.3_4233124-4233721_ext_20-220_int_110_off_90_percentage_10_position_91-110 genomicbackground,335,6,335_6
query_336,0,genomicbackground,0,genomicbackground,0.015602990984916687,336_6_RF00168_6_NC_000913.3_4233124-4233721_ext_20-220_int_115_off_0_percentage_0_position_0-0 genomicbackground,336,6,336_6
query_337,0,genomicbackground,0,genomicbackground,0.008937424048781395,337_6_RF00168_6_NC_000913.3_4233124-4233721_ext_20-220_int_115_off_5_percentage_0_position_0-0 genomicbackground,337,6,337_6
query_338,0,genomicbackground,0,genomicbackground,0.11976779252290726,338_6_RF00168_6_NC_000913.3_4233124-4233721_ext_20-220_int_115_off_10_percentage_0_position_0-0 genomicbackground,338,6,338_6
query_339,0,genomicbackground,0,genomicbackground,0.10534342378377914,339_6_RF00168_6_NC_000913.3_4233124-4233721_ext_20-220_int_115_off_15_percentage_0_position_0-0 genomicbackground,339,6,339_6
query_340,0,genomicbackground,0,genomicbackground,0.07597710937261581,340_6_RF00168_6_NC_000913.3_4233124-4233721_ext_20-220_int_115_off_20_percentage_0_position_0-0 genomicbackground,340,6,340_6
query_341,0,genomicbackground,0,genomicbackground,0.05792167782783508,341_6_RF00168_6_NC_000913.3_4233124-4233721_ext_20-220_int_115_off_25_percentage_0_position_0-0 genomicbackground,341,6,341_6
query_342,0,genomicbackground,0,genomicbackground,0.0224014725536108,342_6_RF00168_6_NC_000913.3_4233124-4233721_ext_20-220_int_115_off_30_percentage_0_position_0-0 genomicbackground,342,6,342_6
query_343,0,genomicbackground,0,genomicbackground,0.0035609251353889704,343_6_RF00168_6_NC_000913.3_4233124-4233721_ext_20-220_int_115_off_35_percentage_0_position_0-0 genomicbackground,343,6,343_6
query_344,0,genomicbackground,0,genomicbackground,0.004847816191613674,344_6_RF00168_6_NC_000913.3_4233124-4233721_ext_20-220_int_115_off_40_percentage_0_position_0-0 genomicbackground,344,6,344_6
query_345,0,genomicbackground,0,genomicbackground,0.008851788938045502,345_6_RF00168_6_NC_000913.3_4233124-4233721_ext_20-220_int_115_off_45_percentage_0_position_0-0 genomicbackground,345,6,345_6
query_346,0,genomicbackground,0,genomicbackground,0.003921054303646088,346_6_RF00168_6_NC_000913.3_4233124-4233721_ext_20-220_int_115_off_50_percentage_0_position_0-0 genomicbackground,346,6,346_6
query_347,0,genomicbackground,0,genomicbackground,0.005883994046598673,347_6_RF00168_6_NC_000913.3_4233124-4233721_ext_20-220_int_115_off_55_percentage_0_position_0-0 genomicbackground,347,6,347_6
query_348,0,genomicbackground,0,genomicbackground,0.3082011044025421,348_6_RF00168_6_NC_000913.3_4233124-4233721_ext_20-220_int_115_off_60_percentage_0_position_0-0 genomicbackground,348,6,348_6
query_349,0,genomicbackground,0,genomicbackground,0.011616243049502373,349_6_RF00168_6_NC_000913.3_4233124-4233721_ext_20-220_int_115_off_65_percentage_0_position_0-0 genomicbackground,349,6,349_6
query_350,0,genomicbackground,0,genomicbackground,0.03881131485104561,350_6_RF00168_6_NC_000913.3_4233124-4233721_ext_20-220_int_115_off_70_percentage_3_position_111-115 genomicbackground,350,6,350_6
query_351,0,genomicbackground,0,genomicbackground,0.03695080056786537,351_6_RF00168_6_NC_000913.3_4233124-4233721_ext_20-220_int_115_off_75_percentage_5_position_106-115 genomicbackground,351,6,351_6
query_352,0,genomicbackground,0,genomicbackground,0.046146467328071594,352_6_RF00168_6_NC_000913.3_4233124-4233721_ext_20-220_int_115_off_80_percentage_8_position_101-115 genomicbackground,352,6,352_6
query_353,0,genomicbackground,0,genomicbackground,0.34770336747169495,353_6_RF00168_6_NC_000913.3_4233124-4233721_ext_20-220_int_115_off_85_percentage_10_position_96-115 genomicbackground,353,6,353_6
query_354,0,genomicbackground,0,genomicbackground,0.010888478718698025,354_6_RF00168_6_NC_000913.3_4233124-4233721_ext_20-220_int_120_off_0_percentage_0_position_0-0 genomicbackground,354,6,354_6
query_355,0,genomicbackground,0,genomicbackground,0.008026272058486938,355_6_RF00168_6_NC_000913.3_4233124-4233721_ext_20-220_int_120_off_5_percentage_0_position_0-0 genomicbackground,355,6,355_6
query_356,0,genomicbackground,0,genomicbackground,0.04794996604323387,356_6_RF00168_6_NC_000913.3_4233124-4233721_ext_20-220_int_120_off_10_percentage_0_position_0-0 genomicbackground,356,6,356_6
query_357,0,genomicbackground,0,genomicbackground,0.057255085557699203,357_6_RF00168_6_NC_000913.3_4233124-4233721_ext_20-220_int_120_off_15_percentage_0_position_0-0 genomicbackground,357,6,357_6
query_358,0,genomicbackground,0,genomicbackground,0.05809343233704567,358_6_RF00168_6_NC_000913.3_4233124-4233721_ext_20-220_int_120_off_20_percentage_0_position_0-0 genomicbackground,358,6,358_6
query_359,0,genomicbackground,0,genomicbackground,0.05773331597447395,359_6_RF00168_6_NC_000913.3_4233124-4233721_ext_20-220_int_120_off_25_percentage_0_position_0-0 genomicbackground,359,6,359_6
query_360,0,genomicbackground,0,genomicbackground,0.0039761909283697605,360_6_RF00168_6_NC_000913.3_4233124-4233721_ext_20-220_int_120_off_30_percentage_0_position_0-0 genomicbackground,360,6,360_6
query_361,0,genomicbackground,0,genomicbackground,0.003319205716252327,361_6_RF00168_6_NC_000913.3_4233124-4233721_ext_20-220_int_120_off_35_percentage_0_position_0-0 genomicbackground,361,6,361_6
query_362,0,genomicbackground,0,genomicbackground,0.0039058495312929153,362_6_RF00168_6_NC_000913.3_4233124-4233721_ext_20-220_int_120_off_40_percentage_0_position_0-0 genomicbackground,362,6,362_6
query_363,0,genomicbackground,0,genomicbackground,0.008053706958889961,363_6_RF00168_6_NC_000913.3_4233124-4233721_ext_20-220_int_120_off_45_percentage_0_position_0-0 genomicbackground,363,6,363_6
query_364,0,genomicbackground,0,genomicbackground,0.003688224358484149,364_6_RF00168_6_NC_000913.3_4233124-4233721_ext_20-220_int_120_off_50_percentage_0_position_0-0 genomicbackground,364,6,364_6
query_365,0,genomicbackground,0,genomicbackground,0.010285533964633942,365_6_RF00168_6_NC_000913.3_4233124-4233721_ext_20-220_int_120_off_55_percentage_0_position_0-0 genomicbackground,365,6,365_6
query_366,0,genomicbackground,0,genomicbackground,0.17496444284915924,366_6_RF00168_6_NC_000913.3_4233124-4233721_ext_20-220_int_120_off_60_percentage_0_position_0-0 genomicbackground,366,6,366_6
query_367,0,genomicbackground,0,genomicbackground,0.010751652531325817,367_6_RF00168_6_NC_000913.3_4233124-4233721_ext_20-220_int_120_off_65_percentage_3_position_116-120 genomicbackground,367,6,367_6
query_368,0,genomicbackground,0,genomicbackground,0.03319135308265686,368_6_RF00168_6_NC_000913.3_4233124-4233721_ext_20-220_int_120_off_70_percentage_5_position_111-120 genomicbackground,368,6,368_6
query_369,0,genomicbackground,0,genomicbackground,0.009614512324333191,369_6_RF00168_6_NC_000913.3_4233124-4233721_ext_20-220_int_120_off_75_percentage_8_position_106-120 genomicbackground,369,6,369_6
query_370,0,genomicbackground,0,genomicbackground,0.08526773750782013,370_6_RF00168_6_NC_000913.3_4233124-4233721_ext_20-220_int_120_off_80_percentage_10_position_101-120 genomicbackground,370,6,370_6
query_371,0,genomicbackground,0,genomicbackground,0.009640729986131191,371_6_RF00168_6_NC_000913.3_4233124-4233721_ext_20-220_int_125_off_0_percentage_0_position_0-0 genomicbackground,371,6,371_6
query_372,0,genomicbackground,0,genomicbackground,0.02150595746934414,372_6_RF00168_6_NC_000913.3_4233124-4233721_ext_20-220_int_125_off_5_percentage_0_position_0-0 genomicbackground,372,6,372_6
query_373,0,genomicbackground,0,genomicbackground,0.09841234982013702,373_6_RF00168_6_NC_000913.3_4233124-4233721_ext_20-220_int_125_off_10_percentage_0_position_0-0 genomicbackground,373,6,373_6
query_374,0,genomicbackground,0,genomicbackground,0.045842722058296204,374_6_RF00168_6_NC_000913.3_4233124-4233721_ext_20-220_int_125_off_15_percentage_0_position_0-0 genomicbackground,374,6,374_6
query_375,0,genomicbackground,0,genomicbackground,0.05955685302615166,375_6_RF00168_6_NC_000913.3_4233124-4233721_ext_20-220_int_125_off_20_percentage_0_position_0-0 genomicbackground,375,6,375_6
query_376,0,genomicbackground,0,genomicbackground,0.04697481915354729,376_6_RF00168_6_NC_000913.3_4233124-4233721_ext_20-220_int_125_off_25_percentage_0_position_0-0 genomicbackground,376,6,376_6
query_377,0,genomicbackground,0,genomicbackground,0.0036540995351970196,377_6_RF00168_6_NC_000913.3_4233124-4233721_ext_20-220_int_125_off_30_percentage_0_position_0-0 genomicbackground,377,6,377_6
query_378,0,genomicbackground,0,genomicbackground,0.0028231791220605373,378_6_RF00168_6_NC_000913.3_4233124-4233721_ext_20-220_int_125_off_35_percentage_0_position_0-0 genomicbackground,378,6,378_6
query_379,0,genomicbackground,0,genomicbackground,0.0041249957866966724,379_6_RF00168_6_NC_000913.3_4233124-4233721_ext_20-220_int_125_off_40_percentage_0_position_0-0 genomicbackground,379,6,379_6
query_380,0,genomicbackground,0,genomicbackground,0.007276750169694424,380_6_RF00168_6_NC_000913.3_4233124-4233721_ext_20-220_int_125_off_45_percentage_0_position_0-0 genomicbackground,380,6,380_6
query_381,0,genomicbackground,0,genomicbackground,0.010884299874305725,381_6_RF00168_6_NC_000913.3_4233124-4233721_ext_20-220_int_125_off_50_percentage_0_position_0-0 genomicbackground,381,6,381_6
query_382,0,genomicbackground,0,genomicbackground,0.009492740035057068,382_6_RF00168_6_NC_000913.3_4233124-4233721_ext_20-220_int_125_off_55_percentage_0_position_0-0 genomicbackground,382,6,382_6
query_383,0,genomicbackground,0,genomicbackground,0.08474466949701309,383_6_RF00168_6_NC_000913.3_4233124-4233721_ext_20-220_int_125_off_60_percentage_3_position_121-125 genomicbackground,383,6,383_6
query_384,0,genomicbackground,0,genomicbackground,0.011750246398150921,384_6_RF00168_6_NC_000913.3_4233124-4233721_ext_20-220_int_125_off_65_percentage_5_position_116-125 genomicbackground,384,6,384_6
query_385,0,genomicbackground,0,genomicbackground,0.006588130258023739,385_6_RF00168_6_NC_000913.3_4233124-4233721_ext_20-220_int_125_off_70_percentage_8_position_111-125 genomicbackground,385,6,385_6
query_386,0,genomicbackground,0,genomicbackground,0.10605807602405548,386_6_RF00168_6_NC_000913.3_4233124-4233721_ext_20-220_int_125_off_75_percentage_10_position_106-125 genomicbackground,386,6,386_6
query_387,0,genomicbackground,0,genomicbackground,0.05226762592792511,387_6_RF00168_6_NC_000913.3_4233124-4233721_ext_20-220_int_130_off_0_percentage_0_position_0-0 genomicbackground,387,6,387_6
query_388,0,genomicbackground,0,genomicbackground,0.04249686375260353,388_6_RF00168_6_NC_000913.3_4233124-4233721_ext_20-220_int_130_off_5_percentage_0_position_0-0 genomicbackground,388,6,388_6
query_389,0,genomicbackground,0,genomicbackground,0.07915455847978592,389_6_RF00168_6_NC_000913.3_4233124-4233721_ext_20-220_int_130_off_10_percentage_0_position_0-0 genomicbackground,389,6,389_6
query_390,0,genomicbackground,0,genomicbackground,0.04543415084481239,390_6_RF00168_6_NC_000913.3_4233124-4233721_ext_20-220_int_130_off_15_percentage_0_position_0-0 genomicbackground,390,6,390_6
query_391,0,genomicbackground,0,genomicbackground,0.04746592044830322,391_6_RF00168_6_NC_000913.3_4233124-4233721_ext_20-220_int_130_off_20_percentage_0_position_0-0 genomicbackground,391,6,391_6
query_392,0,genomicbackground,0,genomicbackground,0.04086330160498619,392_6_RF00168_6_NC_000913.3_4233124-4233721_ext_20-220_int_130_off_25_percentage_0_position_0-0 genomicbackground,392,6,392_6
query_393,0,genomicbackground,0,genomicbackground,0.003028381383046508,393_6_RF00168_6_NC_000913.3_4233124-4233721_ext_20-220_int_130_off_30_percentage_0_position_0-0 genomicbackground,393,6,393_6
query_394,0,genomicbackground,0,genomicbackground,0.0030813226476311684,394_6_RF00168_6_NC_000913.3_4233124-4233721_ext_20-220_int_130_off_35_percentage_0_position_0-0 genomicbackground,394,6,394_6
query_395,0,genomicbackground,0,genomicbackground,0.0038537313230335712,395_6_RF00168_6_NC_000913.3_4233124-4233721_ext_20-220_int_130_off_40_percentage_0_position_0-0 genomicbackground,395,6,395_6
query_396,0,genomicbackground,0,genomicbackground,0.010363115929067135,396_6_RF00168_6_NC_000913.3_4233124-4233721_ext_20-220_int_130_off_45_percentage_0_position_0-0 genomicbackground,396,6,396_6
query_397,0,genomicbackground,0,genomicbackground,0.010490713641047478,397_6_RF00168_6_NC_000913.3_4233124-4233721_ext_20-220_int_130_off_50_percentage_0_position_0-0 genomicbackground,397,6,397_6
query_398,0,genomicbackground,0,genomicbackground,0.0029792990535497665,398_6_RF00168_6_NC_000913.3_4233124-4233721_ext_20-220_int_130_off_55_percentage_3_position_126-130 genomicbackground,398,6,398_6
query_399,0,genomicbackground,0,genomicbackground,0.07063170522451401,399_6_RF00168_6_NC_000913.3_4233124-4233721_ext_20-220_int_130_off_60_percentage_5_position_121-130 genomicbackground,399,6,399_6
query_400,0,genomicbackground,0,genomicbackground,0.015539433807134628,400_6_RF00168_6_NC_000913.3_4233124-4233721_ext_20-220_int_130_off_65_percentage_8_position_116-130 genomicbackground,400,6,400_6
query_401,0,genomicbackground,0,genomicbackground,0.12469582259654999,401_6_RF00168_6_NC_000913.3_4233124-4233721_ext_20-220_int_130_off_70_percentage_10_position_111-130 genomicbackground,401,6,401_6
query_402,0,genomicbackground,0,genomicbackground,0.13845402002334595,402_6_RF00168_6_NC_000913.3_4233124-4233721_ext_20-220_int_135_off_0_percentage_0_position_0-0 genomicbackground,402,6,402_6
query_403,0,genomicbackground,0,genomicbackground,0.03707378730177879,403_6_RF00168_6_NC_000913.3_4233124-4233721_ext_20-220_int_135_off_5_percentage_0_position_0-0 genomicbackground,403,6,403_6
query_404,0,genomicbackground,0,genomicbackground,0.012417411431670189,404_6_RF00168_6_NC_000913.3_4233124-4233721_ext_20-220_int_135_off_10_percentage_0_position_0-0 genomicbackground,404,6,404_6
query_405,0,genomicbackground,0,genomicbackground,0.038278523832559586,405_6_RF00168_6_NC_000913.3_4233124-4233721_ext_20-220_int_135_off_15_percentage_0_position_0-0 genomicbackground,405,6,405_6
query_406,0,genomicbackground,0,genomicbackground,0.04160904884338379,406_6_RF00168_6_NC_000913.3_4233124-4233721_ext_20-220_int_135_off_20_percentage_0_position_0-0 genomicbackground,406,6,406_6
query_407,0,genomicbackground,0,genomicbackground,0.030640602111816406,407_6_RF00168_6_NC_000913.3_4233124-4233721_ext_20-220_int_135_off_25_percentage_0_position_0-0 genomicbackground,407,6,407_6
query_408,0,genomicbackground,0,genomicbackground,0.0032464300747960806,408_6_RF00168_6_NC_000913.3_4233124-4233721_ext_20-220_int_135_off_30_percentage_0_position_0-0 genomicbackground,408,6,408_6
query_409,0,genomicbackground,0,genomicbackground,0.0029499619267880917,409_6_RF00168_6_NC_000913.3_4233124-4233721_ext_20-220_int_135_off_35_percentage_0_position_0-0 genomicbackground,409,6,409_6
query_410,0,genomicbackground,0,genomicbackground,0.011295770294964314,410_6_RF00168_6_NC_000913.3_4233124-4233721_ext_20-220_int_135_off_40_percentage_0_position_0-0 genomicbackground,410,6,410_6
query_411,0,genomicbackground,0,genomicbackground,0.009955490939319134,411_6_RF00168_6_NC_000913.3_4233124-4233721_ext_20-220_int_135_off_45_percentage_0_position_0-0 genomicbackground,411,6,411_6
query_412,0,genomicbackground,0,genomicbackground,0.011112519539892673,412_6_RF00168_6_NC_000913.3_4233124-4233721_ext_20-220_int_135_off_50_percentage_3_position_131-135 genomicbackground,412,6,412_6
query_413,0,genomicbackground,0,genomicbackground,0.010217767208814621,413_6_RF00168_6_NC_000913.3_4233124-4233721_ext_20-220_int_135_off_55_percentage_5_position_126-135 genomicbackground,413,6,413_6
query_414,0,genomicbackground,0,genomicbackground,0.13462233543395996,414_6_RF00168_6_NC_000913.3_4233124-4233721_ext_20-220_int_135_off_60_percentage_8_position_121-135 genomicbackground,414,6,414_6
query_415,0,genomicbackground,0,genomicbackground,0.06458167731761932,415_6_RF00168_6_NC_000913.3_4233124-4233721_ext_20-220_int_135_off_65_percentage_10_position_116-135 genomicbackground,415,6,415_6
query_416,0,genomicbackground,0,genomicbackground,0.10673689842224121,416_6_RF00168_6_NC_000913.3_4233124-4233721_ext_20-220_int_140_off_0_percentage_0_position_0-0 genomicbackground,416,6,416_6
query_417,0,genomicbackground,0,genomicbackground,0.009634108282625675,417_6_RF00168_6_NC_000913.3_4233124-4233721_ext_20-220_int_140_off_5_percentage_0_position_0-0 genomicbackground,417,6,417_6
query_418,0,genomicbackground,0,genomicbackground,0.04078628122806549,418_6_RF00168_6_NC_000913.3_4233124-4233721_ext_20-220_int_140_off_10_percentage_0_position_0-0 genomicbackground,418,6,418_6
query_419,0,genomicbackground,0,genomicbackground,0.033700164407491684,419_6_RF00168_6_NC_000913.3_4233124-4233721_ext_20-220_int_140_off_15_percentage_0_position_0-0 genomicbackground,419,6,419_6
query_420,0,genomicbackground,0,genomicbackground,0.03202848136425018,420_6_RF00168_6_NC_000913.3_4233124-4233721_ext_20-220_int_140_off_20_percentage_0_position_0-0 genomicbackground,420,6,420_6
query_421,0,genomicbackground,0,genomicbackground,0.021835582330822945,421_6_RF00168_6_NC_000913.3_4233124-4233721_ext_20-220_int_140_off_25_percentage_0_position_0-0 genomicbackground,421,6,421_6
query_422,0,genomicbackground,0,genomicbackground,0.0030898505356162786,422_6_RF00168_6_NC_000913.3_4233124-4233721_ext_20-220_int_140_off_30_percentage_0_position_0-0 genomicbackground,422,6,422_6
query_423,0,genomicbackground,0,genomicbackground,0.010349619202315807,423_6_RF00168_6_NC_000913.3_4233124-4233721_ext_20-220_int_140_off_35_percentage_0_position_0-0 genomicbackground,423,6,423_6
query_424,0,genomicbackground,0,genomicbackground,0.011424567550420761,424_6_RF00168_6_NC_000913.3_4233124-4233721_ext_20-220_int_140_off_40_percentage_0_position_0-0 genomicbackground,424,6,424_6
query_425,0,genomicbackground,0,genomicbackground,0.010839938186109066,425_6_RF00168_6_NC_000913.3_4233124-4233721_ext_20-220_int_140_off_45_percentage_3_position_136-140 genomicbackground,425,6,425_6
query_426,0,genomicbackground,0,genomicbackground,0.012139222584664822,426_6_RF00168_6_NC_000913.3_4233124-4233721_ext_20-220_int_140_off_50_percentage_5_position_131-140 genomicbackground,426,6,426_6
query_427,0,genomicbackground,0,genomicbackground,0.010765724815428257,427_6_RF00168_6_NC_000913.3_4233124-4233721_ext_20-220_int_140_off_55_percentage_8_position_126-140 genomicbackground,427,6,427_6
query_428,0,genomicbackground,0,genomicbackground,0.26501262187957764,428_6_RF00168_6_NC_000913.3_4233124-4233721_ext_20-220_int_140_off_60_percentage_10_position_121-140 genomicbackground,428,6,428_6
query_429,0,genomicbackground,0,genomicbackground,0.010335243307054043,429_6_RF00168_6_NC_000913.3_4233124-4233721_ext_20-220_int_145_off_0_percentage_0_position_0-0 genomicbackground,429,6,429_6
query_430,0,genomicbackground,0,genomicbackground,0.0015408192994073033,430_6_RF00168_6_NC_000913.3_4233124-4233721_ext_20-220_int_145_off_5_percentage_0_position_0-0 genomicbackground,430,6,430_6
query_431,0,genomicbackground,0,genomicbackground,0.03738696128129959,431_6_RF00168_6_NC_000913.3_4233124-4233721_ext_20-220_int_145_off_10_percentage_0_position_0-0 genomicbackground,431,6,431_6
query_432,0,genomicbackground,0,genomicbackground,0.026137501001358032,432_6_RF00168_6_NC_000913.3_4233124-4233721_ext_20-220_int_145_off_15_percentage_0_position_0-0 genomicbackground,432,6,432_6
query_433,0,genomicbackground,0,genomicbackground,0.022918950766324997,433_6_RF00168_6_NC_000913.3_4233124-4233721_ext_20-220_int_145_off_20_percentage_0_position_0-0 genomicbackground,433,6,433_6
query_434,0,genomicbackground,0,genomicbackground,0.020136436447501183,434_6_RF00168_6_NC_000913.3_4233124-4233721_ext_20-220_int_145_off_25_percentage_0_position_0-0 genomicbackground,434,6,434_6
query_435,0,genomicbackground,0,genomicbackground,0.04777149856090546,435_6_RF00168_6_NC_000913.3_4233124-4233721_ext_20-220_int_145_off_30_percentage_0_position_0-0 genomicbackground,435,6,435_6
query_436,0,genomicbackground,0,genomicbackground,0.010306237265467644,436_6_RF00168_6_NC_000913.3_4233124-4233721_ext_20-220_int_145_off_35_percentage_0_position_0-0 genomicbackground,436,6,436_6
query_437,0,genomicbackground,0,genomicbackground,0.002676438307389617,437_6_RF00168_6_NC_000913.3_4233124-4233721_ext_20-220_int_145_off_40_percentage_3_position_141-145 genomicbackground,437,6,437_6
query_438,0,genomicbackground,0,genomicbackground,0.01144720334559679,438_6_RF00168_6_NC_000913.3_4233124-4233721_ext_20-220_int_145_off_45_percentage_5_position_136-145 genomicbackground,438,6,438_6
query_439,0,genomicbackground,0,genomicbackground,0.012217577546834946,439_6_RF00168_6_NC_000913.3_4233124-4233721_ext_20-220_int_145_off_50_percentage_8_position_131-145 genomicbackground,439,6,439_6
query_440,0,genomicbackground,0,genomicbackground,0.01150747574865818,440_6_RF00168_6_NC_000913.3_4233124-4233721_ext_20-220_int_145_off_55_percentage_10_position_126-145 genomicbackground,440,6,440_6
query_441,0,genomicbackground,0,genomicbackground,0.0016644634306430817,441_6_RF00168_6_NC_000913.3_4233124-4233721_ext_20-220_int_150_off_0_percentage_0_position_0-0 genomicbackground,441,6,441_6
query_442,0,genomicbackground,0,genomicbackground,0.0014904936542734504,442_6_RF00168_6_NC_000913.3_4233124-4233721_ext_20-220_int_150_off_5_percentage_0_position_0-0 genomicbackground,442,6,442_6
query_443,0,genomicbackground,0,genomicbackground,0.0304990466684103,443_6_RF00168_6_NC_000913.3_4233124-4233721_ext_20-220_int_150_off_10_percentage_0_position_0-0 genomicbackground,443,6,443_6
query_444,0,genomicbackground,0,genomicbackground,0.01967330276966095,444_6_RF00168_6_NC_000913.3_4233124-4233721_ext_20-220_int_150_off_15_percentage_0_position_0-0 genomicbackground,444,6,444_6
query_445,0,genomicbackground,0,genomicbackground,0.009403783828020096,445_6_RF00168_6_NC_000913.3_4233124-4233721_ext_20-220_int_150_off_20_percentage_0_position_0-0 genomicbackground,445,6,445_6
query_446,0,genomicbackground,0,genomicbackground,0.03219930827617645,446_6_RF00168_6_NC_000913.3_4233124-4233721_ext_20-220_int_150_off_25_percentage_0_position_0-0 genomicbackground,446,6,446_6
query_447,0,genomicbackground,0,genomicbackground,0.010918758809566498,447_6_RF00168_6_NC_000913.3_4233124-4233721_ext_20-220_int_150_off_30_percentage_0_position_0-0 genomicbackground,447,6,447_6
query_448,0,genomicbackground,0,genomicbackground,0.002746490528807044,448_6_RF00168_6_NC_000913.3_4233124-4233721_ext_20-220_int_150_off_35_percentage_3_position_146-150 genomicbackground,448,6,448_6
query_449,0,genomicbackground,0,genomicbackground,0.002700056415051222,449_6_RF00168_6_NC_000913.3_4233124-4233721_ext_20-220_int_150_off_40_percentage_5_position_141-150 genomicbackground,449,6,449_6
query_450,0,genomicbackground,0,genomicbackground,0.011488933116197586,450_6_RF00168_6_NC_000913.3_4233124-4233721_ext_20-220_int_150_off_45_percentage_8_position_136-150 genomicbackground,450,6,450_6
query_451,0,genomicbackground,0,genomicbackground,0.014337635599076748,451_6_RF00168_6_NC_000913.3_4233124-4233721_ext_20-220_int_150_off_50_percentage_10_position_131-150 genomicbackground,451,6,451_6
query_452,0,genomicbackground,0,genomicbackground,0.001618537469767034,452_6_RF00168_6_NC_000913.3_4233124-4233721_ext_20-220_int_155_off_0_percentage_0_position_0-0 genomicbackground,452,6,452_6
query_453,0,genomicbackground,0,genomicbackground,0.0014184353640303016,453_6_RF00168_6_NC_000913.3_4233124-4233721_ext_20-220_int_155_off_5_percentage_0_position_0-0 genomicbackground,453,6,453_6
query_454,0,genomicbackground,0,genomicbackground,0.02266884781420231,454_6_RF00168_6_NC_000913.3_4233124-4233721_ext_20-220_int_155_off_10_percentage_0_position_0-0 genomicbackground,454,6,454_6
query_455,0,genomicbackground,0,genomicbackground,0.00612519308924675,455_6_RF00168_6_NC_000913.3_4233124-4233721_ext_20-220_int_155_off_15_percentage_0_position_0-0 genomicbackground,455,6,455_6
query_456,0,genomicbackground,0,genomicbackground,0.009556381963193417,456_6_RF00168_6_NC_000913.3_4233124-4233721_ext_20-220_int_155_off_20_percentage_0_position_0-0 genomicbackground,456,6,456_6
query_457,0,genomicbackground,0,genomicbackground,0.035604327917099,457_6_RF00168_6_NC_000913.3_4233124-4233721_ext_20-220_int_155_off_25_percentage_0_position_0-0 genomicbackground,457,6,457_6
query_458,0,genomicbackground,0,genomicbackground,0.003002583049237728,458_6_RF00168_6_NC_000913.3_4233124-4233721_ext_20-220_int_155_off_30_percentage_3_position_151-155 genomicbackground,458,6,458_6
query_459,0,genomicbackground,0,genomicbackground,0.002927224151790142,459_6_RF00168_6_NC_000913.3_4233124-4233721_ext_20-220_int_155_off_35_percentage_5_position_146-155 genomicbackground,459,6,459_6
query_460,0,genomicbackground,0,genomicbackground,0.003856759052723646,460_6_RF00168_6_NC_000913.3_4233124-4233721_ext_20-220_int_155_off_40_percentage_8_position_141-155 genomicbackground,460,6,460_6
query_461,0,genomicbackground,0,genomicbackground,0.013446617871522903,461_6_RF00168_6_NC_000913.3_4233124-4233721_ext_20-220_int_155_off_45_percentage_10_position_136-155 genomicbackground,461,6,461_6
query_462,0,genomicbackground,0,genomicbackground,0.0015412410721182823,462_6_RF00168_6_NC_000913.3_4233124-4233721_ext_20-220_int_160_off_0_percentage_0_position_0-0 genomicbackground,462,6,462_6
query_463,0,genomicbackground,0,genomicbackground,0.0015117299044504762,463_6_RF00168_6_NC_000913.3_4233124-4233721_ext_20-220_int_160_off_5_percentage_0_position_0-0 genomicbackground,463,6,463_6
query_464,0,genomicbackground,0,genomicbackground,0.021281173452734947,464_6_RF00168_6_NC_000913.3_4233124-4233721_ext_20-220_int_160_off_10_percentage_0_position_0-0 genomicbackground,464,6,464_6
query_465,0,genomicbackground,0,genomicbackground,0.014418116770684719,465_6_RF00168_6_NC_000913.3_4233124-4233721_ext_20-220_int_160_off_15_percentage_0_position_0-0 genomicbackground,465,6,465_6
query_466,0,genomicbackground,0,genomicbackground,0.031728267669677734,466_6_RF00168_6_NC_000913.3_4233124-4233721_ext_20-220_int_160_off_20_percentage_0_position_0-0 genomicbackground,466,6,466_6
query_467,0,genomicbackground,0,genomicbackground,0.019298477098345757,467_6_RF00168_6_NC_000913.3_4233124-4233721_ext_20-220_int_160_off_25_percentage_3_position_156-160 genomicbackground,467,6,467_6
query_468,0,genomicbackground,0,genomicbackground,0.0032218543346971273,468_6_RF00168_6_NC_000913.3_4233124-4233721_ext_20-220_int_160_off_30_percentage_5_position_151-160 genomicbackground,468,6,468_6
query_469,0,genomicbackground,0,genomicbackground,0.0037474455311894417,469_6_RF00168_6_NC_000913.3_4233124-4233721_ext_20-220_int_160_off_35_percentage_8_position_146-160 genomicbackground,469,6,469_6
query_470,0,genomicbackground,0,genomicbackground,0.015631789341568947,470_6_RF00168_6_NC_000913.3_4233124-4233721_ext_20-220_int_160_off_40_percentage_10_position_141-160 genomicbackground,470,6,470_6
query_471,0,genomicbackground,0,genomicbackground,0.00163491431158036,471_6_RF00168_6_NC_000913.3_4233124-4233721_ext_20-220_int_165_off_0_percentage_0_position_0-0 genomicbackground,471,6,471_6
query_472,0,genomicbackground,0,genomicbackground,0.0014926358126103878,472_6_RF00168_6_NC_000913.3_4233124-4233721_ext_20-220_int_165_off_5_percentage_0_position_0-0 genomicbackground,472,6,472_6
query_473,0,genomicbackground,0,genomicbackground,0.056981418281793594,473_6_RF00168_6_NC_000913.3_4233124-4233721_ext_20-220_int_165_off_10_percentage_0_position_0-0 genomicbackground,473,6,473_6
query_474,0,genomicbackground,0,genomicbackground,0.036902185529470444,474_6_RF00168_6_NC_000913.3_4233124-4233721_ext_20-220_int_165_off_15_percentage_0_position_0-0 genomicbackground,474,6,474_6
query_475,0,genomicbackground,0,genomicbackground,0.008412014693021774,475_6_RF00168_6_NC_000913.3_4233124-4233721_ext_20-220_int_165_off_20_percentage_3_position_161-165 genomicbackground,475,6,475_6
query_476,0,genomicbackground,0,genomicbackground,0.020501907914876938,476_6_RF00168_6_NC_000913.3_4233124-4233721_ext_20-220_int_165_off_25_percentage_5_position_156-165 genomicbackground,476,6,476_6
query_477,0,genomicbackground,0,genomicbackground,0.01318963710218668,477_6_RF00168_6_NC_000913.3_4233124-4233721_ext_20-220_int_165_off_30_percentage_8_position_151-165 genomicbackground,477,6,477_6
query_478,0,genomicbackground,0,genomicbackground,0.013632318936288357,478_6_RF00168_6_NC_000913.3_4233124-4233721_ext_20-220_int_165_off_35_percentage_10_position_146-165 genomicbackground,478,6,478_6
query_479,0,genomicbackground,0,genomicbackground,0.0016139665385708213,479_6_RF00168_6_NC_000913.3_4233124-4233721_ext_20-220_int_170_off_0_percentage_0_position_0-0 genomicbackground,479,6,479_6
query_480,0,genomicbackground,0,genomicbackground,0.006048151291906834,480_6_RF00168_6_NC_000913.3_4233124-4233721_ext_20-220_int_170_off_5_percentage_0_position_0-0 genomicbackground,480,6,480_6
query_481,0,genomicbackground,0,genomicbackground,0.04882139712572098,481_6_RF00168_6_NC_000913.3_4233124-4233721_ext_20-220_int_170_off_10_percentage_0_position_0-0 genomicbackground,481,6,481_6
query_482,0,genomicbackground,0,genomicbackground,0.006131773814558983,482_6_RF00168_6_NC_000913.3_4233124-4233721_ext_20-220_int_170_off_15_percentage_3_position_166-170 genomicbackground,482,6,482_6
query_483,0,genomicbackground,0,genomicbackground,0.009032368659973145,483_6_RF00168_6_NC_000913.3_4233124-4233721_ext_20-220_int_170_off_20_percentage_5_position_161-170 genomicbackground,483,6,483_6
query_484,0,genomicbackground,0,genomicbackground,0.040067728608846664,484_6_RF00168_6_NC_000913.3_4233124-4233721_ext_20-220_int_170_off_25_percentage_8_position_156-170 genomicbackground,484,6,484_6
query_485,0,genomicbackground,0,genomicbackground,0.0437358058989048,485_6_RF00168_6_NC_000913.3_4233124-4233721_ext_20-220_int_170_off_30_percentage_10_position_151-170 genomicbackground,485,6,485_6
query_486,0,genomicbackground,0,genomicbackground,0.007346198428422213,486_6_RF00168_6_NC_000913.3_4233124-4233721_ext_20-220_int_175_off_0_percentage_0_position_0-0 genomicbackground,486,6,486_6
query_487,0,genomicbackground,0,genomicbackground,0.005703234579414129,487_6_RF00168_6_NC_000913.3_4233124-4233721_ext_20-220_int_175_off_5_percentage_0_position_0-0 genomicbackground,487,6,487_6
query_488,0,genomicbackground,0,genomicbackground,0.017028694972395897,488_6_RF00168_6_NC_000913.3_4233124-4233721_ext_20-220_int_175_off_10_percentage_3_position_171-175 genomicbackground,488,6,488_6
query_489,0,genomicbackground,0,genomicbackground,0.030459972098469734,489_6_RF00168_6_NC_000913.3_4233124-4233721_ext_20-220_int_175_off_15_percentage_5_position_166-175 genomicbackground,489,6,489_6
query_490,0,genomicbackground,0,genomicbackground,0.013624266721308231,490_6_RF00168_6_NC_000913.3_4233124-4233721_ext_20-220_int_175_off_20_percentage_8_position_161-175 genomicbackground,490,6,490_6
query_491,0,genomicbackground,0,genomicbackground,0.04593135043978691,491_6_RF00168_6_NC_000913.3_4233124-4233721_ext_20-220_int_175_off_25_percentage_10_position_156-175 genomicbackground,491,6,491_6
query_492,0,genomicbackground,0,genomicbackground,0.00668108556419611,492_6_RF00168_6_NC_000913.3_4233124-4233721_ext_20-220_int_180_off_0_percentage_0_position_0-0 genomicbackground,492,6,492_6
query_493,0,genomicbackground,0,genomicbackground,0.0013429188402369618,493_6_RF00168_6_NC_000913.3_4233124-4233721_ext_20-220_int_180_off_5_percentage_3_position_176-180 genomicbackground,493,6,493_6
query_494,0,genomicbackground,0,genomicbackground,0.0170329250395298,494_6_RF00168_6_NC_000913.3_4233124-4233721_ext_20-220_int_180_off_10_percentage_5_position_171-180 genomicbackground,494,6,494_6
query_495,0,genomicbackground,0,genomicbackground,0.010465262457728386,495_6_RF00168_6_NC_000913.3_4233124-4233721_ext_20-220_int_180_off_15_percentage_8_position_166-180 genomicbackground,495,6,495_6
query_496,0,genomicbackground,0,genomicbackground,0.029353082180023193,496_6_RF00168_6_NC_000913.3_4233124-4233721_ext_20-220_int_180_off_20_percentage_10_position_161-180 genomicbackground,496,6,496_6
query_497,0,genomicbackground,0,genomicbackground,0.001435586018487811,497_6_RF00168_6_NC_000913.3_4233124-4233721_ext_20-220_int_185_off_0_percentage_3_position_181-185 genomicbackground,497,6,497_6
query_498,0,genomicbackground,0,genomicbackground,0.001351409126073122,498_6_RF00168_6_NC_000913.3_4233124-4233721_ext_20-220_int_185_off_5_percentage_5_position_176-185 genomicbackground,498,6,498_6
query_499,0,genomicbackground,0,genomicbackground,0.02199648506939411,499_6_RF00168_6_NC_000913.3_4233124-4233721_ext_20-220_int_185_off_10_percentage_8_position_171-185 genomicbackground,499,6,499_6
query_500,0,genomicbackground,0,genomicbackground,0.020291993394494057,500_6_RF00168_6_NC_000913.3_4233124-4233721_ext_20-220_int_185_off_15_percentage_10_position_166-185 genomicbackground,500,6,500_6
query_501,0,genomicbackground,0,genomicbackground,0.0014394595054909587,501_6_RF00168_6_NC_000913.3_4233124-4233721_ext_20-220_int_190_off_0_percentage_5_position_181-190 genomicbackground,501,6,501_6
query_502,0,genomicbackground,0,genomicbackground,0.0015533751575276256,502_6_RF00168_6_NC_000913.3_4233124-4233721_ext_20-220_int_190_off_5_percentage_8_position_176-190 genomicbackground,502,6,502_6
query_503,0,genomicbackground,0,genomicbackground,0.04437406361103058,503_6_RF00168_6_NC_000913.3_4233124-4233721_ext_20-220_int_190_off_10_percentage_10_position_171-190 genomicbackground,503,6,503_6
query_504,0,genomicbackground,0,genomicbackground,0.0016616220818832517,504_6_RF00168_6_NC_000913.3_4233124-4233721_ext_20-220_int_195_off_0_percentage_8_position_181-195 genomicbackground,504,6,504_6
query_505,0,genomicbackground,0,genomicbackground,0.006945205852389336,505_6_RF00168_6_NC_000913.3_4233124-4233721_ext_20-220_int_195_off_5_percentage_10_position_176-195 genomicbackground,505,6,505_6
query_506,0,genomicbackground,0,genomicbackground,0.008137144148349762,506_6_RF00168_6_NC_000913.3_4233124-4233721_ext_20-220_int_200_off_0_percentage_10_position_181-200 genomicbackground,506,6,506_6
query_507,0,genomicbackground,0,genomicbackground,0.17155048251152039,507_6_RF00168_6_NC_000913.3_4233124-4233721_ext_40-240_int_95_off_0_percentage_0_position_0-0 genomicbackground,507,6,507_6
query_508,0,genomicbackground,0,genomicbackground,0.06031867116689682,508_6_RF00168_6_NC_000913.3_4233124-4233721_ext_40-240_int_95_off_5_percentage_0_position_0-0 genomicbackground,508,6,508_6
query_509,0,genomicbackground,0,genomicbackground,0.07509347051382065,509_6_RF00168_6_NC_000913.3_4233124-4233721_ext_40-240_int_95_off_10_percentage_0_position_0-0 genomicbackground,509,6,509_6
query_510,0,genomicbackground,0,genomicbackground,0.03945382311940193,510_6_RF00168_6_NC_000913.3_4233124-4233721_ext_40-240_int_95_off_15_percentage_0_position_0-0 genomicbackground,510,6,510_6
query_511,0,genomicbackground,0,genomicbackground,0.06616221368312836,511_6_RF00168_6_NC_000913.3_4233124-4233721_ext_40-240_int_95_off_20_percentage_0_position_0-0 genomicbackground,511,6,511_6
query_512,0,genomicbackground,0,genomicbackground,0.03191963955760002,512_6_RF00168_6_NC_000913.3_4233124-4233721_ext_40-240_int_95_off_25_percentage_0_position_0-0 genomicbackground,512,6,512_6
query_513,0,genomicbackground,0,genomicbackground,0.007204405497759581,513_6_RF00168_6_NC_000913.3_4233124-4233721_ext_40-240_int_95_off_30_percentage_0_position_0-0 genomicbackground,513,6,513_6
query_514,0,genomicbackground,0,genomicbackground,0.008836619555950165,514_6_RF00168_6_NC_000913.3_4233124-4233721_ext_40-240_int_95_off_35_percentage_0_position_0-0 genomicbackground,514,6,514_6
query_515,0,genomicbackground,1,riboswitch,0.8304628133773804,515_6_RF00168_6_NC_000913.3_4233124-4233721_ext_40-240_int_95_off_40_percentage_0_position_0-0 genomicbackground,515,6,515_6
query_516,0,genomicbackground,0,genomicbackground,0.19788122177124023,516_6_RF00168_6_NC_000913.3_4233124-4233721_ext_40-240_int_95_off_45_percentage_0_position_0-0 genomicbackground,516,6,516_6
query_517,0,genomicbackground,0,genomicbackground,0.09022863954305649,517_6_RF00168_6_NC_000913.3_4233124-4233721_ext_40-240_int_95_off_50_percentage_0_position_0-0 genomicbackground,517,6,517_6
query_518,0,genomicbackground,0,genomicbackground,0.07761082053184509,518_6_RF00168_6_NC_000913.3_4233124-4233721_ext_40-240_int_95_off_55_percentage_0_position_0-0 genomicbackground,518,6,518_6
query_519,0,genomicbackground,0,genomicbackground,0.01606617495417595,519_6_RF00168_6_NC_000913.3_4233124-4233721_ext_40-240_int_95_off_60_percentage_0_position_0-0 genomicbackground,519,6,519_6
query_520,0,genomicbackground,0,genomicbackground,0.036918677389621735,520_6_RF00168_6_NC_000913.3_4233124-4233721_ext_40-240_int_95_off_65_percentage_0_position_0-0 genomicbackground,520,6,520_6
query_521,0,genomicbackground,0,genomicbackground,0.04304646700620651,521_6_RF00168_6_NC_000913.3_4233124-4233721_ext_40-240_int_95_off_70_percentage_3_position_91-95 genomicbackground,521,6,521_6
query_522,0,genomicbackground,0,genomicbackground,0.05396620184183121,522_6_RF00168_6_NC_000913.3_4233124-4233721_ext_40-240_int_95_off_75_percentage_5_position_86-95 genomicbackground,522,6,522_6
query_523,0,genomicbackground,0,genomicbackground,0.1434609442949295,523_6_RF00168_6_NC_000913.3_4233124-4233721_ext_40-240_int_95_off_80_percentage_8_position_81-95 genomicbackground,523,6,523_6
query_524,0,genomicbackground,0,genomicbackground,0.011841823346912861,524_6_RF00168_6_NC_000913.3_4233124-4233721_ext_40-240_int_95_off_85_percentage_10_position_76-95 genomicbackground,524,6,524_6
query_525,0,genomicbackground,0,genomicbackground,0.014543025754392147,525_6_RF00168_6_NC_000913.3_4233124-4233721_ext_40-240_int_95_off_90_percentage_13_position_71-95 genomicbackground,525,6,525_6
query_526,0,genomicbackground,0,genomicbackground,0.020308710634708405,526_6_RF00168_6_NC_000913.3_4233124-4233721_ext_40-240_int_95_off_95_percentage_15_position_66-95 genomicbackground,526,6,526_6
query_527,0,genomicbackground,0,genomicbackground,0.008145513944327831,527_6_RF00168_6_NC_000913.3_4233124-4233721_ext_40-240_int_95_off_100_percentage_18_position_61-95 genomicbackground,527,6,527_6
query_528,0,genomicbackground,0,genomicbackground,0.023386387154459953,528_6_RF00168_6_NC_000913.3_4233124-4233721_ext_40-240_int_95_off_105_percentage_20_position_56-95 genomicbackground,528,6,528_6
query_529,0,genomicbackground,0,genomicbackground,0.07959335297346115,529_6_RF00168_6_NC_000913.3_4233124-4233721_ext_40-240_int_100_off_0_percentage_0_position_0-0 genomicbackground,529,6,529_6
query_530,0,genomicbackground,0,genomicbackground,0.350599467754364,530_6_RF00168_6_NC_000913.3_4233124-4233721_ext_40-240_int_100_off_5_percentage_0_position_0-0 genomicbackground,530,6,530_6
query_531,0,genomicbackground,0,genomicbackground,0.04350766912102699,531_6_RF00168_6_NC_000913.3_4233124-4233721_ext_40-240_int_100_off_10_percentage_0_position_0-0 genomicbackground,531,6,531_6
query_532,0,genomicbackground,0,genomicbackground,0.03820132091641426,532_6_RF00168_6_NC_000913.3_4233124-4233721_ext_40-240_int_100_off_15_percentage_0_position_0-0 genomicbackground,532,6,532_6
query_533,0,genomicbackground,0,genomicbackground,0.05248801037669182,533_6_RF00168_6_NC_000913.3_4233124-4233721_ext_40-240_int_100_off_20_percentage_0_position_0-0 genomicbackground,533,6,533_6
query_534,0,genomicbackground,0,genomicbackground,0.007511312607675791,534_6_RF00168_6_NC_000913.3_4233124-4233721_ext_40-240_int_100_off_25_percentage_0_position_0-0 genomicbackground,534,6,534_6
query_535,0,genomicbackground,0,genomicbackground,0.004468339495360851,535_6_RF00168_6_NC_000913.3_4233124-4233721_ext_40-240_int_100_off_30_percentage_0_position_0-0 genomicbackground,535,6,535_6
query_536,0,genomicbackground,0,genomicbackground,0.008052627556025982,536_6_RF00168_6_NC_000913.3_4233124-4233721_ext_40-240_int_100_off_35_percentage_0_position_0-0 genomicbackground,536,6,536_6
query_537,0,genomicbackground,1,riboswitch,0.7622053027153015,537_6_RF00168_6_NC_000913.3_4233124-4233721_ext_40-240_int_100_off_40_percentage_0_position_0-0 genomicbackground,537,6,537_6
query_538,0,genomicbackground,0,genomicbackground,0.011585840955376625,538_6_RF00168_6_NC_000913.3_4233124-4233721_ext_40-240_int_100_off_45_percentage_0_position_0-0 genomicbackground,538,6,538_6
query_539,0,genomicbackground,0,genomicbackground,0.0790296345949173,539_6_RF00168_6_NC_000913.3_4233124-4233721_ext_40-240_int_100_off_50_percentage_0_position_0-0 genomicbackground,539,6,539_6
query_540,0,genomicbackground,0,genomicbackground,0.021470658481121063,540_6_RF00168_6_NC_000913.3_4233124-4233721_ext_40-240_int_100_off_55_percentage_0_position_0-0 genomicbackground,540,6,540_6
query_541,0,genomicbackground,0,genomicbackground,0.010945949703454971,541_6_RF00168_6_NC_000913.3_4233124-4233721_ext_40-240_int_100_off_60_percentage_0_position_0-0 genomicbackground,541,6,541_6
query_542,0,genomicbackground,0,genomicbackground,0.08592119812965393,542_6_RF00168_6_NC_000913.3_4233124-4233721_ext_40-240_int_100_off_65_percentage_3_position_96-100 genomicbackground,542,6,542_6
query_543,0,genomicbackground,0,genomicbackground,0.03442564606666565,543_6_RF00168_6_NC_000913.3_4233124-4233721_ext_40-240_int_100_off_70_percentage_5_position_91-100 genomicbackground,543,6,543_6
query_544,0,genomicbackground,0,genomicbackground,0.11691011488437653,544_6_RF00168_6_NC_000913.3_4233124-4233721_ext_40-240_int_100_off_75_percentage_8_position_86-100 genomicbackground,544,6,544_6
query_545,0,genomicbackground,0,genomicbackground,0.09945981949567795,545_6_RF00168_6_NC_000913.3_4233124-4233721_ext_40-240_int_100_off_80_percentage_10_position_81-100 genomicbackground,545,6,545_6
query_546,0,genomicbackground,0,genomicbackground,0.0113077936694026,546_6_RF00168_6_NC_000913.3_4233124-4233721_ext_40-240_int_100_off_85_percentage_13_position_76-100 genomicbackground,546,6,546_6
query_547,0,genomicbackground,0,genomicbackground,0.014886504970490932,547_6_RF00168_6_NC_000913.3_4233124-4233721_ext_40-240_int_100_off_90_percentage_15_position_71-100 genomicbackground,547,6,547_6
query_548,0,genomicbackground,0,genomicbackground,0.012290125712752342,548_6_RF00168_6_NC_000913.3_4233124-4233721_ext_40-240_int_100_off_95_percentage_18_position_66-100 genomicbackground,548,6,548_6
query_549,0,genomicbackground,0,genomicbackground,0.005774106364697218,549_6_RF00168_6_NC_000913.3_4233124-4233721_ext_40-240_int_100_off_100_percentage_20_position_61-100 genomicbackground,549,6,549_6
query_550,0,genomicbackground,0,genomicbackground,0.05924263969063759,550_6_RF00168_6_NC_000913.3_4233124-4233721_ext_40-240_int_105_off_0_percentage_0_position_0-0 genomicbackground,550,6,550_6
query_551,0,genomicbackground,0,genomicbackground,0.052819766104221344,551_6_RF00168_6_NC_000913.3_4233124-4233721_ext_40-240_int_105_off_5_percentage_0_position_0-0 genomicbackground,551,6,551_6
query_552,0,genomicbackground,0,genomicbackground,0.047330018132925034,552_6_RF00168_6_NC_000913.3_4233124-4233721_ext_40-240_int_105_off_10_percentage_0_position_0-0 genomicbackground,552,6,552_6
query_553,0,genomicbackground,0,genomicbackground,0.021853694692254066,553_6_RF00168_6_NC_000913.3_4233124-4233721_ext_40-240_int_105_off_15_percentage_0_position_0-0 genomicbackground,553,6,553_6
query_554,0,genomicbackground,0,genomicbackground,0.010530081577599049,554_6_RF00168_6_NC_000913.3_4233124-4233721_ext_40-240_int_105_off_20_percentage_0_position_0-0 genomicbackground,554,6,554_6
query_555,0,genomicbackground,0,genomicbackground,0.004880552180111408,555_6_RF00168_6_NC_000913.3_4233124-4233721_ext_40-240_int_105_off_25_percentage_0_position_0-0 genomicbackground,555,6,555_6
query_556,0,genomicbackground,0,genomicbackground,0.004056969657540321,556_6_RF00168_6_NC_000913.3_4233124-4233721_ext_40-240_int_105_off_30_percentage_0_position_0-0 genomicbackground,556,6,556_6
query_557,0,genomicbackground,0,genomicbackground,0.006481603253632784,557_6_RF00168_6_NC_000913.3_4233124-4233721_ext_40-240_int_105_off_35_percentage_0_position_0-0 genomicbackground,557,6,557_6
query_558,0,genomicbackground,0,genomicbackground,0.35436683893203735,558_6_RF00168_6_NC_000913.3_4233124-4233721_ext_40-240_int_105_off_40_percentage_0_position_0-0 genomicbackground,558,6,558_6
query_559,0,genomicbackground,0,genomicbackground,0.011116663925349712,559_6_RF00168_6_NC_000913.3_4233124-4233721_ext_40-240_int_105_off_45_percentage_0_position_0-0 genomicbackground,559,6,559_6
query_560,0,genomicbackground,0,genomicbackground,0.0016544125974178314,560_6_RF00168_6_NC_000913.3_4233124-4233721_ext_40-240_int_105_off_50_percentage_0_position_0-0 genomicbackground,560,6,560_6
query_561,0,genomicbackground,0,genomicbackground,0.011502549052238464,561_6_RF00168_6_NC_000913.3_4233124-4233721_ext_40-240_int_105_off_55_percentage_0_position_0-0 genomicbackground,561,6,561_6
query_562,0,genomicbackground,0,genomicbackground,0.03394439071416855,562_6_RF00168_6_NC_000913.3_4233124-4233721_ext_40-240_int_105_off_60_percentage_3_position_101-105 genomicbackground,562,6,562_6
query_563,0,genomicbackground,0,genomicbackground,0.06107693910598755,563_6_RF00168_6_NC_000913.3_4233124-4233721_ext_40-240_int_105_off_65_percentage_5_position_96-105 genomicbackground,563,6,563_6
query_564,0,genomicbackground,0,genomicbackground,0.4522843658924103,564_6_RF00168_6_NC_000913.3_4233124-4233721_ext_40-240_int_105_off_70_percentage_8_position_91-105 genomicbackground,564,6,564_6
query_565,0,genomicbackground,0,genomicbackground,0.11719205975532532,565_6_RF00168_6_NC_000913.3_4233124-4233721_ext_40-240_int_105_off_75_percentage_10_position_86-105 genomicbackground,565,6,565_6
query_566,0,genomicbackground,0,genomicbackground,0.06430906057357788,566_6_RF00168_6_NC_000913.3_4233124-4233721_ext_40-240_int_105_off_80_percentage_13_position_81-105 genomicbackground,566,6,566_6
query_567,0,genomicbackground,0,genomicbackground,0.011485323309898376,567_6_RF00168_6_NC_000913.3_4233124-4233721_ext_40-240_int_105_off_85_percentage_15_position_76-105 genomicbackground,567,6,567_6
query_568,0,genomicbackground,0,genomicbackground,0.011815866455435753,568_6_RF00168_6_NC_000913.3_4233124-4233721_ext_40-240_int_105_off_90_percentage_18_position_71-105 genomicbackground,568,6,568_6
query_569,0,genomicbackground,0,genomicbackground,0.018657656386494637,569_6_RF00168_6_NC_000913.3_4233124-4233721_ext_40-240_int_105_off_95_percentage_20_position_66-105 genomicbackground,569,6,569_6
query_570,0,genomicbackground,0,genomicbackground,0.04336542636156082,570_6_RF00168_6_NC_000913.3_4233124-4233721_ext_40-240_int_110_off_0_percentage_0_position_0-0 genomicbackground,570,6,570_6
query_571,0,genomicbackground,0,genomicbackground,0.07557493448257446,571_6_RF00168_6_NC_000913.3_4233124-4233721_ext_40-240_int_110_off_5_percentage_0_position_0-0 genomicbackground,571,6,571_6
query_572,0,genomicbackground,0,genomicbackground,0.021784523501992226,572_6_RF00168_6_NC_000913.3_4233124-4233721_ext_40-240_int_110_off_10_percentage_0_position_0-0 genomicbackground,572,6,572_6
query_573,0,genomicbackground,0,genomicbackground,0.005070032086223364,573_6_RF00168_6_NC_000913.3_4233124-4233721_ext_40-240_int_110_off_15_percentage_0_position_0-0 genomicbackground,573,6,573_6
query_574,0,genomicbackground,0,genomicbackground,0.005599237512797117,574_6_RF00168_6_NC_000913.3_4233124-4233721_ext_40-240_int_110_off_20_percentage_0_position_0-0 genomicbackground,574,6,574_6
query_575,0,genomicbackground,0,genomicbackground,0.012107271701097488,575_6_RF00168_6_NC_000913.3_4233124-4233721_ext_40-240_int_110_off_25_percentage_0_position_0-0 genomicbackground,575,6,575_6
query_576,0,genomicbackground,0,genomicbackground,0.0034134548623114824,576_6_RF00168_6_NC_000913.3_4233124-4233721_ext_40-240_int_110_off_30_percentage_0_position_0-0 genomicbackground,576,6,576_6
query_577,0,genomicbackground,0,genomicbackground,0.006466476712375879,577_6_RF00168_6_NC_000913.3_4233124-4233721_ext_40-240_int_110_off_35_percentage_0_position_0-0 genomicbackground,577,6,577_6
query_578,0,genomicbackground,0,genomicbackground,0.27917253971099854,578_6_RF00168_6_NC_000913.3_4233124-4233721_ext_40-240_int_110_off_40_percentage_0_position_0-0 genomicbackground,578,6,578_6
query_579,0,genomicbackground,0,genomicbackground,0.011819371022284031,579_6_RF00168_6_NC_000913.3_4233124-4233721_ext_40-240_int_110_off_45_percentage_0_position_0-0 genomicbackground,579,6,579_6
query_580,0,genomicbackground,0,genomicbackground,0.009957727044820786,580_6_RF00168_6_NC_000913.3_4233124-4233721_ext_40-240_int_110_off_50_percentage_0_position_0-0 genomicbackground,580,6,580_6
query_581,0,genomicbackground,0,genomicbackground,0.03670831024646759,581_6_RF00168_6_NC_000913.3_4233124-4233721_ext_40-240_int_110_off_55_percentage_3_position_106-110 genomicbackground,581,6,581_6
query_582,0,genomicbackground,0,genomicbackground,0.029255282133817673,582_6_RF00168_6_NC_000913.3_4233124-4233721_ext_40-240_int_110_off_60_percentage_5_position_101-110 genomicbackground,582,6,582_6
query_583,0,genomicbackground,1,riboswitch,0.6350011825561523,583_6_RF00168_6_NC_000913.3_4233124-4233721_ext_40-240_int_110_off_65_percentage_8_position_96-110 genomicbackground,583,6,583_6
query_584,0,genomicbackground,0,genomicbackground,0.2794249653816223,584_6_RF00168_6_NC_000913.3_4233124-4233721_ext_40-240_int_110_off_70_percentage_10_position_91-110 genomicbackground,584,6,584_6
query_585,0,genomicbackground,0,genomicbackground,0.0027195806615054607,585_6_RF00168_6_NC_000913.3_4233124-4233721_ext_40-240_int_110_off_75_percentage_13_position_86-110 genomicbackground,585,6,585_6
query_586,0,genomicbackground,0,genomicbackground,0.05638964846730232,586_6_RF00168_6_NC_000913.3_4233124-4233721_ext_40-240_int_110_off_80_percentage_15_position_81-110 genomicbackground,586,6,586_6
query_587,0,genomicbackground,0,genomicbackground,0.010516166687011719,587_6_RF00168_6_NC_000913.3_4233124-4233721_ext_40-240_int_110_off_85_percentage_18_position_76-110 genomicbackground,587,6,587_6
query_588,0,genomicbackground,0,genomicbackground,0.015760311856865883,588_6_RF00168_6_NC_000913.3_4233124-4233721_ext_40-240_int_110_off_90_percentage_20_position_71-110 genomicbackground,588,6,588_6
query_589,0,genomicbackground,0,genomicbackground,0.07597710937261581,589_6_RF00168_6_NC_000913.3_4233124-4233721_ext_40-240_int_115_off_0_percentage_0_position_0-0 genomicbackground,589,6,589_6
query_590,0,genomicbackground,0,genomicbackground,0.05792167782783508,590_6_RF00168_6_NC_000913.3_4233124-4233721_ext_40-240_int_115_off_5_percentage_0_position_0-0 genomicbackground,590,6,590_6
query_591,0,genomicbackground,0,genomicbackground,0.0224014725536108,591_6_RF00168_6_NC_000913.3_4233124-4233721_ext_40-240_int_115_off_10_percentage_0_position_0-0 genomicbackground,591,6,591_6
query_592,0,genomicbackground,0,genomicbackground,0.0035609251353889704,592_6_RF00168_6_NC_000913.3_4233124-4233721_ext_40-240_int_115_off_15_percentage_0_position_0-0 genomicbackground,592,6,592_6
query_593,0,genomicbackground,0,genomicbackground,0.004847816191613674,593_6_RF00168_6_NC_000913.3_4233124-4233721_ext_40-240_int_115_off_20_percentage_0_position_0-0 genomicbackground,593,6,593_6
query_594,0,genomicbackground,0,genomicbackground,0.008851788938045502,594_6_RF00168_6_NC_000913.3_4233124-4233721_ext_40-240_int_115_off_25_percentage_0_position_0-0 genomicbackground,594,6,594_6
query_595,0,genomicbackground,0,genomicbackground,0.003921054303646088,595_6_RF00168_6_NC_000913.3_4233124-4233721_ext_40-240_int_115_off_30_percentage_0_position_0-0 genomicbackground,595,6,595_6
query_596,0,genomicbackground,0,genomicbackground,0.005883994046598673,596_6_RF00168_6_NC_000913.3_4233124-4233721_ext_40-240_int_115_off_35_percentage_0_position_0-0 genomicbackground,596,6,596_6
query_597,0,genomicbackground,0,genomicbackground,0.3082011044025421,597_6_RF00168_6_NC_000913.3_4233124-4233721_ext_40-240_int_115_off_40_percentage_0_position_0-0 genomicbackground,597,6,597_6
query_598,0,genomicbackground,0,genomicbackground,0.011616243049502373,598_6_RF00168_6_NC_000913.3_4233124-4233721_ext_40-240_int_115_off_45_percentage_0_position_0-0 genomicbackground,598,6,598_6
query_599,0,genomicbackground,0,genomicbackground,0.03881131485104561,599_6_RF00168_6_NC_000913.3_4233124-4233721_ext_40-240_int_115_off_50_percentage_3_position_111-115 genomicbackground,599,6,599_6
query_600,0,genomicbackground,0,genomicbackground,0.03695078194141388,600_6_RF00168_6_NC_000913.3_4233124-4233721_ext_40-240_int_115_off_55_percentage_5_position_106-115 genomicbackground,600,6,600_6
query_601,0,genomicbackground,0,genomicbackground,0.046146467328071594,601_6_RF00168_6_NC_000913.3_4233124-4233721_ext_40-240_int_115_off_60_percentage_8_position_101-115 genomicbackground,601,6,601_6
query_602,0,genomicbackground,0,genomicbackground,0.34770336747169495,602_6_RF00168_6_NC_000913.3_4233124-4233721_ext_40-240_int_115_off_65_percentage_10_position_96-115 genomicbackground,602,6,602_6
query_603,0,genomicbackground,0,genomicbackground,0.004885104019194841,603_6_RF00168_6_NC_000913.3_4233124-4233721_ext_40-240_int_115_off_70_percentage_13_position_91-115 genomicbackground,603,6,603_6
query_604,0,genomicbackground,0,genomicbackground,0.0031355079263448715,604_6_RF00168_6_NC_000913.3_4233124-4233721_ext_40-240_int_115_off_75_percentage_15_position_86-115 genomicbackground,604,6,604_6
query_605,0,genomicbackground,0,genomicbackground,0.01759590394794941,605_6_RF00168_6_NC_000913.3_4233124-4233721_ext_40-240_int_115_off_80_percentage_18_position_81-115 genomicbackground,605,6,605_6
query_606,0,genomicbackground,0,genomicbackground,0.013211958110332489,606_6_RF00168_6_NC_000913.3_4233124-4233721_ext_40-240_int_115_off_85_percentage_20_position_76-115 genomicbackground,606,6,606_6
query_607,0,genomicbackground,0,genomicbackground,0.05809343233704567,607_6_RF00168_6_NC_000913.3_4233124-4233721_ext_40-240_int_120_off_0_percentage_0_position_0-0 genomicbackground,607,6,607_6
query_608,0,genomicbackground,0,genomicbackground,0.057733289897441864,608_6_RF00168_6_NC_000913.3_4233124-4233721_ext_40-240_int_120_off_5_percentage_0_position_0-0 genomicbackground,608,6,608_6
query_609,0,genomicbackground,0,genomicbackground,0.0039761909283697605,609_6_RF00168_6_NC_000913.3_4233124-4233721_ext_40-240_int_120_off_10_percentage_0_position_0-0 genomicbackground,609,6,609_6
query_610,0,genomicbackground,0,genomicbackground,0.003319205716252327,610_6_RF00168_6_NC_000913.3_4233124-4233721_ext_40-240_int_120_off_15_percentage_0_position_0-0 genomicbackground,610,6,610_6
query_611,0,genomicbackground,0,genomicbackground,0.0039058495312929153,611_6_RF00168_6_NC_000913.3_4233124-4233721_ext_40-240_int_120_off_20_percentage_0_position_0-0 genomicbackground,611,6,611_6
query_612,0,genomicbackground,0,genomicbackground,0.008053706958889961,612_6_RF00168_6_NC_000913.3_4233124-4233721_ext_40-240_int_120_off_25_percentage_0_position_0-0 genomicbackground,612,6,612_6
query_613,0,genomicbackground,0,genomicbackground,0.003688224358484149,613_6_RF00168_6_NC_000913.3_4233124-4233721_ext_40-240_int_120_off_30_percentage_0_position_0-0 genomicbackground,613,6,613_6
query_614,0,genomicbackground,0,genomicbackground,0.010285533964633942,614_6_RF00168_6_NC_000913.3_4233124-4233721_ext_40-240_int_120_off_35_percentage_0_position_0-0 genomicbackground,614,6,614_6
query_615,0,genomicbackground,0,genomicbackground,0.17496444284915924,615_6_RF00168_6_NC_000913.3_4233124-4233721_ext_40-240_int_120_off_40_percentage_0_position_0-0 genomicbackground,615,6,615_6
query_616,0,genomicbackground,0,genomicbackground,0.010751652531325817,616_6_RF00168_6_NC_000913.3_4233124-4233721_ext_40-240_int_120_off_45_percentage_3_position_116-120 genomicbackground,616,6,616_6
query_617,0,genomicbackground,0,genomicbackground,0.03319135308265686,617_6_RF00168_6_NC_000913.3_4233124-4233721_ext_40-240_int_120_off_50_percentage_5_position_111-120 genomicbackground,617,6,617_6
query_618,0,genomicbackground,0,genomicbackground,0.009614512324333191,618_6_RF00168_6_NC_000913.3_4233124-4233721_ext_40-240_int_120_off_55_percentage_8_position_106-120 genomicbackground,618,6,618_6
query_619,0,genomicbackground,0,genomicbackground,0.08526773750782013,619_6_RF00168_6_NC_000913.3_4233124-4233721_ext_40-240_int_120_off_60_percentage_10_position_101-120 genomicbackground,619,6,619_6
query_620,0,genomicbackground,0,genomicbackground,0.14140668511390686,620_6_RF00168_6_NC_000913.3_4233124-4233721_ext_40-240_int_120_off_65_percentage_13_position_96-120 genomicbackground,620,6,620_6
query_621,0,genomicbackground,0,genomicbackground,0.006365406792610884,621_6_RF00168_6_NC_000913.3_4233124-4233721_ext_40-240_int_120_off_70_percentage_15_position_91-120 genomicbackground,621,6,621_6
query_622,0,genomicbackground,0,genomicbackground,0.03278980776667595,622_6_RF00168_6_NC_000913.3_4233124-4233721_ext_40-240_int_120_off_75_percentage_18_position_86-120 genomicbackground,622,6,622_6
query_623,0,genomicbackground,0,genomicbackground,0.021023033186793327,623_6_RF00168_6_NC_000913.3_4233124-4233721_ext_40-240_int_120_off_80_percentage_20_position_81-120 genomicbackground,623,6,623_6
query_624,0,genomicbackground,0,genomicbackground,0.05955685302615166,624_6_RF00168_6_NC_000913.3_4233124-4233721_ext_40-240_int_125_off_0_percentage_0_position_0-0 genomicbackground,624,6,624_6
query_625,0,genomicbackground,0,genomicbackground,0.04697481915354729,625_6_RF00168_6_NC_000913.3_4233124-4233721_ext_40-240_int_125_off_5_percentage_0_position_0-0 genomicbackground,625,6,625_6
query_626,0,genomicbackground,0,genomicbackground,0.0036540995351970196,626_6_RF00168_6_NC_000913.3_4233124-4233721_ext_40-240_int_125_off_10_percentage_0_position_0-0 genomicbackground,626,6,626_6
query_627,0,genomicbackground,0,genomicbackground,0.0028231791220605373,627_6_RF00168_6_NC_000913.3_4233124-4233721_ext_40-240_int_125_off_15_percentage_0_position_0-0 genomicbackground,627,6,627_6
query_628,0,genomicbackground,0,genomicbackground,0.0041249957866966724,628_6_RF00168_6_NC_000913.3_4233124-4233721_ext_40-240_int_125_off_20_percentage_0_position_0-0 genomicbackground,628,6,628_6
query_629,0,genomicbackground,0,genomicbackground,0.007276750169694424,629_6_RF00168_6_NC_000913.3_4233124-4233721_ext_40-240_int_125_off_25_percentage_0_position_0-0 genomicbackground,629,6,629_6
query_630,0,genomicbackground,0,genomicbackground,0.010884299874305725,630_6_RF00168_6_NC_000913.3_4233124-4233721_ext_40-240_int_125_off_30_percentage_0_position_0-0 genomicbackground,630,6,630_6
query_631,0,genomicbackground,0,genomicbackground,0.009492740035057068,631_6_RF00168_6_NC_000913.3_4233124-4233721_ext_40-240_int_125_off_35_percentage_0_position_0-0 genomicbackground,631,6,631_6
query_632,0,genomicbackground,0,genomicbackground,0.0847446471452713,632_6_RF00168_6_NC_000913.3_4233124-4233721_ext_40-240_int_125_off_40_percentage_3_position_121-125 genomicbackground,632,6,632_6
query_633,0,genomicbackground,0,genomicbackground,0.011750251986086369,633_6_RF00168_6_NC_000913.3_4233124-4233721_ext_40-240_int_125_off_45_percentage_5_position_116-125 genomicbackground,633,6,633_6
query_634,0,genomicbackground,0,genomicbackground,0.006588130258023739,634_6_RF00168_6_NC_000913.3_4233124-4233721_ext_40-240_int_125_off_50_percentage_8_position_111-125 genomicbackground,634,6,634_6
query_635,0,genomicbackground,0,genomicbackground,0.10605807602405548,635_6_RF00168_6_NC_000913.3_4233124-4233721_ext_40-240_int_125_off_55_percentage_10_position_106-125 genomicbackground,635,6,635_6
query_636,0,genomicbackground,0,genomicbackground,0.05182245001196861,636_6_RF00168_6_NC_000913.3_4233124-4233721_ext_40-240_int_125_off_60_percentage_13_position_101-125 genomicbackground,636,6,636_6
query_637,0,genomicbackground,0,genomicbackground,0.11046960949897766,637_6_RF00168_6_NC_000913.3_4233124-4233721_ext_40-240_int_125_off_65_percentage_15_position_96-125 genomicbackground,637,6,637_6
query_638,0,genomicbackground,0,genomicbackground,0.03366519883275032,638_6_RF00168_6_NC_000913.3_4233124-4233721_ext_40-240_int_125_off_70_percentage_18_position_91-125 genomicbackground,638,6,638_6
query_639,0,genomicbackground,0,genomicbackground,0.0486520417034626,639_6_RF00168_6_NC_000913.3_4233124-4233721_ext_40-240_int_125_off_75_percentage_20_position_86-125 genomicbackground,639,6,639_6
query_640,0,genomicbackground,0,genomicbackground,0.04746588319540024,640_6_RF00168_6_NC_000913.3_4233124-4233721_ext_40-240_int_130_off_0_percentage_0_position_0-0 genomicbackground,640,6,640_6
query_641,0,genomicbackground,0,genomicbackground,0.04086330160498619,641_6_RF00168_6_NC_000913.3_4233124-4233721_ext_40-240_int_130_off_5_percentage_0_position_0-0 genomicbackground,641,6,641_6
query_642,0,genomicbackground,0,genomicbackground,0.003028381383046508,642_6_RF00168_6_NC_000913.3_4233124-4233721_ext_40-240_int_130_off_10_percentage_0_position_0-0 genomicbackground,642,6,642_6
query_643,0,genomicbackground,0,genomicbackground,0.0030813226476311684,643_6_RF00168_6_NC_000913.3_4233124-4233721_ext_40-240_int_130_off_15_percentage_0_position_0-0 genomicbackground,643,6,643_6
query_644,0,genomicbackground,0,genomicbackground,0.0038537313230335712,644_6_RF00168_6_NC_000913.3_4233124-4233721_ext_40-240_int_130_off_20_percentage_0_position_0-0 genomicbackground,644,6,644_6
query_645,0,genomicbackground,0,genomicbackground,0.010363115929067135,645_6_RF00168_6_NC_000913.3_4233124-4233721_ext_40-240_int_130_off_25_percentage_0_position_0-0 genomicbackground,645,6,645_6
query_646,0,genomicbackground,0,genomicbackground,0.010490713641047478,646_6_RF00168_6_NC_000913.3_4233124-4233721_ext_40-240_int_130_off_30_percentage_0_position_0-0 genomicbackground,646,6,646_6
query_647,0,genomicbackground,0,genomicbackground,0.0029792990535497665,647_6_RF00168_6_NC_000913.3_4233124-4233721_ext_40-240_int_130_off_35_percentage_3_position_126-130 genomicbackground,647,6,647_6
query_648,0,genomicbackground,0,genomicbackground,0.07063170522451401,648_6_RF00168_6_NC_000913.3_4233124-4233721_ext_40-240_int_130_off_40_percentage_5_position_121-130 genomicbackground,648,6,648_6
query_649,0,genomicbackground,0,genomicbackground,0.015539433807134628,649_6_RF00168_6_NC_000913.3_4233124-4233721_ext_40-240_int_130_off_45_percentage_8_position_116-130 genomicbackground,649,6,649_6
query_650,0,genomicbackground,0,genomicbackground,0.12469582259654999,650_6_RF00168_6_NC_000913.3_4233124-4233721_ext_40-240_int_130_off_50_percentage_10_position_111-130 genomicbackground,650,6,650_6
query_651,0,genomicbackground,0,genomicbackground,0.06190728768706322,651_6_RF00168_6_NC_000913.3_4233124-4233721_ext_40-240_int_130_off_55_percentage_13_position_106-130 genomicbackground,651,6,651_6
query_652,0,genomicbackground,0,genomicbackground,0.060580383986234665,652_6_RF00168_6_NC_000913.3_4233124-4233721_ext_40-240_int_130_off_60_percentage_15_position_101-130 genomicbackground,652,6,652_6
query_653,0,genomicbackground,0,genomicbackground,0.04522639885544777,653_6_RF00168_6_NC_000913.3_4233124-4233721_ext_40-240_int_130_off_65_percentage_18_position_96-130 genomicbackground,653,6,653_6
query_654,0,genomicbackground,0,genomicbackground,0.04501444101333618,654_6_RF00168_6_NC_000913.3_4233124-4233721_ext_40-240_int_130_off_70_percentage_20_position_91-130 genomicbackground,654,6,654_6
query_655,0,genomicbackground,0,genomicbackground,0.04160904884338379,655_6_RF00168_6_NC_000913.3_4233124-4233721_ext_40-240_int_135_off_0_percentage_0_position_0-0 genomicbackground,655,6,655_6
query_656,0,genomicbackground,0,genomicbackground,0.030640602111816406,656_6_RF00168_6_NC_000913.3_4233124-4233721_ext_40-240_int_135_off_5_percentage_0_position_0-0 genomicbackground,656,6,656_6
query_657,0,genomicbackground,0,genomicbackground,0.0032464300747960806,657_6_RF00168_6_NC_000913.3_4233124-4233721_ext_40-240_int_135_off_10_percentage_0_position_0-0 genomicbackground,657,6,657_6
query_658,0,genomicbackground,0,genomicbackground,0.0029499619267880917,658_6_RF00168_6_NC_000913.3_4233124-4233721_ext_40-240_int_135_off_15_percentage_0_position_0-0 genomicbackground,658,6,658_6
query_659,0,genomicbackground,0,genomicbackground,0.011295770294964314,659_6_RF00168_6_NC_000913.3_4233124-4233721_ext_40-240_int_135_off_20_percentage_0_position_0-0 genomicbackground,659,6,659_6
query_660,0,genomicbackground,0,genomicbackground,0.009955490939319134,660_6_RF00168_6_NC_000913.3_4233124-4233721_ext_40-240_int_135_off_25_percentage_0_position_0-0 genomicbackground,660,6,660_6
query_661,0,genomicbackground,0,genomicbackground,0.011112519539892673,661_6_RF00168_6_NC_000913.3_4233124-4233721_ext_40-240_int_135_off_30_percentage_3_position_131-135 genomicbackground,661,6,661_6
query_662,0,genomicbackground,0,genomicbackground,0.010217767208814621,662_6_RF00168_6_NC_000913.3_4233124-4233721_ext_40-240_int_135_off_35_percentage_5_position_126-135 genomicbackground,662,6,662_6
query_663,0,genomicbackground,0,genomicbackground,0.13462233543395996,663_6_RF00168_6_NC_000913.3_4233124-4233721_ext_40-240_int_135_off_40_percentage_8_position_121-135 genomicbackground,663,6,663_6
query_664,0,genomicbackground,0,genomicbackground,0.06458169221878052,664_6_RF00168_6_NC_000913.3_4233124-4233721_ext_40-240_int_135_off_45_percentage_10_position_116-135 genomicbackground,664,6,664_6
query_665,0,genomicbackground,0,genomicbackground,0.0725235715508461,665_6_RF00168_6_NC_000913.3_4233124-4233721_ext_40-240_int_135_off_50_percentage_13_position_111-135 genomicbackground,665,6,665_6
query_666,0,genomicbackground,0,genomicbackground,0.06912820041179657,666_6_RF00168_6_NC_000913.3_4233124-4233721_ext_40-240_int_135_off_55_percentage_15_position_106-135 genomicbackground,666,6,666_6
query_667,0,genomicbackground,0,genomicbackground,0.03431318700313568,667_6_RF00168_6_NC_000913.3_4233124-4233721_ext_40-240_int_135_off_60_percentage_18_position_101-135 genomicbackground,667,6,667_6
query_668,0,genomicbackground,0,genomicbackground,0.07349734008312225,668_6_RF00168_6_NC_000913.3_4233124-4233721_ext_40-240_int_135_off_65_percentage_20_position_96-135 genomicbackground,668,6,668_6
query_669,0,genomicbackground,0,genomicbackground,0.03202848136425018,669_6_RF00168_6_NC_000913.3_4233124-4233721_ext_40-240_int_140_off_0_percentage_0_position_0-0 genomicbackground,669,6,669_6
query_670,0,genomicbackground,0,genomicbackground,0.021835582330822945,670_6_RF00168_6_NC_000913.3_4233124-4233721_ext_40-240_int_140_off_5_percentage_0_position_0-0 genomicbackground,670,6,670_6
query_671,0,genomicbackground,0,genomicbackground,0.0030898505356162786,671_6_RF00168_6_NC_000913.3_4233124-4233721_ext_40-240_int_140_off_10_percentage_0_position_0-0 genomicbackground,671,6,671_6
query_672,0,genomicbackground,0,genomicbackground,0.010349614545702934,672_6_RF00168_6_NC_000913.3_4233124-4233721_ext_40-240_int_140_off_15_percentage_0_position_0-0 genomicbackground,672,6,672_6
query_673,0,genomicbackground,0,genomicbackground,0.011424567550420761,673_6_RF00168_6_NC_000913.3_4233124-4233721_ext_40-240_int_140_off_20_percentage_0_position_0-0 genomicbackground,673,6,673_6
query_674,0,genomicbackground,0,genomicbackground,0.010839938186109066,674_6_RF00168_6_NC_000913.3_4233124-4233721_ext_40-240_int_140_off_25_percentage_3_position_136-140 genomicbackground,674,6,674_6
query_675,0,genomicbackground,0,genomicbackground,0.012139222584664822,675_6_RF00168_6_NC_000913.3_4233124-4233721_ext_40-240_int_140_off_30_percentage_5_position_131-140 genomicbackground,675,6,675_6
query_676,0,genomicbackground,0,genomicbackground,0.010765724815428257,676_6_RF00168_6_NC_000913.3_4233124-4233721_ext_40-240_int_140_off_35_percentage_8_position_126-140 genomicbackground,676,6,676_6
query_677,0,genomicbackground,0,genomicbackground,0.26501262187957764,677_6_RF00168_6_NC_000913.3_4233124-4233721_ext_40-240_int_140_off_40_percentage_10_position_121-140 genomicbackground,677,6,677_6
query_678,0,genomicbackground,0,genomicbackground,0.04393419995903969,678_6_RF00168_6_NC_000913.3_4233124-4233721_ext_40-240_int_140_off_45_percentage_13_position_116-140 genomicbackground,678,6,678_6
query_679,0,genomicbackground,0,genomicbackground,0.07670237123966217,679_6_RF00168_6_NC_000913.3_4233124-4233721_ext_40-240_int_140_off_50_percentage_15_position_111-140 genomicbackground,679,6,679_6
query_680,0,genomicbackground,0,genomicbackground,0.03833578899502754,680_6_RF00168_6_NC_000913.3_4233124-4233721_ext_40-240_int_140_off_55_percentage_18_position_106-140 genomicbackground,680,6,680_6
query_681,0,genomicbackground,0,genomicbackground,0.04289389029145241,681_6_RF00168_6_NC_000913.3_4233124-4233721_ext_40-240_int_140_off_60_percentage_20_position_101-140 genomicbackground,681,6,681_6
query_682,0,genomicbackground,0,genomicbackground,0.022918950766324997,682_6_RF00168_6_NC_000913.3_4233124-4233721_ext_40-240_int_145_off_0_percentage_0_position_0-0 genomicbackground,682,6,682_6
query_683,0,genomicbackground,0,genomicbackground,0.020136436447501183,683_6_RF00168_6_NC_000913.3_4233124-4233721_ext_40-240_int_145_off_5_percentage_0_position_0-0 genomicbackground,683,6,683_6
query_684,0,genomicbackground,0,genomicbackground,0.04777149856090546,684_6_RF00168_6_NC_000913.3_4233124-4233721_ext_40-240_int_145_off_10_percentage_0_position_0-0 genomicbackground,684,6,684_6
query_685,0,genomicbackground,0,genomicbackground,0.010306237265467644,685_6_RF00168_6_NC_000913.3_4233124-4233721_ext_40-240_int_145_off_15_percentage_0_position_0-0 genomicbackground,685,6,685_6
query_686,0,genomicbackground,0,genomicbackground,0.002676438307389617,686_6_RF00168_6_NC_000913.3_4233124-4233721_ext_40-240_int_145_off_20_percentage_3_position_141-145 genomicbackground,686,6,686_6
query_687,0,genomicbackground,0,genomicbackground,0.01144720334559679,687_6_RF00168_6_NC_000913.3_4233124-4233721_ext_40-240_int_145_off_25_percentage_5_position_136-145 genomicbackground,687,6,687_6
query_688,0,genomicbackground,0,genomicbackground,0.012217577546834946,688_6_RF00168_6_NC_000913.3_4233124-4233721_ext_40-240_int_145_off_30_percentage_8_position_131-145 genomicbackground,688,6,688_6
query_689,0,genomicbackground,0,genomicbackground,0.01150747574865818,689_6_RF00168_6_NC_000913.3_4233124-4233721_ext_40-240_int_145_off_35_percentage_10_position_126-145 genomicbackground,689,6,689_6
query_690,0,genomicbackground,0,genomicbackground,0.15501908957958221,690_6_RF00168_6_NC_000913.3_4233124-4233721_ext_40-240_int_145_off_40_percentage_13_position_121-145 genomicbackground,690,6,690_6
query_691,0,genomicbackground,0,genomicbackground,0.016539212316274643,691_6_RF00168_6_NC_000913.3_4233124-4233721_ext_40-240_int_145_off_45_percentage_15_position_116-145 genomicbackground,691,6,691_6
query_692,0,genomicbackground,0,genomicbackground,0.03820611163973808,692_6_RF00168_6_NC_000913.3_4233124-4233721_ext_40-240_int_145_off_50_percentage_18_position_111-145 genomicbackground,692,6,692_6
query_693,0,genomicbackground,0,genomicbackground,0.04891316220164299,693_6_RF00168_6_NC_000913.3_4233124-4233721_ext_40-240_int_145_off_55_percentage_20_position_106-145 genomicbackground,693,6,693_6
query_694,0,genomicbackground,0,genomicbackground,0.009403783828020096,694_6_RF00168_6_NC_000913.3_4233124-4233721_ext_40-240_int_150_off_0_percentage_0_position_0-0 genomicbackground,694,6,694_6
query_695,0,genomicbackground,0,genomicbackground,0.03219930827617645,695_6_RF00168_6_NC_000913.3_4233124-4233721_ext_40-240_int_150_off_5_percentage_0_position_0-0 genomicbackground,695,6,695_6
query_696,0,genomicbackground,0,genomicbackground,0.010918758809566498,696_6_RF00168_6_NC_000913.3_4233124-4233721_ext_40-240_int_150_off_10_percentage_0_position_0-0 genomicbackground,696,6,696_6
query_697,0,genomicbackground,0,genomicbackground,0.002746487967669964,697_6_RF00168_6_NC_000913.3_4233124-4233721_ext_40-240_int_150_off_15_percentage_3_position_146-150 genomicbackground,697,6,697_6
query_698,0,genomicbackground,0,genomicbackground,0.002700056415051222,698_6_RF00168_6_NC_000913.3_4233124-4233721_ext_40-240_int_150_off_20_percentage_5_position_141-150 genomicbackground,698,6,698_6
query_699,0,genomicbackground,0,genomicbackground,0.011488933116197586,699_6_RF00168_6_NC_000913.3_4233124-4233721_ext_40-240_int_150_off_25_percentage_8_position_136-150 genomicbackground,699,6,699_6
query_700,0,genomicbackground,0,genomicbackground,0.014337635599076748,700_6_RF00168_6_NC_000913.3_4233124-4233721_ext_40-240_int_150_off_30_percentage_10_position_131-150 genomicbackground,700,6,700_6
query_701,0,genomicbackground,0,genomicbackground,0.011306473053991795,701_6_RF00168_6_NC_000913.3_4233124-4233721_ext_40-240_int_150_off_35_percentage_13_position_126-150 genomicbackground,701,6,701_6
query_702,0,genomicbackground,0,genomicbackground,0.12788185477256775,702_6_RF00168_6_NC_000913.3_4233124-4233721_ext_40-240_int_150_off_40_percentage_15_position_121-150 genomicbackground,702,6,702_6
query_703,0,genomicbackground,0,genomicbackground,0.026583785191178322,703_6_RF00168_6_NC_000913.3_4233124-4233721_ext_40-240_int_150_off_45_percentage_18_position_116-150 genomicbackground,703,6,703_6
query_704,0,genomicbackground,0,genomicbackground,0.04717693477869034,704_6_RF00168_6_NC_000913.3_4233124-4233721_ext_40-240_int_150_off_50_percentage_20_position_111-150 genomicbackground,704,6,704_6
query_705,0,genomicbackground,0,genomicbackground,0.009556381963193417,705_6_RF00168_6_NC_000913.3_4233124-4233721_ext_40-240_int_155_off_0_percentage_0_position_0-0 genomicbackground,705,6,705_6
query_706,0,genomicbackground,0,genomicbackground,0.035604327917099,706_6_RF00168_6_NC_000913.3_4233124-4233721_ext_40-240_int_155_off_5_percentage_0_position_0-0 genomicbackground,706,6,706_6
query_707,0,genomicbackground,0,genomicbackground,0.003002583049237728,707_6_RF00168_6_NC_000913.3_4233124-4233721_ext_40-240_int_155_off_10_percentage_3_position_151-155 genomicbackground,707,6,707_6
query_708,0,genomicbackground,0,genomicbackground,0.002927224151790142,708_6_RF00168_6_NC_000913.3_4233124-4233721_ext_40-240_int_155_off_15_percentage_5_position_146-155 genomicbackground,708,6,708_6
query_709,0,genomicbackground,0,genomicbackground,0.003856759052723646,709_6_RF00168_6_NC_000913.3_4233124-4233721_ext_40-240_int_155_off_20_percentage_8_position_141-155 genomicbackground,709,6,709_6
query_710,0,genomicbackground,0,genomicbackground,0.013446617871522903,710_6_RF00168_6_NC_000913.3_4233124-4233721_ext_40-240_int_155_off_25_percentage_10_position_136-155 genomicbackground,710,6,710_6
query_711,0,genomicbackground,0,genomicbackground,0.014487163163721561,711_6_RF00168_6_NC_000913.3_4233124-4233721_ext_40-240_int_155_off_30_percentage_13_position_131-155 genomicbackground,711,6,711_6
query_712,0,genomicbackground,0,genomicbackground,0.011389055289328098,712_6_RF00168_6_NC_000913.3_4233124-4233721_ext_40-240_int_155_off_35_percentage_15_position_126-155 genomicbackground,712,6,712_6
query_713,0,genomicbackground,0,genomicbackground,0.0585402175784111,713_6_RF00168_6_NC_000913.3_4233124-4233721_ext_40-240_int_155_off_40_percentage_18_position_121-155 genomicbackground,713,6,713_6
query_714,0,genomicbackground,0,genomicbackground,0.028999987989664078,714_6_RF00168_6_NC_000913.3_4233124-4233721_ext_40-240_int_155_off_45_percentage_20_position_116-155 genomicbackground,714,6,714_6
query_715,0,genomicbackground,0,genomicbackground,0.031728267669677734,715_6_RF00168_6_NC_000913.3_4233124-4233721_ext_40-240_int_160_off_0_percentage_0_position_0-0 genomicbackground,715,6,715_6
query_716,0,genomicbackground,0,genomicbackground,0.019298477098345757,716_6_RF00168_6_NC_000913.3_4233124-4233721_ext_40-240_int_160_off_5_percentage_3_position_156-160 genomicbackground,716,6,716_6
query_717,0,genomicbackground,0,genomicbackground,0.0032218543346971273,717_6_RF00168_6_NC_000913.3_4233124-4233721_ext_40-240_int_160_off_10_percentage_5_position_151-160 genomicbackground,717,6,717_6
query_718,0,genomicbackground,0,genomicbackground,0.0037474455311894417,718_6_RF00168_6_NC_000913.3_4233124-4233721_ext_40-240_int_160_off_15_percentage_8_position_146-160 genomicbackground,718,6,718_6
query_719,0,genomicbackground,0,genomicbackground,0.015631789341568947,719_6_RF00168_6_NC_000913.3_4233124-4233721_ext_40-240_int_160_off_20_percentage_10_position_141-160 genomicbackground,719,6,719_6
query_720,0,genomicbackground,0,genomicbackground,0.013642183504998684,720_6_RF00168_6_NC_000913.3_4233124-4233721_ext_40-240_int_160_off_25_percentage_13_position_136-160 genomicbackground,720,6,720_6
query_721,0,genomicbackground,0,genomicbackground,0.014421087689697742,721_6_RF00168_6_NC_000913.3_4233124-4233721_ext_40-240_int_160_off_30_percentage_15_position_131-160 genomicbackground,721,6,721_6
query_722,0,genomicbackground,0,genomicbackground,0.012869928032159805,722_6_RF00168_6_NC_000913.3_4233124-4233721_ext_40-240_int_160_off_35_percentage_18_position_126-160 genomicbackground,722,6,722_6
query_723,0,genomicbackground,0,genomicbackground,0.07876203954219818,723_6_RF00168_6_NC_000913.3_4233124-4233721_ext_40-240_int_160_off_40_percentage_20_position_121-160 genomicbackground,723,6,723_6
query_724,0,genomicbackground,0,genomicbackground,0.008412014693021774,724_6_RF00168_6_NC_000913.3_4233124-4233721_ext_40-240_int_165_off_0_percentage_3_position_161-165 genomicbackground,724,6,724_6
query_725,0,genomicbackground,0,genomicbackground,0.020501907914876938,725_6_RF00168_6_NC_000913.3_4233124-4233721_ext_40-240_int_165_off_5_percentage_5_position_156-165 genomicbackground,725,6,725_6
query_726,0,genomicbackground,0,genomicbackground,0.01318963710218668,726_6_RF00168_6_NC_000913.3_4233124-4233721_ext_40-240_int_165_off_10_percentage_8_position_151-165 genomicbackground,726,6,726_6
query_727,0,genomicbackground,0,genomicbackground,0.013632318936288357,727_6_RF00168_6_NC_000913.3_4233124-4233721_ext_40-240_int_165_off_15_percentage_10_position_146-165 genomicbackground,727,6,727_6
query_728,0,genomicbackground,0,genomicbackground,0.015822742134332657,728_6_RF00168_6_NC_000913.3_4233124-4233721_ext_40-240_int_165_off_20_percentage_13_position_141-165 genomicbackground,728,6,728_6
query_729,0,genomicbackground,0,genomicbackground,0.013649730943143368,729_6_RF00168_6_NC_000913.3_4233124-4233721_ext_40-240_int_165_off_25_percentage_15_position_136-165 genomicbackground,729,6,729_6
query_730,0,genomicbackground,0,genomicbackground,0.021002067252993584,730_6_RF00168_6_NC_000913.3_4233124-4233721_ext_40-240_int_165_off_30_percentage_18_position_131-165 genomicbackground,730,6,730_6
query_731,0,genomicbackground,0,genomicbackground,0.032708555459976196,731_6_RF00168_6_NC_000913.3_4233124-4233721_ext_40-240_int_165_off_35_percentage_20_position_126-165 genomicbackground,731,6,731_6
query_732,0,genomicbackground,0,genomicbackground,0.009032368659973145,732_6_RF00168_6_NC_000913.3_4233124-4233721_ext_40-240_int_170_off_0_percentage_5_position_161-170 genomicbackground,732,6,732_6
query_733,0,genomicbackground,0,genomicbackground,0.040067728608846664,733_6_RF00168_6_NC_000913.3_4233124-4233721_ext_40-240_int_170_off_5_percentage_8_position_156-170 genomicbackground,733,6,733_6
query_734,0,genomicbackground,0,genomicbackground,0.0437358058989048,734_6_RF00168_6_NC_000913.3_4233124-4233721_ext_40-240_int_170_off_10_percentage_10_position_151-170 genomicbackground,734,6,734_6
query_735,0,genomicbackground,0,genomicbackground,0.013822561129927635,735_6_RF00168_6_NC_000913.3_4233124-4233721_ext_40-240_int_170_off_15_percentage_13_position_146-170 genomicbackground,735,6,735_6
query_736,0,genomicbackground,0,genomicbackground,0.004297719337046146,736_6_RF00168_6_NC_000913.3_4233124-4233721_ext_40-240_int_170_off_20_percentage_15_position_141-170 genomicbackground,736,6,736_6
query_737,0,genomicbackground,0,genomicbackground,0.021383989602327347,737_6_RF00168_6_NC_000913.3_4233124-4233721_ext_40-240_int_170_off_25_percentage_18_position_136-170 genomicbackground,737,6,737_6
query_738,0,genomicbackground,0,genomicbackground,0.024387046694755554,738_6_RF00168_6_NC_000913.3_4233124-4233721_ext_40-240_int_170_off_30_percentage_20_position_131-170 genomicbackground,738,6,738_6
query_739,0,genomicbackground,0,genomicbackground,0.013624266721308231,739_6_RF00168_6_NC_000913.3_4233124-4233721_ext_40-240_int_175_off_0_percentage_8_position_161-175 genomicbackground,739,6,739_6
query_740,0,genomicbackground,0,genomicbackground,0.04593135043978691,740_6_RF00168_6_NC_000913.3_4233124-4233721_ext_40-240_int_175_off_5_percentage_10_position_156-175 genomicbackground,740,6,740_6
query_741,0,genomicbackground,0,genomicbackground,0.007030405104160309,741_6_RF00168_6_NC_000913.3_4233124-4233721_ext_40-240_int_175_off_10_percentage_13_position_151-175 genomicbackground,741,6,741_6
query_742,0,genomicbackground,0,genomicbackground,0.004290599841624498,742_6_RF00168_6_NC_000913.3_4233124-4233721_ext_40-240_int_175_off_15_percentage_15_position_146-175 genomicbackground,742,6,742_6
query_743,0,genomicbackground,0,genomicbackground,0.014116489328444004,743_6_RF00168_6_NC_000913.3_4233124-4233721_ext_40-240_int_175_off_20_percentage_18_position_141-175 genomicbackground,743,6,743_6
query_744,0,genomicbackground,0,genomicbackground,0.024597421288490295,744_6_RF00168_6_NC_000913.3_4233124-4233721_ext_40-240_int_175_off_25_percentage_20_position_136-175 genomicbackground,744,6,744_6
query_745,0,genomicbackground,0,genomicbackground,0.029353082180023193,745_6_RF00168_6_NC_000913.3_4233124-4233721_ext_40-240_int_180_off_0_percentage_10_position_161-180 genomicbackground,745,6,745_6
query_746,0,genomicbackground,0,genomicbackground,0.03833862394094467,746_6_RF00168_6_NC_000913.3_4233124-4233721_ext_40-240_int_180_off_5_percentage_13_position_156-180 genomicbackground,746,6,746_6
query_747,0,genomicbackground,0,genomicbackground,0.007071362342685461,747_6_RF00168_6_NC_000913.3_4233124-4233721_ext_40-240_int_180_off_10_percentage_15_position_151-180 genomicbackground,747,6,747_6
query_748,0,genomicbackground,0,genomicbackground,0.036728113889694214,748_6_RF00168_6_NC_000913.3_4233124-4233721_ext_40-240_int_180_off_15_percentage_18_position_146-180 genomicbackground,748,6,748_6
query_749,0,genomicbackground,0,genomicbackground,0.031015556305646896,749_6_RF00168_6_NC_000913.3_4233124-4233721_ext_40-240_int_180_off_20_percentage_20_position_141-180 genomicbackground,749,6,749_6
query_750,0,genomicbackground,0,genomicbackground,0.02965114638209343,750_6_RF00168_6_NC_000913.3_4233124-4233721_ext_40-240_int_185_off_0_percentage_13_position_161-185 genomicbackground,750,6,750_6
query_751,0,genomicbackground,0,genomicbackground,0.03758213669061661,751_6_RF00168_6_NC_000913.3_4233124-4233721_ext_40-240_int_185_off_5_percentage_15_position_156-185 genomicbackground,751,6,751_6
query_752,0,genomicbackground,0,genomicbackground,0.01482473500072956,752_6_RF00168_6_NC_000913.3_4233124-4233721_ext_40-240_int_185_off_10_percentage_18_position_151-185 genomicbackground,752,6,752_6
query_753,0,genomicbackground,0,genomicbackground,0.04154473543167114,753_6_RF00168_6_NC_000913.3_4233124-4233721_ext_40-240_int_185_off_15_percentage_20_position_146-185 genomicbackground,753,6,753_6
query_754,0,genomicbackground,0,genomicbackground,0.028751658275723457,754_6_RF00168_6_NC_000913.3_4233124-4233721_ext_40-240_int_190_off_0_percentage_15_position_161-190 genomicbackground,754,6,754_6
query_755,0,genomicbackground,0,genomicbackground,0.01255187951028347,755_6_RF00168_6_NC_000913.3_4233124-4233721_ext_40-240_int_190_off_5_percentage_18_position_156-190 genomicbackground,755,6,755_6
query_756,0,genomicbackground,0,genomicbackground,0.01964534819126129,756_6_RF00168_6_NC_000913.3_4233124-4233721_ext_40-240_int_190_off_10_percentage_20_position_151-190 genomicbackground,756,6,756_6
query_757,0,genomicbackground,0,genomicbackground,0.01300718728452921,757_6_RF00168_6_NC_000913.3_4233124-4233721_ext_40-240_int_195_off_0_percentage_18_position_161-195 genomicbackground,757,6,757_6
query_758,0,genomicbackground,0,genomicbackground,0.04153314605355263,758_6_RF00168_6_NC_000913.3_4233124-4233721_ext_40-240_int_195_off_5_percentage_20_position_156-195 genomicbackground,758,6,758_6
query_759,0,genomicbackground,0,genomicbackground,0.03853480517864227,759_6_RF00168_6_NC_000913.3_4233124-4233721_ext_40-240_int_200_off_0_percentage_20_position_161-200 genomicbackground,759,6,759_6
query_760,0,genomicbackground,0,genomicbackground,0.06616219878196716,760_6_RF00168_6_NC_000913.3_4233124-4233721_ext_60-260_int_95_off_0_percentage_0_position_0-0 genomicbackground,760,6,760_6
query_761,0,genomicbackground,0,genomicbackground,0.03191964700818062,761_6_RF00168_6_NC_000913.3_4233124-4233721_ext_60-260_int_95_off_5_percentage_0_position_0-0 genomicbackground,761,6,761_6
query_762,0,genomicbackground,0,genomicbackground,0.007204405497759581,762_6_RF00168_6_NC_000913.3_4233124-4233721_ext_60-260_int_95_off_10_percentage_0_position_0-0 genomicbackground,762,6,762_6
query_763,0,genomicbackground,0,genomicbackground,0.008836619555950165,763_6_RF00168_6_NC_000913.3_4233124-4233721_ext_60-260_int_95_off_15_percentage_0_position_0-0 genomicbackground,763,6,763_6
query_764,0,genomicbackground,1,riboswitch,0.8304628133773804,764_6_RF00168_6_NC_000913.3_4233124-4233721_ext_60-260_int_95_off_20_percentage_0_position_0-0 genomicbackground,764,6,764_6
query_765,0,genomicbackground,0,genomicbackground,0.19788122177124023,765_6_RF00168_6_NC_000913.3_4233124-4233721_ext_60-260_int_95_off_25_percentage_0_position_0-0 genomicbackground,765,6,765_6
query_766,0,genomicbackground,0,genomicbackground,0.09022863954305649,766_6_RF00168_6_NC_000913.3_4233124-4233721_ext_60-260_int_95_off_30_percentage_0_position_0-0 genomicbackground,766,6,766_6
query_767,0,genomicbackground,0,genomicbackground,0.07761085778474808,767_6_RF00168_6_NC_000913.3_4233124-4233721_ext_60-260_int_95_off_35_percentage_0_position_0-0 genomicbackground,767,6,767_6
query_768,0,genomicbackground,0,genomicbackground,0.01606617495417595,768_6_RF00168_6_NC_000913.3_4233124-4233721_ext_60-260_int_95_off_40_percentage_0_position_0-0 genomicbackground,768,6,768_6
query_769,0,genomicbackground,0,genomicbackground,0.036918677389621735,769_6_RF00168_6_NC_000913.3_4233124-4233721_ext_60-260_int_95_off_45_percentage_0_position_0-0 genomicbackground,769,6,769_6
query_770,0,genomicbackground,0,genomicbackground,0.04304646700620651,770_6_RF00168_6_NC_000913.3_4233124-4233721_ext_60-260_int_95_off_50_percentage_3_position_91-95 genomicbackground,770,6,770_6
query_771,0,genomicbackground,0,genomicbackground,0.05396620184183121,771_6_RF00168_6_NC_000913.3_4233124-4233721_ext_60-260_int_95_off_55_percentage_5_position_86-95 genomicbackground,771,6,771_6
query_772,0,genomicbackground,0,genomicbackground,0.1434609442949295,772_6_RF00168_6_NC_000913.3_4233124-4233721_ext_60-260_int_95_off_60_percentage_8_position_81-95 genomicbackground,772,6,772_6
query_773,0,genomicbackground,0,genomicbackground,0.011841823346912861,773_6_RF00168_6_NC_000913.3_4233124-4233721_ext_60-260_int_95_off_65_percentage_10_position_76-95 genomicbackground,773,6,773_6
query_774,0,genomicbackground,0,genomicbackground,0.014543025754392147,774_6_RF00168_6_NC_000913.3_4233124-4233721_ext_60-260_int_95_off_70_percentage_13_position_71-95 genomicbackground,774,6,774_6
query_775,0,genomicbackground,0,genomicbackground,0.020308710634708405,775_6_RF00168_6_NC_000913.3_4233124-4233721_ext_60-260_int_95_off_75_percentage_15_position_66-95 genomicbackground,775,6,775_6
query_776,0,genomicbackground,0,genomicbackground,0.008145513944327831,776_6_RF00168_6_NC_000913.3_4233124-4233721_ext_60-260_int_95_off_80_percentage_18_position_61-95 genomicbackground,776,6,776_6
query_777,0,genomicbackground,0,genomicbackground,0.023386387154459953,777_6_RF00168_6_NC_000913.3_4233124-4233721_ext_60-260_int_95_off_85_percentage_20_position_56-95 genomicbackground,777,6,777_6
query_778,0,genomicbackground,0,genomicbackground,0.1575087606906891,778_6_RF00168_6_NC_000913.3_4233124-4233721_ext_60-260_int_95_off_90_percentage_23_position_51-95 genomicbackground,778,6,778_6
query_779,0,genomicbackground,0,genomicbackground,0.21728305518627167,779_6_RF00168_6_NC_000913.3_4233124-4233721_ext_60-260_int_95_off_95_percentage_25_position_46-95 genomicbackground,779,6,779_6
query_780,0,genomicbackground,1,riboswitch,0.8896877765655518,780_6_RF00168_6_NC_000913.3_4233124-4233721_ext_60-260_int_95_off_100_percentage_28_position_41-95 genomicbackground,780,6,780_6
query_781,0,genomicbackground,1,riboswitch,0.6576889157295227,781_6_RF00168_6_NC_000913.3_4233124-4233721_ext_60-260_int_95_off_105_percentage_30_position_36-95 genomicbackground,781,6,781_6
query_782,0,genomicbackground,0,genomicbackground,0.05248801037669182,782_6_RF00168_6_NC_000913.3_4233124-4233721_ext_60-260_int_100_off_0_percentage_0_position_0-0 genomicbackground,782,6,782_6
query_783,0,genomicbackground,0,genomicbackground,0.007511312607675791,783_6_RF00168_6_NC_000913.3_4233124-4233721_ext_60-260_int_100_off_5_percentage_0_position_0-0 genomicbackground,783,6,783_6
query_784,0,genomicbackground,0,genomicbackground,0.004468339495360851,784_6_RF00168_6_NC_000913.3_4233124-4233721_ext_60-260_int_100_off_10_percentage_0_position_0-0 genomicbackground,784,6,784_6
query_785,0,genomicbackground,0,genomicbackground,0.008052627556025982,785_6_RF00168_6_NC_000913.3_4233124-4233721_ext_60-260_int_100_off_15_percentage_0_position_0-0 genomicbackground,785,6,785_6
query_786,0,genomicbackground,1,riboswitch,0.7622053027153015,786_6_RF00168_6_NC_000913.3_4233124-4233721_ext_60-260_int_100_off_20_percentage_0_position_0-0 genomicbackground,786,6,786_6
query_787,0,genomicbackground,0,genomicbackground,0.011585840955376625,787_6_RF00168_6_NC_000913.3_4233124-4233721_ext_60-260_int_100_off_25_percentage_0_position_0-0 genomicbackground,787,6,787_6
query_788,0,genomicbackground,0,genomicbackground,0.0790296345949173,788_6_RF00168_6_NC_000913.3_4233124-4233721_ext_60-260_int_100_off_30_percentage_0_position_0-0 genomicbackground,788,6,788_6
query_789,0,genomicbackground,0,genomicbackground,0.021470658481121063,789_6_RF00168_6_NC_000913.3_4233124-4233721_ext_60-260_int_100_off_35_percentage_0_position_0-0 genomicbackground,789,6,789_6
query_790,0,genomicbackground,0,genomicbackground,0.010945949703454971,790_6_RF00168_6_NC_000913.3_4233124-4233721_ext_60-260_int_100_off_40_percentage_0_position_0-0 genomicbackground,790,6,790_6
query_791,0,genomicbackground,0,genomicbackground,0.08592119812965393,791_6_RF00168_6_NC_000913.3_4233124-4233721_ext_60-260_int_100_off_45_percentage_3_position_96-100 genomicbackground,791,6,791_6
query_792,0,genomicbackground,0,genomicbackground,0.03442564606666565,792_6_RF00168_6_NC_000913.3_4233124-4233721_ext_60-260_int_100_off_50_percentage_5_position_91-100 genomicbackground,792,6,792_6
query_793,0,genomicbackground,0,genomicbackground,0.11691011488437653,793_6_RF00168_6_NC_000913.3_4233124-4233721_ext_60-260_int_100_off_55_percentage_8_position_86-100 genomicbackground,793,6,793_6
query_794,0,genomicbackground,0,genomicbackground,0.09945981949567795,794_6_RF00168_6_NC_000913.3_4233124-4233721_ext_60-260_int_100_off_60_percentage_10_position_81-100 genomicbackground,794,6,794_6
query_795,0,genomicbackground,0,genomicbackground,0.0113077936694026,795_6_RF00168_6_NC_000913.3_4233124-4233721_ext_60-260_int_100_off_65_percentage_13_position_76-100 genomicbackground,795,6,795_6
query_796,0,genomicbackground,0,genomicbackground,0.014886504970490932,796_6_RF00168_6_NC_000913.3_4233124-4233721_ext_60-260_int_100_off_70_percentage_15_position_71-100 genomicbackground,796,6,796_6
query_797,0,genomicbackground,0,genomicbackground,0.012290125712752342,797_6_RF00168_6_NC_000913.3_4233124-4233721_ext_60-260_int_100_off_75_percentage_18_position_66-100 genomicbackground,797,6,797_6
query_798,0,genomicbackground,0,genomicbackground,0.005774106364697218,798_6_RF00168_6_NC_000913.3_4233124-4233721_ext_60-260_int_100_off_80_percentage_20_position_61-100 genomicbackground,798,6,798_6
query_799,0,genomicbackground,0,genomicbackground,0.3801628351211548,799_6_RF00168_6_NC_000913.3_4233124-4233721_ext_60-260_int_100_off_85_percentage_23_position_56-100 genomicbackground,799,6,799_6
query_800,0,genomicbackground,0,genomicbackground,0.15715698897838593,800_6_RF00168_6_NC_000913.3_4233124-4233721_ext_60-260_int_100_off_90_percentage_25_position_51-100 genomicbackground,800,6,800_6
query_801,0,genomicbackground,0,genomicbackground,0.2824578583240509,801_6_RF00168_6_NC_000913.3_4233124-4233721_ext_60-260_int_100_off_95_percentage_28_position_46-100 genomicbackground,801,6,801_6
query_802,0,genomicbackground,1,riboswitch,0.9829661846160889,802_6_RF00168_6_NC_000913.3_4233124-4233721_ext_60-260_int_100_off_100_percentage_30_position_41-100 genomicbackground,802,6,802_6
query_803,0,genomicbackground,0,genomicbackground,0.010530081577599049,803_6_RF00168_6_NC_000913.3_4233124-4233721_ext_60-260_int_105_off_0_percentage_0_position_0-0 genomicbackground,803,6,803_6
query_804,0,genomicbackground,0,genomicbackground,0.004880552180111408,804_6_RF00168_6_NC_000913.3_4233124-4233721_ext_60-260_int_105_off_5_percentage_0_position_0-0 genomicbackground,804,6,804_6
query_805,0,genomicbackground,0,genomicbackground,0.004056969657540321,805_6_RF00168_6_NC_000913.3_4233124-4233721_ext_60-260_int_105_off_10_percentage_0_position_0-0 genomicbackground,805,6,805_6
query_806,0,genomicbackground,0,genomicbackground,0.006481603253632784,806_6_RF00168_6_NC_000913.3_4233124-4233721_ext_60-260_int_105_off_15_percentage_0_position_0-0 genomicbackground,806,6,806_6
query_807,0,genomicbackground,0,genomicbackground,0.35436683893203735,807_6_RF00168_6_NC_000913.3_4233124-4233721_ext_60-260_int_105_off_20_percentage_0_position_0-0 genomicbackground,807,6,807_6
query_808,0,genomicbackground,0,genomicbackground,0.011116663925349712,808_6_RF00168_6_NC_000913.3_4233124-4233721_ext_60-260_int_105_off_25_percentage_0_position_0-0 genomicbackground,808,6,808_6
query_809,0,genomicbackground,0,genomicbackground,0.0016544125974178314,809_6_RF00168_6_NC_000913.3_4233124-4233721_ext_60-260_int_105_off_30_percentage_0_position_0-0 genomicbackground,809,6,809_6
query_810,0,genomicbackground,0,genomicbackground,0.011502549052238464,810_6_RF00168_6_NC_000913.3_4233124-4233721_ext_60-260_int_105_off_35_percentage_0_position_0-0 genomicbackground,810,6,810_6
query_811,0,genomicbackground,0,genomicbackground,0.03394439071416855,811_6_RF00168_6_NC_000913.3_4233124-4233721_ext_60-260_int_105_off_40_percentage_3_position_101-105 genomicbackground,811,6,811_6
query_812,0,genomicbackground,0,genomicbackground,0.06107693910598755,812_6_RF00168_6_NC_000913.3_4233124-4233721_ext_60-260_int_105_off_45_percentage_5_position_96-105 genomicbackground,812,6,812_6
query_813,0,genomicbackground,0,genomicbackground,0.4522843658924103,813_6_RF00168_6_NC_000913.3_4233124-4233721_ext_60-260_int_105_off_50_percentage_8_position_91-105 genomicbackground,813,6,813_6
query_814,0,genomicbackground,0,genomicbackground,0.11719205975532532,814_6_RF00168_6_NC_000913.3_4233124-4233721_ext_60-260_int_105_off_55_percentage_10_position_86-105 genomicbackground,814,6,814_6
query_815,0,genomicbackground,0,genomicbackground,0.06430906057357788,815_6_RF00168_6_NC_000913.3_4233124-4233721_ext_60-260_int_105_off_60_percentage_13_position_81-105 genomicbackground,815,6,815_6
query_816,0,genomicbackground,0,genomicbackground,0.011485323309898376,816_6_RF00168_6_NC_000913.3_4233124-4233721_ext_60-260_int_105_off_65_percentage_15_position_76-105 genomicbackground,816,6,816_6
query_817,0,genomicbackground,0,genomicbackground,0.011815866455435753,817_6_RF00168_6_NC_000913.3_4233124-4233721_ext_60-260_int_105_off_70_percentage_18_position_71-105 genomicbackground,817,6,817_6
query_818,0,genomicbackground,0,genomicbackground,0.018657656386494637,818_6_RF00168_6_NC_000913.3_4233124-4233721_ext_60-260_int_105_off_75_percentage_20_position_66-105 genomicbackground,818,6,818_6
query_819,0,genomicbackground,0,genomicbackground,0.12597258388996124,819_6_RF00168_6_NC_000913.3_4233124-4233721_ext_60-260_int_105_off_80_percentage_23_position_61-105 genomicbackground,819,6,819_6
query_820,0,genomicbackground,0,genomicbackground,0.40264052152633667,820_6_RF00168_6_NC_000913.3_4233124-4233721_ext_60-260_int_105_off_85_percentage_25_position_56-105 genomicbackground,820,6,820_6
query_821,0,genomicbackground,0,genomicbackground,0.2183017134666443,821_6_RF00168_6_NC_000913.3_4233124-4233721_ext_60-260_int_105_off_90_percentage_28_position_51-105 genomicbackground,821,6,821_6
query_822,0,genomicbackground,1,riboswitch,0.763442873954773,822_6_RF00168_6_NC_000913.3_4233124-4233721_ext_60-260_int_105_off_95_percentage_30_position_46-105 genomicbackground,822,6,822_6
query_823,0,genomicbackground,0,genomicbackground,0.005599237512797117,823_6_RF00168_6_NC_000913.3_4233124-4233721_ext_60-260_int_110_off_0_percentage_0_position_0-0 genomicbackground,823,6,823_6
query_824,0,genomicbackground,0,genomicbackground,0.01210726611316204,824_6_RF00168_6_NC_000913.3_4233124-4233721_ext_60-260_int_110_off_5_percentage_0_position_0-0 genomicbackground,824,6,824_6
query_825,0,genomicbackground,0,genomicbackground,0.0034134581219404936,825_6_RF00168_6_NC_000913.3_4233124-4233721_ext_60-260_int_110_off_10_percentage_0_position_0-0 genomicbackground,825,6,825_6
query_826,0,genomicbackground,0,genomicbackground,0.006466476712375879,826_6_RF00168_6_NC_000913.3_4233124-4233721_ext_60-260_int_110_off_15_percentage_0_position_0-0 genomicbackground,826,6,826_6
query_827,0,genomicbackground,0,genomicbackground,0.27917253971099854,827_6_RF00168_6_NC_000913.3_4233124-4233721_ext_60-260_int_110_off_20_percentage_0_position_0-0 genomicbackground,827,6,827_6
query_828,0,genomicbackground,0,genomicbackground,0.011819371022284031,828_6_RF00168_6_NC_000913.3_4233124-4233721_ext_60-260_int_110_off_25_percentage_0_position_0-0 genomicbackground,828,6,828_6
query_829,0,genomicbackground,0,genomicbackground,0.009957727044820786,829_6_RF00168_6_NC_000913.3_4233124-4233721_ext_60-260_int_110_off_30_percentage_0_position_0-0 genomicbackground,829,6,829_6
query_830,0,genomicbackground,0,genomicbackground,0.03670831024646759,830_6_RF00168_6_NC_000913.3_4233124-4233721_ext_60-260_int_110_off_35_percentage_3_position_106-110 genomicbackground,830,6,830_6
query_831,0,genomicbackground,0,genomicbackground,0.029255274683237076,831_6_RF00168_6_NC_000913.3_4233124-4233721_ext_60-260_int_110_off_40_percentage_5_position_101-110 genomicbackground,831,6,831_6
query_832,0,genomicbackground,1,riboswitch,0.6350005865097046,832_6_RF00168_6_NC_000913.3_4233124-4233721_ext_60-260_int_110_off_45_percentage_8_position_96-110 genomicbackground,832,6,832_6
query_833,0,genomicbackground,0,genomicbackground,0.2794249653816223,833_6_RF00168_6_NC_000913.3_4233124-4233721_ext_60-260_int_110_off_50_percentage_10_position_91-110 genomicbackground,833,6,833_6
query_834,0,genomicbackground,0,genomicbackground,0.0027195806615054607,834_6_RF00168_6_NC_000913.3_4233124-4233721_ext_60-260_int_110_off_55_percentage_13_position_86-110 genomicbackground,834,6,834_6
query_835,0,genomicbackground,0,genomicbackground,0.05638964846730232,835_6_RF00168_6_NC_000913.3_4233124-4233721_ext_60-260_int_110_off_60_percentage_15_position_81-110 genomicbackground,835,6,835_6
query_836,0,genomicbackground,0,genomicbackground,0.010516166687011719,836_6_RF00168_6_NC_000913.3_4233124-4233721_ext_60-260_int_110_off_65_percentage_18_position_76-110 genomicbackground,836,6,836_6
query_837,0,genomicbackground,0,genomicbackground,0.015760311856865883,837_6_RF00168_6_NC_000913.3_4233124-4233721_ext_60-260_int_110_off_70_percentage_20_position_71-110 genomicbackground,837,6,837_6
query_838,0,genomicbackground,0,genomicbackground,0.04541974514722824,838_6_RF00168_6_NC_000913.3_4233124-4233721_ext_60-260_int_110_off_75_percentage_23_position_66-110 genomicbackground,838,6,838_6
query_839,0,genomicbackground,0,genomicbackground,0.10897236317396164,839_6_RF00168_6_NC_000913.3_4233124-4233721_ext_60-260_int_110_off_80_percentage_25_position_61-110 genomicbackground,839,6,839_6
query_840,0,genomicbackground,0,genomicbackground,0.40899738669395447,840_6_RF00168_6_NC_000913.3_4233124-4233721_ext_60-260_int_110_off_85_percentage_28_position_56-110 genomicbackground,840,6,840_6
query_841,0,genomicbackground,1,riboswitch,0.6281027793884277,841_6_RF00168_6_NC_000913.3_4233124-4233721_ext_60-260_int_110_off_90_percentage_30_position_51-110 genomicbackground,841,6,841_6
query_842,0,genomicbackground,0,genomicbackground,0.004847816191613674,842_6_RF00168_6_NC_000913.3_4233124-4233721_ext_60-260_int_115_off_0_percentage_0_position_0-0 genomicbackground,842,6,842_6
query_843,0,genomicbackground,0,genomicbackground,0.008851788938045502,843_6_RF00168_6_NC_000913.3_4233124-4233721_ext_60-260_int_115_off_5_percentage_0_position_0-0 genomicbackground,843,6,843_6
query_844,0,genomicbackground,0,genomicbackground,0.003921054303646088,844_6_RF00168_6_NC_000913.3_4233124-4233721_ext_60-260_int_115_off_10_percentage_0_position_0-0 genomicbackground,844,6,844_6
query_845,0,genomicbackground,0,genomicbackground,0.005883994046598673,845_6_RF00168_6_NC_000913.3_4233124-4233721_ext_60-260_int_115_off_15_percentage_0_position_0-0 genomicbackground,845,6,845_6
query_846,0,genomicbackground,0,genomicbackground,0.3082011044025421,846_6_RF00168_6_NC_000913.3_4233124-4233721_ext_60-260_int_115_off_20_percentage_0_position_0-0 genomicbackground,846,6,846_6
query_847,0,genomicbackground,0,genomicbackground,0.011616243049502373,847_6_RF00168_6_NC_000913.3_4233124-4233721_ext_60-260_int_115_off_25_percentage_0_position_0-0 genomicbackground,847,6,847_6
query_848,0,genomicbackground,0,genomicbackground,0.03881131485104561,848_6_RF00168_6_NC_000913.3_4233124-4233721_ext_60-260_int_115_off_30_percentage_3_position_111-115 genomicbackground,848,6,848_6
query_849,0,genomicbackground,0,genomicbackground,0.03695078194141388,849_6_RF00168_6_NC_000913.3_4233124-4233721_ext_60-260_int_115_off_35_percentage_5_position_106-115 genomicbackground,849,6,849_6
query_850,0,genomicbackground,0,genomicbackground,0.046146467328071594,850_6_RF00168_6_NC_000913.3_4233124-4233721_ext_60-260_int_115_off_40_percentage_8_position_101-115 genomicbackground,850,6,850_6
query_851,0,genomicbackground,0,genomicbackground,0.34770336747169495,851_6_RF00168_6_NC_000913.3_4233124-4233721_ext_60-260_int_115_off_45_percentage_10_position_96-115 genomicbackground,851,6,851_6
query_852,0,genomicbackground,0,genomicbackground,0.004885104019194841,852_6_RF00168_6_NC_000913.3_4233124-4233721_ext_60-260_int_115_off_50_percentage_13_position_91-115 genomicbackground,852,6,852_6
query_853,0,genomicbackground,0,genomicbackground,0.0031355079263448715,853_6_RF00168_6_NC_000913.3_4233124-4233721_ext_60-260_int_115_off_55_percentage_15_position_86-115 genomicbackground,853,6,853_6
query_854,0,genomicbackground,0,genomicbackground,0.01759590394794941,854_6_RF00168_6_NC_000913.3_4233124-4233721_ext_60-260_int_115_off_60_percentage_18_position_81-115 genomicbackground,854,6,854_6
query_855,0,genomicbackground,0,genomicbackground,0.013211958110332489,855_6_RF00168_6_NC_000913.3_4233124-4233721_ext_60-260_int_115_off_65_percentage_20_position_76-115 genomicbackground,855,6,855_6
query_856,0,genomicbackground,0,genomicbackground,0.032025955617427826,856_6_RF00168_6_NC_000913.3_4233124-4233721_ext_60-260_int_115_off_70_percentage_23_position_71-115 genomicbackground,856,6,856_6
query_857,0,genomicbackground,0,genomicbackground,0.04185071215033531,857_6_RF00168_6_NC_000913.3_4233124-4233721_ext_60-260_int_115_off_75_percentage_25_position_66-115 genomicbackground,857,6,857_6
query_858,0,genomicbackground,0,genomicbackground,0.40757322311401367,858_6_RF00168_6_NC_000913.3_4233124-4233721_ext_60-260_int_115_off_80_percentage_28_position_61-115 genomicbackground,858,6,858_6
query_859,0,genomicbackground,1,riboswitch,0.8149318695068359,859_6_RF00168_6_NC_000913.3_4233124-4233721_ext_60-260_int_115_off_85_percentage_30_position_56-115 genomicbackground,859,6,859_6
query_860,0,genomicbackground,0,genomicbackground,0.0039058495312929153,860_6_RF00168_6_NC_000913.3_4233124-4233721_ext_60-260_int_120_off_0_percentage_0_position_0-0 genomicbackground,860,6,860_6
query_861,0,genomicbackground,0,genomicbackground,0.008053706958889961,861_6_RF00168_6_NC_000913.3_4233124-4233721_ext_60-260_int_120_off_5_percentage_0_position_0-0 genomicbackground,861,6,861_6
query_862,0,genomicbackground,0,genomicbackground,0.003688224358484149,862_6_RF00168_6_NC_000913.3_4233124-4233721_ext_60-260_int_120_off_10_percentage_0_position_0-0 genomicbackground,862,6,862_6
query_863,0,genomicbackground,0,genomicbackground,0.010285533964633942,863_6_RF00168_6_NC_000913.3_4233124-4233721_ext_60-260_int_120_off_15_percentage_0_position_0-0 genomicbackground,863,6,863_6
query_864,0,genomicbackground,0,genomicbackground,0.17496465146541595,864_6_RF00168_6_NC_000913.3_4233124-4233721_ext_60-260_int_120_off_20_percentage_0_position_0-0 genomicbackground,864,6,864_6
query_865,0,genomicbackground,0,genomicbackground,0.010751652531325817,865_6_RF00168_6_NC_000913.3_4233124-4233721_ext_60-260_int_120_off_25_percentage_3_position_116-120 genomicbackground,865,6,865_6
query_866,0,genomicbackground,0,genomicbackground,0.03319135308265686,866_6_RF00168_6_NC_000913.3_4233124-4233721_ext_60-260_int_120_off_30_percentage_5_position_111-120 genomicbackground,866,6,866_6
query_867,0,genomicbackground,0,genomicbackground,0.009614512324333191,867_6_RF00168_6_NC_000913.3_4233124-4233721_ext_60-260_int_120_off_35_percentage_8_position_106-120 genomicbackground,867,6,867_6
query_868,0,genomicbackground,0,genomicbackground,0.08526773750782013,868_6_RF00168_6_NC_000913.3_4233124-4233721_ext_60-260_int_120_off_40_percentage_10_position_101-120 genomicbackground,868,6,868_6
query_869,0,genomicbackground,0,genomicbackground,0.14140668511390686,869_6_RF00168_6_NC_000913.3_4233124-4233721_ext_60-260_int_120_off_45_percentage_13_position_96-120 genomicbackground,869,6,869_6
query_870,0,genomicbackground,0,genomicbackground,0.006365406792610884,870_6_RF00168_6_NC_000913.3_4233124-4233721_ext_60-260_int_120_off_50_percentage_15_position_91-120 genomicbackground,870,6,870_6
query_871,0,genomicbackground,0,genomicbackground,0.03278980776667595,871_6_RF00168_6_NC_000913.3_4233124-4233721_ext_60-260_int_120_off_55_percentage_18_position_86-120 genomicbackground,871,6,871_6
query_872,0,genomicbackground,0,genomicbackground,0.021023033186793327,872_6_RF00168_6_NC_000913.3_4233124-4233721_ext_60-260_int_120_off_60_percentage_20_position_81-120 genomicbackground,872,6,872_6
query_873,0,genomicbackground,0,genomicbackground,0.018725786358118057,873_6_RF00168_6_NC_000913.3_4233124-4233721_ext_60-260_int_120_off_65_percentage_23_position_76-120 genomicbackground,873,6,873_6
query_874,0,genomicbackground,0,genomicbackground,0.027248632162809372,874_6_RF00168_6_NC_000913.3_4233124-4233721_ext_60-260_int_120_off_70_percentage_25_position_71-120 genomicbackground,874,6,874_6
query_875,0,genomicbackground,0,genomicbackground,0.2833767533302307,875_6_RF00168_6_NC_000913.3_4233124-4233721_ext_60-260_int_120_off_75_percentage_28_position_66-120 genomicbackground,875,6,875_6
query_876,0,genomicbackground,0,genomicbackground,0.4466570317745209,876_6_RF00168_6_NC_000913.3_4233124-4233721_ext_60-260_int_120_off_80_percentage_30_position_61-120 genomicbackground,876,6,876_6
query_877,0,genomicbackground,0,genomicbackground,0.0041249957866966724,877_6_RF00168_6_NC_000913.3_4233124-4233721_ext_60-260_int_125_off_0_percentage_0_position_0-0 genomicbackground,877,6,877_6
query_878,0,genomicbackground,0,genomicbackground,0.007276750169694424,878_6_RF00168_6_NC_000913.3_4233124-4233721_ext_60-260_int_125_off_5_percentage_0_position_0-0 genomicbackground,878,6,878_6
query_879,0,genomicbackground,0,genomicbackground,0.010884299874305725,879_6_RF00168_6_NC_000913.3_4233124-4233721_ext_60-260_int_125_off_10_percentage_0_position_0-0 genomicbackground,879,6,879_6
query_880,0,genomicbackground,0,genomicbackground,0.009492740035057068,880_6_RF00168_6_NC_000913.3_4233124-4233721_ext_60-260_int_125_off_15_percentage_0_position_0-0 genomicbackground,880,6,880_6
query_881,0,genomicbackground,0,genomicbackground,0.0847446471452713,881_6_RF00168_6_NC_000913.3_4233124-4233721_ext_60-260_int_125_off_20_percentage_3_position_121-125 genomicbackground,881,6,881_6
query_882,0,genomicbackground,0,genomicbackground,0.011750251986086369,882_6_RF00168_6_NC_000913.3_4233124-4233721_ext_60-260_int_125_off_25_percentage_5_position_116-125 genomicbackground,882,6,882_6
query_883,0,genomicbackground,0,genomicbackground,0.006588130258023739,883_6_RF00168_6_NC_000913.3_4233124-4233721_ext_60-260_int_125_off_30_percentage_8_position_111-125 genomicbackground,883,6,883_6
query_884,0,genomicbackground,0,genomicbackground,0.10605807602405548,884_6_RF00168_6_NC_000913.3_4233124-4233721_ext_60-260_int_125_off_35_percentage_10_position_106-125 genomicbackground,884,6,884_6
query_885,0,genomicbackground,0,genomicbackground,0.05182245001196861,885_6_RF00168_6_NC_000913.3_4233124-4233721_ext_60-260_int_125_off_40_percentage_13_position_101-125 genomicbackground,885,6,885_6
query_886,0,genomicbackground,0,genomicbackground,0.11046960949897766,886_6_RF00168_6_NC_000913.3_4233124-4233721_ext_60-260_int_125_off_45_percentage_15_position_96-125 genomicbackground,886,6,886_6
query_887,0,genomicbackground,0,genomicbackground,0.03366519883275032,887_6_RF00168_6_NC_000913.3_4233124-4233721_ext_60-260_int_125_off_50_percentage_18_position_91-125 genomicbackground,887,6,887_6
query_888,0,genomicbackground,0,genomicbackground,0.04865206405520439,888_6_RF00168_6_NC_000913.3_4233124-4233721_ext_60-260_int_125_off_55_percentage_20_position_86-125 genomicbackground,888,6,888_6
query_889,0,genomicbackground,0,genomicbackground,0.10031293332576752,889_6_RF00168_6_NC_000913.3_4233124-4233721_ext_60-260_int_125_off_60_percentage_23_position_81-125 genomicbackground,889,6,889_6
query_890,0,genomicbackground,0,genomicbackground,0.017045656219124794,890_6_RF00168_6_NC_000913.3_4233124-4233721_ext_60-260_int_125_off_65_percentage_25_position_76-125 genomicbackground,890,6,890_6
query_891,0,genomicbackground,0,genomicbackground,0.021132368594408035,891_6_RF00168_6_NC_000913.3_4233124-4233721_ext_60-260_int_125_off_70_percentage_28_position_71-125 genomicbackground,891,6,891_6
query_892,0,genomicbackground,1,riboswitch,0.5971136093139648,892_6_RF00168_6_NC_000913.3_4233124-4233721_ext_60-260_int_125_off_75_percentage_30_position_66-125 genomicbackground,892,6,892_6
query_893,0,genomicbackground,0,genomicbackground,0.0038537313230335712,893_6_RF00168_6_NC_000913.3_4233124-4233721_ext_60-260_int_130_off_0_percentage_0_position_0-0 genomicbackground,893,6,893_6
query_894,0,genomicbackground,0,genomicbackground,0.010363115929067135,894_6_RF00168_6_NC_000913.3_4233124-4233721_ext_60-260_int_130_off_5_percentage_0_position_0-0 genomicbackground,894,6,894_6
query_895,0,genomicbackground,0,genomicbackground,0.010490713641047478,895_6_RF00168_6_NC_000913.3_4233124-4233721_ext_60-260_int_130_off_10_percentage_0_position_0-0 genomicbackground,895,6,895_6
query_896,0,genomicbackground,0,genomicbackground,0.0029792990535497665,896_6_RF00168_6_NC_000913.3_4233124-4233721_ext_60-260_int_130_off_15_percentage_3_position_126-130 genomicbackground,896,6,896_6
query_897,0,genomicbackground,0,genomicbackground,0.07063170522451401,897_6_RF00168_6_NC_000913.3_4233124-4233721_ext_60-260_int_130_off_20_percentage_5_position_121-130 genomicbackground,897,6,897_6
query_898,0,genomicbackground,0,genomicbackground,0.015539433807134628,898_6_RF00168_6_NC_000913.3_4233124-4233721_ext_60-260_int_130_off_25_percentage_8_position_116-130 genomicbackground,898,6,898_6
query_899,0,genomicbackground,0,genomicbackground,0.12469582259654999,899_6_RF00168_6_NC_000913.3_4233124-4233721_ext_60-260_int_130_off_30_percentage_10_position_111-130 genomicbackground,899,6,899_6
query_900,0,genomicbackground,0,genomicbackground,0.06190728768706322,900_6_RF00168_6_NC_000913.3_4233124-4233721_ext_60-260_int_130_off_35_percentage_13_position_106-130 genomicbackground,900,6,900_6
query_901,0,genomicbackground,0,genomicbackground,0.060580383986234665,901_6_RF00168_6_NC_000913.3_4233124-4233721_ext_60-260_int_130_off_40_percentage_15_position_101-130 genomicbackground,901,6,901_6
query_902,0,genomicbackground,0,genomicbackground,0.04522639885544777,902_6_RF00168_6_NC_000913.3_4233124-4233721_ext_60-260_int_130_off_45_percentage_18_position_96-130 genomicbackground,902,6,902_6
query_903,0,genomicbackground,0,genomicbackground,0.04501444101333618,903_6_RF00168_6_NC_000913.3_4233124-4233721_ext_60-260_int_130_off_50_percentage_20_position_91-130 genomicbackground,903,6,903_6
query_904,0,genomicbackground,0,genomicbackground,0.06973284482955933,904_6_RF00168_6_NC_000913.3_4233124-4233721_ext_60-260_int_130_off_55_percentage_23_position_86-130 genomicbackground,904,6,904_6
query_905,0,genomicbackground,0,genomicbackground,0.07500062137842178,905_6_RF00168_6_NC_000913.3_4233124-4233721_ext_60-260_int_130_off_60_percentage_25_position_81-130 genomicbackground,905,6,905_6
query_906,0,genomicbackground,0,genomicbackground,0.014465998858213425,906_6_RF00168_6_NC_000913.3_4233124-4233721_ext_60-260_int_130_off_65_percentage_28_position_76-130 genomicbackground,906,6,906_6
query_907,0,genomicbackground,0,genomicbackground,0.020583951845765114,907_6_RF00168_6_NC_000913.3_4233124-4233721_ext_60-260_int_130_off_70_percentage_30_position_71-130 genomicbackground,907,6,907_6
query_908,0,genomicbackground,0,genomicbackground,0.011295770294964314,908_6_RF00168_6_NC_000913.3_4233124-4233721_ext_60-260_int_135_off_0_percentage_0_position_0-0 genomicbackground,908,6,908_6
query_909,0,genomicbackground,0,genomicbackground,0.009955490939319134,909_6_RF00168_6_NC_000913.3_4233124-4233721_ext_60-260_int_135_off_5_percentage_0_position_0-0 genomicbackground,909,6,909_6
query_910,0,genomicbackground,0,genomicbackground,0.011112519539892673,910_6_RF00168_6_NC_000913.3_4233124-4233721_ext_60-260_int_135_off_10_percentage_3_position_131-135 genomicbackground,910,6,910_6
query_911,0,genomicbackground,0,genomicbackground,0.010217767208814621,911_6_RF00168_6_NC_000913.3_4233124-4233721_ext_60-260_int_135_off_15_percentage_5_position_126-135 genomicbackground,911,6,911_6
query_912,0,genomicbackground,0,genomicbackground,0.13462233543395996,912_6_RF00168_6_NC_000913.3_4233124-4233721_ext_60-260_int_135_off_20_percentage_8_position_121-135 genomicbackground,912,6,912_6
query_913,0,genomicbackground,0,genomicbackground,0.06458169221878052,913_6_RF00168_6_NC_000913.3_4233124-4233721_ext_60-260_int_135_off_25_percentage_10_position_116-135 genomicbackground,913,6,913_6
query_914,0,genomicbackground,0,genomicbackground,0.0725235715508461,914_6_RF00168_6_NC_000913.3_4233124-4233721_ext_60-260_int_135_off_30_percentage_13_position_111-135 genomicbackground,914,6,914_6
query_915,0,genomicbackground,0,genomicbackground,0.06912820041179657,915_6_RF00168_6_NC_000913.3_4233124-4233721_ext_60-260_int_135_off_35_percentage_15_position_106-135 genomicbackground,915,6,915_6
query_916,0,genomicbackground,0,genomicbackground,0.03431318700313568,916_6_RF00168_6_NC_000913.3_4233124-4233721_ext_60-260_int_135_off_40_percentage_18_position_101-135 genomicbackground,916,6,916_6
query_917,0,genomicbackground,0,genomicbackground,0.07349734008312225,917_6_RF00168_6_NC_000913.3_4233124-4233721_ext_60-260_int_135_off_45_percentage_20_position_96-135 genomicbackground,917,6,917_6
query_918,0,genomicbackground,0,genomicbackground,0.09613785892724991,918_6_RF00168_6_NC_000913.3_4233124-4233721_ext_60-260_int_135_off_50_percentage_23_position_91-135 genomicbackground,918,6,918_6
query_919,0,genomicbackground,0,genomicbackground,0.06249329447746277,919_6_RF00168_6_NC_000913.3_4233124-4233721_ext_60-260_int_135_off_55_percentage_25_position_86-135 genomicbackground,919,6,919_6
query_920,0,genomicbackground,0,genomicbackground,0.12103237956762314,920_6_RF00168_6_NC_000913.3_4233124-4233721_ext_60-260_int_135_off_60_percentage_28_position_81-135 genomicbackground,920,6,920_6
query_921,0,genomicbackground,0,genomicbackground,0.014976643025875092,921_6_RF00168_6_NC_000913.3_4233124-4233721_ext_60-260_int_135_off_65_percentage_30_position_76-135 genomicbackground,921,6,921_6
query_922,0,genomicbackground,0,genomicbackground,0.011424567550420761,922_6_RF00168_6_NC_000913.3_4233124-4233721_ext_60-260_int_140_off_0_percentage_0_position_0-0 genomicbackground,922,6,922_6
query_923,0,genomicbackground,0,genomicbackground,0.010839938186109066,923_6_RF00168_6_NC_000913.3_4233124-4233721_ext_60-260_int_140_off_5_percentage_3_position_136-140 genomicbackground,923,6,923_6
query_924,0,genomicbackground,0,genomicbackground,0.012139222584664822,924_6_RF00168_6_NC_000913.3_4233124-4233721_ext_60-260_int_140_off_10_percentage_5_position_131-140 genomicbackground,924,6,924_6
query_925,0,genomicbackground,0,genomicbackground,0.010765724815428257,925_6_RF00168_6_NC_000913.3_4233124-4233721_ext_60-260_int_140_off_15_percentage_8_position_126-140 genomicbackground,925,6,925_6
query_926,0,genomicbackground,0,genomicbackground,0.26501262187957764,926_6_RF00168_6_NC_000913.3_4233124-4233721_ext_60-260_int_140_off_20_percentage_10_position_121-140 genomicbackground,926,6,926_6
query_927,0,genomicbackground,0,genomicbackground,0.043934211134910583,927_6_RF00168_6_NC_000913.3_4233124-4233721_ext_60-260_int_140_off_25_percentage_13_position_116-140 genomicbackground,927,6,927_6
query_928,0,genomicbackground,0,genomicbackground,0.07670234888792038,928_6_RF00168_6_NC_000913.3_4233124-4233721_ext_60-260_int_140_off_30_percentage_15_position_111-140 genomicbackground,928,6,928_6
query_929,0,genomicbackground,0,genomicbackground,0.03833578899502754,929_6_RF00168_6_NC_000913.3_4233124-4233721_ext_60-260_int_140_off_35_percentage_18_position_106-140 genomicbackground,929,6,929_6
query_930,0,genomicbackground,0,genomicbackground,0.04289389029145241,930_6_RF00168_6_NC_000913.3_4233124-4233721_ext_60-260_int_140_off_40_percentage_20_position_101-140 genomicbackground,930,6,930_6
query_931,0,genomicbackground,0,genomicbackground,0.0758240669965744,931_6_RF00168_6_NC_000913.3_4233124-4233721_ext_60-260_int_140_off_45_percentage_23_position_96-140 genomicbackground,931,6,931_6
query_932,0,genomicbackground,0,genomicbackground,0.09691883623600006,932_6_RF00168_6_NC_000913.3_4233124-4233721_ext_60-260_int_140_off_50_percentage_25_position_91-140 genomicbackground,932,6,932_6
query_933,0,genomicbackground,0,genomicbackground,0.49084872007369995,933_6_RF00168_6_NC_000913.3_4233124-4233721_ext_60-260_int_140_off_55_percentage_28_position_86-140 genomicbackground,933,6,933_6
query_934,0,genomicbackground,0,genomicbackground,0.24763812124729156,934_6_RF00168_6_NC_000913.3_4233124-4233721_ext_60-260_int_140_off_60_percentage_30_position_81-140 genomicbackground,934,6,934_6
query_935,0,genomicbackground,0,genomicbackground,0.002676438307389617,935_6_RF00168_6_NC_000913.3_4233124-4233721_ext_60-260_int_145_off_0_percentage_3_position_141-145 genomicbackground,935,6,935_6
query_936,0,genomicbackground,0,genomicbackground,0.01144720334559679,936_6_RF00168_6_NC_000913.3_4233124-4233721_ext_60-260_int_145_off_5_percentage_5_position_136-145 genomicbackground,936,6,936_6
query_937,0,genomicbackground,0,genomicbackground,0.012217577546834946,937_6_RF00168_6_NC_000913.3_4233124-4233721_ext_60-260_int_145_off_10_percentage_8_position_131-145 genomicbackground,937,6,937_6
query_938,0,genomicbackground,0,genomicbackground,0.01150747574865818,938_6_RF00168_6_NC_000913.3_4233124-4233721_ext_60-260_int_145_off_15_percentage_10_position_126-145 genomicbackground,938,6,938_6
query_939,0,genomicbackground,0,genomicbackground,0.15501908957958221,939_6_RF00168_6_NC_000913.3_4233124-4233721_ext_60-260_int_145_off_20_percentage_13_position_121-145 genomicbackground,939,6,939_6
query_940,0,genomicbackground,0,genomicbackground,0.016539212316274643,940_6_RF00168_6_NC_000913.3_4233124-4233721_ext_60-260_int_145_off_25_percentage_15_position_116-145 genomicbackground,940,6,940_6
query_941,0,genomicbackground,0,genomicbackground,0.03820611163973808,941_6_RF00168_6_NC_000913.3_4233124-4233721_ext_60-260_int_145_off_30_percentage_18_position_111-145 genomicbackground,941,6,941_6
query_942,0,genomicbackground,0,genomicbackground,0.04891316220164299,942_6_RF00168_6_NC_000913.3_4233124-4233721_ext_60-260_int_145_off_35_percentage_20_position_106-145 genomicbackground,942,6,942_6
query_943,0,genomicbackground,0,genomicbackground,0.038196440786123276,943_6_RF00168_6_NC_000913.3_4233124-4233721_ext_60-260_int_145_off_40_percentage_23_position_101-145 genomicbackground,943,6,943_6
query_944,0,genomicbackground,0,genomicbackground,0.03871745243668556,944_6_RF00168_6_NC_000913.3_4233124-4233721_ext_60-260_int_145_off_45_percentage_25_position_96-145 genomicbackground,944,6,944_6
query_945,0,genomicbackground,0,genomicbackground,0.08644410967826843,945_6_RF00168_6_NC_000913.3_4233124-4233721_ext_60-260_int_145_off_50_percentage_28_position_91-145 genomicbackground,945,6,945_6
query_946,0,genomicbackground,1,riboswitch,0.6663134694099426,946_6_RF00168_6_NC_000913.3_4233124-4233721_ext_60-260_int_145_off_55_percentage_30_position_86-145 genomicbackground,946,6,946_6
query_947,0,genomicbackground,0,genomicbackground,0.002700056415051222,947_6_RF00168_6_NC_000913.3_4233124-4233721_ext_60-260_int_150_off_0_percentage_5_position_141-150 genomicbackground,947,6,947_6
query_948,0,genomicbackground,0,genomicbackground,0.011488933116197586,948_6_RF00168_6_NC_000913.3_4233124-4233721_ext_60-260_int_150_off_5_percentage_8_position_136-150 genomicbackground,948,6,948_6
query_949,0,genomicbackground,0,genomicbackground,0.014337635599076748,949_6_RF00168_6_NC_000913.3_4233124-4233721_ext_60-260_int_150_off_10_percentage_10_position_131-150 genomicbackground,949,6,949_6
query_950,0,genomicbackground,0,genomicbackground,0.011306473053991795,950_6_RF00168_6_NC_000913.3_4233124-4233721_ext_60-260_int_150_off_15_percentage_13_position_126-150 genomicbackground,950,6,950_6
query_951,0,genomicbackground,0,genomicbackground,0.12788185477256775,951_6_RF00168_6_NC_000913.3_4233124-4233721_ext_60-260_int_150_off_20_percentage_15_position_121-150 genomicbackground,951,6,951_6
query_952,0,genomicbackground,0,genomicbackground,0.026583779603242874,952_6_RF00168_6_NC_000913.3_4233124-4233721_ext_60-260_int_150_off_25_percentage_18_position_116-150 genomicbackground,952,6,952_6
query_953,0,genomicbackground,0,genomicbackground,0.04717693477869034,953_6_RF00168_6_NC_000913.3_4233124-4233721_ext_60-260_int_150_off_30_percentage_20_position_111-150 genomicbackground,953,6,953_6
query_954,0,genomicbackground,0,genomicbackground,0.045793816447257996,954_6_RF00168_6_NC_000913.3_4233124-4233721_ext_60-260_int_150_off_35_percentage_23_position_106-150 genomicbackground,954,6,954_6
query_955,0,genomicbackground,0,genomicbackground,0.04363247752189636,955_6_RF00168_6_NC_000913.3_4233124-4233721_ext_60-260_int_150_off_40_percentage_25_position_101-150 genomicbackground,955,6,955_6
query_956,0,genomicbackground,0,genomicbackground,0.3390909433364868,956_6_RF00168_6_NC_000913.3_4233124-4233721_ext_60-260_int_150_off_45_percentage_28_position_96-150 genomicbackground,956,6,956_6
query_957,0,genomicbackground,0,genomicbackground,0.052153080701828,957_6_RF00168_6_NC_000913.3_4233124-4233721_ext_60-260_int_150_off_50_percentage_30_position_91-150 genomicbackground,957,6,957_6
query_958,0,genomicbackground,0,genomicbackground,0.003856759052723646,958_6_RF00168_6_NC_000913.3_4233124-4233721_ext_60-260_int_155_off_0_percentage_8_position_141-155 genomicbackground,958,6,958_6
query_959,0,genomicbackground,0,genomicbackground,0.013446624390780926,959_6_RF00168_6_NC_000913.3_4233124-4233721_ext_60-260_int_155_off_5_percentage_10_position_136-155 genomicbackground,959,6,959_6
query_960,0,genomicbackground,0,genomicbackground,0.014487163163721561,960_6_RF00168_6_NC_000913.3_4233124-4233721_ext_60-260_int_155_off_10_percentage_13_position_131-155 genomicbackground,960,6,960_6
query_961,0,genomicbackground,0,genomicbackground,0.011389055289328098,961_6_RF00168_6_NC_000913.3_4233124-4233721_ext_60-260_int_155_off_15_percentage_15_position_126-155 genomicbackground,961,6,961_6
query_962,0,genomicbackground,0,genomicbackground,0.0585402175784111,962_6_RF00168_6_NC_000913.3_4233124-4233721_ext_60-260_int_155_off_20_percentage_18_position_121-155 genomicbackground,962,6,962_6
query_963,0,genomicbackground,0,genomicbackground,0.028999987989664078,963_6_RF00168_6_NC_000913.3_4233124-4233721_ext_60-260_int_155_off_25_percentage_20_position_116-155 genomicbackground,963,6,963_6
query_964,0,genomicbackground,0,genomicbackground,0.0021665231324732304,964_6_RF00168_6_NC_000913.3_4233124-4233721_ext_60-260_int_155_off_30_percentage_23_position_111-155 genomicbackground,964,6,964_6
query_965,0,genomicbackground,0,genomicbackground,0.0814029723405838,965_6_RF00168_6_NC_000913.3_4233124-4233721_ext_60-260_int_155_off_35_percentage_25_position_106-155 genomicbackground,965,6,965_6
query_966,0,genomicbackground,0,genomicbackground,0.06013721227645874,966_6_RF00168_6_NC_000913.3_4233124-4233721_ext_60-260_int_155_off_40_percentage_28_position_101-155 genomicbackground,966,6,966_6
query_967,0,genomicbackground,1,riboswitch,0.5592519640922546,967_6_RF00168_6_NC_000913.3_4233124-4233721_ext_60-260_int_155_off_45_percentage_30_position_96-155 genomicbackground,967,6,967_6
query_968,0,genomicbackground,0,genomicbackground,0.015631789341568947,968_6_RF00168_6_NC_000913.3_4233124-4233721_ext_60-260_int_160_off_0_percentage_10_position_141-160 genomicbackground,968,6,968_6
query_969,0,genomicbackground,0,genomicbackground,0.013642183504998684,969_6_RF00168_6_NC_000913.3_4233124-4233721_ext_60-260_int_160_off_5_percentage_13_position_136-160 genomicbackground,969,6,969_6
query_970,0,genomicbackground,0,genomicbackground,0.014421087689697742,970_6_RF00168_6_NC_000913.3_4233124-4233721_ext_60-260_int_160_off_10_percentage_15_position_131-160 genomicbackground,970,6,970_6
query_971,0,genomicbackground,0,genomicbackground,0.012869928032159805,971_6_RF00168_6_NC_000913.3_4233124-4233721_ext_60-260_int_160_off_15_percentage_18_position_126-160 genomicbackground,971,6,971_6
query_972,0,genomicbackground,0,genomicbackground,0.07876203954219818,972_6_RF00168_6_NC_000913.3_4233124-4233721_ext_60-260_int_160_off_20_percentage_20_position_121-160 genomicbackground,972,6,972_6
query_973,0,genomicbackground,0,genomicbackground,0.027609212324023247,973_6_RF00168_6_NC_000913.3_4233124-4233721_ext_60-260_int_160_off_25_percentage_23_position_116-160 genomicbackground,973,6,973_6
query_974,0,genomicbackground,0,genomicbackground,0.0437280498445034,974_6_RF00168_6_NC_000913.3_4233124-4233721_ext_60-260_int_160_off_30_percentage_25_position_111-160 genomicbackground,974,6,974_6
query_975,0,genomicbackground,0,genomicbackground,0.09647062420845032,975_6_RF00168_6_NC_000913.3_4233124-4233721_ext_60-260_int_160_off_35_percentage_28_position_106-160 genomicbackground,975,6,975_6
query_976,0,genomicbackground,0,genomicbackground,0.11085787415504456,976_6_RF00168_6_NC_000913.3_4233124-4233721_ext_60-260_int_160_off_40_percentage_30_position_101-160 genomicbackground,976,6,976_6
query_977,0,genomicbackground,0,genomicbackground,0.015822742134332657,977_6_RF00168_6_NC_000913.3_4233124-4233721_ext_60-260_int_165_off_0_percentage_13_position_141-165 genomicbackground,977,6,977_6
query_978,0,genomicbackground,0,genomicbackground,0.013649730943143368,978_6_RF00168_6_NC_000913.3_4233124-4233721_ext_60-260_int_165_off_5_percentage_15_position_136-165 genomicbackground,978,6,978_6
query_979,0,genomicbackground,0,genomicbackground,0.021002067252993584,979_6_RF00168_6_NC_000913.3_4233124-4233721_ext_60-260_int_165_off_10_percentage_18_position_131-165 genomicbackground,979,6,979_6
query_980,0,genomicbackground,0,genomicbackground,0.032708555459976196,980_6_RF00168_6_NC_000913.3_4233124-4233721_ext_60-260_int_165_off_15_percentage_20_position_126-165 genomicbackground,980,6,980_6
query_981,0,genomicbackground,0,genomicbackground,0.08409666270017624,981_6_RF00168_6_NC_000913.3_4233124-4233721_ext_60-260_int_165_off_20_percentage_23_position_121-165 genomicbackground,981,6,981_6
query_982,0,genomicbackground,0,genomicbackground,0.029221542179584503,982_6_RF00168_6_NC_000913.3_4233124-4233721_ext_60-260_int_165_off_25_percentage_25_position_116-165 genomicbackground,982,6,982_6
query_983,0,genomicbackground,0,genomicbackground,0.002605134155601263,983_6_RF00168_6_NC_000913.3_4233124-4233721_ext_60-260_int_165_off_30_percentage_28_position_111-165 genomicbackground,983,6,983_6
query_984,0,genomicbackground,0,genomicbackground,0.18360665440559387,984_6_RF00168_6_NC_000913.3_4233124-4233721_ext_60-260_int_165_off_35_percentage_30_position_106-165 genomicbackground,984,6,984_6
query_985,0,genomicbackground,0,genomicbackground,0.004297723527997732,985_6_RF00168_6_NC_000913.3_4233124-4233721_ext_60-260_int_170_off_0_percentage_15_position_141-170 genomicbackground,985,6,985_6
query_986,0,genomicbackground,0,genomicbackground,0.021383989602327347,986_6_RF00168_6_NC_000913.3_4233124-4233721_ext_60-260_int_170_off_5_percentage_18_position_136-170 genomicbackground,986,6,986_6
query_987,0,genomicbackground,0,genomicbackground,0.024387046694755554,987_6_RF00168_6_NC_000913.3_4233124-4233721_ext_60-260_int_170_off_10_percentage_20_position_131-170 genomicbackground,987,6,987_6
query_988,0,genomicbackground,0,genomicbackground,0.0484207421541214,988_6_RF00168_6_NC_000913.3_4233124-4233721_ext_60-260_int_170_off_15_percentage_23_position_126-170 genomicbackground,988,6,988_6
query_989,0,genomicbackground,0,genomicbackground,0.16524389386177063,989_6_RF00168_6_NC_000913.3_4233124-4233721_ext_60-260_int_170_off_20_percentage_25_position_121-170 genomicbackground,989,6,989_6
query_990,0,genomicbackground,0,genomicbackground,0.013434331864118576,990_6_RF00168_6_NC_000913.3_4233124-4233721_ext_60-260_int_170_off_25_percentage_28_position_116-170 genomicbackground,990,6,990_6
query_991,0,genomicbackground,0,genomicbackground,0.0032056672498583794,991_6_RF00168_6_NC_000913.3_4233124-4233721_ext_60-260_int_170_off_30_percentage_30_position_111-170 genomicbackground,991,6,991_6
query_992,0,genomicbackground,0,genomicbackground,0.014116489328444004,992_6_RF00168_6_NC_000913.3_4233124-4233721_ext_60-260_int_175_off_0_percentage_18_position_141-175 genomicbackground,992,6,992_6
query_993,0,genomicbackground,0,genomicbackground,0.024597421288490295,993_6_RF00168_6_NC_000913.3_4233124-4233721_ext_60-260_int_175_off_5_percentage_20_position_136-175 genomicbackground,993,6,993_6
query_994,0,genomicbackground,0,genomicbackground,0.04514866694808006,994_6_RF00168_6_NC_000913.3_4233124-4233721_ext_60-260_int_175_off_10_percentage_23_position_131-175 genomicbackground,994,6,994_6
query_995,0,genomicbackground,0,genomicbackground,0.08231225609779358,995_6_RF00168_6_NC_000913.3_4233124-4233721_ext_60-260_int_175_off_15_percentage_25_position_126-175 genomicbackground,995,6,995_6
query_996,0,genomicbackground,0,genomicbackground,0.24728642404079437,996_6_RF00168_6_NC_000913.3_4233124-4233721_ext_60-260_int_175_off_20_percentage_28_position_121-175 genomicbackground,996,6,996_6
query_997,0,genomicbackground,0,genomicbackground,0.021275760605931282,997_6_RF00168_6_NC_000913.3_4233124-4233721_ext_60-260_int_175_off_25_percentage_30_position_116-175 genomicbackground,997,6,997_6
query_998,0,genomicbackground,0,genomicbackground,0.031015556305646896,998_6_RF00168_6_NC_000913.3_4233124-4233721_ext_60-260_int_180_off_0_percentage_20_position_141-180 genomicbackground,998,6,998_6
query_999,0,genomicbackground,0,genomicbackground,0.0465896911919117,999_6_RF00168_6_NC_000913.3_4233124-4233721_ext_60-260_int_180_off_5_percentage_23_position_136-180 genomicbackground,999,6,999_6
query_1000,0,genomicbackground,0,genomicbackground,0.04359922185540199,1000_6_RF00168_6_NC_000913.3_4233124-4233721_ext_60-260_int_180_off_10_percentage_25_position_131-180 genomicbackground,1000,6,1000_6
query_1001,0,genomicbackground,0,genomicbackground,0.022913508117198944,1001_6_RF00168_6_NC_000913.3_4233124-4233721_ext_60-260_int_180_off_15_percentage_28_position_126-180 genomicbackground,1001,6,1001_6
query_1002,0,genomicbackground,1,riboswitch,0.5263069868087769,1002_6_RF00168_6_NC_000913.3_4233124-4233721_ext_60-260_int_180_off_20_percentage_30_position_121-180 genomicbackground,1002,6,1002_6
query_1003,0,genomicbackground,0,genomicbackground,0.007539060898125172,1003_6_RF00168_6_NC_000913.3_4233124-4233721_ext_60-260_int_185_off_0_percentage_23_position_141-185 genomicbackground,1003,6,1003_6
query_1004,0,genomicbackground,0,genomicbackground,0.04406030848622322,1004_6_RF00168_6_NC_000913.3_4233124-4233721_ext_60-260_int_185_off_5_percentage_25_position_136-185 genomicbackground,1004,6,1004_6
query_1005,0,genomicbackground,0,genomicbackground,0.06956794857978821,1005_6_RF00168_6_NC_000913.3_4233124-4233721_ext_60-260_int_185_off_10_percentage_28_position_131-185 genomicbackground,1005,6,1005_6
query_1006,0,genomicbackground,0,genomicbackground,0.03588350862264633,1006_6_RF00168_6_NC_000913.3_4233124-4233721_ext_60-260_int_185_off_15_percentage_30_position_126-185 genomicbackground,1006,6,1006_6
query_1007,0,genomicbackground,0,genomicbackground,0.13542115688323975,1007_6_RF00168_6_NC_000913.3_4233124-4233721_ext_60-260_int_190_off_0_percentage_25_position_141-190 genomicbackground,1007,6,1007_6
query_1008,0,genomicbackground,0,genomicbackground,0.06362311542034149,1008_6_RF00168_6_NC_000913.3_4233124-4233721_ext_60-260_int_190_off_5_percentage_28_position_136-190 genomicbackground,1008,6,1008_6
query_1009,0,genomicbackground,0,genomicbackground,0.034516215324401855,1009_6_RF00168_6_NC_000913.3_4233124-4233721_ext_60-260_int_190_off_10_percentage_30_position_131-190 genomicbackground,1009,6,1009_6
query_1010,0,genomicbackground,0,genomicbackground,0.03078344464302063,1010_6_RF00168_6_NC_000913.3_4233124-4233721_ext_60-260_int_195_off_0_percentage_28_position_141-195 genomicbackground,1010,6,1010_6
query_1011,0,genomicbackground,0,genomicbackground,0.02912132814526558,1011_6_RF00168_6_NC_000913.3_4233124-4233721_ext_60-260_int_195_off_5_percentage_30_position_136-195 genomicbackground,1011,6,1011_6
query_1012,0,genomicbackground,0,genomicbackground,0.03738082945346832,1012_6_RF00168_6_NC_000913.3_4233124-4233721_ext_60-260_int_200_off_0_percentage_30_position_141-200 genomicbackground,1012,6,1012_6
query_1013,0,genomicbackground,1,riboswitch,0.8304628133773804,1013_6_RF00168_6_NC_000913.3_4233124-4233721_ext_80-280_int_95_off_0_percentage_0_position_0-0 genomicbackground,1013,6,1013_6
query_1014,0,genomicbackground,0,genomicbackground,0.19788122177124023,1014_6_RF00168_6_NC_000913.3_4233124-4233721_ext_80-280_int_95_off_5_percentage_0_position_0-0 genomicbackground,1014,6,1014_6
query_1015,0,genomicbackground,0,genomicbackground,0.09022863954305649,1015_6_RF00168_6_NC_000913.3_4233124-4233721_ext_80-280_int_95_off_10_percentage_0_position_0-0 genomicbackground,1015,6,1015_6
query_1016,0,genomicbackground,0,genomicbackground,0.07761082053184509,1016_6_RF00168_6_NC_000913.3_4233124-4233721_ext_80-280_int_95_off_15_percentage_0_position_0-0 genomicbackground,1016,6,1016_6
query_1017,0,genomicbackground,0,genomicbackground,0.01606617495417595,1017_6_RF00168_6_NC_000913.3_4233124-4233721_ext_80-280_int_95_off_20_percentage_0_position_0-0 genomicbackground,1017,6,1017_6
query_1018,0,genomicbackground,0,genomicbackground,0.036918677389621735,1018_6_RF00168_6_NC_000913.3_4233124-4233721_ext_80-280_int_95_off_25_percentage_0_position_0-0 genomicbackground,1018,6,1018_6
query_1019,0,genomicbackground,0,genomicbackground,0.04304646700620651,1019_6_RF00168_6_NC_000913.3_4233124-4233721_ext_80-280_int_95_off_30_percentage_3_position_91-95 genomicbackground,1019,6,1019_6
query_1020,0,genomicbackground,0,genomicbackground,0.05396620184183121,1020_6_RF00168_6_NC_000913.3_4233124-4233721_ext_80-280_int_95_off_35_percentage_5_position_86-95 genomicbackground,1020,6,1020_6
query_1021,0,genomicbackground,0,genomicbackground,0.1434609442949295,1021_6_RF00168_6_NC_000913.3_4233124-4233721_ext_80-280_int_95_off_40_percentage_8_position_81-95 genomicbackground,1021,6,1021_6
query_1022,0,genomicbackground,0,genomicbackground,0.011841823346912861,1022_6_RF00168_6_NC_000913.3_4233124-4233721_ext_80-280_int_95_off_45_percentage_10_position_76-95 genomicbackground,1022,6,1022_6
query_1023,0,genomicbackground,0,genomicbackground,0.014543025754392147,1023_6_RF00168_6_NC_000913.3_4233124-4233721_ext_80-280_int_95_off_50_percentage_13_position_71-95 genomicbackground,1023,6,1023_6
query_1024,0,genomicbackground,0,genomicbackground,0.020308716222643852,1024_6_RF00168_6_NC_000913.3_4233124-4233721_ext_80-280_int_95_off_55_percentage_15_position_66-95 genomicbackground,1024,6,1024_6
query_1025,0,genomicbackground,0,genomicbackground,0.008145513944327831,1025_6_RF00168_6_NC_000913.3_4233124-4233721_ext_80-280_int_95_off_60_percentage_18_position_61-95 genomicbackground,1025,6,1025_6
query_1026,0,genomicbackground,0,genomicbackground,0.023386387154459953,1026_6_RF00168_6_NC_000913.3_4233124-4233721_ext_80-280_int_95_off_65_percentage_20_position_56-95 genomicbackground,1026,6,1026_6
query_1027,0,genomicbackground,0,genomicbackground,0.1575087606906891,1027_6_RF00168_6_NC_000913.3_4233124-4233721_ext_80-280_int_95_off_70_percentage_23_position_51-95 genomicbackground,1027,6,1027_6
query_1028,0,genomicbackground,0,genomicbackground,0.21728305518627167,1028_6_RF00168_6_NC_000913.3_4233124-4233721_ext_80-280_int_95_off_75_percentage_25_position_46-95 genomicbackground,1028,6,1028_6
query_1029,0,genomicbackground,1,riboswitch,0.8896877765655518,1029_6_RF00168_6_NC_000913.3_4233124-4233721_ext_80-280_int_95_off_80_percentage_28_position_41-95 genomicbackground,1029,6,1029_6
query_1030,0,genomicbackground,1,riboswitch,0.6576889157295227,1030_6_RF00168_6_NC_000913.3_4233124-4233721_ext_80-280_int_95_off_85_percentage_30_position_36-95 genomicbackground,1030,6,1030_6
query_1031,0,genomicbackground,1,riboswitch,0.9172741770744324,1031_6_RF00168_6_NC_000913.3_4233124-4233721_ext_80-280_int_95_off_90_percentage_33_position_31-95 genomicbackground,1031,6,1031_6
query_1032,0,genomicbackground,1,riboswitch,0.9956448078155518,1032_6_RF00168_6_NC_000913.3_4233124-4233721_ext_80-280_int_95_off_95_percentage_36_position_26-95 genomicbackground,1032,6,1032_6
query_1033,0,genomicbackground,1,riboswitch,0.9984799027442932,1033_6_RF00168_6_NC_000913.3_4233124-4233721_ext_80-280_int_95_off_100_percentage_38_position_21-95 genomicbackground,1033,6,1033_6
query_1034,0,genomicbackground,1,riboswitch,0.9857930541038513,1034_6_RF00168_6_NC_000913.3_4233124-4233721_ext_80-280_int_95_off_105_percentage_41_position_16-95 genomicbackground,1034,6,1034_6
query_1035,0,genomicbackground,1,riboswitch,0.7622053027153015,1035_6_RF00168_6_NC_000913.3_4233124-4233721_ext_80-280_int_100_off_0_percentage_0_position_0-0 genomicbackground,1035,6,1035_6
query_1036,0,genomicbackground,0,genomicbackground,0.011585840955376625,1036_6_RF00168_6_NC_000913.3_4233124-4233721_ext_80-280_int_100_off_5_percentage_0_position_0-0 genomicbackground,1036,6,1036_6
query_1037,0,genomicbackground,0,genomicbackground,0.0790296345949173,1037_6_RF00168_6_NC_000913.3_4233124-4233721_ext_80-280_int_100_off_10_percentage_0_position_0-0 genomicbackground,1037,6,1037_6
query_1038,0,genomicbackground,0,genomicbackground,0.021470658481121063,1038_6_RF00168_6_NC_000913.3_4233124-4233721_ext_80-280_int_100_off_15_percentage_0_position_0-0 genomicbackground,1038,6,1038_6
query_1039,0,genomicbackground,0,genomicbackground,0.010945949703454971,1039_6_RF00168_6_NC_000913.3_4233124-4233721_ext_80-280_int_100_off_20_percentage_0_position_0-0 genomicbackground,1039,6,1039_6
query_1040,0,genomicbackground,0,genomicbackground,0.08592119812965393,1040_6_RF00168_6_NC_000913.3_4233124-4233721_ext_80-280_int_100_off_25_percentage_3_position_96-100 genomicbackground,1040,6,1040_6
query_1041,0,genomicbackground,0,genomicbackground,0.03442564606666565,1041_6_RF00168_6_NC_000913.3_4233124-4233721_ext_80-280_int_100_off_30_percentage_5_position_91-100 genomicbackground,1041,6,1041_6
query_1042,0,genomicbackground,0,genomicbackground,0.11691011488437653,1042_6_RF00168_6_NC_000913.3_4233124-4233721_ext_80-280_int_100_off_35_percentage_8_position_86-100 genomicbackground,1042,6,1042_6
query_1043,0,genomicbackground,0,genomicbackground,0.09945981949567795,1043_6_RF00168_6_NC_000913.3_4233124-4233721_ext_80-280_int_100_off_40_percentage_10_position_81-100 genomicbackground,1043,6,1043_6
query_1044,0,genomicbackground,0,genomicbackground,0.0113077936694026,1044_6_RF00168_6_NC_000913.3_4233124-4233721_ext_80-280_int_100_off_45_percentage_13_position_76-100 genomicbackground,1044,6,1044_6
query_1045,0,genomicbackground,0,genomicbackground,0.014886504970490932,1045_6_RF00168_6_NC_000913.3_4233124-4233721_ext_80-280_int_100_off_50_percentage_15_position_71-100 genomicbackground,1045,6,1045_6
query_1046,0,genomicbackground,0,genomicbackground,0.012290125712752342,1046_6_RF00168_6_NC_000913.3_4233124-4233721_ext_80-280_int_100_off_55_percentage_18_position_66-100 genomicbackground,1046,6,1046_6
query_1047,0,genomicbackground,0,genomicbackground,0.005774106364697218,1047_6_RF00168_6_NC_000913.3_4233124-4233721_ext_80-280_int_100_off_60_percentage_20_position_61-100 genomicbackground,1047,6,1047_6
query_1048,0,genomicbackground,0,genomicbackground,0.3801629841327667,1048_6_RF00168_6_NC_000913.3_4233124-4233721_ext_80-280_int_100_off_65_percentage_23_position_56-100 genomicbackground,1048,6,1048_6
query_1049,0,genomicbackground,0,genomicbackground,0.15715698897838593,1049_6_RF00168_6_NC_000913.3_4233124-4233721_ext_80-280_int_100_off_70_percentage_25_position_51-100 genomicbackground,1049,6,1049_6
query_1050,0,genomicbackground,0,genomicbackground,0.2824578583240509,1050_6_RF00168_6_NC_000913.3_4233124-4233721_ext_80-280_int_100_off_75_percentage_28_position_46-100 genomicbackground,1050,6,1050_6
query_1051,0,genomicbackground,1,riboswitch,0.9829661846160889,1051_6_RF00168_6_NC_000913.3_4233124-4233721_ext_80-280_int_100_off_80_percentage_30_position_41-100 genomicbackground,1051,6,1051_6
query_1052,0,genomicbackground,1,riboswitch,0.8828904628753662,1052_6_RF00168_6_NC_000913.3_4233124-4233721_ext_80-280_int_100_off_85_percentage_33_position_36-100 genomicbackground,1052,6,1052_6
query_1053,0,genomicbackground,1,riboswitch,0.9760028719902039,1053_6_RF00168_6_NC_000913.3_4233124-4233721_ext_80-280_int_100_off_90_percentage_36_position_31-100 genomicbackground,1053,6,1053_6
query_1054,0,genomicbackground,1,riboswitch,0.9992616772651672,1054_6_RF00168_6_NC_000913.3_4233124-4233721_ext_80-280_int_100_off_95_percentage_38_position_26-100 genomicbackground,1054,6,1054_6
query_1055,0,genomicbackground,1,riboswitch,0.975774884223938,1055_6_RF00168_6_NC_000913.3_4233124-4233721_ext_80-280_int_100_off_100_percentage_41_position_21-100 genomicbackground,1055,6,1055_6
query_1056,0,genomicbackground,0,genomicbackground,0.3543669581413269,1056_6_RF00168_6_NC_000913.3_4233124-4233721_ext_80-280_int_105_off_0_percentage_0_position_0-0 genomicbackground,1056,6,1056_6
query_1057,0,genomicbackground,0,genomicbackground,0.011116663925349712,1057_6_RF00168_6_NC_000913.3_4233124-4233721_ext_80-280_int_105_off_5_percentage_0_position_0-0 genomicbackground,1057,6,1057_6
query_1058,0,genomicbackground,0,genomicbackground,0.0016544125974178314,1058_6_RF00168_6_NC_000913.3_4233124-4233721_ext_80-280_int_105_off_10_percentage_0_position_0-0 genomicbackground,1058,6,1058_6
query_1059,0,genomicbackground,0,genomicbackground,0.011502549052238464,1059_6_RF00168_6_NC_000913.3_4233124-4233721_ext_80-280_int_105_off_15_percentage_0_position_0-0 genomicbackground,1059,6,1059_6
query_1060,0,genomicbackground,0,genomicbackground,0.03394439071416855,1060_6_RF00168_6_NC_000913.3_4233124-4233721_ext_80-280_int_105_off_20_percentage_3_position_101-105 genomicbackground,1060,6,1060_6
query_1061,0,genomicbackground,0,genomicbackground,0.06107693910598755,1061_6_RF00168_6_NC_000913.3_4233124-4233721_ext_80-280_int_105_off_25_percentage_5_position_96-105 genomicbackground,1061,6,1061_6
query_1062,0,genomicbackground,0,genomicbackground,0.4522843658924103,1062_6_RF00168_6_NC_000913.3_4233124-4233721_ext_80-280_int_105_off_30_percentage_8_position_91-105 genomicbackground,1062,6,1062_6
query_1063,0,genomicbackground,0,genomicbackground,0.11719205975532532,1063_6_RF00168_6_NC_000913.3_4233124-4233721_ext_80-280_int_105_off_35_percentage_10_position_86-105 genomicbackground,1063,6,1063_6
query_1064,0,genomicbackground,0,genomicbackground,0.06430906057357788,1064_6_RF00168_6_NC_000913.3_4233124-4233721_ext_80-280_int_105_off_40_percentage_13_position_81-105 genomicbackground,1064,6,1064_6
query_1065,0,genomicbackground,0,genomicbackground,0.011485323309898376,1065_6_RF00168_6_NC_000913.3_4233124-4233721_ext_80-280_int_105_off_45_percentage_15_position_76-105 genomicbackground,1065,6,1065_6
query_1066,0,genomicbackground,0,genomicbackground,0.011815866455435753,1066_6_RF00168_6_NC_000913.3_4233124-4233721_ext_80-280_int_105_off_50_percentage_18_position_71-105 genomicbackground,1066,6,1066_6
query_1067,0,genomicbackground,0,genomicbackground,0.018657656386494637,1067_6_RF00168_6_NC_000913.3_4233124-4233721_ext_80-280_int_105_off_55_percentage_20_position_66-105 genomicbackground,1067,6,1067_6
query_1068,0,genomicbackground,0,genomicbackground,0.12597258388996124,1068_6_RF00168_6_NC_000913.3_4233124-4233721_ext_80-280_int_105_off_60_percentage_23_position_61-105 genomicbackground,1068,6,1068_6
query_1069,0,genomicbackground,0,genomicbackground,0.40264052152633667,1069_6_RF00168_6_NC_000913.3_4233124-4233721_ext_80-280_int_105_off_65_percentage_25_position_56-105 genomicbackground,1069,6,1069_6
query_1070,0,genomicbackground,0,genomicbackground,0.2183017134666443,1070_6_RF00168_6_NC_000913.3_4233124-4233721_ext_80-280_int_105_off_70_percentage_28_position_51-105 genomicbackground,1070,6,1070_6
query_1071,0,genomicbackground,1,riboswitch,0.763442873954773,1071_6_RF00168_6_NC_000913.3_4233124-4233721_ext_80-280_int_105_off_75_percentage_30_position_46-105 genomicbackground,1071,6,1071_6
query_1072,0,genomicbackground,1,riboswitch,0.951699435710907,1072_6_RF00168_6_NC_000913.3_4233124-4233721_ext_80-280_int_105_off_80_percentage_33_position_41-105 genomicbackground,1072,6,1072_6
query_1073,0,genomicbackground,1,riboswitch,0.9923878908157349,1073_6_RF00168_6_NC_000913.3_4233124-4233721_ext_80-280_int_105_off_85_percentage_36_position_36-105 genomicbackground,1073,6,1073_6
query_1074,0,genomicbackground,1,riboswitch,0.9986520409584045,1074_6_RF00168_6_NC_000913.3_4233124-4233721_ext_80-280_int_105_off_90_percentage_38_position_31-105 genomicbackground,1074,6,1074_6
query_1075,0,genomicbackground,1,riboswitch,0.9731554985046387,1075_6_RF00168_6_NC_000913.3_4233124-4233721_ext_80-280_int_105_off_95_percentage_41_position_26-105 genomicbackground,1075,6,1075_6
query_1076,0,genomicbackground,0,genomicbackground,0.27917253971099854,1076_6_RF00168_6_NC_000913.3_4233124-4233721_ext_80-280_int_110_off_0_percentage_0_position_0-0 genomicbackground,1076,6,1076_6
query_1077,0,genomicbackground,0,genomicbackground,0.011819371022284031,1077_6_RF00168_6_NC_000913.3_4233124-4233721_ext_80-280_int_110_off_5_percentage_0_position_0-0 genomicbackground,1077,6,1077_6
query_1078,0,genomicbackground,0,genomicbackground,0.009957727044820786,1078_6_RF00168_6_NC_000913.3_4233124-4233721_ext_80-280_int_110_off_10_percentage_0_position_0-0 genomicbackground,1078,6,1078_6
query_1079,0,genomicbackground,0,genomicbackground,0.03670831024646759,1079_6_RF00168_6_NC_000913.3_4233124-4233721_ext_80-280_int_110_off_15_percentage_3_position_106-110 genomicbackground,1079,6,1079_6
query_1080,0,genomicbackground,0,genomicbackground,0.029255282133817673,1080_6_RF00168_6_NC_000913.3_4233124-4233721_ext_80-280_int_110_off_20_percentage_5_position_101-110 genomicbackground,1080,6,1080_6
query_1081,0,genomicbackground,1,riboswitch,0.6350011825561523,1081_6_RF00168_6_NC_000913.3_4233124-4233721_ext_80-280_int_110_off_25_percentage_8_position_96-110 genomicbackground,1081,6,1081_6
query_1082,0,genomicbackground,0,genomicbackground,0.2794249653816223,1082_6_RF00168_6_NC_000913.3_4233124-4233721_ext_80-280_int_110_off_30_percentage_10_position_91-110 genomicbackground,1082,6,1082_6
query_1083,0,genomicbackground,0,genomicbackground,0.0027195806615054607,1083_6_RF00168_6_NC_000913.3_4233124-4233721_ext_80-280_int_110_off_35_percentage_13_position_86-110 genomicbackground,1083,6,1083_6
query_1084,0,genomicbackground,0,genomicbackground,0.05638964846730232,1084_6_RF00168_6_NC_000913.3_4233124-4233721_ext_80-280_int_110_off_40_percentage_15_position_81-110 genomicbackground,1084,6,1084_6
query_1085,0,genomicbackground,0,genomicbackground,0.010516166687011719,1085_6_RF00168_6_NC_000913.3_4233124-4233721_ext_80-280_int_110_off_45_percentage_18_position_76-110 genomicbackground,1085,6,1085_6
query_1086,0,genomicbackground,0,genomicbackground,0.015760311856865883,1086_6_RF00168_6_NC_000913.3_4233124-4233721_ext_80-280_int_110_off_50_percentage_20_position_71-110 genomicbackground,1086,6,1086_6
query_1087,0,genomicbackground,0,genomicbackground,0.04541974514722824,1087_6_RF00168_6_NC_000913.3_4233124-4233721_ext_80-280_int_110_off_55_percentage_23_position_66-110 genomicbackground,1087,6,1087_6
query_1088,0,genomicbackground,0,genomicbackground,0.10897231101989746,1088_6_RF00168_6_NC_000913.3_4233124-4233721_ext_80-280_int_110_off_60_percentage_25_position_61-110 genomicbackground,1088,6,1088_6
query_1089,0,genomicbackground,0,genomicbackground,0.40899738669395447,1089_6_RF00168_6_NC_000913.3_4233124-4233721_ext_80-280_int_110_off_65_percentage_28_position_56-110 genomicbackground,1089,6,1089_6
query_1090,0,genomicbackground,1,riboswitch,0.6281027793884277,1090_6_RF00168_6_NC_000913.3_4233124-4233721_ext_80-280_int_110_off_70_percentage_30_position_51-110 genomicbackground,1090,6,1090_6
query_1091,0,genomicbackground,1,riboswitch,0.656749963760376,1091_6_RF00168_6_NC_000913.3_4233124-4233721_ext_80-280_int_110_off_75_percentage_33_position_46-110 genomicbackground,1091,6,1091_6
query_1092,0,genomicbackground,1,riboswitch,0.9764431118965149,1092_6_RF00168_6_NC_000913.3_4233124-4233721_ext_80-280_int_110_off_80_percentage_36_position_41-110 genomicbackground,1092,6,1092_6
query_1093,0,genomicbackground,1,riboswitch,0.9977996945381165,1093_6_RF00168_6_NC_000913.3_4233124-4233721_ext_80-280_int_110_off_85_percentage_38_position_36-110 genomicbackground,1093,6,1093_6
query_1094,0,genomicbackground,1,riboswitch,0.935231626033783,1094_6_RF00168_6_NC_000913.3_4233124-4233721_ext_80-280_int_110_off_90_percentage_41_position_31-110 genomicbackground,1094,6,1094_6
query_1095,0,genomicbackground,0,genomicbackground,0.3082011044025421,1095_6_RF00168_6_NC_000913.3_4233124-4233721_ext_80-280_int_115_off_0_percentage_0_position_0-0 genomicbackground,1095,6,1095_6
query_1096,0,genomicbackground,0,genomicbackground,0.011616243049502373,1096_6_RF00168_6_NC_000913.3_4233124-4233721_ext_80-280_int_115_off_5_percentage_0_position_0-0 genomicbackground,1096,6,1096_6
query_1097,0,genomicbackground,0,genomicbackground,0.03881131485104561,1097_6_RF00168_6_NC_000913.3_4233124-4233721_ext_80-280_int_115_off_10_percentage_3_position_111-115 genomicbackground,1097,6,1097_6
query_1098,0,genomicbackground,0,genomicbackground,0.03695078194141388,1098_6_RF00168_6_NC_000913.3_4233124-4233721_ext_80-280_int_115_off_15_percentage_5_position_106-115 genomicbackground,1098,6,1098_6
query_1099,0,genomicbackground,0,genomicbackground,0.046146467328071594,1099_6_RF00168_6_NC_000913.3_4233124-4233721_ext_80-280_int_115_off_20_percentage_8_position_101-115 genomicbackground,1099,6,1099_6
query_1100,0,genomicbackground,0,genomicbackground,0.34770336747169495,1100_6_RF00168_6_NC_000913.3_4233124-4233721_ext_80-280_int_115_off_25_percentage_10_position_96-115 genomicbackground,1100,6,1100_6
query_1101,0,genomicbackground,0,genomicbackground,0.004885104019194841,1101_6_RF00168_6_NC_000913.3_4233124-4233721_ext_80-280_int_115_off_30_percentage_13_position_91-115 genomicbackground,1101,6,1101_6
query_1102,0,genomicbackground,0,genomicbackground,0.0031355079263448715,1102_6_RF00168_6_NC_000913.3_4233124-4233721_ext_80-280_int_115_off_35_percentage_15_position_86-115 genomicbackground,1102,6,1102_6
query_1103,0,genomicbackground,0,genomicbackground,0.01759590394794941,1103_6_RF00168_6_NC_000913.3_4233124-4233721_ext_80-280_int_115_off_40_percentage_18_position_81-115 genomicbackground,1103,6,1103_6
query_1104,0,genomicbackground,0,genomicbackground,0.013211958110332489,1104_6_RF00168_6_NC_000913.3_4233124-4233721_ext_80-280_int_115_off_45_percentage_20_position_76-115 genomicbackground,1104,6,1104_6
query_1105,0,genomicbackground,0,genomicbackground,0.032025955617427826,1105_6_RF00168_6_NC_000913.3_4233124-4233721_ext_80-280_int_115_off_50_percentage_23_position_71-115 genomicbackground,1105,6,1105_6
query_1106,0,genomicbackground,0,genomicbackground,0.04185071215033531,1106_6_RF00168_6_NC_000913.3_4233124-4233721_ext_80-280_int_115_off_55_percentage_25_position_66-115 genomicbackground,1106,6,1106_6
query_1107,0,genomicbackground,0,genomicbackground,0.40757322311401367,1107_6_RF00168_6_NC_000913.3_4233124-4233721_ext_80-280_int_115_off_60_percentage_28_position_61-115 genomicbackground,1107,6,1107_6
query_1108,0,genomicbackground,1,riboswitch,0.8149318695068359,1108_6_RF00168_6_NC_000913.3_4233124-4233721_ext_80-280_int_115_off_65_percentage_30_position_56-115 genomicbackground,1108,6,1108_6
query_1109,0,genomicbackground,1,riboswitch,0.7524731159210205,1109_6_RF00168_6_NC_000913.3_4233124-4233721_ext_80-280_int_115_off_70_percentage_33_position_51-115 genomicbackground,1109,6,1109_6
query_1110,0,genomicbackground,1,riboswitch,0.8460599780082703,1110_6_RF00168_6_NC_000913.3_4233124-4233721_ext_80-280_int_115_off_75_percentage_36_position_46-115 genomicbackground,1110,6,1110_6
query_1111,0,genomicbackground,1,riboswitch,0.9986793398857117,1111_6_RF00168_6_NC_000913.3_4233124-4233721_ext_80-280_int_115_off_80_percentage_38_position_41-115 genomicbackground,1111,6,1111_6
query_1112,0,genomicbackground,1,riboswitch,0.9973323345184326,1112_6_RF00168_6_NC_000913.3_4233124-4233721_ext_80-280_int_115_off_85_percentage_41_position_36-115 genomicbackground,1112,6,1112_6
query_1113,0,genomicbackground,0,genomicbackground,0.17496444284915924,1113_6_RF00168_6_NC_000913.3_4233124-4233721_ext_80-280_int_120_off_0_percentage_0_position_0-0 genomicbackground,1113,6,1113_6
query_1114,0,genomicbackground,0,genomicbackground,0.010751652531325817,1114_6_RF00168_6_NC_000913.3_4233124-4233721_ext_80-280_int_120_off_5_percentage_3_position_116-120 genomicbackground,1114,6,1114_6
query_1115,0,genomicbackground,0,genomicbackground,0.03319135308265686,1115_6_RF00168_6_NC_000913.3_4233124-4233721_ext_80-280_int_120_off_10_percentage_5_position_111-120 genomicbackground,1115,6,1115_6
query_1116,0,genomicbackground,0,genomicbackground,0.009614512324333191,1116_6_RF00168_6_NC_000913.3_4233124-4233721_ext_80-280_int_120_off_15_percentage_8_position_106-120 genomicbackground,1116,6,1116_6
query_1117,0,genomicbackground,0,genomicbackground,0.08526773750782013,1117_6_RF00168_6_NC_000913.3_4233124-4233721_ext_80-280_int_120_off_20_percentage_10_position_101-120 genomicbackground,1117,6,1117_6
query_1118,0,genomicbackground,0,genomicbackground,0.14140668511390686,1118_6_RF00168_6_NC_000913.3_4233124-4233721_ext_80-280_int_120_off_25_percentage_13_position_96-120 genomicbackground,1118,6,1118_6
query_1119,0,genomicbackground,0,genomicbackground,0.00636541610583663,1119_6_RF00168_6_NC_000913.3_4233124-4233721_ext_80-280_int_120_off_30_percentage_15_position_91-120 genomicbackground,1119,6,1119_6
query_1120,0,genomicbackground,0,genomicbackground,0.03278978914022446,1120_6_RF00168_6_NC_000913.3_4233124-4233721_ext_80-280_int_120_off_35_percentage_18_position_86-120 genomicbackground,1120,6,1120_6
query_1121,0,genomicbackground,0,genomicbackground,0.021023033186793327,1121_6_RF00168_6_NC_000913.3_4233124-4233721_ext_80-280_int_120_off_40_percentage_20_position_81-120 genomicbackground,1121,6,1121_6
query_1122,0,genomicbackground,0,genomicbackground,0.018725786358118057,1122_6_RF00168_6_NC_000913.3_4233124-4233721_ext_80-280_int_120_off_45_percentage_23_position_76-120 genomicbackground,1122,6,1122_6
query_1123,0,genomicbackground,0,genomicbackground,0.027248632162809372,1123_6_RF00168_6_NC_000913.3_4233124-4233721_ext_80-280_int_120_off_50_percentage_25_position_71-120 genomicbackground,1123,6,1123_6
query_1124,0,genomicbackground,0,genomicbackground,0.2833767533302307,1124_6_RF00168_6_NC_000913.3_4233124-4233721_ext_80-280_int_120_off_55_percentage_28_position_66-120 genomicbackground,1124,6,1124_6
query_1125,0,genomicbackground,0,genomicbackground,0.4466570317745209,1125_6_RF00168_6_NC_000913.3_4233124-4233721_ext_80-280_int_120_off_60_percentage_30_position_61-120 genomicbackground,1125,6,1125_6
query_1126,0,genomicbackground,1,riboswitch,0.904448926448822,1126_6_RF00168_6_NC_000913.3_4233124-4233721_ext_80-280_int_120_off_65_percentage_33_position_56-120 genomicbackground,1126,6,1126_6
query_1127,0,genomicbackground,1,riboswitch,0.7590986490249634,1127_6_RF00168_6_NC_000913.3_4233124-4233721_ext_80-280_int_120_off_70_percentage_36_position_51-120 genomicbackground,1127,6,1127_6
query_1128,0,genomicbackground,1,riboswitch,0.996807873249054,1128_6_RF00168_6_NC_000913.3_4233124-4233721_ext_80-280_int_120_off_75_percentage_38_position_46-120 genomicbackground,1128,6,1128_6
query_1129,0,genomicbackground,1,riboswitch,0.9981139898300171,1129_6_RF00168_6_NC_000913.3_4233124-4233721_ext_80-280_int_120_off_80_percentage_41_position_41-120 genomicbackground,1129,6,1129_6
query_1130,0,genomicbackground,0,genomicbackground,0.0847446471452713,1130_6_RF00168_6_NC_000913.3_4233124-4233721_ext_80-280_int_125_off_0_percentage_3_position_121-125 genomicbackground,1130,6,1130_6
query_1131,0,genomicbackground,0,genomicbackground,0.011750251986086369,1131_6_RF00168_6_NC_000913.3_4233124-4233721_ext_80-280_int_125_off_5_percentage_5_position_116-125 genomicbackground,1131,6,1131_6
query_1132,0,genomicbackground,0,genomicbackground,0.006588130258023739,1132_6_RF00168_6_NC_000913.3_4233124-4233721_ext_80-280_int_125_off_10_percentage_8_position_111-125 genomicbackground,1132,6,1132_6
query_1133,0,genomicbackground,0,genomicbackground,0.10605807602405548,1133_6_RF00168_6_NC_000913.3_4233124-4233721_ext_80-280_int_125_off_15_percentage_10_position_106-125 genomicbackground,1133,6,1133_6
query_1134,0,genomicbackground,0,genomicbackground,0.05182245001196861,1134_6_RF00168_6_NC_000913.3_4233124-4233721_ext_80-280_int_125_off_20_percentage_13_position_101-125 genomicbackground,1134,6,1134_6
query_1135,0,genomicbackground,0,genomicbackground,0.11046960949897766,1135_6_RF00168_6_NC_000913.3_4233124-4233721_ext_80-280_int_125_off_25_percentage_15_position_96-125 genomicbackground,1135,6,1135_6
query_1136,0,genomicbackground,0,genomicbackground,0.03366519883275032,1136_6_RF00168_6_NC_000913.3_4233124-4233721_ext_80-280_int_125_off_30_percentage_18_position_91-125 genomicbackground,1136,6,1136_6
query_1137,0,genomicbackground,0,genomicbackground,0.04865206405520439,1137_6_RF00168_6_NC_000913.3_4233124-4233721_ext_80-280_int_125_off_35_percentage_20_position_86-125 genomicbackground,1137,6,1137_6
query_1138,0,genomicbackground,0,genomicbackground,0.10031293332576752,1138_6_RF00168_6_NC_000913.3_4233124-4233721_ext_80-280_int_125_off_40_percentage_23_position_81-125 genomicbackground,1138,6,1138_6
query_1139,0,genomicbackground,0,genomicbackground,0.017045656219124794,1139_6_RF00168_6_NC_000913.3_4233124-4233721_ext_80-280_int_125_off_45_percentage_25_position_76-125 genomicbackground,1139,6,1139_6
query_1140,0,genomicbackground,0,genomicbackground,0.021132368594408035,1140_6_RF00168_6_NC_000913.3_4233124-4233721_ext_80-280_int_125_off_50_percentage_28_position_71-125 genomicbackground,1140,6,1140_6
query_1141,0,genomicbackground,1,riboswitch,0.5971136093139648,1141_6_RF00168_6_NC_000913.3_4233124-4233721_ext_80-280_int_125_off_55_percentage_30_position_66-125 genomicbackground,1141,6,1141_6
query_1142,0,genomicbackground,1,riboswitch,0.7981992363929749,1142_6_RF00168_6_NC_000913.3_4233124-4233721_ext_80-280_int_125_off_60_percentage_33_position_61-125 genomicbackground,1142,6,1142_6
query_1143,0,genomicbackground,1,riboswitch,0.8704086542129517,1143_6_RF00168_6_NC_000913.3_4233124-4233721_ext_80-280_int_125_off_65_percentage_36_position_56-125 genomicbackground,1143,6,1143_6
query_1144,0,genomicbackground,1,riboswitch,0.9667885899543762,1144_6_RF00168_6_NC_000913.3_4233124-4233721_ext_80-280_int_125_off_70_percentage_38_position_51-125 genomicbackground,1144,6,1144_6
query_1145,0,genomicbackground,1,riboswitch,0.9944019913673401,1145_6_RF00168_6_NC_000913.3_4233124-4233721_ext_80-280_int_125_off_75_percentage_41_position_46-125 genomicbackground,1145,6,1145_6
query_1146,0,genomicbackground,0,genomicbackground,0.07063170522451401,1146_6_RF00168_6_NC_000913.3_4233124-4233721_ext_80-280_int_130_off_0_percentage_5_position_121-130 genomicbackground,1146,6,1146_6
query_1147,0,genomicbackground,0,genomicbackground,0.015539433807134628,1147_6_RF00168_6_NC_000913.3_4233124-4233721_ext_80-280_int_130_off_5_percentage_8_position_116-130 genomicbackground,1147,6,1147_6
query_1148,0,genomicbackground,0,genomicbackground,0.12469582259654999,1148_6_RF00168_6_NC_000913.3_4233124-4233721_ext_80-280_int_130_off_10_percentage_10_position_111-130 genomicbackground,1148,6,1148_6
query_1149,0,genomicbackground,0,genomicbackground,0.06190728768706322,1149_6_RF00168_6_NC_000913.3_4233124-4233721_ext_80-280_int_130_off_15_percentage_13_position_106-130 genomicbackground,1149,6,1149_6
query_1150,0,genomicbackground,0,genomicbackground,0.060580383986234665,1150_6_RF00168_6_NC_000913.3_4233124-4233721_ext_80-280_int_130_off_20_percentage_15_position_101-130 genomicbackground,1150,6,1150_6
query_1151,0,genomicbackground,0,genomicbackground,0.04522639885544777,1151_6_RF00168_6_NC_000913.3_4233124-4233721_ext_80-280_int_130_off_25_percentage_18_position_96-130 genomicbackground,1151,6,1151_6
query_1152,0,genomicbackground,0,genomicbackground,0.04501444101333618,1152_6_RF00168_6_NC_000913.3_4233124-4233721_ext_80-280_int_130_off_30_percentage_20_position_91-130 genomicbackground,1152,6,1152_6
query_1153,0,genomicbackground,0,genomicbackground,0.06973284482955933,1153_6_RF00168_6_NC_000913.3_4233124-4233721_ext_80-280_int_130_off_35_percentage_23_position_86-130 genomicbackground,1153,6,1153_6
query_1154,0,genomicbackground,0,genomicbackground,0.07500062137842178,1154_6_RF00168_6_NC_000913.3_4233124-4233721_ext_80-280_int_130_off_40_percentage_25_position_81-130 genomicbackground,1154,6,1154_6
query_1155,0,genomicbackground,0,genomicbackground,0.014465998858213425,1155_6_RF00168_6_NC_000913.3_4233124-4233721_ext_80-280_int_130_off_45_percentage_28_position_76-130 genomicbackground,1155,6,1155_6
query_1156,0,genomicbackground,0,genomicbackground,0.020583951845765114,1156_6_RF00168_6_NC_000913.3_4233124-4233721_ext_80-280_int_130_off_50_percentage_30_position_71-130 genomicbackground,1156,6,1156_6
query_1157,0,genomicbackground,0,genomicbackground,0.1940213292837143,1157_6_RF00168_6_NC_000913.3_4233124-4233721_ext_80-280_int_130_off_55_percentage_33_position_66-130 genomicbackground,1157,6,1157_6
query_1158,0,genomicbackground,1,riboswitch,0.7373941540718079,1158_6_RF00168_6_NC_000913.3_4233124-4233721_ext_80-280_int_130_off_60_percentage_36_position_61-130 genomicbackground,1158,6,1158_6
query_1159,0,genomicbackground,1,riboswitch,0.9802725911140442,1159_6_RF00168_6_NC_000913.3_4233124-4233721_ext_80-280_int_130_off_65_percentage_38_position_56-130 genomicbackground,1159,6,1159_6
query_1160,0,genomicbackground,1,riboswitch,0.931923508644104,1160_6_RF00168_6_NC_000913.3_4233124-4233721_ext_80-280_int_130_off_70_percentage_41_position_51-130 genomicbackground,1160,6,1160_6
query_1161,0,genomicbackground,0,genomicbackground,0.13462233543395996,1161_6_RF00168_6_NC_000913.3_4233124-4233721_ext_80-280_int_135_off_0_percentage_8_position_121-135 genomicbackground,1161,6,1161_6
query_1162,0,genomicbackground,0,genomicbackground,0.06458169221878052,1162_6_RF00168_6_NC_000913.3_4233124-4233721_ext_80-280_int_135_off_5_percentage_10_position_116-135 genomicbackground,1162,6,1162_6
query_1163,0,genomicbackground,0,genomicbackground,0.0725235715508461,1163_6_RF00168_6_NC_000913.3_4233124-4233721_ext_80-280_int_135_off_10_percentage_13_position_111-135 genomicbackground,1163,6,1163_6
query_1164,0,genomicbackground,0,genomicbackground,0.06912820041179657,1164_6_RF00168_6_NC_000913.3_4233124-4233721_ext_80-280_int_135_off_15_percentage_15_position_106-135 genomicbackground,1164,6,1164_6
query_1165,0,genomicbackground,0,genomicbackground,0.03431318700313568,1165_6_RF00168_6_NC_000913.3_4233124-4233721_ext_80-280_int_135_off_20_percentage_18_position_101-135 genomicbackground,1165,6,1165_6
query_1166,0,genomicbackground,0,genomicbackground,0.07349734008312225,1166_6_RF00168_6_NC_000913.3_4233124-4233721_ext_80-280_int_135_off_25_percentage_20_position_96-135 genomicbackground,1166,6,1166_6
query_1167,0,genomicbackground,0,genomicbackground,0.09613785892724991,1167_6_RF00168_6_NC_000913.3_4233124-4233721_ext_80-280_int_135_off_30_percentage_23_position_91-135 genomicbackground,1167,6,1167_6
query_1168,0,genomicbackground,0,genomicbackground,0.06249329447746277,1168_6_RF00168_6_NC_000913.3_4233124-4233721_ext_80-280_int_135_off_35_percentage_25_position_86-135 genomicbackground,1168,6,1168_6
query_1169,0,genomicbackground,0,genomicbackground,0.12103237956762314,1169_6_RF00168_6_NC_000913.3_4233124-4233721_ext_80-280_int_135_off_40_percentage_28_position_81-135 genomicbackground,1169,6,1169_6
query_1170,0,genomicbackground,0,genomicbackground,0.014976643025875092,1170_6_RF00168_6_NC_000913.3_4233124-4233721_ext_80-280_int_135_off_45_percentage_30_position_76-135 genomicbackground,1170,6,1170_6
query_1171,0,genomicbackground,0,genomicbackground,0.017657268792390823,1171_6_RF00168_6_NC_000913.3_4233124-4233721_ext_80-280_int_135_off_50_percentage_33_position_71-135 genomicbackground,1171,6,1171_6
query_1172,0,genomicbackground,1,riboswitch,0.9766619205474854,1172_6_RF00168_6_NC_000913.3_4233124-4233721_ext_80-280_int_135_off_55_percentage_36_position_66-135 genomicbackground,1172,6,1172_6
query_1173,0,genomicbackground,1,riboswitch,0.9621800780296326,1173_6_RF00168_6_NC_000913.3_4233124-4233721_ext_80-280_int_135_off_60_percentage_38_position_61-135 genomicbackground,1173,6,1173_6
query_1174,0,genomicbackground,1,riboswitch,0.9626335501670837,1174_6_RF00168_6_NC_000913.3_4233124-4233721_ext_80-280_int_135_off_65_percentage_41_position_56-135 genomicbackground,1174,6,1174_6
query_1175,0,genomicbackground,0,genomicbackground,0.26501262187957764,1175_6_RF00168_6_NC_000913.3_4233124-4233721_ext_80-280_int_140_off_0_percentage_10_position_121-140 genomicbackground,1175,6,1175_6
query_1176,0,genomicbackground,0,genomicbackground,0.04393419995903969,1176_6_RF00168_6_NC_000913.3_4233124-4233721_ext_80-280_int_140_off_5_percentage_13_position_116-140 genomicbackground,1176,6,1176_6
query_1177,0,genomicbackground,0,genomicbackground,0.07670237123966217,1177_6_RF00168_6_NC_000913.3_4233124-4233721_ext_80-280_int_140_off_10_percentage_15_position_111-140 genomicbackground,1177,6,1177_6
query_1178,0,genomicbackground,0,genomicbackground,0.03833578899502754,1178_6_RF00168_6_NC_000913.3_4233124-4233721_ext_80-280_int_140_off_15_percentage_18_position_106-140 genomicbackground,1178,6,1178_6
query_1179,0,genomicbackground,0,genomicbackground,0.04289389029145241,1179_6_RF00168_6_NC_000913.3_4233124-4233721_ext_80-280_int_140_off_20_percentage_20_position_101-140 genomicbackground,1179,6,1179_6
query_1180,0,genomicbackground,0,genomicbackground,0.0758240669965744,1180_6_RF00168_6_NC_000913.3_4233124-4233721_ext_80-280_int_140_off_25_percentage_23_position_96-140 genomicbackground,1180,6,1180_6
query_1181,0,genomicbackground,0,genomicbackground,0.09691883623600006,1181_6_RF00168_6_NC_000913.3_4233124-4233721_ext_80-280_int_140_off_30_percentage_25_position_91-140 genomicbackground,1181,6,1181_6
query_1182,0,genomicbackground,0,genomicbackground,0.49084872007369995,1182_6_RF00168_6_NC_000913.3_4233124-4233721_ext_80-280_int_140_off_35_percentage_28_position_86-140 genomicbackground,1182,6,1182_6
query_1183,0,genomicbackground,0,genomicbackground,0.24763792753219604,1183_6_RF00168_6_NC_000913.3_4233124-4233721_ext_80-280_int_140_off_40_percentage_30_position_81-140 genomicbackground,1183,6,1183_6
query_1184,0,genomicbackground,0,genomicbackground,0.014293061569333076,1184_6_RF00168_6_NC_000913.3_4233124-4233721_ext_80-280_int_140_off_45_percentage_33_position_76-140 genomicbackground,1184,6,1184_6
query_1185,0,genomicbackground,0,genomicbackground,0.24720121920108795,1185_6_RF00168_6_NC_000913.3_4233124-4233721_ext_80-280_int_140_off_50_percentage_36_position_71-140 genomicbackground,1185,6,1185_6
query_1186,0,genomicbackground,1,riboswitch,0.9302634596824646,1186_6_RF00168_6_NC_000913.3_4233124-4233721_ext_80-280_int_140_off_55_percentage_38_position_66-140 genomicbackground,1186,6,1186_6
query_1187,0,genomicbackground,1,riboswitch,0.9229145050048828,1187_6_RF00168_6_NC_000913.3_4233124-4233721_ext_80-280_int_140_off_60_percentage_41_position_61-140 genomicbackground,1187,6,1187_6
query_1188,0,genomicbackground,0,genomicbackground,0.15501908957958221,1188_6_RF00168_6_NC_000913.3_4233124-4233721_ext_80-280_int_145_off_0_percentage_13_position_121-145 genomicbackground,1188,6,1188_6
query_1189,0,genomicbackground,0,genomicbackground,0.016539212316274643,1189_6_RF00168_6_NC_000913.3_4233124-4233721_ext_80-280_int_145_off_5_percentage_15_position_116-145 genomicbackground,1189,6,1189_6
query_1190,0,genomicbackground,0,genomicbackground,0.03820611163973808,1190_6_RF00168_6_NC_000913.3_4233124-4233721_ext_80-280_int_145_off_10_percentage_18_position_111-145 genomicbackground,1190,6,1190_6
query_1191,0,genomicbackground,0,genomicbackground,0.04891316220164299,1191_6_RF00168_6_NC_000913.3_4233124-4233721_ext_80-280_int_145_off_15_percentage_20_position_106-145 genomicbackground,1191,6,1191_6
query_1192,0,genomicbackground,0,genomicbackground,0.038196440786123276,1192_6_RF00168_6_NC_000913.3_4233124-4233721_ext_80-280_int_145_off_20_percentage_23_position_101-145 genomicbackground,1192,6,1192_6
query_1193,0,genomicbackground,0,genomicbackground,0.03871745243668556,1193_6_RF00168_6_NC_000913.3_4233124-4233721_ext_80-280_int_145_off_25_percentage_25_position_96-145 genomicbackground,1193,6,1193_6
query_1194,0,genomicbackground,0,genomicbackground,0.08644410967826843,1194_6_RF00168_6_NC_000913.3_4233124-4233721_ext_80-280_int_145_off_30_percentage_28_position_91-145 genomicbackground,1194,6,1194_6
query_1195,0,genomicbackground,1,riboswitch,0.6663134694099426,1195_6_RF00168_6_NC_000913.3_4233124-4233721_ext_80-280_int_145_off_35_percentage_30_position_86-145 genomicbackground,1195,6,1195_6
query_1196,0,genomicbackground,0,genomicbackground,0.07434161752462387,1196_6_RF00168_6_NC_000913.3_4233124-4233721_ext_80-280_int_145_off_40_percentage_33_position_81-145 genomicbackground,1196,6,1196_6
query_1197,0,genomicbackground,0,genomicbackground,0.04424349218606949,1197_6_RF00168_6_NC_000913.3_4233124-4233721_ext_80-280_int_145_off_45_percentage_36_position_76-145 genomicbackground,1197,6,1197_6
query_1198,0,genomicbackground,1,riboswitch,0.8225123882293701,1198_6_RF00168_6_NC_000913.3_4233124-4233721_ext_80-280_int_145_off_50_percentage_38_position_71-145 genomicbackground,1198,6,1198_6
query_1199,0,genomicbackground,1,riboswitch,0.8346832990646362,1199_6_RF00168_6_NC_000913.3_4233124-4233721_ext_80-280_int_145_off_55_percentage_41_position_66-145 genomicbackground,1199,6,1199_6
query_1200,0,genomicbackground,0,genomicbackground,0.12788185477256775,1200_6_RF00168_6_NC_000913.3_4233124-4233721_ext_80-280_int_150_off_0_percentage_15_position_121-150 genomicbackground,1200,6,1200_6
query_1201,0,genomicbackground,0,genomicbackground,0.026583779603242874,1201_6_RF00168_6_NC_000913.3_4233124-4233721_ext_80-280_int_150_off_5_percentage_18_position_116-150 genomicbackground,1201,6,1201_6
query_1202,0,genomicbackground,0,genomicbackground,0.04717693477869034,1202_6_RF00168_6_NC_000913.3_4233124-4233721_ext_80-280_int_150_off_10_percentage_20_position_111-150 genomicbackground,1202,6,1202_6
query_1203,0,genomicbackground,0,genomicbackground,0.045793816447257996,1203_6_RF00168_6_NC_000913.3_4233124-4233721_ext_80-280_int_150_off_15_percentage_23_position_106-150 genomicbackground,1203,6,1203_6
query_1204,0,genomicbackground,0,genomicbackground,0.04363247752189636,1204_6_RF00168_6_NC_000913.3_4233124-4233721_ext_80-280_int_150_off_20_percentage_25_position_101-150 genomicbackground,1204,6,1204_6
query_1205,0,genomicbackground,0,genomicbackground,0.3390909433364868,1205_6_RF00168_6_NC_000913.3_4233124-4233721_ext_80-280_int_150_off_25_percentage_28_position_96-150 genomicbackground,1205,6,1205_6
query_1206,0,genomicbackground,0,genomicbackground,0.052153080701828,1206_6_RF00168_6_NC_000913.3_4233124-4233721_ext_80-280_int_150_off_30_percentage_30_position_91-150 genomicbackground,1206,6,1206_6
query_1207,0,genomicbackground,0,genomicbackground,0.08408014476299286,1207_6_RF00168_6_NC_000913.3_4233124-4233721_ext_80-280_int_150_off_35_percentage_33_position_86-150 genomicbackground,1207,6,1207_6
query_1208,0,genomicbackground,1,riboswitch,0.9207127094268799,1208_6_RF00168_6_NC_000913.3_4233124-4233721_ext_80-280_int_150_off_40_percentage_36_position_81-150 genomicbackground,1208,6,1208_6
query_1209,0,genomicbackground,0,genomicbackground,0.24787133932113647,1209_6_RF00168_6_NC_000913.3_4233124-4233721_ext_80-280_int_150_off_45_percentage_38_position_76-150 genomicbackground,1209,6,1209_6
query_1210,0,genomicbackground,1,riboswitch,0.5579184293746948,1210_6_RF00168_6_NC_000913.3_4233124-4233721_ext_80-280_int_150_off_50_percentage_41_position_71-150 genomicbackground,1210,6,1210_6
query_1211,0,genomicbackground,0,genomicbackground,0.0585402175784111,1211_6_RF00168_6_NC_000913.3_4233124-4233721_ext_80-280_int_155_off_0_percentage_18_position_121-155 genomicbackground,1211,6,1211_6
query_1212,0,genomicbackground,0,genomicbackground,0.028999987989664078,1212_6_RF00168_6_NC_000913.3_4233124-4233721_ext_80-280_int_155_off_5_percentage_20_position_116-155 genomicbackground,1212,6,1212_6
query_1213,0,genomicbackground,0,genomicbackground,0.0021665231324732304,1213_6_RF00168_6_NC_000913.3_4233124-4233721_ext_80-280_int_155_off_10_percentage_23_position_111-155 genomicbackground,1213,6,1213_6
query_1214,0,genomicbackground,0,genomicbackground,0.0814029723405838,1214_6_RF00168_6_NC_000913.3_4233124-4233721_ext_80-280_int_155_off_15_percentage_25_position_106-155 genomicbackground,1214,6,1214_6
query_1215,0,genomicbackground,0,genomicbackground,0.06013723835349083,1215_6_RF00168_6_NC_000913.3_4233124-4233721_ext_80-280_int_155_off_20_percentage_28_position_101-155 genomicbackground,1215,6,1215_6
query_1216,0,genomicbackground,1,riboswitch,0.559252142906189,1216_6_RF00168_6_NC_000913.3_4233124-4233721_ext_80-280_int_155_off_25_percentage_30_position_96-155 genomicbackground,1216,6,1216_6
query_1217,0,genomicbackground,1,riboswitch,0.7465736865997314,1217_6_RF00168_6_NC_000913.3_4233124-4233721_ext_80-280_int_155_off_30_percentage_33_position_91-155 genomicbackground,1217,6,1217_6
query_1218,0,genomicbackground,1,riboswitch,0.7916061878204346,1218_6_RF00168_6_NC_000913.3_4233124-4233721_ext_80-280_int_155_off_35_percentage_36_position_86-155 genomicbackground,1218,6,1218_6
query_1219,0,genomicbackground,1,riboswitch,0.7659311294555664,1219_6_RF00168_6_NC_000913.3_4233124-4233721_ext_80-280_int_155_off_40_percentage_38_position_81-155 genomicbackground,1219,6,1219_6
query_1220,0,genomicbackground,0,genomicbackground,0.0830271914601326,1220_6_RF00168_6_NC_000913.3_4233124-4233721_ext_80-280_int_155_off_45_percentage_41_position_76-155 genomicbackground,1220,6,1220_6
query_1221,0,genomicbackground,0,genomicbackground,0.07876203954219818,1221_6_RF00168_6_NC_000913.3_4233124-4233721_ext_80-280_int_160_off_0_percentage_20_position_121-160 genomicbackground,1221,6,1221_6
query_1222,0,genomicbackground,0,genomicbackground,0.027609212324023247,1222_6_RF00168_6_NC_000913.3_4233124-4233721_ext_80-280_int_160_off_5_percentage_23_position_116-160 genomicbackground,1222,6,1222_6
query_1223,0,genomicbackground,0,genomicbackground,0.0437280498445034,1223_6_RF00168_6_NC_000913.3_4233124-4233721_ext_80-280_int_160_off_10_percentage_25_position_111-160 genomicbackground,1223,6,1223_6
query_1224,0,genomicbackground,0,genomicbackground,0.09647062420845032,1224_6_RF00168_6_NC_000913.3_4233124-4233721_ext_80-280_int_160_off_15_percentage_28_position_106-160 genomicbackground,1224,6,1224_6
query_1225,0,genomicbackground,0,genomicbackground,0.11085787415504456,1225_6_RF00168_6_NC_000913.3_4233124-4233721_ext_80-280_int_160_off_20_percentage_30_position_101-160 genomicbackground,1225,6,1225_6
query_1226,0,genomicbackground,1,riboswitch,0.8863435387611389,1226_6_RF00168_6_NC_000913.3_4233124-4233721_ext_80-280_int_160_off_25_percentage_33_position_96-160 genomicbackground,1226,6,1226_6
query_1227,0,genomicbackground,1,riboswitch,0.8302770853042603,1227_6_RF00168_6_NC_000913.3_4233124-4233721_ext_80-280_int_160_off_30_percentage_36_position_91-160 genomicbackground,1227,6,1227_6
query_1228,0,genomicbackground,1,riboswitch,0.9199618101119995,1228_6_RF00168_6_NC_000913.3_4233124-4233721_ext_80-280_int_160_off_35_percentage_38_position_86-160 genomicbackground,1228,6,1228_6
query_1229,0,genomicbackground,1,riboswitch,0.5972989797592163,1229_6_RF00168_6_NC_000913.3_4233124-4233721_ext_80-280_int_160_off_40_percentage_41_position_81-160 genomicbackground,1229,6,1229_6
query_1230,0,genomicbackground,0,genomicbackground,0.08409666270017624,1230_6_RF00168_6_NC_000913.3_4233124-4233721_ext_80-280_int_165_off_0_percentage_23_position_121-165 genomicbackground,1230,6,1230_6
query_1231,0,genomicbackground,0,genomicbackground,0.029221542179584503,1231_6_RF00168_6_NC_000913.3_4233124-4233721_ext_80-280_int_165_off_5_percentage_25_position_116-165 genomicbackground,1231,6,1231_6
query_1232,0,genomicbackground,0,genomicbackground,0.002605134155601263,1232_6_RF00168_6_NC_000913.3_4233124-4233721_ext_80-280_int_165_off_10_percentage_28_position_111-165 genomicbackground,1232,6,1232_6
query_1233,0,genomicbackground,0,genomicbackground,0.18360665440559387,1233_6_RF00168_6_NC_000913.3_4233124-4233721_ext_80-280_int_165_off_15_percentage_30_position_106-165 genomicbackground,1233,6,1233_6
query_1234,0,genomicbackground,0,genomicbackground,0.47925084829330444,1234_6_RF00168_6_NC_000913.3_4233124-4233721_ext_80-280_int_165_off_20_percentage_33_position_101-165 genomicbackground,1234,6,1234_6
query_1235,0,genomicbackground,1,riboswitch,0.9670680165290833,1235_6_RF00168_6_NC_000913.3_4233124-4233721_ext_80-280_int_165_off_25_percentage_36_position_96-165 genomicbackground,1235,6,1235_6
query_1236,0,genomicbackground,1,riboswitch,0.9457947015762329,1236_6_RF00168_6_NC_000913.3_4233124-4233721_ext_80-280_int_165_off_30_percentage_38_position_91-165 genomicbackground,1236,6,1236_6
query_1237,0,genomicbackground,1,riboswitch,0.87177574634552,1237_6_RF00168_6_NC_000913.3_4233124-4233721_ext_80-280_int_165_off_35_percentage_41_position_86-165 genomicbackground,1237,6,1237_6
query_1238,0,genomicbackground,0,genomicbackground,0.16524389386177063,1238_6_RF00168_6_NC_000913.3_4233124-4233721_ext_80-280_int_170_off_0_percentage_25_position_121-170 genomicbackground,1238,6,1238_6
query_1239,0,genomicbackground,0,genomicbackground,0.013434331864118576,1239_6_RF00168_6_NC_000913.3_4233124-4233721_ext_80-280_int_170_off_5_percentage_28_position_116-170 genomicbackground,1239,6,1239_6
query_1240,0,genomicbackground,0,genomicbackground,0.0032056672498583794,1240_6_RF00168_6_NC_000913.3_4233124-4233721_ext_80-280_int_170_off_10_percentage_30_position_111-170 genomicbackground,1240,6,1240_6
query_1241,0,genomicbackground,1,riboswitch,0.6046516299247742,1241_6_RF00168_6_NC_000913.3_4233124-4233721_ext_80-280_int_170_off_15_percentage_33_position_106-170 genomicbackground,1241,6,1241_6
query_1242,0,genomicbackground,1,riboswitch,0.5708626508712769,1242_6_RF00168_6_NC_000913.3_4233124-4233721_ext_80-280_int_170_off_20_percentage_36_position_101-170 genomicbackground,1242,6,1242_6
query_1243,0,genomicbackground,1,riboswitch,0.9410154819488525,1243_6_RF00168_6_NC_000913.3_4233124-4233721_ext_80-280_int_170_off_25_percentage_38_position_96-170 genomicbackground,1243,6,1243_6
query_1244,0,genomicbackground,1,riboswitch,0.9045386910438538,1244_6_RF00168_6_NC_000913.3_4233124-4233721_ext_80-280_int_170_off_30_percentage_41_position_91-170 genomicbackground,1244,6,1244_6
query_1245,0,genomicbackground,0,genomicbackground,0.24728642404079437,1245_6_RF00168_6_NC_000913.3_4233124-4233721_ext_80-280_int_175_off_0_percentage_28_position_121-175 genomicbackground,1245,6,1245_6
query_1246,0,genomicbackground,0,genomicbackground,0.021275760605931282,1246_6_RF00168_6_NC_000913.3_4233124-4233721_ext_80-280_int_175_off_5_percentage_30_position_116-175 genomicbackground,1246,6,1246_6
query_1247,0,genomicbackground,0,genomicbackground,0.03210150822997093,1247_6_RF00168_6_NC_000913.3_4233124-4233721_ext_80-280_int_175_off_10_percentage_33_position_111-175 genomicbackground,1247,6,1247_6
query_1248,0,genomicbackground,1,riboswitch,0.6591896414756775,1248_6_RF00168_6_NC_000913.3_4233124-4233721_ext_80-280_int_175_off_15_percentage_36_position_106-175 genomicbackground,1248,6,1248_6
query_1249,0,genomicbackground,1,riboswitch,0.8481215834617615,1249_6_RF00168_6_NC_000913.3_4233124-4233721_ext_80-280_int_175_off_20_percentage_38_position_101-175 genomicbackground,1249,6,1249_6
query_1250,0,genomicbackground,1,riboswitch,0.914531946182251,1250_6_RF00168_6_NC_000913.3_4233124-4233721_ext_80-280_int_175_off_25_percentage_41_position_96-175 genomicbackground,1250,6,1250_6
query_1251,0,genomicbackground,1,riboswitch,0.5263069868087769,1251_6_RF00168_6_NC_000913.3_4233124-4233721_ext_80-280_int_180_off_0_percentage_30_position_121-180 genomicbackground,1251,6,1251_6
query_1252,0,genomicbackground,0,genomicbackground,0.05059567838907242,1252_6_RF00168_6_NC_000913.3_4233124-4233721_ext_80-280_int_180_off_5_percentage_33_position_116-180 genomicbackground,1252,6,1252_6
query_1253,0,genomicbackground,1,riboswitch,0.6111677289009094,1253_6_RF00168_6_NC_000913.3_4233124-4233721_ext_80-280_int_180_off_10_percentage_36_position_111-180 genomicbackground,1253,6,1253_6
query_1254,0,genomicbackground,1,riboswitch,0.8882448077201843,1254_6_RF00168_6_NC_000913.3_4233124-4233721_ext_80-280_int_180_off_15_percentage_38_position_106-180 genomicbackground,1254,6,1254_6
query_1255,0,genomicbackground,1,riboswitch,0.7164068818092346,1255_6_RF00168_6_NC_000913.3_4233124-4233721_ext_80-280_int_180_off_20_percentage_41_position_101-180 genomicbackground,1255,6,1255_6
query_1256,0,genomicbackground,1,riboswitch,0.9462101459503174,1256_6_RF00168_6_NC_000913.3_4233124-4233721_ext_80-280_int_185_off_0_percentage_33_position_121-185 genomicbackground,1256,6,1256_6
query_1257,0,genomicbackground,0,genomicbackground,0.2485370635986328,1257_6_RF00168_6_NC_000913.3_4233124-4233721_ext_80-280_int_185_off_5_percentage_36_position_116-185 genomicbackground,1257,6,1257_6
query_1258,0,genomicbackground,0,genomicbackground,0.4442788064479828,1258_6_RF00168_6_NC_000913.3_4233124-4233721_ext_80-280_int_185_off_10_percentage_38_position_111-185 genomicbackground,1258,6,1258_6
query_1259,0,genomicbackground,1,riboswitch,0.7239153385162354,1259_6_RF00168_6_NC_000913.3_4233124-4233721_ext_80-280_int_185_off_15_percentage_41_position_106-185 genomicbackground,1259,6,1259_6
query_1260,0,genomicbackground,1,riboswitch,0.879584014415741,1260_6_RF00168_6_NC_000913.3_4233124-4233721_ext_80-280_int_190_off_0_percentage_36_position_121-190 genomicbackground,1260,6,1260_6
query_1261,0,genomicbackground,0,genomicbackground,0.420910120010376,1261_6_RF00168_6_NC_000913.3_4233124-4233721_ext_80-280_int_190_off_5_percentage_38_position_116-190 genomicbackground,1261,6,1261_6
query_1262,0,genomicbackground,0,genomicbackground,0.4048786759376526,1262_6_RF00168_6_NC_000913.3_4233124-4233721_ext_80-280_int_190_off_10_percentage_41_position_111-190 genomicbackground,1262,6,1262_6
query_1263,0,genomicbackground,1,riboswitch,0.9688354134559631,1263_6_RF00168_6_NC_000913.3_4233124-4233721_ext_80-280_int_195_off_0_percentage_38_position_121-195 genomicbackground,1263,6,1263_6
query_1264,0,genomicbackground,0,genomicbackground,0.24115978181362152,1264_6_RF00168_6_NC_000913.3_4233124-4233721_ext_80-280_int_195_off_5_percentage_41_position_116-195 genomicbackground,1264,6,1264_6
query_1265,0,genomicbackground,0,genomicbackground,0.03055664151906967,1265_6_RF00168_6_NC_000913.3_4233124-4233721_ext_80-280_int_200_off_0_percentage_41_position_121-200 genomicbackground,1265,6,1265_6
query_1266,0,genomicbackground,0,genomicbackground,0.01606617495417595,1266_6_RF00168_6_NC_000913.3_4233124-4233721_ext_100-300_int_95_off_0_percentage_0_position_0-0 genomicbackground,1266,6,1266_6
query_1267,0,genomicbackground,0,genomicbackground,0.036918677389621735,1267_6_RF00168_6_NC_000913.3_4233124-4233721_ext_100-300_int_95_off_5_percentage_0_position_0-0 genomicbackground,1267,6,1267_6
query_1268,0,genomicbackground,0,genomicbackground,0.04304646700620651,1268_6_RF00168_6_NC_000913.3_4233124-4233721_ext_100-300_int_95_off_10_percentage_3_position_91-95 genomicbackground,1268,6,1268_6
query_1269,0,genomicbackground,0,genomicbackground,0.05396620184183121,1269_6_RF00168_6_NC_000913.3_4233124-4233721_ext_100-300_int_95_off_15_percentage_5_position_86-95 genomicbackground,1269,6,1269_6
query_1270,0,genomicbackground,0,genomicbackground,0.1434609442949295,1270_6_RF00168_6_NC_000913.3_4233124-4233721_ext_100-300_int_95_off_20_percentage_8_position_81-95 genomicbackground,1270,6,1270_6
query_1271,0,genomicbackground,0,genomicbackground,0.011841823346912861,1271_6_RF00168_6_NC_000913.3_4233124-4233721_ext_100-300_int_95_off_25_percentage_10_position_76-95 genomicbackground,1271,6,1271_6
query_1272,0,genomicbackground,0,genomicbackground,0.014543025754392147,1272_6_RF00168_6_NC_000913.3_4233124-4233721_ext_100-300_int_95_off_30_percentage_13_position_71-95 genomicbackground,1272,6,1272_6
query_1273,0,genomicbackground,0,genomicbackground,0.020308710634708405,1273_6_RF00168_6_NC_000913.3_4233124-4233721_ext_100-300_int_95_off_35_percentage_15_position_66-95 genomicbackground,1273,6,1273_6
query_1274,0,genomicbackground,0,genomicbackground,0.008145513944327831,1274_6_RF00168_6_NC_000913.3_4233124-4233721_ext_100-300_int_95_off_40_percentage_18_position_61-95 genomicbackground,1274,6,1274_6
query_1275,0,genomicbackground,0,genomicbackground,0.023386387154459953,1275_6_RF00168_6_NC_000913.3_4233124-4233721_ext_100-300_int_95_off_45_percentage_20_position_56-95 genomicbackground,1275,6,1275_6
query_1276,0,genomicbackground,0,genomicbackground,0.1575087606906891,1276_6_RF00168_6_NC_000913.3_4233124-4233721_ext_100-300_int_95_off_50_percentage_23_position_51-95 genomicbackground,1276,6,1276_6
query_1277,0,genomicbackground,0,genomicbackground,0.21728305518627167,1277_6_RF00168_6_NC_000913.3_4233124-4233721_ext_100-300_int_95_off_55_percentage_25_position_46-95 genomicbackground,1277,6,1277_6
query_1278,0,genomicbackground,1,riboswitch,0.8896877765655518,1278_6_RF00168_6_NC_000913.3_4233124-4233721_ext_100-300_int_95_off_60_percentage_28_position_41-95 genomicbackground,1278,6,1278_6
query_1279,0,genomicbackground,1,riboswitch,0.6576890349388123,1279_6_RF00168_6_NC_000913.3_4233124-4233721_ext_100-300_int_95_off_65_percentage_30_position_36-95 genomicbackground,1279,6,1279_6
query_1280,0,genomicbackground,1,riboswitch,0.9172741770744324,1280_6_RF00168_6_NC_000913.3_4233124-4233721_ext_100-300_int_95_off_70_percentage_33_position_31-95 genomicbackground,1280,6,1280_6
query_1281,0,genomicbackground,1,riboswitch,0.9956448078155518,1281_6_RF00168_6_NC_000913.3_4233124-4233721_ext_100-300_int_95_off_75_percentage_36_position_26-95 genomicbackground,1281,6,1281_6
query_1282,0,genomicbackground,1,riboswitch,0.9984799027442932,1282_6_RF00168_6_NC_000913.3_4233124-4233721_ext_100-300_int_95_off_80_percentage_38_position_21-95 genomicbackground,1282,6,1282_6
query_1283,0,genomicbackground,1,riboswitch,0.9857930541038513,1283_6_RF00168_6_NC_000913.3_4233124-4233721_ext_100-300_int_95_off_85_percentage_41_position_16-95 genomicbackground,1283,6,1283_6
query_1284,0,genomicbackground,1,riboswitch,0.9915035367012024,1284_6_RF00168_6_NC_000913.3_4233124-4233721_ext_100-300_int_95_off_90_percentage_43_position_11-95 genomicbackground,1284,6,1284_6
query_1285,0,genomicbackground,1,riboswitch,0.9994669556617737,1285_6_RF00168_6_NC_000913.3_4233124-4233721_ext_100-300_int_95_off_95_percentage_46_position_6-95 genomicbackground,1285,6,1285_6
query_1286,0,genomicbackground,1,riboswitch,0.9988763928413391,1286_6_RF00168_6_NC_000913.3_4233124-4233721_ext_100-300_int_95_off_100_percentage_48_position_1-95 genomicbackground,1286,6,1286_6
query_1287,0,genomicbackground,1,riboswitch,0.9974785447120667,1287_6_RF00168_6_NC_000913.3_4233124-4233721_ext_100-300_int_95_off_105_percentage_48_position_1-95 genomicbackground,1287,6,1287_6
query_1288,0,genomicbackground,0,genomicbackground,0.010945949703454971,1288_6_RF00168_6_NC_000913.3_4233124-4233721_ext_100-300_int_100_off_0_percentage_0_position_0-0 genomicbackground,1288,6,1288_6
query_1289,0,genomicbackground,0,genomicbackground,0.08592119812965393,1289_6_RF00168_6_NC_000913.3_4233124-4233721_ext_100-300_int_100_off_5_percentage_3_position_96-100 genomicbackground,1289,6,1289_6
query_1290,0,genomicbackground,0,genomicbackground,0.03442564606666565,1290_6_RF00168_6_NC_000913.3_4233124-4233721_ext_100-300_int_100_off_10_percentage_5_position_91-100 genomicbackground,1290,6,1290_6
query_1291,0,genomicbackground,0,genomicbackground,0.11691011488437653,1291_6_RF00168_6_NC_000913.3_4233124-4233721_ext_100-300_int_100_off_15_percentage_8_position_86-100 genomicbackground,1291,6,1291_6
query_1292,0,genomicbackground,0,genomicbackground,0.09945981949567795,1292_6_RF00168_6_NC_000913.3_4233124-4233721_ext_100-300_int_100_off_20_percentage_10_position_81-100 genomicbackground,1292,6,1292_6
query_1293,0,genomicbackground,0,genomicbackground,0.0113077936694026,1293_6_RF00168_6_NC_000913.3_4233124-4233721_ext_100-300_int_100_off_25_percentage_13_position_76-100 genomicbackground,1293,6,1293_6
query_1294,0,genomicbackground,0,genomicbackground,0.014886504970490932,1294_6_RF00168_6_NC_000913.3_4233124-4233721_ext_100-300_int_100_off_30_percentage_15_position_71-100 genomicbackground,1294,6,1294_6
query_1295,0,genomicbackground,0,genomicbackground,0.012290125712752342,1295_6_RF00168_6_NC_000913.3_4233124-4233721_ext_100-300_int_100_off_35_percentage_18_position_66-100 genomicbackground,1295,6,1295_6
query_1296,0,genomicbackground,0,genomicbackground,0.005774106364697218,1296_6_RF00168_6_NC_000913.3_4233124-4233721_ext_100-300_int_100_off_40_percentage_20_position_61-100 genomicbackground,1296,6,1296_6
query_1297,0,genomicbackground,0,genomicbackground,0.3801629841327667,1297_6_RF00168_6_NC_000913.3_4233124-4233721_ext_100-300_int_100_off_45_percentage_23_position_56-100 genomicbackground,1297,6,1297_6
query_1298,0,genomicbackground,0,genomicbackground,0.15715698897838593,1298_6_RF00168_6_NC_000913.3_4233124-4233721_ext_100-300_int_100_off_50_percentage_25_position_51-100 genomicbackground,1298,6,1298_6
query_1299,0,genomicbackground,0,genomicbackground,0.2824578583240509,1299_6_RF00168_6_NC_000913.3_4233124-4233721_ext_100-300_int_100_off_55_percentage_28_position_46-100 genomicbackground,1299,6,1299_6
query_1300,0,genomicbackground,1,riboswitch,0.9829661846160889,1300_6_RF00168_6_NC_000913.3_4233124-4233721_ext_100-300_int_100_off_60_percentage_30_position_41-100 genomicbackground,1300,6,1300_6
query_1301,0,genomicbackground,1,riboswitch,0.8828904628753662,1301_6_RF00168_6_NC_000913.3_4233124-4233721_ext_100-300_int_100_off_65_percentage_33_position_36-100 genomicbackground,1301,6,1301_6
query_1302,0,genomicbackground,1,riboswitch,0.9760028719902039,1302_6_RF00168_6_NC_000913.3_4233124-4233721_ext_100-300_int_100_off_70_percentage_36_position_31-100 genomicbackground,1302,6,1302_6
query_1303,0,genomicbackground,1,riboswitch,0.9992616772651672,1303_6_RF00168_6_NC_000913.3_4233124-4233721_ext_100-300_int_100_off_75_percentage_38_position_26-100 genomicbackground,1303,6,1303_6
query_1304,0,genomicbackground,1,riboswitch,0.975774884223938,1304_6_RF00168_6_NC_000913.3_4233124-4233721_ext_100-300_int_100_off_80_percentage_41_position_21-100 genomicbackground,1304,6,1304_6
query_1305,0,genomicbackground,1,riboswitch,0.9861272573471069,1305_6_RF00168_6_NC_000913.3_4233124-4233721_ext_100-300_int_100_off_85_percentage_43_position_16-100 genomicbackground,1305,6,1305_6
query_1306,0,genomicbackground,1,riboswitch,0.9947757720947266,1306_6_RF00168_6_NC_000913.3_4233124-4233721_ext_100-300_int_100_off_90_percentage_46_position_11-100 genomicbackground,1306,6,1306_6
query_1307,0,genomicbackground,1,riboswitch,0.999434769153595,1307_6_RF00168_6_NC_000913.3_4233124-4233721_ext_100-300_int_100_off_95_percentage_48_position_6-100 genomicbackground,1307,6,1307_6
query_1308,0,genomicbackground,1,riboswitch,0.9978345036506653,1308_6_RF00168_6_NC_000913.3_4233124-4233721_ext_100-300_int_100_off_100_percentage_51_position_1-100 genomicbackground,1308,6,1308_6
query_1309,0,genomicbackground,0,genomicbackground,0.03394439071416855,1309_6_RF00168_6_NC_000913.3_4233124-4233721_ext_100-300_int_105_off_0_percentage_3_position_101-105 genomicbackground,1309,6,1309_6
query_1310,0,genomicbackground,0,genomicbackground,0.06107693910598755,1310_6_RF00168_6_NC_000913.3_4233124-4233721_ext_100-300_int_105_off_5_percentage_5_position_96-105 genomicbackground,1310,6,1310_6
query_1311,0,genomicbackground,0,genomicbackground,0.4522835910320282,1311_6_RF00168_6_NC_000913.3_4233124-4233721_ext_100-300_int_105_off_10_percentage_8_position_91-105 genomicbackground,1311,6,1311_6
query_1312,0,genomicbackground,0,genomicbackground,0.11719200015068054,1312_6_RF00168_6_NC_000913.3_4233124-4233721_ext_100-300_int_105_off_15_percentage_10_position_86-105 genomicbackground,1312,6,1312_6
query_1313,0,genomicbackground,0,genomicbackground,0.06430906057357788,1313_6_RF00168_6_NC_000913.3_4233124-4233721_ext_100-300_int_105_off_20_percentage_13_position_81-105 genomicbackground,1313,6,1313_6
query_1314,0,genomicbackground,0,genomicbackground,0.011485323309898376,1314_6_RF00168_6_NC_000913.3_4233124-4233721_ext_100-300_int_105_off_25_percentage_15_position_76-105 genomicbackground,1314,6,1314_6
query_1315,0,genomicbackground,0,genomicbackground,0.011815866455435753,1315_6_RF00168_6_NC_000913.3_4233124-4233721_ext_100-300_int_105_off_30_percentage_18_position_71-105 genomicbackground,1315,6,1315_6
query_1316,0,genomicbackground,0,genomicbackground,0.018657656386494637,1316_6_RF00168_6_NC_000913.3_4233124-4233721_ext_100-300_int_105_off_35_percentage_20_position_66-105 genomicbackground,1316,6,1316_6
query_1317,0,genomicbackground,0,genomicbackground,0.12597258388996124,1317_6_RF00168_6_NC_000913.3_4233124-4233721_ext_100-300_int_105_off_40_percentage_23_position_61-105 genomicbackground,1317,6,1317_6
query_1318,0,genomicbackground,0,genomicbackground,0.40264052152633667,1318_6_RF00168_6_NC_000913.3_4233124-4233721_ext_100-300_int_105_off_45_percentage_25_position_56-105 genomicbackground,1318,6,1318_6
query_1319,0,genomicbackground,0,genomicbackground,0.2183017134666443,1319_6_RF00168_6_NC_000913.3_4233124-4233721_ext_100-300_int_105_off_50_percentage_28_position_51-105 genomicbackground,1319,6,1319_6
query_1320,0,genomicbackground,1,riboswitch,0.763442873954773,1320_6_RF00168_6_NC_000913.3_4233124-4233721_ext_100-300_int_105_off_55_percentage_30_position_46-105 genomicbackground,1320,6,1320_6
query_1321,0,genomicbackground,1,riboswitch,0.951699435710907,1321_6_RF00168_6_NC_000913.3_4233124-4233721_ext_100-300_int_105_off_60_percentage_33_position_41-105 genomicbackground,1321,6,1321_6
query_1322,0,genomicbackground,1,riboswitch,0.9923878908157349,1322_6_RF00168_6_NC_000913.3_4233124-4233721_ext_100-300_int_105_off_65_percentage_36_position_36-105 genomicbackground,1322,6,1322_6
query_1323,0,genomicbackground,1,riboswitch,0.9986520409584045,1323_6_RF00168_6_NC_000913.3_4233124-4233721_ext_100-300_int_105_off_70_percentage_38_position_31-105 genomicbackground,1323,6,1323_6
query_1324,0,genomicbackground,1,riboswitch,0.9731554985046387,1324_6_RF00168_6_NC_000913.3_4233124-4233721_ext_100-300_int_105_off_75_percentage_41_position_26-105 genomicbackground,1324,6,1324_6
query_1325,0,genomicbackground,1,riboswitch,0.9769976139068604,1325_6_RF00168_6_NC_000913.3_4233124-4233721_ext_100-300_int_105_off_80_percentage_43_position_21-105 genomicbackground,1325,6,1325_6
query_1326,0,genomicbackground,1,riboswitch,0.9955390095710754,1326_6_RF00168_6_NC_000913.3_4233124-4233721_ext_100-300_int_105_off_85_percentage_46_position_16-105 genomicbackground,1326,6,1326_6
query_1327,0,genomicbackground,1,riboswitch,0.9945846199989319,1327_6_RF00168_6_NC_000913.3_4233124-4233721_ext_100-300_int_105_off_90_percentage_48_position_11-105 genomicbackground,1327,6,1327_6
query_1328,0,genomicbackground,1,riboswitch,0.9972121119499207,1328_6_RF00168_6_NC_000913.3_4233124-4233721_ext_100-300_int_105_off_95_percentage_51_position_6-105 genomicbackground,1328,6,1328_6
query_1329,0,genomicbackground,0,genomicbackground,0.029255282133817673,1329_6_RF00168_6_NC_000913.3_4233124-4233721_ext_100-300_int_110_off_0_percentage_5_position_101-110 genomicbackground,1329,6,1329_6
query_1330,0,genomicbackground,1,riboswitch,0.6350011825561523,1330_6_RF00168_6_NC_000913.3_4233124-4233721_ext_100-300_int_110_off_5_percentage_8_position_96-110 genomicbackground,1330,6,1330_6
query_1331,0,genomicbackground,0,genomicbackground,0.2794249653816223,1331_6_RF00168_6_NC_000913.3_4233124-4233721_ext_100-300_int_110_off_10_percentage_10_position_91-110 genomicbackground,1331,6,1331_6
query_1332,0,genomicbackground,0,genomicbackground,0.0027195806615054607,1332_6_RF00168_6_NC_000913.3_4233124-4233721_ext_100-300_int_110_off_15_percentage_13_position_86-110 genomicbackground,1332,6,1332_6
query_1333,0,genomicbackground,0,genomicbackground,0.05638964846730232,1333_6_RF00168_6_NC_000913.3_4233124-4233721_ext_100-300_int_110_off_20_percentage_15_position_81-110 genomicbackground,1333,6,1333_6
query_1334,0,genomicbackground,0,genomicbackground,0.010516166687011719,1334_6_RF00168_6_NC_000913.3_4233124-4233721_ext_100-300_int_110_off_25_percentage_18_position_76-110 genomicbackground,1334,6,1334_6
query_1335,0,genomicbackground,0,genomicbackground,0.015760311856865883,1335_6_RF00168_6_NC_000913.3_4233124-4233721_ext_100-300_int_110_off_30_percentage_20_position_71-110 genomicbackground,1335,6,1335_6
query_1336,0,genomicbackground,0,genomicbackground,0.04541974514722824,1336_6_RF00168_6_NC_000913.3_4233124-4233721_ext_100-300_int_110_off_35_percentage_23_position_66-110 genomicbackground,1336,6,1336_6
query_1337,0,genomicbackground,0,genomicbackground,0.10897236317396164,1337_6_RF00168_6_NC_000913.3_4233124-4233721_ext_100-300_int_110_off_40_percentage_25_position_61-110 genomicbackground,1337,6,1337_6
query_1338,0,genomicbackground,0,genomicbackground,0.40899738669395447,1338_6_RF00168_6_NC_000913.3_4233124-4233721_ext_100-300_int_110_off_45_percentage_28_position_56-110 genomicbackground,1338,6,1338_6
query_1339,0,genomicbackground,1,riboswitch,0.6281027793884277,1339_6_RF00168_6_NC_000913.3_4233124-4233721_ext_100-300_int_110_off_50_percentage_30_position_51-110 genomicbackground,1339,6,1339_6
query_1340,0,genomicbackground,1,riboswitch,0.656749963760376,1340_6_RF00168_6_NC_000913.3_4233124-4233721_ext_100-300_int_110_off_55_percentage_33_position_46-110 genomicbackground,1340,6,1340_6
query_1341,0,genomicbackground,1,riboswitch,0.9764431118965149,1341_6_RF00168_6_NC_000913.3_4233124-4233721_ext_100-300_int_110_off_60_percentage_36_position_41-110 genomicbackground,1341,6,1341_6
query_1342,0,genomicbackground,1,riboswitch,0.9977996945381165,1342_6_RF00168_6_NC_000913.3_4233124-4233721_ext_100-300_int_110_off_65_percentage_38_position_36-110 genomicbackground,1342,6,1342_6
query_1343,0,genomicbackground,1,riboswitch,0.935231626033783,1343_6_RF00168_6_NC_000913.3_4233124-4233721_ext_100-300_int_110_off_70_percentage_41_position_31-110 genomicbackground,1343,6,1343_6
query_1344,0,genomicbackground,1,riboswitch,0.9750763177871704,1344_6_RF00168_6_NC_000913.3_4233124-4233721_ext_100-300_int_110_off_75_percentage_43_position_26-110 genomicbackground,1344,6,1344_6
query_1345,0,genomicbackground,1,riboswitch,0.9915698766708374,1345_6_RF00168_6_NC_000913.3_4233124-4233721_ext_100-300_int_110_off_80_percentage_46_position_21-110 genomicbackground,1345,6,1345_6
query_1346,0,genomicbackground,1,riboswitch,0.9894062876701355,1346_6_RF00168_6_NC_000913.3_4233124-4233721_ext_100-300_int_110_off_85_percentage_48_position_16-110 genomicbackground,1346,6,1346_6
query_1347,0,genomicbackground,1,riboswitch,0.9979307651519775,1347_6_RF00168_6_NC_000913.3_4233124-4233721_ext_100-300_int_110_off_90_percentage_51_position_11-110 genomicbackground,1347,6,1347_6
query_1348,0,genomicbackground,0,genomicbackground,0.046146467328071594,1348_6_RF00168_6_NC_000913.3_4233124-4233721_ext_100-300_int_115_off_0_percentage_8_position_101-115 genomicbackground,1348,6,1348_6
query_1349,0,genomicbackground,0,genomicbackground,0.34770336747169495,1349_6_RF00168_6_NC_000913.3_4233124-4233721_ext_100-300_int_115_off_5_percentage_10_position_96-115 genomicbackground,1349,6,1349_6
query_1350,0,genomicbackground,0,genomicbackground,0.004885104019194841,1350_6_RF00168_6_NC_000913.3_4233124-4233721_ext_100-300_int_115_off_10_percentage_13_position_91-115 genomicbackground,1350,6,1350_6
query_1351,0,genomicbackground,0,genomicbackground,0.0031355079263448715,1351_6_RF00168_6_NC_000913.3_4233124-4233721_ext_100-300_int_115_off_15_percentage_15_position_86-115 genomicbackground,1351,6,1351_6
query_1352,0,genomicbackground,0,genomicbackground,0.01759590394794941,1352_6_RF00168_6_NC_000913.3_4233124-4233721_ext_100-300_int_115_off_20_percentage_18_position_81-115 genomicbackground,1352,6,1352_6
query_1353,0,genomicbackground,0,genomicbackground,0.013211958110332489,1353_6_RF00168_6_NC_000913.3_4233124-4233721_ext_100-300_int_115_off_25_percentage_20_position_76-115 genomicbackground,1353,6,1353_6
query_1354,0,genomicbackground,0,genomicbackground,0.032025955617427826,1354_6_RF00168_6_NC_000913.3_4233124-4233721_ext_100-300_int_115_off_30_percentage_23_position_71-115 genomicbackground,1354,6,1354_6
query_1355,0,genomicbackground,0,genomicbackground,0.04185071215033531,1355_6_RF00168_6_NC_000913.3_4233124-4233721_ext_100-300_int_115_off_35_percentage_25_position_66-115 genomicbackground,1355,6,1355_6
query_1356,0,genomicbackground,0,genomicbackground,0.40757322311401367,1356_6_RF00168_6_NC_000913.3_4233124-4233721_ext_100-300_int_115_off_40_percentage_28_position_61-115 genomicbackground,1356,6,1356_6
query_1357,0,genomicbackground,1,riboswitch,0.8149318695068359,1357_6_RF00168_6_NC_000913.3_4233124-4233721_ext_100-300_int_115_off_45_percentage_30_position_56-115 genomicbackground,1357,6,1357_6
query_1358,0,genomicbackground,1,riboswitch,0.7524731159210205,1358_6_RF00168_6_NC_000913.3_4233124-4233721_ext_100-300_int_115_off_50_percentage_33_position_51-115 genomicbackground,1358,6,1358_6
query_1359,0,genomicbackground,1,riboswitch,0.8460599780082703,1359_6_RF00168_6_NC_000913.3_4233124-4233721_ext_100-300_int_115_off_55_percentage_36_position_46-115 genomicbackground,1359,6,1359_6
query_1360,0,genomicbackground,1,riboswitch,0.9986793398857117,1360_6_RF00168_6_NC_000913.3_4233124-4233721_ext_100-300_int_115_off_60_percentage_38_position_41-115 genomicbackground,1360,6,1360_6
query_1361,0,genomicbackground,1,riboswitch,0.9973323345184326,1361_6_RF00168_6_NC_000913.3_4233124-4233721_ext_100-300_int_115_off_65_percentage_41_position_36-115 genomicbackground,1361,6,1361_6
query_1362,0,genomicbackground,1,riboswitch,0.943976640701294,1362_6_RF00168_6_NC_000913.3_4233124-4233721_ext_100-300_int_115_off_70_percentage_43_position_31-115 genomicbackground,1362,6,1362_6
query_1363,0,genomicbackground,1,riboswitch,0.9921672940254211,1363_6_RF00168_6_NC_000913.3_4233124-4233721_ext_100-300_int_115_off_75_percentage_46_position_26-115 genomicbackground,1363,6,1363_6
query_1364,0,genomicbackground,1,riboswitch,0.9987542629241943,1364_6_RF00168_6_NC_000913.3_4233124-4233721_ext_100-300_int_115_off_80_percentage_48_position_21-115 genomicbackground,1364,6,1364_6
query_1365,0,genomicbackground,1,riboswitch,0.99729984998703,1365_6_RF00168_6_NC_000913.3_4233124-4233721_ext_100-300_int_115_off_85_percentage_51_position_16-115 genomicbackground,1365,6,1365_6
query_1366,0,genomicbackground,0,genomicbackground,0.08526773750782013,1366_6_RF00168_6_NC_000913.3_4233124-4233721_ext_100-300_int_120_off_0_percentage_10_position_101-120 genomicbackground,1366,6,1366_6
query_1367,0,genomicbackground,0,genomicbackground,0.14140668511390686,1367_6_RF00168_6_NC_000913.3_4233124-4233721_ext_100-300_int_120_off_5_percentage_13_position_96-120 genomicbackground,1367,6,1367_6
query_1368,0,genomicbackground,0,genomicbackground,0.006365406792610884,1368_6_RF00168_6_NC_000913.3_4233124-4233721_ext_100-300_int_120_off_10_percentage_15_position_91-120 genomicbackground,1368,6,1368_6
query_1369,0,genomicbackground,0,genomicbackground,0.03278980776667595,1369_6_RF00168_6_NC_000913.3_4233124-4233721_ext_100-300_int_120_off_15_percentage_18_position_86-120 genomicbackground,1369,6,1369_6
query_1370,0,genomicbackground,0,genomicbackground,0.021023033186793327,1370_6_RF00168_6_NC_000913.3_4233124-4233721_ext_100-300_int_120_off_20_percentage_20_position_81-120 genomicbackground,1370,6,1370_6
query_1371,0,genomicbackground,0,genomicbackground,0.018725786358118057,1371_6_RF00168_6_NC_000913.3_4233124-4233721_ext_100-300_int_120_off_25_percentage_23_position_76-120 genomicbackground,1371,6,1371_6
query_1372,0,genomicbackground,0,genomicbackground,0.027248632162809372,1372_6_RF00168_6_NC_000913.3_4233124-4233721_ext_100-300_int_120_off_30_percentage_25_position_71-120 genomicbackground,1372,6,1372_6
query_1373,0,genomicbackground,0,genomicbackground,0.2833767533302307,1373_6_RF00168_6_NC_000913.3_4233124-4233721_ext_100-300_int_120_off_35_percentage_28_position_66-120 genomicbackground,1373,6,1373_6
query_1374,0,genomicbackground,0,genomicbackground,0.4466570317745209,1374_6_RF00168_6_NC_000913.3_4233124-4233721_ext_100-300_int_120_off_40_percentage_30_position_61-120 genomicbackground,1374,6,1374_6
query_1375,0,genomicbackground,1,riboswitch,0.904448926448822,1375_6_RF00168_6_NC_000913.3_4233124-4233721_ext_100-300_int_120_off_45_percentage_33_position_56-120 genomicbackground,1375,6,1375_6
query_1376,0,genomicbackground,1,riboswitch,0.7590987086296082,1376_6_RF00168_6_NC_000913.3_4233124-4233721_ext_100-300_int_120_off_50_percentage_36_position_51-120 genomicbackground,1376,6,1376_6
query_1377,0,genomicbackground,1,riboswitch,0.996807873249054,1377_6_RF00168_6_NC_000913.3_4233124-4233721_ext_100-300_int_120_off_55_percentage_38_position_46-120 genomicbackground,1377,6,1377_6
query_1378,0,genomicbackground,1,riboswitch,0.9981139898300171,1378_6_RF00168_6_NC_000913.3_4233124-4233721_ext_100-300_int_120_off_60_percentage_41_position_41-120 genomicbackground,1378,6,1378_6
query_1379,0,genomicbackground,1,riboswitch,0.9991424083709717,1379_6_RF00168_6_NC_000913.3_4233124-4233721_ext_100-300_int_120_off_65_percentage_43_position_36-120 genomicbackground,1379,6,1379_6
query_1380,0,genomicbackground,1,riboswitch,0.9896190762519836,1380_6_RF00168_6_NC_000913.3_4233124-4233721_ext_100-300_int_120_off_70_percentage_46_position_31-120 genomicbackground,1380,6,1380_6
query_1381,0,genomicbackground,1,riboswitch,0.9822776317596436,1381_6_RF00168_6_NC_000913.3_4233124-4233721_ext_100-300_int_120_off_75_percentage_48_position_26-120 genomicbackground,1381,6,1381_6
query_1382,0,genomicbackground,1,riboswitch,0.9966360330581665,1382_6_RF00168_6_NC_000913.3_4233124-4233721_ext_100-300_int_120_off_80_percentage_51_position_21-120 genomicbackground,1382,6,1382_6
query_1383,0,genomicbackground,0,genomicbackground,0.05182245001196861,1383_6_RF00168_6_NC_000913.3_4233124-4233721_ext_100-300_int_125_off_0_percentage_13_position_101-125 genomicbackground,1383,6,1383_6
query_1384,0,genomicbackground,0,genomicbackground,0.11046960949897766,1384_6_RF00168_6_NC_000913.3_4233124-4233721_ext_100-300_int_125_off_5_percentage_15_position_96-125 genomicbackground,1384,6,1384_6
query_1385,0,genomicbackground,0,genomicbackground,0.03366519883275032,1385_6_RF00168_6_NC_000913.3_4233124-4233721_ext_100-300_int_125_off_10_percentage_18_position_91-125 genomicbackground,1385,6,1385_6
query_1386,0,genomicbackground,0,genomicbackground,0.04865206405520439,1386_6_RF00168_6_NC_000913.3_4233124-4233721_ext_100-300_int_125_off_15_percentage_20_position_86-125 genomicbackground,1386,6,1386_6
query_1387,0,genomicbackground,0,genomicbackground,0.10031293332576752,1387_6_RF00168_6_NC_000913.3_4233124-4233721_ext_100-300_int_125_off_20_percentage_23_position_81-125 genomicbackground,1387,6,1387_6
query_1388,0,genomicbackground,0,genomicbackground,0.017045656219124794,1388_6_RF00168_6_NC_000913.3_4233124-4233721_ext_100-300_int_125_off_25_percentage_25_position_76-125 genomicbackground,1388,6,1388_6
query_1389,0,genomicbackground,0,genomicbackground,0.021132368594408035,1389_6_RF00168_6_NC_000913.3_4233124-4233721_ext_100-300_int_125_off_30_percentage_28_position_71-125 genomicbackground,1389,6,1389_6
query_1390,0,genomicbackground,1,riboswitch,0.5971136093139648,1390_6_RF00168_6_NC_000913.3_4233124-4233721_ext_100-300_int_125_off_35_percentage_30_position_66-125 genomicbackground,1390,6,1390_6
query_1391,0,genomicbackground,1,riboswitch,0.7981992363929749,1391_6_RF00168_6_NC_000913.3_4233124-4233721_ext_100-300_int_125_off_40_percentage_33_position_61-125 genomicbackground,1391,6,1391_6
query_1392,0,genomicbackground,1,riboswitch,0.8704086542129517,1392_6_RF00168_6_NC_000913.3_4233124-4233721_ext_100-300_int_125_off_45_percentage_36_position_56-125 genomicbackground,1392,6,1392_6
query_1393,0,genomicbackground,1,riboswitch,0.9667885899543762,1393_6_RF00168_6_NC_000913.3_4233124-4233721_ext_100-300_int_125_off_50_percentage_38_position_51-125 genomicbackground,1393,6,1393_6
query_1394,0,genomicbackground,1,riboswitch,0.9944019913673401,1394_6_RF00168_6_NC_000913.3_4233124-4233721_ext_100-300_int_125_off_55_percentage_41_position_46-125 genomicbackground,1394,6,1394_6
query_1395,0,genomicbackground,1,riboswitch,0.9960458874702454,1395_6_RF00168_6_NC_000913.3_4233124-4233721_ext_100-300_int_125_off_60_percentage_43_position_41-125 genomicbackground,1395,6,1395_6
query_1396,0,genomicbackground,1,riboswitch,0.9982578158378601,1396_6_RF00168_6_NC_000913.3_4233124-4233721_ext_100-300_int_125_off_65_percentage_46_position_36-125 genomicbackground,1396,6,1396_6
query_1397,0,genomicbackground,1,riboswitch,0.9715437293052673,1397_6_RF00168_6_NC_000913.3_4233124-4233721_ext_100-300_int_125_off_70_percentage_48_position_31-125 genomicbackground,1397,6,1397_6
query_1398,0,genomicbackground,1,riboswitch,0.9966738224029541,1398_6_RF00168_6_NC_000913.3_4233124-4233721_ext_100-300_int_125_off_75_percentage_51_position_26-125 genomicbackground,1398,6,1398_6
query_1399,0,genomicbackground,0,genomicbackground,0.060580383986234665,1399_6_RF00168_6_NC_000913.3_4233124-4233721_ext_100-300_int_130_off_0_percentage_15_position_101-130 genomicbackground,1399,6,1399_6
query_1400,0,genomicbackground,0,genomicbackground,0.04522639885544777,1400_6_RF00168_6_NC_000913.3_4233124-4233721_ext_100-300_int_130_off_5_percentage_18_position_96-130 genomicbackground,1400,6,1400_6
query_1401,0,genomicbackground,0,genomicbackground,0.04501444101333618,1401_6_RF00168_6_NC_000913.3_4233124-4233721_ext_100-300_int_130_off_10_percentage_20_position_91-130 genomicbackground,1401,6,1401_6
query_1402,0,genomicbackground,0,genomicbackground,0.06973284482955933,1402_6_RF00168_6_NC_000913.3_4233124-4233721_ext_100-300_int_130_off_15_percentage_23_position_86-130 genomicbackground,1402,6,1402_6
query_1403,0,genomicbackground,0,genomicbackground,0.07500062137842178,1403_6_RF00168_6_NC_000913.3_4233124-4233721_ext_100-300_int_130_off_20_percentage_25_position_81-130 genomicbackground,1403,6,1403_6
query_1404,0,genomicbackground,0,genomicbackground,0.014465998858213425,1404_6_RF00168_6_NC_000913.3_4233124-4233721_ext_100-300_int_130_off_25_percentage_28_position_76-130 genomicbackground,1404,6,1404_6
query_1405,0,genomicbackground,0,genomicbackground,0.020583951845765114,1405_6_RF00168_6_NC_000913.3_4233124-4233721_ext_100-300_int_130_off_30_percentage_30_position_71-130 genomicbackground,1405,6,1405_6
query_1406,0,genomicbackground,0,genomicbackground,0.1940213292837143,1406_6_RF00168_6_NC_000913.3_4233124-4233721_ext_100-300_int_130_off_35_percentage_33_position_66-130 genomicbackground,1406,6,1406_6
query_1407,0,genomicbackground,1,riboswitch,0.7373941540718079,1407_6_RF00168_6_NC_000913.3_4233124-4233721_ext_100-300_int_130_off_40_percentage_36_position_61-130 genomicbackground,1407,6,1407_6
query_1408,0,genomicbackground,1,riboswitch,0.9802725911140442,1408_6_RF00168_6_NC_000913.3_4233124-4233721_ext_100-300_int_130_off_45_percentage_38_position_56-130 genomicbackground,1408,6,1408_6
query_1409,0,genomicbackground,1,riboswitch,0.931923508644104,1409_6_RF00168_6_NC_000913.3_4233124-4233721_ext_100-300_int_130_off_50_percentage_41_position_51-130 genomicbackground,1409,6,1409_6
query_1410,0,genomicbackground,1,riboswitch,0.9888555407524109,1410_6_RF00168_6_NC_000913.3_4233124-4233721_ext_100-300_int_130_off_55_percentage_43_position_46-130 genomicbackground,1410,6,1410_6
query_1411,0,genomicbackground,1,riboswitch,0.9978286623954773,1411_6_RF00168_6_NC_000913.3_4233124-4233721_ext_100-300_int_130_off_60_percentage_46_position_41-130 genomicbackground,1411,6,1411_6
query_1412,0,genomicbackground,1,riboswitch,0.9984279870986938,1412_6_RF00168_6_NC_000913.3_4233124-4233721_ext_100-300_int_130_off_65_percentage_48_position_36-130 genomicbackground,1412,6,1412_6
query_1413,0,genomicbackground,1,riboswitch,0.9958837628364563,1413_6_RF00168_6_NC_000913.3_4233124-4233721_ext_100-300_int_130_off_70_percentage_51_position_31-130 genomicbackground,1413,6,1413_6
query_1414,0,genomicbackground,0,genomicbackground,0.03431318700313568,1414_6_RF00168_6_NC_000913.3_4233124-4233721_ext_100-300_int_135_off_0_percentage_18_position_101-135 genomicbackground,1414,6,1414_6
query_1415,0,genomicbackground,0,genomicbackground,0.07349734008312225,1415_6_RF00168_6_NC_000913.3_4233124-4233721_ext_100-300_int_135_off_5_percentage_20_position_96-135 genomicbackground,1415,6,1415_6
query_1416,0,genomicbackground,0,genomicbackground,0.09613785892724991,1416_6_RF00168_6_NC_000913.3_4233124-4233721_ext_100-300_int_135_off_10_percentage_23_position_91-135 genomicbackground,1416,6,1416_6
query_1417,0,genomicbackground,0,genomicbackground,0.06249329447746277,1417_6_RF00168_6_NC_000913.3_4233124-4233721_ext_100-300_int_135_off_15_percentage_25_position_86-135 genomicbackground,1417,6,1417_6
query_1418,0,genomicbackground,0,genomicbackground,0.12103237956762314,1418_6_RF00168_6_NC_000913.3_4233124-4233721_ext_100-300_int_135_off_20_percentage_28_position_81-135 genomicbackground,1418,6,1418_6
query_1419,0,genomicbackground,0,genomicbackground,0.014976643025875092,1419_6_RF00168_6_NC_000913.3_4233124-4233721_ext_100-300_int_135_off_25_percentage_30_position_76-135 genomicbackground,1419,6,1419_6
query_1420,0,genomicbackground,0,genomicbackground,0.017657268792390823,1420_6_RF00168_6_NC_000913.3_4233124-4233721_ext_100-300_int_135_off_30_percentage_33_position_71-135 genomicbackground,1420,6,1420_6
query_1421,0,genomicbackground,1,riboswitch,0.9766619205474854,1421_6_RF00168_6_NC_000913.3_4233124-4233721_ext_100-300_int_135_off_35_percentage_36_position_66-135 genomicbackground,1421,6,1421_6
query_1422,0,genomicbackground,1,riboswitch,0.9621800780296326,1422_6_RF00168_6_NC_000913.3_4233124-4233721_ext_100-300_int_135_off_40_percentage_38_position_61-135 genomicbackground,1422,6,1422_6
query_1423,0,genomicbackground,1,riboswitch,0.9626335501670837,1423_6_RF00168_6_NC_000913.3_4233124-4233721_ext_100-300_int_135_off_45_percentage_41_position_56-135 genomicbackground,1423,6,1423_6
query_1424,0,genomicbackground,1,riboswitch,0.8578835129737854,1424_6_RF00168_6_NC_000913.3_4233124-4233721_ext_100-300_int_135_off_50_percentage_43_position_51-135 genomicbackground,1424,6,1424_6
query_1425,0,genomicbackground,1,riboswitch,0.9966982007026672,1425_6_RF00168_6_NC_000913.3_4233124-4233721_ext_100-300_int_135_off_55_percentage_46_position_46-135 genomicbackground,1425,6,1425_6
query_1426,0,genomicbackground,1,riboswitch,0.997456967830658,1426_6_RF00168_6_NC_000913.3_4233124-4233721_ext_100-300_int_135_off_60_percentage_48_position_41-135 genomicbackground,1426,6,1426_6
query_1427,0,genomicbackground,1,riboswitch,0.9930484294891357,1427_6_RF00168_6_NC_000913.3_4233124-4233721_ext_100-300_int_135_off_65_percentage_51_position_36-135 genomicbackground,1427,6,1427_6
query_1428,0,genomicbackground,0,genomicbackground,0.04289389029145241,1428_6_RF00168_6_NC_000913.3_4233124-4233721_ext_100-300_int_140_off_0_percentage_20_position_101-140 genomicbackground,1428,6,1428_6
query_1429,0,genomicbackground,0,genomicbackground,0.0758240669965744,1429_6_RF00168_6_NC_000913.3_4233124-4233721_ext_100-300_int_140_off_5_percentage_23_position_96-140 genomicbackground,1429,6,1429_6
query_1430,0,genomicbackground,0,genomicbackground,0.09691883623600006,1430_6_RF00168_6_NC_000913.3_4233124-4233721_ext_100-300_int_140_off_10_percentage_25_position_91-140 genomicbackground,1430,6,1430_6
query_1431,0,genomicbackground,0,genomicbackground,0.49084872007369995,1431_6_RF00168_6_NC_000913.3_4233124-4233721_ext_100-300_int_140_off_15_percentage_28_position_86-140 genomicbackground,1431,6,1431_6
query_1432,0,genomicbackground,0,genomicbackground,0.24763812124729156,1432_6_RF00168_6_NC_000913.3_4233124-4233721_ext_100-300_int_140_off_20_percentage_30_position_81-140 genomicbackground,1432,6,1432_6
query_1433,0,genomicbackground,0,genomicbackground,0.014293055050075054,1433_6_RF00168_6_NC_000913.3_4233124-4233721_ext_100-300_int_140_off_25_percentage_33_position_76-140 genomicbackground,1433,6,1433_6
query_1434,0,genomicbackground,0,genomicbackground,0.24720121920108795,1434_6_RF00168_6_NC_000913.3_4233124-4233721_ext_100-300_int_140_off_30_percentage_36_position_71-140 genomicbackground,1434,6,1434_6
query_1435,0,genomicbackground,1,riboswitch,0.9302634596824646,1435_6_RF00168_6_NC_000913.3_4233124-4233721_ext_100-300_int_140_off_35_percentage_38_position_66-140 genomicbackground,1435,6,1435_6
query_1436,0,genomicbackground,1,riboswitch,0.9229145050048828,1436_6_RF00168_6_NC_000913.3_4233124-4233721_ext_100-300_int_140_off_40_percentage_41_position_61-140 genomicbackground,1436,6,1436_6
query_1437,0,genomicbackground,1,riboswitch,0.5885524153709412,1437_6_RF00168_6_NC_000913.3_4233124-4233721_ext_100-300_int_140_off_45_percentage_43_position_56-140 genomicbackground,1437,6,1437_6
query_1438,0,genomicbackground,1,riboswitch,0.9733707904815674,1438_6_RF00168_6_NC_000913.3_4233124-4233721_ext_100-300_int_140_off_50_percentage_46_position_51-140 genomicbackground,1438,6,1438_6
query_1439,0,genomicbackground,1,riboswitch,0.9964147806167603,1439_6_RF00168_6_NC_000913.3_4233124-4233721_ext_100-300_int_140_off_55_percentage_48_position_46-140 genomicbackground,1439,6,1439_6
query_1440,0,genomicbackground,1,riboswitch,0.989427387714386,1440_6_RF00168_6_NC_000913.3_4233124-4233721_ext_100-300_int_140_off_60_percentage_51_position_41-140 genomicbackground,1440,6,1440_6
query_1441,0,genomicbackground,0,genomicbackground,0.038196440786123276,1441_6_RF00168_6_NC_000913.3_4233124-4233721_ext_100-300_int_145_off_0_percentage_23_position_101-145 genomicbackground,1441,6,1441_6
query_1442,0,genomicbackground,0,genomicbackground,0.03871745243668556,1442_6_RF00168_6_NC_000913.3_4233124-4233721_ext_100-300_int_145_off_5_percentage_25_position_96-145 genomicbackground,1442,6,1442_6
query_1443,0,genomicbackground,0,genomicbackground,0.08644410967826843,1443_6_RF00168_6_NC_000913.3_4233124-4233721_ext_100-300_int_145_off_10_percentage_28_position_91-145 genomicbackground,1443,6,1443_6
query_1444,0,genomicbackground,1,riboswitch,0.6663134694099426,1444_6_RF00168_6_NC_000913.3_4233124-4233721_ext_100-300_int_145_off_15_percentage_30_position_86-145 genomicbackground,1444,6,1444_6
query_1445,0,genomicbackground,0,genomicbackground,0.07434161752462387,1445_6_RF00168_6_NC_000913.3_4233124-4233721_ext_100-300_int_145_off_20_percentage_33_position_81-145 genomicbackground,1445,6,1445_6
query_1446,0,genomicbackground,0,genomicbackground,0.04424349218606949,1446_6_RF00168_6_NC_000913.3_4233124-4233721_ext_100-300_int_145_off_25_percentage_36_position_76-145 genomicbackground,1446,6,1446_6
query_1447,0,genomicbackground,1,riboswitch,0.8225123882293701,1447_6_RF00168_6_NC_000913.3_4233124-4233721_ext_100-300_int_145_off_30_percentage_38_position_71-145 genomicbackground,1447,6,1447_6
query_1448,0,genomicbackground,1,riboswitch,0.8346832990646362,1448_6_RF00168_6_NC_000913.3_4233124-4233721_ext_100-300_int_145_off_35_percentage_41_position_66-145 genomicbackground,1448,6,1448_6
query_1449,0,genomicbackground,0,genomicbackground,0.36107662320137024,1449_6_RF00168_6_NC_000913.3_4233124-4233721_ext_100-300_int_145_off_40_percentage_43_position_61-145 genomicbackground,1449,6,1449_6
query_1450,0,genomicbackground,1,riboswitch,0.9846286773681641,1450_6_RF00168_6_NC_000913.3_4233124-4233721_ext_100-300_int_145_off_45_percentage_46_position_56-145 genomicbackground,1450,6,1450_6
query_1451,0,genomicbackground,1,riboswitch,0.9648666977882385,1451_6_RF00168_6_NC_000913.3_4233124-4233721_ext_100-300_int_145_off_50_percentage_48_position_51-145 genomicbackground,1451,6,1451_6
query_1452,0,genomicbackground,1,riboswitch,0.9909124374389648,1452_6_RF00168_6_NC_000913.3_4233124-4233721_ext_100-300_int_145_off_55_percentage_51_position_46-145 genomicbackground,1452,6,1452_6
query_1453,0,genomicbackground,0,genomicbackground,0.04363247752189636,1453_6_RF00168_6_NC_000913.3_4233124-4233721_ext_100-300_int_150_off_0_percentage_25_position_101-150 genomicbackground,1453,6,1453_6
query_1454,0,genomicbackground,0,genomicbackground,0.3390909433364868,1454_6_RF00168_6_NC_000913.3_4233124-4233721_ext_100-300_int_150_off_5_percentage_28_position_96-150 genomicbackground,1454,6,1454_6
query_1455,0,genomicbackground,0,genomicbackground,0.052153080701828,1455_6_RF00168_6_NC_000913.3_4233124-4233721_ext_100-300_int_150_off_10_percentage_30_position_91-150 genomicbackground,1455,6,1455_6
query_1456,0,genomicbackground,0,genomicbackground,0.08408014476299286,1456_6_RF00168_6_NC_000913.3_4233124-4233721_ext_100-300_int_150_off_15_percentage_33_position_86-150 genomicbackground,1456,6,1456_6
query_1457,0,genomicbackground,1,riboswitch,0.9207127094268799,1457_6_RF00168_6_NC_000913.3_4233124-4233721_ext_100-300_int_150_off_20_percentage_36_position_81-150 genomicbackground,1457,6,1457_6
query_1458,0,genomicbackground,0,genomicbackground,0.24787133932113647,1458_6_RF00168_6_NC_000913.3_4233124-4233721_ext_100-300_int_150_off_25_percentage_38_position_76-150 genomicbackground,1458,6,1458_6
query_1459,0,genomicbackground,1,riboswitch,0.5579184293746948,1459_6_RF00168_6_NC_000913.3_4233124-4233721_ext_100-300_int_150_off_30_percentage_41_position_71-150 genomicbackground,1459,6,1459_6
query_1460,0,genomicbackground,0,genomicbackground,0.09373323619365692,1460_6_RF00168_6_NC_000913.3_4233124-4233721_ext_100-300_int_150_off_35_percentage_43_position_66-150 genomicbackground,1460,6,1460_6
query_1461,0,genomicbackground,1,riboswitch,0.8572896122932434,1461_6_RF00168_6_NC_000913.3_4233124-4233721_ext_100-300_int_150_off_40_percentage_46_position_61-150 genomicbackground,1461,6,1461_6
query_1462,0,genomicbackground,1,riboswitch,0.9995408058166504,1462_6_RF00168_6_NC_000913.3_4233124-4233721_ext_100-300_int_150_off_45_percentage_48_position_56-150 genomicbackground,1462,6,1462_6
query_1463,0,genomicbackground,1,riboswitch,0.853363037109375,1463_6_RF00168_6_NC_000913.3_4233124-4233721_ext_100-300_int_150_off_50_percentage_51_position_51-150 genomicbackground,1463,6,1463_6
query_1464,0,genomicbackground,0,genomicbackground,0.06013721227645874,1464_6_RF00168_6_NC_000913.3_4233124-4233721_ext_100-300_int_155_off_0_percentage_28_position_101-155 genomicbackground,1464,6,1464_6
query_1465,0,genomicbackground,1,riboswitch,0.5592519640922546,1465_6_RF00168_6_NC_000913.3_4233124-4233721_ext_100-300_int_155_off_5_percentage_30_position_96-155 genomicbackground,1465,6,1465_6
query_1466,0,genomicbackground,1,riboswitch,0.7465736865997314,1466_6_RF00168_6_NC_000913.3_4233124-4233721_ext_100-300_int_155_off_10_percentage_33_position_91-155 genomicbackground,1466,6,1466_6
query_1467,0,genomicbackground,1,riboswitch,0.7916061878204346,1467_6_RF00168_6_NC_000913.3_4233124-4233721_ext_100-300_int_155_off_15_percentage_36_position_86-155 genomicbackground,1467,6,1467_6
query_1468,0,genomicbackground,1,riboswitch,0.7659311294555664,1468_6_RF00168_6_NC_000913.3_4233124-4233721_ext_100-300_int_155_off_20_percentage_38_position_81-155 genomicbackground,1468,6,1468_6
query_1469,0,genomicbackground,0,genomicbackground,0.0830271914601326,1469_6_RF00168_6_NC_000913.3_4233124-4233721_ext_100-300_int_155_off_25_percentage_41_position_76-155 genomicbackground,1469,6,1469_6
query_1470,0,genomicbackground,0,genomicbackground,0.04791997745633125,1470_6_RF00168_6_NC_000913.3_4233124-4233721_ext_100-300_int_155_off_30_percentage_43_position_71-155 genomicbackground,1470,6,1470_6
query_1471,0,genomicbackground,1,riboswitch,0.9448297023773193,1471_6_RF00168_6_NC_000913.3_4233124-4233721_ext_100-300_int_155_off_35_percentage_46_position_66-155 genomicbackground,1471,6,1471_6
query_1472,0,genomicbackground,1,riboswitch,0.7123768925666809,1472_6_RF00168_6_NC_000913.3_4233124-4233721_ext_100-300_int_155_off_40_percentage_48_position_61-155 genomicbackground,1472,6,1472_6
query_1473,0,genomicbackground,1,riboswitch,0.9266332387924194,1473_6_RF00168_6_NC_000913.3_4233124-4233721_ext_100-300_int_155_off_45_percentage_51_position_56-155 genomicbackground,1473,6,1473_6
query_1474,0,genomicbackground,0,genomicbackground,0.11085787415504456,1474_6_RF00168_6_NC_000913.3_4233124-4233721_ext_100-300_int_160_off_0_percentage_30_position_101-160 genomicbackground,1474,6,1474_6
query_1475,0,genomicbackground,1,riboswitch,0.8863435387611389,1475_6_RF00168_6_NC_000913.3_4233124-4233721_ext_100-300_int_160_off_5_percentage_33_position_96-160 genomicbackground,1475,6,1475_6
query_1476,0,genomicbackground,1,riboswitch,0.8302770853042603,1476_6_RF00168_6_NC_000913.3_4233124-4233721_ext_100-300_int_160_off_10_percentage_36_position_91-160 genomicbackground,1476,6,1476_6
query_1477,0,genomicbackground,1,riboswitch,0.9199618101119995,1477_6_RF00168_6_NC_000913.3_4233124-4233721_ext_100-300_int_160_off_15_percentage_38_position_86-160 genomicbackground,1477,6,1477_6
query_1478,0,genomicbackground,1,riboswitch,0.5972989797592163,1478_6_RF00168_6_NC_000913.3_4233124-4233721_ext_100-300_int_160_off_20_percentage_41_position_81-160 genomicbackground,1478,6,1478_6
query_1479,0,genomicbackground,0,genomicbackground,0.030942266806960106,1479_6_RF00168_6_NC_000913.3_4233124-4233721_ext_100-300_int_160_off_25_percentage_43_position_76-160 genomicbackground,1479,6,1479_6
query_1480,0,genomicbackground,0,genomicbackground,0.20675095915794373,1480_6_RF00168_6_NC_000913.3_4233124-4233721_ext_100-300_int_160_off_30_percentage_46_position_71-160 genomicbackground,1480,6,1480_6
query_1481,0,genomicbackground,1,riboswitch,0.891176164150238,1481_6_RF00168_6_NC_000913.3_4233124-4233721_ext_100-300_int_160_off_35_percentage_48_position_66-160 genomicbackground,1481,6,1481_6
query_1482,0,genomicbackground,1,riboswitch,0.9695194363594055,1482_6_RF00168_6_NC_000913.3_4233124-4233721_ext_100-300_int_160_off_40_percentage_51_position_61-160 genomicbackground,1482,6,1482_6
query_1483,0,genomicbackground,0,genomicbackground,0.47925084829330444,1483_6_RF00168_6_NC_000913.3_4233124-4233721_ext_100-300_int_165_off_0_percentage_33_position_101-165 genomicbackground,1483,6,1483_6
query_1484,0,genomicbackground,1,riboswitch,0.9670680165290833,1484_6_RF00168_6_NC_000913.3_4233124-4233721_ext_100-300_int_165_off_5_percentage_36_position_96-165 genomicbackground,1484,6,1484_6
query_1485,0,genomicbackground,1,riboswitch,0.9457947015762329,1485_6_RF00168_6_NC_000913.3_4233124-4233721_ext_100-300_int_165_off_10_percentage_38_position_91-165 genomicbackground,1485,6,1485_6
query_1486,0,genomicbackground,1,riboswitch,0.87177574634552,1486_6_RF00168_6_NC_000913.3_4233124-4233721_ext_100-300_int_165_off_15_percentage_41_position_86-165 genomicbackground,1486,6,1486_6
query_1487,0,genomicbackground,0,genomicbackground,0.1128782331943512,1487_6_RF00168_6_NC_000913.3_4233124-4233721_ext_100-300_int_165_off_20_percentage_43_position_81-165 genomicbackground,1487,6,1487_6
query_1488,0,genomicbackground,0,genomicbackground,0.08331694453954697,1488_6_RF00168_6_NC_000913.3_4233124-4233721_ext_100-300_int_165_off_25_percentage_46_position_76-165 genomicbackground,1488,6,1488_6
query_1489,0,genomicbackground,0,genomicbackground,0.2720276415348053,1489_6_RF00168_6_NC_000913.3_4233124-4233721_ext_100-300_int_165_off_30_percentage_48_position_71-165 genomicbackground,1489,6,1489_6
query_1490,0,genomicbackground,1,riboswitch,0.9195396304130554,1490_6_RF00168_6_NC_000913.3_4233124-4233721_ext_100-300_int_165_off_35_percentage_51_position_66-165 genomicbackground,1490,6,1490_6
query_1491,0,genomicbackground,1,riboswitch,0.5708626508712769,1491_6_RF00168_6_NC_000913.3_4233124-4233721_ext_100-300_int_170_off_0_percentage_36_position_101-170 genomicbackground,1491,6,1491_6
query_1492,0,genomicbackground,1,riboswitch,0.9410154819488525,1492_6_RF00168_6_NC_000913.3_4233124-4233721_ext_100-300_int_170_off_5_percentage_38_position_96-170 genomicbackground,1492,6,1492_6
query_1493,0,genomicbackground,1,riboswitch,0.9045386910438538,1493_6_RF00168_6_NC_000913.3_4233124-4233721_ext_100-300_int_170_off_10_percentage_41_position_91-170 genomicbackground,1493,6,1493_6
query_1494,0,genomicbackground,0,genomicbackground,0.38528600335121155,1494_6_RF00168_6_NC_000913.3_4233124-4233721_ext_100-300_int_170_off_15_percentage_43_position_86-170 genomicbackground,1494,6,1494_6
query_1495,0,genomicbackground,0,genomicbackground,0.37752389907836914,1495_6_RF00168_6_NC_000913.3_4233124-4233721_ext_100-300_int_170_off_20_percentage_46_position_81-170 genomicbackground,1495,6,1495_6
query_1496,0,genomicbackground,0,genomicbackground,0.06820836663246155,1496_6_RF00168_6_NC_000913.3_4233124-4233721_ext_100-300_int_170_off_25_percentage_48_position_76-170 genomicbackground,1496,6,1496_6
query_1497,0,genomicbackground,1,riboswitch,0.7954663038253784,1497_6_RF00168_6_NC_000913.3_4233124-4233721_ext_100-300_int_170_off_30_percentage_51_position_71-170 genomicbackground,1497,6,1497_6
query_1498,0,genomicbackground,1,riboswitch,0.8481215834617615,1498_6_RF00168_6_NC_000913.3_4233124-4233721_ext_100-300_int_175_off_0_percentage_38_position_101-175 genomicbackground,1498,6,1498_6
query_1499,0,genomicbackground,1,riboswitch,0.914531946182251,1499_6_RF00168_6_NC_000913.3_4233124-4233721_ext_100-300_int_175_off_5_percentage_41_position_96-175 genomicbackground,1499,6,1499_6
query_1500,0,genomicbackground,0,genomicbackground,0.4034630358219147,1500_6_RF00168_6_NC_000913.3_4233124-4233721_ext_100-300_int_175_off_10_percentage_43_position_91-175 genomicbackground,1500,6,1500_6
query_1501,0,genomicbackground,1,riboswitch,0.6779331564903259,1501_6_RF00168_6_NC_000913.3_4233124-4233721_ext_100-300_int_175_off_15_percentage_46_position_86-175 genomicbackground,1501,6,1501_6
query_1502,0,genomicbackground,0,genomicbackground,0.15054252743721008,1502_6_RF00168_6_NC_000913.3_4233124-4233721_ext_100-300_int_175_off_20_percentage_48_position_81-175 genomicbackground,1502,6,1502_6
query_1503,0,genomicbackground,0,genomicbackground,0.38983362913131714,1503_6_RF00168_6_NC_000913.3_4233124-4233721_ext_100-300_int_175_off_25_percentage_51_position_76-175 genomicbackground,1503,6,1503_6
query_1504,0,genomicbackground,1,riboswitch,0.7164068222045898,1504_6_RF00168_6_NC_000913.3_4233124-4233721_ext_100-300_int_180_off_0_percentage_41_position_101-180 genomicbackground,1504,6,1504_6
query_1505,0,genomicbackground,1,riboswitch,0.626359224319458,1505_6_RF00168_6_NC_000913.3_4233124-4233721_ext_100-300_int_180_off_5_percentage_43_position_96-180 genomicbackground,1505,6,1505_6
query_1506,0,genomicbackground,1,riboswitch,0.7204000353813171,1506_6_RF00168_6_NC_000913.3_4233124-4233721_ext_100-300_int_180_off_10_percentage_46_position_91-180 genomicbackground,1506,6,1506_6
query_1507,0,genomicbackground,0,genomicbackground,0.3839658200740814,1507_6_RF00168_6_NC_000913.3_4233124-4233721_ext_100-300_int_180_off_15_percentage_48_position_86-180 genomicbackground,1507,6,1507_6
query_1508,0,genomicbackground,1,riboswitch,0.6402037143707275,1508_6_RF00168_6_NC_000913.3_4233124-4233721_ext_100-300_int_180_off_20_percentage_51_position_81-180 genomicbackground,1508,6,1508_6
query_1509,0,genomicbackground,0,genomicbackground,0.21919956803321838,1509_6_RF00168_6_NC_000913.3_4233124-4233721_ext_100-300_int_185_off_0_percentage_43_position_101-185 genomicbackground,1509,6,1509_6
query_1510,0,genomicbackground,1,riboswitch,0.8415070176124573,1510_6_RF00168_6_NC_000913.3_4233124-4233721_ext_100-300_int_185_off_5_percentage_46_position_96-185 genomicbackground,1510,6,1510_6
query_1511,0,genomicbackground,0,genomicbackground,0.4170514643192291,1511_6_RF00168_6_NC_000913.3_4233124-4233721_ext_100-300_int_185_off_10_percentage_48_position_91-185 genomicbackground,1511,6,1511_6
query_1512,0,genomicbackground,1,riboswitch,0.9634139537811279,1512_6_RF00168_6_NC_000913.3_4233124-4233721_ext_100-300_int_185_off_15_percentage_51_position_86-185 genomicbackground,1512,6,1512_6
query_1513,0,genomicbackground,0,genomicbackground,0.47999826073646545,1513_6_RF00168_6_NC_000913.3_4233124-4233721_ext_100-300_int_190_off_0_percentage_46_position_101-190 genomicbackground,1513,6,1513_6
query_1514,0,genomicbackground,1,riboswitch,0.6571263074874878,1514_6_RF00168_6_NC_000913.3_4233124-4233721_ext_100-300_int_190_off_5_percentage_48_position_96-190 genomicbackground,1514,6,1514_6
query_1515,0,genomicbackground,0,genomicbackground,0.08331257104873657,1515_6_RF00168_6_NC_000913.3_4233124-4233721_ext_100-300_int_190_off_10_percentage_51_position_91-190 genomicbackground,1515,6,1515_6
query_1516,0,genomicbackground,0,genomicbackground,0.2322140634059906,1516_6_RF00168_6_NC_000913.3_4233124-4233721_ext_100-300_int_195_off_0_percentage_48_position_101-195 genomicbackground,1516,6,1516_6
query_1517,0,genomicbackground,0,genomicbackground,0.2457512468099594,1517_6_RF00168_6_NC_000913.3_4233124-4233721_ext_100-300_int_195_off_5_percentage_51_position_96-195 genomicbackground,1517,6,1517_6
query_1518,0,genomicbackground,0,genomicbackground,0.08136051893234253,1518_6_RF00168_6_NC_000913.3_4233124-4233721_ext_100-300_int_200_off_0_percentage_51_position_101-200 genomicbackground,1518,6,1518_6
query_1519,0,genomicbackground,0,genomicbackground,0.1434609442949295,1519_6_RF00168_6_NC_000913.3_4233124-4233721_ext_120-320_int_95_off_0_percentage_8_position_81-95 genomicbackground,1519,6,1519_6
query_1520,0,genomicbackground,0,genomicbackground,0.011841823346912861,1520_6_RF00168_6_NC_000913.3_4233124-4233721_ext_120-320_int_95_off_5_percentage_10_position_76-95 genomicbackground,1520,6,1520_6
query_1521,0,genomicbackground,0,genomicbackground,0.014543025754392147,1521_6_RF00168_6_NC_000913.3_4233124-4233721_ext_120-320_int_95_off_10_percentage_13_position_71-95 genomicbackground,1521,6,1521_6
query_1522,0,genomicbackground,0,genomicbackground,0.020308710634708405,1522_6_RF00168_6_NC_000913.3_4233124-4233721_ext_120-320_int_95_off_15_percentage_15_position_66-95 genomicbackground,1522,6,1522_6
query_1523,0,genomicbackground,0,genomicbackground,0.008145513944327831,1523_6_RF00168_6_NC_000913.3_4233124-4233721_ext_120-320_int_95_off_20_percentage_18_position_61-95 genomicbackground,1523,6,1523_6
query_1524,0,genomicbackground,0,genomicbackground,0.023386387154459953,1524_6_RF00168_6_NC_000913.3_4233124-4233721_ext_120-320_int_95_off_25_percentage_20_position_56-95 genomicbackground,1524,6,1524_6
query_1525,0,genomicbackground,0,genomicbackground,0.1575087606906891,1525_6_RF00168_6_NC_000913.3_4233124-4233721_ext_120-320_int_95_off_30_percentage_23_position_51-95 genomicbackground,1525,6,1525_6
query_1526,0,genomicbackground,0,genomicbackground,0.21728305518627167,1526_6_RF00168_6_NC_000913.3_4233124-4233721_ext_120-320_int_95_off_35_percentage_25_position_46-95 genomicbackground,1526,6,1526_6
query_1527,0,genomicbackground,1,riboswitch,0.8896877765655518,1527_6_RF00168_6_NC_000913.3_4233124-4233721_ext_120-320_int_95_off_40_percentage_28_position_41-95 genomicbackground,1527,6,1527_6
query_1528,0,genomicbackground,1,riboswitch,0.6576889157295227,1528_6_RF00168_6_NC_000913.3_4233124-4233721_ext_120-320_int_95_off_45_percentage_30_position_36-95 genomicbackground,1528,6,1528_6
query_1529,0,genomicbackground,1,riboswitch,0.9172741770744324,1529_6_RF00168_6_NC_000913.3_4233124-4233721_ext_120-320_int_95_off_50_percentage_33_position_31-95 genomicbackground,1529,6,1529_6
query_1530,0,genomicbackground,1,riboswitch,0.9956448078155518,1530_6_RF00168_6_NC_000913.3_4233124-4233721_ext_120-320_int_95_off_55_percentage_36_position_26-95 genomicbackground,1530,6,1530_6
query_1531,0,genomicbackground,1,riboswitch,0.9984799027442932,1531_6_RF00168_6_NC_000913.3_4233124-4233721_ext_120-320_int_95_off_60_percentage_38_position_21-95 genomicbackground,1531,6,1531_6
query_1532,0,genomicbackground,1,riboswitch,0.9857930541038513,1532_6_RF00168_6_NC_000913.3_4233124-4233721_ext_120-320_int_95_off_65_percentage_41_position_16-95 genomicbackground,1532,6,1532_6
query_1533,0,genomicbackground,1,riboswitch,0.9915035367012024,1533_6_RF00168_6_NC_000913.3_4233124-4233721_ext_120-320_int_95_off_70_percentage_43_position_11-95 genomicbackground,1533,6,1533_6
query_1534,0,genomicbackground,1,riboswitch,0.9994669556617737,1534_6_RF00168_6_NC_000913.3_4233124-4233721_ext_120-320_int_95_off_75_percentage_46_position_6-95 genomicbackground,1534,6,1534_6
query_1535,0,genomicbackground,1,riboswitch,0.9988763928413391,1535_6_RF00168_6_NC_000913.3_4233124-4233721_ext_120-320_int_95_off_80_percentage_48_position_1-95 genomicbackground,1535,6,1535_6
query_1536,0,genomicbackground,1,riboswitch,0.9974785447120667,1536_6_RF00168_6_NC_000913.3_4233124-4233721_ext_120-320_int_95_off_85_percentage_48_position_1-95 genomicbackground,1536,6,1536_6
query_1537,0,genomicbackground,1,riboswitch,0.9959114789962769,1537_6_RF00168_6_NC_000913.3_4233124-4233721_ext_120-320_int_95_off_90_percentage_48_position_1-95 genomicbackground,1537,6,1537_6
query_1538,0,genomicbackground,1,riboswitch,0.9961251616477966,1538_6_RF00168_6_NC_000913.3_4233124-4233721_ext_120-320_int_95_off_95_percentage_48_position_1-95 genomicbackground,1538,6,1538_6
query_1539,0,genomicbackground,1,riboswitch,0.9973325729370117,1539_6_RF00168_6_NC_000913.3_4233124-4233721_ext_120-320_int_95_off_100_percentage_48_position_1-95 genomicbackground,1539,6,1539_6
query_1540,0,genomicbackground,1,riboswitch,0.9967936873435974,1540_6_RF00168_6_NC_000913.3_4233124-4233721_ext_120-320_int_95_off_105_percentage_48_position_1-95 genomicbackground,1540,6,1540_6
query_1541,0,genomicbackground,0,genomicbackground,0.09945981949567795,1541_6_RF00168_6_NC_000913.3_4233124-4233721_ext_120-320_int_100_off_0_percentage_10_position_81-100 genomicbackground,1541,6,1541_6
query_1542,0,genomicbackground,0,genomicbackground,0.0113077936694026,1542_6_RF00168_6_NC_000913.3_4233124-4233721_ext_120-320_int_100_off_5_percentage_13_position_76-100 genomicbackground,1542,6,1542_6
query_1543,0,genomicbackground,0,genomicbackground,0.014886504970490932,1543_6_RF00168_6_NC_000913.3_4233124-4233721_ext_120-320_int_100_off_10_percentage_15_position_71-100 genomicbackground,1543,6,1543_6
query_1544,0,genomicbackground,0,genomicbackground,0.012290125712752342,1544_6_RF00168_6_NC_000913.3_4233124-4233721_ext_120-320_int_100_off_15_percentage_18_position_66-100 genomicbackground,1544,6,1544_6
query_1545,0,genomicbackground,0,genomicbackground,0.005774106364697218,1545_6_RF00168_6_NC_000913.3_4233124-4233721_ext_120-320_int_100_off_20_percentage_20_position_61-100 genomicbackground,1545,6,1545_6
query_1546,0,genomicbackground,0,genomicbackground,0.3801629841327667,1546_6_RF00168_6_NC_000913.3_4233124-4233721_ext_120-320_int_100_off_25_percentage_23_position_56-100 genomicbackground,1546,6,1546_6
query_1547,0,genomicbackground,0,genomicbackground,0.15715698897838593,1547_6_RF00168_6_NC_000913.3_4233124-4233721_ext_120-320_int_100_off_30_percentage_25_position_51-100 genomicbackground,1547,6,1547_6
query_1548,0,genomicbackground,0,genomicbackground,0.2824578583240509,1548_6_RF00168_6_NC_000913.3_4233124-4233721_ext_120-320_int_100_off_35_percentage_28_position_46-100 genomicbackground,1548,6,1548_6
query_1549,0,genomicbackground,1,riboswitch,0.9829661846160889,1549_6_RF00168_6_NC_000913.3_4233124-4233721_ext_120-320_int_100_off_40_percentage_30_position_41-100 genomicbackground,1549,6,1549_6
query_1550,0,genomicbackground,1,riboswitch,0.8828904628753662,1550_6_RF00168_6_NC_000913.3_4233124-4233721_ext_120-320_int_100_off_45_percentage_33_position_36-100 genomicbackground,1550,6,1550_6
query_1551,0,genomicbackground,1,riboswitch,0.9760028719902039,1551_6_RF00168_6_NC_000913.3_4233124-4233721_ext_120-320_int_100_off_50_percentage_36_position_31-100 genomicbackground,1551,6,1551_6
query_1552,0,genomicbackground,1,riboswitch,0.9992616772651672,1552_6_RF00168_6_NC_000913.3_4233124-4233721_ext_120-320_int_100_off_55_percentage_38_position_26-100 genomicbackground,1552,6,1552_6
query_1553,0,genomicbackground,1,riboswitch,0.975774884223938,1553_6_RF00168_6_NC_000913.3_4233124-4233721_ext_120-320_int_100_off_60_percentage_41_position_21-100 genomicbackground,1553,6,1553_6
query_1554,0,genomicbackground,1,riboswitch,0.9861272573471069,1554_6_RF00168_6_NC_000913.3_4233124-4233721_ext_120-320_int_100_off_65_percentage_43_position_16-100 genomicbackground,1554,6,1554_6
query_1555,0,genomicbackground,1,riboswitch,0.9947757720947266,1555_6_RF00168_6_NC_000913.3_4233124-4233721_ext_120-320_int_100_off_70_percentage_46_position_11-100 genomicbackground,1555,6,1555_6
query_1556,0,genomicbackground,1,riboswitch,0.999434769153595,1556_6_RF00168_6_NC_000913.3_4233124-4233721_ext_120-320_int_100_off_75_percentage_48_position_6-100 genomicbackground,1556,6,1556_6
query_1557,0,genomicbackground,1,riboswitch,0.9978345036506653,1557_6_RF00168_6_NC_000913.3_4233124-4233721_ext_120-320_int_100_off_80_percentage_51_position_1-100 genomicbackground,1557,6,1557_6
query_1558,0,genomicbackground,1,riboswitch,0.9977130889892578,1558_6_RF00168_6_NC_000913.3_4233124-4233721_ext_120-320_int_100_off_85_percentage_51_position_1-100 genomicbackground,1558,6,1558_6
query_1559,0,genomicbackground,1,riboswitch,0.9806911945343018,1559_6_RF00168_6_NC_000913.3_4233124-4233721_ext_120-320_int_100_off_90_percentage_51_position_1-100 genomicbackground,1559,6,1559_6
query_1560,0,genomicbackground,1,riboswitch,0.6379722356796265,1560_6_RF00168_6_NC_000913.3_4233124-4233721_ext_120-320_int_100_off_95_percentage_51_position_1-100 genomicbackground,1560,6,1560_6
query_1561,0,genomicbackground,1,riboswitch,0.9968245029449463,1561_6_RF00168_6_NC_000913.3_4233124-4233721_ext_120-320_int_100_off_100_percentage_51_position_1-100 genomicbackground,1561,6,1561_6
query_1562,0,genomicbackground,0,genomicbackground,0.06430906057357788,1562_6_RF00168_6_NC_000913.3_4233124-4233721_ext_120-320_int_105_off_0_percentage_13_position_81-105 genomicbackground,1562,6,1562_6
query_1563,0,genomicbackground,0,genomicbackground,0.011485323309898376,1563_6_RF00168_6_NC_000913.3_4233124-4233721_ext_120-320_int_105_off_5_percentage_15_position_76-105 genomicbackground,1563,6,1563_6
query_1564,0,genomicbackground,0,genomicbackground,0.011815866455435753,1564_6_RF00168_6_NC_000913.3_4233124-4233721_ext_120-320_int_105_off_10_percentage_18_position_71-105 genomicbackground,1564,6,1564_6
query_1565,0,genomicbackground,0,genomicbackground,0.018657656386494637,1565_6_RF00168_6_NC_000913.3_4233124-4233721_ext_120-320_int_105_off_15_percentage_20_position_66-105 genomicbackground,1565,6,1565_6
query_1566,0,genomicbackground,0,genomicbackground,0.12597258388996124,1566_6_RF00168_6_NC_000913.3_4233124-4233721_ext_120-320_int_105_off_20_percentage_23_position_61-105 genomicbackground,1566,6,1566_6
query_1567,0,genomicbackground,0,genomicbackground,0.4026402235031128,1567_6_RF00168_6_NC_000913.3_4233124-4233721_ext_120-320_int_105_off_25_percentage_25_position_56-105 genomicbackground,1567,6,1567_6
query_1568,0,genomicbackground,0,genomicbackground,0.21830163896083832,1568_6_RF00168_6_NC_000913.3_4233124-4233721_ext_120-320_int_105_off_30_percentage_28_position_51-105 genomicbackground,1568,6,1568_6
query_1569,0,genomicbackground,1,riboswitch,0.763442873954773,1569_6_RF00168_6_NC_000913.3_4233124-4233721_ext_120-320_int_105_off_35_percentage_30_position_46-105 genomicbackground,1569,6,1569_6
query_1570,0,genomicbackground,1,riboswitch,0.951699435710907,1570_6_RF00168_6_NC_000913.3_4233124-4233721_ext_120-320_int_105_off_40_percentage_33_position_41-105 genomicbackground,1570,6,1570_6
query_1571,0,genomicbackground,1,riboswitch,0.9923878908157349,1571_6_RF00168_6_NC_000913.3_4233124-4233721_ext_120-320_int_105_off_45_percentage_36_position_36-105 genomicbackground,1571,6,1571_6
query_1572,0,genomicbackground,1,riboswitch,0.9986520409584045,1572_6_RF00168_6_NC_000913.3_4233124-4233721_ext_120-320_int_105_off_50_percentage_38_position_31-105 genomicbackground,1572,6,1572_6
query_1573,0,genomicbackground,1,riboswitch,0.9731554985046387,1573_6_RF00168_6_NC_000913.3_4233124-4233721_ext_120-320_int_105_off_55_percentage_41_position_26-105 genomicbackground,1573,6,1573_6
query_1574,0,genomicbackground,1,riboswitch,0.9769976139068604,1574_6_RF00168_6_NC_000913.3_4233124-4233721_ext_120-320_int_105_off_60_percentage_43_position_21-105 genomicbackground,1574,6,1574_6
query_1575,0,genomicbackground,1,riboswitch,0.9955390095710754,1575_6_RF00168_6_NC_000913.3_4233124-4233721_ext_120-320_int_105_off_65_percentage_46_position_16-105 genomicbackground,1575,6,1575_6
query_1576,0,genomicbackground,1,riboswitch,0.9945846199989319,1576_6_RF00168_6_NC_000913.3_4233124-4233721_ext_120-320_int_105_off_70_percentage_48_position_11-105 genomicbackground,1576,6,1576_6
query_1577,0,genomicbackground,1,riboswitch,0.9972121119499207,1577_6_RF00168_6_NC_000913.3_4233124-4233721_ext_120-320_int_105_off_75_percentage_51_position_6-105 genomicbackground,1577,6,1577_6
query_1578,0,genomicbackground,1,riboswitch,0.992607593536377,1578_6_RF00168_6_NC_000913.3_4233124-4233721_ext_120-320_int_105_off_80_percentage_53_position_1-105 genomicbackground,1578,6,1578_6
query_1579,0,genomicbackground,1,riboswitch,0.9520189166069031,1579_6_RF00168_6_NC_000913.3_4233124-4233721_ext_120-320_int_105_off_85_percentage_53_position_1-105 genomicbackground,1579,6,1579_6
query_1580,0,genomicbackground,1,riboswitch,0.7796173691749573,1580_6_RF00168_6_NC_000913.3_4233124-4233721_ext_120-320_int_105_off_90_percentage_53_position_1-105 genomicbackground,1580,6,1580_6
query_1581,0,genomicbackground,1,riboswitch,0.9532890319824219,1581_6_RF00168_6_NC_000913.3_4233124-4233721_ext_120-320_int_105_off_95_percentage_53_position_1-105 genomicbackground,1581,6,1581_6
query_1582,0,genomicbackground,0,genomicbackground,0.05638964846730232,1582_6_RF00168_6_NC_000913.3_4233124-4233721_ext_120-320_int_110_off_0_percentage_15_position_81-110 genomicbackground,1582,6,1582_6
query_1583,0,genomicbackground,0,genomicbackground,0.010516166687011719,1583_6_RF00168_6_NC_000913.3_4233124-4233721_ext_120-320_int_110_off_5_percentage_18_position_76-110 genomicbackground,1583,6,1583_6
query_1584,0,genomicbackground,0,genomicbackground,0.015760311856865883,1584_6_RF00168_6_NC_000913.3_4233124-4233721_ext_120-320_int_110_off_10_percentage_20_position_71-110 genomicbackground,1584,6,1584_6
query_1585,0,genomicbackground,0,genomicbackground,0.04541974514722824,1585_6_RF00168_6_NC_000913.3_4233124-4233721_ext_120-320_int_110_off_15_percentage_23_position_66-110 genomicbackground,1585,6,1585_6
query_1586,0,genomicbackground,0,genomicbackground,0.10897236317396164,1586_6_RF00168_6_NC_000913.3_4233124-4233721_ext_120-320_int_110_off_20_percentage_25_position_61-110 genomicbackground,1586,6,1586_6
query_1587,0,genomicbackground,0,genomicbackground,0.40899738669395447,1587_6_RF00168_6_NC_000913.3_4233124-4233721_ext_120-320_int_110_off_25_percentage_28_position_56-110 genomicbackground,1587,6,1587_6
query_1588,0,genomicbackground,1,riboswitch,0.6281027793884277,1588_6_RF00168_6_NC_000913.3_4233124-4233721_ext_120-320_int_110_off_30_percentage_30_position_51-110 genomicbackground,1588,6,1588_6
query_1589,0,genomicbackground,1,riboswitch,0.656749963760376,1589_6_RF00168_6_NC_000913.3_4233124-4233721_ext_120-320_int_110_off_35_percentage_33_position_46-110 genomicbackground,1589,6,1589_6
query_1590,0,genomicbackground,1,riboswitch,0.9764431118965149,1590_6_RF00168_6_NC_000913.3_4233124-4233721_ext_120-320_int_110_off_40_percentage_36_position_41-110 genomicbackground,1590,6,1590_6
query_1591,0,genomicbackground,1,riboswitch,0.9977996945381165,1591_6_RF00168_6_NC_000913.3_4233124-4233721_ext_120-320_int_110_off_45_percentage_38_position_36-110 genomicbackground,1591,6,1591_6
query_1592,0,genomicbackground,1,riboswitch,0.935231626033783,1592_6_RF00168_6_NC_000913.3_4233124-4233721_ext_120-320_int_110_off_50_percentage_41_position_31-110 genomicbackground,1592,6,1592_6
query_1593,0,genomicbackground,1,riboswitch,0.9750763177871704,1593_6_RF00168_6_NC_000913.3_4233124-4233721_ext_120-320_int_110_off_55_percentage_43_position_26-110 genomicbackground,1593,6,1593_6
query_1594,0,genomicbackground,1,riboswitch,0.9915698766708374,1594_6_RF00168_6_NC_000913.3_4233124-4233721_ext_120-320_int_110_off_60_percentage_46_position_21-110 genomicbackground,1594,6,1594_6
query_1595,0,genomicbackground,1,riboswitch,0.9894062876701355,1595_6_RF00168_6_NC_000913.3_4233124-4233721_ext_120-320_int_110_off_65_percentage_48_position_16-110 genomicbackground,1595,6,1595_6
query_1596,0,genomicbackground,1,riboswitch,0.9979307651519775,1596_6_RF00168_6_NC_000913.3_4233124-4233721_ext_120-320_int_110_off_70_percentage_51_position_11-110 genomicbackground,1596,6,1596_6
query_1597,0,genomicbackground,1,riboswitch,0.9933326840400696,1597_6_RF00168_6_NC_000913.3_4233124-4233721_ext_120-320_int_110_off_75_percentage_53_position_6-110 genomicbackground,1597,6,1597_6
query_1598,0,genomicbackground,1,riboswitch,0.9916050434112549,1598_6_RF00168_6_NC_000913.3_4233124-4233721_ext_120-320_int_110_off_80_percentage_56_position_1-110 genomicbackground,1598,6,1598_6
query_1599,0,genomicbackground,1,riboswitch,0.9404970407485962,1599_6_RF00168_6_NC_000913.3_4233124-4233721_ext_120-320_int_110_off_85_percentage_56_position_1-110 genomicbackground,1599,6,1599_6
query_1600,0,genomicbackground,1,riboswitch,0.8483650088310242,1600_6_RF00168_6_NC_000913.3_4233124-4233721_ext_120-320_int_110_off_90_percentage_56_position_1-110 genomicbackground,1600,6,1600_6
query_1601,0,genomicbackground,0,genomicbackground,0.01759590394794941,1601_6_RF00168_6_NC_000913.3_4233124-4233721_ext_120-320_int_115_off_0_percentage_18_position_81-115 genomicbackground,1601,6,1601_6
query_1602,0,genomicbackground,0,genomicbackground,0.013211958110332489,1602_6_RF00168_6_NC_000913.3_4233124-4233721_ext_120-320_int_115_off_5_percentage_20_position_76-115 genomicbackground,1602,6,1602_6
query_1603,0,genomicbackground,0,genomicbackground,0.032025955617427826,1603_6_RF00168_6_NC_000913.3_4233124-4233721_ext_120-320_int_115_off_10_percentage_23_position_71-115 genomicbackground,1603,6,1603_6
query_1604,0,genomicbackground,0,genomicbackground,0.04185071215033531,1604_6_RF00168_6_NC_000913.3_4233124-4233721_ext_120-320_int_115_off_15_percentage_25_position_66-115 genomicbackground,1604,6,1604_6
query_1605,0,genomicbackground,0,genomicbackground,0.40757322311401367,1605_6_RF00168_6_NC_000913.3_4233124-4233721_ext_120-320_int_115_off_20_percentage_28_position_61-115 genomicbackground,1605,6,1605_6
query_1606,0,genomicbackground,1,riboswitch,0.8149318695068359,1606_6_RF00168_6_NC_000913.3_4233124-4233721_ext_120-320_int_115_off_25_percentage_30_position_56-115 genomicbackground,1606,6,1606_6
query_1607,0,genomicbackground,1,riboswitch,0.7524731159210205,1607_6_RF00168_6_NC_000913.3_4233124-4233721_ext_120-320_int_115_off_30_percentage_33_position_51-115 genomicbackground,1607,6,1607_6
query_1608,0,genomicbackground,1,riboswitch,0.8460599780082703,1608_6_RF00168_6_NC_000913.3_4233124-4233721_ext_120-320_int_115_off_35_percentage_36_position_46-115 genomicbackground,1608,6,1608_6
query_1609,0,genomicbackground,1,riboswitch,0.9986793398857117,1609_6_RF00168_6_NC_000913.3_4233124-4233721_ext_120-320_int_115_off_40_percentage_38_position_41-115 genomicbackground,1609,6,1609_6
query_1610,0,genomicbackground,1,riboswitch,0.9973323345184326,1610_6_RF00168_6_NC_000913.3_4233124-4233721_ext_120-320_int_115_off_45_percentage_41_position_36-115 genomicbackground,1610,6,1610_6
query_1611,0,genomicbackground,1,riboswitch,0.943976640701294,1611_6_RF00168_6_NC_000913.3_4233124-4233721_ext_120-320_int_115_off_50_percentage_43_position_31-115 genomicbackground,1611,6,1611_6
query_1612,0,genomicbackground,1,riboswitch,0.9921672940254211,1612_6_RF00168_6_NC_000913.3_4233124-4233721_ext_120-320_int_115_off_55_percentage_46_position_26-115 genomicbackground,1612,6,1612_6
query_1613,0,genomicbackground,1,riboswitch,0.9987542629241943,1613_6_RF00168_6_NC_000913.3_4233124-4233721_ext_120-320_int_115_off_60_percentage_48_position_21-115 genomicbackground,1613,6,1613_6
query_1614,0,genomicbackground,1,riboswitch,0.99729984998703,1614_6_RF00168_6_NC_000913.3_4233124-4233721_ext_120-320_int_115_off_65_percentage_51_position_16-115 genomicbackground,1614,6,1614_6
query_1615,0,genomicbackground,1,riboswitch,0.9869553446769714,1615_6_RF00168_6_NC_000913.3_4233124-4233721_ext_120-320_int_115_off_70_percentage_53_position_11-115 genomicbackground,1615,6,1615_6
query_1616,0,genomicbackground,1,riboswitch,0.9917312264442444,1616_6_RF00168_6_NC_000913.3_4233124-4233721_ext_120-320_int_115_off_75_percentage_56_position_6-115 genomicbackground,1616,6,1616_6
query_1617,0,genomicbackground,1,riboswitch,0.9886670112609863,1617_6_RF00168_6_NC_000913.3_4233124-4233721_ext_120-320_int_115_off_80_percentage_58_position_1-115 genomicbackground,1617,6,1617_6
query_1618,0,genomicbackground,1,riboswitch,0.9541988968849182,1618_6_RF00168_6_NC_000913.3_4233124-4233721_ext_120-320_int_115_off_85_percentage_58_position_1-115 genomicbackground,1618,6,1618_6
query_1619,0,genomicbackground,0,genomicbackground,0.021023033186793327,1619_6_RF00168_6_NC_000913.3_4233124-4233721_ext_120-320_int_120_off_0_percentage_20_position_81-120 genomicbackground,1619,6,1619_6
query_1620,0,genomicbackground,0,genomicbackground,0.018725786358118057,1620_6_RF00168_6_NC_000913.3_4233124-4233721_ext_120-320_int_120_off_5_percentage_23_position_76-120 genomicbackground,1620,6,1620_6
query_1621,0,genomicbackground,0,genomicbackground,0.027248632162809372,1621_6_RF00168_6_NC_000913.3_4233124-4233721_ext_120-320_int_120_off_10_percentage_25_position_71-120 genomicbackground,1621,6,1621_6
query_1622,0,genomicbackground,0,genomicbackground,0.2833767533302307,1622_6_RF00168_6_NC_000913.3_4233124-4233721_ext_120-320_int_120_off_15_percentage_28_position_66-120 genomicbackground,1622,6,1622_6
query_1623,0,genomicbackground,0,genomicbackground,0.4466570317745209,1623_6_RF00168_6_NC_000913.3_4233124-4233721_ext_120-320_int_120_off_20_percentage_30_position_61-120 genomicbackground,1623,6,1623_6
query_1624,0,genomicbackground,1,riboswitch,0.904448926448822,1624_6_RF00168_6_NC_000913.3_4233124-4233721_ext_120-320_int_120_off_25_percentage_33_position_56-120 genomicbackground,1624,6,1624_6
query_1625,0,genomicbackground,1,riboswitch,0.7590986490249634,1625_6_RF00168_6_NC_000913.3_4233124-4233721_ext_120-320_int_120_off_30_percentage_36_position_51-120 genomicbackground,1625,6,1625_6
query_1626,0,genomicbackground,1,riboswitch,0.996807873249054,1626_6_RF00168_6_NC_000913.3_4233124-4233721_ext_120-320_int_120_off_35_percentage_38_position_46-120 genomicbackground,1626,6,1626_6
query_1627,0,genomicbackground,1,riboswitch,0.9981139898300171,1627_6_RF00168_6_NC_000913.3_4233124-4233721_ext_120-320_int_120_off_40_percentage_41_position_41-120 genomicbackground,1627,6,1627_6
query_1628,0,genomicbackground,1,riboswitch,0.9991424083709717,1628_6_RF00168_6_NC_000913.3_4233124-4233721_ext_120-320_int_120_off_45_percentage_43_position_36-120 genomicbackground,1628,6,1628_6
query_1629,0,genomicbackground,1,riboswitch,0.9896190762519836,1629_6_RF00168_6_NC_000913.3_4233124-4233721_ext_120-320_int_120_off_50_percentage_46_position_31-120 genomicbackground,1629,6,1629_6
query_1630,0,genomicbackground,1,riboswitch,0.9822776317596436,1630_6_RF00168_6_NC_000913.3_4233124-4233721_ext_120-320_int_120_off_55_percentage_48_position_26-120 genomicbackground,1630,6,1630_6
query_1631,0,genomicbackground,1,riboswitch,0.9966360330581665,1631_6_RF00168_6_NC_000913.3_4233124-4233721_ext_120-320_int_120_off_60_percentage_51_position_21-120 genomicbackground,1631,6,1631_6
query_1632,0,genomicbackground,1,riboswitch,0.9973132014274597,1632_6_RF00168_6_NC_000913.3_4233124-4233721_ext_120-320_int_120_off_65_percentage_53_position_16-120 genomicbackground,1632,6,1632_6
query_1633,0,genomicbackground,1,riboswitch,0.9841734170913696,1633_6_RF00168_6_NC_000913.3_4233124-4233721_ext_120-320_int_120_off_70_percentage_56_position_11-120 genomicbackground,1633,6,1633_6
query_1634,0,genomicbackground,1,riboswitch,0.994600772857666,1634_6_RF00168_6_NC_000913.3_4233124-4233721_ext_120-320_int_120_off_75_percentage_58_position_6-120 genomicbackground,1634,6,1634_6
query_1635,0,genomicbackground,1,riboswitch,0.9473792910575867,1635_6_RF00168_6_NC_000913.3_4233124-4233721_ext_120-320_int_120_off_80_percentage_61_position_1-120 genomicbackground,1635,6,1635_6
query_1636,0,genomicbackground,0,genomicbackground,0.10031293332576752,1636_6_RF00168_6_NC_000913.3_4233124-4233721_ext_120-320_int_125_off_0_percentage_23_position_81-125 genomicbackground,1636,6,1636_6
query_1637,0,genomicbackground,0,genomicbackground,0.017045656219124794,1637_6_RF00168_6_NC_000913.3_4233124-4233721_ext_120-320_int_125_off_5_percentage_25_position_76-125 genomicbackground,1637,6,1637_6
query_1638,0,genomicbackground,0,genomicbackground,0.021132368594408035,1638_6_RF00168_6_NC_000913.3_4233124-4233721_ext_120-320_int_125_off_10_percentage_28_position_71-125 genomicbackground,1638,6,1638_6
query_1639,0,genomicbackground,1,riboswitch,0.5971136093139648,1639_6_RF00168_6_NC_000913.3_4233124-4233721_ext_120-320_int_125_off_15_percentage_30_position_66-125 genomicbackground,1639,6,1639_6
query_1640,0,genomicbackground,1,riboswitch,0.7981992363929749,1640_6_RF00168_6_NC_000913.3_4233124-4233721_ext_120-320_int_125_off_20_percentage_33_position_61-125 genomicbackground,1640,6,1640_6
query_1641,0,genomicbackground,1,riboswitch,0.8704086542129517,1641_6_RF00168_6_NC_000913.3_4233124-4233721_ext_120-320_int_125_off_25_percentage_36_position_56-125 genomicbackground,1641,6,1641_6
query_1642,0,genomicbackground,1,riboswitch,0.9667885899543762,1642_6_RF00168_6_NC_000913.3_4233124-4233721_ext_120-320_int_125_off_30_percentage_38_position_51-125 genomicbackground,1642,6,1642_6
query_1643,0,genomicbackground,1,riboswitch,0.9944019913673401,1643_6_RF00168_6_NC_000913.3_4233124-4233721_ext_120-320_int_125_off_35_percentage_41_position_46-125 genomicbackground,1643,6,1643_6
query_1644,0,genomicbackground,1,riboswitch,0.9960458874702454,1644_6_RF00168_6_NC_000913.3_4233124-4233721_ext_120-320_int_125_off_40_percentage_43_position_41-125 genomicbackground,1644,6,1644_6
query_1645,0,genomicbackground,1,riboswitch,0.9982578158378601,1645_6_RF00168_6_NC_000913.3_4233124-4233721_ext_120-320_int_125_off_45_percentage_46_position_36-125 genomicbackground,1645,6,1645_6
query_1646,0,genomicbackground,1,riboswitch,0.9715437293052673,1646_6_RF00168_6_NC_000913.3_4233124-4233721_ext_120-320_int_125_off_50_percentage_48_position_31-125 genomicbackground,1646,6,1646_6
query_1647,0,genomicbackground,1,riboswitch,0.9966738224029541,1647_6_RF00168_6_NC_000913.3_4233124-4233721_ext_120-320_int_125_off_55_percentage_51_position_26-125 genomicbackground,1647,6,1647_6
query_1648,0,genomicbackground,1,riboswitch,0.9967436790466309,1648_6_RF00168_6_NC_000913.3_4233124-4233721_ext_120-320_int_125_off_60_percentage_53_position_21-125 genomicbackground,1648,6,1648_6
query_1649,0,genomicbackground,1,riboswitch,0.9971176385879517,1649_6_RF00168_6_NC_000913.3_4233124-4233721_ext_120-320_int_125_off_65_percentage_56_position_16-125 genomicbackground,1649,6,1649_6
query_1650,0,genomicbackground,1,riboswitch,0.9957055449485779,1650_6_RF00168_6_NC_000913.3_4233124-4233721_ext_120-320_int_125_off_70_percentage_58_position_11-125 genomicbackground,1650,6,1650_6
query_1651,0,genomicbackground,1,riboswitch,0.9931691884994507,1651_6_RF00168_6_NC_000913.3_4233124-4233721_ext_120-320_int_125_off_75_percentage_61_position_6-125 genomicbackground,1651,6,1651_6
query_1652,0,genomicbackground,0,genomicbackground,0.07500062137842178,1652_6_RF00168_6_NC_000913.3_4233124-4233721_ext_120-320_int_130_off_0_percentage_25_position_81-130 genomicbackground,1652,6,1652_6
query_1653,0,genomicbackground,0,genomicbackground,0.014465998858213425,1653_6_RF00168_6_NC_000913.3_4233124-4233721_ext_120-320_int_130_off_5_percentage_28_position_76-130 genomicbackground,1653,6,1653_6
query_1654,0,genomicbackground,0,genomicbackground,0.020583951845765114,1654_6_RF00168_6_NC_000913.3_4233124-4233721_ext_120-320_int_130_off_10_percentage_30_position_71-130 genomicbackground,1654,6,1654_6
query_1655,0,genomicbackground,0,genomicbackground,0.1940213292837143,1655_6_RF00168_6_NC_000913.3_4233124-4233721_ext_120-320_int_130_off_15_percentage_33_position_66-130 genomicbackground,1655,6,1655_6
query_1656,0,genomicbackground,1,riboswitch,0.7373941540718079,1656_6_RF00168_6_NC_000913.3_4233124-4233721_ext_120-320_int_130_off_20_percentage_36_position_61-130 genomicbackground,1656,6,1656_6
query_1657,0,genomicbackground,1,riboswitch,0.9802725911140442,1657_6_RF00168_6_NC_000913.3_4233124-4233721_ext_120-320_int_130_off_25_percentage_38_position_56-130 genomicbackground,1657,6,1657_6
query_1658,0,genomicbackground,1,riboswitch,0.931923508644104,1658_6_RF00168_6_NC_000913.3_4233124-4233721_ext_120-320_int_130_off_30_percentage_41_position_51-130 genomicbackground,1658,6,1658_6
query_1659,0,genomicbackground,1,riboswitch,0.9888555407524109,1659_6_RF00168_6_NC_000913.3_4233124-4233721_ext_120-320_int_130_off_35_percentage_43_position_46-130 genomicbackground,1659,6,1659_6
query_1660,0,genomicbackground,1,riboswitch,0.9978286623954773,1660_6_RF00168_6_NC_000913.3_4233124-4233721_ext_120-320_int_130_off_40_percentage_46_position_41-130 genomicbackground,1660,6,1660_6
query_1661,0,genomicbackground,1,riboswitch,0.9984279870986938,1661_6_RF00168_6_NC_000913.3_4233124-4233721_ext_120-320_int_130_off_45_percentage_48_position_36-130 genomicbackground,1661,6,1661_6
query_1662,0,genomicbackground,1,riboswitch,0.9958837628364563,1662_6_RF00168_6_NC_000913.3_4233124-4233721_ext_120-320_int_130_off_50_percentage_51_position_31-130 genomicbackground,1662,6,1662_6
query_1663,0,genomicbackground,1,riboswitch,0.996738612651825,1663_6_RF00168_6_NC_000913.3_4233124-4233721_ext_120-320_int_130_off_55_percentage_53_position_26-130 genomicbackground,1663,6,1663_6
query_1664,0,genomicbackground,1,riboswitch,0.9965404868125916,1664_6_RF00168_6_NC_000913.3_4233124-4233721_ext_120-320_int_130_off_60_percentage_56_position_21-130 genomicbackground,1664,6,1664_6
query_1665,0,genomicbackground,1,riboswitch,0.9576937556266785,1665_6_RF00168_6_NC_000913.3_4233124-4233721_ext_120-320_int_130_off_65_percentage_58_position_16-130 genomicbackground,1665,6,1665_6
query_1666,0,genomicbackground,1,riboswitch,0.9952574372291565,1666_6_RF00168_6_NC_000913.3_4233124-4233721_ext_120-320_int_130_off_70_percentage_61_position_11-130 genomicbackground,1666,6,1666_6
query_1667,0,genomicbackground,0,genomicbackground,0.12103237956762314,1667_6_RF00168_6_NC_000913.3_4233124-4233721_ext_120-320_int_135_off_0_percentage_28_position_81-135 genomicbackground,1667,6,1667_6
query_1668,0,genomicbackground,0,genomicbackground,0.014976643025875092,1668_6_RF00168_6_NC_000913.3_4233124-4233721_ext_120-320_int_135_off_5_percentage_30_position_76-135 genomicbackground,1668,6,1668_6
query_1669,0,genomicbackground,0,genomicbackground,0.017657268792390823,1669_6_RF00168_6_NC_000913.3_4233124-4233721_ext_120-320_int_135_off_10_percentage_33_position_71-135 genomicbackground,1669,6,1669_6
query_1670,0,genomicbackground,1,riboswitch,0.9766619205474854,1670_6_RF00168_6_NC_000913.3_4233124-4233721_ext_120-320_int_135_off_15_percentage_36_position_66-135 genomicbackground,1670,6,1670_6
query_1671,0,genomicbackground,1,riboswitch,0.9621800780296326,1671_6_RF00168_6_NC_000913.3_4233124-4233721_ext_120-320_int_135_off_20_percentage_38_position_61-135 genomicbackground,1671,6,1671_6
query_1672,0,genomicbackground,1,riboswitch,0.9626335501670837,1672_6_RF00168_6_NC_000913.3_4233124-4233721_ext_120-320_int_135_off_25_percentage_41_position_56-135 genomicbackground,1672,6,1672_6
query_1673,0,genomicbackground,1,riboswitch,0.8578835129737854,1673_6_RF00168_6_NC_000913.3_4233124-4233721_ext_120-320_int_135_off_30_percentage_43_position_51-135 genomicbackground,1673,6,1673_6
query_1674,0,genomicbackground,1,riboswitch,0.9966982007026672,1674_6_RF00168_6_NC_000913.3_4233124-4233721_ext_120-320_int_135_off_35_percentage_46_position_46-135 genomicbackground,1674,6,1674_6
query_1675,0,genomicbackground,1,riboswitch,0.997456967830658,1675_6_RF00168_6_NC_000913.3_4233124-4233721_ext_120-320_int_135_off_40_percentage_48_position_41-135 genomicbackground,1675,6,1675_6
query_1676,0,genomicbackground,1,riboswitch,0.9930484294891357,1676_6_RF00168_6_NC_000913.3_4233124-4233721_ext_120-320_int_135_off_45_percentage_51_position_36-135 genomicbackground,1676,6,1676_6
query_1677,0,genomicbackground,1,riboswitch,0.9960100650787354,1677_6_RF00168_6_NC_000913.3_4233124-4233721_ext_120-320_int_135_off_50_percentage_53_position_31-135 genomicbackground,1677,6,1677_6
query_1678,0,genomicbackground,1,riboswitch,0.9963778853416443,1678_6_RF00168_6_NC_000913.3_4233124-4233721_ext_120-320_int_135_off_55_percentage_56_position_26-135 genomicbackground,1678,6,1678_6
query_1679,0,genomicbackground,1,riboswitch,0.865105390548706,1679_6_RF00168_6_NC_000913.3_4233124-4233721_ext_120-320_int_135_off_60_percentage_58_position_21-135 genomicbackground,1679,6,1679_6
query_1680,0,genomicbackground,1,riboswitch,0.787059485912323,1680_6_RF00168_6_NC_000913.3_4233124-4233721_ext_120-320_int_135_off_65_percentage_61_position_16-135 genomicbackground,1680,6,1680_6
query_1681,0,genomicbackground,0,genomicbackground,0.24763812124729156,1681_6_RF00168_6_NC_000913.3_4233124-4233721_ext_120-320_int_140_off_0_percentage_30_position_81-140 genomicbackground,1681,6,1681_6
query_1682,0,genomicbackground,0,genomicbackground,0.014293055050075054,1682_6_RF00168_6_NC_000913.3_4233124-4233721_ext_120-320_int_140_off_5_percentage_33_position_76-140 genomicbackground,1682,6,1682_6
query_1683,0,genomicbackground,0,genomicbackground,0.24720121920108795,1683_6_RF00168_6_NC_000913.3_4233124-4233721_ext_120-320_int_140_off_10_percentage_36_position_71-140 genomicbackground,1683,6,1683_6
query_1684,0,genomicbackground,1,riboswitch,0.9302634596824646,1684_6_RF00168_6_NC_000913.3_4233124-4233721_ext_120-320_int_140_off_15_percentage_38_position_66-140 genomicbackground,1684,6,1684_6
query_1685,0,genomicbackground,1,riboswitch,0.9229145050048828,1685_6_RF00168_6_NC_000913.3_4233124-4233721_ext_120-320_int_140_off_20_percentage_41_position_61-140 genomicbackground,1685,6,1685_6
query_1686,0,genomicbackground,1,riboswitch,0.5885524153709412,1686_6_RF00168_6_NC_000913.3_4233124-4233721_ext_120-320_int_140_off_25_percentage_43_position_56-140 genomicbackground,1686,6,1686_6
query_1687,0,genomicbackground,1,riboswitch,0.9733707904815674,1687_6_RF00168_6_NC_000913.3_4233124-4233721_ext_120-320_int_140_off_30_percentage_46_position_51-140 genomicbackground,1687,6,1687_6
query_1688,0,genomicbackground,1,riboswitch,0.9964147806167603,1688_6_RF00168_6_NC_000913.3_4233124-4233721_ext_120-320_int_140_off_35_percentage_48_position_46-140 genomicbackground,1688,6,1688_6
query_1689,0,genomicbackground,1,riboswitch,0.989427387714386,1689_6_RF00168_6_NC_000913.3_4233124-4233721_ext_120-320_int_140_off_40_percentage_51_position_41-140 genomicbackground,1689,6,1689_6
query_1690,0,genomicbackground,1,riboswitch,0.9928089380264282,1690_6_RF00168_6_NC_000913.3_4233124-4233721_ext_120-320_int_140_off_45_percentage_53_position_36-140 genomicbackground,1690,6,1690_6
query_1691,0,genomicbackground,1,riboswitch,0.9956087470054626,1691_6_RF00168_6_NC_000913.3_4233124-4233721_ext_120-320_int_140_off_50_percentage_56_position_31-140 genomicbackground,1691,6,1691_6
query_1692,0,genomicbackground,1,riboswitch,0.8745792508125305,1692_6_RF00168_6_NC_000913.3_4233124-4233721_ext_120-320_int_140_off_55_percentage_58_position_26-140 genomicbackground,1692,6,1692_6
query_1693,0,genomicbackground,1,riboswitch,0.5843842029571533,1693_6_RF00168_6_NC_000913.3_4233124-4233721_ext_120-320_int_140_off_60_percentage_61_position_21-140 genomicbackground,1693,6,1693_6
query_1694,0,genomicbackground,0,genomicbackground,0.07434161752462387,1694_6_RF00168_6_NC_000913.3_4233124-4233721_ext_120-320_int_145_off_0_percentage_33_position_81-145 genomicbackground,1694,6,1694_6
query_1695,0,genomicbackground,0,genomicbackground,0.0442434698343277,1695_6_RF00168_6_NC_000913.3_4233124-4233721_ext_120-320_int_145_off_5_percentage_36_position_76-145 genomicbackground,1695,6,1695_6
query_1696,0,genomicbackground,1,riboswitch,0.8225122690200806,1696_6_RF00168_6_NC_000913.3_4233124-4233721_ext_120-320_int_145_off_10_percentage_38_position_71-145 genomicbackground,1696,6,1696_6
query_1697,0,genomicbackground,1,riboswitch,0.8346832990646362,1697_6_RF00168_6_NC_000913.3_4233124-4233721_ext_120-320_int_145_off_15_percentage_41_position_66-145 genomicbackground,1697,6,1697_6
query_1698,0,genomicbackground,0,genomicbackground,0.36107662320137024,1698_6_RF00168_6_NC_000913.3_4233124-4233721_ext_120-320_int_145_off_20_percentage_43_position_61-145 genomicbackground,1698,6,1698_6
query_1699,0,genomicbackground,1,riboswitch,0.9846286773681641,1699_6_RF00168_6_NC_000913.3_4233124-4233721_ext_120-320_int_145_off_25_percentage_46_position_56-145 genomicbackground,1699,6,1699_6
query_1700,0,genomicbackground,1,riboswitch,0.9648666977882385,1700_6_RF00168_6_NC_000913.3_4233124-4233721_ext_120-320_int_145_off_30_percentage_48_position_51-145 genomicbackground,1700,6,1700_6
query_1701,0,genomicbackground,1,riboswitch,0.9909124374389648,1701_6_RF00168_6_NC_000913.3_4233124-4233721_ext_120-320_int_145_off_35_percentage_51_position_46-145 genomicbackground,1701,6,1701_6
query_1702,0,genomicbackground,1,riboswitch,0.9890367388725281,1702_6_RF00168_6_NC_000913.3_4233124-4233721_ext_120-320_int_145_off_40_percentage_53_position_41-145 genomicbackground,1702,6,1702_6
query_1703,0,genomicbackground,1,riboswitch,0.9977467656135559,1703_6_RF00168_6_NC_000913.3_4233124-4233721_ext_120-320_int_145_off_45_percentage_56_position_36-145 genomicbackground,1703,6,1703_6
query_1704,0,genomicbackground,1,riboswitch,0.718961238861084,1704_6_RF00168_6_NC_000913.3_4233124-4233721_ext_120-320_int_145_off_50_percentage_58_position_31-145 genomicbackground,1704,6,1704_6
query_1705,0,genomicbackground,0,genomicbackground,0.47426483035087585,1705_6_RF00168_6_NC_000913.3_4233124-4233721_ext_120-320_int_145_off_55_percentage_61_position_26-145 genomicbackground,1705,6,1705_6
query_1706,0,genomicbackground,1,riboswitch,0.9207127094268799,1706_6_RF00168_6_NC_000913.3_4233124-4233721_ext_120-320_int_150_off_0_percentage_36_position_81-150 genomicbackground,1706,6,1706_6
query_1707,0,genomicbackground,0,genomicbackground,0.24787133932113647,1707_6_RF00168_6_NC_000913.3_4233124-4233721_ext_120-320_int_150_off_5_percentage_38_position_76-150 genomicbackground,1707,6,1707_6
query_1708,0,genomicbackground,1,riboswitch,0.5579184293746948,1708_6_RF00168_6_NC_000913.3_4233124-4233721_ext_120-320_int_150_off_10_percentage_41_position_71-150 genomicbackground,1708,6,1708_6
query_1709,0,genomicbackground,0,genomicbackground,0.09373323619365692,1709_6_RF00168_6_NC_000913.3_4233124-4233721_ext_120-320_int_150_off_15_percentage_43_position_66-150 genomicbackground,1709,6,1709_6
query_1710,0,genomicbackground,1,riboswitch,0.8572896122932434,1710_6_RF00168_6_NC_000913.3_4233124-4233721_ext_120-320_int_150_off_20_percentage_46_position_61-150 genomicbackground,1710,6,1710_6
query_1711,0,genomicbackground,1,riboswitch,0.9995408058166504,1711_6_RF00168_6_NC_000913.3_4233124-4233721_ext_120-320_int_150_off_25_percentage_48_position_56-150 genomicbackground,1711,6,1711_6
query_1712,0,genomicbackground,1,riboswitch,0.853363037109375,1712_6_RF00168_6_NC_000913.3_4233124-4233721_ext_120-320_int_150_off_30_percentage_51_position_51-150 genomicbackground,1712,6,1712_6
query_1713,0,genomicbackground,1,riboswitch,0.9889736771583557,1713_6_RF00168_6_NC_000913.3_4233124-4233721_ext_120-320_int_150_off_35_percentage_53_position_46-150 genomicbackground,1713,6,1713_6
query_1714,0,genomicbackground,1,riboswitch,0.99671870470047,1714_6_RF00168_6_NC_000913.3_4233124-4233721_ext_120-320_int_150_off_40_percentage_56_position_41-150 genomicbackground,1714,6,1714_6
query_1715,0,genomicbackground,1,riboswitch,0.8768685460090637,1715_6_RF00168_6_NC_000913.3_4233124-4233721_ext_120-320_int_150_off_45_percentage_58_position_36-150 genomicbackground,1715,6,1715_6
query_1716,0,genomicbackground,0,genomicbackground,0.1843705028295517,1716_6_RF00168_6_NC_000913.3_4233124-4233721_ext_120-320_int_150_off_50_percentage_61_position_31-150 genomicbackground,1716,6,1716_6
query_1717,0,genomicbackground,1,riboswitch,0.7659311294555664,1717_6_RF00168_6_NC_000913.3_4233124-4233721_ext_120-320_int_155_off_0_percentage_38_position_81-155 genomicbackground,1717,6,1717_6
query_1718,0,genomicbackground,0,genomicbackground,0.0830271914601326,1718_6_RF00168_6_NC_000913.3_4233124-4233721_ext_120-320_int_155_off_5_percentage_41_position_76-155 genomicbackground,1718,6,1718_6
query_1719,0,genomicbackground,0,genomicbackground,0.04791997745633125,1719_6_RF00168_6_NC_000913.3_4233124-4233721_ext_120-320_int_155_off_10_percentage_43_position_71-155 genomicbackground,1719,6,1719_6
query_1720,0,genomicbackground,1,riboswitch,0.9448297023773193,1720_6_RF00168_6_NC_000913.3_4233124-4233721_ext_120-320_int_155_off_15_percentage_46_position_66-155 genomicbackground,1720,6,1720_6
query_1721,0,genomicbackground,1,riboswitch,0.7123772501945496,1721_6_RF00168_6_NC_000913.3_4233124-4233721_ext_120-320_int_155_off_20_percentage_48_position_61-155 genomicbackground,1721,6,1721_6
query_1722,0,genomicbackground,1,riboswitch,0.9266332387924194,1722_6_RF00168_6_NC_000913.3_4233124-4233721_ext_120-320_int_155_off_25_percentage_51_position_56-155 genomicbackground,1722,6,1722_6
query_1723,0,genomicbackground,1,riboswitch,0.8004958629608154,1723_6_RF00168_6_NC_000913.3_4233124-4233721_ext_120-320_int_155_off_30_percentage_53_position_51-155 genomicbackground,1723,6,1723_6
query_1724,0,genomicbackground,1,riboswitch,0.9931378364562988,1724_6_RF00168_6_NC_000913.3_4233124-4233721_ext_120-320_int_155_off_35_percentage_56_position_46-155 genomicbackground,1724,6,1724_6
query_1725,0,genomicbackground,1,riboswitch,0.6140321493148804,1725_6_RF00168_6_NC_000913.3_4233124-4233721_ext_120-320_int_155_off_40_percentage_58_position_41-155 genomicbackground,1725,6,1725_6
query_1726,0,genomicbackground,1,riboswitch,0.6585160493850708,1726_6_RF00168_6_NC_000913.3_4233124-4233721_ext_120-320_int_155_off_45_percentage_61_position_36-155 genomicbackground,1726,6,1726_6
query_1727,0,genomicbackground,1,riboswitch,0.5972990393638611,1727_6_RF00168_6_NC_000913.3_4233124-4233721_ext_120-320_int_160_off_0_percentage_41_position_81-160 genomicbackground,1727,6,1727_6
query_1728,0,genomicbackground,0,genomicbackground,0.030942274257540703,1728_6_RF00168_6_NC_000913.3_4233124-4233721_ext_120-320_int_160_off_5_percentage_43_position_76-160 genomicbackground,1728,6,1728_6
query_1729,0,genomicbackground,0,genomicbackground,0.20675095915794373,1729_6_RF00168_6_NC_000913.3_4233124-4233721_ext_120-320_int_160_off_10_percentage_46_position_71-160 genomicbackground,1729,6,1729_6
query_1730,0,genomicbackground,1,riboswitch,0.891176164150238,1730_6_RF00168_6_NC_000913.3_4233124-4233721_ext_120-320_int_160_off_15_percentage_48_position_66-160 genomicbackground,1730,6,1730_6
query_1731,0,genomicbackground,1,riboswitch,0.9695194363594055,1731_6_RF00168_6_NC_000913.3_4233124-4233721_ext_120-320_int_160_off_20_percentage_51_position_61-160 genomicbackground,1731,6,1731_6
query_1732,0,genomicbackground,1,riboswitch,0.9045604467391968,1732_6_RF00168_6_NC_000913.3_4233124-4233721_ext_120-320_int_160_off_25_percentage_53_position_56-160 genomicbackground,1732,6,1732_6
query_1733,0,genomicbackground,1,riboswitch,0.9048908948898315,1733_6_RF00168_6_NC_000913.3_4233124-4233721_ext_120-320_int_160_off_30_percentage_56_position_51-160 genomicbackground,1733,6,1733_6
query_1734,0,genomicbackground,0,genomicbackground,0.14105558395385742,1734_6_RF00168_6_NC_000913.3_4233124-4233721_ext_120-320_int_160_off_35_percentage_58_position_46-160 genomicbackground,1734,6,1734_6
query_1735,0,genomicbackground,0,genomicbackground,0.4812778830528259,1735_6_RF00168_6_NC_000913.3_4233124-4233721_ext_120-320_int_160_off_40_percentage_61_position_41-160 genomicbackground,1735,6,1735_6
query_1736,0,genomicbackground,0,genomicbackground,0.1128782331943512,1736_6_RF00168_6_NC_000913.3_4233124-4233721_ext_120-320_int_165_off_0_percentage_43_position_81-165 genomicbackground,1736,6,1736_6
query_1737,0,genomicbackground,0,genomicbackground,0.08331694453954697,1737_6_RF00168_6_NC_000913.3_4233124-4233721_ext_120-320_int_165_off_5_percentage_46_position_76-165 genomicbackground,1737,6,1737_6
query_1738,0,genomicbackground,0,genomicbackground,0.2720276415348053,1738_6_RF00168_6_NC_000913.3_4233124-4233721_ext_120-320_int_165_off_10_percentage_48_position_71-165 genomicbackground,1738,6,1738_6
query_1739,0,genomicbackground,1,riboswitch,0.9195396304130554,1739_6_RF00168_6_NC_000913.3_4233124-4233721_ext_120-320_int_165_off_15_percentage_51_position_66-165 genomicbackground,1739,6,1739_6
query_1740,0,genomicbackground,1,riboswitch,0.9673781394958496,1740_6_RF00168_6_NC_000913.3_4233124-4233721_ext_120-320_int_165_off_20_percentage_53_position_61-165 genomicbackground,1740,6,1740_6
query_1741,0,genomicbackground,1,riboswitch,0.9567266702651978,1741_6_RF00168_6_NC_000913.3_4233124-4233721_ext_120-320_int_165_off_25_percentage_56_position_56-165 genomicbackground,1741,6,1741_6
query_1742,0,genomicbackground,0,genomicbackground,0.034267790615558624,1742_6_RF00168_6_NC_000913.3_4233124-4233721_ext_120-320_int_165_off_30_percentage_58_position_51-165 genomicbackground,1742,6,1742_6
query_1743,0,genomicbackground,0,genomicbackground,0.10494338721036911,1743_6_RF00168_6_NC_000913.3_4233124-4233721_ext_120-320_int_165_off_35_percentage_61_position_46-165 genomicbackground,1743,6,1743_6
query_1744,0,genomicbackground,0,genomicbackground,0.37752389907836914,1744_6_RF00168_6_NC_000913.3_4233124-4233721_ext_120-320_int_170_off_0_percentage_46_position_81-170 genomicbackground,1744,6,1744_6
query_1745,0,genomicbackground,0,genomicbackground,0.06820836663246155,1745_6_RF00168_6_NC_000913.3_4233124-4233721_ext_120-320_int_170_off_5_percentage_48_position_76-170 genomicbackground,1745,6,1745_6
query_1746,0,genomicbackground,1,riboswitch,0.7954663038253784,1746_6_RF00168_6_NC_000913.3_4233124-4233721_ext_120-320_int_170_off_10_percentage_51_position_71-170 genomicbackground,1746,6,1746_6
query_1747,0,genomicbackground,1,riboswitch,0.927037239074707,1747_6_RF00168_6_NC_000913.3_4233124-4233721_ext_120-320_int_170_off_15_percentage_53_position_66-170 genomicbackground,1747,6,1747_6
query_1748,0,genomicbackground,0,genomicbackground,0.048696279525756836,1748_6_RF00168_6_NC_000913.3_4233124-4233721_ext_120-320_int_170_off_20_percentage_56_position_61-170 genomicbackground,1748,6,1748_6
query_1749,0,genomicbackground,0,genomicbackground,0.0648687556385994,1749_6_RF00168_6_NC_000913.3_4233124-4233721_ext_120-320_int_170_off_25_percentage_58_position_56-170 genomicbackground,1749,6,1749_6
query_1750,0,genomicbackground,0,genomicbackground,0.029724659398198128,1750_6_RF00168_6_NC_000913.3_4233124-4233721_ext_120-320_int_170_off_30_percentage_61_position_51-170 genomicbackground,1750,6,1750_6
query_1751,0,genomicbackground,0,genomicbackground,0.15054252743721008,1751_6_RF00168_6_NC_000913.3_4233124-4233721_ext_120-320_int_175_off_0_percentage_48_position_81-175 genomicbackground,1751,6,1751_6
query_1752,0,genomicbackground,0,genomicbackground,0.3898342549800873,1752_6_RF00168_6_NC_000913.3_4233124-4233721_ext_120-320_int_175_off_5_percentage_51_position_76-175 genomicbackground,1752,6,1752_6
query_1753,0,genomicbackground,0,genomicbackground,0.46457552909851074,1753_6_RF00168_6_NC_000913.3_4233124-4233721_ext_120-320_int_175_off_10_percentage_53_position_71-175 genomicbackground,1753,6,1753_6
query_1754,0,genomicbackground,0,genomicbackground,0.46882525086402893,1754_6_RF00168_6_NC_000913.3_4233124-4233721_ext_120-320_int_175_off_15_percentage_56_position_66-175 genomicbackground,1754,6,1754_6
query_1755,0,genomicbackground,0,genomicbackground,0.017982035875320435,1755_6_RF00168_6_NC_000913.3_4233124-4233721_ext_120-320_int_175_off_20_percentage_58_position_61-175 genomicbackground,1755,6,1755_6
query_1756,0,genomicbackground,0,genomicbackground,0.04838582128286362,1756_6_RF00168_6_NC_000913.3_4233124-4233721_ext_120-320_int_175_off_25_percentage_61_position_56-175 genomicbackground,1756,6,1756_6
query_1757,0,genomicbackground,1,riboswitch,0.6402037143707275,1757_6_RF00168_6_NC_000913.3_4233124-4233721_ext_120-320_int_180_off_0_percentage_51_position_81-180 genomicbackground,1757,6,1757_6
query_1758,0,genomicbackground,0,genomicbackground,0.20825238525867462,1758_6_RF00168_6_NC_000913.3_4233124-4233721_ext_120-320_int_180_off_5_percentage_53_position_76-180 genomicbackground,1758,6,1758_6
query_1759,0,genomicbackground,0,genomicbackground,0.011748168617486954,1759_6_RF00168_6_NC_000913.3_4233124-4233721_ext_120-320_int_180_off_10_percentage_56_position_71-180 genomicbackground,1759,6,1759_6
query_1760,0,genomicbackground,0,genomicbackground,0.017980501055717468,1760_6_RF00168_6_NC_000913.3_4233124-4233721_ext_120-320_int_180_off_15_percentage_58_position_66-180 genomicbackground,1760,6,1760_6
query_1761,0,genomicbackground,0,genomicbackground,0.026353802531957626,1761_6_RF00168_6_NC_000913.3_4233124-4233721_ext_120-320_int_180_off_20_percentage_61_position_61-180 genomicbackground,1761,6,1761_6
query_1762,0,genomicbackground,1,riboswitch,0.5929368734359741,1762_6_RF00168_6_NC_000913.3_4233124-4233721_ext_120-320_int_185_off_0_percentage_53_position_81-185 genomicbackground,1762,6,1762_6
query_1763,0,genomicbackground,0,genomicbackground,0.009465659968554974,1763_6_RF00168_6_NC_000913.3_4233124-4233721_ext_120-320_int_185_off_5_percentage_56_position_76-185 genomicbackground,1763,6,1763_6
query_1764,0,genomicbackground,0,genomicbackground,0.015623681247234344,1764_6_RF00168_6_NC_000913.3_4233124-4233721_ext_120-320_int_185_off_10_percentage_58_position_71-185 genomicbackground,1764,6,1764_6
query_1765,0,genomicbackground,0,genomicbackground,0.022425513714551926,1765_6_RF00168_6_NC_000913.3_4233124-4233721_ext_120-320_int_185_off_15_percentage_61_position_66-185 genomicbackground,1765,6,1765_6
query_1766,0,genomicbackground,0,genomicbackground,0.019984284415841103,1766_6_RF00168_6_NC_000913.3_4233124-4233721_ext_120-320_int_190_off_0_percentage_56_position_81-190 genomicbackground,1766,6,1766_6
query_1767,0,genomicbackground,0,genomicbackground,0.014391562901437283,1767_6_RF00168_6_NC_000913.3_4233124-4233721_ext_120-320_int_190_off_5_percentage_58_position_76-190 genomicbackground,1767,6,1767_6
query_1768,0,genomicbackground,0,genomicbackground,0.01867172308266163,1768_6_RF00168_6_NC_000913.3_4233124-4233721_ext_120-320_int_190_off_10_percentage_61_position_71-190 genomicbackground,1768,6,1768_6
query_1769,0,genomicbackground,0,genomicbackground,0.022808216512203217,1769_6_RF00168_6_NC_000913.3_4233124-4233721_ext_120-320_int_195_off_0_percentage_58_position_81-195 genomicbackground,1769,6,1769_6
query_1770,0,genomicbackground,0,genomicbackground,0.014377446845173836,1770_6_RF00168_6_NC_000913.3_4233124-4233721_ext_120-320_int_195_off_5_percentage_61_position_76-195 genomicbackground,1770,6,1770_6
query_1771,0,genomicbackground,0,genomicbackground,0.027251478284597397,1771_6_RF00168_6_NC_000913.3_4233124-4233721_ext_120-320_int_200_off_0_percentage_61_position_81-200 genomicbackground,1771,6,1771_6
query_1772,0,genomicbackground,0,genomicbackground,0.008145513944327831,1772_6_RF00168_6_NC_000913.3_4233124-4233721_ext_140-340_int_95_off_0_percentage_18_position_61-95 genomicbackground,1772,6,1772_6
query_1773,0,genomicbackground,0,genomicbackground,0.023386387154459953,1773_6_RF00168_6_NC_000913.3_4233124-4233721_ext_140-340_int_95_off_5_percentage_20_position_56-95 genomicbackground,1773,6,1773_6
query_1774,0,genomicbackground,0,genomicbackground,0.1575087606906891,1774_6_RF00168_6_NC_000913.3_4233124-4233721_ext_140-340_int_95_off_10_percentage_23_position_51-95 genomicbackground,1774,6,1774_6
query_1775,0,genomicbackground,0,genomicbackground,0.21728305518627167,1775_6_RF00168_6_NC_000913.3_4233124-4233721_ext_140-340_int_95_off_15_percentage_25_position_46-95 genomicbackground,1775,6,1775_6
query_1776,0,genomicbackground,1,riboswitch,0.8896877765655518,1776_6_RF00168_6_NC_000913.3_4233124-4233721_ext_140-340_int_95_off_20_percentage_28_position_41-95 genomicbackground,1776,6,1776_6
query_1777,0,genomicbackground,1,riboswitch,0.6576889157295227,1777_6_RF00168_6_NC_000913.3_4233124-4233721_ext_140-340_int_95_off_25_percentage_30_position_36-95 genomicbackground,1777,6,1777_6
query_1778,0,genomicbackground,1,riboswitch,0.9172741770744324,1778_6_RF00168_6_NC_000913.3_4233124-4233721_ext_140-340_int_95_off_30_percentage_33_position_31-95 genomicbackground,1778,6,1778_6
query_1779,0,genomicbackground,1,riboswitch,0.9956448078155518,1779_6_RF00168_6_NC_000913.3_4233124-4233721_ext_140-340_int_95_off_35_percentage_36_position_26-95 genomicbackground,1779,6,1779_6
query_1780,0,genomicbackground,1,riboswitch,0.9984799027442932,1780_6_RF00168_6_NC_000913.3_4233124-4233721_ext_140-340_int_95_off_40_percentage_38_position_21-95 genomicbackground,1780,6,1780_6
query_1781,0,genomicbackground,1,riboswitch,0.9857930541038513,1781_6_RF00168_6_NC_000913.3_4233124-4233721_ext_140-340_int_95_off_45_percentage_41_position_16-95 genomicbackground,1781,6,1781_6
query_1782,0,genomicbackground,1,riboswitch,0.9915035367012024,1782_6_RF00168_6_NC_000913.3_4233124-4233721_ext_140-340_int_95_off_50_percentage_43_position_11-95 genomicbackground,1782,6,1782_6
query_1783,0,genomicbackground,1,riboswitch,0.9994669556617737,1783_6_RF00168_6_NC_000913.3_4233124-4233721_ext_140-340_int_95_off_55_percentage_46_position_6-95 genomicbackground,1783,6,1783_6
query_1784,0,genomicbackground,1,riboswitch,0.9988763928413391,1784_6_RF00168_6_NC_000913.3_4233124-4233721_ext_140-340_int_95_off_60_percentage_48_position_1-95 genomicbackground,1784,6,1784_6
query_1785,0,genomicbackground,1,riboswitch,0.9974785447120667,1785_6_RF00168_6_NC_000913.3_4233124-4233721_ext_140-340_int_95_off_65_percentage_48_position_1-95 genomicbackground,1785,6,1785_6
query_1786,0,genomicbackground,1,riboswitch,0.9959114789962769,1786_6_RF00168_6_NC_000913.3_4233124-4233721_ext_140-340_int_95_off_70_percentage_48_position_1-95 genomicbackground,1786,6,1786_6
query_1787,0,genomicbackground,1,riboswitch,0.9961251616477966,1787_6_RF00168_6_NC_000913.3_4233124-4233721_ext_140-340_int_95_off_75_percentage_48_position_1-95 genomicbackground,1787,6,1787_6
query_1788,0,genomicbackground,1,riboswitch,0.9973325729370117,1788_6_RF00168_6_NC_000913.3_4233124-4233721_ext_140-340_int_95_off_80_percentage_48_position_1-95 genomicbackground,1788,6,1788_6
query_1789,0,genomicbackground,1,riboswitch,0.9967936873435974,1789_6_RF00168_6_NC_000913.3_4233124-4233721_ext_140-340_int_95_off_85_percentage_48_position_1-95 genomicbackground,1789,6,1789_6
query_1790,0,genomicbackground,1,riboswitch,0.9922299981117249,1790_6_RF00168_6_NC_000913.3_4233124-4233721_ext_140-340_int_95_off_90_percentage_48_position_1-95 genomicbackground,1790,6,1790_6
query_1791,0,genomicbackground,1,riboswitch,0.9613020420074463,1791_6_RF00168_6_NC_000913.3_4233124-4233721_ext_140-340_int_95_off_95_percentage_48_position_1-95 genomicbackground,1791,6,1791_6
query_1792,0,genomicbackground,0,genomicbackground,0.41477036476135254,1792_6_RF00168_6_NC_000913.3_4233124-4233721_ext_140-340_int_95_off_100_percentage_48_position_1-95 genomicbackground,1792,6,1792_6
query_1793,0,genomicbackground,1,riboswitch,0.9816890954971313,1793_6_RF00168_6_NC_000913.3_4233124-4233721_ext_140-340_int_95_off_105_percentage_48_position_1-95 genomicbackground,1793,6,1793_6
query_1794,0,genomicbackground,0,genomicbackground,0.005774106364697218,1794_6_RF00168_6_NC_000913.3_4233124-4233721_ext_140-340_int_100_off_0_percentage_20_position_61-100 genomicbackground,1794,6,1794_6
query_1795,0,genomicbackground,0,genomicbackground,0.3801629841327667,1795_6_RF00168_6_NC_000913.3_4233124-4233721_ext_140-340_int_100_off_5_percentage_23_position_56-100 genomicbackground,1795,6,1795_6
query_1796,0,genomicbackground,0,genomicbackground,0.15715698897838593,1796_6_RF00168_6_NC_000913.3_4233124-4233721_ext_140-340_int_100_off_10_percentage_25_position_51-100 genomicbackground,1796,6,1796_6
query_1797,0,genomicbackground,0,genomicbackground,0.2824578583240509,1797_6_RF00168_6_NC_000913.3_4233124-4233721_ext_140-340_int_100_off_15_percentage_28_position_46-100 genomicbackground,1797,6,1797_6
query_1798,0,genomicbackground,1,riboswitch,0.9829661846160889,1798_6_RF00168_6_NC_000913.3_4233124-4233721_ext_140-340_int_100_off_20_percentage_30_position_41-100 genomicbackground,1798,6,1798_6
query_1799,0,genomicbackground,1,riboswitch,0.8828904628753662,1799_6_RF00168_6_NC_000913.3_4233124-4233721_ext_140-340_int_100_off_25_percentage_33_position_36-100 genomicbackground,1799,6,1799_6
query_1800,0,genomicbackground,1,riboswitch,0.9760028719902039,1800_6_RF00168_6_NC_000913.3_4233124-4233721_ext_140-340_int_100_off_30_percentage_36_position_31-100 genomicbackground,1800,6,1800_6
query_1801,0,genomicbackground,1,riboswitch,0.9992616772651672,1801_6_RF00168_6_NC_000913.3_4233124-4233721_ext_140-340_int_100_off_35_percentage_38_position_26-100 genomicbackground,1801,6,1801_6
query_1802,0,genomicbackground,1,riboswitch,0.975774884223938,1802_6_RF00168_6_NC_000913.3_4233124-4233721_ext_140-340_int_100_off_40_percentage_41_position_21-100 genomicbackground,1802,6,1802_6
query_1803,0,genomicbackground,1,riboswitch,0.9861272573471069,1803_6_RF00168_6_NC_000913.3_4233124-4233721_ext_140-340_int_100_off_45_percentage_43_position_16-100 genomicbackground,1803,6,1803_6
query_1804,0,genomicbackground,1,riboswitch,0.9947757720947266,1804_6_RF00168_6_NC_000913.3_4233124-4233721_ext_140-340_int_100_off_50_percentage_46_position_11-100 genomicbackground,1804,6,1804_6
query_1805,0,genomicbackground,1,riboswitch,0.999434769153595,1805_6_RF00168_6_NC_000913.3_4233124-4233721_ext_140-340_int_100_off_55_percentage_48_position_6-100 genomicbackground,1805,6,1805_6
query_1806,0,genomicbackground,1,riboswitch,0.9978345036506653,1806_6_RF00168_6_NC_000913.3_4233124-4233721_ext_140-340_int_100_off_60_percentage_51_position_1-100 genomicbackground,1806,6,1806_6
query_1807,0,genomicbackground,1,riboswitch,0.9977130889892578,1807_6_RF00168_6_NC_000913.3_4233124-4233721_ext_140-340_int_100_off_65_percentage_51_position_1-100 genomicbackground,1807,6,1807_6
query_1808,0,genomicbackground,1,riboswitch,0.9806911945343018,1808_6_RF00168_6_NC_000913.3_4233124-4233721_ext_140-340_int_100_off_70_percentage_51_position_1-100 genomicbackground,1808,6,1808_6
query_1809,0,genomicbackground,1,riboswitch,0.6379722356796265,1809_6_RF00168_6_NC_000913.3_4233124-4233721_ext_140-340_int_100_off_75_percentage_51_position_1-100 genomicbackground,1809,6,1809_6
query_1810,0,genomicbackground,1,riboswitch,0.9968245029449463,1810_6_RF00168_6_NC_000913.3_4233124-4233721_ext_140-340_int_100_off_80_percentage_51_position_1-100 genomicbackground,1810,6,1810_6
query_1811,0,genomicbackground,1,riboswitch,0.9976505637168884,1811_6_RF00168_6_NC_000913.3_4233124-4233721_ext_140-340_int_100_off_85_percentage_51_position_1-100 genomicbackground,1811,6,1811_6
query_1812,0,genomicbackground,1,riboswitch,0.9664003252983093,1812_6_RF00168_6_NC_000913.3_4233124-4233721_ext_140-340_int_100_off_90_percentage_51_position_1-100 genomicbackground,1812,6,1812_6
query_1813,0,genomicbackground,1,riboswitch,0.9484055042266846,1813_6_RF00168_6_NC_000913.3_4233124-4233721_ext_140-340_int_100_off_95_percentage_51_position_1-100 genomicbackground,1813,6,1813_6
query_1814,0,genomicbackground,1,riboswitch,0.5783088207244873,1814_6_RF00168_6_NC_000913.3_4233124-4233721_ext_140-340_int_100_off_100_percentage_51_position_1-100 genomicbackground,1814,6,1814_6
query_1815,0,genomicbackground,0,genomicbackground,0.12597258388996124,1815_6_RF00168_6_NC_000913.3_4233124-4233721_ext_140-340_int_105_off_0_percentage_23_position_61-105 genomicbackground,1815,6,1815_6
query_1816,0,genomicbackground,0,genomicbackground,0.40264052152633667,1816_6_RF00168_6_NC_000913.3_4233124-4233721_ext_140-340_int_105_off_5_percentage_25_position_56-105 genomicbackground,1816,6,1816_6
query_1817,0,genomicbackground,0,genomicbackground,0.2183017134666443,1817_6_RF00168_6_NC_000913.3_4233124-4233721_ext_140-340_int_105_off_10_percentage_28_position_51-105 genomicbackground,1817,6,1817_6
query_1818,0,genomicbackground,1,riboswitch,0.763442873954773,1818_6_RF00168_6_NC_000913.3_4233124-4233721_ext_140-340_int_105_off_15_percentage_30_position_46-105 genomicbackground,1818,6,1818_6
query_1819,0,genomicbackground,1,riboswitch,0.951699435710907,1819_6_RF00168_6_NC_000913.3_4233124-4233721_ext_140-340_int_105_off_20_percentage_33_position_41-105 genomicbackground,1819,6,1819_6
query_1820,0,genomicbackground,1,riboswitch,0.9923878908157349,1820_6_RF00168_6_NC_000913.3_4233124-4233721_ext_140-340_int_105_off_25_percentage_36_position_36-105 genomicbackground,1820,6,1820_6
query_1821,0,genomicbackground,1,riboswitch,0.9986520409584045,1821_6_RF00168_6_NC_000913.3_4233124-4233721_ext_140-340_int_105_off_30_percentage_38_position_31-105 genomicbackground,1821,6,1821_6
query_1822,0,genomicbackground,1,riboswitch,0.9731554985046387,1822_6_RF00168_6_NC_000913.3_4233124-4233721_ext_140-340_int_105_off_35_percentage_41_position_26-105 genomicbackground,1822,6,1822_6
query_1823,0,genomicbackground,1,riboswitch,0.9769976139068604,1823_6_RF00168_6_NC_000913.3_4233124-4233721_ext_140-340_int_105_off_40_percentage_43_position_21-105 genomicbackground,1823,6,1823_6
query_1824,0,genomicbackground,1,riboswitch,0.9955390095710754,1824_6_RF00168_6_NC_000913.3_4233124-4233721_ext_140-340_int_105_off_45_percentage_46_position_16-105 genomicbackground,1824,6,1824_6
query_1825,0,genomicbackground,1,riboswitch,0.9945846199989319,1825_6_RF00168_6_NC_000913.3_4233124-4233721_ext_140-340_int_105_off_50_percentage_48_position_11-105 genomicbackground,1825,6,1825_6
query_1826,0,genomicbackground,1,riboswitch,0.9972121119499207,1826_6_RF00168_6_NC_000913.3_4233124-4233721_ext_140-340_int_105_off_55_percentage_51_position_6-105 genomicbackground,1826,6,1826_6
query_1827,0,genomicbackground,1,riboswitch,0.992607593536377,1827_6_RF00168_6_NC_000913.3_4233124-4233721_ext_140-340_int_105_off_60_percentage_53_position_1-105 genomicbackground,1827,6,1827_6
query_1828,0,genomicbackground,1,riboswitch,0.9520189166069031,1828_6_RF00168_6_NC_000913.3_4233124-4233721_ext_140-340_int_105_off_65_percentage_53_position_1-105 genomicbackground,1828,6,1828_6
query_1829,0,genomicbackground,1,riboswitch,0.7796173691749573,1829_6_RF00168_6_NC_000913.3_4233124-4233721_ext_140-340_int_105_off_70_percentage_53_position_1-105 genomicbackground,1829,6,1829_6
query_1830,0,genomicbackground,1,riboswitch,0.9532890319824219,1830_6_RF00168_6_NC_000913.3_4233124-4233721_ext_140-340_int_105_off_75_percentage_53_position_1-105 genomicbackground,1830,6,1830_6
query_1831,0,genomicbackground,1,riboswitch,0.997407853603363,1831_6_RF00168_6_NC_000913.3_4233124-4233721_ext_140-340_int_105_off_80_percentage_53_position_1-105 genomicbackground,1831,6,1831_6
query_1832,0,genomicbackground,1,riboswitch,0.9576762318611145,1832_6_RF00168_6_NC_000913.3_4233124-4233721_ext_140-340_int_105_off_85_percentage_53_position_1-105 genomicbackground,1832,6,1832_6
query_1833,0,genomicbackground,1,riboswitch,0.9594510197639465,1833_6_RF00168_6_NC_000913.3_4233124-4233721_ext_140-340_int_105_off_90_percentage_53_position_1-105 genomicbackground,1833,6,1833_6
query_1834,0,genomicbackground,1,riboswitch,0.9569440484046936,1834_6_RF00168_6_NC_000913.3_4233124-4233721_ext_140-340_int_105_off_95_percentage_53_position_1-105 genomicbackground,1834,6,1834_6
query_1835,0,genomicbackground,0,genomicbackground,0.10897236317396164,1835_6_RF00168_6_NC_000913.3_4233124-4233721_ext_140-340_int_110_off_0_percentage_25_position_61-110 genomicbackground,1835,6,1835_6
query_1836,0,genomicbackground,0,genomicbackground,0.40899738669395447,1836_6_RF00168_6_NC_000913.3_4233124-4233721_ext_140-340_int_110_off_5_percentage_28_position_56-110 genomicbackground,1836,6,1836_6
query_1837,0,genomicbackground,1,riboswitch,0.6281027793884277,1837_6_RF00168_6_NC_000913.3_4233124-4233721_ext_140-340_int_110_off_10_percentage_30_position_51-110 genomicbackground,1837,6,1837_6
query_1838,0,genomicbackground,1,riboswitch,0.656749963760376,1838_6_RF00168_6_NC_000913.3_4233124-4233721_ext_140-340_int_110_off_15_percentage_33_position_46-110 genomicbackground,1838,6,1838_6
query_1839,0,genomicbackground,1,riboswitch,0.9764431118965149,1839_6_RF00168_6_NC_000913.3_4233124-4233721_ext_140-340_int_110_off_20_percentage_36_position_41-110 genomicbackground,1839,6,1839_6
query_1840,0,genomicbackground,1,riboswitch,0.9977996945381165,1840_6_RF00168_6_NC_000913.3_4233124-4233721_ext_140-340_int_110_off_25_percentage_38_position_36-110 genomicbackground,1840,6,1840_6
query_1841,0,genomicbackground,1,riboswitch,0.935231626033783,1841_6_RF00168_6_NC_000913.3_4233124-4233721_ext_140-340_int_110_off_30_percentage_41_position_31-110 genomicbackground,1841,6,1841_6
query_1842,0,genomicbackground,1,riboswitch,0.9750763177871704,1842_6_RF00168_6_NC_000913.3_4233124-4233721_ext_140-340_int_110_off_35_percentage_43_position_26-110 genomicbackground,1842,6,1842_6
query_1843,0,genomicbackground,1,riboswitch,0.9915698766708374,1843_6_RF00168_6_NC_000913.3_4233124-4233721_ext_140-340_int_110_off_40_percentage_46_position_21-110 genomicbackground,1843,6,1843_6
query_1844,0,genomicbackground,1,riboswitch,0.9894062876701355,1844_6_RF00168_6_NC_000913.3_4233124-4233721_ext_140-340_int_110_off_45_percentage_48_position_16-110 genomicbackground,1844,6,1844_6
query_1845,0,genomicbackground,1,riboswitch,0.9979307651519775,1845_6_RF00168_6_NC_000913.3_4233124-4233721_ext_140-340_int_110_off_50_percentage_51_position_11-110 genomicbackground,1845,6,1845_6
query_1846,0,genomicbackground,1,riboswitch,0.9933326840400696,1846_6_RF00168_6_NC_000913.3_4233124-4233721_ext_140-340_int_110_off_55_percentage_53_position_6-110 genomicbackground,1846,6,1846_6
query_1847,0,genomicbackground,1,riboswitch,0.9916050434112549,1847_6_RF00168_6_NC_000913.3_4233124-4233721_ext_140-340_int_110_off_60_percentage_56_position_1-110 genomicbackground,1847,6,1847_6
query_1848,0,genomicbackground,1,riboswitch,0.9404970407485962,1848_6_RF00168_6_NC_000913.3_4233124-4233721_ext_140-340_int_110_off_65_percentage_56_position_1-110 genomicbackground,1848,6,1848_6
query_1849,0,genomicbackground,1,riboswitch,0.8483650088310242,1849_6_RF00168_6_NC_000913.3_4233124-4233721_ext_140-340_int_110_off_70_percentage_56_position_1-110 genomicbackground,1849,6,1849_6
query_1850,0,genomicbackground,1,riboswitch,0.9972112774848938,1850_6_RF00168_6_NC_000913.3_4233124-4233721_ext_140-340_int_110_off_75_percentage_56_position_1-110 genomicbackground,1850,6,1850_6
query_1851,0,genomicbackground,1,riboswitch,0.9976953864097595,1851_6_RF00168_6_NC_000913.3_4233124-4233721_ext_140-340_int_110_off_80_percentage_56_position_1-110 genomicbackground,1851,6,1851_6
query_1852,0,genomicbackground,1,riboswitch,0.9513686299324036,1852_6_RF00168_6_NC_000913.3_4233124-4233721_ext_140-340_int_110_off_85_percentage_56_position_1-110 genomicbackground,1852,6,1852_6
query_1853,0,genomicbackground,1,riboswitch,0.9946466088294983,1853_6_RF00168_6_NC_000913.3_4233124-4233721_ext_140-340_int_110_off_90_percentage_56_position_1-110 genomicbackground,1853,6,1853_6
query_1854,0,genomicbackground,0,genomicbackground,0.40757322311401367,1854_6_RF00168_6_NC_000913.3_4233124-4233721_ext_140-340_int_115_off_0_percentage_28_position_61-115 genomicbackground,1854,6,1854_6
query_1855,0,genomicbackground,1,riboswitch,0.8149318099021912,1855_6_RF00168_6_NC_000913.3_4233124-4233721_ext_140-340_int_115_off_5_percentage_30_position_56-115 genomicbackground,1855,6,1855_6
query_1856,0,genomicbackground,1,riboswitch,0.7524728775024414,1856_6_RF00168_6_NC_000913.3_4233124-4233721_ext_140-340_int_115_off_10_percentage_33_position_51-115 genomicbackground,1856,6,1856_6
query_1857,0,genomicbackground,1,riboswitch,0.8460599780082703,1857_6_RF00168_6_NC_000913.3_4233124-4233721_ext_140-340_int_115_off_15_percentage_36_position_46-115 genomicbackground,1857,6,1857_6
query_1858,0,genomicbackground,1,riboswitch,0.9986793398857117,1858_6_RF00168_6_NC_000913.3_4233124-4233721_ext_140-340_int_115_off_20_percentage_38_position_41-115 genomicbackground,1858,6,1858_6
query_1859,0,genomicbackground,1,riboswitch,0.9973323345184326,1859_6_RF00168_6_NC_000913.3_4233124-4233721_ext_140-340_int_115_off_25_percentage_41_position_36-115 genomicbackground,1859,6,1859_6
query_1860,0,genomicbackground,1,riboswitch,0.943976640701294,1860_6_RF00168_6_NC_000913.3_4233124-4233721_ext_140-340_int_115_off_30_percentage_43_position_31-115 genomicbackground,1860,6,1860_6
query_1861,0,genomicbackground,1,riboswitch,0.9921672940254211,1861_6_RF00168_6_NC_000913.3_4233124-4233721_ext_140-340_int_115_off_35_percentage_46_position_26-115 genomicbackground,1861,6,1861_6
query_1862,0,genomicbackground,1,riboswitch,0.9987542629241943,1862_6_RF00168_6_NC_000913.3_4233124-4233721_ext_140-340_int_115_off_40_percentage_48_position_21-115 genomicbackground,1862,6,1862_6
query_1863,0,genomicbackground,1,riboswitch,0.99729984998703,1863_6_RF00168_6_NC_000913.3_4233124-4233721_ext_140-340_int_115_off_45_percentage_51_position_16-115 genomicbackground,1863,6,1863_6
query_1864,0,genomicbackground,1,riboswitch,0.9869553446769714,1864_6_RF00168_6_NC_000913.3_4233124-4233721_ext_140-340_int_115_off_50_percentage_53_position_11-115 genomicbackground,1864,6,1864_6
query_1865,0,genomicbackground,1,riboswitch,0.9917312264442444,1865_6_RF00168_6_NC_000913.3_4233124-4233721_ext_140-340_int_115_off_55_percentage_56_position_6-115 genomicbackground,1865,6,1865_6
query_1866,0,genomicbackground,1,riboswitch,0.9886670112609863,1866_6_RF00168_6_NC_000913.3_4233124-4233721_ext_140-340_int_115_off_60_percentage_58_position_1-115 genomicbackground,1866,6,1866_6
query_1867,0,genomicbackground,1,riboswitch,0.9541988968849182,1867_6_RF00168_6_NC_000913.3_4233124-4233721_ext_140-340_int_115_off_65_percentage_58_position_1-115 genomicbackground,1867,6,1867_6
query_1868,0,genomicbackground,1,riboswitch,0.9969093203544617,1868_6_RF00168_6_NC_000913.3_4233124-4233721_ext_140-340_int_115_off_70_percentage_58_position_1-115 genomicbackground,1868,6,1868_6
query_1869,0,genomicbackground,1,riboswitch,0.9977350234985352,1869_6_RF00168_6_NC_000913.3_4233124-4233721_ext_140-340_int_115_off_75_percentage_58_position_1-115 genomicbackground,1869,6,1869_6
query_1870,0,genomicbackground,1,riboswitch,0.9813305735588074,1870_6_RF00168_6_NC_000913.3_4233124-4233721_ext_140-340_int_115_off_80_percentage_58_position_1-115 genomicbackground,1870,6,1870_6
query_1871,0,genomicbackground,1,riboswitch,0.9971449971199036,1871_6_RF00168_6_NC_000913.3_4233124-4233721_ext_140-340_int_115_off_85_percentage_58_position_1-115 genomicbackground,1871,6,1871_6
query_1872,0,genomicbackground,0,genomicbackground,0.4466570317745209,1872_6_RF00168_6_NC_000913.3_4233124-4233721_ext_140-340_int_120_off_0_percentage_30_position_61-120 genomicbackground,1872,6,1872_6
query_1873,0,genomicbackground,1,riboswitch,0.904448926448822,1873_6_RF00168_6_NC_000913.3_4233124-4233721_ext_140-340_int_120_off_5_percentage_33_position_56-120 genomicbackground,1873,6,1873_6
query_1874,0,genomicbackground,1,riboswitch,0.7590986490249634,1874_6_RF00168_6_NC_000913.3_4233124-4233721_ext_140-340_int_120_off_10_percentage_36_position_51-120 genomicbackground,1874,6,1874_6
query_1875,0,genomicbackground,1,riboswitch,0.996807873249054,1875_6_RF00168_6_NC_000913.3_4233124-4233721_ext_140-340_int_120_off_15_percentage_38_position_46-120 genomicbackground,1875,6,1875_6
query_1876,0,genomicbackground,1,riboswitch,0.9981139898300171,1876_6_RF00168_6_NC_000913.3_4233124-4233721_ext_140-340_int_120_off_20_percentage_41_position_41-120 genomicbackground,1876,6,1876_6
query_1877,0,genomicbackground,1,riboswitch,0.9991424083709717,1877_6_RF00168_6_NC_000913.3_4233124-4233721_ext_140-340_int_120_off_25_percentage_43_position_36-120 genomicbackground,1877,6,1877_6
query_1878,0,genomicbackground,1,riboswitch,0.9896190762519836,1878_6_RF00168_6_NC_000913.3_4233124-4233721_ext_140-340_int_120_off_30_percentage_46_position_31-120 genomicbackground,1878,6,1878_6
query_1879,0,genomicbackground,1,riboswitch,0.9822776317596436,1879_6_RF00168_6_NC_000913.3_4233124-4233721_ext_140-340_int_120_off_35_percentage_48_position_26-120 genomicbackground,1879,6,1879_6
query_1880,0,genomicbackground,1,riboswitch,0.9966360330581665,1880_6_RF00168_6_NC_000913.3_4233124-4233721_ext_140-340_int_120_off_40_percentage_51_position_21-120 genomicbackground,1880,6,1880_6
query_1881,0,genomicbackground,1,riboswitch,0.9973132014274597,1881_6_RF00168_6_NC_000913.3_4233124-4233721_ext_140-340_int_120_off_45_percentage_53_position_16-120 genomicbackground,1881,6,1881_6
query_1882,0,genomicbackground,1,riboswitch,0.9841734170913696,1882_6_RF00168_6_NC_000913.3_4233124-4233721_ext_140-340_int_120_off_50_percentage_56_position_11-120 genomicbackground,1882,6,1882_6
query_1883,0,genomicbackground,1,riboswitch,0.994600772857666,1883_6_RF00168_6_NC_000913.3_4233124-4233721_ext_140-340_int_120_off_55_percentage_58_position_6-120 genomicbackground,1883,6,1883_6
query_1884,0,genomicbackground,1,riboswitch,0.9473792910575867,1884_6_RF00168_6_NC_000913.3_4233124-4233721_ext_140-340_int_120_off_60_percentage_61_position_1-120 genomicbackground,1884,6,1884_6
query_1885,0,genomicbackground,1,riboswitch,0.9976361989974976,1885_6_RF00168_6_NC_000913.3_4233124-4233721_ext_140-340_int_120_off_65_percentage_61_position_1-120 genomicbackground,1885,6,1885_6
query_1886,0,genomicbackground,1,riboswitch,0.9329428672790527,1886_6_RF00168_6_NC_000913.3_4233124-4233721_ext_140-340_int_120_off_70_percentage_61_position_1-120 genomicbackground,1886,6,1886_6
query_1887,0,genomicbackground,1,riboswitch,0.9689680933952332,1887_6_RF00168_6_NC_000913.3_4233124-4233721_ext_140-340_int_120_off_75_percentage_61_position_1-120 genomicbackground,1887,6,1887_6
query_1888,0,genomicbackground,1,riboswitch,0.976883590221405,1888_6_RF00168_6_NC_000913.3_4233124-4233721_ext_140-340_int_120_off_80_percentage_61_position_1-120 genomicbackground,1888,6,1888_6
query_1889,0,genomicbackground,1,riboswitch,0.7981992363929749,1889_6_RF00168_6_NC_000913.3_4233124-4233721_ext_140-340_int_125_off_0_percentage_33_position_61-125 genomicbackground,1889,6,1889_6
query_1890,0,genomicbackground,1,riboswitch,0.8704086542129517,1890_6_RF00168_6_NC_000913.3_4233124-4233721_ext_140-340_int_125_off_5_percentage_36_position_56-125 genomicbackground,1890,6,1890_6
query_1891,0,genomicbackground,1,riboswitch,0.9667885899543762,1891_6_RF00168_6_NC_000913.3_4233124-4233721_ext_140-340_int_125_off_10_percentage_38_position_51-125 genomicbackground,1891,6,1891_6
query_1892,0,genomicbackground,1,riboswitch,0.9944019913673401,1892_6_RF00168_6_NC_000913.3_4233124-4233721_ext_140-340_int_125_off_15_percentage_41_position_46-125 genomicbackground,1892,6,1892_6
query_1893,0,genomicbackground,1,riboswitch,0.9960458874702454,1893_6_RF00168_6_NC_000913.3_4233124-4233721_ext_140-340_int_125_off_20_percentage_43_position_41-125 genomicbackground,1893,6,1893_6
query_1894,0,genomicbackground,1,riboswitch,0.9982578158378601,1894_6_RF00168_6_NC_000913.3_4233124-4233721_ext_140-340_int_125_off_25_percentage_46_position_36-125 genomicbackground,1894,6,1894_6
query_1895,0,genomicbackground,1,riboswitch,0.9715437293052673,1895_6_RF00168_6_NC_000913.3_4233124-4233721_ext_140-340_int_125_off_30_percentage_48_position_31-125 genomicbackground,1895,6,1895_6
query_1896,0,genomicbackground,1,riboswitch,0.9966738224029541,1896_6_RF00168_6_NC_000913.3_4233124-4233721_ext_140-340_int_125_off_35_percentage_51_position_26-125 genomicbackground,1896,6,1896_6
query_1897,0,genomicbackground,1,riboswitch,0.9967436790466309,1897_6_RF00168_6_NC_000913.3_4233124-4233721_ext_140-340_int_125_off_40_percentage_53_position_21-125 genomicbackground,1897,6,1897_6
query_1898,0,genomicbackground,1,riboswitch,0.9971176385879517,1898_6_RF00168_6_NC_000913.3_4233124-4233721_ext_140-340_int_125_off_45_percentage_56_position_16-125 genomicbackground,1898,6,1898_6
query_1899,0,genomicbackground,1,riboswitch,0.9957055449485779,1899_6_RF00168_6_NC_000913.3_4233124-4233721_ext_140-340_int_125_off_50_percentage_58_position_11-125 genomicbackground,1899,6,1899_6
query_1900,0,genomicbackground,1,riboswitch,0.9931691884994507,1900_6_RF00168_6_NC_000913.3_4233124-4233721_ext_140-340_int_125_off_55_percentage_61_position_6-125 genomicbackground,1900,6,1900_6
query_1901,0,genomicbackground,1,riboswitch,0.9982427358627319,1901_6_RF00168_6_NC_000913.3_4233124-4233721_ext_140-340_int_125_off_60_percentage_63_position_1-125 genomicbackground,1901,6,1901_6
query_1902,0,genomicbackground,1,riboswitch,0.9758895635604858,1902_6_RF00168_6_NC_000913.3_4233124-4233721_ext_140-340_int_125_off_65_percentage_63_position_1-125 genomicbackground,1902,6,1902_6
query_1903,0,genomicbackground,1,riboswitch,0.9533581733703613,1903_6_RF00168_6_NC_000913.3_4233124-4233721_ext_140-340_int_125_off_70_percentage_63_position_1-125 genomicbackground,1903,6,1903_6
query_1904,0,genomicbackground,1,riboswitch,0.9946314096450806,1904_6_RF00168_6_NC_000913.3_4233124-4233721_ext_140-340_int_125_off_75_percentage_63_position_1-125 genomicbackground,1904,6,1904_6
query_1905,0,genomicbackground,1,riboswitch,0.7373941540718079,1905_6_RF00168_6_NC_000913.3_4233124-4233721_ext_140-340_int_130_off_0_percentage_36_position_61-130 genomicbackground,1905,6,1905_6
query_1906,0,genomicbackground,1,riboswitch,0.9802725911140442,1906_6_RF00168_6_NC_000913.3_4233124-4233721_ext_140-340_int_130_off_5_percentage_38_position_56-130 genomicbackground,1906,6,1906_6
query_1907,0,genomicbackground,1,riboswitch,0.931923508644104,1907_6_RF00168_6_NC_000913.3_4233124-4233721_ext_140-340_int_130_off_10_percentage_41_position_51-130 genomicbackground,1907,6,1907_6
query_1908,0,genomicbackground,1,riboswitch,0.9888555407524109,1908_6_RF00168_6_NC_000913.3_4233124-4233721_ext_140-340_int_130_off_15_percentage_43_position_46-130 genomicbackground,1908,6,1908_6
query_1909,0,genomicbackground,1,riboswitch,0.9978286623954773,1909_6_RF00168_6_NC_000913.3_4233124-4233721_ext_140-340_int_130_off_20_percentage_46_position_41-130 genomicbackground,1909,6,1909_6
query_1910,0,genomicbackground,1,riboswitch,0.9984279870986938,1910_6_RF00168_6_NC_000913.3_4233124-4233721_ext_140-340_int_130_off_25_percentage_48_position_36-130 genomicbackground,1910,6,1910_6
query_1911,0,genomicbackground,1,riboswitch,0.9958837628364563,1911_6_RF00168_6_NC_000913.3_4233124-4233721_ext_140-340_int_130_off_30_percentage_51_position_31-130 genomicbackground,1911,6,1911_6
query_1912,0,genomicbackground,1,riboswitch,0.996738612651825,1912_6_RF00168_6_NC_000913.3_4233124-4233721_ext_140-340_int_130_off_35_percentage_53_position_26-130 genomicbackground,1912,6,1912_6
query_1913,0,genomicbackground,1,riboswitch,0.9965404868125916,1913_6_RF00168_6_NC_000913.3_4233124-4233721_ext_140-340_int_130_off_40_percentage_56_position_21-130 genomicbackground,1913,6,1913_6
query_1914,0,genomicbackground,1,riboswitch,0.9576937556266785,1914_6_RF00168_6_NC_000913.3_4233124-4233721_ext_140-340_int_130_off_45_percentage_58_position_16-130 genomicbackground,1914,6,1914_6
query_1915,0,genomicbackground,1,riboswitch,0.9952574372291565,1915_6_RF00168_6_NC_000913.3_4233124-4233721_ext_140-340_int_130_off_50_percentage_61_position_11-130 genomicbackground,1915,6,1915_6
query_1916,0,genomicbackground,1,riboswitch,0.9975101947784424,1916_6_RF00168_6_NC_000913.3_4233124-4233721_ext_140-340_int_130_off_55_percentage_63_position_6-130 genomicbackground,1916,6,1916_6
query_1917,0,genomicbackground,1,riboswitch,0.9984647035598755,1917_6_RF00168_6_NC_000913.3_4233124-4233721_ext_140-340_int_130_off_60_percentage_66_position_1-130 genomicbackground,1917,6,1917_6
query_1918,0,genomicbackground,1,riboswitch,0.9822337031364441,1918_6_RF00168_6_NC_000913.3_4233124-4233721_ext_140-340_int_130_off_65_percentage_66_position_1-130 genomicbackground,1918,6,1918_6
query_1919,0,genomicbackground,1,riboswitch,0.9647491574287415,1919_6_RF00168_6_NC_000913.3_4233124-4233721_ext_140-340_int_130_off_70_percentage_66_position_1-130 genomicbackground,1919,6,1919_6
query_1920,0,genomicbackground,1,riboswitch,0.9621800780296326,1920_6_RF00168_6_NC_000913.3_4233124-4233721_ext_140-340_int_135_off_0_percentage_38_position_61-135 genomicbackground,1920,6,1920_6
query_1921,0,genomicbackground,1,riboswitch,0.9626335501670837,1921_6_RF00168_6_NC_000913.3_4233124-4233721_ext_140-340_int_135_off_5_percentage_41_position_56-135 genomicbackground,1921,6,1921_6
query_1922,0,genomicbackground,1,riboswitch,0.8578835129737854,1922_6_RF00168_6_NC_000913.3_4233124-4233721_ext_140-340_int_135_off_10_percentage_43_position_51-135 genomicbackground,1922,6,1922_6
query_1923,0,genomicbackground,1,riboswitch,0.9966982007026672,1923_6_RF00168_6_NC_000913.3_4233124-4233721_ext_140-340_int_135_off_15_percentage_46_position_46-135 genomicbackground,1923,6,1923_6
query_1924,0,genomicbackground,1,riboswitch,0.997456967830658,1924_6_RF00168_6_NC_000913.3_4233124-4233721_ext_140-340_int_135_off_20_percentage_48_position_41-135 genomicbackground,1924,6,1924_6
query_1925,0,genomicbackground,1,riboswitch,0.9930484294891357,1925_6_RF00168_6_NC_000913.3_4233124-4233721_ext_140-340_int_135_off_25_percentage_51_position_36-135 genomicbackground,1925,6,1925_6
query_1926,0,genomicbackground,1,riboswitch,0.9960100650787354,1926_6_RF00168_6_NC_000913.3_4233124-4233721_ext_140-340_int_135_off_30_percentage_53_position_31-135 genomicbackground,1926,6,1926_6
query_1927,0,genomicbackground,1,riboswitch,0.9963778853416443,1927_6_RF00168_6_NC_000913.3_4233124-4233721_ext_140-340_int_135_off_35_percentage_56_position_26-135 genomicbackground,1927,6,1927_6
query_1928,0,genomicbackground,1,riboswitch,0.865105390548706,1928_6_RF00168_6_NC_000913.3_4233124-4233721_ext_140-340_int_135_off_40_percentage_58_position_21-135 genomicbackground,1928,6,1928_6
query_1929,0,genomicbackground,1,riboswitch,0.787059485912323,1929_6_RF00168_6_NC_000913.3_4233124-4233721_ext_140-340_int_135_off_45_percentage_61_position_16-135 genomicbackground,1929,6,1929_6
query_1930,0,genomicbackground,1,riboswitch,0.9973028898239136,1930_6_RF00168_6_NC_000913.3_4233124-4233721_ext_140-340_int_135_off_50_percentage_63_position_11-135 genomicbackground,1930,6,1930_6
query_1931,0,genomicbackground,1,riboswitch,0.9978479146957397,1931_6_RF00168_6_NC_000913.3_4233124-4233721_ext_140-340_int_135_off_55_percentage_66_position_6-135 genomicbackground,1931,6,1931_6
query_1932,0,genomicbackground,1,riboswitch,0.9868735671043396,1932_6_RF00168_6_NC_000913.3_4233124-4233721_ext_140-340_int_135_off_60_percentage_69_position_1-135 genomicbackground,1932,6,1932_6
query_1933,0,genomicbackground,1,riboswitch,0.983188807964325,1933_6_RF00168_6_NC_000913.3_4233124-4233721_ext_140-340_int_135_off_65_percentage_69_position_1-135 genomicbackground,1933,6,1933_6
query_1934,0,genomicbackground,1,riboswitch,0.9229145050048828,1934_6_RF00168_6_NC_000913.3_4233124-4233721_ext_140-340_int_140_off_0_percentage_41_position_61-140 genomicbackground,1934,6,1934_6
query_1935,0,genomicbackground,1,riboswitch,0.5885524153709412,1935_6_RF00168_6_NC_000913.3_4233124-4233721_ext_140-340_int_140_off_5_percentage_43_position_56-140 genomicbackground,1935,6,1935_6
query_1936,0,genomicbackground,1,riboswitch,0.9733707904815674,1936_6_RF00168_6_NC_000913.3_4233124-4233721_ext_140-340_int_140_off_10_percentage_46_position_51-140 genomicbackground,1936,6,1936_6
query_1937,0,genomicbackground,1,riboswitch,0.9964147806167603,1937_6_RF00168_6_NC_000913.3_4233124-4233721_ext_140-340_int_140_off_15_percentage_48_position_46-140 genomicbackground,1937,6,1937_6
query_1938,0,genomicbackground,1,riboswitch,0.989427387714386,1938_6_RF00168_6_NC_000913.3_4233124-4233721_ext_140-340_int_140_off_20_percentage_51_position_41-140 genomicbackground,1938,6,1938_6
query_1939,0,genomicbackground,1,riboswitch,0.9928089380264282,1939_6_RF00168_6_NC_000913.3_4233124-4233721_ext_140-340_int_140_off_25_percentage_53_position_36-140 genomicbackground,1939,6,1939_6
query_1940,0,genomicbackground,1,riboswitch,0.9956087470054626,1940_6_RF00168_6_NC_000913.3_4233124-4233721_ext_140-340_int_140_off_30_percentage_56_position_31-140 genomicbackground,1940,6,1940_6
query_1941,0,genomicbackground,1,riboswitch,0.8745792508125305,1941_6_RF00168_6_NC_000913.3_4233124-4233721_ext_140-340_int_140_off_35_percentage_58_position_26-140 genomicbackground,1941,6,1941_6
query_1942,0,genomicbackground,1,riboswitch,0.5843842029571533,1942_6_RF00168_6_NC_000913.3_4233124-4233721_ext_140-340_int_140_off_40_percentage_61_position_21-140 genomicbackground,1942,6,1942_6
query_1943,0,genomicbackground,1,riboswitch,0.9969737529754639,1943_6_RF00168_6_NC_000913.3_4233124-4233721_ext_140-340_int_140_off_45_percentage_63_position_16-140 genomicbackground,1943,6,1943_6
query_1944,0,genomicbackground,1,riboswitch,0.9977282881736755,1944_6_RF00168_6_NC_000913.3_4233124-4233721_ext_140-340_int_140_off_50_percentage_66_position_11-140 genomicbackground,1944,6,1944_6
query_1945,0,genomicbackground,1,riboswitch,0.9751666784286499,1945_6_RF00168_6_NC_000913.3_4233124-4233721_ext_140-340_int_140_off_55_percentage_69_position_6-140 genomicbackground,1945,6,1945_6
query_1946,0,genomicbackground,1,riboswitch,0.9866977334022522,1946_6_RF00168_6_NC_000913.3_4233124-4233721_ext_140-340_int_140_off_60_percentage_71_position_1-140 genomicbackground,1946,6,1946_6
query_1947,0,genomicbackground,0,genomicbackground,0.36107662320137024,1947_6_RF00168_6_NC_000913.3_4233124-4233721_ext_140-340_int_145_off_0_percentage_43_position_61-145 genomicbackground,1947,6,1947_6
query_1948,0,genomicbackground,1,riboswitch,0.9846286773681641,1948_6_RF00168_6_NC_000913.3_4233124-4233721_ext_140-340_int_145_off_5_percentage_46_position_56-145 genomicbackground,1948,6,1948_6
query_1949,0,genomicbackground,1,riboswitch,0.9648666977882385,1949_6_RF00168_6_NC_000913.3_4233124-4233721_ext_140-340_int_145_off_10_percentage_48_position_51-145 genomicbackground,1949,6,1949_6
query_1950,0,genomicbackground,1,riboswitch,0.9909124374389648,1950_6_RF00168_6_NC_000913.3_4233124-4233721_ext_140-340_int_145_off_15_percentage_51_position_46-145 genomicbackground,1950,6,1950_6
query_1951,0,genomicbackground,1,riboswitch,0.9890367388725281,1951_6_RF00168_6_NC_000913.3_4233124-4233721_ext_140-340_int_145_off_20_percentage_53_position_41-145 genomicbackground,1951,6,1951_6
query_1952,0,genomicbackground,1,riboswitch,0.9977467656135559,1952_6_RF00168_6_NC_000913.3_4233124-4233721_ext_140-340_int_145_off_25_percentage_56_position_36-145 genomicbackground,1952,6,1952_6
query_1953,0,genomicbackground,1,riboswitch,0.718961238861084,1953_6_RF00168_6_NC_000913.3_4233124-4233721_ext_140-340_int_145_off_30_percentage_58_position_31-145 genomicbackground,1953,6,1953_6
query_1954,0,genomicbackground,0,genomicbackground,0.47426483035087585,1954_6_RF00168_6_NC_000913.3_4233124-4233721_ext_140-340_int_145_off_35_percentage_61_position_26-145 genomicbackground,1954,6,1954_6
query_1955,0,genomicbackground,1,riboswitch,0.9960600733757019,1955_6_RF00168_6_NC_000913.3_4233124-4233721_ext_140-340_int_145_off_40_percentage_63_position_21-145 genomicbackground,1955,6,1955_6
query_1956,0,genomicbackground,1,riboswitch,0.9435747861862183,1956_6_RF00168_6_NC_000913.3_4233124-4233721_ext_140-340_int_145_off_45_percentage_66_position_16-145 genomicbackground,1956,6,1956_6
query_1957,0,genomicbackground,1,riboswitch,0.9008502960205078,1957_6_RF00168_6_NC_000913.3_4233124-4233721_ext_140-340_int_145_off_50_percentage_69_position_11-145 genomicbackground,1957,6,1957_6
query_1958,0,genomicbackground,1,riboswitch,0.9861494302749634,1958_6_RF00168_6_NC_000913.3_4233124-4233721_ext_140-340_int_145_off_55_percentage_71_position_6-145 genomicbackground,1958,6,1958_6
query_1959,0,genomicbackground,1,riboswitch,0.8572896122932434,1959_6_RF00168_6_NC_000913.3_4233124-4233721_ext_140-340_int_150_off_0_percentage_46_position_61-150 genomicbackground,1959,6,1959_6
query_1960,0,genomicbackground,1,riboswitch,0.9995408058166504,1960_6_RF00168_6_NC_000913.3_4233124-4233721_ext_140-340_int_150_off_5_percentage_48_position_56-150 genomicbackground,1960,6,1960_6
query_1961,0,genomicbackground,1,riboswitch,0.853363037109375,1961_6_RF00168_6_NC_000913.3_4233124-4233721_ext_140-340_int_150_off_10_percentage_51_position_51-150 genomicbackground,1961,6,1961_6
query_1962,0,genomicbackground,1,riboswitch,0.9889736771583557,1962_6_RF00168_6_NC_000913.3_4233124-4233721_ext_140-340_int_150_off_15_percentage_53_position_46-150 genomicbackground,1962,6,1962_6
query_1963,0,genomicbackground,1,riboswitch,0.99671870470047,1963_6_RF00168_6_NC_000913.3_4233124-4233721_ext_140-340_int_150_off_20_percentage_56_position_41-150 genomicbackground,1963,6,1963_6
query_1964,0,genomicbackground,1,riboswitch,0.8768685460090637,1964_6_RF00168_6_NC_000913.3_4233124-4233721_ext_140-340_int_150_off_25_percentage_58_position_36-150 genomicbackground,1964,6,1964_6
query_1965,0,genomicbackground,0,genomicbackground,0.1843705028295517,1965_6_RF00168_6_NC_000913.3_4233124-4233721_ext_140-340_int_150_off_30_percentage_61_position_31-150 genomicbackground,1965,6,1965_6
query_1966,0,genomicbackground,1,riboswitch,0.9954759478569031,1966_6_RF00168_6_NC_000913.3_4233124-4233721_ext_140-340_int_150_off_35_percentage_63_position_26-150 genomicbackground,1966,6,1966_6
query_1967,0,genomicbackground,1,riboswitch,0.8963789343833923,1967_6_RF00168_6_NC_000913.3_4233124-4233721_ext_140-340_int_150_off_40_percentage_66_position_21-150 genomicbackground,1967,6,1967_6
query_1968,0,genomicbackground,1,riboswitch,0.9645446538925171,1968_6_RF00168_6_NC_000913.3_4233124-4233721_ext_140-340_int_150_off_45_percentage_69_position_16-150 genomicbackground,1968,6,1968_6
query_1969,0,genomicbackground,1,riboswitch,0.9976165294647217,1969_6_RF00168_6_NC_000913.3_4233124-4233721_ext_140-340_int_150_off_50_percentage_71_position_11-150 genomicbackground,1969,6,1969_6
query_1970,0,genomicbackground,1,riboswitch,0.7123772501945496,1970_6_RF00168_6_NC_000913.3_4233124-4233721_ext_140-340_int_155_off_0_percentage_48_position_61-155 genomicbackground,1970,6,1970_6
query_1971,0,genomicbackground,1,riboswitch,0.9266332387924194,1971_6_RF00168_6_NC_000913.3_4233124-4233721_ext_140-340_int_155_off_5_percentage_51_position_56-155 genomicbackground,1971,6,1971_6
query_1972,0,genomicbackground,1,riboswitch,0.8004958629608154,1972_6_RF00168_6_NC_000913.3_4233124-4233721_ext_140-340_int_155_off_10_percentage_53_position_51-155 genomicbackground,1972,6,1972_6
query_1973,0,genomicbackground,1,riboswitch,0.9931378364562988,1973_6_RF00168_6_NC_000913.3_4233124-4233721_ext_140-340_int_155_off_15_percentage_56_position_46-155 genomicbackground,1973,6,1973_6
query_1974,0,genomicbackground,1,riboswitch,0.6140321493148804,1974_6_RF00168_6_NC_000913.3_4233124-4233721_ext_140-340_int_155_off_20_percentage_58_position_41-155 genomicbackground,1974,6,1974_6
query_1975,0,genomicbackground,1,riboswitch,0.6585160493850708,1975_6_RF00168_6_NC_000913.3_4233124-4233721_ext_140-340_int_155_off_25_percentage_61_position_36-155 genomicbackground,1975,6,1975_6
query_1976,0,genomicbackground,1,riboswitch,0.9946519136428833,1976_6_RF00168_6_NC_000913.3_4233124-4233721_ext_140-340_int_155_off_30_percentage_63_position_31-155 genomicbackground,1976,6,1976_6
query_1977,0,genomicbackground,1,riboswitch,0.9127770066261292,1977_6_RF00168_6_NC_000913.3_4233124-4233721_ext_140-340_int_155_off_35_percentage_66_position_26-155 genomicbackground,1977,6,1977_6
query_1978,0,genomicbackground,1,riboswitch,0.9446157217025757,1978_6_RF00168_6_NC_000913.3_4233124-4233721_ext_140-340_int_155_off_40_percentage_69_position_21-155 genomicbackground,1978,6,1978_6
query_1979,0,genomicbackground,1,riboswitch,0.9622147083282471,1979_6_RF00168_6_NC_000913.3_4233124-4233721_ext_140-340_int_155_off_45_percentage_71_position_16-155 genomicbackground,1979,6,1979_6
query_1980,0,genomicbackground,1,riboswitch,0.9695194363594055,1980_6_RF00168_6_NC_000913.3_4233124-4233721_ext_140-340_int_160_off_0_percentage_51_position_61-160 genomicbackground,1980,6,1980_6
query_1981,0,genomicbackground,1,riboswitch,0.9045604467391968,1981_6_RF00168_6_NC_000913.3_4233124-4233721_ext_140-340_int_160_off_5_percentage_53_position_56-160 genomicbackground,1981,6,1981_6
query_1982,0,genomicbackground,1,riboswitch,0.9048908948898315,1982_6_RF00168_6_NC_000913.3_4233124-4233721_ext_140-340_int_160_off_10_percentage_56_position_51-160 genomicbackground,1982,6,1982_6
query_1983,0,genomicbackground,0,genomicbackground,0.1410556584596634,1983_6_RF00168_6_NC_000913.3_4233124-4233721_ext_140-340_int_160_off_15_percentage_58_position_46-160 genomicbackground,1983,6,1983_6
query_1984,0,genomicbackground,0,genomicbackground,0.4812774658203125,1984_6_RF00168_6_NC_000913.3_4233124-4233721_ext_140-340_int_160_off_20_percentage_61_position_41-160 genomicbackground,1984,6,1984_6
query_1985,0,genomicbackground,0,genomicbackground,0.45726829767227173,1985_6_RF00168_6_NC_000913.3_4233124-4233721_ext_140-340_int_160_off_25_percentage_63_position_36-160 genomicbackground,1985,6,1985_6
query_1986,0,genomicbackground,1,riboswitch,0.8384397029876709,1986_6_RF00168_6_NC_000913.3_4233124-4233721_ext_140-340_int_160_off_30_percentage_66_position_31-160 genomicbackground,1986,6,1986_6
query_1987,0,genomicbackground,1,riboswitch,0.9531670808792114,1987_6_RF00168_6_NC_000913.3_4233124-4233721_ext_140-340_int_160_off_35_percentage_69_position_26-160 genomicbackground,1987,6,1987_6
query_1988,0,genomicbackground,1,riboswitch,0.9829670190811157,1988_6_RF00168_6_NC_000913.3_4233124-4233721_ext_140-340_int_160_off_40_percentage_71_position_21-160 genomicbackground,1988,6,1988_6
query_1989,0,genomicbackground,1,riboswitch,0.9673781394958496,1989_6_RF00168_6_NC_000913.3_4233124-4233721_ext_140-340_int_165_off_0_percentage_53_position_61-165 genomicbackground,1989,6,1989_6
query_1990,0,genomicbackground,1,riboswitch,0.9567266702651978,1990_6_RF00168_6_NC_000913.3_4233124-4233721_ext_140-340_int_165_off_5_percentage_56_position_56-165 genomicbackground,1990,6,1990_6
query_1991,0,genomicbackground,0,genomicbackground,0.034267790615558624,1991_6_RF00168_6_NC_000913.3_4233124-4233721_ext_140-340_int_165_off_10_percentage_58_position_51-165 genomicbackground,1991,6,1991_6
query_1992,0,genomicbackground,0,genomicbackground,0.10494338721036911,1992_6_RF00168_6_NC_000913.3_4233124-4233721_ext_140-340_int_165_off_15_percentage_61_position_46-165 genomicbackground,1992,6,1992_6
query_1993,0,genomicbackground,1,riboswitch,0.564165472984314,1993_6_RF00168_6_NC_000913.3_4233124-4233721_ext_140-340_int_165_off_20_percentage_63_position_41-165 genomicbackground,1993,6,1993_6
query_1994,0,genomicbackground,1,riboswitch,0.8377119898796082,1994_6_RF00168_6_NC_000913.3_4233124-4233721_ext_140-340_int_165_off_25_percentage_66_position_36-165 genomicbackground,1994,6,1994_6
query_1995,0,genomicbackground,1,riboswitch,0.92741858959198,1995_6_RF00168_6_NC_000913.3_4233124-4233721_ext_140-340_int_165_off_30_percentage_69_position_31-165 genomicbackground,1995,6,1995_6
query_1996,0,genomicbackground,1,riboswitch,0.9837678074836731,1996_6_RF00168_6_NC_000913.3_4233124-4233721_ext_140-340_int_165_off_35_percentage_71_position_26-165 genomicbackground,1996,6,1996_6
query_1997,0,genomicbackground,0,genomicbackground,0.048696279525756836,1997_6_RF00168_6_NC_000913.3_4233124-4233721_ext_140-340_int_170_off_0_percentage_56_position_61-170 genomicbackground,1997,6,1997_6
query_1998,0,genomicbackground,0,genomicbackground,0.0648687556385994,1998_6_RF00168_6_NC_000913.3_4233124-4233721_ext_140-340_int_170_off_5_percentage_58_position_56-170 genomicbackground,1998,6,1998_6
query_1999,0,genomicbackground,0,genomicbackground,0.029724659398198128,1999_6_RF00168_6_NC_000913.3_4233124-4233721_ext_140-340_int_170_off_10_percentage_61_position_51-170 genomicbackground,1999,6,1999_6
query_2000,0,genomicbackground,1,riboswitch,0.8230692148208618,2000_6_RF00168_6_NC_000913.3_4233124-4233721_ext_140-340_int_170_off_15_percentage_63_position_46-170 genomicbackground,2000,6,2000_6
query_2001,0,genomicbackground,1,riboswitch,0.7016212344169617,2001_6_RF00168_6_NC_000913.3_4233124-4233721_ext_140-340_int_170_off_20_percentage_66_position_41-170 genomicbackground,2001,6,2001_6
query_2002,0,genomicbackground,1,riboswitch,0.8772104978561401,2002_6_RF00168_6_NC_000913.3_4233124-4233721_ext_140-340_int_170_off_25_percentage_69_position_36-170 genomicbackground,2002,6,2002_6
query_2003,0,genomicbackground,1,riboswitch,0.9753105640411377,2003_6_RF00168_6_NC_000913.3_4233124-4233721_ext_140-340_int_170_off_30_percentage_71_position_31-170 genomicbackground,2003,6,2003_6
query_2004,0,genomicbackground,0,genomicbackground,0.017982035875320435,2004_6_RF00168_6_NC_000913.3_4233124-4233721_ext_140-340_int_175_off_0_percentage_58_position_61-175 genomicbackground,2004,6,2004_6
query_2005,0,genomicbackground,0,genomicbackground,0.04838582128286362,2005_6_RF00168_6_NC_000913.3_4233124-4233721_ext_140-340_int_175_off_5_percentage_61_position_56-175 genomicbackground,2005,6,2005_6
query_2006,0,genomicbackground,0,genomicbackground,0.44857099652290344,2006_6_RF00168_6_NC_000913.3_4233124-4233721_ext_140-340_int_175_off_10_percentage_63_position_51-175 genomicbackground,2006,6,2006_6
query_2007,0,genomicbackground,1,riboswitch,0.9856632351875305,2007_6_RF00168_6_NC_000913.3_4233124-4233721_ext_140-340_int_175_off_15_percentage_66_position_46-175 genomicbackground,2007,6,2007_6
query_2008,0,genomicbackground,1,riboswitch,0.9964109063148499,2008_6_RF00168_6_NC_000913.3_4233124-4233721_ext_140-340_int_175_off_20_percentage_69_position_41-175 genomicbackground,2008,6,2008_6
query_2009,0,genomicbackground,1,riboswitch,0.9558655023574829,2009_6_RF00168_6_NC_000913.3_4233124-4233721_ext_140-340_int_175_off_25_percentage_71_position_36-175 genomicbackground,2009,6,2009_6
query_2010,0,genomicbackground,0,genomicbackground,0.026353802531957626,2010_6_RF00168_6_NC_000913.3_4233124-4233721_ext_140-340_int_180_off_0_percentage_61_position_61-180 genomicbackground,2010,6,2010_6
query_2011,0,genomicbackground,1,riboswitch,0.7325924038887024,2011_6_RF00168_6_NC_000913.3_4233124-4233721_ext_140-340_int_180_off_5_percentage_63_position_56-180 genomicbackground,2011,6,2011_6
query_2012,0,genomicbackground,1,riboswitch,0.9204155206680298,2012_6_RF00168_6_NC_000913.3_4233124-4233721_ext_140-340_int_180_off_10_percentage_66_position_51-180 genomicbackground,2012,6,2012_6
query_2013,0,genomicbackground,1,riboswitch,0.985442042350769,2013_6_RF00168_6_NC_000913.3_4233124-4233721_ext_140-340_int_180_off_15_percentage_69_position_46-180 genomicbackground,2013,6,2013_6
query_2014,0,genomicbackground,1,riboswitch,0.9978060126304626,2014_6_RF00168_6_NC_000913.3_4233124-4233721_ext_140-340_int_180_off_20_percentage_71_position_41-180 genomicbackground,2014,6,2014_6
query_2015,0,genomicbackground,0,genomicbackground,0.3679584264755249,2015_6_RF00168_6_NC_000913.3_4233124-4233721_ext_140-340_int_185_off_0_percentage_63_position_61-185 genomicbackground,2015,6,2015_6
query_2016,0,genomicbackground,1,riboswitch,0.9663760662078857,2016_6_RF00168_6_NC_000913.3_4233124-4233721_ext_140-340_int_185_off_5_percentage_66_position_56-185 genomicbackground,2016,6,2016_6
query_2017,0,genomicbackground,1,riboswitch,0.8149042725563049,2017_6_RF00168_6_NC_000913.3_4233124-4233721_ext_140-340_int_185_off_10_percentage_69_position_51-185 genomicbackground,2017,6,2017_6
query_2018,0,genomicbackground,1,riboswitch,0.9949606657028198,2018_6_RF00168_6_NC_000913.3_4233124-4233721_ext_140-340_int_185_off_15_percentage_71_position_46-185 genomicbackground,2018,6,2018_6
query_2019,0,genomicbackground,1,riboswitch,0.8875853419303894,2019_6_RF00168_6_NC_000913.3_4233124-4233721_ext_140-340_int_190_off_0_percentage_66_position_61-190 genomicbackground,2019,6,2019_6
query_2020,0,genomicbackground,1,riboswitch,0.9054232835769653,2020_6_RF00168_6_NC_000913.3_4233124-4233721_ext_140-340_int_190_off_5_percentage_69_position_56-190 genomicbackground,2020,6,2020_6
query_2021,0,genomicbackground,1,riboswitch,0.9937657117843628,2021_6_RF00168_6_NC_000913.3_4233124-4233721_ext_140-340_int_190_off_10_percentage_71_position_51-190 genomicbackground,2021,6,2021_6
query_2022,0,genomicbackground,1,riboswitch,0.7557094693183899,2022_6_RF00168_6_NC_000913.3_4233124-4233721_ext_140-340_int_195_off_0_percentage_69_position_61-195 genomicbackground,2022,6,2022_6
query_2023,0,genomicbackground,1,riboswitch,0.9956676959991455,2023_6_RF00168_6_NC_000913.3_4233124-4233721_ext_140-340_int_195_off_5_percentage_71_position_56-195 genomicbackground,2023,6,2023_6
query_2024,0,genomicbackground,1,riboswitch,0.9922061562538147,2024_6_RF00168_6_NC_000913.3_4233124-4233721_ext_140-340_int_200_off_0_percentage_71_position_61-200 genomicbackground,2024,6,2024_6
query_2025,0,genomicbackground,1,riboswitch,0.8896877765655518,2025_6_RF00168_6_NC_000913.3_4233124-4233721_ext_160-360_int_95_off_0_percentage_28_position_41-95 genomicbackground,2025,6,2025_6
query_2026,0,genomicbackground,1,riboswitch,0.6576889157295227,2026_6_RF00168_6_NC_000913.3_4233124-4233721_ext_160-360_int_95_off_5_percentage_30_position_36-95 genomicbackground,2026,6,2026_6
query_2027,0,genomicbackground,1,riboswitch,0.9172741770744324,2027_6_RF00168_6_NC_000913.3_4233124-4233721_ext_160-360_int_95_off_10_percentage_33_position_31-95 genomicbackground,2027,6,2027_6
query_2028,0,genomicbackground,1,riboswitch,0.9956448078155518,2028_6_RF00168_6_NC_000913.3_4233124-4233721_ext_160-360_int_95_off_15_percentage_36_position_26-95 genomicbackground,2028,6,2028_6
query_2029,0,genomicbackground,1,riboswitch,0.9984799027442932,2029_6_RF00168_6_NC_000913.3_4233124-4233721_ext_160-360_int_95_off_20_percentage_38_position_21-95 genomicbackground,2029,6,2029_6
query_2030,0,genomicbackground,1,riboswitch,0.9857930541038513,2030_6_RF00168_6_NC_000913.3_4233124-4233721_ext_160-360_int_95_off_25_percentage_41_position_16-95 genomicbackground,2030,6,2030_6
query_2031,0,genomicbackground,1,riboswitch,0.9915035367012024,2031_6_RF00168_6_NC_000913.3_4233124-4233721_ext_160-360_int_95_off_30_percentage_43_position_11-95 genomicbackground,2031,6,2031_6
query_2032,0,genomicbackground,1,riboswitch,0.9994669556617737,2032_6_RF00168_6_NC_000913.3_4233124-4233721_ext_160-360_int_95_off_35_percentage_46_position_6-95 genomicbackground,2032,6,2032_6
query_2033,0,genomicbackground,1,riboswitch,0.9988763928413391,2033_6_RF00168_6_NC_000913.3_4233124-4233721_ext_160-360_int_95_off_40_percentage_48_position_1-95 genomicbackground,2033,6,2033_6
query_2034,0,genomicbackground,1,riboswitch,0.9974785447120667,2034_6_RF00168_6_NC_000913.3_4233124-4233721_ext_160-360_int_95_off_45_percentage_48_position_1-95 genomicbackground,2034,6,2034_6
query_2035,0,genomicbackground,1,riboswitch,0.9959114789962769,2035_6_RF00168_6_NC_000913.3_4233124-4233721_ext_160-360_int_95_off_50_percentage_48_position_1-95 genomicbackground,2035,6,2035_6
query_2036,0,genomicbackground,1,riboswitch,0.9961251616477966,2036_6_RF00168_6_NC_000913.3_4233124-4233721_ext_160-360_int_95_off_55_percentage_48_position_1-95 genomicbackground,2036,6,2036_6
query_2037,0,genomicbackground,1,riboswitch,0.9973325729370117,2037_6_RF00168_6_NC_000913.3_4233124-4233721_ext_160-360_int_95_off_60_percentage_48_position_1-95 genomicbackground,2037,6,2037_6
query_2038,0,genomicbackground,1,riboswitch,0.9967936873435974,2038_6_RF00168_6_NC_000913.3_4233124-4233721_ext_160-360_int_95_off_65_percentage_48_position_1-95 genomicbackground,2038,6,2038_6
query_2039,0,genomicbackground,1,riboswitch,0.9922299981117249,2039_6_RF00168_6_NC_000913.3_4233124-4233721_ext_160-360_int_95_off_70_percentage_48_position_1-95 genomicbackground,2039,6,2039_6
query_2040,0,genomicbackground,1,riboswitch,0.9613020420074463,2040_6_RF00168_6_NC_000913.3_4233124-4233721_ext_160-360_int_95_off_75_percentage_48_position_1-95 genomicbackground,2040,6,2040_6
query_2041,0,genomicbackground,0,genomicbackground,0.41477009654045105,2041_6_RF00168_6_NC_000913.3_4233124-4233721_ext_160-360_int_95_off_80_percentage_48_position_1-95 genomicbackground,2041,6,2041_6
query_2042,0,genomicbackground,1,riboswitch,0.9816890954971313,2042_6_RF00168_6_NC_000913.3_4233124-4233721_ext_160-360_int_95_off_85_percentage_48_position_1-95 genomicbackground,2042,6,2042_6
query_2043,0,genomicbackground,1,riboswitch,0.9902179837226868,2043_6_RF00168_6_NC_000913.3_4233124-4233721_ext_160-360_int_95_off_90_percentage_48_position_1-95 genomicbackground,2043,6,2043_6
query_2044,0,genomicbackground,1,riboswitch,0.9777243733406067,2044_6_RF00168_6_NC_000913.3_4233124-4233721_ext_160-360_int_95_off_95_percentage_48_position_1-95 genomicbackground,2044,6,2044_6
query_2045,0,genomicbackground,1,riboswitch,0.9974225759506226,2045_6_RF00168_6_NC_000913.3_4233124-4233721_ext_160-360_int_95_off_100_percentage_48_position_1-95 genomicbackground,2045,6,2045_6
query_2046,0,genomicbackground,1,riboswitch,0.8821771740913391,2046_6_RF00168_6_NC_000913.3_4233124-4233721_ext_160-360_int_95_off_105_percentage_48_position_1-95 genomicbackground,2046,6,2046_6
query_2047,0,genomicbackground,1,riboswitch,0.9829661846160889,2047_6_RF00168_6_NC_000913.3_4233124-4233721_ext_160-360_int_100_off_0_percentage_30_position_41-100 genomicbackground,2047,6,2047_6
query_2048,0,genomicbackground,1,riboswitch,0.882890522480011,2048_6_RF00168_6_NC_000913.3_4233124-4233721_ext_160-360_int_100_off_5_percentage_33_position_36-100 genomicbackground,2048,6,2048_6
query_2049,0,genomicbackground,1,riboswitch,0.9760028719902039,2049_6_RF00168_6_NC_000913.3_4233124-4233721_ext_160-360_int_100_off_10_percentage_36_position_31-100 genomicbackground,2049,6,2049_6
query_2050,0,genomicbackground,1,riboswitch,0.9992616772651672,2050_6_RF00168_6_NC_000913.3_4233124-4233721_ext_160-360_int_100_off_15_percentage_38_position_26-100 genomicbackground,2050,6,2050_6
query_2051,0,genomicbackground,1,riboswitch,0.975774884223938,2051_6_RF00168_6_NC_000913.3_4233124-4233721_ext_160-360_int_100_off_20_percentage_41_position_21-100 genomicbackground,2051,6,2051_6
query_2052,0,genomicbackground,1,riboswitch,0.9861272573471069,2052_6_RF00168_6_NC_000913.3_4233124-4233721_ext_160-360_int_100_off_25_percentage_43_position_16-100 genomicbackground,2052,6,2052_6
query_2053,0,genomicbackground,1,riboswitch,0.9947757720947266,2053_6_RF00168_6_NC_000913.3_4233124-4233721_ext_160-360_int_100_off_30_percentage_46_position_11-100 genomicbackground,2053,6,2053_6
query_2054,0,genomicbackground,1,riboswitch,0.999434769153595,2054_6_RF00168_6_NC_000913.3_4233124-4233721_ext_160-360_int_100_off_35_percentage_48_position_6-100 genomicbackground,2054,6,2054_6
query_2055,0,genomicbackground,1,riboswitch,0.9978345036506653,2055_6_RF00168_6_NC_000913.3_4233124-4233721_ext_160-360_int_100_off_40_percentage_51_position_1-100 genomicbackground,2055,6,2055_6
query_2056,0,genomicbackground,1,riboswitch,0.9977130889892578,2056_6_RF00168_6_NC_000913.3_4233124-4233721_ext_160-360_int_100_off_45_percentage_51_position_1-100 genomicbackground,2056,6,2056_6
query_2057,0,genomicbackground,1,riboswitch,0.9806911945343018,2057_6_RF00168_6_NC_000913.3_4233124-4233721_ext_160-360_int_100_off_50_percentage_51_position_1-100 genomicbackground,2057,6,2057_6
query_2058,0,genomicbackground,1,riboswitch,0.6379722356796265,2058_6_RF00168_6_NC_000913.3_4233124-4233721_ext_160-360_int_100_off_55_percentage_51_position_1-100 genomicbackground,2058,6,2058_6
query_2059,0,genomicbackground,1,riboswitch,0.9968245029449463,2059_6_RF00168_6_NC_000913.3_4233124-4233721_ext_160-360_int_100_off_60_percentage_51_position_1-100 genomicbackground,2059,6,2059_6
query_2060,0,genomicbackground,1,riboswitch,0.9976505637168884,2060_6_RF00168_6_NC_000913.3_4233124-4233721_ext_160-360_int_100_off_65_percentage_51_position_1-100 genomicbackground,2060,6,2060_6
query_2061,0,genomicbackground,1,riboswitch,0.9664003252983093,2061_6_RF00168_6_NC_000913.3_4233124-4233721_ext_160-360_int_100_off_70_percentage_51_position_1-100 genomicbackground,2061,6,2061_6
query_2062,0,genomicbackground,1,riboswitch,0.9484055042266846,2062_6_RF00168_6_NC_000913.3_4233124-4233721_ext_160-360_int_100_off_75_percentage_51_position_1-100 genomicbackground,2062,6,2062_6
query_2063,0,genomicbackground,1,riboswitch,0.5783088207244873,2063_6_RF00168_6_NC_000913.3_4233124-4233721_ext_160-360_int_100_off_80_percentage_51_position_1-100 genomicbackground,2063,6,2063_6
query_2064,0,genomicbackground,1,riboswitch,0.9860814809799194,2064_6_RF00168_6_NC_000913.3_4233124-4233721_ext_160-360_int_100_off_85_percentage_51_position_1-100 genomicbackground,2064,6,2064_6
query_2065,0,genomicbackground,1,riboswitch,0.9553518295288086,2065_6_RF00168_6_NC_000913.3_4233124-4233721_ext_160-360_int_100_off_90_percentage_51_position_1-100 genomicbackground,2065,6,2065_6
query_2066,0,genomicbackground,1,riboswitch,0.9721149206161499,2066_6_RF00168_6_NC_000913.3_4233124-4233721_ext_160-360_int_100_off_95_percentage_51_position_1-100 genomicbackground,2066,6,2066_6
query_2067,0,genomicbackground,1,riboswitch,0.997488260269165,2067_6_RF00168_6_NC_000913.3_4233124-4233721_ext_160-360_int_100_off_100_percentage_51_position_1-100 genomicbackground,2067,6,2067_6
query_2068,0,genomicbackground,1,riboswitch,0.951699435710907,2068_6_RF00168_6_NC_000913.3_4233124-4233721_ext_160-360_int_105_off_0_percentage_33_position_41-105 genomicbackground,2068,6,2068_6
query_2069,0,genomicbackground,1,riboswitch,0.9923878908157349,2069_6_RF00168_6_NC_000913.3_4233124-4233721_ext_160-360_int_105_off_5_percentage_36_position_36-105 genomicbackground,2069,6,2069_6
query_2070,0,genomicbackground,1,riboswitch,0.9986520409584045,2070_6_RF00168_6_NC_000913.3_4233124-4233721_ext_160-360_int_105_off_10_percentage_38_position_31-105 genomicbackground,2070,6,2070_6
query_2071,0,genomicbackground,1,riboswitch,0.9731554985046387,2071_6_RF00168_6_NC_000913.3_4233124-4233721_ext_160-360_int_105_off_15_percentage_41_position_26-105 genomicbackground,2071,6,2071_6
query_2072,0,genomicbackground,1,riboswitch,0.9769976139068604,2072_6_RF00168_6_NC_000913.3_4233124-4233721_ext_160-360_int_105_off_20_percentage_43_position_21-105 genomicbackground,2072,6,2072_6
query_2073,0,genomicbackground,1,riboswitch,0.9955390095710754,2073_6_RF00168_6_NC_000913.3_4233124-4233721_ext_160-360_int_105_off_25_percentage_46_position_16-105 genomicbackground,2073,6,2073_6
query_2074,0,genomicbackground,1,riboswitch,0.9945846199989319,2074_6_RF00168_6_NC_000913.3_4233124-4233721_ext_160-360_int_105_off_30_percentage_48_position_11-105 genomicbackground,2074,6,2074_6
query_2075,0,genomicbackground,1,riboswitch,0.9972121119499207,2075_6_RF00168_6_NC_000913.3_4233124-4233721_ext_160-360_int_105_off_35_percentage_51_position_6-105 genomicbackground,2075,6,2075_6
query_2076,0,genomicbackground,1,riboswitch,0.992607593536377,2076_6_RF00168_6_NC_000913.3_4233124-4233721_ext_160-360_int_105_off_40_percentage_53_position_1-105 genomicbackground,2076,6,2076_6
query_2077,0,genomicbackground,1,riboswitch,0.9520189166069031,2077_6_RF00168_6_NC_000913.3_4233124-4233721_ext_160-360_int_105_off_45_percentage_53_position_1-105 genomicbackground,2077,6,2077_6
query_2078,0,genomicbackground,1,riboswitch,0.7796173691749573,2078_6_RF00168_6_NC_000913.3_4233124-4233721_ext_160-360_int_105_off_50_percentage_53_position_1-105 genomicbackground,2078,6,2078_6
query_2079,0,genomicbackground,1,riboswitch,0.9532890319824219,2079_6_RF00168_6_NC_000913.3_4233124-4233721_ext_160-360_int_105_off_55_percentage_53_position_1-105 genomicbackground,2079,6,2079_6
query_2080,0,genomicbackground,1,riboswitch,0.997407853603363,2080_6_RF00168_6_NC_000913.3_4233124-4233721_ext_160-360_int_105_off_60_percentage_53_position_1-105 genomicbackground,2080,6,2080_6
query_2081,0,genomicbackground,1,riboswitch,0.9576762318611145,2081_6_RF00168_6_NC_000913.3_4233124-4233721_ext_160-360_int_105_off_65_percentage_53_position_1-105 genomicbackground,2081,6,2081_6
query_2082,0,genomicbackground,1,riboswitch,0.9594510197639465,2082_6_RF00168_6_NC_000913.3_4233124-4233721_ext_160-360_int_105_off_70_percentage_53_position_1-105 genomicbackground,2082,6,2082_6
query_2083,0,genomicbackground,1,riboswitch,0.9569440484046936,2083_6_RF00168_6_NC_000913.3_4233124-4233721_ext_160-360_int_105_off_75_percentage_53_position_1-105 genomicbackground,2083,6,2083_6
query_2084,0,genomicbackground,1,riboswitch,0.9413776993751526,2084_6_RF00168_6_NC_000913.3_4233124-4233721_ext_160-360_int_105_off_80_percentage_53_position_1-105 genomicbackground,2084,6,2084_6
query_2085,0,genomicbackground,1,riboswitch,0.9858444929122925,2085_6_RF00168_6_NC_000913.3_4233124-4233721_ext_160-360_int_105_off_85_percentage_53_position_1-105 genomicbackground,2085,6,2085_6
query_2086,0,genomicbackground,1,riboswitch,0.9521241784095764,2086_6_RF00168_6_NC_000913.3_4233124-4233721_ext_160-360_int_105_off_90_percentage_53_position_1-105 genomicbackground,2086,6,2086_6
query_2087,0,genomicbackground,1,riboswitch,0.9724031686782837,2087_6_RF00168_6_NC_000913.3_4233124-4233721_ext_160-360_int_105_off_95_percentage_53_position_1-105 genomicbackground,2087,6,2087_6
query_2088,0,genomicbackground,1,riboswitch,0.9764431118965149,2088_6_RF00168_6_NC_000913.3_4233124-4233721_ext_160-360_int_110_off_0_percentage_36_position_41-110 genomicbackground,2088,6,2088_6
query_2089,0,genomicbackground,1,riboswitch,0.9977996945381165,2089_6_RF00168_6_NC_000913.3_4233124-4233721_ext_160-360_int_110_off_5_percentage_38_position_36-110 genomicbackground,2089,6,2089_6
query_2090,0,genomicbackground,1,riboswitch,0.935231626033783,2090_6_RF00168_6_NC_000913.3_4233124-4233721_ext_160-360_int_110_off_10_percentage_41_position_31-110 genomicbackground,2090,6,2090_6
query_2091,0,genomicbackground,1,riboswitch,0.9750763177871704,2091_6_RF00168_6_NC_000913.3_4233124-4233721_ext_160-360_int_110_off_15_percentage_43_position_26-110 genomicbackground,2091,6,2091_6
query_2092,0,genomicbackground,1,riboswitch,0.9915698766708374,2092_6_RF00168_6_NC_000913.3_4233124-4233721_ext_160-360_int_110_off_20_percentage_46_position_21-110 genomicbackground,2092,6,2092_6
query_2093,0,genomicbackground,1,riboswitch,0.9894062876701355,2093_6_RF00168_6_NC_000913.3_4233124-4233721_ext_160-360_int_110_off_25_percentage_48_position_16-110 genomicbackground,2093,6,2093_6
query_2094,0,genomicbackground,1,riboswitch,0.9979307651519775,2094_6_RF00168_6_NC_000913.3_4233124-4233721_ext_160-360_int_110_off_30_percentage_51_position_11-110 genomicbackground,2094,6,2094_6
query_2095,0,genomicbackground,1,riboswitch,0.9933326840400696,2095_6_RF00168_6_NC_000913.3_4233124-4233721_ext_160-360_int_110_off_35_percentage_53_position_6-110 genomicbackground,2095,6,2095_6
query_2096,0,genomicbackground,1,riboswitch,0.9916050434112549,2096_6_RF00168_6_NC_000913.3_4233124-4233721_ext_160-360_int_110_off_40_percentage_56_position_1-110 genomicbackground,2096,6,2096_6
query_2097,0,genomicbackground,1,riboswitch,0.9404970407485962,2097_6_RF00168_6_NC_000913.3_4233124-4233721_ext_160-360_int_110_off_45_percentage_56_position_1-110 genomicbackground,2097,6,2097_6
query_2098,0,genomicbackground,1,riboswitch,0.8483650088310242,2098_6_RF00168_6_NC_000913.3_4233124-4233721_ext_160-360_int_110_off_50_percentage_56_position_1-110 genomicbackground,2098,6,2098_6
query_2099,0,genomicbackground,1,riboswitch,0.9972112774848938,2099_6_RF00168_6_NC_000913.3_4233124-4233721_ext_160-360_int_110_off_55_percentage_56_position_1-110 genomicbackground,2099,6,2099_6
query_2100,0,genomicbackground,1,riboswitch,0.9976953864097595,2100_6_RF00168_6_NC_000913.3_4233124-4233721_ext_160-360_int_110_off_60_percentage_56_position_1-110 genomicbackground,2100,6,2100_6
query_2101,0,genomicbackground,1,riboswitch,0.9513686299324036,2101_6_RF00168_6_NC_000913.3_4233124-4233721_ext_160-360_int_110_off_65_percentage_56_position_1-110 genomicbackground,2101,6,2101_6
query_2102,0,genomicbackground,1,riboswitch,0.9946466088294983,2102_6_RF00168_6_NC_000913.3_4233124-4233721_ext_160-360_int_110_off_70_percentage_56_position_1-110 genomicbackground,2102,6,2102_6
query_2103,0,genomicbackground,1,riboswitch,0.9687036275863647,2103_6_RF00168_6_NC_000913.3_4233124-4233721_ext_160-360_int_110_off_75_percentage_56_position_1-110 genomicbackground,2103,6,2103_6
query_2104,0,genomicbackground,1,riboswitch,0.758048415184021,2104_6_RF00168_6_NC_000913.3_4233124-4233721_ext_160-360_int_110_off_80_percentage_56_position_1-110 genomicbackground,2104,6,2104_6
query_2105,0,genomicbackground,1,riboswitch,0.9834827184677124,2105_6_RF00168_6_NC_000913.3_4233124-4233721_ext_160-360_int_110_off_85_percentage_56_position_1-110 genomicbackground,2105,6,2105_6
query_2106,0,genomicbackground,1,riboswitch,0.9846602082252502,2106_6_RF00168_6_NC_000913.3_4233124-4233721_ext_160-360_int_110_off_90_percentage_56_position_1-110 genomicbackground,2106,6,2106_6
query_2107,0,genomicbackground,1,riboswitch,0.9986793398857117,2107_6_RF00168_6_NC_000913.3_4233124-4233721_ext_160-360_int_115_off_0_percentage_38_position_41-115 genomicbackground,2107,6,2107_6
query_2108,0,genomicbackground,1,riboswitch,0.9973323345184326,2108_6_RF00168_6_NC_000913.3_4233124-4233721_ext_160-360_int_115_off_5_percentage_41_position_36-115 genomicbackground,2108,6,2108_6
query_2109,0,genomicbackground,1,riboswitch,0.943976640701294,2109_6_RF00168_6_NC_000913.3_4233124-4233721_ext_160-360_int_115_off_10_percentage_43_position_31-115 genomicbackground,2109,6,2109_6
query_2110,0,genomicbackground,1,riboswitch,0.9921672940254211,2110_6_RF00168_6_NC_000913.3_4233124-4233721_ext_160-360_int_115_off_15_percentage_46_position_26-115 genomicbackground,2110,6,2110_6
query_2111,0,genomicbackground,1,riboswitch,0.9987542629241943,2111_6_RF00168_6_NC_000913.3_4233124-4233721_ext_160-360_int_115_off_20_percentage_48_position_21-115 genomicbackground,2111,6,2111_6
query_2112,0,genomicbackground,1,riboswitch,0.99729984998703,2112_6_RF00168_6_NC_000913.3_4233124-4233721_ext_160-360_int_115_off_25_percentage_51_position_16-115 genomicbackground,2112,6,2112_6
query_2113,0,genomicbackground,1,riboswitch,0.9869553446769714,2113_6_RF00168_6_NC_000913.3_4233124-4233721_ext_160-360_int_115_off_30_percentage_53_position_11-115 genomicbackground,2113,6,2113_6
query_2114,0,genomicbackground,1,riboswitch,0.9917312264442444,2114_6_RF00168_6_NC_000913.3_4233124-4233721_ext_160-360_int_115_off_35_percentage_56_position_6-115 genomicbackground,2114,6,2114_6
query_2115,0,genomicbackground,1,riboswitch,0.9886670112609863,2115_6_RF00168_6_NC_000913.3_4233124-4233721_ext_160-360_int_115_off_40_percentage_58_position_1-115 genomicbackground,2115,6,2115_6
query_2116,0,genomicbackground,1,riboswitch,0.9541988968849182,2116_6_RF00168_6_NC_000913.3_4233124-4233721_ext_160-360_int_115_off_45_percentage_58_position_1-115 genomicbackground,2116,6,2116_6
query_2117,0,genomicbackground,1,riboswitch,0.9969093203544617,2117_6_RF00168_6_NC_000913.3_4233124-4233721_ext_160-360_int_115_off_50_percentage_58_position_1-115 genomicbackground,2117,6,2117_6
query_2118,0,genomicbackground,1,riboswitch,0.9977350234985352,2118_6_RF00168_6_NC_000913.3_4233124-4233721_ext_160-360_int_115_off_55_percentage_58_position_1-115 genomicbackground,2118,6,2118_6
query_2119,0,genomicbackground,1,riboswitch,0.9813305735588074,2119_6_RF00168_6_NC_000913.3_4233124-4233721_ext_160-360_int_115_off_60_percentage_58_position_1-115 genomicbackground,2119,6,2119_6
query_2120,0,genomicbackground,1,riboswitch,0.9971449971199036,2120_6_RF00168_6_NC_000913.3_4233124-4233721_ext_160-360_int_115_off_65_percentage_58_position_1-115 genomicbackground,2120,6,2120_6
query_2121,0,genomicbackground,1,riboswitch,0.9907309412956238,2121_6_RF00168_6_NC_000913.3_4233124-4233721_ext_160-360_int_115_off_70_percentage_58_position_1-115 genomicbackground,2121,6,2121_6
query_2122,0,genomicbackground,1,riboswitch,0.9657617807388306,2122_6_RF00168_6_NC_000913.3_4233124-4233721_ext_160-360_int_115_off_75_percentage_58_position_1-115 genomicbackground,2122,6,2122_6
query_2123,0,genomicbackground,1,riboswitch,0.6427524089813232,2123_6_RF00168_6_NC_000913.3_4233124-4233721_ext_160-360_int_115_off_80_percentage_58_position_1-115 genomicbackground,2123,6,2123_6
query_2124,0,genomicbackground,1,riboswitch,0.9837950468063354,2124_6_RF00168_6_NC_000913.3_4233124-4233721_ext_160-360_int_115_off_85_percentage_58_position_1-115 genomicbackground,2124,6,2124_6
query_2125,0,genomicbackground,1,riboswitch,0.9981139898300171,2125_6_RF00168_6_NC_000913.3_4233124-4233721_ext_160-360_int_120_off_0_percentage_41_position_41-120 genomicbackground,2125,6,2125_6
query_2126,0,genomicbackground,1,riboswitch,0.9991424083709717,2126_6_RF00168_6_NC_000913.3_4233124-4233721_ext_160-360_int_120_off_5_percentage_43_position_36-120 genomicbackground,2126,6,2126_6
query_2127,0,genomicbackground,1,riboswitch,0.9896190762519836,2127_6_RF00168_6_NC_000913.3_4233124-4233721_ext_160-360_int_120_off_10_percentage_46_position_31-120 genomicbackground,2127,6,2127_6
query_2128,0,genomicbackground,1,riboswitch,0.9822776317596436,2128_6_RF00168_6_NC_000913.3_4233124-4233721_ext_160-360_int_120_off_15_percentage_48_position_26-120 genomicbackground,2128,6,2128_6
query_2129,0,genomicbackground,1,riboswitch,0.9966360330581665,2129_6_RF00168_6_NC_000913.3_4233124-4233721_ext_160-360_int_120_off_20_percentage_51_position_21-120 genomicbackground,2129,6,2129_6
query_2130,0,genomicbackground,1,riboswitch,0.9973132014274597,2130_6_RF00168_6_NC_000913.3_4233124-4233721_ext_160-360_int_120_off_25_percentage_53_position_16-120 genomicbackground,2130,6,2130_6
query_2131,0,genomicbackground,1,riboswitch,0.9841734170913696,2131_6_RF00168_6_NC_000913.3_4233124-4233721_ext_160-360_int_120_off_30_percentage_56_position_11-120 genomicbackground,2131,6,2131_6
query_2132,0,genomicbackground,1,riboswitch,0.994600772857666,2132_6_RF00168_6_NC_000913.3_4233124-4233721_ext_160-360_int_120_off_35_percentage_58_position_6-120 genomicbackground,2132,6,2132_6
query_2133,0,genomicbackground,1,riboswitch,0.9473792910575867,2133_6_RF00168_6_NC_000913.3_4233124-4233721_ext_160-360_int_120_off_40_percentage_61_position_1-120 genomicbackground,2133,6,2133_6
query_2134,0,genomicbackground,1,riboswitch,0.9976361989974976,2134_6_RF00168_6_NC_000913.3_4233124-4233721_ext_160-360_int_120_off_45_percentage_61_position_1-120 genomicbackground,2134,6,2134_6
query_2135,0,genomicbackground,1,riboswitch,0.9329428672790527,2135_6_RF00168_6_NC_000913.3_4233124-4233721_ext_160-360_int_120_off_50_percentage_61_position_1-120 genomicbackground,2135,6,2135_6
query_2136,0,genomicbackground,1,riboswitch,0.9689680933952332,2136_6_RF00168_6_NC_000913.3_4233124-4233721_ext_160-360_int_120_off_55_percentage_61_position_1-120 genomicbackground,2136,6,2136_6
query_2137,0,genomicbackground,1,riboswitch,0.976883590221405,2137_6_RF00168_6_NC_000913.3_4233124-4233721_ext_160-360_int_120_off_60_percentage_61_position_1-120 genomicbackground,2137,6,2137_6
query_2138,0,genomicbackground,1,riboswitch,0.9972643852233887,2138_6_RF00168_6_NC_000913.3_4233124-4233721_ext_160-360_int_120_off_65_percentage_61_position_1-120 genomicbackground,2138,6,2138_6
query_2139,0,genomicbackground,1,riboswitch,0.9920816421508789,2139_6_RF00168_6_NC_000913.3_4233124-4233721_ext_160-360_int_120_off_70_percentage_61_position_1-120 genomicbackground,2139,6,2139_6
query_2140,0,genomicbackground,1,riboswitch,0.9595353007316589,2140_6_RF00168_6_NC_000913.3_4233124-4233721_ext_160-360_int_120_off_75_percentage_61_position_1-120 genomicbackground,2140,6,2140_6
query_2141,0,genomicbackground,1,riboswitch,0.9523432850837708,2141_6_RF00168_6_NC_000913.3_4233124-4233721_ext_160-360_int_120_off_80_percentage_61_position_1-120 genomicbackground,2141,6,2141_6
query_2142,0,genomicbackground,1,riboswitch,0.9960458874702454,2142_6_RF00168_6_NC_000913.3_4233124-4233721_ext_160-360_int_125_off_0_percentage_43_position_41-125 genomicbackground,2142,6,2142_6
query_2143,0,genomicbackground,1,riboswitch,0.9982578158378601,2143_6_RF00168_6_NC_000913.3_4233124-4233721_ext_160-360_int_125_off_5_percentage_46_position_36-125 genomicbackground,2143,6,2143_6
query_2144,0,genomicbackground,1,riboswitch,0.9715437293052673,2144_6_RF00168_6_NC_000913.3_4233124-4233721_ext_160-360_int_125_off_10_percentage_48_position_31-125 genomicbackground,2144,6,2144_6
query_2145,0,genomicbackground,1,riboswitch,0.9966738224029541,2145_6_RF00168_6_NC_000913.3_4233124-4233721_ext_160-360_int_125_off_15_percentage_51_position_26-125 genomicbackground,2145,6,2145_6
query_2146,0,genomicbackground,1,riboswitch,0.9967436790466309,2146_6_RF00168_6_NC_000913.3_4233124-4233721_ext_160-360_int_125_off_20_percentage_53_position_21-125 genomicbackground,2146,6,2146_6
query_2147,0,genomicbackground,1,riboswitch,0.9971176385879517,2147_6_RF00168_6_NC_000913.3_4233124-4233721_ext_160-360_int_125_off_25_percentage_56_position_16-125 genomicbackground,2147,6,2147_6
query_2148,0,genomicbackground,1,riboswitch,0.9957055449485779,2148_6_RF00168_6_NC_000913.3_4233124-4233721_ext_160-360_int_125_off_30_percentage_58_position_11-125 genomicbackground,2148,6,2148_6
query_2149,0,genomicbackground,1,riboswitch,0.9931691884994507,2149_6_RF00168_6_NC_000913.3_4233124-4233721_ext_160-360_int_125_off_35_percentage_61_position_6-125 genomicbackground,2149,6,2149_6
query_2150,0,genomicbackground,1,riboswitch,0.9982427358627319,2150_6_RF00168_6_NC_000913.3_4233124-4233721_ext_160-360_int_125_off_40_percentage_63_position_1-125 genomicbackground,2150,6,2150_6
query_2151,0,genomicbackground,1,riboswitch,0.9758895635604858,2151_6_RF00168_6_NC_000913.3_4233124-4233721_ext_160-360_int_125_off_45_percentage_63_position_1-125 genomicbackground,2151,6,2151_6
query_2152,0,genomicbackground,1,riboswitch,0.9533581733703613,2152_6_RF00168_6_NC_000913.3_4233124-4233721_ext_160-360_int_125_off_50_percentage_63_position_1-125 genomicbackground,2152,6,2152_6
query_2153,0,genomicbackground,1,riboswitch,0.9946314096450806,2153_6_RF00168_6_NC_000913.3_4233124-4233721_ext_160-360_int_125_off_55_percentage_63_position_1-125 genomicbackground,2153,6,2153_6
query_2154,0,genomicbackground,1,riboswitch,0.9978302121162415,2154_6_RF00168_6_NC_000913.3_4233124-4233721_ext_160-360_int_125_off_60_percentage_63_position_1-125 genomicbackground,2154,6,2154_6
query_2155,0,genomicbackground,1,riboswitch,0.9607530832290649,2155_6_RF00168_6_NC_000913.3_4233124-4233721_ext_160-360_int_125_off_65_percentage_63_position_1-125 genomicbackground,2155,6,2155_6
query_2156,0,genomicbackground,1,riboswitch,0.9925076365470886,2156_6_RF00168_6_NC_000913.3_4233124-4233721_ext_160-360_int_125_off_70_percentage_63_position_1-125 genomicbackground,2156,6,2156_6
query_2157,0,genomicbackground,1,riboswitch,0.9784085750579834,2157_6_RF00168_6_NC_000913.3_4233124-4233721_ext_160-360_int_125_off_75_percentage_63_position_1-125 genomicbackground,2157,6,2157_6
query_2158,0,genomicbackground,1,riboswitch,0.9978286623954773,2158_6_RF00168_6_NC_000913.3_4233124-4233721_ext_160-360_int_130_off_0_percentage_46_position_41-130 genomicbackground,2158,6,2158_6
query_2159,0,genomicbackground,1,riboswitch,0.9984279870986938,2159_6_RF00168_6_NC_000913.3_4233124-4233721_ext_160-360_int_130_off_5_percentage_48_position_36-130 genomicbackground,2159,6,2159_6
query_2160,0,genomicbackground,1,riboswitch,0.9958837628364563,2160_6_RF00168_6_NC_000913.3_4233124-4233721_ext_160-360_int_130_off_10_percentage_51_position_31-130 genomicbackground,2160,6,2160_6
query_2161,0,genomicbackground,1,riboswitch,0.996738612651825,2161_6_RF00168_6_NC_000913.3_4233124-4233721_ext_160-360_int_130_off_15_percentage_53_position_26-130 genomicbackground,2161,6,2161_6
query_2162,0,genomicbackground,1,riboswitch,0.9965404868125916,2162_6_RF00168_6_NC_000913.3_4233124-4233721_ext_160-360_int_130_off_20_percentage_56_position_21-130 genomicbackground,2162,6,2162_6
query_2163,0,genomicbackground,1,riboswitch,0.9576937556266785,2163_6_RF00168_6_NC_000913.3_4233124-4233721_ext_160-360_int_130_off_25_percentage_58_position_16-130 genomicbackground,2163,6,2163_6
query_2164,0,genomicbackground,1,riboswitch,0.9952574372291565,2164_6_RF00168_6_NC_000913.3_4233124-4233721_ext_160-360_int_130_off_30_percentage_61_position_11-130 genomicbackground,2164,6,2164_6
query_2165,0,genomicbackground,1,riboswitch,0.9975101947784424,2165_6_RF00168_6_NC_000913.3_4233124-4233721_ext_160-360_int_130_off_35_percentage_63_position_6-130 genomicbackground,2165,6,2165_6
query_2166,0,genomicbackground,1,riboswitch,0.9984647035598755,2166_6_RF00168_6_NC_000913.3_4233124-4233721_ext_160-360_int_130_off_40_percentage_66_position_1-130 genomicbackground,2166,6,2166_6
query_2167,0,genomicbackground,1,riboswitch,0.9822337031364441,2167_6_RF00168_6_NC_000913.3_4233124-4233721_ext_160-360_int_130_off_45_percentage_66_position_1-130 genomicbackground,2167,6,2167_6
query_2168,0,genomicbackground,1,riboswitch,0.9647491574287415,2168_6_RF00168_6_NC_000913.3_4233124-4233721_ext_160-360_int_130_off_50_percentage_66_position_1-130 genomicbackground,2168,6,2168_6
query_2169,0,genomicbackground,1,riboswitch,0.9923533797264099,2169_6_RF00168_6_NC_000913.3_4233124-4233721_ext_160-360_int_130_off_55_percentage_66_position_1-130 genomicbackground,2169,6,2169_6
query_2170,0,genomicbackground,1,riboswitch,0.9978635907173157,2170_6_RF00168_6_NC_000913.3_4233124-4233721_ext_160-360_int_130_off_60_percentage_66_position_1-130 genomicbackground,2170,6,2170_6
query_2171,0,genomicbackground,1,riboswitch,0.986659049987793,2171_6_RF00168_6_NC_000913.3_4233124-4233721_ext_160-360_int_130_off_65_percentage_66_position_1-130 genomicbackground,2171,6,2171_6
query_2172,0,genomicbackground,1,riboswitch,0.9933740496635437,2172_6_RF00168_6_NC_000913.3_4233124-4233721_ext_160-360_int_130_off_70_percentage_66_position_1-130 genomicbackground,2172,6,2172_6
query_2173,0,genomicbackground,1,riboswitch,0.997456967830658,2173_6_RF00168_6_NC_000913.3_4233124-4233721_ext_160-360_int_135_off_0_percentage_48_position_41-135 genomicbackground,2173,6,2173_6
query_2174,0,genomicbackground,1,riboswitch,0.9930484294891357,2174_6_RF00168_6_NC_000913.3_4233124-4233721_ext_160-360_int_135_off_5_percentage_51_position_36-135 genomicbackground,2174,6,2174_6
query_2175,0,genomicbackground,1,riboswitch,0.9960100650787354,2175_6_RF00168_6_NC_000913.3_4233124-4233721_ext_160-360_int_135_off_10_percentage_53_position_31-135 genomicbackground,2175,6,2175_6
query_2176,0,genomicbackground,1,riboswitch,0.9963778853416443,2176_6_RF00168_6_NC_000913.3_4233124-4233721_ext_160-360_int_135_off_15_percentage_56_position_26-135 genomicbackground,2176,6,2176_6
query_2177,0,genomicbackground,1,riboswitch,0.865105390548706,2177_6_RF00168_6_NC_000913.3_4233124-4233721_ext_160-360_int_135_off_20_percentage_58_position_21-135 genomicbackground,2177,6,2177_6
query_2178,0,genomicbackground,1,riboswitch,0.787059485912323,2178_6_RF00168_6_NC_000913.3_4233124-4233721_ext_160-360_int_135_off_25_percentage_61_position_16-135 genomicbackground,2178,6,2178_6
query_2179,0,genomicbackground,1,riboswitch,0.9973028898239136,2179_6_RF00168_6_NC_000913.3_4233124-4233721_ext_160-360_int_135_off_30_percentage_63_position_11-135 genomicbackground,2179,6,2179_6
query_2180,0,genomicbackground,1,riboswitch,0.9978479146957397,2180_6_RF00168_6_NC_000913.3_4233124-4233721_ext_160-360_int_135_off_35_percentage_66_position_6-135 genomicbackground,2180,6,2180_6
query_2181,0,genomicbackground,1,riboswitch,0.9868735671043396,2181_6_RF00168_6_NC_000913.3_4233124-4233721_ext_160-360_int_135_off_40_percentage_69_position_1-135 genomicbackground,2181,6,2181_6
query_2182,0,genomicbackground,1,riboswitch,0.983188807964325,2182_6_RF00168_6_NC_000913.3_4233124-4233721_ext_160-360_int_135_off_45_percentage_69_position_1-135 genomicbackground,2182,6,2182_6
query_2183,0,genomicbackground,1,riboswitch,0.9663774967193604,2183_6_RF00168_6_NC_000913.3_4233124-4233721_ext_160-360_int_135_off_50_percentage_69_position_1-135 genomicbackground,2183,6,2183_6
query_2184,0,genomicbackground,1,riboswitch,0.9758896827697754,2184_6_RF00168_6_NC_000913.3_4233124-4233721_ext_160-360_int_135_off_55_percentage_69_position_1-135 genomicbackground,2184,6,2184_6
query_2185,0,genomicbackground,1,riboswitch,0.9978641867637634,2185_6_RF00168_6_NC_000913.3_4233124-4233721_ext_160-360_int_135_off_60_percentage_69_position_1-135 genomicbackground,2185,6,2185_6
query_2186,0,genomicbackground,1,riboswitch,0.983109176158905,2186_6_RF00168_6_NC_000913.3_4233124-4233721_ext_160-360_int_135_off_65_percentage_69_position_1-135 genomicbackground,2186,6,2186_6
query_2187,0,genomicbackground,1,riboswitch,0.989427387714386,2187_6_RF00168_6_NC_000913.3_4233124-4233721_ext_160-360_int_140_off_0_percentage_51_position_41-140 genomicbackground,2187,6,2187_6
query_2188,0,genomicbackground,1,riboswitch,0.9928089380264282,2188_6_RF00168_6_NC_000913.3_4233124-4233721_ext_160-360_int_140_off_5_percentage_53_position_36-140 genomicbackground,2188,6,2188_6
query_2189,0,genomicbackground,1,riboswitch,0.9956087470054626,2189_6_RF00168_6_NC_000913.3_4233124-4233721_ext_160-360_int_140_off_10_percentage_56_position_31-140 genomicbackground,2189,6,2189_6
query_2190,0,genomicbackground,1,riboswitch,0.8745792508125305,2190_6_RF00168_6_NC_000913.3_4233124-4233721_ext_160-360_int_140_off_15_percentage_58_position_26-140 genomicbackground,2190,6,2190_6
query_2191,0,genomicbackground,1,riboswitch,0.5843842029571533,2191_6_RF00168_6_NC_000913.3_4233124-4233721_ext_160-360_int_140_off_20_percentage_61_position_21-140 genomicbackground,2191,6,2191_6
query_2192,0,genomicbackground,1,riboswitch,0.9969737529754639,2192_6_RF00168_6_NC_000913.3_4233124-4233721_ext_160-360_int_140_off_25_percentage_63_position_16-140 genomicbackground,2192,6,2192_6
query_2193,0,genomicbackground,1,riboswitch,0.9977282881736755,2193_6_RF00168_6_NC_000913.3_4233124-4233721_ext_160-360_int_140_off_30_percentage_66_position_11-140 genomicbackground,2193,6,2193_6
query_2194,0,genomicbackground,1,riboswitch,0.9751666784286499,2194_6_RF00168_6_NC_000913.3_4233124-4233721_ext_160-360_int_140_off_35_percentage_69_position_6-140 genomicbackground,2194,6,2194_6
query_2195,0,genomicbackground,1,riboswitch,0.9866977334022522,2195_6_RF00168_6_NC_000913.3_4233124-4233721_ext_160-360_int_140_off_40_percentage_71_position_1-140 genomicbackground,2195,6,2195_6
query_2196,0,genomicbackground,1,riboswitch,0.9786579608917236,2196_6_RF00168_6_NC_000913.3_4233124-4233721_ext_160-360_int_140_off_45_percentage_71_position_1-140 genomicbackground,2196,6,2196_6
query_2197,0,genomicbackground,1,riboswitch,0.9667643904685974,2197_6_RF00168_6_NC_000913.3_4233124-4233721_ext_160-360_int_140_off_50_percentage_71_position_1-140 genomicbackground,2197,6,2197_6
query_2198,0,genomicbackground,1,riboswitch,0.9892832040786743,2198_6_RF00168_6_NC_000913.3_4233124-4233721_ext_160-360_int_140_off_55_percentage_71_position_1-140 genomicbackground,2198,6,2198_6
query_2199,0,genomicbackground,1,riboswitch,0.9975267052650452,2199_6_RF00168_6_NC_000913.3_4233124-4233721_ext_160-360_int_140_off_60_percentage_71_position_1-140 genomicbackground,2199,6,2199_6
query_2200,0,genomicbackground,1,riboswitch,0.9890367388725281,2200_6_RF00168_6_NC_000913.3_4233124-4233721_ext_160-360_int_145_off_0_percentage_53_position_41-145 genomicbackground,2200,6,2200_6
query_2201,0,genomicbackground,1,riboswitch,0.9977467656135559,2201_6_RF00168_6_NC_000913.3_4233124-4233721_ext_160-360_int_145_off_5_percentage_56_position_36-145 genomicbackground,2201,6,2201_6
query_2202,0,genomicbackground,1,riboswitch,0.718961238861084,2202_6_RF00168_6_NC_000913.3_4233124-4233721_ext_160-360_int_145_off_10_percentage_58_position_31-145 genomicbackground,2202,6,2202_6
query_2203,0,genomicbackground,0,genomicbackground,0.47426483035087585,2203_6_RF00168_6_NC_000913.3_4233124-4233721_ext_160-360_int_145_off_15_percentage_61_position_26-145 genomicbackground,2203,6,2203_6
query_2204,0,genomicbackground,1,riboswitch,0.9960600733757019,2204_6_RF00168_6_NC_000913.3_4233124-4233721_ext_160-360_int_145_off_20_percentage_63_position_21-145 genomicbackground,2204,6,2204_6
query_2205,0,genomicbackground,1,riboswitch,0.9435747861862183,2205_6_RF00168_6_NC_000913.3_4233124-4233721_ext_160-360_int_145_off_25_percentage_66_position_16-145 genomicbackground,2205,6,2205_6
query_2206,0,genomicbackground,1,riboswitch,0.9008502960205078,2206_6_RF00168_6_NC_000913.3_4233124-4233721_ext_160-360_int_145_off_30_percentage_69_position_11-145 genomicbackground,2206,6,2206_6
query_2207,0,genomicbackground,1,riboswitch,0.9861494302749634,2207_6_RF00168_6_NC_000913.3_4233124-4233721_ext_160-360_int_145_off_35_percentage_71_position_6-145 genomicbackground,2207,6,2207_6
query_2208,0,genomicbackground,1,riboswitch,0.9727107882499695,2208_6_RF00168_6_NC_000913.3_4233124-4233721_ext_160-360_int_145_off_40_percentage_74_position_1-145 genomicbackground,2208,6,2208_6
query_2209,0,genomicbackground,1,riboswitch,0.9811832904815674,2209_6_RF00168_6_NC_000913.3_4233124-4233721_ext_160-360_int_145_off_45_percentage_74_position_1-145 genomicbackground,2209,6,2209_6
query_2210,0,genomicbackground,1,riboswitch,0.9849788546562195,2210_6_RF00168_6_NC_000913.3_4233124-4233721_ext_160-360_int_145_off_50_percentage_74_position_1-145 genomicbackground,2210,6,2210_6
query_2211,0,genomicbackground,1,riboswitch,0.920754075050354,2211_6_RF00168_6_NC_000913.3_4233124-4233721_ext_160-360_int_145_off_55_percentage_74_position_1-145 genomicbackground,2211,6,2211_6
query_2212,0,genomicbackground,1,riboswitch,0.99671870470047,2212_6_RF00168_6_NC_000913.3_4233124-4233721_ext_160-360_int_150_off_0_percentage_56_position_41-150 genomicbackground,2212,6,2212_6
query_2213,0,genomicbackground,1,riboswitch,0.8768685460090637,2213_6_RF00168_6_NC_000913.3_4233124-4233721_ext_160-360_int_150_off_5_percentage_58_position_36-150 genomicbackground,2213,6,2213_6
query_2214,0,genomicbackground,0,genomicbackground,0.1843705028295517,2214_6_RF00168_6_NC_000913.3_4233124-4233721_ext_160-360_int_150_off_10_percentage_61_position_31-150 genomicbackground,2214,6,2214_6
query_2215,0,genomicbackground,1,riboswitch,0.9954759478569031,2215_6_RF00168_6_NC_000913.3_4233124-4233721_ext_160-360_int_150_off_15_percentage_63_position_26-150 genomicbackground,2215,6,2215_6
query_2216,0,genomicbackground,1,riboswitch,0.8963789343833923,2216_6_RF00168_6_NC_000913.3_4233124-4233721_ext_160-360_int_150_off_20_percentage_66_position_21-150 genomicbackground,2216,6,2216_6
query_2217,0,genomicbackground,1,riboswitch,0.9645446538925171,2217_6_RF00168_6_NC_000913.3_4233124-4233721_ext_160-360_int_150_off_25_percentage_69_position_16-150 genomicbackground,2217,6,2217_6
query_2218,0,genomicbackground,1,riboswitch,0.9976165294647217,2218_6_RF00168_6_NC_000913.3_4233124-4233721_ext_160-360_int_150_off_30_percentage_71_position_11-150 genomicbackground,2218,6,2218_6
query_2219,0,genomicbackground,1,riboswitch,0.9803256988525391,2219_6_RF00168_6_NC_000913.3_4233124-4233721_ext_160-360_int_150_off_35_percentage_74_position_6-150 genomicbackground,2219,6,2219_6
query_2220,1,riboswitch,1,riboswitch,0.9928722381591797,2220_6_RF00168_6_NC_000913.3_4233124-4233721_ext_160-360_int_150_off_40_percentage_76_position_1-150 riboswitch,2220,6,2220_6
query_2221,1,riboswitch,1,riboswitch,0.9898147583007812,2221_6_RF00168_6_NC_000913.3_4233124-4233721_ext_160-360_int_150_off_45_percentage_76_position_1-150 riboswitch,2221,6,2221_6
query_2222,1,riboswitch,1,riboswitch,0.9806582927703857,2222_6_RF00168_6_NC_000913.3_4233124-4233721_ext_160-360_int_150_off_50_percentage_76_position_1-150 riboswitch,2222,6,2222_6
query_2223,0,genomicbackground,1,riboswitch,0.6140321493148804,2223_6_RF00168_6_NC_000913.3_4233124-4233721_ext_160-360_int_155_off_0_percentage_58_position_41-155 genomicbackground,2223,6,2223_6
query_2224,0,genomicbackground,1,riboswitch,0.6585160493850708,2224_6_RF00168_6_NC_000913.3_4233124-4233721_ext_160-360_int_155_off_5_percentage_61_position_36-155 genomicbackground,2224,6,2224_6
query_2225,0,genomicbackground,1,riboswitch,0.9946519136428833,2225_6_RF00168_6_NC_000913.3_4233124-4233721_ext_160-360_int_155_off_10_percentage_63_position_31-155 genomicbackground,2225,6,2225_6
query_2226,0,genomicbackground,1,riboswitch,0.9127770066261292,2226_6_RF00168_6_NC_000913.3_4233124-4233721_ext_160-360_int_155_off_15_percentage_66_position_26-155 genomicbackground,2226,6,2226_6
query_2227,0,genomicbackground,1,riboswitch,0.9446157217025757,2227_6_RF00168_6_NC_000913.3_4233124-4233721_ext_160-360_int_155_off_20_percentage_69_position_21-155 genomicbackground,2227,6,2227_6
query_2228,0,genomicbackground,1,riboswitch,0.9622147083282471,2228_6_RF00168_6_NC_000913.3_4233124-4233721_ext_160-360_int_155_off_25_percentage_71_position_16-155 genomicbackground,2228,6,2228_6
query_2229,0,genomicbackground,1,riboswitch,0.988642156124115,2229_6_RF00168_6_NC_000913.3_4233124-4233721_ext_160-360_int_155_off_30_percentage_74_position_11-155 genomicbackground,2229,6,2229_6
query_2230,1,riboswitch,1,riboswitch,0.997744083404541,2230_6_RF00168_6_NC_000913.3_4233124-4233721_ext_160-360_int_155_off_35_percentage_76_position_6-155 riboswitch,2230,6,2230_6
query_2231,1,riboswitch,1,riboswitch,0.9924388527870178,2231_6_RF00168_6_NC_000913.3_4233124-4233721_ext_160-360_int_155_off_40_percentage_79_position_1-155 riboswitch,2231,6,2231_6
query_2232,1,riboswitch,1,riboswitch,0.9896922707557678,2232_6_RF00168_6_NC_000913.3_4233124-4233721_ext_160-360_int_155_off_45_percentage_79_position_1-155 riboswitch,2232,6,2232_6
query_2233,0,genomicbackground,0,genomicbackground,0.4812778830528259,2233_6_RF00168_6_NC_000913.3_4233124-4233721_ext_160-360_int_160_off_0_percentage_61_position_41-160 genomicbackground,2233,6,2233_6
query_2234,0,genomicbackground,0,genomicbackground,0.45726829767227173,2234_6_RF00168_6_NC_000913.3_4233124-4233721_ext_160-360_int_160_off_5_percentage_63_position_36-160 genomicbackground,2234,6,2234_6
query_2235,0,genomicbackground,1,riboswitch,0.8384397029876709,2235_6_RF00168_6_NC_000913.3_4233124-4233721_ext_160-360_int_160_off_10_percentage_66_position_31-160 genomicbackground,2235,6,2235_6
query_2236,0,genomicbackground,1,riboswitch,0.9531670808792114,2236_6_RF00168_6_NC_000913.3_4233124-4233721_ext_160-360_int_160_off_15_percentage_69_position_26-160 genomicbackground,2236,6,2236_6
query_2237,0,genomicbackground,1,riboswitch,0.9829670190811157,2237_6_RF00168_6_NC_000913.3_4233124-4233721_ext_160-360_int_160_off_20_percentage_71_position_21-160 genomicbackground,2237,6,2237_6
query_2238,0,genomicbackground,1,riboswitch,0.9851977229118347,2238_6_RF00168_6_NC_000913.3_4233124-4233721_ext_160-360_int_160_off_25_percentage_74_position_16-160 genomicbackground,2238,6,2238_6
query_2239,1,riboswitch,1,riboswitch,0.879157304763794,2239_6_RF00168_6_NC_000913.3_4233124-4233721_ext_160-360_int_160_off_30_percentage_76_position_11-160 riboswitch,2239,6,2239_6
query_2240,1,riboswitch,1,riboswitch,0.9952110648155212,2240_6_RF00168_6_NC_000913.3_4233124-4233721_ext_160-360_int_160_off_35_percentage_79_position_6-160 riboswitch,2240,6,2240_6
query_2241,1,riboswitch,1,riboswitch,0.9786970019340515,2241_6_RF00168_6_NC_000913.3_4233124-4233721_ext_160-360_int_160_off_40_percentage_81_position_1-160 riboswitch,2241,6,2241_6
query_2242,0,genomicbackground,1,riboswitch,0.564165472984314,2242_6_RF00168_6_NC_000913.3_4233124-4233721_ext_160-360_int_165_off_0_percentage_63_position_41-165 genomicbackground,2242,6,2242_6
query_2243,0,genomicbackground,1,riboswitch,0.8377119898796082,2243_6_RF00168_6_NC_000913.3_4233124-4233721_ext_160-360_int_165_off_5_percentage_66_position_36-165 genomicbackground,2243,6,2243_6
query_2244,0,genomicbackground,1,riboswitch,0.92741858959198,2244_6_RF00168_6_NC_000913.3_4233124-4233721_ext_160-360_int_165_off_10_percentage_69_position_31-165 genomicbackground,2244,6,2244_6
query_2245,0,genomicbackground,1,riboswitch,0.9837678074836731,2245_6_RF00168_6_NC_000913.3_4233124-4233721_ext_160-360_int_165_off_15_percentage_71_position_26-165 genomicbackground,2245,6,2245_6
query_2246,0,genomicbackground,1,riboswitch,0.9995633959770203,2246_6_RF00168_6_NC_000913.3_4233124-4233721_ext_160-360_int_165_off_20_percentage_74_position_21-165 genomicbackground,2246,6,2246_6
query_2247,1,riboswitch,1,riboswitch,0.9415426254272461,2247_6_RF00168_6_NC_000913.3_4233124-4233721_ext_160-360_int_165_off_25_percentage_76_position_16-165 riboswitch,2247,6,2247_6
query_2248,1,riboswitch,1,riboswitch,0.9978961944580078,2248_6_RF00168_6_NC_000913.3_4233124-4233721_ext_160-360_int_165_off_30_percentage_79_position_11-165 riboswitch,2248,6,2248_6
query_2249,1,riboswitch,1,riboswitch,0.9950483441352844,2249_6_RF00168_6_NC_000913.3_4233124-4233721_ext_160-360_int_165_off_35_percentage_81_position_6-165 riboswitch,2249,6,2249_6
query_2250,0,genomicbackground,1,riboswitch,0.7016212344169617,2250_6_RF00168_6_NC_000913.3_4233124-4233721_ext_160-360_int_170_off_0_percentage_66_position_41-170 genomicbackground,2250,6,2250_6
query_2251,0,genomicbackground,1,riboswitch,0.8772104978561401,2251_6_RF00168_6_NC_000913.3_4233124-4233721_ext_160-360_int_170_off_5_percentage_69_position_36-170 genomicbackground,2251,6,2251_6
query_2252,0,genomicbackground,1,riboswitch,0.9753105640411377,2252_6_RF00168_6_NC_000913.3_4233124-4233721_ext_160-360_int_170_off_10_percentage_71_position_31-170 genomicbackground,2252,6,2252_6
query_2253,0,genomicbackground,1,riboswitch,0.9984879493713379,2253_6_RF00168_6_NC_000913.3_4233124-4233721_ext_160-360_int_170_off_15_percentage_74_position_26-170 genomicbackground,2253,6,2253_6
query_2254,1,riboswitch,1,riboswitch,0.9309946298599243,2254_6_RF00168_6_NC_000913.3_4233124-4233721_ext_160-360_int_170_off_20_percentage_76_position_21-170 riboswitch,2254,6,2254_6
query_2255,1,riboswitch,1,riboswitch,0.9876789450645447,2255_6_RF00168_6_NC_000913.3_4233124-4233721_ext_160-360_int_170_off_25_percentage_79_position_16-170 riboswitch,2255,6,2255_6
query_2256,1,riboswitch,1,riboswitch,0.9896491765975952,2256_6_RF00168_6_NC_000913.3_4233124-4233721_ext_160-360_int_170_off_30_percentage_81_position_11-170 riboswitch,2256,6,2256_6
query_2257,0,genomicbackground,1,riboswitch,0.9964109063148499,2257_6_RF00168_6_NC_000913.3_4233124-4233721_ext_160-360_int_175_off_0_percentage_69_position_41-175 genomicbackground,2257,6,2257_6
query_2258,0,genomicbackground,1,riboswitch,0.9558655023574829,2258_6_RF00168_6_NC_000913.3_4233124-4233721_ext_160-360_int_175_off_5_percentage_71_position_36-175 genomicbackground,2258,6,2258_6
query_2259,0,genomicbackground,1,riboswitch,0.998082160949707,2259_6_RF00168_6_NC_000913.3_4233124-4233721_ext_160-360_int_175_off_10_percentage_74_position_31-175 genomicbackground,2259,6,2259_6
query_2260,1,riboswitch,1,riboswitch,0.9419514536857605,2260_6_RF00168_6_NC_000913.3_4233124-4233721_ext_160-360_int_175_off_15_percentage_76_position_26-175 riboswitch,2260,6,2260_6
query_2261,1,riboswitch,1,riboswitch,0.9819729328155518,2261_6_RF00168_6_NC_000913.3_4233124-4233721_ext_160-360_int_175_off_20_percentage_79_position_21-175 riboswitch,2261,6,2261_6
query_2262,1,riboswitch,1,riboswitch,0.9906119704246521,2262_6_RF00168_6_NC_000913.3_4233124-4233721_ext_160-360_int_175_off_25_percentage_81_position_16-175 riboswitch,2262,6,2262_6
query_2263,0,genomicbackground,1,riboswitch,0.9978060126304626,2263_6_RF00168_6_NC_000913.3_4233124-4233721_ext_160-360_int_180_off_0_percentage_71_position_41-180 genomicbackground,2263,6,2263_6
query_2264,0,genomicbackground,1,riboswitch,0.9551661014556885,2264_6_RF00168_6_NC_000913.3_4233124-4233721_ext_160-360_int_180_off_5_percentage_74_position_36-180 genomicbackground,2264,6,2264_6
query_2265,1,riboswitch,1,riboswitch,0.9219265580177307,2265_6_RF00168_6_NC_000913.3_4233124-4233721_ext_160-360_int_180_off_10_percentage_76_position_31-180 riboswitch,2265,6,2265_6
query_2266,1,riboswitch,1,riboswitch,0.9829320907592773,2266_6_RF00168_6_NC_000913.3_4233124-4233721_ext_160-360_int_180_off_15_percentage_79_position_26-180 riboswitch,2266,6,2266_6
query_2267,1,riboswitch,1,riboswitch,0.9879639148712158,2267_6_RF00168_6_NC_000913.3_4233124-4233721_ext_160-360_int_180_off_20_percentage_81_position_21-180 riboswitch,2267,6,2267_6
query_2268,0,genomicbackground,1,riboswitch,0.99587482213974,2268_6_RF00168_6_NC_000913.3_4233124-4233721_ext_160-360_int_185_off_0_percentage_74_position_41-185 genomicbackground,2268,6,2268_6
query_2269,1,riboswitch,1,riboswitch,0.9988870024681091,2269_6_RF00168_6_NC_000913.3_4233124-4233721_ext_160-360_int_185_off_5_percentage_76_position_36-185 riboswitch,2269,6,2269_6
query_2270,1,riboswitch,1,riboswitch,0.9753665924072266,2270_6_RF00168_6_NC_000913.3_4233124-4233721_ext_160-360_int_185_off_10_percentage_79_position_31-185 riboswitch,2270,6,2270_6
query_2271,1,riboswitch,1,riboswitch,0.9883097410202026,2271_6_RF00168_6_NC_000913.3_4233124-4233721_ext_160-360_int_185_off_15_percentage_81_position_26-185 riboswitch,2271,6,2271_6
query_2272,1,riboswitch,1,riboswitch,0.994271993637085,2272_6_RF00168_6_NC_000913.3_4233124-4233721_ext_160-360_int_190_off_0_percentage_76_position_41-190 riboswitch,2272,6,2272_6
query_2273,1,riboswitch,1,riboswitch,0.9979016780853271,2273_6_RF00168_6_NC_000913.3_4233124-4233721_ext_160-360_int_190_off_5_percentage_79_position_36-190 riboswitch,2273,6,2273_6
query_2274,1,riboswitch,1,riboswitch,0.9847250580787659,2274_6_RF00168_6_NC_000913.3_4233124-4233721_ext_160-360_int_190_off_10_percentage_81_position_31-190 riboswitch,2274,6,2274_6
query_2275,1,riboswitch,1,riboswitch,0.9967824220657349,2275_6_RF00168_6_NC_000913.3_4233124-4233721_ext_160-360_int_195_off_0_percentage_79_position_41-195 riboswitch,2275,6,2275_6
query_2276,1,riboswitch,1,riboswitch,0.9798238277435303,2276_6_RF00168_6_NC_000913.3_4233124-4233721_ext_160-360_int_195_off_5_percentage_81_position_36-195 riboswitch,2276,6,2276_6
query_2277,1,riboswitch,1,riboswitch,0.9966277480125427,2277_6_RF00168_6_NC_000913.3_4233124-4233721_ext_160-360_int_200_off_0_percentage_81_position_41-200 riboswitch,2277,6,2277_6
query_2278,0,genomicbackground,1,riboswitch,0.9984799027442932,2278_6_RF00168_6_NC_000913.3_4233124-4233721_ext_180-380_int_95_off_0_percentage_38_position_21-95 genomicbackground,2278,6,2278_6
query_2279,0,genomicbackground,1,riboswitch,0.9857930541038513,2279_6_RF00168_6_NC_000913.3_4233124-4233721_ext_180-380_int_95_off_5_percentage_41_position_16-95 genomicbackground,2279,6,2279_6
query_2280,0,genomicbackground,1,riboswitch,0.9915035367012024,2280_6_RF00168_6_NC_000913.3_4233124-4233721_ext_180-380_int_95_off_10_percentage_43_position_11-95 genomicbackground,2280,6,2280_6
query_2281,0,genomicbackground,1,riboswitch,0.9994669556617737,2281_6_RF00168_6_NC_000913.3_4233124-4233721_ext_180-380_int_95_off_15_percentage_46_position_6-95 genomicbackground,2281,6,2281_6
query_2282,0,genomicbackground,1,riboswitch,0.9988763928413391,2282_6_RF00168_6_NC_000913.3_4233124-4233721_ext_180-380_int_95_off_20_percentage_48_position_1-95 genomicbackground,2282,6,2282_6
query_2283,0,genomicbackground,1,riboswitch,0.9974785447120667,2283_6_RF00168_6_NC_000913.3_4233124-4233721_ext_180-380_int_95_off_25_percentage_48_position_1-95 genomicbackground,2283,6,2283_6
query_2284,0,genomicbackground,1,riboswitch,0.9959114789962769,2284_6_RF00168_6_NC_000913.3_4233124-4233721_ext_180-380_int_95_off_30_percentage_48_position_1-95 genomicbackground,2284,6,2284_6
query_2285,0,genomicbackground,1,riboswitch,0.9961251616477966,2285_6_RF00168_6_NC_000913.3_4233124-4233721_ext_180-380_int_95_off_35_percentage_48_position_1-95 genomicbackground,2285,6,2285_6
query_2286,0,genomicbackground,1,riboswitch,0.9973325729370117,2286_6_RF00168_6_NC_000913.3_4233124-4233721_ext_180-380_int_95_off_40_percentage_48_position_1-95 genomicbackground,2286,6,2286_6
query_2287,0,genomicbackground,1,riboswitch,0.9967936873435974,2287_6_RF00168_6_NC_000913.3_4233124-4233721_ext_180-380_int_95_off_45_percentage_48_position_1-95 genomicbackground,2287,6,2287_6
query_2288,0,genomicbackground,1,riboswitch,0.9922299981117249,2288_6_RF00168_6_NC_000913.3_4233124-4233721_ext_180-380_int_95_off_50_percentage_48_position_1-95 genomicbackground,2288,6,2288_6
query_2289,0,genomicbackground,1,riboswitch,0.9613020420074463,2289_6_RF00168_6_NC_000913.3_4233124-4233721_ext_180-380_int_95_off_55_percentage_48_position_1-95 genomicbackground,2289,6,2289_6
query_2290,0,genomicbackground,0,genomicbackground,0.41477009654045105,2290_6_RF00168_6_NC_000913.3_4233124-4233721_ext_180-380_int_95_off_60_percentage_48_position_1-95 genomicbackground,2290,6,2290_6
query_2291,0,genomicbackground,1,riboswitch,0.9816890954971313,2291_6_RF00168_6_NC_000913.3_4233124-4233721_ext_180-380_int_95_off_65_percentage_48_position_1-95 genomicbackground,2291,6,2291_6
query_2292,0,genomicbackground,1,riboswitch,0.9902179837226868,2292_6_RF00168_6_NC_000913.3_4233124-4233721_ext_180-380_int_95_off_70_percentage_48_position_1-95 genomicbackground,2292,6,2292_6
query_2293,0,genomicbackground,1,riboswitch,0.9777243733406067,2293_6_RF00168_6_NC_000913.3_4233124-4233721_ext_180-380_int_95_off_75_percentage_48_position_1-95 genomicbackground,2293,6,2293_6
query_2294,0,genomicbackground,1,riboswitch,0.9974225759506226,2294_6_RF00168_6_NC_000913.3_4233124-4233721_ext_180-380_int_95_off_80_percentage_48_position_1-95 genomicbackground,2294,6,2294_6
query_2295,0,genomicbackground,1,riboswitch,0.8821771740913391,2295_6_RF00168_6_NC_000913.3_4233124-4233721_ext_180-380_int_95_off_85_percentage_48_position_1-95 genomicbackground,2295,6,2295_6
query_2296,0,genomicbackground,1,riboswitch,0.740507960319519,2296_6_RF00168_6_NC_000913.3_4233124-4233721_ext_180-380_int_95_off_90_percentage_48_position_1-95 genomicbackground,2296,6,2296_6
query_2297,0,genomicbackground,1,riboswitch,0.8755189776420593,2297_6_RF00168_6_NC_000913.3_4233124-4233721_ext_180-380_int_95_off_95_percentage_48_position_1-95 genomicbackground,2297,6,2297_6
query_2298,0,genomicbackground,1,riboswitch,0.9036927819252014,2298_6_RF00168_6_NC_000913.3_4233124-4233721_ext_180-380_int_95_off_100_percentage_48_position_1-95 genomicbackground,2298,6,2298_6
query_2299,0,genomicbackground,1,riboswitch,0.7648373246192932,2299_6_RF00168_6_NC_000913.3_4233124-4233721_ext_180-380_int_95_off_105_percentage_48_position_1-95 genomicbackground,2299,6,2299_6
query_2300,0,genomicbackground,1,riboswitch,0.975774884223938,2300_6_RF00168_6_NC_000913.3_4233124-4233721_ext_180-380_int_100_off_0_percentage_41_position_21-100 genomicbackground,2300,6,2300_6
query_2301,0,genomicbackground,1,riboswitch,0.9861272573471069,2301_6_RF00168_6_NC_000913.3_4233124-4233721_ext_180-380_int_100_off_5_percentage_43_position_16-100 genomicbackground,2301,6,2301_6
query_2302,0,genomicbackground,1,riboswitch,0.9947757720947266,2302_6_RF00168_6_NC_000913.3_4233124-4233721_ext_180-380_int_100_off_10_percentage_46_position_11-100 genomicbackground,2302,6,2302_6
query_2303,0,genomicbackground,1,riboswitch,0.999434769153595,2303_6_RF00168_6_NC_000913.3_4233124-4233721_ext_180-380_int_100_off_15_percentage_48_position_6-100 genomicbackground,2303,6,2303_6
query_2304,0,genomicbackground,1,riboswitch,0.9978345036506653,2304_6_RF00168_6_NC_000913.3_4233124-4233721_ext_180-380_int_100_off_20_percentage_51_position_1-100 genomicbackground,2304,6,2304_6
query_2305,0,genomicbackground,1,riboswitch,0.9977130889892578,2305_6_RF00168_6_NC_000913.3_4233124-4233721_ext_180-380_int_100_off_25_percentage_51_position_1-100 genomicbackground,2305,6,2305_6
query_2306,0,genomicbackground,1,riboswitch,0.9806911945343018,2306_6_RF00168_6_NC_000913.3_4233124-4233721_ext_180-380_int_100_off_30_percentage_51_position_1-100 genomicbackground,2306,6,2306_6
query_2307,0,genomicbackground,1,riboswitch,0.6379722356796265,2307_6_RF00168_6_NC_000913.3_4233124-4233721_ext_180-380_int_100_off_35_percentage_51_position_1-100 genomicbackground,2307,6,2307_6
query_2308,0,genomicbackground,1,riboswitch,0.9968245029449463,2308_6_RF00168_6_NC_000913.3_4233124-4233721_ext_180-380_int_100_off_40_percentage_51_position_1-100 genomicbackground,2308,6,2308_6
query_2309,0,genomicbackground,1,riboswitch,0.9976505637168884,2309_6_RF00168_6_NC_000913.3_4233124-4233721_ext_180-380_int_100_off_45_percentage_51_position_1-100 genomicbackground,2309,6,2309_6
query_2310,0,genomicbackground,1,riboswitch,0.9664003252983093,2310_6_RF00168_6_NC_000913.3_4233124-4233721_ext_180-380_int_100_off_50_percentage_51_position_1-100 genomicbackground,2310,6,2310_6
query_2311,0,genomicbackground,1,riboswitch,0.9484055042266846,2311_6_RF00168_6_NC_000913.3_4233124-4233721_ext_180-380_int_100_off_55_percentage_51_position_1-100 genomicbackground,2311,6,2311_6
query_2312,0,genomicbackground,1,riboswitch,0.5783088207244873,2312_6_RF00168_6_NC_000913.3_4233124-4233721_ext_180-380_int_100_off_60_percentage_51_position_1-100 genomicbackground,2312,6,2312_6
query_2313,0,genomicbackground,1,riboswitch,0.9860814809799194,2313_6_RF00168_6_NC_000913.3_4233124-4233721_ext_180-380_int_100_off_65_percentage_51_position_1-100 genomicbackground,2313,6,2313_6
query_2314,0,genomicbackground,1,riboswitch,0.9553518295288086,2314_6_RF00168_6_NC_000913.3_4233124-4233721_ext_180-380_int_100_off_70_percentage_51_position_1-100 genomicbackground,2314,6,2314_6
query_2315,0,genomicbackground,1,riboswitch,0.9721149206161499,2315_6_RF00168_6_NC_000913.3_4233124-4233721_ext_180-380_int_100_off_75_percentage_51_position_1-100 genomicbackground,2315,6,2315_6
query_2316,0,genomicbackground,1,riboswitch,0.997488260269165,2316_6_RF00168_6_NC_000913.3_4233124-4233721_ext_180-380_int_100_off_80_percentage_51_position_1-100 genomicbackground,2316,6,2316_6
query_2317,0,genomicbackground,1,riboswitch,0.9420056343078613,2317_6_RF00168_6_NC_000913.3_4233124-4233721_ext_180-380_int_100_off_85_percentage_51_position_1-100 genomicbackground,2317,6,2317_6
query_2318,0,genomicbackground,1,riboswitch,0.6873343586921692,2318_6_RF00168_6_NC_000913.3_4233124-4233721_ext_180-380_int_100_off_90_percentage_51_position_1-100 genomicbackground,2318,6,2318_6
query_2319,0,genomicbackground,1,riboswitch,0.9050999879837036,2319_6_RF00168_6_NC_000913.3_4233124-4233721_ext_180-380_int_100_off_95_percentage_51_position_1-100 genomicbackground,2319,6,2319_6
query_2320,0,genomicbackground,1,riboswitch,0.7144153714179993,2320_6_RF00168_6_NC_000913.3_4233124-4233721_ext_180-380_int_100_off_100_percentage_51_position_1-100 genomicbackground,2320,6,2320_6
query_2321,0,genomicbackground,1,riboswitch,0.9769976139068604,2321_6_RF00168_6_NC_000913.3_4233124-4233721_ext_180-380_int_105_off_0_percentage_43_position_21-105 genomicbackground,2321,6,2321_6
query_2322,0,genomicbackground,1,riboswitch,0.9955390095710754,2322_6_RF00168_6_NC_000913.3_4233124-4233721_ext_180-380_int_105_off_5_percentage_46_position_16-105 genomicbackground,2322,6,2322_6
query_2323,0,genomicbackground,1,riboswitch,0.9945846199989319,2323_6_RF00168_6_NC_000913.3_4233124-4233721_ext_180-380_int_105_off_10_percentage_48_position_11-105 genomicbackground,2323,6,2323_6
query_2324,0,genomicbackground,1,riboswitch,0.9972121119499207,2324_6_RF00168_6_NC_000913.3_4233124-4233721_ext_180-380_int_105_off_15_percentage_51_position_6-105 genomicbackground,2324,6,2324_6
query_2325,0,genomicbackground,1,riboswitch,0.992607593536377,2325_6_RF00168_6_NC_000913.3_4233124-4233721_ext_180-380_int_105_off_20_percentage_53_position_1-105 genomicbackground,2325,6,2325_6
query_2326,0,genomicbackground,1,riboswitch,0.9520189166069031,2326_6_RF00168_6_NC_000913.3_4233124-4233721_ext_180-380_int_105_off_25_percentage_53_position_1-105 genomicbackground,2326,6,2326_6
query_2327,0,genomicbackground,1,riboswitch,0.7796173691749573,2327_6_RF00168_6_NC_000913.3_4233124-4233721_ext_180-380_int_105_off_30_percentage_53_position_1-105 genomicbackground,2327,6,2327_6
query_2328,0,genomicbackground,1,riboswitch,0.9532890319824219,2328_6_RF00168_6_NC_000913.3_4233124-4233721_ext_180-380_int_105_off_35_percentage_53_position_1-105 genomicbackground,2328,6,2328_6
query_2329,0,genomicbackground,1,riboswitch,0.997407853603363,2329_6_RF00168_6_NC_000913.3_4233124-4233721_ext_180-380_int_105_off_40_percentage_53_position_1-105 genomicbackground,2329,6,2329_6
query_2330,0,genomicbackground,1,riboswitch,0.9576762318611145,2330_6_RF00168_6_NC_000913.3_4233124-4233721_ext_180-380_int_105_off_45_percentage_53_position_1-105 genomicbackground,2330,6,2330_6
query_2331,0,genomicbackground,1,riboswitch,0.9594510197639465,2331_6_RF00168_6_NC_000913.3_4233124-4233721_ext_180-380_int_105_off_50_percentage_53_position_1-105 genomicbackground,2331,6,2331_6
query_2332,0,genomicbackground,1,riboswitch,0.9569440484046936,2332_6_RF00168_6_NC_000913.3_4233124-4233721_ext_180-380_int_105_off_55_percentage_53_position_1-105 genomicbackground,2332,6,2332_6
query_2333,0,genomicbackground,1,riboswitch,0.9413776993751526,2333_6_RF00168_6_NC_000913.3_4233124-4233721_ext_180-380_int_105_off_60_percentage_53_position_1-105 genomicbackground,2333,6,2333_6
query_2334,0,genomicbackground,1,riboswitch,0.9858444929122925,2334_6_RF00168_6_NC_000913.3_4233124-4233721_ext_180-380_int_105_off_65_percentage_53_position_1-105 genomicbackground,2334,6,2334_6
query_2335,0,genomicbackground,1,riboswitch,0.9521241784095764,2335_6_RF00168_6_NC_000913.3_4233124-4233721_ext_180-380_int_105_off_70_percentage_53_position_1-105 genomicbackground,2335,6,2335_6
query_2336,0,genomicbackground,1,riboswitch,0.9724031686782837,2336_6_RF00168_6_NC_000913.3_4233124-4233721_ext_180-380_int_105_off_75_percentage_53_position_1-105 genomicbackground,2336,6,2336_6
query_2337,0,genomicbackground,1,riboswitch,0.910601019859314,2337_6_RF00168_6_NC_000913.3_4233124-4233721_ext_180-380_int_105_off_80_percentage_53_position_1-105 genomicbackground,2337,6,2337_6
query_2338,0,genomicbackground,1,riboswitch,0.8650622963905334,2338_6_RF00168_6_NC_000913.3_4233124-4233721_ext_180-380_int_105_off_85_percentage_53_position_1-105 genomicbackground,2338,6,2338_6
query_2339,0,genomicbackground,1,riboswitch,0.7416006922721863,2339_6_RF00168_6_NC_000913.3_4233124-4233721_ext_180-380_int_105_off_90_percentage_53_position_1-105 genomicbackground,2339,6,2339_6
query_2340,0,genomicbackground,1,riboswitch,0.7837045788764954,2340_6_RF00168_6_NC_000913.3_4233124-4233721_ext_180-380_int_105_off_95_percentage_53_position_1-105 genomicbackground,2340,6,2340_6
query_2341,0,genomicbackground,1,riboswitch,0.9915698766708374,2341_6_RF00168_6_NC_000913.3_4233124-4233721_ext_180-380_int_110_off_0_percentage_46_position_21-110 genomicbackground,2341,6,2341_6
query_2342,0,genomicbackground,1,riboswitch,0.9894062876701355,2342_6_RF00168_6_NC_000913.3_4233124-4233721_ext_180-380_int_110_off_5_percentage_48_position_16-110 genomicbackground,2342,6,2342_6
query_2343,0,genomicbackground,1,riboswitch,0.9979307651519775,2343_6_RF00168_6_NC_000913.3_4233124-4233721_ext_180-380_int_110_off_10_percentage_51_position_11-110 genomicbackground,2343,6,2343_6
query_2344,0,genomicbackground,1,riboswitch,0.9933326840400696,2344_6_RF00168_6_NC_000913.3_4233124-4233721_ext_180-380_int_110_off_15_percentage_53_position_6-110 genomicbackground,2344,6,2344_6
query_2345,0,genomicbackground,1,riboswitch,0.9916050434112549,2345_6_RF00168_6_NC_000913.3_4233124-4233721_ext_180-380_int_110_off_20_percentage_56_position_1-110 genomicbackground,2345,6,2345_6
query_2346,0,genomicbackground,1,riboswitch,0.9404970407485962,2346_6_RF00168_6_NC_000913.3_4233124-4233721_ext_180-380_int_110_off_25_percentage_56_position_1-110 genomicbackground,2346,6,2346_6
query_2347,0,genomicbackground,1,riboswitch,0.8483650088310242,2347_6_RF00168_6_NC_000913.3_4233124-4233721_ext_180-380_int_110_off_30_percentage_56_position_1-110 genomicbackground,2347,6,2347_6
query_2348,0,genomicbackground,1,riboswitch,0.9972112774848938,2348_6_RF00168_6_NC_000913.3_4233124-4233721_ext_180-380_int_110_off_35_percentage_56_position_1-110 genomicbackground,2348,6,2348_6
query_2349,0,genomicbackground,1,riboswitch,0.9976953864097595,2349_6_RF00168_6_NC_000913.3_4233124-4233721_ext_180-380_int_110_off_40_percentage_56_position_1-110 genomicbackground,2349,6,2349_6
query_2350,0,genomicbackground,1,riboswitch,0.9513686299324036,2350_6_RF00168_6_NC_000913.3_4233124-4233721_ext_180-380_int_110_off_45_percentage_56_position_1-110 genomicbackground,2350,6,2350_6
query_2351,0,genomicbackground,1,riboswitch,0.9946466088294983,2351_6_RF00168_6_NC_000913.3_4233124-4233721_ext_180-380_int_110_off_50_percentage_56_position_1-110 genomicbackground,2351,6,2351_6
query_2352,0,genomicbackground,1,riboswitch,0.9687036275863647,2352_6_RF00168_6_NC_000913.3_4233124-4233721_ext_180-380_int_110_off_55_percentage_56_position_1-110 genomicbackground,2352,6,2352_6
query_2353,0,genomicbackground,1,riboswitch,0.758048415184021,2353_6_RF00168_6_NC_000913.3_4233124-4233721_ext_180-380_int_110_off_60_percentage_56_position_1-110 genomicbackground,2353,6,2353_6
query_2354,0,genomicbackground,1,riboswitch,0.9834827184677124,2354_6_RF00168_6_NC_000913.3_4233124-4233721_ext_180-380_int_110_off_65_percentage_56_position_1-110 genomicbackground,2354,6,2354_6
query_2355,0,genomicbackground,1,riboswitch,0.9846602082252502,2355_6_RF00168_6_NC_000913.3_4233124-4233721_ext_180-380_int_110_off_70_percentage_56_position_1-110 genomicbackground,2355,6,2355_6
query_2356,0,genomicbackground,1,riboswitch,0.8712095022201538,2356_6_RF00168_6_NC_000913.3_4233124-4233721_ext_180-380_int_110_off_75_percentage_56_position_1-110 genomicbackground,2356,6,2356_6
query_2357,0,genomicbackground,1,riboswitch,0.9763785600662231,2357_6_RF00168_6_NC_000913.3_4233124-4233721_ext_180-380_int_110_off_80_percentage_56_position_1-110 genomicbackground,2357,6,2357_6
query_2358,0,genomicbackground,1,riboswitch,0.8817384243011475,2358_6_RF00168_6_NC_000913.3_4233124-4233721_ext_180-380_int_110_off_85_percentage_56_position_1-110 genomicbackground,2358,6,2358_6
query_2359,0,genomicbackground,1,riboswitch,0.6354053616523743,2359_6_RF00168_6_NC_000913.3_4233124-4233721_ext_180-380_int_110_off_90_percentage_56_position_1-110 genomicbackground,2359,6,2359_6
query_2360,0,genomicbackground,1,riboswitch,0.9987542629241943,2360_6_RF00168_6_NC_000913.3_4233124-4233721_ext_180-380_int_115_off_0_percentage_48_position_21-115 genomicbackground,2360,6,2360_6
query_2361,0,genomicbackground,1,riboswitch,0.99729984998703,2361_6_RF00168_6_NC_000913.3_4233124-4233721_ext_180-380_int_115_off_5_percentage_51_position_16-115 genomicbackground,2361,6,2361_6
query_2362,0,genomicbackground,1,riboswitch,0.9869553446769714,2362_6_RF00168_6_NC_000913.3_4233124-4233721_ext_180-380_int_115_off_10_percentage_53_position_11-115 genomicbackground,2362,6,2362_6
query_2363,0,genomicbackground,1,riboswitch,0.9917312264442444,2363_6_RF00168_6_NC_000913.3_4233124-4233721_ext_180-380_int_115_off_15_percentage_56_position_6-115 genomicbackground,2363,6,2363_6
query_2364,0,genomicbackground,1,riboswitch,0.9886670112609863,2364_6_RF00168_6_NC_000913.3_4233124-4233721_ext_180-380_int_115_off_20_percentage_58_position_1-115 genomicbackground,2364,6,2364_6
query_2365,0,genomicbackground,1,riboswitch,0.9541988968849182,2365_6_RF00168_6_NC_000913.3_4233124-4233721_ext_180-380_int_115_off_25_percentage_58_position_1-115 genomicbackground,2365,6,2365_6
query_2366,0,genomicbackground,1,riboswitch,0.9969093203544617,2366_6_RF00168_6_NC_000913.3_4233124-4233721_ext_180-380_int_115_off_30_percentage_58_position_1-115 genomicbackground,2366,6,2366_6
query_2367,0,genomicbackground,1,riboswitch,0.9977350234985352,2367_6_RF00168_6_NC_000913.3_4233124-4233721_ext_180-380_int_115_off_35_percentage_58_position_1-115 genomicbackground,2367,6,2367_6
query_2368,0,genomicbackground,1,riboswitch,0.9813305735588074,2368_6_RF00168_6_NC_000913.3_4233124-4233721_ext_180-380_int_115_off_40_percentage_58_position_1-115 genomicbackground,2368,6,2368_6
query_2369,0,genomicbackground,1,riboswitch,0.9971449971199036,2369_6_RF00168_6_NC_000913.3_4233124-4233721_ext_180-380_int_115_off_45_percentage_58_position_1-115 genomicbackground,2369,6,2369_6
query_2370,0,genomicbackground,1,riboswitch,0.9907309412956238,2370_6_RF00168_6_NC_000913.3_4233124-4233721_ext_180-380_int_115_off_50_percentage_58_position_1-115 genomicbackground,2370,6,2370_6
query_2371,0,genomicbackground,1,riboswitch,0.9657617807388306,2371_6_RF00168_6_NC_000913.3_4233124-4233721_ext_180-380_int_115_off_55_percentage_58_position_1-115 genomicbackground,2371,6,2371_6
query_2372,0,genomicbackground,1,riboswitch,0.6427524089813232,2372_6_RF00168_6_NC_000913.3_4233124-4233721_ext_180-380_int_115_off_60_percentage_58_position_1-115 genomicbackground,2372,6,2372_6
query_2373,0,genomicbackground,1,riboswitch,0.9837950468063354,2373_6_RF00168_6_NC_000913.3_4233124-4233721_ext_180-380_int_115_off_65_percentage_58_position_1-115 genomicbackground,2373,6,2373_6
query_2374,0,genomicbackground,1,riboswitch,0.9849244952201843,2374_6_RF00168_6_NC_000913.3_4233124-4233721_ext_180-380_int_115_off_70_percentage_58_position_1-115 genomicbackground,2374,6,2374_6
query_2375,0,genomicbackground,1,riboswitch,0.9681367874145508,2375_6_RF00168_6_NC_000913.3_4233124-4233721_ext_180-380_int_115_off_75_percentage_58_position_1-115 genomicbackground,2375,6,2375_6
query_2376,0,genomicbackground,1,riboswitch,0.9962506890296936,2376_6_RF00168_6_NC_000913.3_4233124-4233721_ext_180-380_int_115_off_80_percentage_58_position_1-115 genomicbackground,2376,6,2376_6
query_2377,0,genomicbackground,1,riboswitch,0.8844771981239319,2377_6_RF00168_6_NC_000913.3_4233124-4233721_ext_180-380_int_115_off_85_percentage_58_position_1-115 genomicbackground,2377,6,2377_6
query_2378,0,genomicbackground,1,riboswitch,0.9966360330581665,2378_6_RF00168_6_NC_000913.3_4233124-4233721_ext_180-380_int_120_off_0_percentage_51_position_21-120 genomicbackground,2378,6,2378_6
query_2379,0,genomicbackground,1,riboswitch,0.9973132014274597,2379_6_RF00168_6_NC_000913.3_4233124-4233721_ext_180-380_int_120_off_5_percentage_53_position_16-120 genomicbackground,2379,6,2379_6
query_2380,0,genomicbackground,1,riboswitch,0.9841734170913696,2380_6_RF00168_6_NC_000913.3_4233124-4233721_ext_180-380_int_120_off_10_percentage_56_position_11-120 genomicbackground,2380,6,2380_6
query_2381,0,genomicbackground,1,riboswitch,0.994600772857666,2381_6_RF00168_6_NC_000913.3_4233124-4233721_ext_180-380_int_120_off_15_percentage_58_position_6-120 genomicbackground,2381,6,2381_6
query_2382,0,genomicbackground,1,riboswitch,0.9473792910575867,2382_6_RF00168_6_NC_000913.3_4233124-4233721_ext_180-380_int_120_off_20_percentage_61_position_1-120 genomicbackground,2382,6,2382_6
query_2383,0,genomicbackground,1,riboswitch,0.9976361989974976,2383_6_RF00168_6_NC_000913.3_4233124-4233721_ext_180-380_int_120_off_25_percentage_61_position_1-120 genomicbackground,2383,6,2383_6
query_2384,0,genomicbackground,1,riboswitch,0.9329428672790527,2384_6_RF00168_6_NC_000913.3_4233124-4233721_ext_180-380_int_120_off_30_percentage_61_position_1-120 genomicbackground,2384,6,2384_6
query_2385,0,genomicbackground,1,riboswitch,0.9689680933952332,2385_6_RF00168_6_NC_000913.3_4233124-4233721_ext_180-380_int_120_off_35_percentage_61_position_1-120 genomicbackground,2385,6,2385_6
query_2386,0,genomicbackground,1,riboswitch,0.976883590221405,2386_6_RF00168_6_NC_000913.3_4233124-4233721_ext_180-380_int_120_off_40_percentage_61_position_1-120 genomicbackground,2386,6,2386_6
query_2387,0,genomicbackground,1,riboswitch,0.9972643852233887,2387_6_RF00168_6_NC_000913.3_4233124-4233721_ext_180-380_int_120_off_45_percentage_61_position_1-120 genomicbackground,2387,6,2387_6
query_2388,0,genomicbackground,1,riboswitch,0.9920816421508789,2388_6_RF00168_6_NC_000913.3_4233124-4233721_ext_180-380_int_120_off_50_percentage_61_position_1-120 genomicbackground,2388,6,2388_6
query_2389,0,genomicbackground,1,riboswitch,0.9595353007316589,2389_6_RF00168_6_NC_000913.3_4233124-4233721_ext_180-380_int_120_off_55_percentage_61_position_1-120 genomicbackground,2389,6,2389_6
query_2390,0,genomicbackground,1,riboswitch,0.9523432850837708,2390_6_RF00168_6_NC_000913.3_4233124-4233721_ext_180-380_int_120_off_60_percentage_61_position_1-120 genomicbackground,2390,6,2390_6
query_2391,0,genomicbackground,1,riboswitch,0.9869100451469421,2391_6_RF00168_6_NC_000913.3_4233124-4233721_ext_180-380_int_120_off_65_percentage_61_position_1-120 genomicbackground,2391,6,2391_6
query_2392,0,genomicbackground,1,riboswitch,0.9565838575363159,2392_6_RF00168_6_NC_000913.3_4233124-4233721_ext_180-380_int_120_off_70_percentage_61_position_1-120 genomicbackground,2392,6,2392_6
query_2393,0,genomicbackground,1,riboswitch,0.9665723443031311,2393_6_RF00168_6_NC_000913.3_4233124-4233721_ext_180-380_int_120_off_75_percentage_61_position_1-120 genomicbackground,2393,6,2393_6
query_2394,0,genomicbackground,1,riboswitch,0.9959743618965149,2394_6_RF00168_6_NC_000913.3_4233124-4233721_ext_180-380_int_120_off_80_percentage_61_position_1-120 genomicbackground,2394,6,2394_6
query_2395,0,genomicbackground,1,riboswitch,0.9967436790466309,2395_6_RF00168_6_NC_000913.3_4233124-4233721_ext_180-380_int_125_off_0_percentage_53_position_21-125 genomicbackground,2395,6,2395_6
query_2396,0,genomicbackground,1,riboswitch,0.9971176385879517,2396_6_RF00168_6_NC_000913.3_4233124-4233721_ext_180-380_int_125_off_5_percentage_56_position_16-125 genomicbackground,2396,6,2396_6
query_2397,0,genomicbackground,1,riboswitch,0.9957055449485779,2397_6_RF00168_6_NC_000913.3_4233124-4233721_ext_180-380_int_125_off_10_percentage_58_position_11-125 genomicbackground,2397,6,2397_6
query_2398,0,genomicbackground,1,riboswitch,0.9931691884994507,2398_6_RF00168_6_NC_000913.3_4233124-4233721_ext_180-380_int_125_off_15_percentage_61_position_6-125 genomicbackground,2398,6,2398_6
query_2399,0,genomicbackground,1,riboswitch,0.9982427358627319,2399_6_RF00168_6_NC_000913.3_4233124-4233721_ext_180-380_int_125_off_20_percentage_63_position_1-125 genomicbackground,2399,6,2399_6
query_2400,0,genomicbackground,1,riboswitch,0.9758895635604858,2400_6_RF00168_6_NC_000913.3_4233124-4233721_ext_180-380_int_125_off_25_percentage_63_position_1-125 genomicbackground,2400,6,2400_6
query_2401,0,genomicbackground,1,riboswitch,0.9533581733703613,2401_6_RF00168_6_NC_000913.3_4233124-4233721_ext_180-380_int_125_off_30_percentage_63_position_1-125 genomicbackground,2401,6,2401_6
query_2402,0,genomicbackground,1,riboswitch,0.9946314096450806,2402_6_RF00168_6_NC_000913.3_4233124-4233721_ext_180-380_int_125_off_35_percentage_63_position_1-125 genomicbackground,2402,6,2402_6
query_2403,0,genomicbackground,1,riboswitch,0.9978302121162415,2403_6_RF00168_6_NC_000913.3_4233124-4233721_ext_180-380_int_125_off_40_percentage_63_position_1-125 genomicbackground,2403,6,2403_6
query_2404,0,genomicbackground,1,riboswitch,0.9607530832290649,2404_6_RF00168_6_NC_000913.3_4233124-4233721_ext_180-380_int_125_off_45_percentage_63_position_1-125 genomicbackground,2404,6,2404_6
query_2405,0,genomicbackground,1,riboswitch,0.9925076365470886,2405_6_RF00168_6_NC_000913.3_4233124-4233721_ext_180-380_int_125_off_50_percentage_63_position_1-125 genomicbackground,2405,6,2405_6
query_2406,0,genomicbackground,1,riboswitch,0.9784085750579834,2406_6_RF00168_6_NC_000913.3_4233124-4233721_ext_180-380_int_125_off_55_percentage_63_position_1-125 genomicbackground,2406,6,2406_6
query_2407,0,genomicbackground,1,riboswitch,0.957108736038208,2407_6_RF00168_6_NC_000913.3_4233124-4233721_ext_180-380_int_125_off_60_percentage_63_position_1-125 genomicbackground,2407,6,2407_6
query_2408,0,genomicbackground,1,riboswitch,0.9814172387123108,2408_6_RF00168_6_NC_000913.3_4233124-4233721_ext_180-380_int_125_off_65_percentage_63_position_1-125 genomicbackground,2408,6,2408_6
query_2409,0,genomicbackground,1,riboswitch,0.9879012107849121,2409_6_RF00168_6_NC_000913.3_4233124-4233721_ext_180-380_int_125_off_70_percentage_63_position_1-125 genomicbackground,2409,6,2409_6
query_2410,0,genomicbackground,1,riboswitch,0.9567728042602539,2410_6_RF00168_6_NC_000913.3_4233124-4233721_ext_180-380_int_125_off_75_percentage_63_position_1-125 genomicbackground,2410,6,2410_6
query_2411,0,genomicbackground,1,riboswitch,0.9965404868125916,2411_6_RF00168_6_NC_000913.3_4233124-4233721_ext_180-380_int_130_off_0_percentage_56_position_21-130 genomicbackground,2411,6,2411_6
query_2412,0,genomicbackground,1,riboswitch,0.9576937556266785,2412_6_RF00168_6_NC_000913.3_4233124-4233721_ext_180-380_int_130_off_5_percentage_58_position_16-130 genomicbackground,2412,6,2412_6
query_2413,0,genomicbackground,1,riboswitch,0.9952574372291565,2413_6_RF00168_6_NC_000913.3_4233124-4233721_ext_180-380_int_130_off_10_percentage_61_position_11-130 genomicbackground,2413,6,2413_6
query_2414,0,genomicbackground,1,riboswitch,0.9975101947784424,2414_6_RF00168_6_NC_000913.3_4233124-4233721_ext_180-380_int_130_off_15_percentage_63_position_6-130 genomicbackground,2414,6,2414_6
query_2415,0,genomicbackground,1,riboswitch,0.9984647035598755,2415_6_RF00168_6_NC_000913.3_4233124-4233721_ext_180-380_int_130_off_20_percentage_66_position_1-130 genomicbackground,2415,6,2415_6
query_2416,0,genomicbackground,1,riboswitch,0.9822337031364441,2416_6_RF00168_6_NC_000913.3_4233124-4233721_ext_180-380_int_130_off_25_percentage_66_position_1-130 genomicbackground,2416,6,2416_6
query_2417,0,genomicbackground,1,riboswitch,0.9647491574287415,2417_6_RF00168_6_NC_000913.3_4233124-4233721_ext_180-380_int_130_off_30_percentage_66_position_1-130 genomicbackground,2417,6,2417_6
query_2418,0,genomicbackground,1,riboswitch,0.9923533797264099,2418_6_RF00168_6_NC_000913.3_4233124-4233721_ext_180-380_int_130_off_35_percentage_66_position_1-130 genomicbackground,2418,6,2418_6
query_2419,0,genomicbackground,1,riboswitch,0.9978635907173157,2419_6_RF00168_6_NC_000913.3_4233124-4233721_ext_180-380_int_130_off_40_percentage_66_position_1-130 genomicbackground,2419,6,2419_6
query_2420,0,genomicbackground,1,riboswitch,0.986659049987793,2420_6_RF00168_6_NC_000913.3_4233124-4233721_ext_180-380_int_130_off_45_percentage_66_position_1-130 genomicbackground,2420,6,2420_6
query_2421,0,genomicbackground,1,riboswitch,0.9933740496635437,2421_6_RF00168_6_NC_000913.3_4233124-4233721_ext_180-380_int_130_off_50_percentage_66_position_1-130 genomicbackground,2421,6,2421_6
query_2422,0,genomicbackground,1,riboswitch,0.9800480008125305,2422_6_RF00168_6_NC_000913.3_4233124-4233721_ext_180-380_int_130_off_55_percentage_66_position_1-130 genomicbackground,2422,6,2422_6
query_2423,0,genomicbackground,1,riboswitch,0.6264593005180359,2423_6_RF00168_6_NC_000913.3_4233124-4233721_ext_180-380_int_130_off_60_percentage_66_position_1-130 genomicbackground,2423,6,2423_6
query_2424,0,genomicbackground,1,riboswitch,0.9798310399055481,2424_6_RF00168_6_NC_000913.3_4233124-4233721_ext_180-380_int_130_off_65_percentage_66_position_1-130 genomicbackground,2424,6,2424_6
query_2425,0,genomicbackground,1,riboswitch,0.9866559505462646,2425_6_RF00168_6_NC_000913.3_4233124-4233721_ext_180-380_int_130_off_70_percentage_66_position_1-130 genomicbackground,2425,6,2425_6
query_2426,0,genomicbackground,1,riboswitch,0.865105390548706,2426_6_RF00168_6_NC_000913.3_4233124-4233721_ext_180-380_int_135_off_0_percentage_58_position_21-135 genomicbackground,2426,6,2426_6
query_2427,0,genomicbackground,1,riboswitch,0.787059485912323,2427_6_RF00168_6_NC_000913.3_4233124-4233721_ext_180-380_int_135_off_5_percentage_61_position_16-135 genomicbackground,2427,6,2427_6
query_2428,0,genomicbackground,1,riboswitch,0.9973028898239136,2428_6_RF00168_6_NC_000913.3_4233124-4233721_ext_180-380_int_135_off_10_percentage_63_position_11-135 genomicbackground,2428,6,2428_6
query_2429,0,genomicbackground,1,riboswitch,0.9978479146957397,2429_6_RF00168_6_NC_000913.3_4233124-4233721_ext_180-380_int_135_off_15_percentage_66_position_6-135 genomicbackground,2429,6,2429_6
query_2430,0,genomicbackground,1,riboswitch,0.9868735671043396,2430_6_RF00168_6_NC_000913.3_4233124-4233721_ext_180-380_int_135_off_20_percentage_69_position_1-135 genomicbackground,2430,6,2430_6
query_2431,0,genomicbackground,1,riboswitch,0.983188807964325,2431_6_RF00168_6_NC_000913.3_4233124-4233721_ext_180-380_int_135_off_25_percentage_69_position_1-135 genomicbackground,2431,6,2431_6
query_2432,0,genomicbackground,1,riboswitch,0.9663774967193604,2432_6_RF00168_6_NC_000913.3_4233124-4233721_ext_180-380_int_135_off_30_percentage_69_position_1-135 genomicbackground,2432,6,2432_6
query_2433,0,genomicbackground,1,riboswitch,0.9758896827697754,2433_6_RF00168_6_NC_000913.3_4233124-4233721_ext_180-380_int_135_off_35_percentage_69_position_1-135 genomicbackground,2433,6,2433_6
query_2434,0,genomicbackground,1,riboswitch,0.9978641867637634,2434_6_RF00168_6_NC_000913.3_4233124-4233721_ext_180-380_int_135_off_40_percentage_69_position_1-135 genomicbackground,2434,6,2434_6
query_2435,0,genomicbackground,1,riboswitch,0.983109176158905,2435_6_RF00168_6_NC_000913.3_4233124-4233721_ext_180-380_int_135_off_45_percentage_69_position_1-135 genomicbackground,2435,6,2435_6
query_2436,0,genomicbackground,1,riboswitch,0.9783380627632141,2436_6_RF00168_6_NC_000913.3_4233124-4233721_ext_180-380_int_135_off_50_percentage_69_position_1-135 genomicbackground,2436,6,2436_6
query_2437,0,genomicbackground,1,riboswitch,0.9471784234046936,2437_6_RF00168_6_NC_000913.3_4233124-4233721_ext_180-380_int_135_off_55_percentage_69_position_1-135 genomicbackground,2437,6,2437_6
query_2438,0,genomicbackground,1,riboswitch,0.9350391030311584,2438_6_RF00168_6_NC_000913.3_4233124-4233721_ext_180-380_int_135_off_60_percentage_69_position_1-135 genomicbackground,2438,6,2438_6
query_2439,0,genomicbackground,1,riboswitch,0.9730554819107056,2439_6_RF00168_6_NC_000913.3_4233124-4233721_ext_180-380_int_135_off_65_percentage_69_position_1-135 genomicbackground,2439,6,2439_6
query_2440,0,genomicbackground,1,riboswitch,0.5843842029571533,2440_6_RF00168_6_NC_000913.3_4233124-4233721_ext_180-380_int_140_off_0_percentage_61_position_21-140 genomicbackground,2440,6,2440_6
query_2441,0,genomicbackground,1,riboswitch,0.9969737529754639,2441_6_RF00168_6_NC_000913.3_4233124-4233721_ext_180-380_int_140_off_5_percentage_63_position_16-140 genomicbackground,2441,6,2441_6
query_2442,0,genomicbackground,1,riboswitch,0.9977282881736755,2442_6_RF00168_6_NC_000913.3_4233124-4233721_ext_180-380_int_140_off_10_percentage_66_position_11-140 genomicbackground,2442,6,2442_6
query_2443,0,genomicbackground,1,riboswitch,0.9751666784286499,2443_6_RF00168_6_NC_000913.3_4233124-4233721_ext_180-380_int_140_off_15_percentage_69_position_6-140 genomicbackground,2443,6,2443_6
query_2444,0,genomicbackground,1,riboswitch,0.9866977334022522,2444_6_RF00168_6_NC_000913.3_4233124-4233721_ext_180-380_int_140_off_20_percentage_71_position_1-140 genomicbackground,2444,6,2444_6
query_2445,0,genomicbackground,1,riboswitch,0.9786579608917236,2445_6_RF00168_6_NC_000913.3_4233124-4233721_ext_180-380_int_140_off_25_percentage_71_position_1-140 genomicbackground,2445,6,2445_6
query_2446,0,genomicbackground,1,riboswitch,0.9667643904685974,2446_6_RF00168_6_NC_000913.3_4233124-4233721_ext_180-380_int_140_off_30_percentage_71_position_1-140 genomicbackground,2446,6,2446_6
query_2447,0,genomicbackground,1,riboswitch,0.9892832040786743,2447_6_RF00168_6_NC_000913.3_4233124-4233721_ext_180-380_int_140_off_35_percentage_71_position_1-140 genomicbackground,2447,6,2447_6
query_2448,0,genomicbackground,1,riboswitch,0.9975267052650452,2448_6_RF00168_6_NC_000913.3_4233124-4233721_ext_180-380_int_140_off_40_percentage_71_position_1-140 genomicbackground,2448,6,2448_6
query_2449,0,genomicbackground,1,riboswitch,0.9897527694702148,2449_6_RF00168_6_NC_000913.3_4233124-4233721_ext_180-380_int_140_off_45_percentage_71_position_1-140 genomicbackground,2449,6,2449_6
query_2450,0,genomicbackground,1,riboswitch,0.9859597682952881,2450_6_RF00168_6_NC_000913.3_4233124-4233721_ext_180-380_int_140_off_50_percentage_71_position_1-140 genomicbackground,2450,6,2450_6
query_2451,0,genomicbackground,1,riboswitch,0.9699000120162964,2451_6_RF00168_6_NC_000913.3_4233124-4233721_ext_180-380_int_140_off_55_percentage_71_position_1-140 genomicbackground,2451,6,2451_6
query_2452,0,genomicbackground,1,riboswitch,0.9195334911346436,2452_6_RF00168_6_NC_000913.3_4233124-4233721_ext_180-380_int_140_off_60_percentage_71_position_1-140 genomicbackground,2452,6,2452_6
query_2453,0,genomicbackground,1,riboswitch,0.9960600733757019,2453_6_RF00168_6_NC_000913.3_4233124-4233721_ext_180-380_int_145_off_0_percentage_63_position_21-145 genomicbackground,2453,6,2453_6
query_2454,0,genomicbackground,1,riboswitch,0.9435747861862183,2454_6_RF00168_6_NC_000913.3_4233124-4233721_ext_180-380_int_145_off_5_percentage_66_position_16-145 genomicbackground,2454,6,2454_6
query_2455,0,genomicbackground,1,riboswitch,0.9008502960205078,2455_6_RF00168_6_NC_000913.3_4233124-4233721_ext_180-380_int_145_off_10_percentage_69_position_11-145 genomicbackground,2455,6,2455_6
query_2456,0,genomicbackground,1,riboswitch,0.9861494302749634,2456_6_RF00168_6_NC_000913.3_4233124-4233721_ext_180-380_int_145_off_15_percentage_71_position_6-145 genomicbackground,2456,6,2456_6
query_2457,0,genomicbackground,1,riboswitch,0.9727107882499695,2457_6_RF00168_6_NC_000913.3_4233124-4233721_ext_180-380_int_145_off_20_percentage_74_position_1-145 genomicbackground,2457,6,2457_6
query_2458,0,genomicbackground,1,riboswitch,0.9811832904815674,2458_6_RF00168_6_NC_000913.3_4233124-4233721_ext_180-380_int_145_off_25_percentage_74_position_1-145 genomicbackground,2458,6,2458_6
query_2459,0,genomicbackground,1,riboswitch,0.9849788546562195,2459_6_RF00168_6_NC_000913.3_4233124-4233721_ext_180-380_int_145_off_30_percentage_74_position_1-145 genomicbackground,2459,6,2459_6
query_2460,0,genomicbackground,1,riboswitch,0.920754075050354,2460_6_RF00168_6_NC_000913.3_4233124-4233721_ext_180-380_int_145_off_35_percentage_74_position_1-145 genomicbackground,2460,6,2460_6
query_2461,0,genomicbackground,1,riboswitch,0.9978805780410767,2461_6_RF00168_6_NC_000913.3_4233124-4233721_ext_180-380_int_145_off_40_percentage_74_position_1-145 genomicbackground,2461,6,2461_6
query_2462,0,genomicbackground,1,riboswitch,0.9508645534515381,2462_6_RF00168_6_NC_000913.3_4233124-4233721_ext_180-380_int_145_off_45_percentage_74_position_1-145 genomicbackground,2462,6,2462_6
query_2463,0,genomicbackground,1,riboswitch,0.9887121915817261,2463_6_RF00168_6_NC_000913.3_4233124-4233721_ext_180-380_int_145_off_50_percentage_74_position_1-145 genomicbackground,2463,6,2463_6
query_2464,0,genomicbackground,1,riboswitch,0.9649403691291809,2464_6_RF00168_6_NC_000913.3_4233124-4233721_ext_180-380_int_145_off_55_percentage_74_position_1-145 genomicbackground,2464,6,2464_6
query_2465,0,genomicbackground,1,riboswitch,0.8963789343833923,2465_6_RF00168_6_NC_000913.3_4233124-4233721_ext_180-380_int_150_off_0_percentage_66_position_21-150 genomicbackground,2465,6,2465_6
query_2466,0,genomicbackground,1,riboswitch,0.9645446538925171,2466_6_RF00168_6_NC_000913.3_4233124-4233721_ext_180-380_int_150_off_5_percentage_69_position_16-150 genomicbackground,2466,6,2466_6
query_2467,0,genomicbackground,1,riboswitch,0.9976165294647217,2467_6_RF00168_6_NC_000913.3_4233124-4233721_ext_180-380_int_150_off_10_percentage_71_position_11-150 genomicbackground,2467,6,2467_6
query_2468,0,genomicbackground,1,riboswitch,0.9803256988525391,2468_6_RF00168_6_NC_000913.3_4233124-4233721_ext_180-380_int_150_off_15_percentage_74_position_6-150 genomicbackground,2468,6,2468_6
query_2469,1,riboswitch,1,riboswitch,0.9928722381591797,2469_6_RF00168_6_NC_000913.3_4233124-4233721_ext_180-380_int_150_off_20_percentage_76_position_1-150 riboswitch,2469,6,2469_6
query_2470,1,riboswitch,1,riboswitch,0.9898147583007812,2470_6_RF00168_6_NC_000913.3_4233124-4233721_ext_180-380_int_150_off_25_percentage_76_position_1-150 riboswitch,2470,6,2470_6
query_2471,1,riboswitch,1,riboswitch,0.9806582927703857,2471_6_RF00168_6_NC_000913.3_4233124-4233721_ext_180-380_int_150_off_30_percentage_76_position_1-150 riboswitch,2471,6,2471_6
query_2472,1,riboswitch,1,riboswitch,0.9866504669189453,2472_6_RF00168_6_NC_000913.3_4233124-4233721_ext_180-380_int_150_off_35_percentage_76_position_1-150 riboswitch,2472,6,2472_6
query_2473,1,riboswitch,1,riboswitch,0.9975458979606628,2473_6_RF00168_6_NC_000913.3_4233124-4233721_ext_180-380_int_150_off_40_percentage_76_position_1-150 riboswitch,2473,6,2473_6
query_2474,1,riboswitch,1,riboswitch,0.9528828859329224,2474_6_RF00168_6_NC_000913.3_4233124-4233721_ext_180-380_int_150_off_45_percentage_76_position_1-150 riboswitch,2474,6,2474_6
query_2475,1,riboswitch,1,riboswitch,0.9922888875007629,2475_6_RF00168_6_NC_000913.3_4233124-4233721_ext_180-380_int_150_off_50_percentage_76_position_1-150 riboswitch,2475,6,2475_6
query_2476,0,genomicbackground,1,riboswitch,0.9446157217025757,2476_6_RF00168_6_NC_000913.3_4233124-4233721_ext_180-380_int_155_off_0_percentage_69_position_21-155 genomicbackground,2476,6,2476_6
query_2477,0,genomicbackground,1,riboswitch,0.9622147083282471,2477_6_RF00168_6_NC_000913.3_4233124-4233721_ext_180-380_int_155_off_5_percentage_71_position_16-155 genomicbackground,2477,6,2477_6
query_2478,0,genomicbackground,1,riboswitch,0.988642156124115,2478_6_RF00168_6_NC_000913.3_4233124-4233721_ext_180-380_int_155_off_10_percentage_74_position_11-155 genomicbackground,2478,6,2478_6
query_2479,1,riboswitch,1,riboswitch,0.997744083404541,2479_6_RF00168_6_NC_000913.3_4233124-4233721_ext_180-380_int_155_off_15_percentage_76_position_6-155 riboswitch,2479,6,2479_6
query_2480,1,riboswitch,1,riboswitch,0.9924388527870178,2480_6_RF00168_6_NC_000913.3_4233124-4233721_ext_180-380_int_155_off_20_percentage_79_position_1-155 riboswitch,2480,6,2480_6
query_2481,1,riboswitch,1,riboswitch,0.9896922707557678,2481_6_RF00168_6_NC_000913.3_4233124-4233721_ext_180-380_int_155_off_25_percentage_79_position_1-155 riboswitch,2481,6,2481_6
query_2482,1,riboswitch,1,riboswitch,0.9883512854576111,2482_6_RF00168_6_NC_000913.3_4233124-4233721_ext_180-380_int_155_off_30_percentage_79_position_1-155 riboswitch,2482,6,2482_6
query_2483,1,riboswitch,1,riboswitch,0.9587329030036926,2483_6_RF00168_6_NC_000913.3_4233124-4233721_ext_180-380_int_155_off_35_percentage_79_position_1-155 riboswitch,2483,6,2483_6
query_2484,1,riboswitch,1,riboswitch,0.9958608746528625,2484_6_RF00168_6_NC_000913.3_4233124-4233721_ext_180-380_int_155_off_40_percentage_79_position_1-155 riboswitch,2484,6,2484_6
query_2485,1,riboswitch,1,riboswitch,0.996121346950531,2485_6_RF00168_6_NC_000913.3_4233124-4233721_ext_180-380_int_155_off_45_percentage_79_position_1-155 riboswitch,2485,6,2485_6
query_2486,0,genomicbackground,1,riboswitch,0.9829670190811157,2486_6_RF00168_6_NC_000913.3_4233124-4233721_ext_180-380_int_160_off_0_percentage_71_position_21-160 genomicbackground,2486,6,2486_6
query_2487,0,genomicbackground,1,riboswitch,0.9851977229118347,2487_6_RF00168_6_NC_000913.3_4233124-4233721_ext_180-380_int_160_off_5_percentage_74_position_16-160 genomicbackground,2487,6,2487_6
query_2488,1,riboswitch,1,riboswitch,0.8791571259498596,2488_6_RF00168_6_NC_000913.3_4233124-4233721_ext_180-380_int_160_off_10_percentage_76_position_11-160 riboswitch,2488,6,2488_6
query_2489,1,riboswitch,1,riboswitch,0.9952110648155212,2489_6_RF00168_6_NC_000913.3_4233124-4233721_ext_180-380_int_160_off_15_percentage_79_position_6-160 riboswitch,2489,6,2489_6
query_2490,1,riboswitch,1,riboswitch,0.9786970019340515,2490_6_RF00168_6_NC_000913.3_4233124-4233721_ext_180-380_int_160_off_20_percentage_81_position_1-160 riboswitch,2490,6,2490_6
query_2491,1,riboswitch,1,riboswitch,0.9916268587112427,2491_6_RF00168_6_NC_000913.3_4233124-4233721_ext_180-380_int_160_off_25_percentage_81_position_1-160 riboswitch,2491,6,2491_6
query_2492,1,riboswitch,1,riboswitch,0.9482111930847168,2492_6_RF00168_6_NC_000913.3_4233124-4233721_ext_180-380_int_160_off_30_percentage_81_position_1-160 riboswitch,2492,6,2492_6
query_2493,1,riboswitch,1,riboswitch,0.9839380383491516,2493_6_RF00168_6_NC_000913.3_4233124-4233721_ext_180-380_int_160_off_35_percentage_81_position_1-160 riboswitch,2493,6,2493_6
query_2494,1,riboswitch,1,riboswitch,0.9954225420951843,2494_6_RF00168_6_NC_000913.3_4233124-4233721_ext_180-380_int_160_off_40_percentage_81_position_1-160 riboswitch,2494,6,2494_6
query_2495,0,genomicbackground,1,riboswitch,0.9995633959770203,2495_6_RF00168_6_NC_000913.3_4233124-4233721_ext_180-380_int_165_off_0_percentage_74_position_21-165 genomicbackground,2495,6,2495_6
query_2496,1,riboswitch,1,riboswitch,0.9415426254272461,2496_6_RF00168_6_NC_000913.3_4233124-4233721_ext_180-380_int_165_off_5_percentage_76_position_16-165 riboswitch,2496,6,2496_6
query_2497,1,riboswitch,1,riboswitch,0.9978961944580078,2497_6_RF00168_6_NC_000913.3_4233124-4233721_ext_180-380_int_165_off_10_percentage_79_position_11-165 riboswitch,2497,6,2497_6
query_2498,1,riboswitch,1,riboswitch,0.9950483441352844,2498_6_RF00168_6_NC_000913.3_4233124-4233721_ext_180-380_int_165_off_15_percentage_81_position_6-165 riboswitch,2498,6,2498_6
query_2499,1,riboswitch,1,riboswitch,0.9949565529823303,2499_6_RF00168_6_NC_000913.3_4233124-4233721_ext_180-380_int_165_off_20_percentage_84_position_1-165 riboswitch,2499,6,2499_6
query_2500,1,riboswitch,1,riboswitch,0.9738677144050598,2500_6_RF00168_6_NC_000913.3_4233124-4233721_ext_180-380_int_165_off_25_percentage_84_position_1-165 riboswitch,2500,6,2500_6
query_2501,1,riboswitch,1,riboswitch,0.9849071502685547,2501_6_RF00168_6_NC_000913.3_4233124-4233721_ext_180-380_int_165_off_30_percentage_84_position_1-165 riboswitch,2501,6,2501_6
query_2502,1,riboswitch,1,riboswitch,0.9822850227355957,2502_6_RF00168_6_NC_000913.3_4233124-4233721_ext_180-380_int_165_off_35_percentage_84_position_1-165 riboswitch,2502,6,2502_6
query_2503,1,riboswitch,1,riboswitch,0.9309946298599243,2503_6_RF00168_6_NC_000913.3_4233124-4233721_ext_180-380_int_170_off_0_percentage_76_position_21-170 riboswitch,2503,6,2503_6
query_2504,1,riboswitch,1,riboswitch,0.9876789450645447,2504_6_RF00168_6_NC_000913.3_4233124-4233721_ext_180-380_int_170_off_5_percentage_79_position_16-170 riboswitch,2504,6,2504_6
query_2505,1,riboswitch,1,riboswitch,0.9896491765975952,2505_6_RF00168_6_NC_000913.3_4233124-4233721_ext_180-380_int_170_off_10_percentage_81_position_11-170 riboswitch,2505,6,2505_6
query_2506,1,riboswitch,1,riboswitch,0.9946494698524475,2506_6_RF00168_6_NC_000913.3_4233124-4233721_ext_180-380_int_170_off_15_percentage_84_position_6-170 riboswitch,2506,6,2506_6
query_2507,1,riboswitch,1,riboswitch,0.9910833835601807,2507_6_RF00168_6_NC_000913.3_4233124-4233721_ext_180-380_int_170_off_20_percentage_86_position_1-170 riboswitch,2507,6,2507_6
query_2508,1,riboswitch,1,riboswitch,0.9888086915016174,2508_6_RF00168_6_NC_000913.3_4233124-4233721_ext_180-380_int_170_off_25_percentage_86_position_1-170 riboswitch,2508,6,2508_6
query_2509,1,riboswitch,1,riboswitch,0.9842129945755005,2509_6_RF00168_6_NC_000913.3_4233124-4233721_ext_180-380_int_170_off_30_percentage_86_position_1-170 riboswitch,2509,6,2509_6
query_2510,1,riboswitch,1,riboswitch,0.9819729328155518,2510_6_RF00168_6_NC_000913.3_4233124-4233721_ext_180-380_int_175_off_0_percentage_79_position_21-175 riboswitch,2510,6,2510_6
query_2511,1,riboswitch,1,riboswitch,0.9906119704246521,2511_6_RF00168_6_NC_000913.3_4233124-4233721_ext_180-380_int_175_off_5_percentage_81_position_16-175 riboswitch,2511,6,2511_6
query_2512,1,riboswitch,1,riboswitch,0.9875496029853821,2512_6_RF00168_6_NC_000913.3_4233124-4233721_ext_180-380_int_175_off_10_percentage_84_position_11-175 riboswitch,2512,6,2512_6
query_2513,1,riboswitch,1,riboswitch,0.9972336888313293,2513_6_RF00168_6_NC_000913.3_4233124-4233721_ext_180-380_int_175_off_15_percentage_86_position_6-175 riboswitch,2513,6,2513_6
query_2514,1,riboswitch,1,riboswitch,0.9966901540756226,2514_6_RF00168_6_NC_000913.3_4233124-4233721_ext_180-380_int_175_off_20_percentage_89_position_1-175 riboswitch,2514,6,2514_6
query_2515,1,riboswitch,1,riboswitch,0.9878515601158142,2515_6_RF00168_6_NC_000913.3_4233124-4233721_ext_180-380_int_175_off_25_percentage_89_position_1-175 riboswitch,2515,6,2515_6
query_2516,1,riboswitch,1,riboswitch,0.9879639148712158,2516_6_RF00168_6_NC_000913.3_4233124-4233721_ext_180-380_int_180_off_0_percentage_81_position_21-180 riboswitch,2516,6,2516_6
query_2517,1,riboswitch,1,riboswitch,0.9886161684989929,2517_6_RF00168_6_NC_000913.3_4233124-4233721_ext_180-380_int_180_off_5_percentage_84_position_16-180 riboswitch,2517,6,2517_6
query_2518,1,riboswitch,1,riboswitch,0.7238739728927612,2518_6_RF00168_6_NC_000913.3_4233124-4233721_ext_180-380_int_180_off_10_percentage_86_position_11-180 riboswitch,2518,6,2518_6
query_2519,1,riboswitch,1,riboswitch,0.9929787516593933,2519_6_RF00168_6_NC_000913.3_4233124-4233721_ext_180-380_int_180_off_15_percentage_89_position_6-180 riboswitch,2519,6,2519_6
query_2520,1,riboswitch,1,riboswitch,0.9894049167633057,2520_6_RF00168_6_NC_000913.3_4233124-4233721_ext_180-380_int_180_off_20_percentage_91_position_1-180 riboswitch,2520,6,2520_6
query_2521,1,riboswitch,1,riboswitch,0.9870714545249939,2521_6_RF00168_6_NC_000913.3_4233124-4233721_ext_180-380_int_185_off_0_percentage_84_position_21-185 riboswitch,2521,6,2521_6
query_2522,1,riboswitch,1,riboswitch,0.8952223062515259,2522_6_RF00168_6_NC_000913.3_4233124-4233721_ext_180-380_int_185_off_5_percentage_86_position_16-185 riboswitch,2522,6,2522_6
query_2523,1,riboswitch,1,riboswitch,0.9593530297279358,2523_6_RF00168_6_NC_000913.3_4233124-4233721_ext_180-380_int_185_off_10_percentage_89_position_11-185 riboswitch,2523,6,2523_6
query_2524,1,riboswitch,1,riboswitch,0.9917476177215576,2524_6_RF00168_6_NC_000913.3_4233124-4233721_ext_180-380_int_185_off_15_percentage_91_position_6-185 riboswitch,2524,6,2524_6
query_2525,1,riboswitch,1,riboswitch,0.990454375743866,2525_6_RF00168_6_NC_000913.3_4233124-4233721_ext_180-380_int_190_off_0_percentage_86_position_21-190 riboswitch,2525,6,2525_6
query_2526,1,riboswitch,1,riboswitch,0.9851986765861511,2526_6_RF00168_6_NC_000913.3_4233124-4233721_ext_180-380_int_190_off_5_percentage_89_position_16-190 riboswitch,2526,6,2526_6
query_2527,1,riboswitch,1,riboswitch,0.9907530546188354,2527_6_RF00168_6_NC_000913.3_4233124-4233721_ext_180-380_int_190_off_10_percentage_91_position_11-190 riboswitch,2527,6,2527_6
query_2528,1,riboswitch,1,riboswitch,0.9732874631881714,2528_6_RF00168_6_NC_000913.3_4233124-4233721_ext_180-380_int_195_off_0_percentage_89_position_21-195 riboswitch,2528,6,2528_6
query_2529,1,riboswitch,1,riboswitch,0.9721044301986694,2529_6_RF00168_6_NC_000913.3_4233124-4233721_ext_180-380_int_195_off_5_percentage_91_position_16-195 riboswitch,2529,6,2529_6
query_2530,1,riboswitch,1,riboswitch,0.9654282331466675,2530_6_RF00168_6_NC_000913.3_4233124-4233721_ext_180-380_int_200_off_0_percentage_91_position_21-200 riboswitch,2530,6,2530_6
query_2531,0,genomicbackground,1,riboswitch,0.9988763928413391,2531_6_RF00168_6_NC_000913.3_4233124-4233721_ext_200-400_int_95_off_0_percentage_48_position_1-95 genomicbackground,2531,6,2531_6
query_2532,0,genomicbackground,1,riboswitch,0.9974785447120667,2532_6_RF00168_6_NC_000913.3_4233124-4233721_ext_200-400_int_95_off_5_percentage_48_position_1-95 genomicbackground,2532,6,2532_6
query_2533,0,genomicbackground,1,riboswitch,0.9959114789962769,2533_6_RF00168_6_NC_000913.3_4233124-4233721_ext_200-400_int_95_off_10_percentage_48_position_1-95 genomicbackground,2533,6,2533_6
query_2534,0,genomicbackground,1,riboswitch,0.9961251616477966,2534_6_RF00168_6_NC_000913.3_4233124-4233721_ext_200-400_int_95_off_15_percentage_48_position_1-95 genomicbackground,2534,6,2534_6
query_2535,0,genomicbackground,1,riboswitch,0.9973325729370117,2535_6_RF00168_6_NC_000913.3_4233124-4233721_ext_200-400_int_95_off_20_percentage_48_position_1-95 genomicbackground,2535,6,2535_6
query_2536,0,genomicbackground,1,riboswitch,0.9967936873435974,2536_6_RF00168_6_NC_000913.3_4233124-4233721_ext_200-400_int_95_off_25_percentage_48_position_1-95 genomicbackground,2536,6,2536_6
query_2537,0,genomicbackground,1,riboswitch,0.9922299981117249,2537_6_RF00168_6_NC_000913.3_4233124-4233721_ext_200-400_int_95_off_30_percentage_48_position_1-95 genomicbackground,2537,6,2537_6
query_2538,0,genomicbackground,1,riboswitch,0.9613020420074463,2538_6_RF00168_6_NC_000913.3_4233124-4233721_ext_200-400_int_95_off_35_percentage_48_position_1-95 genomicbackground,2538,6,2538_6
query_2539,0,genomicbackground,0,genomicbackground,0.41477009654045105,2539_6_RF00168_6_NC_000913.3_4233124-4233721_ext_200-400_int_95_off_40_percentage_48_position_1-95 genomicbackground,2539,6,2539_6
query_2540,0,genomicbackground,1,riboswitch,0.9816890954971313,2540_6_RF00168_6_NC_000913.3_4233124-4233721_ext_200-400_int_95_off_45_percentage_48_position_1-95 genomicbackground,2540,6,2540_6
query_2541,0,genomicbackground,1,riboswitch,0.9902179837226868,2541_6_RF00168_6_NC_000913.3_4233124-4233721_ext_200-400_int_95_off_50_percentage_48_position_1-95 genomicbackground,2541,6,2541_6
query_2542,0,genomicbackground,1,riboswitch,0.9777243733406067,2542_6_RF00168_6_NC_000913.3_4233124-4233721_ext_200-400_int_95_off_55_percentage_48_position_1-95 genomicbackground,2542,6,2542_6
query_2543,0,genomicbackground,1,riboswitch,0.9974225759506226,2543_6_RF00168_6_NC_000913.3_4233124-4233721_ext_200-400_int_95_off_60_percentage_48_position_1-95 genomicbackground,2543,6,2543_6
query_2544,0,genomicbackground,1,riboswitch,0.8821771740913391,2544_6_RF00168_6_NC_000913.3_4233124-4233721_ext_200-400_int_95_off_65_percentage_48_position_1-95 genomicbackground,2544,6,2544_6
query_2545,0,genomicbackground,1,riboswitch,0.740507960319519,2545_6_RF00168_6_NC_000913.3_4233124-4233721_ext_200-400_int_95_off_70_percentage_48_position_1-95 genomicbackground,2545,6,2545_6
query_2546,0,genomicbackground,1,riboswitch,0.8755189776420593,2546_6_RF00168_6_NC_000913.3_4233124-4233721_ext_200-400_int_95_off_75_percentage_48_position_1-95 genomicbackground,2546,6,2546_6
query_2547,0,genomicbackground,1,riboswitch,0.9036927819252014,2547_6_RF00168_6_NC_000913.3_4233124-4233721_ext_200-400_int_95_off_80_percentage_48_position_1-95 genomicbackground,2547,6,2547_6
query_2548,0,genomicbackground,1,riboswitch,0.7648373246192932,2548_6_RF00168_6_NC_000913.3_4233124-4233721_ext_200-400_int_95_off_85_percentage_48_position_1-95 genomicbackground,2548,6,2548_6
query_2549,0,genomicbackground,1,riboswitch,0.8834311366081238,2549_6_RF00168_6_NC_000913.3_4233124-4233721_ext_200-400_int_95_off_90_percentage_48_position_1-95 genomicbackground,2549,6,2549_6
query_2550,0,genomicbackground,1,riboswitch,0.9797159433364868,2550_6_RF00168_6_NC_000913.3_4233124-4233721_ext_200-400_int_95_off_95_percentage_48_position_1-95 genomicbackground,2550,6,2550_6
query_2551,0,genomicbackground,1,riboswitch,0.9898444414138794,2551_6_RF00168_6_NC_000913.3_4233124-4233721_ext_200-400_int_95_off_100_percentage_48_position_1-95 genomicbackground,2551,6,2551_6
query_2552,0,genomicbackground,1,riboswitch,0.9926491379737854,2552_6_RF00168_6_NC_000913.3_4233124-4233721_ext_200-400_int_95_off_105_percentage_47_position_1-92 genomicbackground,2552,6,2552_6
query_2553,0,genomicbackground,1,riboswitch,0.9978345036506653,2553_6_RF00168_6_NC_000913.3_4233124-4233721_ext_200-400_int_100_off_0_percentage_51_position_1-100 genomicbackground,2553,6,2553_6
query_2554,0,genomicbackground,1,riboswitch,0.9977130889892578,2554_6_RF00168_6_NC_000913.3_4233124-4233721_ext_200-400_int_100_off_5_percentage_51_position_1-100 genomicbackground,2554,6,2554_6
query_2555,0,genomicbackground,1,riboswitch,0.9806911945343018,2555_6_RF00168_6_NC_000913.3_4233124-4233721_ext_200-400_int_100_off_10_percentage_51_position_1-100 genomicbackground,2555,6,2555_6
query_2556,0,genomicbackground,1,riboswitch,0.6379722356796265,2556_6_RF00168_6_NC_000913.3_4233124-4233721_ext_200-400_int_100_off_15_percentage_51_position_1-100 genomicbackground,2556,6,2556_6
query_2557,0,genomicbackground,1,riboswitch,0.9968245029449463,2557_6_RF00168_6_NC_000913.3_4233124-4233721_ext_200-400_int_100_off_20_percentage_51_position_1-100 genomicbackground,2557,6,2557_6
query_2558,0,genomicbackground,1,riboswitch,0.9976505637168884,2558_6_RF00168_6_NC_000913.3_4233124-4233721_ext_200-400_int_100_off_25_percentage_51_position_1-100 genomicbackground,2558,6,2558_6
query_2559,0,genomicbackground,1,riboswitch,0.9664003252983093,2559_6_RF00168_6_NC_000913.3_4233124-4233721_ext_200-400_int_100_off_30_percentage_51_position_1-100 genomicbackground,2559,6,2559_6
query_2560,0,genomicbackground,1,riboswitch,0.9484055042266846,2560_6_RF00168_6_NC_000913.3_4233124-4233721_ext_200-400_int_100_off_35_percentage_51_position_1-100 genomicbackground,2560,6,2560_6
query_2561,0,genomicbackground,1,riboswitch,0.5783088207244873,2561_6_RF00168_6_NC_000913.3_4233124-4233721_ext_200-400_int_100_off_40_percentage_51_position_1-100 genomicbackground,2561,6,2561_6
query_2562,0,genomicbackground,1,riboswitch,0.9860814809799194,2562_6_RF00168_6_NC_000913.3_4233124-4233721_ext_200-400_int_100_off_45_percentage_51_position_1-100 genomicbackground,2562,6,2562_6
query_2563,0,genomicbackground,1,riboswitch,0.9553518295288086,2563_6_RF00168_6_NC_000913.3_4233124-4233721_ext_200-400_int_100_off_50_percentage_51_position_1-100 genomicbackground,2563,6,2563_6
query_2564,0,genomicbackground,1,riboswitch,0.9721149206161499,2564_6_RF00168_6_NC_000913.3_4233124-4233721_ext_200-400_int_100_off_55_percentage_51_position_1-100 genomicbackground,2564,6,2564_6
query_2565,0,genomicbackground,1,riboswitch,0.997488260269165,2565_6_RF00168_6_NC_000913.3_4233124-4233721_ext_200-400_int_100_off_60_percentage_51_position_1-100 genomicbackground,2565,6,2565_6
query_2566,0,genomicbackground,1,riboswitch,0.9420056343078613,2566_6_RF00168_6_NC_000913.3_4233124-4233721_ext_200-400_int_100_off_65_percentage_51_position_1-100 genomicbackground,2566,6,2566_6
query_2567,0,genomicbackground,1,riboswitch,0.6873343586921692,2567_6_RF00168_6_NC_000913.3_4233124-4233721_ext_200-400_int_100_off_70_percentage_51_position_1-100 genomicbackground,2567,6,2567_6
query_2568,0,genomicbackground,1,riboswitch,0.9050999879837036,2568_6_RF00168_6_NC_000913.3_4233124-4233721_ext_200-400_int_100_off_75_percentage_51_position_1-100 genomicbackground,2568,6,2568_6
query_2569,0,genomicbackground,1,riboswitch,0.7144153714179993,2569_6_RF00168_6_NC_000913.3_4233124-4233721_ext_200-400_int_100_off_80_percentage_51_position_1-100 genomicbackground,2569,6,2569_6
query_2570,0,genomicbackground,1,riboswitch,0.7352505922317505,2570_6_RF00168_6_NC_000913.3_4233124-4233721_ext_200-400_int_100_off_85_percentage_51_position_1-100 genomicbackground,2570,6,2570_6
query_2571,0,genomicbackground,1,riboswitch,0.642125129699707,2571_6_RF00168_6_NC_000913.3_4233124-4233721_ext_200-400_int_100_off_90_percentage_51_position_1-100 genomicbackground,2571,6,2571_6
query_2572,0,genomicbackground,1,riboswitch,0.9597490429878235,2572_6_RF00168_6_NC_000913.3_4233124-4233721_ext_200-400_int_100_off_95_percentage_51_position_1-100 genomicbackground,2572,6,2572_6
query_2573,0,genomicbackground,1,riboswitch,0.8251569271087646,2573_6_RF00168_6_NC_000913.3_4233124-4233721_ext_200-400_int_100_off_100_percentage_49_position_1-97 genomicbackground,2573,6,2573_6
query_2574,0,genomicbackground,1,riboswitch,0.992607593536377,2574_6_RF00168_6_NC_000913.3_4233124-4233721_ext_200-400_int_105_off_0_percentage_53_position_1-105 genomicbackground,2574,6,2574_6
query_2575,0,genomicbackground,1,riboswitch,0.9520189166069031,2575_6_RF00168_6_NC_000913.3_4233124-4233721_ext_200-400_int_105_off_5_percentage_53_position_1-105 genomicbackground,2575,6,2575_6
query_2576,0,genomicbackground,1,riboswitch,0.7796173691749573,2576_6_RF00168_6_NC_000913.3_4233124-4233721_ext_200-400_int_105_off_10_percentage_53_position_1-105 genomicbackground,2576,6,2576_6
query_2577,0,genomicbackground,1,riboswitch,0.9532890319824219,2577_6_RF00168_6_NC_000913.3_4233124-4233721_ext_200-400_int_105_off_15_percentage_53_position_1-105 genomicbackground,2577,6,2577_6
query_2578,0,genomicbackground,1,riboswitch,0.997407853603363,2578_6_RF00168_6_NC_000913.3_4233124-4233721_ext_200-400_int_105_off_20_percentage_53_position_1-105 genomicbackground,2578,6,2578_6
query_2579,0,genomicbackground,1,riboswitch,0.9576762318611145,2579_6_RF00168_6_NC_000913.3_4233124-4233721_ext_200-400_int_105_off_25_percentage_53_position_1-105 genomicbackground,2579,6,2579_6
query_2580,0,genomicbackground,1,riboswitch,0.9594510197639465,2580_6_RF00168_6_NC_000913.3_4233124-4233721_ext_200-400_int_105_off_30_percentage_53_position_1-105 genomicbackground,2580,6,2580_6
query_2581,0,genomicbackground,1,riboswitch,0.9569440484046936,2581_6_RF00168_6_NC_000913.3_4233124-4233721_ext_200-400_int_105_off_35_percentage_53_position_1-105 genomicbackground,2581,6,2581_6
query_2582,0,genomicbackground,1,riboswitch,0.9413776993751526,2582_6_RF00168_6_NC_000913.3_4233124-4233721_ext_200-400_int_105_off_40_percentage_53_position_1-105 genomicbackground,2582,6,2582_6
query_2583,0,genomicbackground,1,riboswitch,0.9858444929122925,2583_6_RF00168_6_NC_000913.3_4233124-4233721_ext_200-400_int_105_off_45_percentage_53_position_1-105 genomicbackground,2583,6,2583_6
query_2584,0,genomicbackground,1,riboswitch,0.9521241784095764,2584_6_RF00168_6_NC_000913.3_4233124-4233721_ext_200-400_int_105_off_50_percentage_53_position_1-105 genomicbackground,2584,6,2584_6
query_2585,0,genomicbackground,1,riboswitch,0.9724031686782837,2585_6_RF00168_6_NC_000913.3_4233124-4233721_ext_200-400_int_105_off_55_percentage_53_position_1-105 genomicbackground,2585,6,2585_6
query_2586,0,genomicbackground,1,riboswitch,0.910601019859314,2586_6_RF00168_6_NC_000913.3_4233124-4233721_ext_200-400_int_105_off_60_percentage_53_position_1-105 genomicbackground,2586,6,2586_6
query_2587,0,genomicbackground,1,riboswitch,0.8650622963905334,2587_6_RF00168_6_NC_000913.3_4233124-4233721_ext_200-400_int_105_off_65_percentage_53_position_1-105 genomicbackground,2587,6,2587_6
query_2588,0,genomicbackground,1,riboswitch,0.7416006922721863,2588_6_RF00168_6_NC_000913.3_4233124-4233721_ext_200-400_int_105_off_70_percentage_53_position_1-105 genomicbackground,2588,6,2588_6
query_2589,0,genomicbackground,1,riboswitch,0.7837045788764954,2589_6_RF00168_6_NC_000913.3_4233124-4233721_ext_200-400_int_105_off_75_percentage_53_position_1-105 genomicbackground,2589,6,2589_6
query_2590,0,genomicbackground,1,riboswitch,0.7715003490447998,2590_6_RF00168_6_NC_000913.3_4233124-4233721_ext_200-400_int_105_off_80_percentage_53_position_1-105 genomicbackground,2590,6,2590_6
query_2591,0,genomicbackground,1,riboswitch,0.6688710451126099,2591_6_RF00168_6_NC_000913.3_4233124-4233721_ext_200-400_int_105_off_85_percentage_53_position_1-105 genomicbackground,2591,6,2591_6
query_2592,0,genomicbackground,1,riboswitch,0.975172221660614,2592_6_RF00168_6_NC_000913.3_4233124-4233721_ext_200-400_int_105_off_90_percentage_53_position_1-105 genomicbackground,2592,6,2592_6
query_2593,0,genomicbackground,1,riboswitch,0.9768373370170593,2593_6_RF00168_6_NC_000913.3_4233124-4233721_ext_200-400_int_105_off_95_percentage_52_position_1-102 genomicbackground,2593,6,2593_6
query_2594,0,genomicbackground,1,riboswitch,0.9916050434112549,2594_6_RF00168_6_NC_000913.3_4233124-4233721_ext_200-400_int_110_off_0_percentage_56_position_1-110 genomicbackground,2594,6,2594_6
query_2595,0,genomicbackground,1,riboswitch,0.9404970407485962,2595_6_RF00168_6_NC_000913.3_4233124-4233721_ext_200-400_int_110_off_5_percentage_56_position_1-110 genomicbackground,2595,6,2595_6
query_2596,0,genomicbackground,1,riboswitch,0.8483650088310242,2596_6_RF00168_6_NC_000913.3_4233124-4233721_ext_200-400_int_110_off_10_percentage_56_position_1-110 genomicbackground,2596,6,2596_6
query_2597,0,genomicbackground,1,riboswitch,0.9972112774848938,2597_6_RF00168_6_NC_000913.3_4233124-4233721_ext_200-400_int_110_off_15_percentage_56_position_1-110 genomicbackground,2597,6,2597_6
query_2598,0,genomicbackground,1,riboswitch,0.9976953864097595,2598_6_RF00168_6_NC_000913.3_4233124-4233721_ext_200-400_int_110_off_20_percentage_56_position_1-110 genomicbackground,2598,6,2598_6
query_2599,0,genomicbackground,1,riboswitch,0.9513686299324036,2599_6_RF00168_6_NC_000913.3_4233124-4233721_ext_200-400_int_110_off_25_percentage_56_position_1-110 genomicbackground,2599,6,2599_6
query_2600,0,genomicbackground,1,riboswitch,0.9946466088294983,2600_6_RF00168_6_NC_000913.3_4233124-4233721_ext_200-400_int_110_off_30_percentage_56_position_1-110 genomicbackground,2600,6,2600_6
query_2601,0,genomicbackground,1,riboswitch,0.9687036275863647,2601_6_RF00168_6_NC_000913.3_4233124-4233721_ext_200-400_int_110_off_35_percentage_56_position_1-110 genomicbackground,2601,6,2601_6
query_2602,0,genomicbackground,1,riboswitch,0.758048415184021,2602_6_RF00168_6_NC_000913.3_4233124-4233721_ext_200-400_int_110_off_40_percentage_56_position_1-110 genomicbackground,2602,6,2602_6
query_2603,0,genomicbackground,1,riboswitch,0.9834827184677124,2603_6_RF00168_6_NC_000913.3_4233124-4233721_ext_200-400_int_110_off_45_percentage_56_position_1-110 genomicbackground,2603,6,2603_6
query_2604,0,genomicbackground,1,riboswitch,0.9846602082252502,2604_6_RF00168_6_NC_000913.3_4233124-4233721_ext_200-400_int_110_off_50_percentage_56_position_1-110 genomicbackground,2604,6,2604_6
query_2605,0,genomicbackground,1,riboswitch,0.8712095022201538,2605_6_RF00168_6_NC_000913.3_4233124-4233721_ext_200-400_int_110_off_55_percentage_56_position_1-110 genomicbackground,2605,6,2605_6
query_2606,0,genomicbackground,1,riboswitch,0.9763785600662231,2606_6_RF00168_6_NC_000913.3_4233124-4233721_ext_200-400_int_110_off_60_percentage_56_position_1-110 genomicbackground,2606,6,2606_6
query_2607,0,genomicbackground,1,riboswitch,0.8817384243011475,2607_6_RF00168_6_NC_000913.3_4233124-4233721_ext_200-400_int_110_off_65_percentage_56_position_1-110 genomicbackground,2607,6,2607_6
query_2608,0,genomicbackground,1,riboswitch,0.6354053616523743,2608_6_RF00168_6_NC_000913.3_4233124-4233721_ext_200-400_int_110_off_70_percentage_56_position_1-110 genomicbackground,2608,6,2608_6
query_2609,0,genomicbackground,1,riboswitch,0.8836851716041565,2609_6_RF00168_6_NC_000913.3_4233124-4233721_ext_200-400_int_110_off_75_percentage_56_position_1-110 genomicbackground,2609,6,2609_6
query_2610,0,genomicbackground,1,riboswitch,0.8478060960769653,2610_6_RF00168_6_NC_000913.3_4233124-4233721_ext_200-400_int_110_off_80_percentage_56_position_1-110 genomicbackground,2610,6,2610_6
query_2611,0,genomicbackground,1,riboswitch,0.9405689239501953,2611_6_RF00168_6_NC_000913.3_4233124-4233721_ext_200-400_int_110_off_85_percentage_56_position_1-110 genomicbackground,2611,6,2611_6
query_2612,0,genomicbackground,0,genomicbackground,0.3490937054157257,2612_6_RF00168_6_NC_000913.3_4233124-4233721_ext_200-400_int_110_off_90_percentage_54_position_1-107 genomicbackground,2612,6,2612_6
query_2613,0,genomicbackground,1,riboswitch,0.9886670112609863,2613_6_RF00168_6_NC_000913.3_4233124-4233721_ext_200-400_int_115_off_0_percentage_58_position_1-115 genomicbackground,2613,6,2613_6
query_2614,0,genomicbackground,1,riboswitch,0.9541988968849182,2614_6_RF00168_6_NC_000913.3_4233124-4233721_ext_200-400_int_115_off_5_percentage_58_position_1-115 genomicbackground,2614,6,2614_6
query_2615,0,genomicbackground,1,riboswitch,0.9969093203544617,2615_6_RF00168_6_NC_000913.3_4233124-4233721_ext_200-400_int_115_off_10_percentage_58_position_1-115 genomicbackground,2615,6,2615_6
query_2616,0,genomicbackground,1,riboswitch,0.9977350234985352,2616_6_RF00168_6_NC_000913.3_4233124-4233721_ext_200-400_int_115_off_15_percentage_58_position_1-115 genomicbackground,2616,6,2616_6
query_2617,0,genomicbackground,1,riboswitch,0.9813305735588074,2617_6_RF00168_6_NC_000913.3_4233124-4233721_ext_200-400_int_115_off_20_percentage_58_position_1-115 genomicbackground,2617,6,2617_6
query_2618,0,genomicbackground,1,riboswitch,0.9971449971199036,2618_6_RF00168_6_NC_000913.3_4233124-4233721_ext_200-400_int_115_off_25_percentage_58_position_1-115 genomicbackground,2618,6,2618_6
query_2619,0,genomicbackground,1,riboswitch,0.9907309412956238,2619_6_RF00168_6_NC_000913.3_4233124-4233721_ext_200-400_int_115_off_30_percentage_58_position_1-115 genomicbackground,2619,6,2619_6
query_2620,0,genomicbackground,1,riboswitch,0.9657617807388306,2620_6_RF00168_6_NC_000913.3_4233124-4233721_ext_200-400_int_115_off_35_percentage_58_position_1-115 genomicbackground,2620,6,2620_6
query_2621,0,genomicbackground,1,riboswitch,0.6427524089813232,2621_6_RF00168_6_NC_000913.3_4233124-4233721_ext_200-400_int_115_off_40_percentage_58_position_1-115 genomicbackground,2621,6,2621_6
query_2622,0,genomicbackground,1,riboswitch,0.9837950468063354,2622_6_RF00168_6_NC_000913.3_4233124-4233721_ext_200-400_int_115_off_45_percentage_58_position_1-115 genomicbackground,2622,6,2622_6
query_2623,0,genomicbackground,1,riboswitch,0.9849244952201843,2623_6_RF00168_6_NC_000913.3_4233124-4233721_ext_200-400_int_115_off_50_percentage_58_position_1-115 genomicbackground,2623,6,2623_6
query_2624,0,genomicbackground,1,riboswitch,0.9681367874145508,2624_6_RF00168_6_NC_000913.3_4233124-4233721_ext_200-400_int_115_off_55_percentage_58_position_1-115 genomicbackground,2624,6,2624_6
query_2625,0,genomicbackground,1,riboswitch,0.9962506890296936,2625_6_RF00168_6_NC_000913.3_4233124-4233721_ext_200-400_int_115_off_60_percentage_58_position_1-115 genomicbackground,2625,6,2625_6
query_2626,0,genomicbackground,1,riboswitch,0.8844771981239319,2626_6_RF00168_6_NC_000913.3_4233124-4233721_ext_200-400_int_115_off_65_percentage_58_position_1-115 genomicbackground,2626,6,2626_6
query_2627,0,genomicbackground,1,riboswitch,0.7583446502685547,2627_6_RF00168_6_NC_000913.3_4233124-4233721_ext_200-400_int_115_off_70_percentage_58_position_1-115 genomicbackground,2627,6,2627_6
query_2628,0,genomicbackground,1,riboswitch,0.9418242573738098,2628_6_RF00168_6_NC_000913.3_4233124-4233721_ext_200-400_int_115_off_75_percentage_58_position_1-115 genomicbackground,2628,6,2628_6
query_2629,0,genomicbackground,1,riboswitch,0.9227190017700195,2629_6_RF00168_6_NC_000913.3_4233124-4233721_ext_200-400_int_115_off_80_percentage_58_position_1-115 genomicbackground,2629,6,2629_6
query_2630,0,genomicbackground,1,riboswitch,0.9654124975204468,2630_6_RF00168_6_NC_000913.3_4233124-4233721_ext_200-400_int_115_off_85_percentage_57_position_1-112 genomicbackground,2630,6,2630_6
query_2631,0,genomicbackground,1,riboswitch,0.9473792910575867,2631_6_RF00168_6_NC_000913.3_4233124-4233721_ext_200-400_int_120_off_0_percentage_61_position_1-120 genomicbackground,2631,6,2631_6
query_2632,0,genomicbackground,1,riboswitch,0.9976361989974976,2632_6_RF00168_6_NC_000913.3_4233124-4233721_ext_200-400_int_120_off_5_percentage_61_position_1-120 genomicbackground,2632,6,2632_6
query_2633,0,genomicbackground,1,riboswitch,0.9329428672790527,2633_6_RF00168_6_NC_000913.3_4233124-4233721_ext_200-400_int_120_off_10_percentage_61_position_1-120 genomicbackground,2633,6,2633_6
query_2634,0,genomicbackground,1,riboswitch,0.9689680933952332,2634_6_RF00168_6_NC_000913.3_4233124-4233721_ext_200-400_int_120_off_15_percentage_61_position_1-120 genomicbackground,2634,6,2634_6
query_2635,0,genomicbackground,1,riboswitch,0.976883590221405,2635_6_RF00168_6_NC_000913.3_4233124-4233721_ext_200-400_int_120_off_20_percentage_61_position_1-120 genomicbackground,2635,6,2635_6
query_2636,0,genomicbackground,1,riboswitch,0.9972643852233887,2636_6_RF00168_6_NC_000913.3_4233124-4233721_ext_200-400_int_120_off_25_percentage_61_position_1-120 genomicbackground,2636,6,2636_6
query_2637,0,genomicbackground,1,riboswitch,0.9920816421508789,2637_6_RF00168_6_NC_000913.3_4233124-4233721_ext_200-400_int_120_off_30_percentage_61_position_1-120 genomicbackground,2637,6,2637_6
query_2638,0,genomicbackground,1,riboswitch,0.9595353007316589,2638_6_RF00168_6_NC_000913.3_4233124-4233721_ext_200-400_int_120_off_35_percentage_61_position_1-120 genomicbackground,2638,6,2638_6
query_2639,0,genomicbackground,1,riboswitch,0.9523432850837708,2639_6_RF00168_6_NC_000913.3_4233124-4233721_ext_200-400_int_120_off_40_percentage_61_position_1-120 genomicbackground,2639,6,2639_6
query_2640,0,genomicbackground,1,riboswitch,0.9869100451469421,2640_6_RF00168_6_NC_000913.3_4233124-4233721_ext_200-400_int_120_off_45_percentage_61_position_1-120 genomicbackground,2640,6,2640_6
query_2641,0,genomicbackground,1,riboswitch,0.9565838575363159,2641_6_RF00168_6_NC_000913.3_4233124-4233721_ext_200-400_int_120_off_50_percentage_61_position_1-120 genomicbackground,2641,6,2641_6
query_2642,0,genomicbackground,1,riboswitch,0.9665723443031311,2642_6_RF00168_6_NC_000913.3_4233124-4233721_ext_200-400_int_120_off_55_percentage_61_position_1-120 genomicbackground,2642,6,2642_6
query_2643,0,genomicbackground,1,riboswitch,0.9959743618965149,2643_6_RF00168_6_NC_000913.3_4233124-4233721_ext_200-400_int_120_off_60_percentage_61_position_1-120 genomicbackground,2643,6,2643_6
query_2644,0,genomicbackground,1,riboswitch,0.9585612416267395,2644_6_RF00168_6_NC_000913.3_4233124-4233721_ext_200-400_int_120_off_65_percentage_61_position_1-120 genomicbackground,2644,6,2644_6
query_2645,0,genomicbackground,1,riboswitch,0.8387345671653748,2645_6_RF00168_6_NC_000913.3_4233124-4233721_ext_200-400_int_120_off_70_percentage_61_position_1-120 genomicbackground,2645,6,2645_6
query_2646,0,genomicbackground,1,riboswitch,0.9351708889007568,2646_6_RF00168_6_NC_000913.3_4233124-4233721_ext_200-400_int_120_off_75_percentage_61_position_1-120 genomicbackground,2646,6,2646_6
query_2647,0,genomicbackground,1,riboswitch,0.9199637770652771,2647_6_RF00168_6_NC_000913.3_4233124-4233721_ext_200-400_int_120_off_80_percentage_59_position_1-117 genomicbackground,2647,6,2647_6
query_2648,0,genomicbackground,1,riboswitch,0.9982427358627319,2648_6_RF00168_6_NC_000913.3_4233124-4233721_ext_200-400_int_125_off_0_percentage_63_position_1-125 genomicbackground,2648,6,2648_6
query_2649,0,genomicbackground,1,riboswitch,0.9758895635604858,2649_6_RF00168_6_NC_000913.3_4233124-4233721_ext_200-400_int_125_off_5_percentage_63_position_1-125 genomicbackground,2649,6,2649_6
query_2650,0,genomicbackground,1,riboswitch,0.9533581733703613,2650_6_RF00168_6_NC_000913.3_4233124-4233721_ext_200-400_int_125_off_10_percentage_63_position_1-125 genomicbackground,2650,6,2650_6
query_2651,0,genomicbackground,1,riboswitch,0.9946314096450806,2651_6_RF00168_6_NC_000913.3_4233124-4233721_ext_200-400_int_125_off_15_percentage_63_position_1-125 genomicbackground,2651,6,2651_6
query_2652,0,genomicbackground,1,riboswitch,0.9978302121162415,2652_6_RF00168_6_NC_000913.3_4233124-4233721_ext_200-400_int_125_off_20_percentage_63_position_1-125 genomicbackground,2652,6,2652_6
query_2653,0,genomicbackground,1,riboswitch,0.9607530832290649,2653_6_RF00168_6_NC_000913.3_4233124-4233721_ext_200-400_int_125_off_25_percentage_63_position_1-125 genomicbackground,2653,6,2653_6
query_2654,0,genomicbackground,1,riboswitch,0.9925076365470886,2654_6_RF00168_6_NC_000913.3_4233124-4233721_ext_200-400_int_125_off_30_percentage_63_position_1-125 genomicbackground,2654,6,2654_6
query_2655,0,genomicbackground,1,riboswitch,0.9784085750579834,2655_6_RF00168_6_NC_000913.3_4233124-4233721_ext_200-400_int_125_off_35_percentage_63_position_1-125 genomicbackground,2655,6,2655_6
query_2656,0,genomicbackground,1,riboswitch,0.9571086168289185,2656_6_RF00168_6_NC_000913.3_4233124-4233721_ext_200-400_int_125_off_40_percentage_63_position_1-125 genomicbackground,2656,6,2656_6
query_2657,0,genomicbackground,1,riboswitch,0.9814172387123108,2657_6_RF00168_6_NC_000913.3_4233124-4233721_ext_200-400_int_125_off_45_percentage_63_position_1-125 genomicbackground,2657,6,2657_6
query_2658,0,genomicbackground,1,riboswitch,0.9879012107849121,2658_6_RF00168_6_NC_000913.3_4233124-4233721_ext_200-400_int_125_off_50_percentage_63_position_1-125 genomicbackground,2658,6,2658_6
query_2659,0,genomicbackground,1,riboswitch,0.9567728042602539,2659_6_RF00168_6_NC_000913.3_4233124-4233721_ext_200-400_int_125_off_55_percentage_63_position_1-125 genomicbackground,2659,6,2659_6
query_2660,0,genomicbackground,1,riboswitch,0.9932779669761658,2660_6_RF00168_6_NC_000913.3_4233124-4233721_ext_200-400_int_125_off_60_percentage_63_position_1-125 genomicbackground,2660,6,2660_6
query_2661,0,genomicbackground,1,riboswitch,0.9098005890846252,2661_6_RF00168_6_NC_000913.3_4233124-4233721_ext_200-400_int_125_off_65_percentage_63_position_1-125 genomicbackground,2661,6,2661_6
query_2662,0,genomicbackground,1,riboswitch,0.8410241603851318,2662_6_RF00168_6_NC_000913.3_4233124-4233721_ext_200-400_int_125_off_70_percentage_63_position_1-125 genomicbackground,2662,6,2662_6
query_2663,0,genomicbackground,1,riboswitch,0.9084727764129639,2663_6_RF00168_6_NC_000913.3_4233124-4233721_ext_200-400_int_125_off_75_percentage_62_position_1-122 genomicbackground,2663,6,2663_6
query_2664,0,genomicbackground,1,riboswitch,0.9984647035598755,2664_6_RF00168_6_NC_000913.3_4233124-4233721_ext_200-400_int_130_off_0_percentage_66_position_1-130 genomicbackground,2664,6,2664_6
query_2665,0,genomicbackground,1,riboswitch,0.9822337031364441,2665_6_RF00168_6_NC_000913.3_4233124-4233721_ext_200-400_int_130_off_5_percentage_66_position_1-130 genomicbackground,2665,6,2665_6
query_2666,0,genomicbackground,1,riboswitch,0.9647491574287415,2666_6_RF00168_6_NC_000913.3_4233124-4233721_ext_200-400_int_130_off_10_percentage_66_position_1-130 genomicbackground,2666,6,2666_6
query_2667,0,genomicbackground,1,riboswitch,0.9923533797264099,2667_6_RF00168_6_NC_000913.3_4233124-4233721_ext_200-400_int_130_off_15_percentage_66_position_1-130 genomicbackground,2667,6,2667_6
query_2668,0,genomicbackground,1,riboswitch,0.9978635907173157,2668_6_RF00168_6_NC_000913.3_4233124-4233721_ext_200-400_int_130_off_20_percentage_66_position_1-130 genomicbackground,2668,6,2668_6
query_2669,0,genomicbackground,1,riboswitch,0.986659049987793,2669_6_RF00168_6_NC_000913.3_4233124-4233721_ext_200-400_int_130_off_25_percentage_66_position_1-130 genomicbackground,2669,6,2669_6
query_2670,0,genomicbackground,1,riboswitch,0.9933740496635437,2670_6_RF00168_6_NC_000913.3_4233124-4233721_ext_200-400_int_130_off_30_percentage_66_position_1-130 genomicbackground,2670,6,2670_6
query_2671,0,genomicbackground,1,riboswitch,0.9800480008125305,2671_6_RF00168_6_NC_000913.3_4233124-4233721_ext_200-400_int_130_off_35_percentage_66_position_1-130 genomicbackground,2671,6,2671_6
query_2672,0,genomicbackground,1,riboswitch,0.6264593005180359,2672_6_RF00168_6_NC_000913.3_4233124-4233721_ext_200-400_int_130_off_40_percentage_66_position_1-130 genomicbackground,2672,6,2672_6
query_2673,0,genomicbackground,1,riboswitch,0.9798310399055481,2673_6_RF00168_6_NC_000913.3_4233124-4233721_ext_200-400_int_130_off_45_percentage_66_position_1-130 genomicbackground,2673,6,2673_6
query_2674,0,genomicbackground,1,riboswitch,0.9866559505462646,2674_6_RF00168_6_NC_000913.3_4233124-4233721_ext_200-400_int_130_off_50_percentage_66_position_1-130 genomicbackground,2674,6,2674_6
query_2675,0,genomicbackground,1,riboswitch,0.9838648438453674,2675_6_RF00168_6_NC_000913.3_4233124-4233721_ext_200-400_int_130_off_55_percentage_66_position_1-130 genomicbackground,2675,6,2675_6
query_2676,0,genomicbackground,1,riboswitch,0.9666443467140198,2676_6_RF00168_6_NC_000913.3_4233124-4233721_ext_200-400_int_130_off_60_percentage_66_position_1-130 genomicbackground,2676,6,2676_6
query_2677,0,genomicbackground,1,riboswitch,0.9440338015556335,2677_6_RF00168_6_NC_000913.3_4233124-4233721_ext_200-400_int_130_off_65_percentage_66_position_1-130 genomicbackground,2677,6,2677_6
query_2678,0,genomicbackground,1,riboswitch,0.9496604204177856,2678_6_RF00168_6_NC_000913.3_4233124-4233721_ext_200-400_int_130_off_70_percentage_64_position_1-127 genomicbackground,2678,6,2678_6
query_2679,0,genomicbackground,1,riboswitch,0.9868735671043396,2679_6_RF00168_6_NC_000913.3_4233124-4233721_ext_200-400_int_135_off_0_percentage_69_position_1-135 genomicbackground,2679,6,2679_6
query_2680,0,genomicbackground,1,riboswitch,0.983188807964325,2680_6_RF00168_6_NC_000913.3_4233124-4233721_ext_200-400_int_135_off_5_percentage_69_position_1-135 genomicbackground,2680,6,2680_6
query_2681,0,genomicbackground,1,riboswitch,0.9663774967193604,2681_6_RF00168_6_NC_000913.3_4233124-4233721_ext_200-400_int_135_off_10_percentage_69_position_1-135 genomicbackground,2681,6,2681_6
query_2682,0,genomicbackground,1,riboswitch,0.9758896827697754,2682_6_RF00168_6_NC_000913.3_4233124-4233721_ext_200-400_int_135_off_15_percentage_69_position_1-135 genomicbackground,2682,6,2682_6
query_2683,0,genomicbackground,1,riboswitch,0.9978641867637634,2683_6_RF00168_6_NC_000913.3_4233124-4233721_ext_200-400_int_135_off_20_percentage_69_position_1-135 genomicbackground,2683,6,2683_6
query_2684,0,genomicbackground,1,riboswitch,0.983109176158905,2684_6_RF00168_6_NC_000913.3_4233124-4233721_ext_200-400_int_135_off_25_percentage_69_position_1-135 genomicbackground,2684,6,2684_6
query_2685,0,genomicbackground,1,riboswitch,0.9783380627632141,2685_6_RF00168_6_NC_000913.3_4233124-4233721_ext_200-400_int_135_off_30_percentage_69_position_1-135 genomicbackground,2685,6,2685_6
query_2686,0,genomicbackground,1,riboswitch,0.9471784234046936,2686_6_RF00168_6_NC_000913.3_4233124-4233721_ext_200-400_int_135_off_35_percentage_69_position_1-135 genomicbackground,2686,6,2686_6
query_2687,0,genomicbackground,1,riboswitch,0.9350391030311584,2687_6_RF00168_6_NC_000913.3_4233124-4233721_ext_200-400_int_135_off_40_percentage_69_position_1-135 genomicbackground,2687,6,2687_6
query_2688,0,genomicbackground,1,riboswitch,0.9730554819107056,2688_6_RF00168_6_NC_000913.3_4233124-4233721_ext_200-400_int_135_off_45_percentage_69_position_1-135 genomicbackground,2688,6,2688_6
query_2689,0,genomicbackground,1,riboswitch,0.9875390529632568,2689_6_RF00168_6_NC_000913.3_4233124-4233721_ext_200-400_int_135_off_50_percentage_69_position_1-135 genomicbackground,2689,6,2689_6
query_2690,0,genomicbackground,1,riboswitch,0.9646069407463074,2690_6_RF00168_6_NC_000913.3_4233124-4233721_ext_200-400_int_135_off_55_percentage_69_position_1-135 genomicbackground,2690,6,2690_6
query_2691,0,genomicbackground,1,riboswitch,0.9873047471046448,2691_6_RF00168_6_NC_000913.3_4233124-4233721_ext_200-400_int_135_off_60_percentage_69_position_1-135 genomicbackground,2691,6,2691_6
query_2692,0,genomicbackground,1,riboswitch,0.9522274732589722,2692_6_RF00168_6_NC_000913.3_4233124-4233721_ext_200-400_int_135_off_65_percentage_67_position_1-132 genomicbackground,2692,6,2692_6
query_2693,0,genomicbackground,1,riboswitch,0.9866977334022522,2693_6_RF00168_6_NC_000913.3_4233124-4233721_ext_200-400_int_140_off_0_percentage_71_position_1-140 genomicbackground,2693,6,2693_6
query_2694,0,genomicbackground,1,riboswitch,0.9786579608917236,2694_6_RF00168_6_NC_000913.3_4233124-4233721_ext_200-400_int_140_off_5_percentage_71_position_1-140 genomicbackground,2694,6,2694_6
query_2695,0,genomicbackground,1,riboswitch,0.9667643904685974,2695_6_RF00168_6_NC_000913.3_4233124-4233721_ext_200-400_int_140_off_10_percentage_71_position_1-140 genomicbackground,2695,6,2695_6
query_2696,0,genomicbackground,1,riboswitch,0.9892832040786743,2696_6_RF00168_6_NC_000913.3_4233124-4233721_ext_200-400_int_140_off_15_percentage_71_position_1-140 genomicbackground,2696,6,2696_6
query_2697,0,genomicbackground,1,riboswitch,0.9975267052650452,2697_6_RF00168_6_NC_000913.3_4233124-4233721_ext_200-400_int_140_off_20_percentage_71_position_1-140 genomicbackground,2697,6,2697_6
query_2698,0,genomicbackground,1,riboswitch,0.9897527694702148,2698_6_RF00168_6_NC_000913.3_4233124-4233721_ext_200-400_int_140_off_25_percentage_71_position_1-140 genomicbackground,2698,6,2698_6
query_2699,0,genomicbackground,1,riboswitch,0.9859597682952881,2699_6_RF00168_6_NC_000913.3_4233124-4233721_ext_200-400_int_140_off_30_percentage_71_position_1-140 genomicbackground,2699,6,2699_6
query_2700,0,genomicbackground,1,riboswitch,0.9699000120162964,2700_6_RF00168_6_NC_000913.3_4233124-4233721_ext_200-400_int_140_off_35_percentage_71_position_1-140 genomicbackground,2700,6,2700_6
query_2701,0,genomicbackground,1,riboswitch,0.9195334911346436,2701_6_RF00168_6_NC_000913.3_4233124-4233721_ext_200-400_int_140_off_40_percentage_71_position_1-140 genomicbackground,2701,6,2701_6
query_2702,0,genomicbackground,0,genomicbackground,0.1796034723520279,2702_6_RF00168_6_NC_000913.3_4233124-4233721_ext_200-400_int_140_off_45_percentage_71_position_1-140 genomicbackground,2702,6,2702_6
query_2703,0,genomicbackground,1,riboswitch,0.9797460436820984,2703_6_RF00168_6_NC_000913.3_4233124-4233721_ext_200-400_int_140_off_50_percentage_71_position_1-140 genomicbackground,2703,6,2703_6
query_2704,0,genomicbackground,1,riboswitch,0.9812707901000977,2704_6_RF00168_6_NC_000913.3_4233124-4233721_ext_200-400_int_140_off_55_percentage_71_position_1-140 genomicbackground,2704,6,2704_6
query_2705,0,genomicbackground,1,riboswitch,0.9878091812133789,2705_6_RF00168_6_NC_000913.3_4233124-4233721_ext_200-400_int_140_off_60_percentage_70_position_1-137 genomicbackground,2705,6,2705_6
query_2706,0,genomicbackground,1,riboswitch,0.9727107882499695,2706_6_RF00168_6_NC_000913.3_4233124-4233721_ext_200-400_int_145_off_0_percentage_74_position_1-145 genomicbackground,2706,6,2706_6
query_2707,0,genomicbackground,1,riboswitch,0.9811832904815674,2707_6_RF00168_6_NC_000913.3_4233124-4233721_ext_200-400_int_145_off_5_percentage_74_position_1-145 genomicbackground,2707,6,2707_6
query_2708,0,genomicbackground,1,riboswitch,0.9849788546562195,2708_6_RF00168_6_NC_000913.3_4233124-4233721_ext_200-400_int_145_off_10_percentage_74_position_1-145 genomicbackground,2708,6,2708_6
query_2709,0,genomicbackground,1,riboswitch,0.920754075050354,2709_6_RF00168_6_NC_000913.3_4233124-4233721_ext_200-400_int_145_off_15_percentage_74_position_1-145 genomicbackground,2709,6,2709_6
query_2710,0,genomicbackground,1,riboswitch,0.9978805780410767,2710_6_RF00168_6_NC_000913.3_4233124-4233721_ext_200-400_int_145_off_20_percentage_74_position_1-145 genomicbackground,2710,6,2710_6
query_2711,0,genomicbackground,1,riboswitch,0.9508645534515381,2711_6_RF00168_6_NC_000913.3_4233124-4233721_ext_200-400_int_145_off_25_percentage_74_position_1-145 genomicbackground,2711,6,2711_6
query_2712,0,genomicbackground,1,riboswitch,0.9887121915817261,2712_6_RF00168_6_NC_000913.3_4233124-4233721_ext_200-400_int_145_off_30_percentage_74_position_1-145 genomicbackground,2712,6,2712_6
query_2713,0,genomicbackground,1,riboswitch,0.9649403691291809,2713_6_RF00168_6_NC_000913.3_4233124-4233721_ext_200-400_int_145_off_35_percentage_74_position_1-145 genomicbackground,2713,6,2713_6
query_2714,0,genomicbackground,1,riboswitch,0.8902223706245422,2714_6_RF00168_6_NC_000913.3_4233124-4233721_ext_200-400_int_145_off_40_percentage_74_position_1-145 genomicbackground,2714,6,2714_6
query_2715,0,genomicbackground,1,riboswitch,0.971177875995636,2715_6_RF00168_6_NC_000913.3_4233124-4233721_ext_200-400_int_145_off_45_percentage_74_position_1-145 genomicbackground,2715,6,2715_6
query_2716,0,genomicbackground,1,riboswitch,0.9899114966392517,2716_6_RF00168_6_NC_000913.3_4233124-4233721_ext_200-400_int_145_off_50_percentage_74_position_1-145 genomicbackground,2716,6,2716_6
query_2717,0,genomicbackground,1,riboswitch,0.9811919927597046,2717_6_RF00168_6_NC_000913.3_4233124-4233721_ext_200-400_int_145_off_55_percentage_72_position_1-142 genomicbackground,2717,6,2717_6
query_2718,1,riboswitch,1,riboswitch,0.9928722381591797,2718_6_RF00168_6_NC_000913.3_4233124-4233721_ext_200-400_int_150_off_0_percentage_76_position_1-150 riboswitch,2718,6,2718_6
query_2719,1,riboswitch,1,riboswitch,0.9898147583007812,2719_6_RF00168_6_NC_000913.3_4233124-4233721_ext_200-400_int_150_off_5_percentage_76_position_1-150 riboswitch,2719,6,2719_6
query_2720,1,riboswitch,1,riboswitch,0.9806582927703857,2720_6_RF00168_6_NC_000913.3_4233124-4233721_ext_200-400_int_150_off_10_percentage_76_position_1-150 riboswitch,2720,6,2720_6
query_2721,1,riboswitch,1,riboswitch,0.9866504669189453,2721_6_RF00168_6_NC_000913.3_4233124-4233721_ext_200-400_int_150_off_15_percentage_76_position_1-150 riboswitch,2721,6,2721_6
query_2722,1,riboswitch,1,riboswitch,0.9975458979606628,2722_6_RF00168_6_NC_000913.3_4233124-4233721_ext_200-400_int_150_off_20_percentage_76_position_1-150 riboswitch,2722,6,2722_6
query_2723,1,riboswitch,1,riboswitch,0.9528828859329224,2723_6_RF00168_6_NC_000913.3_4233124-4233721_ext_200-400_int_150_off_25_percentage_76_position_1-150 riboswitch,2723,6,2723_6
query_2724,1,riboswitch,1,riboswitch,0.9922888875007629,2724_6_RF00168_6_NC_000913.3_4233124-4233721_ext_200-400_int_150_off_30_percentage_76_position_1-150 riboswitch,2724,6,2724_6
query_2725,1,riboswitch,1,riboswitch,0.9836323857307434,2725_6_RF00168_6_NC_000913.3_4233124-4233721_ext_200-400_int_150_off_35_percentage_76_position_1-150 riboswitch,2725,6,2725_6
query_2726,1,riboswitch,1,riboswitch,0.9076964855194092,2726_6_RF00168_6_NC_000913.3_4233124-4233721_ext_200-400_int_150_off_40_percentage_76_position_1-150 riboswitch,2726,6,2726_6
query_2727,1,riboswitch,1,riboswitch,0.9921120405197144,2727_6_RF00168_6_NC_000913.3_4233124-4233721_ext_200-400_int_150_off_45_percentage_76_position_1-150 riboswitch,2727,6,2727_6
query_2728,0,genomicbackground,1,riboswitch,0.9894559979438782,2728_6_RF00168_6_NC_000913.3_4233124-4233721_ext_200-400_int_150_off_50_percentage_75_position_1-147 genomicbackground,2728,6,2728_6
query_2729,1,riboswitch,1,riboswitch,0.9924388527870178,2729_6_RF00168_6_NC_000913.3_4233124-4233721_ext_200-400_int_155_off_0_percentage_79_position_1-155 riboswitch,2729,6,2729_6
query_2730,1,riboswitch,1,riboswitch,0.9896922707557678,2730_6_RF00168_6_NC_000913.3_4233124-4233721_ext_200-400_int_155_off_5_percentage_79_position_1-155 riboswitch,2730,6,2730_6
query_2731,1,riboswitch,1,riboswitch,0.9883512854576111,2731_6_RF00168_6_NC_000913.3_4233124-4233721_ext_200-400_int_155_off_10_percentage_79_position_1-155 riboswitch,2731,6,2731_6
query_2732,1,riboswitch,1,riboswitch,0.9587329030036926,2732_6_RF00168_6_NC_000913.3_4233124-4233721_ext_200-400_int_155_off_15_percentage_79_position_1-155 riboswitch,2732,6,2732_6
query_2733,1,riboswitch,1,riboswitch,0.9958608746528625,2733_6_RF00168_6_NC_000913.3_4233124-4233721_ext_200-400_int_155_off_20_percentage_79_position_1-155 riboswitch,2733,6,2733_6
query_2734,1,riboswitch,1,riboswitch,0.996121346950531,2734_6_RF00168_6_NC_000913.3_4233124-4233721_ext_200-400_int_155_off_25_percentage_79_position_1-155 riboswitch,2734,6,2734_6
query_2735,1,riboswitch,1,riboswitch,0.9950069189071655,2735_6_RF00168_6_NC_000913.3_4233124-4233721_ext_200-400_int_155_off_30_percentage_79_position_1-155 riboswitch,2735,6,2735_6
query_2736,1,riboswitch,1,riboswitch,0.9855687022209167,2736_6_RF00168_6_NC_000913.3_4233124-4233721_ext_200-400_int_155_off_35_percentage_79_position_1-155 riboswitch,2736,6,2736_6
query_2737,1,riboswitch,1,riboswitch,0.6530908346176147,2737_6_RF00168_6_NC_000913.3_4233124-4233721_ext_200-400_int_155_off_40_percentage_79_position_1-155 riboswitch,2737,6,2737_6
query_2738,1,riboswitch,1,riboswitch,0.9917052984237671,2738_6_RF00168_6_NC_000913.3_4233124-4233721_ext_200-400_int_155_off_45_percentage_77_position_1-152 riboswitch,2738,6,2738_6
query_2739,1,riboswitch,1,riboswitch,0.9786970019340515,2739_6_RF00168_6_NC_000913.3_4233124-4233721_ext_200-400_int_160_off_0_percentage_81_position_1-160 riboswitch,2739,6,2739_6
query_2740,1,riboswitch,1,riboswitch,0.9916268587112427,2740_6_RF00168_6_NC_000913.3_4233124-4233721_ext_200-400_int_160_off_5_percentage_81_position_1-160 riboswitch,2740,6,2740_6
query_2741,1,riboswitch,1,riboswitch,0.9482111930847168,2741_6_RF00168_6_NC_000913.3_4233124-4233721_ext_200-400_int_160_off_10_percentage_81_position_1-160 riboswitch,2741,6,2741_6
query_2742,1,riboswitch,1,riboswitch,0.9839380383491516,2742_6_RF00168_6_NC_000913.3_4233124-4233721_ext_200-400_int_160_off_15_percentage_81_position_1-160 riboswitch,2742,6,2742_6
query_2743,1,riboswitch,1,riboswitch,0.9954225420951843,2743_6_RF00168_6_NC_000913.3_4233124-4233721_ext_200-400_int_160_off_20_percentage_81_position_1-160 riboswitch,2743,6,2743_6
query_2744,1,riboswitch,1,riboswitch,0.9969648718833923,2744_6_RF00168_6_NC_000913.3_4233124-4233721_ext_200-400_int_160_off_25_percentage_81_position_1-160 riboswitch,2744,6,2744_6
query_2745,1,riboswitch,1,riboswitch,0.9980081915855408,2745_6_RF00168_6_NC_000913.3_4233124-4233721_ext_200-400_int_160_off_30_percentage_81_position_1-160 riboswitch,2745,6,2745_6
query_2746,1,riboswitch,1,riboswitch,0.9839560389518738,2746_6_RF00168_6_NC_000913.3_4233124-4233721_ext_200-400_int_160_off_35_percentage_81_position_1-160 riboswitch,2746,6,2746_6
query_2747,1,riboswitch,1,riboswitch,0.9687948822975159,2747_6_RF00168_6_NC_000913.3_4233124-4233721_ext_200-400_int_160_off_40_percentage_80_position_1-157 riboswitch,2747,6,2747_6
query_2748,1,riboswitch,1,riboswitch,0.9949565529823303,2748_6_RF00168_6_NC_000913.3_4233124-4233721_ext_200-400_int_165_off_0_percentage_84_position_1-165 riboswitch,2748,6,2748_6
query_2749,1,riboswitch,1,riboswitch,0.9738677144050598,2749_6_RF00168_6_NC_000913.3_4233124-4233721_ext_200-400_int_165_off_5_percentage_84_position_1-165 riboswitch,2749,6,2749_6
query_2750,1,riboswitch,1,riboswitch,0.9849071502685547,2750_6_RF00168_6_NC_000913.3_4233124-4233721_ext_200-400_int_165_off_10_percentage_84_position_1-165 riboswitch,2750,6,2750_6
query_2751,1,riboswitch,1,riboswitch,0.9822850227355957,2751_6_RF00168_6_NC_000913.3_4233124-4233721_ext_200-400_int_165_off_15_percentage_84_position_1-165 riboswitch,2751,6,2751_6
query_2752,1,riboswitch,1,riboswitch,0.9842119812965393,2752_6_RF00168_6_NC_000913.3_4233124-4233721_ext_200-400_int_165_off_20_percentage_84_position_1-165 riboswitch,2752,6,2752_6
query_2753,1,riboswitch,1,riboswitch,0.9937832355499268,2753_6_RF00168_6_NC_000913.3_4233124-4233721_ext_200-400_int_165_off_25_percentage_84_position_1-165 riboswitch,2753,6,2753_6
query_2754,1,riboswitch,1,riboswitch,0.9926458597183228,2754_6_RF00168_6_NC_000913.3_4233124-4233721_ext_200-400_int_165_off_30_percentage_84_position_1-165 riboswitch,2754,6,2754_6
query_2755,1,riboswitch,1,riboswitch,0.9841728210449219,2755_6_RF00168_6_NC_000913.3_4233124-4233721_ext_200-400_int_165_off_35_percentage_82_position_1-162 riboswitch,2755,6,2755_6
query_2756,1,riboswitch,1,riboswitch,0.9910833835601807,2756_6_RF00168_6_NC_000913.3_4233124-4233721_ext_200-400_int_170_off_0_percentage_86_position_1-170 riboswitch,2756,6,2756_6
query_2757,1,riboswitch,1,riboswitch,0.9888086915016174,2757_6_RF00168_6_NC_000913.3_4233124-4233721_ext_200-400_int_170_off_5_percentage_86_position_1-170 riboswitch,2757,6,2757_6
query_2758,1,riboswitch,1,riboswitch,0.9842129945755005,2758_6_RF00168_6_NC_000913.3_4233124-4233721_ext_200-400_int_170_off_10_percentage_86_position_1-170 riboswitch,2758,6,2758_6
query_2759,1,riboswitch,1,riboswitch,0.9934394955635071,2759_6_RF00168_6_NC_000913.3_4233124-4233721_ext_200-400_int_170_off_15_percentage_86_position_1-170 riboswitch,2759,6,2759_6
query_2760,1,riboswitch,1,riboswitch,0.9976166486740112,2760_6_RF00168_6_NC_000913.3_4233124-4233721_ext_200-400_int_170_off_20_percentage_86_position_1-170 riboswitch,2760,6,2760_6
query_2761,1,riboswitch,1,riboswitch,0.9920539855957031,2761_6_RF00168_6_NC_000913.3_4233124-4233721_ext_200-400_int_170_off_25_percentage_86_position_1-170 riboswitch,2761,6,2761_6
query_2762,1,riboswitch,1,riboswitch,0.9925724864006042,2762_6_RF00168_6_NC_000913.3_4233124-4233721_ext_200-400_int_170_off_30_percentage_85_position_1-167 riboswitch,2762,6,2762_6
query_2763,1,riboswitch,1,riboswitch,0.9966901540756226,2763_6_RF00168_6_NC_000913.3_4233124-4233721_ext_200-400_int_175_off_0_percentage_89_position_1-175 riboswitch,2763,6,2763_6
query_2764,1,riboswitch,1,riboswitch,0.9878515601158142,2764_6_RF00168_6_NC_000913.3_4233124-4233721_ext_200-400_int_175_off_5_percentage_89_position_1-175 riboswitch,2764,6,2764_6
query_2765,1,riboswitch,1,riboswitch,0.9743903279304504,2765_6_RF00168_6_NC_000913.3_4233124-4233721_ext_200-400_int_175_off_10_percentage_89_position_1-175 riboswitch,2765,6,2765_6
query_2766,1,riboswitch,1,riboswitch,0.9974919557571411,2766_6_RF00168_6_NC_000913.3_4233124-4233721_ext_200-400_int_175_off_15_percentage_89_position_1-175 riboswitch,2766,6,2766_6
query_2767,1,riboswitch,1,riboswitch,0.9980249404907227,2767_6_RF00168_6_NC_000913.3_4233124-4233721_ext_200-400_int_175_off_20_percentage_89_position_1-175 riboswitch,2767,6,2767_6
query_2768,1,riboswitch,1,riboswitch,0.9919607043266296,2768_6_RF00168_6_NC_000913.3_4233124-4233721_ext_200-400_int_175_off_25_percentage_87_position_1-172 riboswitch,2768,6,2768_6
query_2769,1,riboswitch,1,riboswitch,0.9894049167633057,2769_6_RF00168_6_NC_000913.3_4233124-4233721_ext_200-400_int_180_off_0_percentage_91_position_1-180 riboswitch,2769,6,2769_6
query_2770,1,riboswitch,1,riboswitch,0.9882235527038574,2770_6_RF00168_6_NC_000913.3_4233124-4233721_ext_200-400_int_180_off_5_percentage_91_position_1-180 riboswitch,2770,6,2770_6
query_2771,1,riboswitch,1,riboswitch,0.9856799840927124,2771_6_RF00168_6_NC_000913.3_4233124-4233721_ext_200-400_int_180_off_10_percentage_91_position_1-180 riboswitch,2771,6,2771_6
query_2772,1,riboswitch,1,riboswitch,0.9934409260749817,2772_6_RF00168_6_NC_000913.3_4233124-4233721_ext_200-400_int_180_off_15_percentage_91_position_1-180 riboswitch,2772,6,2772_6
query_2773,1,riboswitch,1,riboswitch,0.998547375202179,2773_6_RF00168_6_NC_000913.3_4233124-4233721_ext_200-400_int_180_off_20_percentage_90_position_1-177 riboswitch,2773,6,2773_6
query_2774,1,riboswitch,1,riboswitch,0.9701233506202698,2774_6_RF00168_6_NC_000913.3_4233124-4233721_ext_200-400_int_185_off_0_percentage_94_position_1-185 riboswitch,2774,6,2774_6
query_2775,1,riboswitch,1,riboswitch,0.9936161041259766,2775_6_RF00168_6_NC_000913.3_4233124-4233721_ext_200-400_int_185_off_5_percentage_94_position_1-185 riboswitch,2775,6,2775_6
query_2776,1,riboswitch,1,riboswitch,0.9910902976989746,2776_6_RF00168_6_NC_000913.3_4233124-4233721_ext_200-400_int_185_off_10_percentage_94_position_1-185 riboswitch,2776,6,2776_6
query_2777,1,riboswitch,1,riboswitch,0.9934836030006409,2777_6_RF00168_6_NC_000913.3_4233124-4233721_ext_200-400_int_185_off_15_percentage_92_position_1-182 riboswitch,2777,6,2777_6
query_2778,1,riboswitch,1,riboswitch,0.9955924153327942,2778_6_RF00168_6_NC_000913.3_4233124-4233721_ext_200-400_int_190_off_0_percentage_96_position_1-190 riboswitch,2778,6,2778_6
query_2779,1,riboswitch,1,riboswitch,0.9849634766578674,2779_6_RF00168_6_NC_000913.3_4233124-4233721_ext_200-400_int_190_off_5_percentage_96_position_1-190 riboswitch,2779,6,2779_6
query_2780,1,riboswitch,1,riboswitch,0.9911133646965027,2780_6_RF00168_6_NC_000913.3_4233124-4233721_ext_200-400_int_190_off_10_percentage_95_position_1-187 riboswitch,2780,6,2780_6
query_2781,1,riboswitch,1,riboswitch,0.9935636520385742,2781_6_RF00168_6_NC_000913.3_4233124-4233721_ext_200-400_int_195_off_0_percentage_99_position_1-195 riboswitch,2781,6,2781_6
query_2782,1,riboswitch,1,riboswitch,0.9866290092468262,2782_6_RF00168_6_NC_000913.3_4233124-4233721_ext_200-400_int_195_off_5_percentage_97_position_1-192 riboswitch,2782,6,2782_6
query_2783,1,riboswitch,1,riboswitch,0.9960947632789612,2783_6_RF00168_6_NC_000913.3_4233124-4233721_ext_200-400_int_200_off_0_percentage_100_position_1-197 riboswitch,2783,6,2783_6
query_2784,0,genomicbackground,1,riboswitch,0.9973325729370117,2784_6_RF00168_6_NC_000913.3_4233124-4233721_ext_220-420_int_95_off_0_percentage_48_position_1-95 genomicbackground,2784,6,2784_6
query_2785,0,genomicbackground,1,riboswitch,0.9967936873435974,2785_6_RF00168_6_NC_000913.3_4233124-4233721_ext_220-420_int_95_off_5_percentage_48_position_1-95 genomicbackground,2785,6,2785_6
query_2786,0,genomicbackground,1,riboswitch,0.9922299981117249,2786_6_RF00168_6_NC_000913.3_4233124-4233721_ext_220-420_int_95_off_10_percentage_48_position_1-95 genomicbackground,2786,6,2786_6
query_2787,0,genomicbackground,1,riboswitch,0.9613020420074463,2787_6_RF00168_6_NC_000913.3_4233124-4233721_ext_220-420_int_95_off_15_percentage_48_position_1-95 genomicbackground,2787,6,2787_6
query_2788,0,genomicbackground,0,genomicbackground,0.41477009654045105,2788_6_RF00168_6_NC_000913.3_4233124-4233721_ext_220-420_int_95_off_20_percentage_48_position_1-95 genomicbackground,2788,6,2788_6
query_2789,0,genomicbackground,1,riboswitch,0.9816890954971313,2789_6_RF00168_6_NC_000913.3_4233124-4233721_ext_220-420_int_95_off_25_percentage_48_position_1-95 genomicbackground,2789,6,2789_6
query_2790,0,genomicbackground,1,riboswitch,0.9902179837226868,2790_6_RF00168_6_NC_000913.3_4233124-4233721_ext_220-420_int_95_off_30_percentage_48_position_1-95 genomicbackground,2790,6,2790_6
query_2791,0,genomicbackground,1,riboswitch,0.9777243733406067,2791_6_RF00168_6_NC_000913.3_4233124-4233721_ext_220-420_int_95_off_35_percentage_48_position_1-95 genomicbackground,2791,6,2791_6
query_2792,0,genomicbackground,1,riboswitch,0.9974225759506226,2792_6_RF00168_6_NC_000913.3_4233124-4233721_ext_220-420_int_95_off_40_percentage_48_position_1-95 genomicbackground,2792,6,2792_6
query_2793,0,genomicbackground,1,riboswitch,0.8821771740913391,2793_6_RF00168_6_NC_000913.3_4233124-4233721_ext_220-420_int_95_off_45_percentage_48_position_1-95 genomicbackground,2793,6,2793_6
query_2794,0,genomicbackground,1,riboswitch,0.740507960319519,2794_6_RF00168_6_NC_000913.3_4233124-4233721_ext_220-420_int_95_off_50_percentage_48_position_1-95 genomicbackground,2794,6,2794_6
query_2795,0,genomicbackground,1,riboswitch,0.8755189776420593,2795_6_RF00168_6_NC_000913.3_4233124-4233721_ext_220-420_int_95_off_55_percentage_48_position_1-95 genomicbackground,2795,6,2795_6
query_2796,0,genomicbackground,1,riboswitch,0.9036927819252014,2796_6_RF00168_6_NC_000913.3_4233124-4233721_ext_220-420_int_95_off_60_percentage_48_position_1-95 genomicbackground,2796,6,2796_6
query_2797,0,genomicbackground,1,riboswitch,0.7648373246192932,2797_6_RF00168_6_NC_000913.3_4233124-4233721_ext_220-420_int_95_off_65_percentage_48_position_1-95 genomicbackground,2797,6,2797_6
query_2798,0,genomicbackground,1,riboswitch,0.8834311366081238,2798_6_RF00168_6_NC_000913.3_4233124-4233721_ext_220-420_int_95_off_70_percentage_48_position_1-95 genomicbackground,2798,6,2798_6
query_2799,0,genomicbackground,1,riboswitch,0.9797159433364868,2799_6_RF00168_6_NC_000913.3_4233124-4233721_ext_220-420_int_95_off_75_percentage_48_position_1-95 genomicbackground,2799,6,2799_6
query_2800,0,genomicbackground,1,riboswitch,0.9898444414138794,2800_6_RF00168_6_NC_000913.3_4233124-4233721_ext_220-420_int_95_off_80_percentage_48_position_1-95 genomicbackground,2800,6,2800_6
query_2801,0,genomicbackground,1,riboswitch,0.9926491379737854,2801_6_RF00168_6_NC_000913.3_4233124-4233721_ext_220-420_int_95_off_85_percentage_47_position_1-92 genomicbackground,2801,6,2801_6
query_2802,0,genomicbackground,1,riboswitch,0.9930554032325745,2802_6_RF00168_6_NC_000913.3_4233124-4233721_ext_220-420_int_95_off_90_percentage_44_position_1-87 genomicbackground,2802,6,2802_6
query_2803,0,genomicbackground,1,riboswitch,0.9930435419082642,2803_6_RF00168_6_NC_000913.3_4233124-4233721_ext_220-420_int_95_off_95_percentage_42_position_1-82 genomicbackground,2803,6,2803_6
query_2804,0,genomicbackground,1,riboswitch,0.9882984161376953,2804_6_RF00168_6_NC_000913.3_4233124-4233721_ext_220-420_int_95_off_100_percentage_39_position_1-77 genomicbackground,2804,6,2804_6
query_2805,0,genomicbackground,1,riboswitch,0.9116939306259155,2805_6_RF00168_6_NC_000913.3_4233124-4233721_ext_220-420_int_95_off_105_percentage_37_position_1-72 genomicbackground,2805,6,2805_6
query_2806,0,genomicbackground,1,riboswitch,0.9968245029449463,2806_6_RF00168_6_NC_000913.3_4233124-4233721_ext_220-420_int_100_off_0_percentage_51_position_1-100 genomicbackground,2806,6,2806_6
query_2807,0,genomicbackground,1,riboswitch,0.9976505637168884,2807_6_RF00168_6_NC_000913.3_4233124-4233721_ext_220-420_int_100_off_5_percentage_51_position_1-100 genomicbackground,2807,6,2807_6
query_2808,0,genomicbackground,1,riboswitch,0.9664003252983093,2808_6_RF00168_6_NC_000913.3_4233124-4233721_ext_220-420_int_100_off_10_percentage_51_position_1-100 genomicbackground,2808,6,2808_6
query_2809,0,genomicbackground,1,riboswitch,0.9484055042266846,2809_6_RF00168_6_NC_000913.3_4233124-4233721_ext_220-420_int_100_off_15_percentage_51_position_1-100 genomicbackground,2809,6,2809_6
query_2810,0,genomicbackground,1,riboswitch,0.5783088207244873,2810_6_RF00168_6_NC_000913.3_4233124-4233721_ext_220-420_int_100_off_20_percentage_51_position_1-100 genomicbackground,2810,6,2810_6
query_2811,0,genomicbackground,1,riboswitch,0.9860814809799194,2811_6_RF00168_6_NC_000913.3_4233124-4233721_ext_220-420_int_100_off_25_percentage_51_position_1-100 genomicbackground,2811,6,2811_6
query_2812,0,genomicbackground,1,riboswitch,0.9553518295288086,2812_6_RF00168_6_NC_000913.3_4233124-4233721_ext_220-420_int_100_off_30_percentage_51_position_1-100 genomicbackground,2812,6,2812_6
query_2813,0,genomicbackground,1,riboswitch,0.9721149206161499,2813_6_RF00168_6_NC_000913.3_4233124-4233721_ext_220-420_int_100_off_35_percentage_51_position_1-100 genomicbackground,2813,6,2813_6
query_2814,0,genomicbackground,1,riboswitch,0.997488260269165,2814_6_RF00168_6_NC_000913.3_4233124-4233721_ext_220-420_int_100_off_40_percentage_51_position_1-100 genomicbackground,2814,6,2814_6
query_2815,0,genomicbackground,1,riboswitch,0.9420056939125061,2815_6_RF00168_6_NC_000913.3_4233124-4233721_ext_220-420_int_100_off_45_percentage_51_position_1-100 genomicbackground,2815,6,2815_6
query_2816,0,genomicbackground,1,riboswitch,0.687334418296814,2816_6_RF00168_6_NC_000913.3_4233124-4233721_ext_220-420_int_100_off_50_percentage_51_position_1-100 genomicbackground,2816,6,2816_6
query_2817,0,genomicbackground,1,riboswitch,0.9050999879837036,2817_6_RF00168_6_NC_000913.3_4233124-4233721_ext_220-420_int_100_off_55_percentage_51_position_1-100 genomicbackground,2817,6,2817_6
query_2818,0,genomicbackground,1,riboswitch,0.7144153714179993,2818_6_RF00168_6_NC_000913.3_4233124-4233721_ext_220-420_int_100_off_60_percentage_51_position_1-100 genomicbackground,2818,6,2818_6
query_2819,0,genomicbackground,1,riboswitch,0.7352505922317505,2819_6_RF00168_6_NC_000913.3_4233124-4233721_ext_220-420_int_100_off_65_percentage_51_position_1-100 genomicbackground,2819,6,2819_6
query_2820,0,genomicbackground,1,riboswitch,0.642125129699707,2820_6_RF00168_6_NC_000913.3_4233124-4233721_ext_220-420_int_100_off_70_percentage_51_position_1-100 genomicbackground,2820,6,2820_6
query_2821,0,genomicbackground,1,riboswitch,0.9597490429878235,2821_6_RF00168_6_NC_000913.3_4233124-4233721_ext_220-420_int_100_off_75_percentage_51_position_1-100 genomicbackground,2821,6,2821_6
query_2822,0,genomicbackground,1,riboswitch,0.8251569271087646,2822_6_RF00168_6_NC_000913.3_4233124-4233721_ext_220-420_int_100_off_80_percentage_49_position_1-97 genomicbackground,2822,6,2822_6
query_2823,0,genomicbackground,1,riboswitch,0.9917174577713013,2823_6_RF00168_6_NC_000913.3_4233124-4233721_ext_220-420_int_100_off_85_percentage_47_position_1-92 genomicbackground,2823,6,2823_6
query_2824,0,genomicbackground,1,riboswitch,0.9932159781455994,2824_6_RF00168_6_NC_000913.3_4233124-4233721_ext_220-420_int_100_off_90_percentage_44_position_1-87 genomicbackground,2824,6,2824_6
query_2825,0,genomicbackground,1,riboswitch,0.9931544065475464,2825_6_RF00168_6_NC_000913.3_4233124-4233721_ext_220-420_int_100_off_95_percentage_42_position_1-82 genomicbackground,2825,6,2825_6
query_2826,0,genomicbackground,1,riboswitch,0.9809542894363403,2826_6_RF00168_6_NC_000913.3_4233124-4233721_ext_220-420_int_100_off_100_percentage_39_position_1-77 genomicbackground,2826,6,2826_6
query_2827,0,genomicbackground,1,riboswitch,0.997407853603363,2827_6_RF00168_6_NC_000913.3_4233124-4233721_ext_220-420_int_105_off_0_percentage_53_position_1-105 genomicbackground,2827,6,2827_6
query_2828,0,genomicbackground,1,riboswitch,0.9576762318611145,2828_6_RF00168_6_NC_000913.3_4233124-4233721_ext_220-420_int_105_off_5_percentage_53_position_1-105 genomicbackground,2828,6,2828_6
query_2829,0,genomicbackground,1,riboswitch,0.9594510197639465,2829_6_RF00168_6_NC_000913.3_4233124-4233721_ext_220-420_int_105_off_10_percentage_53_position_1-105 genomicbackground,2829,6,2829_6
query_2830,0,genomicbackground,1,riboswitch,0.9569440484046936,2830_6_RF00168_6_NC_000913.3_4233124-4233721_ext_220-420_int_105_off_15_percentage_53_position_1-105 genomicbackground,2830,6,2830_6
query_2831,0,genomicbackground,1,riboswitch,0.9413776993751526,2831_6_RF00168_6_NC_000913.3_4233124-4233721_ext_220-420_int_105_off_20_percentage_53_position_1-105 genomicbackground,2831,6,2831_6
query_2832,0,genomicbackground,1,riboswitch,0.9858444929122925,2832_6_RF00168_6_NC_000913.3_4233124-4233721_ext_220-420_int_105_off_25_percentage_53_position_1-105 genomicbackground,2832,6,2832_6
query_2833,0,genomicbackground,1,riboswitch,0.9521241784095764,2833_6_RF00168_6_NC_000913.3_4233124-4233721_ext_220-420_int_105_off_30_percentage_53_position_1-105 genomicbackground,2833,6,2833_6
query_2834,0,genomicbackground,1,riboswitch,0.9724031686782837,2834_6_RF00168_6_NC_000913.3_4233124-4233721_ext_220-420_int_105_off_35_percentage_53_position_1-105 genomicbackground,2834,6,2834_6
query_2835,0,genomicbackground,1,riboswitch,0.910601019859314,2835_6_RF00168_6_NC_000913.3_4233124-4233721_ext_220-420_int_105_off_40_percentage_53_position_1-105 genomicbackground,2835,6,2835_6
query_2836,0,genomicbackground,1,riboswitch,0.8650622963905334,2836_6_RF00168_6_NC_000913.3_4233124-4233721_ext_220-420_int_105_off_45_percentage_53_position_1-105 genomicbackground,2836,6,2836_6
query_2837,0,genomicbackground,1,riboswitch,0.7416006922721863,2837_6_RF00168_6_NC_000913.3_4233124-4233721_ext_220-420_int_105_off_50_percentage_53_position_1-105 genomicbackground,2837,6,2837_6
query_2838,0,genomicbackground,1,riboswitch,0.7837045788764954,2838_6_RF00168_6_NC_000913.3_4233124-4233721_ext_220-420_int_105_off_55_percentage_53_position_1-105 genomicbackground,2838,6,2838_6
query_2839,0,genomicbackground,1,riboswitch,0.7715003490447998,2839_6_RF00168_6_NC_000913.3_4233124-4233721_ext_220-420_int_105_off_60_percentage_53_position_1-105 genomicbackground,2839,6,2839_6
query_2840,0,genomicbackground,1,riboswitch,0.6688709855079651,2840_6_RF00168_6_NC_000913.3_4233124-4233721_ext_220-420_int_105_off_65_percentage_53_position_1-105 genomicbackground,2840,6,2840_6
query_2841,0,genomicbackground,1,riboswitch,0.975172221660614,2841_6_RF00168_6_NC_000913.3_4233124-4233721_ext_220-420_int_105_off_70_percentage_53_position_1-105 genomicbackground,2841,6,2841_6
query_2842,0,genomicbackground,1,riboswitch,0.9768373370170593,2842_6_RF00168_6_NC_000913.3_4233124-4233721_ext_220-420_int_105_off_75_percentage_52_position_1-102 genomicbackground,2842,6,2842_6
query_2843,0,genomicbackground,1,riboswitch,0.7391259074211121,2843_6_RF00168_6_NC_000913.3_4233124-4233721_ext_220-420_int_105_off_80_percentage_49_position_1-97 genomicbackground,2843,6,2843_6
query_2844,0,genomicbackground,1,riboswitch,0.9918410778045654,2844_6_RF00168_6_NC_000913.3_4233124-4233721_ext_220-420_int_105_off_85_percentage_47_position_1-92 genomicbackground,2844,6,2844_6
query_2845,0,genomicbackground,1,riboswitch,0.9930094480514526,2845_6_RF00168_6_NC_000913.3_4233124-4233721_ext_220-420_int_105_off_90_percentage_44_position_1-87 genomicbackground,2845,6,2845_6
query_2846,0,genomicbackground,1,riboswitch,0.9930001497268677,2846_6_RF00168_6_NC_000913.3_4233124-4233721_ext_220-420_int_105_off_95_percentage_42_position_1-82 genomicbackground,2846,6,2846_6
query_2847,0,genomicbackground,1,riboswitch,0.9976953864097595,2847_6_RF00168_6_NC_000913.3_4233124-4233721_ext_220-420_int_110_off_0_percentage_56_position_1-110 genomicbackground,2847,6,2847_6
query_2848,0,genomicbackground,1,riboswitch,0.9513686299324036,2848_6_RF00168_6_NC_000913.3_4233124-4233721_ext_220-420_int_110_off_5_percentage_56_position_1-110 genomicbackground,2848,6,2848_6
query_2849,0,genomicbackground,1,riboswitch,0.9946466088294983,2849_6_RF00168_6_NC_000913.3_4233124-4233721_ext_220-420_int_110_off_10_percentage_56_position_1-110 genomicbackground,2849,6,2849_6
query_2850,0,genomicbackground,1,riboswitch,0.9687036275863647,2850_6_RF00168_6_NC_000913.3_4233124-4233721_ext_220-420_int_110_off_15_percentage_56_position_1-110 genomicbackground,2850,6,2850_6
query_2851,0,genomicbackground,1,riboswitch,0.758048415184021,2851_6_RF00168_6_NC_000913.3_4233124-4233721_ext_220-420_int_110_off_20_percentage_56_position_1-110 genomicbackground,2851,6,2851_6
query_2852,0,genomicbackground,1,riboswitch,0.9834827184677124,2852_6_RF00168_6_NC_000913.3_4233124-4233721_ext_220-420_int_110_off_25_percentage_56_position_1-110 genomicbackground,2852,6,2852_6
query_2853,0,genomicbackground,1,riboswitch,0.9846602082252502,2853_6_RF00168_6_NC_000913.3_4233124-4233721_ext_220-420_int_110_off_30_percentage_56_position_1-110 genomicbackground,2853,6,2853_6
query_2854,0,genomicbackground,1,riboswitch,0.8712095022201538,2854_6_RF00168_6_NC_000913.3_4233124-4233721_ext_220-420_int_110_off_35_percentage_56_position_1-110 genomicbackground,2854,6,2854_6
query_2855,0,genomicbackground,1,riboswitch,0.9763785600662231,2855_6_RF00168_6_NC_000913.3_4233124-4233721_ext_220-420_int_110_off_40_percentage_56_position_1-110 genomicbackground,2855,6,2855_6
query_2856,0,genomicbackground,1,riboswitch,0.8817384243011475,2856_6_RF00168_6_NC_000913.3_4233124-4233721_ext_220-420_int_110_off_45_percentage_56_position_1-110 genomicbackground,2856,6,2856_6
query_2857,0,genomicbackground,1,riboswitch,0.6354053616523743,2857_6_RF00168_6_NC_000913.3_4233124-4233721_ext_220-420_int_110_off_50_percentage_56_position_1-110 genomicbackground,2857,6,2857_6
query_2858,0,genomicbackground,1,riboswitch,0.8836851716041565,2858_6_RF00168_6_NC_000913.3_4233124-4233721_ext_220-420_int_110_off_55_percentage_56_position_1-110 genomicbackground,2858,6,2858_6
query_2859,0,genomicbackground,1,riboswitch,0.8478060960769653,2859_6_RF00168_6_NC_000913.3_4233124-4233721_ext_220-420_int_110_off_60_percentage_56_position_1-110 genomicbackground,2859,6,2859_6
query_2860,0,genomicbackground,1,riboswitch,0.9405689239501953,2860_6_RF00168_6_NC_000913.3_4233124-4233721_ext_220-420_int_110_off_65_percentage_56_position_1-110 genomicbackground,2860,6,2860_6
query_2861,0,genomicbackground,0,genomicbackground,0.3490937054157257,2861_6_RF00168_6_NC_000913.3_4233124-4233721_ext_220-420_int_110_off_70_percentage_54_position_1-107 genomicbackground,2861,6,2861_6
query_2862,0,genomicbackground,1,riboswitch,0.9846046566963196,2862_6_RF00168_6_NC_000913.3_4233124-4233721_ext_220-420_int_110_off_75_percentage_52_position_1-102 genomicbackground,2862,6,2862_6
query_2863,0,genomicbackground,1,riboswitch,0.7365887761116028,2863_6_RF00168_6_NC_000913.3_4233124-4233721_ext_220-420_int_110_off_80_percentage_49_position_1-97 genomicbackground,2863,6,2863_6
query_2864,0,genomicbackground,1,riboswitch,0.9917916059494019,2864_6_RF00168_6_NC_000913.3_4233124-4233721_ext_220-420_int_110_off_85_percentage_47_position_1-92 genomicbackground,2864,6,2864_6
query_2865,0,genomicbackground,1,riboswitch,0.993093729019165,2865_6_RF00168_6_NC_000913.3_4233124-4233721_ext_220-420_int_110_off_90_percentage_44_position_1-87 genomicbackground,2865,6,2865_6
query_2866,0,genomicbackground,1,riboswitch,0.9813305735588074,2866_6_RF00168_6_NC_000913.3_4233124-4233721_ext_220-420_int_115_off_0_percentage_58_position_1-115 genomicbackground,2866,6,2866_6
query_2867,0,genomicbackground,1,riboswitch,0.9971449971199036,2867_6_RF00168_6_NC_000913.3_4233124-4233721_ext_220-420_int_115_off_5_percentage_58_position_1-115 genomicbackground,2867,6,2867_6
query_2868,0,genomicbackground,1,riboswitch,0.9907309412956238,2868_6_RF00168_6_NC_000913.3_4233124-4233721_ext_220-420_int_115_off_10_percentage_58_position_1-115 genomicbackground,2868,6,2868_6
query_2869,0,genomicbackground,1,riboswitch,0.9657617807388306,2869_6_RF00168_6_NC_000913.3_4233124-4233721_ext_220-420_int_115_off_15_percentage_58_position_1-115 genomicbackground,2869,6,2869_6
query_2870,0,genomicbackground,1,riboswitch,0.6427524089813232,2870_6_RF00168_6_NC_000913.3_4233124-4233721_ext_220-420_int_115_off_20_percentage_58_position_1-115 genomicbackground,2870,6,2870_6
query_2871,0,genomicbackground,1,riboswitch,0.9837950468063354,2871_6_RF00168_6_NC_000913.3_4233124-4233721_ext_220-420_int_115_off_25_percentage_58_position_1-115 genomicbackground,2871,6,2871_6
query_2872,0,genomicbackground,1,riboswitch,0.9849244952201843,2872_6_RF00168_6_NC_000913.3_4233124-4233721_ext_220-420_int_115_off_30_percentage_58_position_1-115 genomicbackground,2872,6,2872_6
query_2873,0,genomicbackground,1,riboswitch,0.9681367874145508,2873_6_RF00168_6_NC_000913.3_4233124-4233721_ext_220-420_int_115_off_35_percentage_58_position_1-115 genomicbackground,2873,6,2873_6
query_2874,0,genomicbackground,1,riboswitch,0.9962506890296936,2874_6_RF00168_6_NC_000913.3_4233124-4233721_ext_220-420_int_115_off_40_percentage_58_position_1-115 genomicbackground,2874,6,2874_6
query_2875,0,genomicbackground,1,riboswitch,0.8844771981239319,2875_6_RF00168_6_NC_000913.3_4233124-4233721_ext_220-420_int_115_off_45_percentage_58_position_1-115 genomicbackground,2875,6,2875_6
query_2876,0,genomicbackground,1,riboswitch,0.7583446502685547,2876_6_RF00168_6_NC_000913.3_4233124-4233721_ext_220-420_int_115_off_50_percentage_58_position_1-115 genomicbackground,2876,6,2876_6
query_2877,0,genomicbackground,1,riboswitch,0.9418242573738098,2877_6_RF00168_6_NC_000913.3_4233124-4233721_ext_220-420_int_115_off_55_percentage_58_position_1-115 genomicbackground,2877,6,2877_6
query_2878,0,genomicbackground,1,riboswitch,0.9227190017700195,2878_6_RF00168_6_NC_000913.3_4233124-4233721_ext_220-420_int_115_off_60_percentage_58_position_1-115 genomicbackground,2878,6,2878_6
query_2879,0,genomicbackground,1,riboswitch,0.9654124975204468,2879_6_RF00168_6_NC_000913.3_4233124-4233721_ext_220-420_int_115_off_65_percentage_57_position_1-112 genomicbackground,2879,6,2879_6
query_2880,0,genomicbackground,0,genomicbackground,0.28166142106056213,2880_6_RF00168_6_NC_000913.3_4233124-4233721_ext_220-420_int_115_off_70_percentage_54_position_1-107 genomicbackground,2880,6,2880_6
query_2881,0,genomicbackground,1,riboswitch,0.9857572913169861,2881_6_RF00168_6_NC_000913.3_4233124-4233721_ext_220-420_int_115_off_75_percentage_52_position_1-102 genomicbackground,2881,6,2881_6
query_2882,0,genomicbackground,1,riboswitch,0.7024879455566406,2882_6_RF00168_6_NC_000913.3_4233124-4233721_ext_220-420_int_115_off_80_percentage_49_position_1-97 genomicbackground,2882,6,2882_6
query_2883,0,genomicbackground,1,riboswitch,0.9924730062484741,2883_6_RF00168_6_NC_000913.3_4233124-4233721_ext_220-420_int_115_off_85_percentage_47_position_1-92 genomicbackground,2883,6,2883_6
query_2884,0,genomicbackground,1,riboswitch,0.976883590221405,2884_6_RF00168_6_NC_000913.3_4233124-4233721_ext_220-420_int_120_off_0_percentage_61_position_1-120 genomicbackground,2884,6,2884_6
query_2885,0,genomicbackground,1,riboswitch,0.9972643852233887,2885_6_RF00168_6_NC_000913.3_4233124-4233721_ext_220-420_int_120_off_5_percentage_61_position_1-120 genomicbackground,2885,6,2885_6
query_2886,0,genomicbackground,1,riboswitch,0.9920816421508789,2886_6_RF00168_6_NC_000913.3_4233124-4233721_ext_220-420_int_120_off_10_percentage_61_position_1-120 genomicbackground,2886,6,2886_6
query_2887,0,genomicbackground,1,riboswitch,0.9595353007316589,2887_6_RF00168_6_NC_000913.3_4233124-4233721_ext_220-420_int_120_off_15_percentage_61_position_1-120 genomicbackground,2887,6,2887_6
query_2888,0,genomicbackground,1,riboswitch,0.9523432850837708,2888_6_RF00168_6_NC_000913.3_4233124-4233721_ext_220-420_int_120_off_20_percentage_61_position_1-120 genomicbackground,2888,6,2888_6
query_2889,0,genomicbackground,1,riboswitch,0.9869100451469421,2889_6_RF00168_6_NC_000913.3_4233124-4233721_ext_220-420_int_120_off_25_percentage_61_position_1-120 genomicbackground,2889,6,2889_6
query_2890,0,genomicbackground,1,riboswitch,0.9565838575363159,2890_6_RF00168_6_NC_000913.3_4233124-4233721_ext_220-420_int_120_off_30_percentage_61_position_1-120 genomicbackground,2890,6,2890_6
query_2891,0,genomicbackground,1,riboswitch,0.9665723443031311,2891_6_RF00168_6_NC_000913.3_4233124-4233721_ext_220-420_int_120_off_35_percentage_61_position_1-120 genomicbackground,2891,6,2891_6
query_2892,0,genomicbackground,1,riboswitch,0.9959743618965149,2892_6_RF00168_6_NC_000913.3_4233124-4233721_ext_220-420_int_120_off_40_percentage_61_position_1-120 genomicbackground,2892,6,2892_6
query_2893,0,genomicbackground,1,riboswitch,0.9585612416267395,2893_6_RF00168_6_NC_000913.3_4233124-4233721_ext_220-420_int_120_off_45_percentage_61_position_1-120 genomicbackground,2893,6,2893_6
query_2894,0,genomicbackground,1,riboswitch,0.8387345671653748,2894_6_RF00168_6_NC_000913.3_4233124-4233721_ext_220-420_int_120_off_50_percentage_61_position_1-120 genomicbackground,2894,6,2894_6
query_2895,0,genomicbackground,1,riboswitch,0.9351708889007568,2895_6_RF00168_6_NC_000913.3_4233124-4233721_ext_220-420_int_120_off_55_percentage_61_position_1-120 genomicbackground,2895,6,2895_6
query_2896,0,genomicbackground,1,riboswitch,0.9199637770652771,2896_6_RF00168_6_NC_000913.3_4233124-4233721_ext_220-420_int_120_off_60_percentage_59_position_1-117 genomicbackground,2896,6,2896_6
query_2897,0,genomicbackground,1,riboswitch,0.9589861035346985,2897_6_RF00168_6_NC_000913.3_4233124-4233721_ext_220-420_int_120_off_65_percentage_57_position_1-112 genomicbackground,2897,6,2897_6
query_2898,0,genomicbackground,1,riboswitch,0.9419223666191101,2898_6_RF00168_6_NC_000913.3_4233124-4233721_ext_220-420_int_120_off_70_percentage_54_position_1-107 genomicbackground,2898,6,2898_6
query_2899,0,genomicbackground,1,riboswitch,0.9873097538948059,2899_6_RF00168_6_NC_000913.3_4233124-4233721_ext_220-420_int_120_off_75_percentage_52_position_1-102 genomicbackground,2899,6,2899_6
query_2900,0,genomicbackground,1,riboswitch,0.9074458479881287,2900_6_RF00168_6_NC_000913.3_4233124-4233721_ext_220-420_int_120_off_80_percentage_49_position_1-97 genomicbackground,2900,6,2900_6
query_2901,0,genomicbackground,1,riboswitch,0.9978302121162415,2901_6_RF00168_6_NC_000913.3_4233124-4233721_ext_220-420_int_125_off_0_percentage_63_position_1-125 genomicbackground,2901,6,2901_6
query_2902,0,genomicbackground,1,riboswitch,0.9607530832290649,2902_6_RF00168_6_NC_000913.3_4233124-4233721_ext_220-420_int_125_off_5_percentage_63_position_1-125 genomicbackground,2902,6,2902_6
query_2903,0,genomicbackground,1,riboswitch,0.9925076365470886,2903_6_RF00168_6_NC_000913.3_4233124-4233721_ext_220-420_int_125_off_10_percentage_63_position_1-125 genomicbackground,2903,6,2903_6
query_2904,0,genomicbackground,1,riboswitch,0.9784085750579834,2904_6_RF00168_6_NC_000913.3_4233124-4233721_ext_220-420_int_125_off_15_percentage_63_position_1-125 genomicbackground,2904,6,2904_6
query_2905,0,genomicbackground,1,riboswitch,0.957108736038208,2905_6_RF00168_6_NC_000913.3_4233124-4233721_ext_220-420_int_125_off_20_percentage_63_position_1-125 genomicbackground,2905,6,2905_6
query_2906,0,genomicbackground,1,riboswitch,0.9814172387123108,2906_6_RF00168_6_NC_000913.3_4233124-4233721_ext_220-420_int_125_off_25_percentage_63_position_1-125 genomicbackground,2906,6,2906_6
query_2907,0,genomicbackground,1,riboswitch,0.9879012107849121,2907_6_RF00168_6_NC_000913.3_4233124-4233721_ext_220-420_int_125_off_30_percentage_63_position_1-125 genomicbackground,2907,6,2907_6
query_2908,0,genomicbackground,1,riboswitch,0.9567728042602539,2908_6_RF00168_6_NC_000913.3_4233124-4233721_ext_220-420_int_125_off_35_percentage_63_position_1-125 genomicbackground,2908,6,2908_6
query_2909,0,genomicbackground,1,riboswitch,0.9932779669761658,2909_6_RF00168_6_NC_000913.3_4233124-4233721_ext_220-420_int_125_off_40_percentage_63_position_1-125 genomicbackground,2909,6,2909_6
query_2910,0,genomicbackground,1,riboswitch,0.9098005890846252,2910_6_RF00168_6_NC_000913.3_4233124-4233721_ext_220-420_int_125_off_45_percentage_63_position_1-125 genomicbackground,2910,6,2910_6
query_2911,0,genomicbackground,1,riboswitch,0.8410241007804871,2911_6_RF00168_6_NC_000913.3_4233124-4233721_ext_220-420_int_125_off_50_percentage_63_position_1-125 genomicbackground,2911,6,2911_6
query_2912,0,genomicbackground,1,riboswitch,0.9084725975990295,2912_6_RF00168_6_NC_000913.3_4233124-4233721_ext_220-420_int_125_off_55_percentage_62_position_1-122 genomicbackground,2912,6,2912_6
query_2913,0,genomicbackground,1,riboswitch,0.8914592266082764,2913_6_RF00168_6_NC_000913.3_4233124-4233721_ext_220-420_int_125_off_60_percentage_59_position_1-117 genomicbackground,2913,6,2913_6
query_2914,0,genomicbackground,1,riboswitch,0.9630559086799622,2914_6_RF00168_6_NC_000913.3_4233124-4233721_ext_220-420_int_125_off_65_percentage_57_position_1-112 genomicbackground,2914,6,2914_6
query_2915,0,genomicbackground,1,riboswitch,0.9292031526565552,2915_6_RF00168_6_NC_000913.3_4233124-4233721_ext_220-420_int_125_off_70_percentage_54_position_1-107 genomicbackground,2915,6,2915_6
query_2916,0,genomicbackground,1,riboswitch,0.9913523197174072,2916_6_RF00168_6_NC_000913.3_4233124-4233721_ext_220-420_int_125_off_75_percentage_52_position_1-102 genomicbackground,2916,6,2916_6
query_2917,0,genomicbackground,1,riboswitch,0.9978635907173157,2917_6_RF00168_6_NC_000913.3_4233124-4233721_ext_220-420_int_130_off_0_percentage_66_position_1-130 genomicbackground,2917,6,2917_6
query_2918,0,genomicbackground,1,riboswitch,0.986659049987793,2918_6_RF00168_6_NC_000913.3_4233124-4233721_ext_220-420_int_130_off_5_percentage_66_position_1-130 genomicbackground,2918,6,2918_6
query_2919,0,genomicbackground,1,riboswitch,0.9933740496635437,2919_6_RF00168_6_NC_000913.3_4233124-4233721_ext_220-420_int_130_off_10_percentage_66_position_1-130 genomicbackground,2919,6,2919_6
query_2920,0,genomicbackground,1,riboswitch,0.9800480008125305,2920_6_RF00168_6_NC_000913.3_4233124-4233721_ext_220-420_int_130_off_15_percentage_66_position_1-130 genomicbackground,2920,6,2920_6
query_2921,0,genomicbackground,1,riboswitch,0.6264593005180359,2921_6_RF00168_6_NC_000913.3_4233124-4233721_ext_220-420_int_130_off_20_percentage_66_position_1-130 genomicbackground,2921,6,2921_6
query_2922,0,genomicbackground,1,riboswitch,0.9798310399055481,2922_6_RF00168_6_NC_000913.3_4233124-4233721_ext_220-420_int_130_off_25_percentage_66_position_1-130 genomicbackground,2922,6,2922_6
query_2923,0,genomicbackground,1,riboswitch,0.9866559505462646,2923_6_RF00168_6_NC_000913.3_4233124-4233721_ext_220-420_int_130_off_30_percentage_66_position_1-130 genomicbackground,2923,6,2923_6
query_2924,0,genomicbackground,1,riboswitch,0.9838648438453674,2924_6_RF00168_6_NC_000913.3_4233124-4233721_ext_220-420_int_130_off_35_percentage_66_position_1-130 genomicbackground,2924,6,2924_6
query_2925,0,genomicbackground,1,riboswitch,0.9666443467140198,2925_6_RF00168_6_NC_000913.3_4233124-4233721_ext_220-420_int_130_off_40_percentage_66_position_1-130 genomicbackground,2925,6,2925_6
query_2926,0,genomicbackground,1,riboswitch,0.9440338015556335,2926_6_RF00168_6_NC_000913.3_4233124-4233721_ext_220-420_int_130_off_45_percentage_66_position_1-130 genomicbackground,2926,6,2926_6
query_2927,0,genomicbackground,1,riboswitch,0.9496604204177856,2927_6_RF00168_6_NC_000913.3_4233124-4233721_ext_220-420_int_130_off_50_percentage_64_position_1-127 genomicbackground,2927,6,2927_6
query_2928,0,genomicbackground,1,riboswitch,0.8855562806129456,2928_6_RF00168_6_NC_000913.3_4233124-4233721_ext_220-420_int_130_off_55_percentage_62_position_1-122 genomicbackground,2928,6,2928_6
query_2929,0,genomicbackground,1,riboswitch,0.7949047684669495,2929_6_RF00168_6_NC_000913.3_4233124-4233721_ext_220-420_int_130_off_60_percentage_59_position_1-117 genomicbackground,2929,6,2929_6
query_2930,0,genomicbackground,1,riboswitch,0.9529825448989868,2930_6_RF00168_6_NC_000913.3_4233124-4233721_ext_220-420_int_130_off_65_percentage_57_position_1-112 genomicbackground,2930,6,2930_6
query_2931,0,genomicbackground,1,riboswitch,0.5088937878608704,2931_6_RF00168_6_NC_000913.3_4233124-4233721_ext_220-420_int_130_off_70_percentage_54_position_1-107 genomicbackground,2931,6,2931_6
query_2932,0,genomicbackground,1,riboswitch,0.9978641867637634,2932_6_RF00168_6_NC_000913.3_4233124-4233721_ext_220-420_int_135_off_0_percentage_69_position_1-135 genomicbackground,2932,6,2932_6
query_2933,0,genomicbackground,1,riboswitch,0.983109176158905,2933_6_RF00168_6_NC_000913.3_4233124-4233721_ext_220-420_int_135_off_5_percentage_69_position_1-135 genomicbackground,2933,6,2933_6
query_2934,0,genomicbackground,1,riboswitch,0.9783380627632141,2934_6_RF00168_6_NC_000913.3_4233124-4233721_ext_220-420_int_135_off_10_percentage_69_position_1-135 genomicbackground,2934,6,2934_6
query_2935,0,genomicbackground,1,riboswitch,0.9471784234046936,2935_6_RF00168_6_NC_000913.3_4233124-4233721_ext_220-420_int_135_off_15_percentage_69_position_1-135 genomicbackground,2935,6,2935_6
query_2936,0,genomicbackground,1,riboswitch,0.9350391030311584,2936_6_RF00168_6_NC_000913.3_4233124-4233721_ext_220-420_int_135_off_20_percentage_69_position_1-135 genomicbackground,2936,6,2936_6
query_2937,0,genomicbackground,1,riboswitch,0.9730554819107056,2937_6_RF00168_6_NC_000913.3_4233124-4233721_ext_220-420_int_135_off_25_percentage_69_position_1-135 genomicbackground,2937,6,2937_6
query_2938,0,genomicbackground,1,riboswitch,0.9875390529632568,2938_6_RF00168_6_NC_000913.3_4233124-4233721_ext_220-420_int_135_off_30_percentage_69_position_1-135 genomicbackground,2938,6,2938_6
query_2939,0,genomicbackground,1,riboswitch,0.9646069407463074,2939_6_RF00168_6_NC_000913.3_4233124-4233721_ext_220-420_int_135_off_35_percentage_69_position_1-135 genomicbackground,2939,6,2939_6
query_2940,0,genomicbackground,1,riboswitch,0.9873047471046448,2940_6_RF00168_6_NC_000913.3_4233124-4233721_ext_220-420_int_135_off_40_percentage_69_position_1-135 genomicbackground,2940,6,2940_6
query_2941,0,genomicbackground,1,riboswitch,0.9522274732589722,2941_6_RF00168_6_NC_000913.3_4233124-4233721_ext_220-420_int_135_off_45_percentage_67_position_1-132 genomicbackground,2941,6,2941_6
query_2942,0,genomicbackground,1,riboswitch,0.9332007765769958,2942_6_RF00168_6_NC_000913.3_4233124-4233721_ext_220-420_int_135_off_50_percentage_64_position_1-127 genomicbackground,2942,6,2942_6
query_2943,0,genomicbackground,1,riboswitch,0.8955989480018616,2943_6_RF00168_6_NC_000913.3_4233124-4233721_ext_220-420_int_135_off_55_percentage_62_position_1-122 genomicbackground,2943,6,2943_6
query_2944,0,genomicbackground,1,riboswitch,0.8397091627120972,2944_6_RF00168_6_NC_000913.3_4233124-4233721_ext_220-420_int_135_off_60_percentage_59_position_1-117 genomicbackground,2944,6,2944_6
query_2945,0,genomicbackground,1,riboswitch,0.9596700072288513,2945_6_RF00168_6_NC_000913.3_4233124-4233721_ext_220-420_int_135_off_65_percentage_57_position_1-112 genomicbackground,2945,6,2945_6
query_2946,0,genomicbackground,1,riboswitch,0.9975267052650452,2946_6_RF00168_6_NC_000913.3_4233124-4233721_ext_220-420_int_140_off_0_percentage_71_position_1-140 genomicbackground,2946,6,2946_6
query_2947,0,genomicbackground,1,riboswitch,0.9897527694702148,2947_6_RF00168_6_NC_000913.3_4233124-4233721_ext_220-420_int_140_off_5_percentage_71_position_1-140 genomicbackground,2947,6,2947_6
query_2948,0,genomicbackground,1,riboswitch,0.9859597682952881,2948_6_RF00168_6_NC_000913.3_4233124-4233721_ext_220-420_int_140_off_10_percentage_71_position_1-140 genomicbackground,2948,6,2948_6
query_2949,0,genomicbackground,1,riboswitch,0.9699000120162964,2949_6_RF00168_6_NC_000913.3_4233124-4233721_ext_220-420_int_140_off_15_percentage_71_position_1-140 genomicbackground,2949,6,2949_6
query_2950,0,genomicbackground,1,riboswitch,0.9195334911346436,2950_6_RF00168_6_NC_000913.3_4233124-4233721_ext_220-420_int_140_off_20_percentage_71_position_1-140 genomicbackground,2950,6,2950_6
query_2951,0,genomicbackground,0,genomicbackground,0.1796034723520279,2951_6_RF00168_6_NC_000913.3_4233124-4233721_ext_220-420_int_140_off_25_percentage_71_position_1-140 genomicbackground,2951,6,2951_6
query_2952,0,genomicbackground,1,riboswitch,0.9797460436820984,2952_6_RF00168_6_NC_000913.3_4233124-4233721_ext_220-420_int_140_off_30_percentage_71_position_1-140 genomicbackground,2952,6,2952_6
query_2953,0,genomicbackground,1,riboswitch,0.9812707901000977,2953_6_RF00168_6_NC_000913.3_4233124-4233721_ext_220-420_int_140_off_35_percentage_71_position_1-140 genomicbackground,2953,6,2953_6
query_2954,0,genomicbackground,1,riboswitch,0.9878091812133789,2954_6_RF00168_6_NC_000913.3_4233124-4233721_ext_220-420_int_140_off_40_percentage_70_position_1-137 genomicbackground,2954,6,2954_6
query_2955,0,genomicbackground,1,riboswitch,0.9410754442214966,2955_6_RF00168_6_NC_000913.3_4233124-4233721_ext_220-420_int_140_off_45_percentage_67_position_1-132 genomicbackground,2955,6,2955_6
query_2956,0,genomicbackground,1,riboswitch,0.9151840209960938,2956_6_RF00168_6_NC_000913.3_4233124-4233721_ext_220-420_int_140_off_50_percentage_64_position_1-127 genomicbackground,2956,6,2956_6
query_2957,0,genomicbackground,1,riboswitch,0.802629292011261,2957_6_RF00168_6_NC_000913.3_4233124-4233721_ext_220-420_int_140_off_55_percentage_62_position_1-122 genomicbackground,2957,6,2957_6
query_2958,0,genomicbackground,1,riboswitch,0.9115667939186096,2958_6_RF00168_6_NC_000913.3_4233124-4233721_ext_220-420_int_140_off_60_percentage_59_position_1-117 genomicbackground,2958,6,2958_6
query_2959,0,genomicbackground,1,riboswitch,0.9978805780410767,2959_6_RF00168_6_NC_000913.3_4233124-4233721_ext_220-420_int_145_off_0_percentage_74_position_1-145 genomicbackground,2959,6,2959_6
query_2960,0,genomicbackground,1,riboswitch,0.9508645534515381,2960_6_RF00168_6_NC_000913.3_4233124-4233721_ext_220-420_int_145_off_5_percentage_74_position_1-145 genomicbackground,2960,6,2960_6
query_2961,0,genomicbackground,1,riboswitch,0.9887121915817261,2961_6_RF00168_6_NC_000913.3_4233124-4233721_ext_220-420_int_145_off_10_percentage_74_position_1-145 genomicbackground,2961,6,2961_6
query_2962,0,genomicbackground,1,riboswitch,0.9649403691291809,2962_6_RF00168_6_NC_000913.3_4233124-4233721_ext_220-420_int_145_off_15_percentage_74_position_1-145 genomicbackground,2962,6,2962_6
query_2963,0,genomicbackground,1,riboswitch,0.8902223706245422,2963_6_RF00168_6_NC_000913.3_4233124-4233721_ext_220-420_int_145_off_20_percentage_74_position_1-145 genomicbackground,2963,6,2963_6
query_2964,0,genomicbackground,1,riboswitch,0.971177875995636,2964_6_RF00168_6_NC_000913.3_4233124-4233721_ext_220-420_int_145_off_25_percentage_74_position_1-145 genomicbackground,2964,6,2964_6
query_2965,0,genomicbackground,1,riboswitch,0.9899114966392517,2965_6_RF00168_6_NC_000913.3_4233124-4233721_ext_220-420_int_145_off_30_percentage_74_position_1-145 genomicbackground,2965,6,2965_6
query_2966,0,genomicbackground,1,riboswitch,0.9811919927597046,2966_6_RF00168_6_NC_000913.3_4233124-4233721_ext_220-420_int_145_off_35_percentage_72_position_1-142 genomicbackground,2966,6,2966_6
query_2967,0,genomicbackground,1,riboswitch,0.9862170219421387,2967_6_RF00168_6_NC_000913.3_4233124-4233721_ext_220-420_int_145_off_40_percentage_70_position_1-137 genomicbackground,2967,6,2967_6
query_2968,0,genomicbackground,1,riboswitch,0.954470157623291,2968_6_RF00168_6_NC_000913.3_4233124-4233721_ext_220-420_int_145_off_45_percentage_67_position_1-132 genomicbackground,2968,6,2968_6
query_2969,0,genomicbackground,1,riboswitch,0.9305655360221863,2969_6_RF00168_6_NC_000913.3_4233124-4233721_ext_220-420_int_145_off_50_percentage_64_position_1-127 genomicbackground,2969,6,2969_6
query_2970,0,genomicbackground,1,riboswitch,0.8354684710502625,2970_6_RF00168_6_NC_000913.3_4233124-4233721_ext_220-420_int_145_off_55_percentage_62_position_1-122 genomicbackground,2970,6,2970_6
query_2971,1,riboswitch,1,riboswitch,0.9975458979606628,2971_6_RF00168_6_NC_000913.3_4233124-4233721_ext_220-420_int_150_off_0_percentage_76_position_1-150 riboswitch,2971,6,2971_6
query_2972,1,riboswitch,1,riboswitch,0.9528828859329224,2972_6_RF00168_6_NC_000913.3_4233124-4233721_ext_220-420_int_150_off_5_percentage_76_position_1-150 riboswitch,2972,6,2972_6
query_2973,1,riboswitch,1,riboswitch,0.9922888875007629,2973_6_RF00168_6_NC_000913.3_4233124-4233721_ext_220-420_int_150_off_10_percentage_76_position_1-150 riboswitch,2973,6,2973_6
query_2974,1,riboswitch,1,riboswitch,0.9836323857307434,2974_6_RF00168_6_NC_000913.3_4233124-4233721_ext_220-420_int_150_off_15_percentage_76_position_1-150 riboswitch,2974,6,2974_6
query_2975,1,riboswitch,1,riboswitch,0.9076964855194092,2975_6_RF00168_6_NC_000913.3_4233124-4233721_ext_220-420_int_150_off_20_percentage_76_position_1-150 riboswitch,2975,6,2975_6
query_2976,1,riboswitch,1,riboswitch,0.9921120405197144,2976_6_RF00168_6_NC_000913.3_4233124-4233721_ext_220-420_int_150_off_25_percentage_76_position_1-150 riboswitch,2976,6,2976_6
query_2977,0,genomicbackground,1,riboswitch,0.9894559979438782,2977_6_RF00168_6_NC_000913.3_4233124-4233721_ext_220-420_int_150_off_30_percentage_75_position_1-147 genomicbackground,2977,6,2977_6
query_2978,0,genomicbackground,1,riboswitch,0.9765300750732422,2978_6_RF00168_6_NC_000913.3_4233124-4233721_ext_220-420_int_150_off_35_percentage_72_position_1-142 genomicbackground,2978,6,2978_6
query_2979,0,genomicbackground,1,riboswitch,0.9890183210372925,2979_6_RF00168_6_NC_000913.3_4233124-4233721_ext_220-420_int_150_off_40_percentage_70_position_1-137 genomicbackground,2979,6,2979_6
query_2980,0,genomicbackground,1,riboswitch,0.9580299854278564,2980_6_RF00168_6_NC_000913.3_4233124-4233721_ext_220-420_int_150_off_45_percentage_67_position_1-132 genomicbackground,2980,6,2980_6
query_2981,0,genomicbackground,1,riboswitch,0.9418973922729492,2981_6_RF00168_6_NC_000913.3_4233124-4233721_ext_220-420_int_150_off_50_percentage_64_position_1-127 genomicbackground,2981,6,2981_6
query_2982,1,riboswitch,1,riboswitch,0.9958608746528625,2982_6_RF00168_6_NC_000913.3_4233124-4233721_ext_220-420_int_155_off_0_percentage_79_position_1-155 riboswitch,2982,6,2982_6
query_2983,1,riboswitch,1,riboswitch,0.996121346950531,2983_6_RF00168_6_NC_000913.3_4233124-4233721_ext_220-420_int_155_off_5_percentage_79_position_1-155 riboswitch,2983,6,2983_6
query_2984,1,riboswitch,1,riboswitch,0.9950069189071655,2984_6_RF00168_6_NC_000913.3_4233124-4233721_ext_220-420_int_155_off_10_percentage_79_position_1-155 riboswitch,2984,6,2984_6
query_2985,1,riboswitch,1,riboswitch,0.9855687022209167,2985_6_RF00168_6_NC_000913.3_4233124-4233721_ext_220-420_int_155_off_15_percentage_79_position_1-155 riboswitch,2985,6,2985_6
query_2986,1,riboswitch,1,riboswitch,0.6530908346176147,2986_6_RF00168_6_NC_000913.3_4233124-4233721_ext_220-420_int_155_off_20_percentage_79_position_1-155 riboswitch,2986,6,2986_6
query_2987,1,riboswitch,1,riboswitch,0.9917052984237671,2987_6_RF00168_6_NC_000913.3_4233124-4233721_ext_220-420_int_155_off_25_percentage_77_position_1-152 riboswitch,2987,6,2987_6
query_2988,0,genomicbackground,1,riboswitch,0.9818791747093201,2988_6_RF00168_6_NC_000913.3_4233124-4233721_ext_220-420_int_155_off_30_percentage_75_position_1-147 genomicbackground,2988,6,2988_6
query_2989,0,genomicbackground,1,riboswitch,0.9821773767471313,2989_6_RF00168_6_NC_000913.3_4233124-4233721_ext_220-420_int_155_off_35_percentage_72_position_1-142 genomicbackground,2989,6,2989_6
query_2990,0,genomicbackground,1,riboswitch,0.9889877438545227,2990_6_RF00168_6_NC_000913.3_4233124-4233721_ext_220-420_int_155_off_40_percentage_70_position_1-137 genomicbackground,2990,6,2990_6
query_2991,0,genomicbackground,1,riboswitch,0.9528535008430481,2991_6_RF00168_6_NC_000913.3_4233124-4233721_ext_220-420_int_155_off_45_percentage_67_position_1-132 genomicbackground,2991,6,2991_6
query_2992,1,riboswitch,1,riboswitch,0.9954225420951843,2992_6_RF00168_6_NC_000913.3_4233124-4233721_ext_220-420_int_160_off_0_percentage_81_position_1-160 riboswitch,2992,6,2992_6
query_2993,1,riboswitch,1,riboswitch,0.9969648718833923,2993_6_RF00168_6_NC_000913.3_4233124-4233721_ext_220-420_int_160_off_5_percentage_81_position_1-160 riboswitch,2993,6,2993_6
query_2994,1,riboswitch,1,riboswitch,0.9980081915855408,2994_6_RF00168_6_NC_000913.3_4233124-4233721_ext_220-420_int_160_off_10_percentage_81_position_1-160 riboswitch,2994,6,2994_6
query_2995,1,riboswitch,1,riboswitch,0.9839560389518738,2995_6_RF00168_6_NC_000913.3_4233124-4233721_ext_220-420_int_160_off_15_percentage_81_position_1-160 riboswitch,2995,6,2995_6
query_2996,1,riboswitch,1,riboswitch,0.9687948822975159,2996_6_RF00168_6_NC_000913.3_4233124-4233721_ext_220-420_int_160_off_20_percentage_80_position_1-157 riboswitch,2996,6,2996_6
query_2997,1,riboswitch,1,riboswitch,0.9932356476783752,2997_6_RF00168_6_NC_000913.3_4233124-4233721_ext_220-420_int_160_off_25_percentage_77_position_1-152 riboswitch,2997,6,2997_6
query_2998,0,genomicbackground,1,riboswitch,0.9852638244628906,2998_6_RF00168_6_NC_000913.3_4233124-4233721_ext_220-420_int_160_off_30_percentage_75_position_1-147 genomicbackground,2998,6,2998_6
query_2999,0,genomicbackground,1,riboswitch,0.9823182821273804,2999_6_RF00168_6_NC_000913.3_4233124-4233721_ext_220-420_int_160_off_35_percentage_72_position_1-142 genomicbackground,2999,6,2999_6
query_3000,0,genomicbackground,1,riboswitch,0.9862637519836426,3000_6_RF00168_6_NC_000913.3_4233124-4233721_ext_220-420_int_160_off_40_percentage_70_position_1-137 genomicbackground,3000,6,3000_6
query_3001,1,riboswitch,1,riboswitch,0.9842119812965393,3001_6_RF00168_6_NC_000913.3_4233124-4233721_ext_220-420_int_165_off_0_percentage_84_position_1-165 riboswitch,3001,6,3001_6
query_3002,1,riboswitch,1,riboswitch,0.9937832355499268,3002_6_RF00168_6_NC_000913.3_4233124-4233721_ext_220-420_int_165_off_5_percentage_84_position_1-165 riboswitch,3002,6,3002_6
query_3003,1,riboswitch,1,riboswitch,0.9926458597183228,3003_6_RF00168_6_NC_000913.3_4233124-4233721_ext_220-420_int_165_off_10_percentage_84_position_1-165 riboswitch,3003,6,3003_6
query_3004,1,riboswitch,1,riboswitch,0.9841728210449219,3004_6_RF00168_6_NC_000913.3_4233124-4233721_ext_220-420_int_165_off_15_percentage_82_position_1-162 riboswitch,3004,6,3004_6
query_3005,1,riboswitch,1,riboswitch,0.9603980183601379,3005_6_RF00168_6_NC_000913.3_4233124-4233721_ext_220-420_int_165_off_20_percentage_80_position_1-157 riboswitch,3005,6,3005_6
query_3006,1,riboswitch,1,riboswitch,0.9937106370925903,3006_6_RF00168_6_NC_000913.3_4233124-4233721_ext_220-420_int_165_off_25_percentage_77_position_1-152 riboswitch,3006,6,3006_6
query_3007,0,genomicbackground,1,riboswitch,0.9851869940757751,3007_6_RF00168_6_NC_000913.3_4233124-4233721_ext_220-420_int_165_off_30_percentage_75_position_1-147 genomicbackground,3007,6,3007_6
query_3008,0,genomicbackground,1,riboswitch,0.9812590479850769,3008_6_RF00168_6_NC_000913.3_4233124-4233721_ext_220-420_int_165_off_35_percentage_72_position_1-142 genomicbackground,3008,6,3008_6
query_3009,1,riboswitch,1,riboswitch,0.9976166486740112,3009_6_RF00168_6_NC_000913.3_4233124-4233721_ext_220-420_int_170_off_0_percentage_86_position_1-170 riboswitch,3009,6,3009_6
query_3010,1,riboswitch,1,riboswitch,0.9920539855957031,3010_6_RF00168_6_NC_000913.3_4233124-4233721_ext_220-420_int_170_off_5_percentage_86_position_1-170 riboswitch,3010,6,3010_6
query_3011,1,riboswitch,1,riboswitch,0.9925724864006042,3011_6_RF00168_6_NC_000913.3_4233124-4233721_ext_220-420_int_170_off_10_percentage_85_position_1-167 riboswitch,3011,6,3011_6
query_3012,1,riboswitch,1,riboswitch,0.9826400876045227,3012_6_RF00168_6_NC_000913.3_4233124-4233721_ext_220-420_int_170_off_15_percentage_82_position_1-162 riboswitch,3012,6,3012_6
query_3013,1,riboswitch,1,riboswitch,0.9682427048683167,3013_6_RF00168_6_NC_000913.3_4233124-4233721_ext_220-420_int_170_off_20_percentage_80_position_1-157 riboswitch,3013,6,3013_6
query_3014,1,riboswitch,1,riboswitch,0.993524432182312,3014_6_RF00168_6_NC_000913.3_4233124-4233721_ext_220-420_int_170_off_25_percentage_77_position_1-152 riboswitch,3014,6,3014_6
query_3015,0,genomicbackground,1,riboswitch,0.9843246936798096,3015_6_RF00168_6_NC_000913.3_4233124-4233721_ext_220-420_int_170_off_30_percentage_75_position_1-147 genomicbackground,3015,6,3015_6
query_3016,1,riboswitch,1,riboswitch,0.9980249404907227,3016_6_RF00168_6_NC_000913.3_4233124-4233721_ext_220-420_int_175_off_0_percentage_89_position_1-175 riboswitch,3016,6,3016_6
query_3017,1,riboswitch,1,riboswitch,0.9919607043266296,3017_6_RF00168_6_NC_000913.3_4233124-4233721_ext_220-420_int_175_off_5_percentage_87_position_1-172 riboswitch,3017,6,3017_6
query_3018,1,riboswitch,1,riboswitch,0.9918792843818665,3018_6_RF00168_6_NC_000913.3_4233124-4233721_ext_220-420_int_175_off_10_percentage_85_position_1-167 riboswitch,3018,6,3018_6
query_3019,1,riboswitch,1,riboswitch,0.9854286313056946,3019_6_RF00168_6_NC_000913.3_4233124-4233721_ext_220-420_int_175_off_15_percentage_82_position_1-162 riboswitch,3019,6,3019_6
query_3020,1,riboswitch,1,riboswitch,0.968245267868042,3020_6_RF00168_6_NC_000913.3_4233124-4233721_ext_220-420_int_175_off_20_percentage_80_position_1-157 riboswitch,3020,6,3020_6
query_3021,1,riboswitch,1,riboswitch,0.993389368057251,3021_6_RF00168_6_NC_000913.3_4233124-4233721_ext_220-420_int_175_off_25_percentage_77_position_1-152 riboswitch,3021,6,3021_6
query_3022,1,riboswitch,1,riboswitch,0.998547375202179,3022_6_RF00168_6_NC_000913.3_4233124-4233721_ext_220-420_int_180_off_0_percentage_90_position_1-177 riboswitch,3022,6,3022_6
query_3023,1,riboswitch,1,riboswitch,0.9910553693771362,3023_6_RF00168_6_NC_000913.3_4233124-4233721_ext_220-420_int_180_off_5_percentage_87_position_1-172 riboswitch,3023,6,3023_6
query_3024,1,riboswitch,1,riboswitch,0.9928939938545227,3024_6_RF00168_6_NC_000913.3_4233124-4233721_ext_220-420_int_180_off_10_percentage_85_position_1-167 riboswitch,3024,6,3024_6
query_3025,1,riboswitch,1,riboswitch,0.9858536720275879,3025_6_RF00168_6_NC_000913.3_4233124-4233721_ext_220-420_int_180_off_15_percentage_82_position_1-162 riboswitch,3025,6,3025_6
query_3026,1,riboswitch,1,riboswitch,0.9675366878509521,3026_6_RF00168_6_NC_000913.3_4233124-4233721_ext_220-420_int_180_off_20_percentage_80_position_1-157 riboswitch,3026,6,3026_6
query_3027,1,riboswitch,1,riboswitch,0.998299777507782,3027_6_RF00168_6_NC_000913.3_4233124-4233721_ext_220-420_int_185_off_0_percentage_90_position_1-177 riboswitch,3027,6,3027_6
query_3028,1,riboswitch,1,riboswitch,0.9922572374343872,3028_6_RF00168_6_NC_000913.3_4233124-4233721_ext_220-420_int_185_off_5_percentage_87_position_1-172 riboswitch,3028,6,3028_6
query_3029,1,riboswitch,1,riboswitch,0.9929659366607666,3029_6_RF00168_6_NC_000913.3_4233124-4233721_ext_220-420_int_185_off_10_percentage_85_position_1-167 riboswitch,3029,6,3029_6
query_3030,1,riboswitch,1,riboswitch,0.9849607348442078,3030_6_RF00168_6_NC_000913.3_4233124-4233721_ext_220-420_int_185_off_15_percentage_82_position_1-162 riboswitch,3030,6,3030_6
query_3031,1,riboswitch,1,riboswitch,0.9986396431922913,3031_6_RF00168_6_NC_000913.3_4233124-4233721_ext_220-420_int_190_off_0_percentage_90_position_1-177 riboswitch,3031,6,3031_6
query_3032,1,riboswitch,1,riboswitch,0.9923487901687622,3032_6_RF00168_6_NC_000913.3_4233124-4233721_ext_220-420_int_190_off_5_percentage_87_position_1-172 riboswitch,3032,6,3032_6
query_3033,1,riboswitch,1,riboswitch,0.9928897619247437,3033_6_RF00168_6_NC_000913.3_4233124-4233721_ext_220-420_int_190_off_10_percentage_85_position_1-167 riboswitch,3033,6,3033_6
query_3034,1,riboswitch,1,riboswitch,0.9986880421638489,3034_6_RF00168_6_NC_000913.3_4233124-4233721_ext_220-420_int_195_off_0_percentage_90_position_1-177 riboswitch,3034,6,3034_6
query_3035,1,riboswitch,1,riboswitch,0.9922360777854919,3035_6_RF00168_6_NC_000913.3_4233124-4233721_ext_220-420_int_195_off_5_percentage_87_position_1-172 riboswitch,3035,6,3035_6
query_3036,1,riboswitch,1,riboswitch,0.9985886216163635,3036_6_RF00168_6_NC_000913.3_4233124-4233721_ext_220-420_int_200_off_0_percentage_90_position_1-177 riboswitch,3036,6,3036_6
query_3037,0,genomicbackground,0,genomicbackground,0.41477009654045105,3037_6_RF00168_6_NC_000913.3_4233124-4233721_ext_240-440_int_95_off_0_percentage_48_position_1-95 genomicbackground,3037,6,3037_6
query_3038,0,genomicbackground,1,riboswitch,0.9816890954971313,3038_6_RF00168_6_NC_000913.3_4233124-4233721_ext_240-440_int_95_off_5_percentage_48_position_1-95 genomicbackground,3038,6,3038_6
query_3039,0,genomicbackground,1,riboswitch,0.9902179837226868,3039_6_RF00168_6_NC_000913.3_4233124-4233721_ext_240-440_int_95_off_10_percentage_48_position_1-95 genomicbackground,3039,6,3039_6
query_3040,0,genomicbackground,1,riboswitch,0.9777243733406067,3040_6_RF00168_6_NC_000913.3_4233124-4233721_ext_240-440_int_95_off_15_percentage_48_position_1-95 genomicbackground,3040,6,3040_6
query_3041,0,genomicbackground,1,riboswitch,0.9974225759506226,3041_6_RF00168_6_NC_000913.3_4233124-4233721_ext_240-440_int_95_off_20_percentage_48_position_1-95 genomicbackground,3041,6,3041_6
query_3042,0,genomicbackground,1,riboswitch,0.8821771740913391,3042_6_RF00168_6_NC_000913.3_4233124-4233721_ext_240-440_int_95_off_25_percentage_48_position_1-95 genomicbackground,3042,6,3042_6
query_3043,0,genomicbackground,1,riboswitch,0.740507960319519,3043_6_RF00168_6_NC_000913.3_4233124-4233721_ext_240-440_int_95_off_30_percentage_48_position_1-95 genomicbackground,3043,6,3043_6
query_3044,0,genomicbackground,1,riboswitch,0.8755189776420593,3044_6_RF00168_6_NC_000913.3_4233124-4233721_ext_240-440_int_95_off_35_percentage_48_position_1-95 genomicbackground,3044,6,3044_6
query_3045,0,genomicbackground,1,riboswitch,0.9036927819252014,3045_6_RF00168_6_NC_000913.3_4233124-4233721_ext_240-440_int_95_off_40_percentage_48_position_1-95 genomicbackground,3045,6,3045_6
query_3046,0,genomicbackground,1,riboswitch,0.7648373246192932,3046_6_RF00168_6_NC_000913.3_4233124-4233721_ext_240-440_int_95_off_45_percentage_48_position_1-95 genomicbackground,3046,6,3046_6
query_3047,0,genomicbackground,1,riboswitch,0.8834311366081238,3047_6_RF00168_6_NC_000913.3_4233124-4233721_ext_240-440_int_95_off_50_percentage_48_position_1-95 genomicbackground,3047,6,3047_6
query_3048,0,genomicbackground,1,riboswitch,0.9797159433364868,3048_6_RF00168_6_NC_000913.3_4233124-4233721_ext_240-440_int_95_off_55_percentage_48_position_1-95 genomicbackground,3048,6,3048_6
query_3049,0,genomicbackground,1,riboswitch,0.9898444414138794,3049_6_RF00168_6_NC_000913.3_4233124-4233721_ext_240-440_int_95_off_60_percentage_48_position_1-95 genomicbackground,3049,6,3049_6
query_3050,0,genomicbackground,1,riboswitch,0.9926491379737854,3050_6_RF00168_6_NC_000913.3_4233124-4233721_ext_240-440_int_95_off_65_percentage_47_position_1-92 genomicbackground,3050,6,3050_6
query_3051,0,genomicbackground,1,riboswitch,0.9930554032325745,3051_6_RF00168_6_NC_000913.3_4233124-4233721_ext_240-440_int_95_off_70_percentage_44_position_1-87 genomicbackground,3051,6,3051_6
query_3052,0,genomicbackground,1,riboswitch,0.9930435419082642,3052_6_RF00168_6_NC_000913.3_4233124-4233721_ext_240-440_int_95_off_75_percentage_42_position_1-82 genomicbackground,3052,6,3052_6
query_3053,0,genomicbackground,1,riboswitch,0.9882984161376953,3053_6_RF00168_6_NC_000913.3_4233124-4233721_ext_240-440_int_95_off_80_percentage_39_position_1-77 genomicbackground,3053,6,3053_6
query_3054,0,genomicbackground,1,riboswitch,0.9116939306259155,3054_6_RF00168_6_NC_000913.3_4233124-4233721_ext_240-440_int_95_off_85_percentage_37_position_1-72 genomicbackground,3054,6,3054_6
query_3055,0,genomicbackground,1,riboswitch,0.9824157357215881,3055_6_RF00168_6_NC_000913.3_4233124-4233721_ext_240-440_int_95_off_90_percentage_34_position_1-67 genomicbackground,3055,6,3055_6
query_3056,0,genomicbackground,1,riboswitch,0.6939497590065002,3056_6_RF00168_6_NC_000913.3_4233124-4233721_ext_240-440_int_95_off_95_percentage_31_position_1-62 genomicbackground,3056,6,3056_6
query_3057,0,genomicbackground,1,riboswitch,0.6620711088180542,3057_6_RF00168_6_NC_000913.3_4233124-4233721_ext_240-440_int_95_off_100_percentage_29_position_1-57 genomicbackground,3057,6,3057_6
query_3058,0,genomicbackground,0,genomicbackground,0.14250491559505463,3058_6_RF00168_6_NC_000913.3_4233124-4233721_ext_240-440_int_95_off_105_percentage_26_position_1-52 genomicbackground,3058,6,3058_6
query_3059,0,genomicbackground,1,riboswitch,0.5783088207244873,3059_6_RF00168_6_NC_000913.3_4233124-4233721_ext_240-440_int_100_off_0_percentage_51_position_1-100 genomicbackground,3059,6,3059_6
query_3060,0,genomicbackground,1,riboswitch,0.9860814809799194,3060_6_RF00168_6_NC_000913.3_4233124-4233721_ext_240-440_int_100_off_5_percentage_51_position_1-100 genomicbackground,3060,6,3060_6
query_3061,0,genomicbackground,1,riboswitch,0.9553518295288086,3061_6_RF00168_6_NC_000913.3_4233124-4233721_ext_240-440_int_100_off_10_percentage_51_position_1-100 genomicbackground,3061,6,3061_6
query_3062,0,genomicbackground,1,riboswitch,0.9721149206161499,3062_6_RF00168_6_NC_000913.3_4233124-4233721_ext_240-440_int_100_off_15_percentage_51_position_1-100 genomicbackground,3062,6,3062_6
query_3063,0,genomicbackground,1,riboswitch,0.997488260269165,3063_6_RF00168_6_NC_000913.3_4233124-4233721_ext_240-440_int_100_off_20_percentage_51_position_1-100 genomicbackground,3063,6,3063_6
query_3064,0,genomicbackground,1,riboswitch,0.9420056343078613,3064_6_RF00168_6_NC_000913.3_4233124-4233721_ext_240-440_int_100_off_25_percentage_51_position_1-100 genomicbackground,3064,6,3064_6
query_3065,0,genomicbackground,1,riboswitch,0.6873343586921692,3065_6_RF00168_6_NC_000913.3_4233124-4233721_ext_240-440_int_100_off_30_percentage_51_position_1-100 genomicbackground,3065,6,3065_6
query_3066,0,genomicbackground,1,riboswitch,0.9050999879837036,3066_6_RF00168_6_NC_000913.3_4233124-4233721_ext_240-440_int_100_off_35_percentage_51_position_1-100 genomicbackground,3066,6,3066_6
query_3067,0,genomicbackground,1,riboswitch,0.7144153714179993,3067_6_RF00168_6_NC_000913.3_4233124-4233721_ext_240-440_int_100_off_40_percentage_51_position_1-100 genomicbackground,3067,6,3067_6
query_3068,0,genomicbackground,1,riboswitch,0.7352505922317505,3068_6_RF00168_6_NC_000913.3_4233124-4233721_ext_240-440_int_100_off_45_percentage_51_position_1-100 genomicbackground,3068,6,3068_6
query_3069,0,genomicbackground,1,riboswitch,0.642125129699707,3069_6_RF00168_6_NC_000913.3_4233124-4233721_ext_240-440_int_100_off_50_percentage_51_position_1-100 genomicbackground,3069,6,3069_6
query_3070,0,genomicbackground,1,riboswitch,0.9597490429878235,3070_6_RF00168_6_NC_000913.3_4233124-4233721_ext_240-440_int_100_off_55_percentage_51_position_1-100 genomicbackground,3070,6,3070_6
query_3071,0,genomicbackground,1,riboswitch,0.8251569867134094,3071_6_RF00168_6_NC_000913.3_4233124-4233721_ext_240-440_int_100_off_60_percentage_49_position_1-97 genomicbackground,3071,6,3071_6
query_3072,0,genomicbackground,1,riboswitch,0.9917174577713013,3072_6_RF00168_6_NC_000913.3_4233124-4233721_ext_240-440_int_100_off_65_percentage_47_position_1-92 genomicbackground,3072,6,3072_6
query_3073,0,genomicbackground,1,riboswitch,0.9932159781455994,3073_6_RF00168_6_NC_000913.3_4233124-4233721_ext_240-440_int_100_off_70_percentage_44_position_1-87 genomicbackground,3073,6,3073_6
query_3074,0,genomicbackground,1,riboswitch,0.9931544065475464,3074_6_RF00168_6_NC_000913.3_4233124-4233721_ext_240-440_int_100_off_75_percentage_42_position_1-82 genomicbackground,3074,6,3074_6
query_3075,0,genomicbackground,1,riboswitch,0.9809542894363403,3075_6_RF00168_6_NC_000913.3_4233124-4233721_ext_240-440_int_100_off_80_percentage_39_position_1-77 genomicbackground,3075,6,3075_6
query_3076,0,genomicbackground,1,riboswitch,0.907453179359436,3076_6_RF00168_6_NC_000913.3_4233124-4233721_ext_240-440_int_100_off_85_percentage_37_position_1-72 genomicbackground,3076,6,3076_6
query_3077,0,genomicbackground,1,riboswitch,0.9126187562942505,3077_6_RF00168_6_NC_000913.3_4233124-4233721_ext_240-440_int_100_off_90_percentage_34_position_1-67 genomicbackground,3077,6,3077_6
query_3078,0,genomicbackground,0,genomicbackground,0.17622248828411102,3078_6_RF00168_6_NC_000913.3_4233124-4233721_ext_240-440_int_100_off_95_percentage_31_position_1-62 genomicbackground,3078,6,3078_6
query_3079,0,genomicbackground,0,genomicbackground,0.20444200932979584,3079_6_RF00168_6_NC_000913.3_4233124-4233721_ext_240-440_int_100_off_100_percentage_29_position_1-57 genomicbackground,3079,6,3079_6
query_3080,0,genomicbackground,1,riboswitch,0.9413776993751526,3080_6_RF00168_6_NC_000913.3_4233124-4233721_ext_240-440_int_105_off_0_percentage_53_position_1-105 genomicbackground,3080,6,3080_6
query_3081,0,genomicbackground,1,riboswitch,0.9858444929122925,3081_6_RF00168_6_NC_000913.3_4233124-4233721_ext_240-440_int_105_off_5_percentage_53_position_1-105 genomicbackground,3081,6,3081_6
query_3082,0,genomicbackground,1,riboswitch,0.9521241784095764,3082_6_RF00168_6_NC_000913.3_4233124-4233721_ext_240-440_int_105_off_10_percentage_53_position_1-105 genomicbackground,3082,6,3082_6
query_3083,0,genomicbackground,1,riboswitch,0.9724031686782837,3083_6_RF00168_6_NC_000913.3_4233124-4233721_ext_240-440_int_105_off_15_percentage_53_position_1-105 genomicbackground,3083,6,3083_6
query_3084,0,genomicbackground,1,riboswitch,0.910601019859314,3084_6_RF00168_6_NC_000913.3_4233124-4233721_ext_240-440_int_105_off_20_percentage_53_position_1-105 genomicbackground,3084,6,3084_6
query_3085,0,genomicbackground,1,riboswitch,0.8650622963905334,3085_6_RF00168_6_NC_000913.3_4233124-4233721_ext_240-440_int_105_off_25_percentage_53_position_1-105 genomicbackground,3085,6,3085_6
query_3086,0,genomicbackground,1,riboswitch,0.7416006922721863,3086_6_RF00168_6_NC_000913.3_4233124-4233721_ext_240-440_int_105_off_30_percentage_53_position_1-105 genomicbackground,3086,6,3086_6
query_3087,0,genomicbackground,1,riboswitch,0.7837045788764954,3087_6_RF00168_6_NC_000913.3_4233124-4233721_ext_240-440_int_105_off_35_percentage_53_position_1-105 genomicbackground,3087,6,3087_6
query_3088,0,genomicbackground,1,riboswitch,0.7715003490447998,3088_6_RF00168_6_NC_000913.3_4233124-4233721_ext_240-440_int_105_off_40_percentage_53_position_1-105 genomicbackground,3088,6,3088_6
query_3089,0,genomicbackground,1,riboswitch,0.6688709855079651,3089_6_RF00168_6_NC_000913.3_4233124-4233721_ext_240-440_int_105_off_45_percentage_53_position_1-105 genomicbackground,3089,6,3089_6
query_3090,0,genomicbackground,1,riboswitch,0.975172221660614,3090_6_RF00168_6_NC_000913.3_4233124-4233721_ext_240-440_int_105_off_50_percentage_53_position_1-105 genomicbackground,3090,6,3090_6
query_3091,0,genomicbackground,1,riboswitch,0.9768373370170593,3091_6_RF00168_6_NC_000913.3_4233124-4233721_ext_240-440_int_105_off_55_percentage_52_position_1-102 genomicbackground,3091,6,3091_6
query_3092,0,genomicbackground,1,riboswitch,0.7391259074211121,3092_6_RF00168_6_NC_000913.3_4233124-4233721_ext_240-440_int_105_off_60_percentage_49_position_1-97 genomicbackground,3092,6,3092_6
query_3093,0,genomicbackground,1,riboswitch,0.9918410778045654,3093_6_RF00168_6_NC_000913.3_4233124-4233721_ext_240-440_int_105_off_65_percentage_47_position_1-92 genomicbackground,3093,6,3093_6
query_3094,0,genomicbackground,1,riboswitch,0.9930094480514526,3094_6_RF00168_6_NC_000913.3_4233124-4233721_ext_240-440_int_105_off_70_percentage_44_position_1-87 genomicbackground,3094,6,3094_6
query_3095,0,genomicbackground,1,riboswitch,0.9930001497268677,3095_6_RF00168_6_NC_000913.3_4233124-4233721_ext_240-440_int_105_off_75_percentage_42_position_1-82 genomicbackground,3095,6,3095_6
query_3096,0,genomicbackground,1,riboswitch,0.9270560145378113,3096_6_RF00168_6_NC_000913.3_4233124-4233721_ext_240-440_int_105_off_80_percentage_39_position_1-77 genomicbackground,3096,6,3096_6
query_3097,0,genomicbackground,0,genomicbackground,0.19266633689403534,3097_6_RF00168_6_NC_000913.3_4233124-4233721_ext_240-440_int_105_off_85_percentage_37_position_1-72 genomicbackground,3097,6,3097_6
query_3098,0,genomicbackground,0,genomicbackground,0.14605847001075745,3098_6_RF00168_6_NC_000913.3_4233124-4233721_ext_240-440_int_105_off_90_percentage_34_position_1-67 genomicbackground,3098,6,3098_6
query_3099,0,genomicbackground,0,genomicbackground,0.18413305282592773,3099_6_RF00168_6_NC_000913.3_4233124-4233721_ext_240-440_int_105_off_95_percentage_31_position_1-62 genomicbackground,3099,6,3099_6
query_3100,0,genomicbackground,1,riboswitch,0.758048415184021,3100_6_RF00168_6_NC_000913.3_4233124-4233721_ext_240-440_int_110_off_0_percentage_56_position_1-110 genomicbackground,3100,6,3100_6
query_3101,0,genomicbackground,1,riboswitch,0.9834827184677124,3101_6_RF00168_6_NC_000913.3_4233124-4233721_ext_240-440_int_110_off_5_percentage_56_position_1-110 genomicbackground,3101,6,3101_6
query_3102,0,genomicbackground,1,riboswitch,0.9846602082252502,3102_6_RF00168_6_NC_000913.3_4233124-4233721_ext_240-440_int_110_off_10_percentage_56_position_1-110 genomicbackground,3102,6,3102_6
query_3103,0,genomicbackground,1,riboswitch,0.8712096214294434,3103_6_RF00168_6_NC_000913.3_4233124-4233721_ext_240-440_int_110_off_15_percentage_56_position_1-110 genomicbackground,3103,6,3103_6
query_3104,0,genomicbackground,1,riboswitch,0.9763785600662231,3104_6_RF00168_6_NC_000913.3_4233124-4233721_ext_240-440_int_110_off_20_percentage_56_position_1-110 genomicbackground,3104,6,3104_6
query_3105,0,genomicbackground,1,riboswitch,0.8817384243011475,3105_6_RF00168_6_NC_000913.3_4233124-4233721_ext_240-440_int_110_off_25_percentage_56_position_1-110 genomicbackground,3105,6,3105_6
query_3106,0,genomicbackground,1,riboswitch,0.6354053616523743,3106_6_RF00168_6_NC_000913.3_4233124-4233721_ext_240-440_int_110_off_30_percentage_56_position_1-110 genomicbackground,3106,6,3106_6
query_3107,0,genomicbackground,1,riboswitch,0.8836851716041565,3107_6_RF00168_6_NC_000913.3_4233124-4233721_ext_240-440_int_110_off_35_percentage_56_position_1-110 genomicbackground,3107,6,3107_6
query_3108,0,genomicbackground,1,riboswitch,0.8478060960769653,3108_6_RF00168_6_NC_000913.3_4233124-4233721_ext_240-440_int_110_off_40_percentage_56_position_1-110 genomicbackground,3108,6,3108_6
query_3109,0,genomicbackground,1,riboswitch,0.9405689239501953,3109_6_RF00168_6_NC_000913.3_4233124-4233721_ext_240-440_int_110_off_45_percentage_56_position_1-110 genomicbackground,3109,6,3109_6
query_3110,0,genomicbackground,0,genomicbackground,0.3490937054157257,3110_6_RF00168_6_NC_000913.3_4233124-4233721_ext_240-440_int_110_off_50_percentage_54_position_1-107 genomicbackground,3110,6,3110_6
query_3111,0,genomicbackground,1,riboswitch,0.9846046566963196,3111_6_RF00168_6_NC_000913.3_4233124-4233721_ext_240-440_int_110_off_55_percentage_52_position_1-102 genomicbackground,3111,6,3111_6
query_3112,0,genomicbackground,1,riboswitch,0.7365887761116028,3112_6_RF00168_6_NC_000913.3_4233124-4233721_ext_240-440_int_110_off_60_percentage_49_position_1-97 genomicbackground,3112,6,3112_6
query_3113,0,genomicbackground,1,riboswitch,0.9917916059494019,3113_6_RF00168_6_NC_000913.3_4233124-4233721_ext_240-440_int_110_off_65_percentage_47_position_1-92 genomicbackground,3113,6,3113_6
query_3114,0,genomicbackground,1,riboswitch,0.993093729019165,3114_6_RF00168_6_NC_000913.3_4233124-4233721_ext_240-440_int_110_off_70_percentage_44_position_1-87 genomicbackground,3114,6,3114_6
query_3115,0,genomicbackground,1,riboswitch,0.9915788173675537,3115_6_RF00168_6_NC_000913.3_4233124-4233721_ext_240-440_int_110_off_75_percentage_42_position_1-82 genomicbackground,3115,6,3115_6
query_3116,0,genomicbackground,1,riboswitch,0.9216737151145935,3116_6_RF00168_6_NC_000913.3_4233124-4233721_ext_240-440_int_110_off_80_percentage_39_position_1-77 genomicbackground,3116,6,3116_6
query_3117,0,genomicbackground,1,riboswitch,0.5834019184112549,3117_6_RF00168_6_NC_000913.3_4233124-4233721_ext_240-440_int_110_off_85_percentage_37_position_1-72 genomicbackground,3117,6,3117_6
query_3118,0,genomicbackground,0,genomicbackground,0.14984038472175598,3118_6_RF00168_6_NC_000913.3_4233124-4233721_ext_240-440_int_110_off_90_percentage_34_position_1-67 genomicbackground,3118,6,3118_6
query_3119,0,genomicbackground,1,riboswitch,0.6427524089813232,3119_6_RF00168_6_NC_000913.3_4233124-4233721_ext_240-440_int_115_off_0_percentage_58_position_1-115 genomicbackground,3119,6,3119_6
query_3120,0,genomicbackground,1,riboswitch,0.9837950468063354,3120_6_RF00168_6_NC_000913.3_4233124-4233721_ext_240-440_int_115_off_5_percentage_58_position_1-115 genomicbackground,3120,6,3120_6
query_3121,0,genomicbackground,1,riboswitch,0.9849244952201843,3121_6_RF00168_6_NC_000913.3_4233124-4233721_ext_240-440_int_115_off_10_percentage_58_position_1-115 genomicbackground,3121,6,3121_6
query_3122,0,genomicbackground,1,riboswitch,0.9681367874145508,3122_6_RF00168_6_NC_000913.3_4233124-4233721_ext_240-440_int_115_off_15_percentage_58_position_1-115 genomicbackground,3122,6,3122_6
query_3123,0,genomicbackground,1,riboswitch,0.9962506890296936,3123_6_RF00168_6_NC_000913.3_4233124-4233721_ext_240-440_int_115_off_20_percentage_58_position_1-115 genomicbackground,3123,6,3123_6
query_3124,0,genomicbackground,1,riboswitch,0.8844771981239319,3124_6_RF00168_6_NC_000913.3_4233124-4233721_ext_240-440_int_115_off_25_percentage_58_position_1-115 genomicbackground,3124,6,3124_6
query_3125,0,genomicbackground,1,riboswitch,0.7583446502685547,3125_6_RF00168_6_NC_000913.3_4233124-4233721_ext_240-440_int_115_off_30_percentage_58_position_1-115 genomicbackground,3125,6,3125_6
query_3126,0,genomicbackground,1,riboswitch,0.9418242573738098,3126_6_RF00168_6_NC_000913.3_4233124-4233721_ext_240-440_int_115_off_35_percentage_58_position_1-115 genomicbackground,3126,6,3126_6
query_3127,0,genomicbackground,1,riboswitch,0.9227190017700195,3127_6_RF00168_6_NC_000913.3_4233124-4233721_ext_240-440_int_115_off_40_percentage_58_position_1-115 genomicbackground,3127,6,3127_6
query_3128,0,genomicbackground,1,riboswitch,0.9654124975204468,3128_6_RF00168_6_NC_000913.3_4233124-4233721_ext_240-440_int_115_off_45_percentage_57_position_1-112 genomicbackground,3128,6,3128_6
query_3129,0,genomicbackground,0,genomicbackground,0.28166139125823975,3129_6_RF00168_6_NC_000913.3_4233124-4233721_ext_240-440_int_115_off_50_percentage_54_position_1-107 genomicbackground,3129,6,3129_6
query_3130,0,genomicbackground,1,riboswitch,0.9857572913169861,3130_6_RF00168_6_NC_000913.3_4233124-4233721_ext_240-440_int_115_off_55_percentage_52_position_1-102 genomicbackground,3130,6,3130_6
query_3131,0,genomicbackground,1,riboswitch,0.7024879455566406,3131_6_RF00168_6_NC_000913.3_4233124-4233721_ext_240-440_int_115_off_60_percentage_49_position_1-97 genomicbackground,3131,6,3131_6
query_3132,0,genomicbackground,1,riboswitch,0.9924730062484741,3132_6_RF00168_6_NC_000913.3_4233124-4233721_ext_240-440_int_115_off_65_percentage_47_position_1-92 genomicbackground,3132,6,3132_6
query_3133,0,genomicbackground,1,riboswitch,0.9929298758506775,3133_6_RF00168_6_NC_000913.3_4233124-4233721_ext_240-440_int_115_off_70_percentage_44_position_1-87 genomicbackground,3133,6,3133_6
query_3134,0,genomicbackground,1,riboswitch,0.9903324246406555,3134_6_RF00168_6_NC_000913.3_4233124-4233721_ext_240-440_int_115_off_75_percentage_42_position_1-82 genomicbackground,3134,6,3134_6
query_3135,0,genomicbackground,1,riboswitch,0.8828500509262085,3135_6_RF00168_6_NC_000913.3_4233124-4233721_ext_240-440_int_115_off_80_percentage_39_position_1-77 genomicbackground,3135,6,3135_6
query_3136,0,genomicbackground,0,genomicbackground,0.2640846073627472,3136_6_RF00168_6_NC_000913.3_4233124-4233721_ext_240-440_int_115_off_85_percentage_37_position_1-72 genomicbackground,3136,6,3136_6
query_3137,0,genomicbackground,1,riboswitch,0.9523432850837708,3137_6_RF00168_6_NC_000913.3_4233124-4233721_ext_240-440_int_120_off_0_percentage_61_position_1-120 genomicbackground,3137,6,3137_6
query_3138,0,genomicbackground,1,riboswitch,0.9869100451469421,3138_6_RF00168_6_NC_000913.3_4233124-4233721_ext_240-440_int_120_off_5_percentage_61_position_1-120 genomicbackground,3138,6,3138_6
query_3139,0,genomicbackground,1,riboswitch,0.9565838575363159,3139_6_RF00168_6_NC_000913.3_4233124-4233721_ext_240-440_int_120_off_10_percentage_61_position_1-120 genomicbackground,3139,6,3139_6
query_3140,0,genomicbackground,1,riboswitch,0.9665723443031311,3140_6_RF00168_6_NC_000913.3_4233124-4233721_ext_240-440_int_120_off_15_percentage_61_position_1-120 genomicbackground,3140,6,3140_6
query_3141,0,genomicbackground,1,riboswitch,0.9959743618965149,3141_6_RF00168_6_NC_000913.3_4233124-4233721_ext_240-440_int_120_off_20_percentage_61_position_1-120 genomicbackground,3141,6,3141_6
query_3142,0,genomicbackground,1,riboswitch,0.9585612416267395,3142_6_RF00168_6_NC_000913.3_4233124-4233721_ext_240-440_int_120_off_25_percentage_61_position_1-120 genomicbackground,3142,6,3142_6
query_3143,0,genomicbackground,1,riboswitch,0.8387345671653748,3143_6_RF00168_6_NC_000913.3_4233124-4233721_ext_240-440_int_120_off_30_percentage_61_position_1-120 genomicbackground,3143,6,3143_6
query_3144,0,genomicbackground,1,riboswitch,0.9351708889007568,3144_6_RF00168_6_NC_000913.3_4233124-4233721_ext_240-440_int_120_off_35_percentage_61_position_1-120 genomicbackground,3144,6,3144_6
query_3145,0,genomicbackground,1,riboswitch,0.9199637770652771,3145_6_RF00168_6_NC_000913.3_4233124-4233721_ext_240-440_int_120_off_40_percentage_59_position_1-117 genomicbackground,3145,6,3145_6
query_3146,0,genomicbackground,1,riboswitch,0.9589861035346985,3146_6_RF00168_6_NC_000913.3_4233124-4233721_ext_240-440_int_120_off_45_percentage_57_position_1-112 genomicbackground,3146,6,3146_6
query_3147,0,genomicbackground,1,riboswitch,0.9419223666191101,3147_6_RF00168_6_NC_000913.3_4233124-4233721_ext_240-440_int_120_off_50_percentage_54_position_1-107 genomicbackground,3147,6,3147_6
query_3148,0,genomicbackground,1,riboswitch,0.9873097538948059,3148_6_RF00168_6_NC_000913.3_4233124-4233721_ext_240-440_int_120_off_55_percentage_52_position_1-102 genomicbackground,3148,6,3148_6
query_3149,0,genomicbackground,1,riboswitch,0.9074458479881287,3149_6_RF00168_6_NC_000913.3_4233124-4233721_ext_240-440_int_120_off_60_percentage_49_position_1-97 genomicbackground,3149,6,3149_6
query_3150,0,genomicbackground,1,riboswitch,0.9921776652336121,3150_6_RF00168_6_NC_000913.3_4233124-4233721_ext_240-440_int_120_off_65_percentage_47_position_1-92 genomicbackground,3150,6,3150_6
query_3151,0,genomicbackground,1,riboswitch,0.9826030731201172,3151_6_RF00168_6_NC_000913.3_4233124-4233721_ext_240-440_int_120_off_70_percentage_44_position_1-87 genomicbackground,3151,6,3151_6
query_3152,0,genomicbackground,1,riboswitch,0.9931046366691589,3152_6_RF00168_6_NC_000913.3_4233124-4233721_ext_240-440_int_120_off_75_percentage_42_position_1-82 genomicbackground,3152,6,3152_6
query_3153,0,genomicbackground,1,riboswitch,0.789092481136322,3153_6_RF00168_6_NC_000913.3_4233124-4233721_ext_240-440_int_120_off_80_percentage_39_position_1-77 genomicbackground,3153,6,3153_6
query_3154,0,genomicbackground,1,riboswitch,0.957108736038208,3154_6_RF00168_6_NC_000913.3_4233124-4233721_ext_240-440_int_125_off_0_percentage_63_position_1-125 genomicbackground,3154,6,3154_6
query_3155,0,genomicbackground,1,riboswitch,0.9814172387123108,3155_6_RF00168_6_NC_000913.3_4233124-4233721_ext_240-440_int_125_off_5_percentage_63_position_1-125 genomicbackground,3155,6,3155_6
query_3156,0,genomicbackground,1,riboswitch,0.9879012107849121,3156_6_RF00168_6_NC_000913.3_4233124-4233721_ext_240-440_int_125_off_10_percentage_63_position_1-125 genomicbackground,3156,6,3156_6
query_3157,0,genomicbackground,1,riboswitch,0.9567728042602539,3157_6_RF00168_6_NC_000913.3_4233124-4233721_ext_240-440_int_125_off_15_percentage_63_position_1-125 genomicbackground,3157,6,3157_6
query_3158,0,genomicbackground,1,riboswitch,0.9932779669761658,3158_6_RF00168_6_NC_000913.3_4233124-4233721_ext_240-440_int_125_off_20_percentage_63_position_1-125 genomicbackground,3158,6,3158_6
query_3159,0,genomicbackground,1,riboswitch,0.9098005890846252,3159_6_RF00168_6_NC_000913.3_4233124-4233721_ext_240-440_int_125_off_25_percentage_63_position_1-125 genomicbackground,3159,6,3159_6
query_3160,0,genomicbackground,1,riboswitch,0.8410241603851318,3160_6_RF00168_6_NC_000913.3_4233124-4233721_ext_240-440_int_125_off_30_percentage_63_position_1-125 genomicbackground,3160,6,3160_6
query_3161,0,genomicbackground,1,riboswitch,0.9084727764129639,3161_6_RF00168_6_NC_000913.3_4233124-4233721_ext_240-440_int_125_off_35_percentage_62_position_1-122 genomicbackground,3161,6,3161_6
query_3162,0,genomicbackground,1,riboswitch,0.8914592266082764,3162_6_RF00168_6_NC_000913.3_4233124-4233721_ext_240-440_int_125_off_40_percentage_59_position_1-117 genomicbackground,3162,6,3162_6
query_3163,0,genomicbackground,1,riboswitch,0.9630559086799622,3163_6_RF00168_6_NC_000913.3_4233124-4233721_ext_240-440_int_125_off_45_percentage_57_position_1-112 genomicbackground,3163,6,3163_6
query_3164,0,genomicbackground,1,riboswitch,0.9292031526565552,3164_6_RF00168_6_NC_000913.3_4233124-4233721_ext_240-440_int_125_off_50_percentage_54_position_1-107 genomicbackground,3164,6,3164_6
query_3165,0,genomicbackground,1,riboswitch,0.9913523197174072,3165_6_RF00168_6_NC_000913.3_4233124-4233721_ext_240-440_int_125_off_55_percentage_52_position_1-102 genomicbackground,3165,6,3165_6
query_3166,0,genomicbackground,1,riboswitch,0.9953604340553284,3166_6_RF00168_6_NC_000913.3_4233124-4233721_ext_240-440_int_125_off_60_percentage_49_position_1-97 genomicbackground,3166,6,3166_6
query_3167,0,genomicbackground,1,riboswitch,0.9196994304656982,3167_6_RF00168_6_NC_000913.3_4233124-4233721_ext_240-440_int_125_off_65_percentage_47_position_1-92 genomicbackground,3167,6,3167_6
query_3168,0,genomicbackground,1,riboswitch,0.9886294603347778,3168_6_RF00168_6_NC_000913.3_4233124-4233721_ext_240-440_int_125_off_70_percentage_44_position_1-87 genomicbackground,3168,6,3168_6
query_3169,0,genomicbackground,1,riboswitch,0.8957601189613342,3169_6_RF00168_6_NC_000913.3_4233124-4233721_ext_240-440_int_125_off_75_percentage_42_position_1-82 genomicbackground,3169,6,3169_6
query_3170,0,genomicbackground,1,riboswitch,0.6264593005180359,3170_6_RF00168_6_NC_000913.3_4233124-4233721_ext_240-440_int_130_off_0_percentage_66_position_1-130 genomicbackground,3170,6,3170_6
query_3171,0,genomicbackground,1,riboswitch,0.9798310399055481,3171_6_RF00168_6_NC_000913.3_4233124-4233721_ext_240-440_int_130_off_5_percentage_66_position_1-130 genomicbackground,3171,6,3171_6
query_3172,0,genomicbackground,1,riboswitch,0.9866559505462646,3172_6_RF00168_6_NC_000913.3_4233124-4233721_ext_240-440_int_130_off_10_percentage_66_position_1-130 genomicbackground,3172,6,3172_6
query_3173,0,genomicbackground,1,riboswitch,0.9838648438453674,3173_6_RF00168_6_NC_000913.3_4233124-4233721_ext_240-440_int_130_off_15_percentage_66_position_1-130 genomicbackground,3173,6,3173_6
query_3174,0,genomicbackground,1,riboswitch,0.9666443467140198,3174_6_RF00168_6_NC_000913.3_4233124-4233721_ext_240-440_int_130_off_20_percentage_66_position_1-130 genomicbackground,3174,6,3174_6
query_3175,0,genomicbackground,1,riboswitch,0.9440338015556335,3175_6_RF00168_6_NC_000913.3_4233124-4233721_ext_240-440_int_130_off_25_percentage_66_position_1-130 genomicbackground,3175,6,3175_6
query_3176,0,genomicbackground,1,riboswitch,0.9496604204177856,3176_6_RF00168_6_NC_000913.3_4233124-4233721_ext_240-440_int_130_off_30_percentage_64_position_1-127 genomicbackground,3176,6,3176_6
query_3177,0,genomicbackground,1,riboswitch,0.8855562806129456,3177_6_RF00168_6_NC_000913.3_4233124-4233721_ext_240-440_int_130_off_35_percentage_62_position_1-122 genomicbackground,3177,6,3177_6
query_3178,0,genomicbackground,1,riboswitch,0.7949047684669495,3178_6_RF00168_6_NC_000913.3_4233124-4233721_ext_240-440_int_130_off_40_percentage_59_position_1-117 genomicbackground,3178,6,3178_6
query_3179,0,genomicbackground,1,riboswitch,0.9529825448989868,3179_6_RF00168_6_NC_000913.3_4233124-4233721_ext_240-440_int_130_off_45_percentage_57_position_1-112 genomicbackground,3179,6,3179_6
query_3180,0,genomicbackground,1,riboswitch,0.5088937878608704,3180_6_RF00168_6_NC_000913.3_4233124-4233721_ext_240-440_int_130_off_50_percentage_54_position_1-107 genomicbackground,3180,6,3180_6
query_3181,0,genomicbackground,1,riboswitch,0.8385187387466431,3181_6_RF00168_6_NC_000913.3_4233124-4233721_ext_240-440_int_130_off_55_percentage_52_position_1-102 genomicbackground,3181,6,3181_6
query_3182,0,genomicbackground,1,riboswitch,0.9877958297729492,3182_6_RF00168_6_NC_000913.3_4233124-4233721_ext_240-440_int_130_off_60_percentage_49_position_1-97 genomicbackground,3182,6,3182_6
query_3183,0,genomicbackground,1,riboswitch,0.9588878750801086,3183_6_RF00168_6_NC_000913.3_4233124-4233721_ext_240-440_int_130_off_65_percentage_47_position_1-92 genomicbackground,3183,6,3183_6
query_3184,0,genomicbackground,1,riboswitch,0.8914982676506042,3184_6_RF00168_6_NC_000913.3_4233124-4233721_ext_240-440_int_130_off_70_percentage_44_position_1-87 genomicbackground,3184,6,3184_6
query_3185,0,genomicbackground,1,riboswitch,0.9350391030311584,3185_6_RF00168_6_NC_000913.3_4233124-4233721_ext_240-440_int_135_off_0_percentage_69_position_1-135 genomicbackground,3185,6,3185_6
query_3186,0,genomicbackground,1,riboswitch,0.9730554819107056,3186_6_RF00168_6_NC_000913.3_4233124-4233721_ext_240-440_int_135_off_5_percentage_69_position_1-135 genomicbackground,3186,6,3186_6
query_3187,0,genomicbackground,1,riboswitch,0.9875390529632568,3187_6_RF00168_6_NC_000913.3_4233124-4233721_ext_240-440_int_135_off_10_percentage_69_position_1-135 genomicbackground,3187,6,3187_6
query_3188,0,genomicbackground,1,riboswitch,0.9646069407463074,3188_6_RF00168_6_NC_000913.3_4233124-4233721_ext_240-440_int_135_off_15_percentage_69_position_1-135 genomicbackground,3188,6,3188_6
query_3189,0,genomicbackground,1,riboswitch,0.9873047471046448,3189_6_RF00168_6_NC_000913.3_4233124-4233721_ext_240-440_int_135_off_20_percentage_69_position_1-135 genomicbackground,3189,6,3189_6
query_3190,0,genomicbackground,1,riboswitch,0.9522274732589722,3190_6_RF00168_6_NC_000913.3_4233124-4233721_ext_240-440_int_135_off_25_percentage_67_position_1-132 genomicbackground,3190,6,3190_6
query_3191,0,genomicbackground,1,riboswitch,0.9332007765769958,3191_6_RF00168_6_NC_000913.3_4233124-4233721_ext_240-440_int_135_off_30_percentage_64_position_1-127 genomicbackground,3191,6,3191_6
query_3192,0,genomicbackground,1,riboswitch,0.8955989480018616,3192_6_RF00168_6_NC_000913.3_4233124-4233721_ext_240-440_int_135_off_35_percentage_62_position_1-122 genomicbackground,3192,6,3192_6
query_3193,0,genomicbackground,1,riboswitch,0.8397091627120972,3193_6_RF00168_6_NC_000913.3_4233124-4233721_ext_240-440_int_135_off_40_percentage_59_position_1-117 genomicbackground,3193,6,3193_6
query_3194,0,genomicbackground,1,riboswitch,0.9596700072288513,3194_6_RF00168_6_NC_000913.3_4233124-4233721_ext_240-440_int_135_off_45_percentage_57_position_1-112 genomicbackground,3194,6,3194_6
query_3195,0,genomicbackground,1,riboswitch,0.9716039299964905,3195_6_RF00168_6_NC_000913.3_4233124-4233721_ext_240-440_int_135_off_50_percentage_54_position_1-107 genomicbackground,3195,6,3195_6
query_3196,0,genomicbackground,1,riboswitch,0.9758786559104919,3196_6_RF00168_6_NC_000913.3_4233124-4233721_ext_240-440_int_135_off_55_percentage_52_position_1-102 genomicbackground,3196,6,3196_6
query_3197,0,genomicbackground,1,riboswitch,0.9957369565963745,3197_6_RF00168_6_NC_000913.3_4233124-4233721_ext_240-440_int_135_off_60_percentage_49_position_1-97 genomicbackground,3197,6,3197_6
query_3198,0,genomicbackground,1,riboswitch,0.8428447246551514,3198_6_RF00168_6_NC_000913.3_4233124-4233721_ext_240-440_int_135_off_65_percentage_47_position_1-92 genomicbackground,3198,6,3198_6
query_3199,0,genomicbackground,1,riboswitch,0.9195334911346436,3199_6_RF00168_6_NC_000913.3_4233124-4233721_ext_240-440_int_140_off_0_percentage_71_position_1-140 genomicbackground,3199,6,3199_6
query_3200,0,genomicbackground,0,genomicbackground,0.17960335314273834,3200_6_RF00168_6_NC_000913.3_4233124-4233721_ext_240-440_int_140_off_5_percentage_71_position_1-140 genomicbackground,3200,6,3200_6
query_3201,0,genomicbackground,1,riboswitch,0.9797460436820984,3201_6_RF00168_6_NC_000913.3_4233124-4233721_ext_240-440_int_140_off_10_percentage_71_position_1-140 genomicbackground,3201,6,3201_6
query_3202,0,genomicbackground,1,riboswitch,0.9812707901000977,3202_6_RF00168_6_NC_000913.3_4233124-4233721_ext_240-440_int_140_off_15_percentage_71_position_1-140 genomicbackground,3202,6,3202_6
query_3203,0,genomicbackground,1,riboswitch,0.9878091812133789,3203_6_RF00168_6_NC_000913.3_4233124-4233721_ext_240-440_int_140_off_20_percentage_70_position_1-137 genomicbackground,3203,6,3203_6
query_3204,0,genomicbackground,1,riboswitch,0.9410754442214966,3204_6_RF00168_6_NC_000913.3_4233124-4233721_ext_240-440_int_140_off_25_percentage_67_position_1-132 genomicbackground,3204,6,3204_6
query_3205,0,genomicbackground,1,riboswitch,0.9151840209960938,3205_6_RF00168_6_NC_000913.3_4233124-4233721_ext_240-440_int_140_off_30_percentage_64_position_1-127 genomicbackground,3205,6,3205_6
query_3206,0,genomicbackground,1,riboswitch,0.802629292011261,3206_6_RF00168_6_NC_000913.3_4233124-4233721_ext_240-440_int_140_off_35_percentage_62_position_1-122 genomicbackground,3206,6,3206_6
query_3207,0,genomicbackground,1,riboswitch,0.9115667939186096,3207_6_RF00168_6_NC_000913.3_4233124-4233721_ext_240-440_int_140_off_40_percentage_59_position_1-117 genomicbackground,3207,6,3207_6
query_3208,0,genomicbackground,1,riboswitch,0.9607310891151428,3208_6_RF00168_6_NC_000913.3_4233124-4233721_ext_240-440_int_140_off_45_percentage_57_position_1-112 genomicbackground,3208,6,3208_6
query_3209,0,genomicbackground,1,riboswitch,0.9109194278717041,3209_6_RF00168_6_NC_000913.3_4233124-4233721_ext_240-440_int_140_off_50_percentage_54_position_1-107 genomicbackground,3209,6,3209_6
query_3210,0,genomicbackground,1,riboswitch,0.9822142720222473,3210_6_RF00168_6_NC_000913.3_4233124-4233721_ext_240-440_int_140_off_55_percentage_52_position_1-102 genomicbackground,3210,6,3210_6
query_3211,0,genomicbackground,1,riboswitch,0.8221264481544495,3211_6_RF00168_6_NC_000913.3_4233124-4233721_ext_240-440_int_140_off_60_percentage_49_position_1-97 genomicbackground,3211,6,3211_6
query_3212,0,genomicbackground,1,riboswitch,0.8902223706245422,3212_6_RF00168_6_NC_000913.3_4233124-4233721_ext_240-440_int_145_off_0_percentage_74_position_1-145 genomicbackground,3212,6,3212_6
query_3213,0,genomicbackground,1,riboswitch,0.971177875995636,3213_6_RF00168_6_NC_000913.3_4233124-4233721_ext_240-440_int_145_off_5_percentage_74_position_1-145 genomicbackground,3213,6,3213_6
query_3214,0,genomicbackground,1,riboswitch,0.9899114966392517,3214_6_RF00168_6_NC_000913.3_4233124-4233721_ext_240-440_int_145_off_10_percentage_74_position_1-145 genomicbackground,3214,6,3214_6
query_3215,0,genomicbackground,1,riboswitch,0.9811919927597046,3215_6_RF00168_6_NC_000913.3_4233124-4233721_ext_240-440_int_145_off_15_percentage_72_position_1-142 genomicbackground,3215,6,3215_6
query_3216,0,genomicbackground,1,riboswitch,0.9862170219421387,3216_6_RF00168_6_NC_000913.3_4233124-4233721_ext_240-440_int_145_off_20_percentage_70_position_1-137 genomicbackground,3216,6,3216_6
query_3217,0,genomicbackground,1,riboswitch,0.954470157623291,3217_6_RF00168_6_NC_000913.3_4233124-4233721_ext_240-440_int_145_off_25_percentage_67_position_1-132 genomicbackground,3217,6,3217_6
query_3218,0,genomicbackground,1,riboswitch,0.9305655360221863,3218_6_RF00168_6_NC_000913.3_4233124-4233721_ext_240-440_int_145_off_30_percentage_64_position_1-127 genomicbackground,3218,6,3218_6
query_3219,0,genomicbackground,1,riboswitch,0.8354684710502625,3219_6_RF00168_6_NC_000913.3_4233124-4233721_ext_240-440_int_145_off_35_percentage_62_position_1-122 genomicbackground,3219,6,3219_6
query_3220,0,genomicbackground,1,riboswitch,0.8694912195205688,3220_6_RF00168_6_NC_000913.3_4233124-4233721_ext_240-440_int_145_off_40_percentage_59_position_1-117 genomicbackground,3220,6,3220_6
query_3221,0,genomicbackground,0,genomicbackground,0.37381571531295776,3221_6_RF00168_6_NC_000913.3_4233124-4233721_ext_240-440_int_145_off_45_percentage_57_position_1-112 genomicbackground,3221,6,3221_6
query_3222,0,genomicbackground,1,riboswitch,0.9283455014228821,3222_6_RF00168_6_NC_000913.3_4233124-4233721_ext_240-440_int_145_off_50_percentage_54_position_1-107 genomicbackground,3222,6,3222_6
query_3223,0,genomicbackground,1,riboswitch,0.8299493193626404,3223_6_RF00168_6_NC_000913.3_4233124-4233721_ext_240-440_int_145_off_55_percentage_52_position_1-102 genomicbackground,3223,6,3223_6
query_3224,1,riboswitch,1,riboswitch,0.9076964855194092,3224_6_RF00168_6_NC_000913.3_4233124-4233721_ext_240-440_int_150_off_0_percentage_76_position_1-150 riboswitch,3224,6,3224_6
query_3225,1,riboswitch,1,riboswitch,0.9921120405197144,3225_6_RF00168_6_NC_000913.3_4233124-4233721_ext_240-440_int_150_off_5_percentage_76_position_1-150 riboswitch,3225,6,3225_6
query_3226,0,genomicbackground,1,riboswitch,0.9894559979438782,3226_6_RF00168_6_NC_000913.3_4233124-4233721_ext_240-440_int_150_off_10_percentage_75_position_1-147 genomicbackground,3226,6,3226_6
query_3227,0,genomicbackground,1,riboswitch,0.9765300750732422,3227_6_RF00168_6_NC_000913.3_4233124-4233721_ext_240-440_int_150_off_15_percentage_72_position_1-142 genomicbackground,3227,6,3227_6
query_3228,0,genomicbackground,1,riboswitch,0.9890183210372925,3228_6_RF00168_6_NC_000913.3_4233124-4233721_ext_240-440_int_150_off_20_percentage_70_position_1-137 genomicbackground,3228,6,3228_6
query_3229,0,genomicbackground,1,riboswitch,0.9580299854278564,3229_6_RF00168_6_NC_000913.3_4233124-4233721_ext_240-440_int_150_off_25_percentage_67_position_1-132 genomicbackground,3229,6,3229_6
query_3230,0,genomicbackground,1,riboswitch,0.9418973922729492,3230_6_RF00168_6_NC_000913.3_4233124-4233721_ext_240-440_int_150_off_30_percentage_64_position_1-127 genomicbackground,3230,6,3230_6
query_3231,0,genomicbackground,1,riboswitch,0.8492807745933533,3231_6_RF00168_6_NC_000913.3_4233124-4233721_ext_240-440_int_150_off_35_percentage_62_position_1-122 genomicbackground,3231,6,3231_6
query_3232,0,genomicbackground,1,riboswitch,0.6951318383216858,3232_6_RF00168_6_NC_000913.3_4233124-4233721_ext_240-440_int_150_off_40_percentage_59_position_1-117 genomicbackground,3232,6,3232_6
query_3233,0,genomicbackground,1,riboswitch,0.6346102952957153,3233_6_RF00168_6_NC_000913.3_4233124-4233721_ext_240-440_int_150_off_45_percentage_57_position_1-112 genomicbackground,3233,6,3233_6
query_3234,0,genomicbackground,1,riboswitch,0.5774107575416565,3234_6_RF00168_6_NC_000913.3_4233124-4233721_ext_240-440_int_150_off_50_percentage_54_position_1-107 genomicbackground,3234,6,3234_6
query_3235,1,riboswitch,1,riboswitch,0.6530908346176147,3235_6_RF00168_6_NC_000913.3_4233124-4233721_ext_240-440_int_155_off_0_percentage_79_position_1-155 riboswitch,3235,6,3235_6
query_3236,1,riboswitch,1,riboswitch,0.9917052984237671,3236_6_RF00168_6_NC_000913.3_4233124-4233721_ext_240-440_int_155_off_5_percentage_77_position_1-152 riboswitch,3236,6,3236_6
query_3237,0,genomicbackground,1,riboswitch,0.9818791747093201,3237_6_RF00168_6_NC_000913.3_4233124-4233721_ext_240-440_int_155_off_10_percentage_75_position_1-147 genomicbackground,3237,6,3237_6
query_3238,0,genomicbackground,1,riboswitch,0.9821773767471313,3238_6_RF00168_6_NC_000913.3_4233124-4233721_ext_240-440_int_155_off_15_percentage_72_position_1-142 genomicbackground,3238,6,3238_6
query_3239,0,genomicbackground,1,riboswitch,0.9889877438545227,3239_6_RF00168_6_NC_000913.3_4233124-4233721_ext_240-440_int_155_off_20_percentage_70_position_1-137 genomicbackground,3239,6,3239_6
query_3240,0,genomicbackground,1,riboswitch,0.9528535008430481,3240_6_RF00168_6_NC_000913.3_4233124-4233721_ext_240-440_int_155_off_25_percentage_67_position_1-132 genomicbackground,3240,6,3240_6
query_3241,0,genomicbackground,1,riboswitch,0.9060924053192139,3241_6_RF00168_6_NC_000913.3_4233124-4233721_ext_240-440_int_155_off_30_percentage_64_position_1-127 genomicbackground,3241,6,3241_6
query_3242,0,genomicbackground,1,riboswitch,0.8033824563026428,3242_6_RF00168_6_NC_000913.3_4233124-4233721_ext_240-440_int_155_off_35_percentage_62_position_1-122 genomicbackground,3242,6,3242_6
query_3243,0,genomicbackground,1,riboswitch,0.8331252932548523,3243_6_RF00168_6_NC_000913.3_4233124-4233721_ext_240-440_int_155_off_40_percentage_59_position_1-117 genomicbackground,3243,6,3243_6
query_3244,0,genomicbackground,0,genomicbackground,0.3543531894683838,3244_6_RF00168_6_NC_000913.3_4233124-4233721_ext_240-440_int_155_off_45_percentage_57_position_1-112 genomicbackground,3244,6,3244_6
query_3245,1,riboswitch,1,riboswitch,0.9687948822975159,3245_6_RF00168_6_NC_000913.3_4233124-4233721_ext_240-440_int_160_off_0_percentage_80_position_1-157 riboswitch,3245,6,3245_6
query_3246,1,riboswitch,1,riboswitch,0.9932356476783752,3246_6_RF00168_6_NC_000913.3_4233124-4233721_ext_240-440_int_160_off_5_percentage_77_position_1-152 riboswitch,3246,6,3246_6
query_3247,0,genomicbackground,1,riboswitch,0.9852638244628906,3247_6_RF00168_6_NC_000913.3_4233124-4233721_ext_240-440_int_160_off_10_percentage_75_position_1-147 genomicbackground,3247,6,3247_6
query_3248,0,genomicbackground,1,riboswitch,0.9823182821273804,3248_6_RF00168_6_NC_000913.3_4233124-4233721_ext_240-440_int_160_off_15_percentage_72_position_1-142 genomicbackground,3248,6,3248_6
query_3249,0,genomicbackground,1,riboswitch,0.9862637519836426,3249_6_RF00168_6_NC_000913.3_4233124-4233721_ext_240-440_int_160_off_20_percentage_70_position_1-137 genomicbackground,3249,6,3249_6
query_3250,0,genomicbackground,1,riboswitch,0.8837829828262329,3250_6_RF00168_6_NC_000913.3_4233124-4233721_ext_240-440_int_160_off_25_percentage_67_position_1-132 genomicbackground,3250,6,3250_6
query_3251,0,genomicbackground,1,riboswitch,0.5645334124565125,3251_6_RF00168_6_NC_000913.3_4233124-4233721_ext_240-440_int_160_off_30_percentage_64_position_1-127 genomicbackground,3251,6,3251_6
query_3252,0,genomicbackground,1,riboswitch,0.916295051574707,3252_6_RF00168_6_NC_000913.3_4233124-4233721_ext_240-440_int_160_off_35_percentage_62_position_1-122 genomicbackground,3252,6,3252_6
query_3253,0,genomicbackground,1,riboswitch,0.5296746492385864,3253_6_RF00168_6_NC_000913.3_4233124-4233721_ext_240-440_int_160_off_40_percentage_59_position_1-117 genomicbackground,3253,6,3253_6
query_3254,1,riboswitch,1,riboswitch,0.9603980183601379,3254_6_RF00168_6_NC_000913.3_4233124-4233721_ext_240-440_int_165_off_0_percentage_80_position_1-157 riboswitch,3254,6,3254_6
query_3255,1,riboswitch,1,riboswitch,0.9937106370925903,3255_6_RF00168_6_NC_000913.3_4233124-4233721_ext_240-440_int_165_off_5_percentage_77_position_1-152 riboswitch,3255,6,3255_6
query_3256,0,genomicbackground,1,riboswitch,0.9851869940757751,3256_6_RF00168_6_NC_000913.3_4233124-4233721_ext_240-440_int_165_off_10_percentage_75_position_1-147 genomicbackground,3256,6,3256_6
query_3257,0,genomicbackground,1,riboswitch,0.9812590479850769,3257_6_RF00168_6_NC_000913.3_4233124-4233721_ext_240-440_int_165_off_15_percentage_72_position_1-142 genomicbackground,3257,6,3257_6
query_3258,0,genomicbackground,1,riboswitch,0.9875122904777527,3258_6_RF00168_6_NC_000913.3_4233124-4233721_ext_240-440_int_165_off_20_percentage_70_position_1-137 genomicbackground,3258,6,3258_6
query_3259,0,genomicbackground,1,riboswitch,0.9105145335197449,3259_6_RF00168_6_NC_000913.3_4233124-4233721_ext_240-440_int_165_off_25_percentage_67_position_1-132 genomicbackground,3259,6,3259_6
query_3260,0,genomicbackground,1,riboswitch,0.768515944480896,3260_6_RF00168_6_NC_000913.3_4233124-4233721_ext_240-440_int_165_off_30_percentage_64_position_1-127 genomicbackground,3260,6,3260_6
query_3261,0,genomicbackground,0,genomicbackground,0.43256303668022156,3261_6_RF00168_6_NC_000913.3_4233124-4233721_ext_240-440_int_165_off_35_percentage_62_position_1-122 genomicbackground,3261,6,3261_6
query_3262,1,riboswitch,1,riboswitch,0.9682427048683167,3262_6_RF00168_6_NC_000913.3_4233124-4233721_ext_240-440_int_170_off_0_percentage_80_position_1-157 riboswitch,3262,6,3262_6
query_3263,1,riboswitch,1,riboswitch,0.993524432182312,3263_6_RF00168_6_NC_000913.3_4233124-4233721_ext_240-440_int_170_off_5_percentage_77_position_1-152 riboswitch,3263,6,3263_6
query_3264,0,genomicbackground,1,riboswitch,0.9843246936798096,3264_6_RF00168_6_NC_000913.3_4233124-4233721_ext_240-440_int_170_off_10_percentage_75_position_1-147 genomicbackground,3264,6,3264_6
query_3265,0,genomicbackground,1,riboswitch,0.9823728203773499,3265_6_RF00168_6_NC_000913.3_4233124-4233721_ext_240-440_int_170_off_15_percentage_72_position_1-142 genomicbackground,3265,6,3265_6
query_3266,0,genomicbackground,1,riboswitch,0.9610651135444641,3266_6_RF00168_6_NC_000913.3_4233124-4233721_ext_240-440_int_170_off_20_percentage_70_position_1-137 genomicbackground,3266,6,3266_6
query_3267,0,genomicbackground,1,riboswitch,0.9535058736801147,3267_6_RF00168_6_NC_000913.3_4233124-4233721_ext_240-440_int_170_off_25_percentage_67_position_1-132 genomicbackground,3267,6,3267_6
query_3268,0,genomicbackground,0,genomicbackground,0.41260844469070435,3268_6_RF00168_6_NC_000913.3_4233124-4233721_ext_240-440_int_170_off_30_percentage_64_position_1-127 genomicbackground,3268,6,3268_6
query_3269,1,riboswitch,1,riboswitch,0.968245267868042,3269_6_RF00168_6_NC_000913.3_4233124-4233721_ext_240-440_int_175_off_0_percentage_80_position_1-157 riboswitch,3269,6,3269_6
query_3270,1,riboswitch,1,riboswitch,0.993389368057251,3270_6_RF00168_6_NC_000913.3_4233124-4233721_ext_240-440_int_175_off_5_percentage_77_position_1-152 riboswitch,3270,6,3270_6
query_3271,0,genomicbackground,1,riboswitch,0.9898367524147034,3271_6_RF00168_6_NC_000913.3_4233124-4233721_ext_240-440_int_175_off_10_percentage_75_position_1-147 genomicbackground,3271,6,3271_6
query_3272,0,genomicbackground,1,riboswitch,0.958685040473938,3272_6_RF00168_6_NC_000913.3_4233124-4233721_ext_240-440_int_175_off_15_percentage_72_position_1-142 genomicbackground,3272,6,3272_6
query_3273,0,genomicbackground,1,riboswitch,0.9430474638938904,3273_6_RF00168_6_NC_000913.3_4233124-4233721_ext_240-440_int_175_off_20_percentage_70_position_1-137 genomicbackground,3273,6,3273_6
query_3274,0,genomicbackground,1,riboswitch,0.9669771194458008,3274_6_RF00168_6_NC_000913.3_4233124-4233721_ext_240-440_int_175_off_25_percentage_67_position_1-132 genomicbackground,3274,6,3274_6
query_3275,1,riboswitch,1,riboswitch,0.9675366878509521,3275_6_RF00168_6_NC_000913.3_4233124-4233721_ext_240-440_int_180_off_0_percentage_80_position_1-157 riboswitch,3275,6,3275_6
query_3276,1,riboswitch,1,riboswitch,0.9915896058082581,3276_6_RF00168_6_NC_000913.3_4233124-4233721_ext_240-440_int_180_off_5_percentage_77_position_1-152 riboswitch,3276,6,3276_6
query_3277,0,genomicbackground,1,riboswitch,0.9488609433174133,3277_6_RF00168_6_NC_000913.3_4233124-4233721_ext_240-440_int_180_off_10_percentage_75_position_1-147 genomicbackground,3277,6,3277_6
query_3278,0,genomicbackground,1,riboswitch,0.9354389905929565,3278_6_RF00168_6_NC_000913.3_4233124-4233721_ext_240-440_int_180_off_15_percentage_72_position_1-142 genomicbackground,3278,6,3278_6
query_3279,0,genomicbackground,1,riboswitch,0.9501941204071045,3279_6_RF00168_6_NC_000913.3_4233124-4233721_ext_240-440_int_180_off_20_percentage_70_position_1-137 genomicbackground,3279,6,3279_6
query_3280,1,riboswitch,1,riboswitch,0.969168484210968,3280_6_RF00168_6_NC_000913.3_4233124-4233721_ext_240-440_int_185_off_0_percentage_80_position_1-157 riboswitch,3280,6,3280_6
query_3281,1,riboswitch,1,riboswitch,0.9688023924827576,3281_6_RF00168_6_NC_000913.3_4233124-4233721_ext_240-440_int_185_off_5_percentage_77_position_1-152 riboswitch,3281,6,3281_6
query_3282,0,genomicbackground,1,riboswitch,0.996860146522522,3282_6_RF00168_6_NC_000913.3_4233124-4233721_ext_240-440_int_185_off_10_percentage_75_position_1-147 genomicbackground,3282,6,3282_6
query_3283,0,genomicbackground,1,riboswitch,0.9426062107086182,3283_6_RF00168_6_NC_000913.3_4233124-4233721_ext_240-440_int_185_off_15_percentage_72_position_1-142 genomicbackground,3283,6,3283_6
query_3284,1,riboswitch,1,riboswitch,0.9877259135246277,3284_6_RF00168_6_NC_000913.3_4233124-4233721_ext_240-440_int_190_off_0_percentage_80_position_1-157 riboswitch,3284,6,3284_6
query_3285,1,riboswitch,1,riboswitch,0.9791939854621887,3285_6_RF00168_6_NC_000913.3_4233124-4233721_ext_240-440_int_190_off_5_percentage_77_position_1-152 riboswitch,3285,6,3285_6
query_3286,0,genomicbackground,1,riboswitch,0.916700005531311,3286_6_RF00168_6_NC_000913.3_4233124-4233721_ext_240-440_int_190_off_10_percentage_75_position_1-147 genomicbackground,3286,6,3286_6
query_3287,1,riboswitch,1,riboswitch,0.9469478726387024,3287_6_RF00168_6_NC_000913.3_4233124-4233721_ext_240-440_int_195_off_0_percentage_80_position_1-157 riboswitch,3287,6,3287_6
query_3288,1,riboswitch,1,riboswitch,0.8823016285896301,3288_6_RF00168_6_NC_000913.3_4233124-4233721_ext_240-440_int_195_off_5_percentage_77_position_1-152 riboswitch,3288,6,3288_6
query_3289,1,riboswitch,1,riboswitch,0.7274119853973389,3289_6_RF00168_6_NC_000913.3_4233124-4233721_ext_240-440_int_200_off_0_percentage_80_position_1-157 riboswitch,3289,6,3289_6
query_3290,0,genomicbackground,1,riboswitch,0.9974225759506226,3290_6_RF00168_6_NC_000913.3_4233124-4233721_ext_260-460_int_95_off_0_percentage_48_position_1-95 genomicbackground,3290,6,3290_6
query_3291,0,genomicbackground,1,riboswitch,0.8821771740913391,3291_6_RF00168_6_NC_000913.3_4233124-4233721_ext_260-460_int_95_off_5_percentage_48_position_1-95 genomicbackground,3291,6,3291_6
query_3292,0,genomicbackground,1,riboswitch,0.740507960319519,3292_6_RF00168_6_NC_000913.3_4233124-4233721_ext_260-460_int_95_off_10_percentage_48_position_1-95 genomicbackground,3292,6,3292_6
query_3293,0,genomicbackground,1,riboswitch,0.8755189776420593,3293_6_RF00168_6_NC_000913.3_4233124-4233721_ext_260-460_int_95_off_15_percentage_48_position_1-95 genomicbackground,3293,6,3293_6
query_3294,0,genomicbackground,1,riboswitch,0.9036927819252014,3294_6_RF00168_6_NC_000913.3_4233124-4233721_ext_260-460_int_95_off_20_percentage_48_position_1-95 genomicbackground,3294,6,3294_6
query_3295,0,genomicbackground,1,riboswitch,0.7648373246192932,3295_6_RF00168_6_NC_000913.3_4233124-4233721_ext_260-460_int_95_off_25_percentage_48_position_1-95 genomicbackground,3295,6,3295_6
query_3296,0,genomicbackground,1,riboswitch,0.8834311366081238,3296_6_RF00168_6_NC_000913.3_4233124-4233721_ext_260-460_int_95_off_30_percentage_48_position_1-95 genomicbackground,3296,6,3296_6
query_3297,0,genomicbackground,1,riboswitch,0.9797159433364868,3297_6_RF00168_6_NC_000913.3_4233124-4233721_ext_260-460_int_95_off_35_percentage_48_position_1-95 genomicbackground,3297,6,3297_6
query_3298,0,genomicbackground,1,riboswitch,0.9898444414138794,3298_6_RF00168_6_NC_000913.3_4233124-4233721_ext_260-460_int_95_off_40_percentage_48_position_1-95 genomicbackground,3298,6,3298_6
query_3299,0,genomicbackground,1,riboswitch,0.9926491379737854,3299_6_RF00168_6_NC_000913.3_4233124-4233721_ext_260-460_int_95_off_45_percentage_47_position_1-92 genomicbackground,3299,6,3299_6
query_3300,0,genomicbackground,1,riboswitch,0.9930554032325745,3300_6_RF00168_6_NC_000913.3_4233124-4233721_ext_260-460_int_95_off_50_percentage_44_position_1-87 genomicbackground,3300,6,3300_6
query_3301,0,genomicbackground,1,riboswitch,0.9930435419082642,3301_6_RF00168_6_NC_000913.3_4233124-4233721_ext_260-460_int_95_off_55_percentage_42_position_1-82 genomicbackground,3301,6,3301_6
query_3302,0,genomicbackground,1,riboswitch,0.9882984161376953,3302_6_RF00168_6_NC_000913.3_4233124-4233721_ext_260-460_int_95_off_60_percentage_39_position_1-77 genomicbackground,3302,6,3302_6
query_3303,0,genomicbackground,1,riboswitch,0.9116939306259155,3303_6_RF00168_6_NC_000913.3_4233124-4233721_ext_260-460_int_95_off_65_percentage_37_position_1-72 genomicbackground,3303,6,3303_6
query_3304,0,genomicbackground,1,riboswitch,0.9824157357215881,3304_6_RF00168_6_NC_000913.3_4233124-4233721_ext_260-460_int_95_off_70_percentage_34_position_1-67 genomicbackground,3304,6,3304_6
query_3305,0,genomicbackground,1,riboswitch,0.6939497590065002,3305_6_RF00168_6_NC_000913.3_4233124-4233721_ext_260-460_int_95_off_75_percentage_31_position_1-62 genomicbackground,3305,6,3305_6
query_3306,0,genomicbackground,1,riboswitch,0.6620711088180542,3306_6_RF00168_6_NC_000913.3_4233124-4233721_ext_260-460_int_95_off_80_percentage_29_position_1-57 genomicbackground,3306,6,3306_6
query_3307,0,genomicbackground,0,genomicbackground,0.14250491559505463,3307_6_RF00168_6_NC_000913.3_4233124-4233721_ext_260-460_int_95_off_85_percentage_26_position_1-52 genomicbackground,3307,6,3307_6
query_3308,0,genomicbackground,0,genomicbackground,0.012996257282793522,3308_6_RF00168_6_NC_000913.3_4233124-4233721_ext_260-460_int_95_off_90_percentage_24_position_1-47 genomicbackground,3308,6,3308_6
query_3309,0,genomicbackground,0,genomicbackground,0.06415360420942307,3309_6_RF00168_6_NC_000913.3_4233124-4233721_ext_260-460_int_95_off_95_percentage_21_position_1-42 genomicbackground,3309,6,3309_6
query_3310,0,genomicbackground,0,genomicbackground,0.051709629595279694,3310_6_RF00168_6_NC_000913.3_4233124-4233721_ext_260-460_int_95_off_100_percentage_19_position_1-37 genomicbackground,3310,6,3310_6
query_3311,0,genomicbackground,1,riboswitch,0.6892957091331482,3311_6_RF00168_6_NC_000913.3_4233124-4233721_ext_260-460_int_95_off_105_percentage_16_position_1-32 genomicbackground,3311,6,3311_6
query_3312,0,genomicbackground,1,riboswitch,0.997488260269165,3312_6_RF00168_6_NC_000913.3_4233124-4233721_ext_260-460_int_100_off_0_percentage_51_position_1-100 genomicbackground,3312,6,3312_6
query_3313,0,genomicbackground,1,riboswitch,0.9420056343078613,3313_6_RF00168_6_NC_000913.3_4233124-4233721_ext_260-460_int_100_off_5_percentage_51_position_1-100 genomicbackground,3313,6,3313_6
query_3314,0,genomicbackground,1,riboswitch,0.6873343586921692,3314_6_RF00168_6_NC_000913.3_4233124-4233721_ext_260-460_int_100_off_10_percentage_51_position_1-100 genomicbackground,3314,6,3314_6
query_3315,0,genomicbackground,1,riboswitch,0.9050999879837036,3315_6_RF00168_6_NC_000913.3_4233124-4233721_ext_260-460_int_100_off_15_percentage_51_position_1-100 genomicbackground,3315,6,3315_6
query_3316,0,genomicbackground,1,riboswitch,0.7144153714179993,3316_6_RF00168_6_NC_000913.3_4233124-4233721_ext_260-460_int_100_off_20_percentage_51_position_1-100 genomicbackground,3316,6,3316_6
query_3317,0,genomicbackground,1,riboswitch,0.7352505922317505,3317_6_RF00168_6_NC_000913.3_4233124-4233721_ext_260-460_int_100_off_25_percentage_51_position_1-100 genomicbackground,3317,6,3317_6
query_3318,0,genomicbackground,1,riboswitch,0.642125129699707,3318_6_RF00168_6_NC_000913.3_4233124-4233721_ext_260-460_int_100_off_30_percentage_51_position_1-100 genomicbackground,3318,6,3318_6
query_3319,0,genomicbackground,1,riboswitch,0.9597490429878235,3319_6_RF00168_6_NC_000913.3_4233124-4233721_ext_260-460_int_100_off_35_percentage_51_position_1-100 genomicbackground,3319,6,3319_6
query_3320,0,genomicbackground,1,riboswitch,0.8251569271087646,3320_6_RF00168_6_NC_000913.3_4233124-4233721_ext_260-460_int_100_off_40_percentage_49_position_1-97 genomicbackground,3320,6,3320_6
query_3321,0,genomicbackground,1,riboswitch,0.9917174577713013,3321_6_RF00168_6_NC_000913.3_4233124-4233721_ext_260-460_int_100_off_45_percentage_47_position_1-92 genomicbackground,3321,6,3321_6
query_3322,0,genomicbackground,1,riboswitch,0.9932159781455994,3322_6_RF00168_6_NC_000913.3_4233124-4233721_ext_260-460_int_100_off_50_percentage_44_position_1-87 genomicbackground,3322,6,3322_6
query_3323,0,genomicbackground,1,riboswitch,0.9931544065475464,3323_6_RF00168_6_NC_000913.3_4233124-4233721_ext_260-460_int_100_off_55_percentage_42_position_1-82 genomicbackground,3323,6,3323_6
query_3324,0,genomicbackground,1,riboswitch,0.9809542894363403,3324_6_RF00168_6_NC_000913.3_4233124-4233721_ext_260-460_int_100_off_60_percentage_39_position_1-77 genomicbackground,3324,6,3324_6
query_3325,0,genomicbackground,1,riboswitch,0.907453179359436,3325_6_RF00168_6_NC_000913.3_4233124-4233721_ext_260-460_int_100_off_65_percentage_37_position_1-72 genomicbackground,3325,6,3325_6
query_3326,0,genomicbackground,1,riboswitch,0.9126187562942505,3326_6_RF00168_6_NC_000913.3_4233124-4233721_ext_260-460_int_100_off_70_percentage_34_position_1-67 genomicbackground,3326,6,3326_6
query_3327,0,genomicbackground,0,genomicbackground,0.17622244358062744,3327_6_RF00168_6_NC_000913.3_4233124-4233721_ext_260-460_int_100_off_75_percentage_31_position_1-62 genomicbackground,3327,6,3327_6
query_3328,0,genomicbackground,0,genomicbackground,0.20444200932979584,3328_6_RF00168_6_NC_000913.3_4233124-4233721_ext_260-460_int_100_off_80_percentage_29_position_1-57 genomicbackground,3328,6,3328_6
query_3329,0,genomicbackground,0,genomicbackground,0.10129370540380478,3329_6_RF00168_6_NC_000913.3_4233124-4233721_ext_260-460_int_100_off_85_percentage_26_position_1-52 genomicbackground,3329,6,3329_6
query_3330,0,genomicbackground,0,genomicbackground,0.04791633412241936,3330_6_RF00168_6_NC_000913.3_4233124-4233721_ext_260-460_int_100_off_90_percentage_24_position_1-47 genomicbackground,3330,6,3330_6
query_3331,0,genomicbackground,0,genomicbackground,0.07334668934345245,3331_6_RF00168_6_NC_000913.3_4233124-4233721_ext_260-460_int_100_off_95_percentage_21_position_1-42 genomicbackground,3331,6,3331_6
query_3332,0,genomicbackground,0,genomicbackground,0.31573542952537537,3332_6_RF00168_6_NC_000913.3_4233124-4233721_ext_260-460_int_100_off_100_percentage_19_position_1-37 genomicbackground,3332,6,3332_6
query_3333,0,genomicbackground,1,riboswitch,0.910601019859314,3333_6_RF00168_6_NC_000913.3_4233124-4233721_ext_260-460_int_105_off_0_percentage_53_position_1-105 genomicbackground,3333,6,3333_6
query_3334,0,genomicbackground,1,riboswitch,0.8650622963905334,3334_6_RF00168_6_NC_000913.3_4233124-4233721_ext_260-460_int_105_off_5_percentage_53_position_1-105 genomicbackground,3334,6,3334_6
query_3335,0,genomicbackground,1,riboswitch,0.7416006922721863,3335_6_RF00168_6_NC_000913.3_4233124-4233721_ext_260-460_int_105_off_10_percentage_53_position_1-105 genomicbackground,3335,6,3335_6
query_3336,0,genomicbackground,1,riboswitch,0.7837045788764954,3336_6_RF00168_6_NC_000913.3_4233124-4233721_ext_260-460_int_105_off_15_percentage_53_position_1-105 genomicbackground,3336,6,3336_6
query_3337,0,genomicbackground,1,riboswitch,0.7715003490447998,3337_6_RF00168_6_NC_000913.3_4233124-4233721_ext_260-460_int_105_off_20_percentage_53_position_1-105 genomicbackground,3337,6,3337_6
query_3338,0,genomicbackground,1,riboswitch,0.6688709855079651,3338_6_RF00168_6_NC_000913.3_4233124-4233721_ext_260-460_int_105_off_25_percentage_53_position_1-105 genomicbackground,3338,6,3338_6
query_3339,0,genomicbackground,1,riboswitch,0.975172221660614,3339_6_RF00168_6_NC_000913.3_4233124-4233721_ext_260-460_int_105_off_30_percentage_53_position_1-105 genomicbackground,3339,6,3339_6
query_3340,0,genomicbackground,1,riboswitch,0.9768373370170593,3340_6_RF00168_6_NC_000913.3_4233124-4233721_ext_260-460_int_105_off_35_percentage_52_position_1-102 genomicbackground,3340,6,3340_6
query_3341,0,genomicbackground,1,riboswitch,0.7391259074211121,3341_6_RF00168_6_NC_000913.3_4233124-4233721_ext_260-460_int_105_off_40_percentage_49_position_1-97 genomicbackground,3341,6,3341_6
query_3342,0,genomicbackground,1,riboswitch,0.9918410778045654,3342_6_RF00168_6_NC_000913.3_4233124-4233721_ext_260-460_int_105_off_45_percentage_47_position_1-92 genomicbackground,3342,6,3342_6
query_3343,0,genomicbackground,1,riboswitch,0.9930094480514526,3343_6_RF00168_6_NC_000913.3_4233124-4233721_ext_260-460_int_105_off_50_percentage_44_position_1-87 genomicbackground,3343,6,3343_6
query_3344,0,genomicbackground,1,riboswitch,0.9930001497268677,3344_6_RF00168_6_NC_000913.3_4233124-4233721_ext_260-460_int_105_off_55_percentage_42_position_1-82 genomicbackground,3344,6,3344_6
query_3345,0,genomicbackground,1,riboswitch,0.9270560145378113,3345_6_RF00168_6_NC_000913.3_4233124-4233721_ext_260-460_int_105_off_60_percentage_39_position_1-77 genomicbackground,3345,6,3345_6
query_3346,0,genomicbackground,0,genomicbackground,0.19266633689403534,3346_6_RF00168_6_NC_000913.3_4233124-4233721_ext_260-460_int_105_off_65_percentage_37_position_1-72 genomicbackground,3346,6,3346_6
query_3347,0,genomicbackground,0,genomicbackground,0.14605847001075745,3347_6_RF00168_6_NC_000913.3_4233124-4233721_ext_260-460_int_105_off_70_percentage_34_position_1-67 genomicbackground,3347,6,3347_6
query_3348,0,genomicbackground,0,genomicbackground,0.18413305282592773,3348_6_RF00168_6_NC_000913.3_4233124-4233721_ext_260-460_int_105_off_75_percentage_31_position_1-62 genomicbackground,3348,6,3348_6
query_3349,0,genomicbackground,0,genomicbackground,0.46792563796043396,3349_6_RF00168_6_NC_000913.3_4233124-4233721_ext_260-460_int_105_off_80_percentage_29_position_1-57 genomicbackground,3349,6,3349_6
query_3350,0,genomicbackground,0,genomicbackground,0.37289050221443176,3350_6_RF00168_6_NC_000913.3_4233124-4233721_ext_260-460_int_105_off_85_percentage_26_position_1-52 genomicbackground,3350,6,3350_6
query_3351,0,genomicbackground,0,genomicbackground,0.04141475632786751,3351_6_RF00168_6_NC_000913.3_4233124-4233721_ext_260-460_int_105_off_90_percentage_24_position_1-47 genomicbackground,3351,6,3351_6
query_3352,0,genomicbackground,0,genomicbackground,0.12322138994932175,3352_6_RF00168_6_NC_000913.3_4233124-4233721_ext_260-460_int_105_off_95_percentage_21_position_1-42 genomicbackground,3352,6,3352_6
query_3353,0,genomicbackground,1,riboswitch,0.9763785600662231,3353_6_RF00168_6_NC_000913.3_4233124-4233721_ext_260-460_int_110_off_0_percentage_56_position_1-110 genomicbackground,3353,6,3353_6
query_3354,0,genomicbackground,1,riboswitch,0.8817384243011475,3354_6_RF00168_6_NC_000913.3_4233124-4233721_ext_260-460_int_110_off_5_percentage_56_position_1-110 genomicbackground,3354,6,3354_6
query_3355,0,genomicbackground,1,riboswitch,0.6354053616523743,3355_6_RF00168_6_NC_000913.3_4233124-4233721_ext_260-460_int_110_off_10_percentage_56_position_1-110 genomicbackground,3355,6,3355_6
query_3356,0,genomicbackground,1,riboswitch,0.8836851716041565,3356_6_RF00168_6_NC_000913.3_4233124-4233721_ext_260-460_int_110_off_15_percentage_56_position_1-110 genomicbackground,3356,6,3356_6
query_3357,0,genomicbackground,1,riboswitch,0.8478060960769653,3357_6_RF00168_6_NC_000913.3_4233124-4233721_ext_260-460_int_110_off_20_percentage_56_position_1-110 genomicbackground,3357,6,3357_6
query_3358,0,genomicbackground,1,riboswitch,0.9405689239501953,3358_6_RF00168_6_NC_000913.3_4233124-4233721_ext_260-460_int_110_off_25_percentage_56_position_1-110 genomicbackground,3358,6,3358_6
query_3359,0,genomicbackground,0,genomicbackground,0.34909379482269287,3359_6_RF00168_6_NC_000913.3_4233124-4233721_ext_260-460_int_110_off_30_percentage_54_position_1-107 genomicbackground,3359,6,3359_6
query_3360,0,genomicbackground,1,riboswitch,0.9846046566963196,3360_6_RF00168_6_NC_000913.3_4233124-4233721_ext_260-460_int_110_off_35_percentage_52_position_1-102 genomicbackground,3360,6,3360_6
query_3361,0,genomicbackground,1,riboswitch,0.7365887761116028,3361_6_RF00168_6_NC_000913.3_4233124-4233721_ext_260-460_int_110_off_40_percentage_49_position_1-97 genomicbackground,3361,6,3361_6
query_3362,0,genomicbackground,1,riboswitch,0.9917916059494019,3362_6_RF00168_6_NC_000913.3_4233124-4233721_ext_260-460_int_110_off_45_percentage_47_position_1-92 genomicbackground,3362,6,3362_6
query_3363,0,genomicbackground,1,riboswitch,0.993093729019165,3363_6_RF00168_6_NC_000913.3_4233124-4233721_ext_260-460_int_110_off_50_percentage_44_position_1-87 genomicbackground,3363,6,3363_6
query_3364,0,genomicbackground,1,riboswitch,0.9915788173675537,3364_6_RF00168_6_NC_000913.3_4233124-4233721_ext_260-460_int_110_off_55_percentage_42_position_1-82 genomicbackground,3364,6,3364_6
query_3365,0,genomicbackground,1,riboswitch,0.9216737151145935,3365_6_RF00168_6_NC_000913.3_4233124-4233721_ext_260-460_int_110_off_60_percentage_39_position_1-77 genomicbackground,3365,6,3365_6
query_3366,0,genomicbackground,1,riboswitch,0.5834019184112549,3366_6_RF00168_6_NC_000913.3_4233124-4233721_ext_260-460_int_110_off_65_percentage_37_position_1-72 genomicbackground,3366,6,3366_6
query_3367,0,genomicbackground,0,genomicbackground,0.14984038472175598,3367_6_RF00168_6_NC_000913.3_4233124-4233721_ext_260-460_int_110_off_70_percentage_34_position_1-67 genomicbackground,3367,6,3367_6
query_3368,0,genomicbackground,0,genomicbackground,0.1487034410238266,3368_6_RF00168_6_NC_000913.3_4233124-4233721_ext_260-460_int_110_off_75_percentage_31_position_1-62 genomicbackground,3368,6,3368_6
query_3369,0,genomicbackground,0,genomicbackground,0.3014126420021057,3369_6_RF00168_6_NC_000913.3_4233124-4233721_ext_260-460_int_110_off_80_percentage_29_position_1-57 genomicbackground,3369,6,3369_6
query_3370,0,genomicbackground,0,genomicbackground,0.3124900162220001,3370_6_RF00168_6_NC_000913.3_4233124-4233721_ext_260-460_int_110_off_85_percentage_26_position_1-52 genomicbackground,3370,6,3370_6
query_3371,0,genomicbackground,0,genomicbackground,0.10818178206682205,3371_6_RF00168_6_NC_000913.3_4233124-4233721_ext_260-460_int_110_off_90_percentage_24_position_1-47 genomicbackground,3371,6,3371_6
query_3372,0,genomicbackground,1,riboswitch,0.9962506890296936,3372_6_RF00168_6_NC_000913.3_4233124-4233721_ext_260-460_int_115_off_0_percentage_58_position_1-115 genomicbackground,3372,6,3372_6
query_3373,0,genomicbackground,1,riboswitch,0.8844771981239319,3373_6_RF00168_6_NC_000913.3_4233124-4233721_ext_260-460_int_115_off_5_percentage_58_position_1-115 genomicbackground,3373,6,3373_6
query_3374,0,genomicbackground,1,riboswitch,0.7583446502685547,3374_6_RF00168_6_NC_000913.3_4233124-4233721_ext_260-460_int_115_off_10_percentage_58_position_1-115 genomicbackground,3374,6,3374_6
query_3375,0,genomicbackground,1,riboswitch,0.9418242573738098,3375_6_RF00168_6_NC_000913.3_4233124-4233721_ext_260-460_int_115_off_15_percentage_58_position_1-115 genomicbackground,3375,6,3375_6
query_3376,0,genomicbackground,1,riboswitch,0.9227190017700195,3376_6_RF00168_6_NC_000913.3_4233124-4233721_ext_260-460_int_115_off_20_percentage_58_position_1-115 genomicbackground,3376,6,3376_6
query_3377,0,genomicbackground,1,riboswitch,0.9654124975204468,3377_6_RF00168_6_NC_000913.3_4233124-4233721_ext_260-460_int_115_off_25_percentage_57_position_1-112 genomicbackground,3377,6,3377_6
query_3378,0,genomicbackground,0,genomicbackground,0.28166139125823975,3378_6_RF00168_6_NC_000913.3_4233124-4233721_ext_260-460_int_115_off_30_percentage_54_position_1-107 genomicbackground,3378,6,3378_6
query_3379,0,genomicbackground,1,riboswitch,0.9857572913169861,3379_6_RF00168_6_NC_000913.3_4233124-4233721_ext_260-460_int_115_off_35_percentage_52_position_1-102 genomicbackground,3379,6,3379_6
query_3380,0,genomicbackground,1,riboswitch,0.7024879455566406,3380_6_RF00168_6_NC_000913.3_4233124-4233721_ext_260-460_int_115_off_40_percentage_49_position_1-97 genomicbackground,3380,6,3380_6
query_3381,0,genomicbackground,1,riboswitch,0.9924730062484741,3381_6_RF00168_6_NC_000913.3_4233124-4233721_ext_260-460_int_115_off_45_percentage_47_position_1-92 genomicbackground,3381,6,3381_6
query_3382,0,genomicbackground,1,riboswitch,0.9929298758506775,3382_6_RF00168_6_NC_000913.3_4233124-4233721_ext_260-460_int_115_off_50_percentage_44_position_1-87 genomicbackground,3382,6,3382_6
query_3383,0,genomicbackground,1,riboswitch,0.9903324246406555,3383_6_RF00168_6_NC_000913.3_4233124-4233721_ext_260-460_int_115_off_55_percentage_42_position_1-82 genomicbackground,3383,6,3383_6
query_3384,0,genomicbackground,1,riboswitch,0.8828500509262085,3384_6_RF00168_6_NC_000913.3_4233124-4233721_ext_260-460_int_115_off_60_percentage_39_position_1-77 genomicbackground,3384,6,3384_6
query_3385,0,genomicbackground,0,genomicbackground,0.2640845775604248,3385_6_RF00168_6_NC_000913.3_4233124-4233721_ext_260-460_int_115_off_65_percentage_37_position_1-72 genomicbackground,3385,6,3385_6
query_3386,0,genomicbackground,0,genomicbackground,0.0537223145365715,3386_6_RF00168_6_NC_000913.3_4233124-4233721_ext_260-460_int_115_off_70_percentage_34_position_1-67 genomicbackground,3386,6,3386_6
query_3387,0,genomicbackground,0,genomicbackground,0.4672631621360779,3387_6_RF00168_6_NC_000913.3_4233124-4233721_ext_260-460_int_115_off_75_percentage_31_position_1-62 genomicbackground,3387,6,3387_6
query_3388,0,genomicbackground,0,genomicbackground,0.24367967247962952,3388_6_RF00168_6_NC_000913.3_4233124-4233721_ext_260-460_int_115_off_80_percentage_29_position_1-57 genomicbackground,3388,6,3388_6
query_3389,0,genomicbackground,0,genomicbackground,0.272841215133667,3389_6_RF00168_6_NC_000913.3_4233124-4233721_ext_260-460_int_115_off_85_percentage_26_position_1-52 genomicbackground,3389,6,3389_6
query_3390,0,genomicbackground,1,riboswitch,0.9959743618965149,3390_6_RF00168_6_NC_000913.3_4233124-4233721_ext_260-460_int_120_off_0_percentage_61_position_1-120 genomicbackground,3390,6,3390_6
query_3391,0,genomicbackground,1,riboswitch,0.9585612416267395,3391_6_RF00168_6_NC_000913.3_4233124-4233721_ext_260-460_int_120_off_5_percentage_61_position_1-120 genomicbackground,3391,6,3391_6
query_3392,0,genomicbackground,1,riboswitch,0.8387343883514404,3392_6_RF00168_6_NC_000913.3_4233124-4233721_ext_260-460_int_120_off_10_percentage_61_position_1-120 genomicbackground,3392,6,3392_6
query_3393,0,genomicbackground,1,riboswitch,0.9351708889007568,3393_6_RF00168_6_NC_000913.3_4233124-4233721_ext_260-460_int_120_off_15_percentage_61_position_1-120 genomicbackground,3393,6,3393_6
query_3394,0,genomicbackground,1,riboswitch,0.9199637770652771,3394_6_RF00168_6_NC_000913.3_4233124-4233721_ext_260-460_int_120_off_20_percentage_59_position_1-117 genomicbackground,3394,6,3394_6
query_3395,0,genomicbackground,1,riboswitch,0.9589861035346985,3395_6_RF00168_6_NC_000913.3_4233124-4233721_ext_260-460_int_120_off_25_percentage_57_position_1-112 genomicbackground,3395,6,3395_6
query_3396,0,genomicbackground,1,riboswitch,0.9419223666191101,3396_6_RF00168_6_NC_000913.3_4233124-4233721_ext_260-460_int_120_off_30_percentage_54_position_1-107 genomicbackground,3396,6,3396_6
query_3397,0,genomicbackground,1,riboswitch,0.9873097538948059,3397_6_RF00168_6_NC_000913.3_4233124-4233721_ext_260-460_int_120_off_35_percentage_52_position_1-102 genomicbackground,3397,6,3397_6
query_3398,0,genomicbackground,1,riboswitch,0.9074458479881287,3398_6_RF00168_6_NC_000913.3_4233124-4233721_ext_260-460_int_120_off_40_percentage_49_position_1-97 genomicbackground,3398,6,3398_6
query_3399,0,genomicbackground,1,riboswitch,0.9921776652336121,3399_6_RF00168_6_NC_000913.3_4233124-4233721_ext_260-460_int_120_off_45_percentage_47_position_1-92 genomicbackground,3399,6,3399_6
query_3400,0,genomicbackground,1,riboswitch,0.9826030731201172,3400_6_RF00168_6_NC_000913.3_4233124-4233721_ext_260-460_int_120_off_50_percentage_44_position_1-87 genomicbackground,3400,6,3400_6
query_3401,0,genomicbackground,1,riboswitch,0.9931046366691589,3401_6_RF00168_6_NC_000913.3_4233124-4233721_ext_260-460_int_120_off_55_percentage_42_position_1-82 genomicbackground,3401,6,3401_6
query_3402,0,genomicbackground,1,riboswitch,0.789092481136322,3402_6_RF00168_6_NC_000913.3_4233124-4233721_ext_260-460_int_120_off_60_percentage_39_position_1-77 genomicbackground,3402,6,3402_6
query_3403,0,genomicbackground,1,riboswitch,0.6871064901351929,3403_6_RF00168_6_NC_000913.3_4233124-4233721_ext_260-460_int_120_off_65_percentage_37_position_1-72 genomicbackground,3403,6,3403_6
query_3404,0,genomicbackground,0,genomicbackground,0.4391917586326599,3404_6_RF00168_6_NC_000913.3_4233124-4233721_ext_260-460_int_120_off_70_percentage_34_position_1-67 genomicbackground,3404,6,3404_6
query_3405,0,genomicbackground,0,genomicbackground,0.42250704765319824,3405_6_RF00168_6_NC_000913.3_4233124-4233721_ext_260-460_int_120_off_75_percentage_31_position_1-62 genomicbackground,3405,6,3405_6
query_3406,0,genomicbackground,0,genomicbackground,0.20954103767871857,3406_6_RF00168_6_NC_000913.3_4233124-4233721_ext_260-460_int_120_off_80_percentage_29_position_1-57 genomicbackground,3406,6,3406_6
query_3407,0,genomicbackground,1,riboswitch,0.9932779669761658,3407_6_RF00168_6_NC_000913.3_4233124-4233721_ext_260-460_int_125_off_0_percentage_63_position_1-125 genomicbackground,3407,6,3407_6
query_3408,0,genomicbackground,1,riboswitch,0.9098005890846252,3408_6_RF00168_6_NC_000913.3_4233124-4233721_ext_260-460_int_125_off_5_percentage_63_position_1-125 genomicbackground,3408,6,3408_6
query_3409,0,genomicbackground,1,riboswitch,0.8410241603851318,3409_6_RF00168_6_NC_000913.3_4233124-4233721_ext_260-460_int_125_off_10_percentage_63_position_1-125 genomicbackground,3409,6,3409_6
query_3410,0,genomicbackground,1,riboswitch,0.9084727764129639,3410_6_RF00168_6_NC_000913.3_4233124-4233721_ext_260-460_int_125_off_15_percentage_62_position_1-122 genomicbackground,3410,6,3410_6
query_3411,0,genomicbackground,1,riboswitch,0.8914592266082764,3411_6_RF00168_6_NC_000913.3_4233124-4233721_ext_260-460_int_125_off_20_percentage_59_position_1-117 genomicbackground,3411,6,3411_6
query_3412,0,genomicbackground,1,riboswitch,0.9630559086799622,3412_6_RF00168_6_NC_000913.3_4233124-4233721_ext_260-460_int_125_off_25_percentage_57_position_1-112 genomicbackground,3412,6,3412_6
query_3413,0,genomicbackground,1,riboswitch,0.9292031526565552,3413_6_RF00168_6_NC_000913.3_4233124-4233721_ext_260-460_int_125_off_30_percentage_54_position_1-107 genomicbackground,3413,6,3413_6
query_3414,0,genomicbackground,1,riboswitch,0.9913523197174072,3414_6_RF00168_6_NC_000913.3_4233124-4233721_ext_260-460_int_125_off_35_percentage_52_position_1-102 genomicbackground,3414,6,3414_6
query_3415,0,genomicbackground,1,riboswitch,0.9953604340553284,3415_6_RF00168_6_NC_000913.3_4233124-4233721_ext_260-460_int_125_off_40_percentage_49_position_1-97 genomicbackground,3415,6,3415_6
query_3416,0,genomicbackground,1,riboswitch,0.9196993112564087,3416_6_RF00168_6_NC_000913.3_4233124-4233721_ext_260-460_int_125_off_45_percentage_47_position_1-92 genomicbackground,3416,6,3416_6
query_3417,0,genomicbackground,1,riboswitch,0.9886294603347778,3417_6_RF00168_6_NC_000913.3_4233124-4233721_ext_260-460_int_125_off_50_percentage_44_position_1-87 genomicbackground,3417,6,3417_6
query_3418,0,genomicbackground,1,riboswitch,0.8957601189613342,3418_6_RF00168_6_NC_000913.3_4233124-4233721_ext_260-460_int_125_off_55_percentage_42_position_1-82 genomicbackground,3418,6,3418_6
query_3419,0,genomicbackground,1,riboswitch,0.6557036638259888,3419_6_RF00168_6_NC_000913.3_4233124-4233721_ext_260-460_int_125_off_60_percentage_39_position_1-77 genomicbackground,3419,6,3419_6
query_3420,0,genomicbackground,1,riboswitch,0.6994467377662659,3420_6_RF00168_6_NC_000913.3_4233124-4233721_ext_260-460_int_125_off_65_percentage_37_position_1-72 genomicbackground,3420,6,3420_6
query_3421,0,genomicbackground,0,genomicbackground,0.08495866507291794,3421_6_RF00168_6_NC_000913.3_4233124-4233721_ext_260-460_int_125_off_70_percentage_34_position_1-67 genomicbackground,3421,6,3421_6
query_3422,0,genomicbackground,0,genomicbackground,0.40355831384658813,3422_6_RF00168_6_NC_000913.3_4233124-4233721_ext_260-460_int_125_off_75_percentage_31_position_1-62 genomicbackground,3422,6,3422_6
query_3423,0,genomicbackground,1,riboswitch,0.9666443467140198,3423_6_RF00168_6_NC_000913.3_4233124-4233721_ext_260-460_int_130_off_0_percentage_66_position_1-130 genomicbackground,3423,6,3423_6
query_3424,0,genomicbackground,1,riboswitch,0.9440338015556335,3424_6_RF00168_6_NC_000913.3_4233124-4233721_ext_260-460_int_130_off_5_percentage_66_position_1-130 genomicbackground,3424,6,3424_6
query_3425,0,genomicbackground,1,riboswitch,0.9496604204177856,3425_6_RF00168_6_NC_000913.3_4233124-4233721_ext_260-460_int_130_off_10_percentage_64_position_1-127 genomicbackground,3425,6,3425_6
query_3426,0,genomicbackground,1,riboswitch,0.8855562806129456,3426_6_RF00168_6_NC_000913.3_4233124-4233721_ext_260-460_int_130_off_15_percentage_62_position_1-122 genomicbackground,3426,6,3426_6
query_3427,0,genomicbackground,1,riboswitch,0.7949047684669495,3427_6_RF00168_6_NC_000913.3_4233124-4233721_ext_260-460_int_130_off_20_percentage_59_position_1-117 genomicbackground,3427,6,3427_6
query_3428,0,genomicbackground,1,riboswitch,0.9529825448989868,3428_6_RF00168_6_NC_000913.3_4233124-4233721_ext_260-460_int_130_off_25_percentage_57_position_1-112 genomicbackground,3428,6,3428_6
query_3429,0,genomicbackground,1,riboswitch,0.5088937878608704,3429_6_RF00168_6_NC_000913.3_4233124-4233721_ext_260-460_int_130_off_30_percentage_54_position_1-107 genomicbackground,3429,6,3429_6
query_3430,0,genomicbackground,1,riboswitch,0.8385187387466431,3430_6_RF00168_6_NC_000913.3_4233124-4233721_ext_260-460_int_130_off_35_percentage_52_position_1-102 genomicbackground,3430,6,3430_6
query_3431,0,genomicbackground,1,riboswitch,0.9877958297729492,3431_6_RF00168_6_NC_000913.3_4233124-4233721_ext_260-460_int_130_off_40_percentage_49_position_1-97 genomicbackground,3431,6,3431_6
query_3432,0,genomicbackground,1,riboswitch,0.9588878750801086,3432_6_RF00168_6_NC_000913.3_4233124-4233721_ext_260-460_int_130_off_45_percentage_47_position_1-92 genomicbackground,3432,6,3432_6
query_3433,0,genomicbackground,1,riboswitch,0.8914982676506042,3433_6_RF00168_6_NC_000913.3_4233124-4233721_ext_260-460_int_130_off_50_percentage_44_position_1-87 genomicbackground,3433,6,3433_6
query_3434,0,genomicbackground,1,riboswitch,0.8684379458427429,3434_6_RF00168_6_NC_000913.3_4233124-4233721_ext_260-460_int_130_off_55_percentage_42_position_1-82 genomicbackground,3434,6,3434_6
query_3435,0,genomicbackground,1,riboswitch,0.9121045470237732,3435_6_RF00168_6_NC_000913.3_4233124-4233721_ext_260-460_int_130_off_60_percentage_39_position_1-77 genomicbackground,3435,6,3435_6
query_3436,0,genomicbackground,0,genomicbackground,0.09299280494451523,3436_6_RF00168_6_NC_000913.3_4233124-4233721_ext_260-460_int_130_off_65_percentage_37_position_1-72 genomicbackground,3436,6,3436_6
query_3437,0,genomicbackground,0,genomicbackground,0.19783079624176025,3437_6_RF00168_6_NC_000913.3_4233124-4233721_ext_260-460_int_130_off_70_percentage_34_position_1-67 genomicbackground,3437,6,3437_6
query_3438,0,genomicbackground,1,riboswitch,0.9873047471046448,3438_6_RF00168_6_NC_000913.3_4233124-4233721_ext_260-460_int_135_off_0_percentage_69_position_1-135 genomicbackground,3438,6,3438_6
query_3439,0,genomicbackground,1,riboswitch,0.9522274732589722,3439_6_RF00168_6_NC_000913.3_4233124-4233721_ext_260-460_int_135_off_5_percentage_67_position_1-132 genomicbackground,3439,6,3439_6
query_3440,0,genomicbackground,1,riboswitch,0.9332007765769958,3440_6_RF00168_6_NC_000913.3_4233124-4233721_ext_260-460_int_135_off_10_percentage_64_position_1-127 genomicbackground,3440,6,3440_6
query_3441,0,genomicbackground,1,riboswitch,0.8955989480018616,3441_6_RF00168_6_NC_000913.3_4233124-4233721_ext_260-460_int_135_off_15_percentage_62_position_1-122 genomicbackground,3441,6,3441_6
query_3442,0,genomicbackground,1,riboswitch,0.8397091627120972,3442_6_RF00168_6_NC_000913.3_4233124-4233721_ext_260-460_int_135_off_20_percentage_59_position_1-117 genomicbackground,3442,6,3442_6
query_3443,0,genomicbackground,1,riboswitch,0.9596700072288513,3443_6_RF00168_6_NC_000913.3_4233124-4233721_ext_260-460_int_135_off_25_percentage_57_position_1-112 genomicbackground,3443,6,3443_6
query_3444,0,genomicbackground,1,riboswitch,0.9716039299964905,3444_6_RF00168_6_NC_000913.3_4233124-4233721_ext_260-460_int_135_off_30_percentage_54_position_1-107 genomicbackground,3444,6,3444_6
query_3445,0,genomicbackground,1,riboswitch,0.9758786559104919,3445_6_RF00168_6_NC_000913.3_4233124-4233721_ext_260-460_int_135_off_35_percentage_52_position_1-102 genomicbackground,3445,6,3445_6
query_3446,0,genomicbackground,1,riboswitch,0.9957369565963745,3446_6_RF00168_6_NC_000913.3_4233124-4233721_ext_260-460_int_135_off_40_percentage_49_position_1-97 genomicbackground,3446,6,3446_6
query_3447,0,genomicbackground,1,riboswitch,0.8428447246551514,3447_6_RF00168_6_NC_000913.3_4233124-4233721_ext_260-460_int_135_off_45_percentage_47_position_1-92 genomicbackground,3447,6,3447_6
query_3448,0,genomicbackground,1,riboswitch,0.985675036907196,3448_6_RF00168_6_NC_000913.3_4233124-4233721_ext_260-460_int_135_off_50_percentage_44_position_1-87 genomicbackground,3448,6,3448_6
query_3449,0,genomicbackground,1,riboswitch,0.9640923738479614,3449_6_RF00168_6_NC_000913.3_4233124-4233721_ext_260-460_int_135_off_55_percentage_42_position_1-82 genomicbackground,3449,6,3449_6
query_3450,0,genomicbackground,1,riboswitch,0.9044759273529053,3450_6_RF00168_6_NC_000913.3_4233124-4233721_ext_260-460_int_135_off_60_percentage_39_position_1-77 genomicbackground,3450,6,3450_6
query_3451,0,genomicbackground,0,genomicbackground,0.25412774085998535,3451_6_RF00168_6_NC_000913.3_4233124-4233721_ext_260-460_int_135_off_65_percentage_37_position_1-72 genomicbackground,3451,6,3451_6
query_3452,0,genomicbackground,1,riboswitch,0.9878091812133789,3452_6_RF00168_6_NC_000913.3_4233124-4233721_ext_260-460_int_140_off_0_percentage_70_position_1-137 genomicbackground,3452,6,3452_6
query_3453,0,genomicbackground,1,riboswitch,0.9410754442214966,3453_6_RF00168_6_NC_000913.3_4233124-4233721_ext_260-460_int_140_off_5_percentage_67_position_1-132 genomicbackground,3453,6,3453_6
query_3454,0,genomicbackground,1,riboswitch,0.9151840209960938,3454_6_RF00168_6_NC_000913.3_4233124-4233721_ext_260-460_int_140_off_10_percentage_64_position_1-127 genomicbackground,3454,6,3454_6
query_3455,0,genomicbackground,1,riboswitch,0.8026292324066162,3455_6_RF00168_6_NC_000913.3_4233124-4233721_ext_260-460_int_140_off_15_percentage_62_position_1-122 genomicbackground,3455,6,3455_6
query_3456,0,genomicbackground,1,riboswitch,0.9115667939186096,3456_6_RF00168_6_NC_000913.3_4233124-4233721_ext_260-460_int_140_off_20_percentage_59_position_1-117 genomicbackground,3456,6,3456_6
query_3457,0,genomicbackground,1,riboswitch,0.9607310891151428,3457_6_RF00168_6_NC_000913.3_4233124-4233721_ext_260-460_int_140_off_25_percentage_57_position_1-112 genomicbackground,3457,6,3457_6
query_3458,0,genomicbackground,1,riboswitch,0.9109194278717041,3458_6_RF00168_6_NC_000913.3_4233124-4233721_ext_260-460_int_140_off_30_percentage_54_position_1-107 genomicbackground,3458,6,3458_6
query_3459,0,genomicbackground,1,riboswitch,0.9822142720222473,3459_6_RF00168_6_NC_000913.3_4233124-4233721_ext_260-460_int_140_off_35_percentage_52_position_1-102 genomicbackground,3459,6,3459_6
query_3460,0,genomicbackground,1,riboswitch,0.8221264481544495,3460_6_RF00168_6_NC_000913.3_4233124-4233721_ext_260-460_int_140_off_40_percentage_49_position_1-97 genomicbackground,3460,6,3460_6
query_3461,0,genomicbackground,1,riboswitch,0.9327824711799622,3461_6_RF00168_6_NC_000913.3_4233124-4233721_ext_260-460_int_140_off_45_percentage_47_position_1-92 genomicbackground,3461,6,3461_6
query_3462,0,genomicbackground,1,riboswitch,0.9549436569213867,3462_6_RF00168_6_NC_000913.3_4233124-4233721_ext_260-460_int_140_off_50_percentage_44_position_1-87 genomicbackground,3462,6,3462_6
query_3463,0,genomicbackground,1,riboswitch,0.9602238535881042,3463_6_RF00168_6_NC_000913.3_4233124-4233721_ext_260-460_int_140_off_55_percentage_42_position_1-82 genomicbackground,3463,6,3463_6
query_3464,0,genomicbackground,1,riboswitch,0.9028155207633972,3464_6_RF00168_6_NC_000913.3_4233124-4233721_ext_260-460_int_140_off_60_percentage_39_position_1-77 genomicbackground,3464,6,3464_6
query_3465,0,genomicbackground,1,riboswitch,0.9862170219421387,3465_6_RF00168_6_NC_000913.3_4233124-4233721_ext_260-460_int_145_off_0_percentage_70_position_1-137 genomicbackground,3465,6,3465_6
query_3466,0,genomicbackground,1,riboswitch,0.954470157623291,3466_6_RF00168_6_NC_000913.3_4233124-4233721_ext_260-460_int_145_off_5_percentage_67_position_1-132 genomicbackground,3466,6,3466_6
query_3467,0,genomicbackground,1,riboswitch,0.9305655360221863,3467_6_RF00168_6_NC_000913.3_4233124-4233721_ext_260-460_int_145_off_10_percentage_64_position_1-127 genomicbackground,3467,6,3467_6
query_3468,0,genomicbackground,1,riboswitch,0.8354684710502625,3468_6_RF00168_6_NC_000913.3_4233124-4233721_ext_260-460_int_145_off_15_percentage_62_position_1-122 genomicbackground,3468,6,3468_6
query_3469,0,genomicbackground,1,riboswitch,0.8694912195205688,3469_6_RF00168_6_NC_000913.3_4233124-4233721_ext_260-460_int_145_off_20_percentage_59_position_1-117 genomicbackground,3469,6,3469_6
query_3470,0,genomicbackground,0,genomicbackground,0.37381571531295776,3470_6_RF00168_6_NC_000913.3_4233124-4233721_ext_260-460_int_145_off_25_percentage_57_position_1-112 genomicbackground,3470,6,3470_6
query_3471,0,genomicbackground,1,riboswitch,0.9283455014228821,3471_6_RF00168_6_NC_000913.3_4233124-4233721_ext_260-460_int_145_off_30_percentage_54_position_1-107 genomicbackground,3471,6,3471_6
query_3472,0,genomicbackground,1,riboswitch,0.8299493193626404,3472_6_RF00168_6_NC_000913.3_4233124-4233721_ext_260-460_int_145_off_35_percentage_52_position_1-102 genomicbackground,3472,6,3472_6
query_3473,0,genomicbackground,1,riboswitch,0.848761260509491,3473_6_RF00168_6_NC_000913.3_4233124-4233721_ext_260-460_int_145_off_40_percentage_49_position_1-97 genomicbackground,3473,6,3473_6
query_3474,0,genomicbackground,1,riboswitch,0.9325053095817566,3474_6_RF00168_6_NC_000913.3_4233124-4233721_ext_260-460_int_145_off_45_percentage_47_position_1-92 genomicbackground,3474,6,3474_6
query_3475,0,genomicbackground,1,riboswitch,0.8786503076553345,3475_6_RF00168_6_NC_000913.3_4233124-4233721_ext_260-460_int_145_off_50_percentage_44_position_1-87 genomicbackground,3475,6,3475_6
query_3476,0,genomicbackground,1,riboswitch,0.958423912525177,3476_6_RF00168_6_NC_000913.3_4233124-4233721_ext_260-460_int_145_off_55_percentage_42_position_1-82 genomicbackground,3476,6,3476_6
query_3477,0,genomicbackground,1,riboswitch,0.9890183210372925,3477_6_RF00168_6_NC_000913.3_4233124-4233721_ext_260-460_int_150_off_0_percentage_70_position_1-137 genomicbackground,3477,6,3477_6
query_3478,0,genomicbackground,1,riboswitch,0.9580299854278564,3478_6_RF00168_6_NC_000913.3_4233124-4233721_ext_260-460_int_150_off_5_percentage_67_position_1-132 genomicbackground,3478,6,3478_6
query_3479,0,genomicbackground,1,riboswitch,0.9418973922729492,3479_6_RF00168_6_NC_000913.3_4233124-4233721_ext_260-460_int_150_off_10_percentage_64_position_1-127 genomicbackground,3479,6,3479_6
query_3480,0,genomicbackground,1,riboswitch,0.8492809534072876,3480_6_RF00168_6_NC_000913.3_4233124-4233721_ext_260-460_int_150_off_15_percentage_62_position_1-122 genomicbackground,3480,6,3480_6
query_3481,0,genomicbackground,1,riboswitch,0.6951320767402649,3481_6_RF00168_6_NC_000913.3_4233124-4233721_ext_260-460_int_150_off_20_percentage_59_position_1-117 genomicbackground,3481,6,3481_6
query_3482,0,genomicbackground,1,riboswitch,0.6346102952957153,3482_6_RF00168_6_NC_000913.3_4233124-4233721_ext_260-460_int_150_off_25_percentage_57_position_1-112 genomicbackground,3482,6,3482_6
query_3483,0,genomicbackground,1,riboswitch,0.5774107575416565,3483_6_RF00168_6_NC_000913.3_4233124-4233721_ext_260-460_int_150_off_30_percentage_54_position_1-107 genomicbackground,3483,6,3483_6
query_3484,0,genomicbackground,1,riboswitch,0.8237210512161255,3484_6_RF00168_6_NC_000913.3_4233124-4233721_ext_260-460_int_150_off_35_percentage_52_position_1-102 genomicbackground,3484,6,3484_6
query_3485,0,genomicbackground,1,riboswitch,0.9239426255226135,3485_6_RF00168_6_NC_000913.3_4233124-4233721_ext_260-460_int_150_off_40_percentage_49_position_1-97 genomicbackground,3485,6,3485_6
query_3486,0,genomicbackground,1,riboswitch,0.8401868939399719,3486_6_RF00168_6_NC_000913.3_4233124-4233721_ext_260-460_int_150_off_45_percentage_47_position_1-92 genomicbackground,3486,6,3486_6
query_3487,0,genomicbackground,1,riboswitch,0.9190786480903625,3487_6_RF00168_6_NC_000913.3_4233124-4233721_ext_260-460_int_150_off_50_percentage_44_position_1-87 genomicbackground,3487,6,3487_6
query_3488,0,genomicbackground,1,riboswitch,0.9889877438545227,3488_6_RF00168_6_NC_000913.3_4233124-4233721_ext_260-460_int_155_off_0_percentage_70_position_1-137 genomicbackground,3488,6,3488_6
query_3489,0,genomicbackground,1,riboswitch,0.9528535008430481,3489_6_RF00168_6_NC_000913.3_4233124-4233721_ext_260-460_int_155_off_5_percentage_67_position_1-132 genomicbackground,3489,6,3489_6
query_3490,0,genomicbackground,1,riboswitch,0.9060924053192139,3490_6_RF00168_6_NC_000913.3_4233124-4233721_ext_260-460_int_155_off_10_percentage_64_position_1-127 genomicbackground,3490,6,3490_6
query_3491,0,genomicbackground,1,riboswitch,0.8033824563026428,3491_6_RF00168_6_NC_000913.3_4233124-4233721_ext_260-460_int_155_off_15_percentage_62_position_1-122 genomicbackground,3491,6,3491_6
query_3492,0,genomicbackground,1,riboswitch,0.8331252932548523,3492_6_RF00168_6_NC_000913.3_4233124-4233721_ext_260-460_int_155_off_20_percentage_59_position_1-117 genomicbackground,3492,6,3492_6
query_3493,0,genomicbackground,0,genomicbackground,0.3543531894683838,3493_6_RF00168_6_NC_000913.3_4233124-4233721_ext_260-460_int_155_off_25_percentage_57_position_1-112 genomicbackground,3493,6,3493_6
query_3494,0,genomicbackground,1,riboswitch,0.7573562264442444,3494_6_RF00168_6_NC_000913.3_4233124-4233721_ext_260-460_int_155_off_30_percentage_54_position_1-107 genomicbackground,3494,6,3494_6
query_3495,0,genomicbackground,1,riboswitch,0.9293556809425354,3495_6_RF00168_6_NC_000913.3_4233124-4233721_ext_260-460_int_155_off_35_percentage_52_position_1-102 genomicbackground,3495,6,3495_6
query_3496,0,genomicbackground,1,riboswitch,0.8064531087875366,3496_6_RF00168_6_NC_000913.3_4233124-4233721_ext_260-460_int_155_off_40_percentage_49_position_1-97 genomicbackground,3496,6,3496_6
query_3497,0,genomicbackground,1,riboswitch,0.906115710735321,3497_6_RF00168_6_NC_000913.3_4233124-4233721_ext_260-460_int_155_off_45_percentage_47_position_1-92 genomicbackground,3497,6,3497_6
query_3498,0,genomicbackground,1,riboswitch,0.9862637519836426,3498_6_RF00168_6_NC_000913.3_4233124-4233721_ext_260-460_int_160_off_0_percentage_70_position_1-137 genomicbackground,3498,6,3498_6
query_3499,0,genomicbackground,1,riboswitch,0.8837829828262329,3499_6_RF00168_6_NC_000913.3_4233124-4233721_ext_260-460_int_160_off_5_percentage_67_position_1-132 genomicbackground,3499,6,3499_6
query_3500,0,genomicbackground,1,riboswitch,0.5645334124565125,3500_6_RF00168_6_NC_000913.3_4233124-4233721_ext_260-460_int_160_off_10_percentage_64_position_1-127 genomicbackground,3500,6,3500_6
query_3501,0,genomicbackground,1,riboswitch,0.916295051574707,3501_6_RF00168_6_NC_000913.3_4233124-4233721_ext_260-460_int_160_off_15_percentage_62_position_1-122 genomicbackground,3501,6,3501_6
query_3502,0,genomicbackground,1,riboswitch,0.5296746492385864,3502_6_RF00168_6_NC_000913.3_4233124-4233721_ext_260-460_int_160_off_20_percentage_59_position_1-117 genomicbackground,3502,6,3502_6
query_3503,0,genomicbackground,1,riboswitch,0.5240728259086609,3503_6_RF00168_6_NC_000913.3_4233124-4233721_ext_260-460_int_160_off_25_percentage_57_position_1-112 genomicbackground,3503,6,3503_6
query_3504,0,genomicbackground,1,riboswitch,0.8515716791152954,3504_6_RF00168_6_NC_000913.3_4233124-4233721_ext_260-460_int_160_off_30_percentage_54_position_1-107 genomicbackground,3504,6,3504_6
query_3505,0,genomicbackground,1,riboswitch,0.8253033757209778,3505_6_RF00168_6_NC_000913.3_4233124-4233721_ext_260-460_int_160_off_35_percentage_52_position_1-102 genomicbackground,3505,6,3505_6
query_3506,0,genomicbackground,1,riboswitch,0.8912230730056763,3506_6_RF00168_6_NC_000913.3_4233124-4233721_ext_260-460_int_160_off_40_percentage_49_position_1-97 genomicbackground,3506,6,3506_6
query_3507,0,genomicbackground,1,riboswitch,0.9875122904777527,3507_6_RF00168_6_NC_000913.3_4233124-4233721_ext_260-460_int_165_off_0_percentage_70_position_1-137 genomicbackground,3507,6,3507_6
query_3508,0,genomicbackground,1,riboswitch,0.9105145335197449,3508_6_RF00168_6_NC_000913.3_4233124-4233721_ext_260-460_int_165_off_5_percentage_67_position_1-132 genomicbackground,3508,6,3508_6
query_3509,0,genomicbackground,1,riboswitch,0.768515944480896,3509_6_RF00168_6_NC_000913.3_4233124-4233721_ext_260-460_int_165_off_10_percentage_64_position_1-127 genomicbackground,3509,6,3509_6
query_3510,0,genomicbackground,0,genomicbackground,0.43256303668022156,3510_6_RF00168_6_NC_000913.3_4233124-4233721_ext_260-460_int_165_off_15_percentage_62_position_1-122 genomicbackground,3510,6,3510_6
query_3511,0,genomicbackground,0,genomicbackground,0.4860162138938904,3511_6_RF00168_6_NC_000913.3_4233124-4233721_ext_260-460_int_165_off_20_percentage_59_position_1-117 genomicbackground,3511,6,3511_6
query_3512,0,genomicbackground,1,riboswitch,0.5446911454200745,3512_6_RF00168_6_NC_000913.3_4233124-4233721_ext_260-460_int_165_off_25_percentage_57_position_1-112 genomicbackground,3512,6,3512_6
query_3513,0,genomicbackground,1,riboswitch,0.6795588731765747,3513_6_RF00168_6_NC_000913.3_4233124-4233721_ext_260-460_int_165_off_30_percentage_54_position_1-107 genomicbackground,3513,6,3513_6
query_3514,0,genomicbackground,1,riboswitch,0.9630184173583984,3514_6_RF00168_6_NC_000913.3_4233124-4233721_ext_260-460_int_165_off_35_percentage_52_position_1-102 genomicbackground,3514,6,3514_6
query_3515,0,genomicbackground,1,riboswitch,0.9610651135444641,3515_6_RF00168_6_NC_000913.3_4233124-4233721_ext_260-460_int_170_off_0_percentage_70_position_1-137 genomicbackground,3515,6,3515_6
query_3516,0,genomicbackground,1,riboswitch,0.9535058736801147,3516_6_RF00168_6_NC_000913.3_4233124-4233721_ext_260-460_int_170_off_5_percentage_67_position_1-132 genomicbackground,3516,6,3516_6
query_3517,0,genomicbackground,0,genomicbackground,0.41260844469070435,3517_6_RF00168_6_NC_000913.3_4233124-4233721_ext_260-460_int_170_off_10_percentage_64_position_1-127 genomicbackground,3517,6,3517_6
query_3518,0,genomicbackground,0,genomicbackground,0.40019312500953674,3518_6_RF00168_6_NC_000913.3_4233124-4233721_ext_260-460_int_170_off_15_percentage_62_position_1-122 genomicbackground,3518,6,3518_6
query_3519,0,genomicbackground,1,riboswitch,0.8313969969749451,3519_6_RF00168_6_NC_000913.3_4233124-4233721_ext_260-460_int_170_off_20_percentage_59_position_1-117 genomicbackground,3519,6,3519_6
query_3520,0,genomicbackground,0,genomicbackground,0.3583123981952667,3520_6_RF00168_6_NC_000913.3_4233124-4233721_ext_260-460_int_170_off_25_percentage_57_position_1-112 genomicbackground,3520,6,3520_6
query_3521,0,genomicbackground,1,riboswitch,0.6674252152442932,3521_6_RF00168_6_NC_000913.3_4233124-4233721_ext_260-460_int_170_off_30_percentage_54_position_1-107 genomicbackground,3521,6,3521_6
query_3522,0,genomicbackground,1,riboswitch,0.9430474638938904,3522_6_RF00168_6_NC_000913.3_4233124-4233721_ext_260-460_int_175_off_0_percentage_70_position_1-137 genomicbackground,3522,6,3522_6
query_3523,0,genomicbackground,1,riboswitch,0.9669771194458008,3523_6_RF00168_6_NC_000913.3_4233124-4233721_ext_260-460_int_175_off_5_percentage_67_position_1-132 genomicbackground,3523,6,3523_6
query_3524,0,genomicbackground,0,genomicbackground,0.3392804265022278,3524_6_RF00168_6_NC_000913.3_4233124-4233721_ext_260-460_int_175_off_10_percentage_64_position_1-127 genomicbackground,3524,6,3524_6
query_3525,0,genomicbackground,1,riboswitch,0.7714738845825195,3525_6_RF00168_6_NC_000913.3_4233124-4233721_ext_260-460_int_175_off_15_percentage_62_position_1-122 genomicbackground,3525,6,3525_6
query_3526,0,genomicbackground,1,riboswitch,0.7422997355461121,3526_6_RF00168_6_NC_000913.3_4233124-4233721_ext_260-460_int_175_off_20_percentage_59_position_1-117 genomicbackground,3526,6,3526_6
query_3527,0,genomicbackground,1,riboswitch,0.5081939697265625,3527_6_RF00168_6_NC_000913.3_4233124-4233721_ext_260-460_int_175_off_25_percentage_57_position_1-112 genomicbackground,3527,6,3527_6
query_3528,0,genomicbackground,1,riboswitch,0.9501941204071045,3528_6_RF00168_6_NC_000913.3_4233124-4233721_ext_260-460_int_180_off_0_percentage_70_position_1-137 genomicbackground,3528,6,3528_6
query_3529,0,genomicbackground,1,riboswitch,0.9741852879524231,3529_6_RF00168_6_NC_000913.3_4233124-4233721_ext_260-460_int_180_off_5_percentage_67_position_1-132 genomicbackground,3529,6,3529_6
query_3530,0,genomicbackground,1,riboswitch,0.5927268862724304,3530_6_RF00168_6_NC_000913.3_4233124-4233721_ext_260-460_int_180_off_10_percentage_64_position_1-127 genomicbackground,3530,6,3530_6
query_3531,0,genomicbackground,1,riboswitch,0.7340235710144043,3531_6_RF00168_6_NC_000913.3_4233124-4233721_ext_260-460_int_180_off_15_percentage_62_position_1-122 genomicbackground,3531,6,3531_6
query_3532,0,genomicbackground,1,riboswitch,0.7489697337150574,3532_6_RF00168_6_NC_000913.3_4233124-4233721_ext_260-460_int_180_off_20_percentage_59_position_1-117 genomicbackground,3532,6,3532_6
query_3533,0,genomicbackground,1,riboswitch,0.9760990738868713,3533_6_RF00168_6_NC_000913.3_4233124-4233721_ext_260-460_int_185_off_0_percentage_70_position_1-137 genomicbackground,3533,6,3533_6
query_3534,0,genomicbackground,1,riboswitch,0.8885778784751892,3534_6_RF00168_6_NC_000913.3_4233124-4233721_ext_260-460_int_185_off_5_percentage_67_position_1-132 genomicbackground,3534,6,3534_6
query_3535,0,genomicbackground,0,genomicbackground,0.49485868215560913,3535_6_RF00168_6_NC_000913.3_4233124-4233721_ext_260-460_int_185_off_10_percentage_64_position_1-127 genomicbackground,3535,6,3535_6
query_3536,0,genomicbackground,1,riboswitch,0.9331300854682922,3536_6_RF00168_6_NC_000913.3_4233124-4233721_ext_260-460_int_185_off_15_percentage_62_position_1-122 genomicbackground,3536,6,3536_6
query_3537,0,genomicbackground,1,riboswitch,0.8473794460296631,3537_6_RF00168_6_NC_000913.3_4233124-4233721_ext_260-460_int_190_off_0_percentage_70_position_1-137 genomicbackground,3537,6,3537_6
query_3538,0,genomicbackground,1,riboswitch,0.8902409672737122,3538_6_RF00168_6_NC_000913.3_4233124-4233721_ext_260-460_int_190_off_5_percentage_67_position_1-132 genomicbackground,3538,6,3538_6
query_3539,0,genomicbackground,1,riboswitch,0.7229553461074829,3539_6_RF00168_6_NC_000913.3_4233124-4233721_ext_260-460_int_190_off_10_percentage_64_position_1-127 genomicbackground,3539,6,3539_6
query_3540,0,genomicbackground,1,riboswitch,0.963817298412323,3540_6_RF00168_6_NC_000913.3_4233124-4233721_ext_260-460_int_195_off_0_percentage_70_position_1-137 genomicbackground,3540,6,3540_6
query_3541,0,genomicbackground,1,riboswitch,0.8808445930480957,3541_6_RF00168_6_NC_000913.3_4233124-4233721_ext_260-460_int_195_off_5_percentage_67_position_1-132 genomicbackground,3541,6,3541_6
query_3542,0,genomicbackground,1,riboswitch,0.9583285450935364,3542_6_RF00168_6_NC_000913.3_4233124-4233721_ext_260-460_int_200_off_0_percentage_70_position_1-137 genomicbackground,3542,6,3542_6
query_3543,0,genomicbackground,1,riboswitch,0.9036927819252014,3543_6_RF00168_6_NC_000913.3_4233124-4233721_ext_280-480_int_95_off_0_percentage_48_position_1-95 genomicbackground,3543,6,3543_6
query_3544,0,genomicbackground,1,riboswitch,0.7648373246192932,3544_6_RF00168_6_NC_000913.3_4233124-4233721_ext_280-480_int_95_off_5_percentage_48_position_1-95 genomicbackground,3544,6,3544_6
query_3545,0,genomicbackground,1,riboswitch,0.8834311366081238,3545_6_RF00168_6_NC_000913.3_4233124-4233721_ext_280-480_int_95_off_10_percentage_48_position_1-95 genomicbackground,3545,6,3545_6
query_3546,0,genomicbackground,1,riboswitch,0.9797159433364868,3546_6_RF00168_6_NC_000913.3_4233124-4233721_ext_280-480_int_95_off_15_percentage_48_position_1-95 genomicbackground,3546,6,3546_6
query_3547,0,genomicbackground,1,riboswitch,0.9898444414138794,3547_6_RF00168_6_NC_000913.3_4233124-4233721_ext_280-480_int_95_off_20_percentage_48_position_1-95 genomicbackground,3547,6,3547_6
query_3548,0,genomicbackground,1,riboswitch,0.9926491379737854,3548_6_RF00168_6_NC_000913.3_4233124-4233721_ext_280-480_int_95_off_25_percentage_47_position_1-92 genomicbackground,3548,6,3548_6
query_3549,0,genomicbackground,1,riboswitch,0.9930554032325745,3549_6_RF00168_6_NC_000913.3_4233124-4233721_ext_280-480_int_95_off_30_percentage_44_position_1-87 genomicbackground,3549,6,3549_6
query_3550,0,genomicbackground,1,riboswitch,0.9930435419082642,3550_6_RF00168_6_NC_000913.3_4233124-4233721_ext_280-480_int_95_off_35_percentage_42_position_1-82 genomicbackground,3550,6,3550_6
query_3551,0,genomicbackground,1,riboswitch,0.9882984161376953,3551_6_RF00168_6_NC_000913.3_4233124-4233721_ext_280-480_int_95_off_40_percentage_39_position_1-77 genomicbackground,3551,6,3551_6
query_3552,0,genomicbackground,1,riboswitch,0.9116940498352051,3552_6_RF00168_6_NC_000913.3_4233124-4233721_ext_280-480_int_95_off_45_percentage_37_position_1-72 genomicbackground,3552,6,3552_6
query_3553,0,genomicbackground,1,riboswitch,0.9824157357215881,3553_6_RF00168_6_NC_000913.3_4233124-4233721_ext_280-480_int_95_off_50_percentage_34_position_1-67 genomicbackground,3553,6,3553_6
query_3554,0,genomicbackground,1,riboswitch,0.6939497590065002,3554_6_RF00168_6_NC_000913.3_4233124-4233721_ext_280-480_int_95_off_55_percentage_31_position_1-62 genomicbackground,3554,6,3554_6
query_3555,0,genomicbackground,1,riboswitch,0.6620711088180542,3555_6_RF00168_6_NC_000913.3_4233124-4233721_ext_280-480_int_95_off_60_percentage_29_position_1-57 genomicbackground,3555,6,3555_6
query_3556,0,genomicbackground,0,genomicbackground,0.14250491559505463,3556_6_RF00168_6_NC_000913.3_4233124-4233721_ext_280-480_int_95_off_65_percentage_26_position_1-52 genomicbackground,3556,6,3556_6
query_3557,0,genomicbackground,0,genomicbackground,0.012996257282793522,3557_6_RF00168_6_NC_000913.3_4233124-4233721_ext_280-480_int_95_off_70_percentage_24_position_1-47 genomicbackground,3557,6,3557_6
query_3558,0,genomicbackground,0,genomicbackground,0.06415360420942307,3558_6_RF00168_6_NC_000913.3_4233124-4233721_ext_280-480_int_95_off_75_percentage_21_position_1-42 genomicbackground,3558,6,3558_6
query_3559,0,genomicbackground,0,genomicbackground,0.051709629595279694,3559_6_RF00168_6_NC_000913.3_4233124-4233721_ext_280-480_int_95_off_80_percentage_19_position_1-37 genomicbackground,3559,6,3559_6
query_3560,0,genomicbackground,1,riboswitch,0.6892957091331482,3560_6_RF00168_6_NC_000913.3_4233124-4233721_ext_280-480_int_95_off_85_percentage_16_position_1-32 genomicbackground,3560,6,3560_6
query_3561,0,genomicbackground,0,genomicbackground,0.15227848291397095,3561_6_RF00168_6_NC_000913.3_4233124-4233721_ext_280-480_int_95_off_90_percentage_14_position_1-27 genomicbackground,3561,6,3561_6
query_3562,0,genomicbackground,0,genomicbackground,0.18809179961681366,3562_6_RF00168_6_NC_000913.3_4233124-4233721_ext_280-480_int_95_off_95_percentage_11_position_1-22 genomicbackground,3562,6,3562_6
query_3563,0,genomicbackground,0,genomicbackground,0.07996626198291779,3563_6_RF00168_6_NC_000913.3_4233124-4233721_ext_280-480_int_95_off_100_percentage_9_position_1-17 genomicbackground,3563,6,3563_6
query_3564,0,genomicbackground,1,riboswitch,0.9865962862968445,3564_6_RF00168_6_NC_000913.3_4233124-4233721_ext_280-480_int_95_off_105_percentage_6_position_1-12 genomicbackground,3564,6,3564_6
query_3565,0,genomicbackground,1,riboswitch,0.7144153714179993,3565_6_RF00168_6_NC_000913.3_4233124-4233721_ext_280-480_int_100_off_0_percentage_51_position_1-100 genomicbackground,3565,6,3565_6
query_3566,0,genomicbackground,1,riboswitch,0.7352505922317505,3566_6_RF00168_6_NC_000913.3_4233124-4233721_ext_280-480_int_100_off_5_percentage_51_position_1-100 genomicbackground,3566,6,3566_6
query_3567,0,genomicbackground,1,riboswitch,0.642125129699707,3567_6_RF00168_6_NC_000913.3_4233124-4233721_ext_280-480_int_100_off_10_percentage_51_position_1-100 genomicbackground,3567,6,3567_6
query_3568,0,genomicbackground,1,riboswitch,0.9597490429878235,3568_6_RF00168_6_NC_000913.3_4233124-4233721_ext_280-480_int_100_off_15_percentage_51_position_1-100 genomicbackground,3568,6,3568_6
query_3569,0,genomicbackground,1,riboswitch,0.8251569271087646,3569_6_RF00168_6_NC_000913.3_4233124-4233721_ext_280-480_int_100_off_20_percentage_49_position_1-97 genomicbackground,3569,6,3569_6
query_3570,0,genomicbackground,1,riboswitch,0.9917174577713013,3570_6_RF00168_6_NC_000913.3_4233124-4233721_ext_280-480_int_100_off_25_percentage_47_position_1-92 genomicbackground,3570,6,3570_6
query_3571,0,genomicbackground,1,riboswitch,0.9932159781455994,3571_6_RF00168_6_NC_000913.3_4233124-4233721_ext_280-480_int_100_off_30_percentage_44_position_1-87 genomicbackground,3571,6,3571_6
query_3572,0,genomicbackground,1,riboswitch,0.9931544065475464,3572_6_RF00168_6_NC_000913.3_4233124-4233721_ext_280-480_int_100_off_35_percentage_42_position_1-82 genomicbackground,3572,6,3572_6
query_3573,0,genomicbackground,1,riboswitch,0.9809542894363403,3573_6_RF00168_6_NC_000913.3_4233124-4233721_ext_280-480_int_100_off_40_percentage_39_position_1-77 genomicbackground,3573,6,3573_6
query_3574,0,genomicbackground,1,riboswitch,0.907453179359436,3574_6_RF00168_6_NC_000913.3_4233124-4233721_ext_280-480_int_100_off_45_percentage_37_position_1-72 genomicbackground,3574,6,3574_6
query_3575,0,genomicbackground,1,riboswitch,0.9126187562942505,3575_6_RF00168_6_NC_000913.3_4233124-4233721_ext_280-480_int_100_off_50_percentage_34_position_1-67 genomicbackground,3575,6,3575_6
query_3576,0,genomicbackground,0,genomicbackground,0.17622248828411102,3576_6_RF00168_6_NC_000913.3_4233124-4233721_ext_280-480_int_100_off_55_percentage_31_position_1-62 genomicbackground,3576,6,3576_6
query_3577,0,genomicbackground,0,genomicbackground,0.20444200932979584,3577_6_RF00168_6_NC_000913.3_4233124-4233721_ext_280-480_int_100_off_60_percentage_29_position_1-57 genomicbackground,3577,6,3577_6
query_3578,0,genomicbackground,0,genomicbackground,0.10129370540380478,3578_6_RF00168_6_NC_000913.3_4233124-4233721_ext_280-480_int_100_off_65_percentage_26_position_1-52 genomicbackground,3578,6,3578_6
query_3579,0,genomicbackground,0,genomicbackground,0.04791633412241936,3579_6_RF00168_6_NC_000913.3_4233124-4233721_ext_280-480_int_100_off_70_percentage_24_position_1-47 genomicbackground,3579,6,3579_6
query_3580,0,genomicbackground,0,genomicbackground,0.07334668934345245,3580_6_RF00168_6_NC_000913.3_4233124-4233721_ext_280-480_int_100_off_75_percentage_21_position_1-42 genomicbackground,3580,6,3580_6
query_3581,0,genomicbackground,0,genomicbackground,0.31573542952537537,3581_6_RF00168_6_NC_000913.3_4233124-4233721_ext_280-480_int_100_off_80_percentage_19_position_1-37 genomicbackground,3581,6,3581_6
query_3582,0,genomicbackground,1,riboswitch,0.9703029990196228,3582_6_RF00168_6_NC_000913.3_4233124-4233721_ext_280-480_int_100_off_85_percentage_16_position_1-32 genomicbackground,3582,6,3582_6
query_3583,0,genomicbackground,0,genomicbackground,0.19867070019245148,3583_6_RF00168_6_NC_000913.3_4233124-4233721_ext_280-480_int_100_off_90_percentage_14_position_1-27 genomicbackground,3583,6,3583_6
query_3584,0,genomicbackground,0,genomicbackground,0.3163509666919708,3584_6_RF00168_6_NC_000913.3_4233124-4233721_ext_280-480_int_100_off_95_percentage_11_position_1-22 genomicbackground,3584,6,3584_6
query_3585,0,genomicbackground,0,genomicbackground,0.22273534536361694,3585_6_RF00168_6_NC_000913.3_4233124-4233721_ext_280-480_int_100_off_100_percentage_9_position_1-17 genomicbackground,3585,6,3585_6
query_3586,0,genomicbackground,1,riboswitch,0.7715003490447998,3586_6_RF00168_6_NC_000913.3_4233124-4233721_ext_280-480_int_105_off_0_percentage_53_position_1-105 genomicbackground,3586,6,3586_6
query_3587,0,genomicbackground,1,riboswitch,0.6688709855079651,3587_6_RF00168_6_NC_000913.3_4233124-4233721_ext_280-480_int_105_off_5_percentage_53_position_1-105 genomicbackground,3587,6,3587_6
query_3588,0,genomicbackground,1,riboswitch,0.975172221660614,3588_6_RF00168_6_NC_000913.3_4233124-4233721_ext_280-480_int_105_off_10_percentage_53_position_1-105 genomicbackground,3588,6,3588_6
query_3589,0,genomicbackground,1,riboswitch,0.9768373370170593,3589_6_RF00168_6_NC_000913.3_4233124-4233721_ext_280-480_int_105_off_15_percentage_52_position_1-102 genomicbackground,3589,6,3589_6
query_3590,0,genomicbackground,1,riboswitch,0.7391259074211121,3590_6_RF00168_6_NC_000913.3_4233124-4233721_ext_280-480_int_105_off_20_percentage_49_position_1-97 genomicbackground,3590,6,3590_6
query_3591,0,genomicbackground,1,riboswitch,0.9918410778045654,3591_6_RF00168_6_NC_000913.3_4233124-4233721_ext_280-480_int_105_off_25_percentage_47_position_1-92 genomicbackground,3591,6,3591_6
query_3592,0,genomicbackground,1,riboswitch,0.9930094480514526,3592_6_RF00168_6_NC_000913.3_4233124-4233721_ext_280-480_int_105_off_30_percentage_44_position_1-87 genomicbackground,3592,6,3592_6
query_3593,0,genomicbackground,1,riboswitch,0.9930001497268677,3593_6_RF00168_6_NC_000913.3_4233124-4233721_ext_280-480_int_105_off_35_percentage_42_position_1-82 genomicbackground,3593,6,3593_6
query_3594,0,genomicbackground,1,riboswitch,0.9270560145378113,3594_6_RF00168_6_NC_000913.3_4233124-4233721_ext_280-480_int_105_off_40_percentage_39_position_1-77 genomicbackground,3594,6,3594_6
query_3595,0,genomicbackground,0,genomicbackground,0.19266633689403534,3595_6_RF00168_6_NC_000913.3_4233124-4233721_ext_280-480_int_105_off_45_percentage_37_position_1-72 genomicbackground,3595,6,3595_6
query_3596,0,genomicbackground,0,genomicbackground,0.14605847001075745,3596_6_RF00168_6_NC_000913.3_4233124-4233721_ext_280-480_int_105_off_50_percentage_34_position_1-67 genomicbackground,3596,6,3596_6
query_3597,0,genomicbackground,0,genomicbackground,0.18413305282592773,3597_6_RF00168_6_NC_000913.3_4233124-4233721_ext_280-480_int_105_off_55_percentage_31_position_1-62 genomicbackground,3597,6,3597_6
query_3598,0,genomicbackground,0,genomicbackground,0.46792563796043396,3598_6_RF00168_6_NC_000913.3_4233124-4233721_ext_280-480_int_105_off_60_percentage_29_position_1-57 genomicbackground,3598,6,3598_6
query_3599,0,genomicbackground,0,genomicbackground,0.37289050221443176,3599_6_RF00168_6_NC_000913.3_4233124-4233721_ext_280-480_int_105_off_65_percentage_26_position_1-52 genomicbackground,3599,6,3599_6
query_3600,0,genomicbackground,0,genomicbackground,0.04141475632786751,3600_6_RF00168_6_NC_000913.3_4233124-4233721_ext_280-480_int_105_off_70_percentage_24_position_1-47 genomicbackground,3600,6,3600_6
query_3601,0,genomicbackground,0,genomicbackground,0.12322138994932175,3601_6_RF00168_6_NC_000913.3_4233124-4233721_ext_280-480_int_105_off_75_percentage_21_position_1-42 genomicbackground,3601,6,3601_6
query_3602,0,genomicbackground,1,riboswitch,0.657700777053833,3602_6_RF00168_6_NC_000913.3_4233124-4233721_ext_280-480_int_105_off_80_percentage_19_position_1-37 genomicbackground,3602,6,3602_6
query_3603,0,genomicbackground,1,riboswitch,0.6641616225242615,3603_6_RF00168_6_NC_000913.3_4233124-4233721_ext_280-480_int_105_off_85_percentage_16_position_1-32 genomicbackground,3603,6,3603_6
query_3604,0,genomicbackground,0,genomicbackground,0.2406359165906906,3604_6_RF00168_6_NC_000913.3_4233124-4233721_ext_280-480_int_105_off_90_percentage_14_position_1-27 genomicbackground,3604,6,3604_6
query_3605,0,genomicbackground,1,riboswitch,0.5088097453117371,3605_6_RF00168_6_NC_000913.3_4233124-4233721_ext_280-480_int_105_off_95_percentage_11_position_1-22 genomicbackground,3605,6,3605_6
query_3606,0,genomicbackground,1,riboswitch,0.8478060960769653,3606_6_RF00168_6_NC_000913.3_4233124-4233721_ext_280-480_int_110_off_0_percentage_56_position_1-110 genomicbackground,3606,6,3606_6
query_3607,0,genomicbackground,1,riboswitch,0.9405689239501953,3607_6_RF00168_6_NC_000913.3_4233124-4233721_ext_280-480_int_110_off_5_percentage_56_position_1-110 genomicbackground,3607,6,3607_6
query_3608,0,genomicbackground,0,genomicbackground,0.3490937054157257,3608_6_RF00168_6_NC_000913.3_4233124-4233721_ext_280-480_int_110_off_10_percentage_54_position_1-107 genomicbackground,3608,6,3608_6
query_3609,0,genomicbackground,1,riboswitch,0.9846046566963196,3609_6_RF00168_6_NC_000913.3_4233124-4233721_ext_280-480_int_110_off_15_percentage_52_position_1-102 genomicbackground,3609,6,3609_6
query_3610,0,genomicbackground,1,riboswitch,0.7365887761116028,3610_6_RF00168_6_NC_000913.3_4233124-4233721_ext_280-480_int_110_off_20_percentage_49_position_1-97 genomicbackground,3610,6,3610_6
query_3611,0,genomicbackground,1,riboswitch,0.9917916059494019,3611_6_RF00168_6_NC_000913.3_4233124-4233721_ext_280-480_int_110_off_25_percentage_47_position_1-92 genomicbackground,3611,6,3611_6
query_3612,0,genomicbackground,1,riboswitch,0.993093729019165,3612_6_RF00168_6_NC_000913.3_4233124-4233721_ext_280-480_int_110_off_30_percentage_44_position_1-87 genomicbackground,3612,6,3612_6
query_3613,0,genomicbackground,1,riboswitch,0.9915788173675537,3613_6_RF00168_6_NC_000913.3_4233124-4233721_ext_280-480_int_110_off_35_percentage_42_position_1-82 genomicbackground,3613,6,3613_6
query_3614,0,genomicbackground,1,riboswitch,0.9216737151145935,3614_6_RF00168_6_NC_000913.3_4233124-4233721_ext_280-480_int_110_off_40_percentage_39_position_1-77 genomicbackground,3614,6,3614_6
query_3615,0,genomicbackground,1,riboswitch,0.5834019780158997,3615_6_RF00168_6_NC_000913.3_4233124-4233721_ext_280-480_int_110_off_45_percentage_37_position_1-72 genomicbackground,3615,6,3615_6
query_3616,0,genomicbackground,0,genomicbackground,0.14984029531478882,3616_6_RF00168_6_NC_000913.3_4233124-4233721_ext_280-480_int_110_off_50_percentage_34_position_1-67 genomicbackground,3616,6,3616_6
query_3617,0,genomicbackground,0,genomicbackground,0.1487034410238266,3617_6_RF00168_6_NC_000913.3_4233124-4233721_ext_280-480_int_110_off_55_percentage_31_position_1-62 genomicbackground,3617,6,3617_6
query_3618,0,genomicbackground,0,genomicbackground,0.3014126420021057,3618_6_RF00168_6_NC_000913.3_4233124-4233721_ext_280-480_int_110_off_60_percentage_29_position_1-57 genomicbackground,3618,6,3618_6
query_3619,0,genomicbackground,0,genomicbackground,0.3124900162220001,3619_6_RF00168_6_NC_000913.3_4233124-4233721_ext_280-480_int_110_off_65_percentage_26_position_1-52 genomicbackground,3619,6,3619_6
query_3620,0,genomicbackground,0,genomicbackground,0.10818178206682205,3620_6_RF00168_6_NC_000913.3_4233124-4233721_ext_280-480_int_110_off_70_percentage_24_position_1-47 genomicbackground,3620,6,3620_6
query_3621,0,genomicbackground,0,genomicbackground,0.14456576108932495,3621_6_RF00168_6_NC_000913.3_4233124-4233721_ext_280-480_int_110_off_75_percentage_21_position_1-42 genomicbackground,3621,6,3621_6
query_3622,0,genomicbackground,0,genomicbackground,0.31057366728782654,3622_6_RF00168_6_NC_000913.3_4233124-4233721_ext_280-480_int_110_off_80_percentage_19_position_1-37 genomicbackground,3622,6,3622_6
query_3623,0,genomicbackground,1,riboswitch,0.949653685092926,3623_6_RF00168_6_NC_000913.3_4233124-4233721_ext_280-480_int_110_off_85_percentage_16_position_1-32 genomicbackground,3623,6,3623_6
query_3624,0,genomicbackground,1,riboswitch,0.6229802370071411,3624_6_RF00168_6_NC_000913.3_4233124-4233721_ext_280-480_int_110_off_90_percentage_14_position_1-27 genomicbackground,3624,6,3624_6
query_3625,0,genomicbackground,1,riboswitch,0.9227190017700195,3625_6_RF00168_6_NC_000913.3_4233124-4233721_ext_280-480_int_115_off_0_percentage_58_position_1-115 genomicbackground,3625,6,3625_6
query_3626,0,genomicbackground,1,riboswitch,0.9654124975204468,3626_6_RF00168_6_NC_000913.3_4233124-4233721_ext_280-480_int_115_off_5_percentage_57_position_1-112 genomicbackground,3626,6,3626_6
query_3627,0,genomicbackground,0,genomicbackground,0.28166139125823975,3627_6_RF00168_6_NC_000913.3_4233124-4233721_ext_280-480_int_115_off_10_percentage_54_position_1-107 genomicbackground,3627,6,3627_6
query_3628,0,genomicbackground,1,riboswitch,0.9857572913169861,3628_6_RF00168_6_NC_000913.3_4233124-4233721_ext_280-480_int_115_off_15_percentage_52_position_1-102 genomicbackground,3628,6,3628_6
query_3629,0,genomicbackground,1,riboswitch,0.7024879455566406,3629_6_RF00168_6_NC_000913.3_4233124-4233721_ext_280-480_int_115_off_20_percentage_49_position_1-97 genomicbackground,3629,6,3629_6
query_3630,0,genomicbackground,1,riboswitch,0.9924730062484741,3630_6_RF00168_6_NC_000913.3_4233124-4233721_ext_280-480_int_115_off_25_percentage_47_position_1-92 genomicbackground,3630,6,3630_6
query_3631,0,genomicbackground,1,riboswitch,0.9929298758506775,3631_6_RF00168_6_NC_000913.3_4233124-4233721_ext_280-480_int_115_off_30_percentage_44_position_1-87 genomicbackground,3631,6,3631_6
query_3632,0,genomicbackground,1,riboswitch,0.9903324246406555,3632_6_RF00168_6_NC_000913.3_4233124-4233721_ext_280-480_int_115_off_35_percentage_42_position_1-82 genomicbackground,3632,6,3632_6
query_3633,0,genomicbackground,1,riboswitch,0.8828500509262085,3633_6_RF00168_6_NC_000913.3_4233124-4233721_ext_280-480_int_115_off_40_percentage_39_position_1-77 genomicbackground,3633,6,3633_6
query_3634,0,genomicbackground,0,genomicbackground,0.2640845775604248,3634_6_RF00168_6_NC_000913.3_4233124-4233721_ext_280-480_int_115_off_45_percentage_37_position_1-72 genomicbackground,3634,6,3634_6
query_3635,0,genomicbackground,0,genomicbackground,0.0537223145365715,3635_6_RF00168_6_NC_000913.3_4233124-4233721_ext_280-480_int_115_off_50_percentage_34_position_1-67 genomicbackground,3635,6,3635_6
query_3636,0,genomicbackground,0,genomicbackground,0.4672631621360779,3636_6_RF00168_6_NC_000913.3_4233124-4233721_ext_280-480_int_115_off_55_percentage_31_position_1-62 genomicbackground,3636,6,3636_6
query_3637,0,genomicbackground,0,genomicbackground,0.24367967247962952,3637_6_RF00168_6_NC_000913.3_4233124-4233721_ext_280-480_int_115_off_60_percentage_29_position_1-57 genomicbackground,3637,6,3637_6
query_3638,0,genomicbackground,0,genomicbackground,0.272841215133667,3638_6_RF00168_6_NC_000913.3_4233124-4233721_ext_280-480_int_115_off_65_percentage_26_position_1-52 genomicbackground,3638,6,3638_6
query_3639,0,genomicbackground,0,genomicbackground,0.19880500435829163,3639_6_RF00168_6_NC_000913.3_4233124-4233721_ext_280-480_int_115_off_70_percentage_24_position_1-47 genomicbackground,3639,6,3639_6
query_3640,0,genomicbackground,0,genomicbackground,0.055178746581077576,3640_6_RF00168_6_NC_000913.3_4233124-4233721_ext_280-480_int_115_off_75_percentage_21_position_1-42 genomicbackground,3640,6,3640_6
query_3641,0,genomicbackground,1,riboswitch,0.5677882432937622,3641_6_RF00168_6_NC_000913.3_4233124-4233721_ext_280-480_int_115_off_80_percentage_19_position_1-37 genomicbackground,3641,6,3641_6
query_3642,0,genomicbackground,1,riboswitch,0.9944570064544678,3642_6_RF00168_6_NC_000913.3_4233124-4233721_ext_280-480_int_115_off_85_percentage_16_position_1-32 genomicbackground,3642,6,3642_6
query_3643,0,genomicbackground,1,riboswitch,0.9199637770652771,3643_6_RF00168_6_NC_000913.3_4233124-4233721_ext_280-480_int_120_off_0_percentage_59_position_1-117 genomicbackground,3643,6,3643_6
query_3644,0,genomicbackground,1,riboswitch,0.9589861035346985,3644_6_RF00168_6_NC_000913.3_4233124-4233721_ext_280-480_int_120_off_5_percentage_57_position_1-112 genomicbackground,3644,6,3644_6
query_3645,0,genomicbackground,1,riboswitch,0.9419223666191101,3645_6_RF00168_6_NC_000913.3_4233124-4233721_ext_280-480_int_120_off_10_percentage_54_position_1-107 genomicbackground,3645,6,3645_6
query_3646,0,genomicbackground,1,riboswitch,0.9873097538948059,3646_6_RF00168_6_NC_000913.3_4233124-4233721_ext_280-480_int_120_off_15_percentage_52_position_1-102 genomicbackground,3646,6,3646_6
query_3647,0,genomicbackground,1,riboswitch,0.9074457287788391,3647_6_RF00168_6_NC_000913.3_4233124-4233721_ext_280-480_int_120_off_20_percentage_49_position_1-97 genomicbackground,3647,6,3647_6
query_3648,0,genomicbackground,1,riboswitch,0.9921776652336121,3648_6_RF00168_6_NC_000913.3_4233124-4233721_ext_280-480_int_120_off_25_percentage_47_position_1-92 genomicbackground,3648,6,3648_6
query_3649,0,genomicbackground,1,riboswitch,0.9826030731201172,3649_6_RF00168_6_NC_000913.3_4233124-4233721_ext_280-480_int_120_off_30_percentage_44_position_1-87 genomicbackground,3649,6,3649_6
query_3650,0,genomicbackground,1,riboswitch,0.9931046366691589,3650_6_RF00168_6_NC_000913.3_4233124-4233721_ext_280-480_int_120_off_35_percentage_42_position_1-82 genomicbackground,3650,6,3650_6
query_3651,0,genomicbackground,1,riboswitch,0.789092481136322,3651_6_RF00168_6_NC_000913.3_4233124-4233721_ext_280-480_int_120_off_40_percentage_39_position_1-77 genomicbackground,3651,6,3651_6
query_3652,0,genomicbackground,1,riboswitch,0.6871064901351929,3652_6_RF00168_6_NC_000913.3_4233124-4233721_ext_280-480_int_120_off_45_percentage_37_position_1-72 genomicbackground,3652,6,3652_6
query_3653,0,genomicbackground,0,genomicbackground,0.4391917586326599,3653_6_RF00168_6_NC_000913.3_4233124-4233721_ext_280-480_int_120_off_50_percentage_34_position_1-67 genomicbackground,3653,6,3653_6
query_3654,0,genomicbackground,0,genomicbackground,0.42250704765319824,3654_6_RF00168_6_NC_000913.3_4233124-4233721_ext_280-480_int_120_off_55_percentage_31_position_1-62 genomicbackground,3654,6,3654_6
query_3655,0,genomicbackground,0,genomicbackground,0.20954103767871857,3655_6_RF00168_6_NC_000913.3_4233124-4233721_ext_280-480_int_120_off_60_percentage_29_position_1-57 genomicbackground,3655,6,3655_6
query_3656,0,genomicbackground,0,genomicbackground,0.4902685582637787,3656_6_RF00168_6_NC_000913.3_4233124-4233721_ext_280-480_int_120_off_65_percentage_26_position_1-52 genomicbackground,3656,6,3656_6
query_3657,0,genomicbackground,0,genomicbackground,0.23231953382492065,3657_6_RF00168_6_NC_000913.3_4233124-4233721_ext_280-480_int_120_off_70_percentage_24_position_1-47 genomicbackground,3657,6,3657_6
query_3658,0,genomicbackground,0,genomicbackground,0.11052519083023071,3658_6_RF00168_6_NC_000913.3_4233124-4233721_ext_280-480_int_120_off_75_percentage_21_position_1-42 genomicbackground,3658,6,3658_6
query_3659,0,genomicbackground,1,riboswitch,0.845487117767334,3659_6_RF00168_6_NC_000913.3_4233124-4233721_ext_280-480_int_120_off_80_percentage_19_position_1-37 genomicbackground,3659,6,3659_6
query_3660,0,genomicbackground,1,riboswitch,0.8914592266082764,3660_6_RF00168_6_NC_000913.3_4233124-4233721_ext_280-480_int_125_off_0_percentage_59_position_1-117 genomicbackground,3660,6,3660_6
query_3661,0,genomicbackground,1,riboswitch,0.9630559086799622,3661_6_RF00168_6_NC_000913.3_4233124-4233721_ext_280-480_int_125_off_5_percentage_57_position_1-112 genomicbackground,3661,6,3661_6
query_3662,0,genomicbackground,1,riboswitch,0.9292031526565552,3662_6_RF00168_6_NC_000913.3_4233124-4233721_ext_280-480_int_125_off_10_percentage_54_position_1-107 genomicbackground,3662,6,3662_6
query_3663,0,genomicbackground,1,riboswitch,0.9913523197174072,3663_6_RF00168_6_NC_000913.3_4233124-4233721_ext_280-480_int_125_off_15_percentage_52_position_1-102 genomicbackground,3663,6,3663_6
query_3664,0,genomicbackground,1,riboswitch,0.9953604340553284,3664_6_RF00168_6_NC_000913.3_4233124-4233721_ext_280-480_int_125_off_20_percentage_49_position_1-97 genomicbackground,3664,6,3664_6
query_3665,0,genomicbackground,1,riboswitch,0.9196993112564087,3665_6_RF00168_6_NC_000913.3_4233124-4233721_ext_280-480_int_125_off_25_percentage_47_position_1-92 genomicbackground,3665,6,3665_6
query_3666,0,genomicbackground,1,riboswitch,0.9886294603347778,3666_6_RF00168_6_NC_000913.3_4233124-4233721_ext_280-480_int_125_off_30_percentage_44_position_1-87 genomicbackground,3666,6,3666_6
query_3667,0,genomicbackground,1,riboswitch,0.8957601189613342,3667_6_RF00168_6_NC_000913.3_4233124-4233721_ext_280-480_int_125_off_35_percentage_42_position_1-82 genomicbackground,3667,6,3667_6
query_3668,0,genomicbackground,1,riboswitch,0.6557036638259888,3668_6_RF00168_6_NC_000913.3_4233124-4233721_ext_280-480_int_125_off_40_percentage_39_position_1-77 genomicbackground,3668,6,3668_6
query_3669,0,genomicbackground,1,riboswitch,0.6994467377662659,3669_6_RF00168_6_NC_000913.3_4233124-4233721_ext_280-480_int_125_off_45_percentage_37_position_1-72 genomicbackground,3669,6,3669_6
query_3670,0,genomicbackground,0,genomicbackground,0.08495866507291794,3670_6_RF00168_6_NC_000913.3_4233124-4233721_ext_280-480_int_125_off_50_percentage_34_position_1-67 genomicbackground,3670,6,3670_6
query_3671,0,genomicbackground,0,genomicbackground,0.40355831384658813,3671_6_RF00168_6_NC_000913.3_4233124-4233721_ext_280-480_int_125_off_55_percentage_31_position_1-62 genomicbackground,3671,6,3671_6
query_3672,0,genomicbackground,1,riboswitch,0.6497092843055725,3672_6_RF00168_6_NC_000913.3_4233124-4233721_ext_280-480_int_125_off_60_percentage_29_position_1-57 genomicbackground,3672,6,3672_6
query_3673,0,genomicbackground,0,genomicbackground,0.4703837037086487,3673_6_RF00168_6_NC_000913.3_4233124-4233721_ext_280-480_int_125_off_65_percentage_26_position_1-52 genomicbackground,3673,6,3673_6
query_3674,0,genomicbackground,0,genomicbackground,0.2095995992422104,3674_6_RF00168_6_NC_000913.3_4233124-4233721_ext_280-480_int_125_off_70_percentage_24_position_1-47 genomicbackground,3674,6,3674_6
query_3675,0,genomicbackground,0,genomicbackground,0.30362823605537415,3675_6_RF00168_6_NC_000913.3_4233124-4233721_ext_280-480_int_125_off_75_percentage_21_position_1-42 genomicbackground,3675,6,3675_6
query_3676,0,genomicbackground,1,riboswitch,0.7949047684669495,3676_6_RF00168_6_NC_000913.3_4233124-4233721_ext_280-480_int_130_off_0_percentage_59_position_1-117 genomicbackground,3676,6,3676_6
query_3677,0,genomicbackground,1,riboswitch,0.9529825448989868,3677_6_RF00168_6_NC_000913.3_4233124-4233721_ext_280-480_int_130_off_5_percentage_57_position_1-112 genomicbackground,3677,6,3677_6
query_3678,0,genomicbackground,1,riboswitch,0.5088937878608704,3678_6_RF00168_6_NC_000913.3_4233124-4233721_ext_280-480_int_130_off_10_percentage_54_position_1-107 genomicbackground,3678,6,3678_6
query_3679,0,genomicbackground,1,riboswitch,0.8385186791419983,3679_6_RF00168_6_NC_000913.3_4233124-4233721_ext_280-480_int_130_off_15_percentage_52_position_1-102 genomicbackground,3679,6,3679_6
query_3680,0,genomicbackground,1,riboswitch,0.9877958297729492,3680_6_RF00168_6_NC_000913.3_4233124-4233721_ext_280-480_int_130_off_20_percentage_49_position_1-97 genomicbackground,3680,6,3680_6
query_3681,0,genomicbackground,1,riboswitch,0.9588878750801086,3681_6_RF00168_6_NC_000913.3_4233124-4233721_ext_280-480_int_130_off_25_percentage_47_position_1-92 genomicbackground,3681,6,3681_6
query_3682,0,genomicbackground,1,riboswitch,0.8914982676506042,3682_6_RF00168_6_NC_000913.3_4233124-4233721_ext_280-480_int_130_off_30_percentage_44_position_1-87 genomicbackground,3682,6,3682_6
query_3683,0,genomicbackground,1,riboswitch,0.8684379458427429,3683_6_RF00168_6_NC_000913.3_4233124-4233721_ext_280-480_int_130_off_35_percentage_42_position_1-82 genomicbackground,3683,6,3683_6
query_3684,0,genomicbackground,1,riboswitch,0.9121045470237732,3684_6_RF00168_6_NC_000913.3_4233124-4233721_ext_280-480_int_130_off_40_percentage_39_position_1-77 genomicbackground,3684,6,3684_6
query_3685,0,genomicbackground,0,genomicbackground,0.09299280494451523,3685_6_RF00168_6_NC_000913.3_4233124-4233721_ext_280-480_int_130_off_45_percentage_37_position_1-72 genomicbackground,3685,6,3685_6
query_3686,0,genomicbackground,0,genomicbackground,0.19783079624176025,3686_6_RF00168_6_NC_000913.3_4233124-4233721_ext_280-480_int_130_off_50_percentage_34_position_1-67 genomicbackground,3686,6,3686_6
query_3687,0,genomicbackground,1,riboswitch,0.6002988815307617,3687_6_RF00168_6_NC_000913.3_4233124-4233721_ext_280-480_int_130_off_55_percentage_31_position_1-62 genomicbackground,3687,6,3687_6
query_3688,0,genomicbackground,0,genomicbackground,0.18057718873023987,3688_6_RF00168_6_NC_000913.3_4233124-4233721_ext_280-480_int_130_off_60_percentage_29_position_1-57 genomicbackground,3688,6,3688_6
query_3689,0,genomicbackground,1,riboswitch,0.5689342021942139,3689_6_RF00168_6_NC_000913.3_4233124-4233721_ext_280-480_int_130_off_65_percentage_26_position_1-52 genomicbackground,3689,6,3689_6
query_3690,0,genomicbackground,1,riboswitch,0.5668582320213318,3690_6_RF00168_6_NC_000913.3_4233124-4233721_ext_280-480_int_130_off_70_percentage_24_position_1-47 genomicbackground,3690,6,3690_6
query_3691,0,genomicbackground,1,riboswitch,0.8397091627120972,3691_6_RF00168_6_NC_000913.3_4233124-4233721_ext_280-480_int_135_off_0_percentage_59_position_1-117 genomicbackground,3691,6,3691_6
query_3692,0,genomicbackground,1,riboswitch,0.9596700072288513,3692_6_RF00168_6_NC_000913.3_4233124-4233721_ext_280-480_int_135_off_5_percentage_57_position_1-112 genomicbackground,3692,6,3692_6
query_3693,0,genomicbackground,1,riboswitch,0.9716039299964905,3693_6_RF00168_6_NC_000913.3_4233124-4233721_ext_280-480_int_135_off_10_percentage_54_position_1-107 genomicbackground,3693,6,3693_6
query_3694,0,genomicbackground,1,riboswitch,0.9758786559104919,3694_6_RF00168_6_NC_000913.3_4233124-4233721_ext_280-480_int_135_off_15_percentage_52_position_1-102 genomicbackground,3694,6,3694_6
query_3695,0,genomicbackground,1,riboswitch,0.9957369565963745,3695_6_RF00168_6_NC_000913.3_4233124-4233721_ext_280-480_int_135_off_20_percentage_49_position_1-97 genomicbackground,3695,6,3695_6
query_3696,0,genomicbackground,1,riboswitch,0.8428447246551514,3696_6_RF00168_6_NC_000913.3_4233124-4233721_ext_280-480_int_135_off_25_percentage_47_position_1-92 genomicbackground,3696,6,3696_6
query_3697,0,genomicbackground,1,riboswitch,0.985675036907196,3697_6_RF00168_6_NC_000913.3_4233124-4233721_ext_280-480_int_135_off_30_percentage_44_position_1-87 genomicbackground,3697,6,3697_6
query_3698,0,genomicbackground,1,riboswitch,0.9640923738479614,3698_6_RF00168_6_NC_000913.3_4233124-4233721_ext_280-480_int_135_off_35_percentage_42_position_1-82 genomicbackground,3698,6,3698_6
query_3699,0,genomicbackground,1,riboswitch,0.9044759273529053,3699_6_RF00168_6_NC_000913.3_4233124-4233721_ext_280-480_int_135_off_40_percentage_39_position_1-77 genomicbackground,3699,6,3699_6
query_3700,0,genomicbackground,0,genomicbackground,0.25412774085998535,3700_6_RF00168_6_NC_000913.3_4233124-4233721_ext_280-480_int_135_off_45_percentage_37_position_1-72 genomicbackground,3700,6,3700_6
query_3701,0,genomicbackground,1,riboswitch,0.5967294573783875,3701_6_RF00168_6_NC_000913.3_4233124-4233721_ext_280-480_int_135_off_50_percentage_34_position_1-67 genomicbackground,3701,6,3701_6
query_3702,0,genomicbackground,1,riboswitch,0.519559383392334,3702_6_RF00168_6_NC_000913.3_4233124-4233721_ext_280-480_int_135_off_55_percentage_31_position_1-62 genomicbackground,3702,6,3702_6
query_3703,0,genomicbackground,0,genomicbackground,0.2632550597190857,3703_6_RF00168_6_NC_000913.3_4233124-4233721_ext_280-480_int_135_off_60_percentage_29_position_1-57 genomicbackground,3703,6,3703_6
query_3704,0,genomicbackground,1,riboswitch,0.8619627952575684,3704_6_RF00168_6_NC_000913.3_4233124-4233721_ext_280-480_int_135_off_65_percentage_26_position_1-52 genomicbackground,3704,6,3704_6
query_3705,0,genomicbackground,1,riboswitch,0.9115667939186096,3705_6_RF00168_6_NC_000913.3_4233124-4233721_ext_280-480_int_140_off_0_percentage_59_position_1-117 genomicbackground,3705,6,3705_6
query_3706,0,genomicbackground,1,riboswitch,0.9607310891151428,3706_6_RF00168_6_NC_000913.3_4233124-4233721_ext_280-480_int_140_off_5_percentage_57_position_1-112 genomicbackground,3706,6,3706_6
query_3707,0,genomicbackground,1,riboswitch,0.9109194278717041,3707_6_RF00168_6_NC_000913.3_4233124-4233721_ext_280-480_int_140_off_10_percentage_54_position_1-107 genomicbackground,3707,6,3707_6
query_3708,0,genomicbackground,1,riboswitch,0.9822142720222473,3708_6_RF00168_6_NC_000913.3_4233124-4233721_ext_280-480_int_140_off_15_percentage_52_position_1-102 genomicbackground,3708,6,3708_6
query_3709,0,genomicbackground,1,riboswitch,0.8221264481544495,3709_6_RF00168_6_NC_000913.3_4233124-4233721_ext_280-480_int_140_off_20_percentage_49_position_1-97 genomicbackground,3709,6,3709_6
query_3710,0,genomicbackground,1,riboswitch,0.9327824711799622,3710_6_RF00168_6_NC_000913.3_4233124-4233721_ext_280-480_int_140_off_25_percentage_47_position_1-92 genomicbackground,3710,6,3710_6
query_3711,0,genomicbackground,1,riboswitch,0.9549436569213867,3711_6_RF00168_6_NC_000913.3_4233124-4233721_ext_280-480_int_140_off_30_percentage_44_position_1-87 genomicbackground,3711,6,3711_6
query_3712,0,genomicbackground,1,riboswitch,0.9602238535881042,3712_6_RF00168_6_NC_000913.3_4233124-4233721_ext_280-480_int_140_off_35_percentage_42_position_1-82 genomicbackground,3712,6,3712_6
query_3713,0,genomicbackground,1,riboswitch,0.9028155207633972,3713_6_RF00168_6_NC_000913.3_4233124-4233721_ext_280-480_int_140_off_40_percentage_39_position_1-77 genomicbackground,3713,6,3713_6
query_3714,0,genomicbackground,0,genomicbackground,0.05053848400712013,3714_6_RF00168_6_NC_000913.3_4233124-4233721_ext_280-480_int_140_off_45_percentage_37_position_1-72 genomicbackground,3714,6,3714_6
query_3715,0,genomicbackground,1,riboswitch,0.626481831073761,3715_6_RF00168_6_NC_000913.3_4233124-4233721_ext_280-480_int_140_off_50_percentage_34_position_1-67 genomicbackground,3715,6,3715_6
query_3716,0,genomicbackground,1,riboswitch,0.6224786639213562,3716_6_RF00168_6_NC_000913.3_4233124-4233721_ext_280-480_int_140_off_55_percentage_31_position_1-62 genomicbackground,3716,6,3716_6
query_3717,0,genomicbackground,1,riboswitch,0.5918585062026978,3717_6_RF00168_6_NC_000913.3_4233124-4233721_ext_280-480_int_140_off_60_percentage_29_position_1-57 genomicbackground,3717,6,3717_6
query_3718,0,genomicbackground,1,riboswitch,0.8694912195205688,3718_6_RF00168_6_NC_000913.3_4233124-4233721_ext_280-480_int_145_off_0_percentage_59_position_1-117 genomicbackground,3718,6,3718_6
query_3719,0,genomicbackground,0,genomicbackground,0.37381571531295776,3719_6_RF00168_6_NC_000913.3_4233124-4233721_ext_280-480_int_145_off_5_percentage_57_position_1-112 genomicbackground,3719,6,3719_6
query_3720,0,genomicbackground,1,riboswitch,0.9283455014228821,3720_6_RF00168_6_NC_000913.3_4233124-4233721_ext_280-480_int_145_off_10_percentage_54_position_1-107 genomicbackground,3720,6,3720_6
query_3721,0,genomicbackground,1,riboswitch,0.8299493193626404,3721_6_RF00168_6_NC_000913.3_4233124-4233721_ext_280-480_int_145_off_15_percentage_52_position_1-102 genomicbackground,3721,6,3721_6
query_3722,0,genomicbackground,1,riboswitch,0.848761260509491,3722_6_RF00168_6_NC_000913.3_4233124-4233721_ext_280-480_int_145_off_20_percentage_49_position_1-97 genomicbackground,3722,6,3722_6
query_3723,0,genomicbackground,1,riboswitch,0.9325053095817566,3723_6_RF00168_6_NC_000913.3_4233124-4233721_ext_280-480_int_145_off_25_percentage_47_position_1-92 genomicbackground,3723,6,3723_6
query_3724,0,genomicbackground,1,riboswitch,0.8786503076553345,3724_6_RF00168_6_NC_000913.3_4233124-4233721_ext_280-480_int_145_off_30_percentage_44_position_1-87 genomicbackground,3724,6,3724_6
query_3725,0,genomicbackground,1,riboswitch,0.958423912525177,3725_6_RF00168_6_NC_000913.3_4233124-4233721_ext_280-480_int_145_off_35_percentage_42_position_1-82 genomicbackground,3725,6,3725_6
query_3726,0,genomicbackground,1,riboswitch,0.9342969059944153,3726_6_RF00168_6_NC_000913.3_4233124-4233721_ext_280-480_int_145_off_40_percentage_39_position_1-77 genomicbackground,3726,6,3726_6
query_3727,0,genomicbackground,0,genomicbackground,0.4148576855659485,3727_6_RF00168_6_NC_000913.3_4233124-4233721_ext_280-480_int_145_off_45_percentage_37_position_1-72 genomicbackground,3727,6,3727_6
query_3728,0,genomicbackground,1,riboswitch,0.5968618988990784,3728_6_RF00168_6_NC_000913.3_4233124-4233721_ext_280-480_int_145_off_50_percentage_34_position_1-67 genomicbackground,3728,6,3728_6
query_3729,0,genomicbackground,1,riboswitch,0.7406579256057739,3729_6_RF00168_6_NC_000913.3_4233124-4233721_ext_280-480_int_145_off_55_percentage_31_position_1-62 genomicbackground,3729,6,3729_6
query_3730,0,genomicbackground,1,riboswitch,0.6951320767402649,3730_6_RF00168_6_NC_000913.3_4233124-4233721_ext_280-480_int_150_off_0_percentage_59_position_1-117 genomicbackground,3730,6,3730_6
query_3731,0,genomicbackground,1,riboswitch,0.6346102952957153,3731_6_RF00168_6_NC_000913.3_4233124-4233721_ext_280-480_int_150_off_5_percentage_57_position_1-112 genomicbackground,3731,6,3731_6
query_3732,0,genomicbackground,1,riboswitch,0.5774107575416565,3732_6_RF00168_6_NC_000913.3_4233124-4233721_ext_280-480_int_150_off_10_percentage_54_position_1-107 genomicbackground,3732,6,3732_6
query_3733,0,genomicbackground,1,riboswitch,0.8237210512161255,3733_6_RF00168_6_NC_000913.3_4233124-4233721_ext_280-480_int_150_off_15_percentage_52_position_1-102 genomicbackground,3733,6,3733_6
query_3734,0,genomicbackground,1,riboswitch,0.9239426255226135,3734_6_RF00168_6_NC_000913.3_4233124-4233721_ext_280-480_int_150_off_20_percentage_49_position_1-97 genomicbackground,3734,6,3734_6
query_3735,0,genomicbackground,1,riboswitch,0.8401868939399719,3735_6_RF00168_6_NC_000913.3_4233124-4233721_ext_280-480_int_150_off_25_percentage_47_position_1-92 genomicbackground,3735,6,3735_6
query_3736,0,genomicbackground,1,riboswitch,0.9190786480903625,3736_6_RF00168_6_NC_000913.3_4233124-4233721_ext_280-480_int_150_off_30_percentage_44_position_1-87 genomicbackground,3736,6,3736_6
query_3737,0,genomicbackground,1,riboswitch,0.9692469835281372,3737_6_RF00168_6_NC_000913.3_4233124-4233721_ext_280-480_int_150_off_35_percentage_42_position_1-82 genomicbackground,3737,6,3737_6
query_3738,0,genomicbackground,1,riboswitch,0.9319941401481628,3738_6_RF00168_6_NC_000913.3_4233124-4233721_ext_280-480_int_150_off_40_percentage_39_position_1-77 genomicbackground,3738,6,3738_6
query_3739,0,genomicbackground,0,genomicbackground,0.35557815432548523,3739_6_RF00168_6_NC_000913.3_4233124-4233721_ext_280-480_int_150_off_45_percentage_37_position_1-72 genomicbackground,3739,6,3739_6
query_3740,0,genomicbackground,1,riboswitch,0.8541038036346436,3740_6_RF00168_6_NC_000913.3_4233124-4233721_ext_280-480_int_150_off_50_percentage_34_position_1-67 genomicbackground,3740,6,3740_6
query_3741,0,genomicbackground,1,riboswitch,0.8331252932548523,3741_6_RF00168_6_NC_000913.3_4233124-4233721_ext_280-480_int_155_off_0_percentage_59_position_1-117 genomicbackground,3741,6,3741_6
query_3742,0,genomicbackground,0,genomicbackground,0.3543531894683838,3742_6_RF00168_6_NC_000913.3_4233124-4233721_ext_280-480_int_155_off_5_percentage_57_position_1-112 genomicbackground,3742,6,3742_6
query_3743,0,genomicbackground,1,riboswitch,0.7573561668395996,3743_6_RF00168_6_NC_000913.3_4233124-4233721_ext_280-480_int_155_off_10_percentage_54_position_1-107 genomicbackground,3743,6,3743_6
query_3744,0,genomicbackground,1,riboswitch,0.9293556809425354,3744_6_RF00168_6_NC_000913.3_4233124-4233721_ext_280-480_int_155_off_15_percentage_52_position_1-102 genomicbackground,3744,6,3744_6
query_3745,0,genomicbackground,1,riboswitch,0.8064531087875366,3745_6_RF00168_6_NC_000913.3_4233124-4233721_ext_280-480_int_155_off_20_percentage_49_position_1-97 genomicbackground,3745,6,3745_6
query_3746,0,genomicbackground,1,riboswitch,0.906115710735321,3746_6_RF00168_6_NC_000913.3_4233124-4233721_ext_280-480_int_155_off_25_percentage_47_position_1-92 genomicbackground,3746,6,3746_6
query_3747,0,genomicbackground,1,riboswitch,0.9090057015419006,3747_6_RF00168_6_NC_000913.3_4233124-4233721_ext_280-480_int_155_off_30_percentage_44_position_1-87 genomicbackground,3747,6,3747_6
query_3748,0,genomicbackground,1,riboswitch,0.9936602711677551,3748_6_RF00168_6_NC_000913.3_4233124-4233721_ext_280-480_int_155_off_35_percentage_42_position_1-82 genomicbackground,3748,6,3748_6
query_3749,0,genomicbackground,1,riboswitch,0.9474364519119263,3749_6_RF00168_6_NC_000913.3_4233124-4233721_ext_280-480_int_155_off_40_percentage_39_position_1-77 genomicbackground,3749,6,3749_6
query_3750,0,genomicbackground,0,genomicbackground,0.42347609996795654,3750_6_RF00168_6_NC_000913.3_4233124-4233721_ext_280-480_int_155_off_45_percentage_37_position_1-72 genomicbackground,3750,6,3750_6
query_3751,0,genomicbackground,1,riboswitch,0.5296746492385864,3751_6_RF00168_6_NC_000913.3_4233124-4233721_ext_280-480_int_160_off_0_percentage_59_position_1-117 genomicbackground,3751,6,3751_6
query_3752,0,genomicbackground,1,riboswitch,0.5240728259086609,3752_6_RF00168_6_NC_000913.3_4233124-4233721_ext_280-480_int_160_off_5_percentage_57_position_1-112 genomicbackground,3752,6,3752_6
query_3753,0,genomicbackground,1,riboswitch,0.8515716791152954,3753_6_RF00168_6_NC_000913.3_4233124-4233721_ext_280-480_int_160_off_10_percentage_54_position_1-107 genomicbackground,3753,6,3753_6
query_3754,0,genomicbackground,1,riboswitch,0.8253033757209778,3754_6_RF00168_6_NC_000913.3_4233124-4233721_ext_280-480_int_160_off_15_percentage_52_position_1-102 genomicbackground,3754,6,3754_6
query_3755,0,genomicbackground,1,riboswitch,0.8912230730056763,3755_6_RF00168_6_NC_000913.3_4233124-4233721_ext_280-480_int_160_off_20_percentage_49_position_1-97 genomicbackground,3755,6,3755_6
query_3756,0,genomicbackground,1,riboswitch,0.9006941914558411,3756_6_RF00168_6_NC_000913.3_4233124-4233721_ext_280-480_int_160_off_25_percentage_47_position_1-92 genomicbackground,3756,6,3756_6
query_3757,0,genomicbackground,1,riboswitch,0.8619765043258667,3757_6_RF00168_6_NC_000913.3_4233124-4233721_ext_280-480_int_160_off_30_percentage_44_position_1-87 genomicbackground,3757,6,3757_6
query_3758,0,genomicbackground,1,riboswitch,0.9627602696418762,3758_6_RF00168_6_NC_000913.3_4233124-4233721_ext_280-480_int_160_off_35_percentage_42_position_1-82 genomicbackground,3758,6,3758_6
query_3759,0,genomicbackground,1,riboswitch,0.9602407813072205,3759_6_RF00168_6_NC_000913.3_4233124-4233721_ext_280-480_int_160_off_40_percentage_39_position_1-77 genomicbackground,3759,6,3759_6
query_3760,0,genomicbackground,0,genomicbackground,0.4860162138938904,3760_6_RF00168_6_NC_000913.3_4233124-4233721_ext_280-480_int_165_off_0_percentage_59_position_1-117 genomicbackground,3760,6,3760_6
query_3761,0,genomicbackground,1,riboswitch,0.5446911454200745,3761_6_RF00168_6_NC_000913.3_4233124-4233721_ext_280-480_int_165_off_5_percentage_57_position_1-112 genomicbackground,3761,6,3761_6
query_3762,0,genomicbackground,1,riboswitch,0.6795588731765747,3762_6_RF00168_6_NC_000913.3_4233124-4233721_ext_280-480_int_165_off_10_percentage_54_position_1-107 genomicbackground,3762,6,3762_6
query_3763,0,genomicbackground,1,riboswitch,0.9630184173583984,3763_6_RF00168_6_NC_000913.3_4233124-4233721_ext_280-480_int_165_off_15_percentage_52_position_1-102 genomicbackground,3763,6,3763_6
query_3764,0,genomicbackground,1,riboswitch,0.8824359178543091,3764_6_RF00168_6_NC_000913.3_4233124-4233721_ext_280-480_int_165_off_20_percentage_49_position_1-97 genomicbackground,3764,6,3764_6
query_3765,0,genomicbackground,1,riboswitch,0.9529979228973389,3765_6_RF00168_6_NC_000913.3_4233124-4233721_ext_280-480_int_165_off_25_percentage_47_position_1-92 genomicbackground,3765,6,3765_6
query_3766,0,genomicbackground,1,riboswitch,0.8808553814888,3766_6_RF00168_6_NC_000913.3_4233124-4233721_ext_280-480_int_165_off_30_percentage_44_position_1-87 genomicbackground,3766,6,3766_6
query_3767,0,genomicbackground,1,riboswitch,0.9934546947479248,3767_6_RF00168_6_NC_000913.3_4233124-4233721_ext_280-480_int_165_off_35_percentage_42_position_1-82 genomicbackground,3767,6,3767_6
query_3768,0,genomicbackground,1,riboswitch,0.8313971161842346,3768_6_RF00168_6_NC_000913.3_4233124-4233721_ext_280-480_int_170_off_0_percentage_59_position_1-117 genomicbackground,3768,6,3768_6
query_3769,0,genomicbackground,0,genomicbackground,0.3583126962184906,3769_6_RF00168_6_NC_000913.3_4233124-4233721_ext_280-480_int_170_off_5_percentage_57_position_1-112 genomicbackground,3769,6,3769_6
query_3770,0,genomicbackground,1,riboswitch,0.6674252152442932,3770_6_RF00168_6_NC_000913.3_4233124-4233721_ext_280-480_int_170_off_10_percentage_54_position_1-107 genomicbackground,3770,6,3770_6
query_3771,0,genomicbackground,1,riboswitch,0.8661500811576843,3771_6_RF00168_6_NC_000913.3_4233124-4233721_ext_280-480_int_170_off_15_percentage_52_position_1-102 genomicbackground,3771,6,3771_6
query_3772,0,genomicbackground,1,riboswitch,0.9194758534431458,3772_6_RF00168_6_NC_000913.3_4233124-4233721_ext_280-480_int_170_off_20_percentage_49_position_1-97 genomicbackground,3772,6,3772_6
query_3773,0,genomicbackground,1,riboswitch,0.9550269246101379,3773_6_RF00168_6_NC_000913.3_4233124-4233721_ext_280-480_int_170_off_25_percentage_47_position_1-92 genomicbackground,3773,6,3773_6
query_3774,0,genomicbackground,1,riboswitch,0.9906402826309204,3774_6_RF00168_6_NC_000913.3_4233124-4233721_ext_280-480_int_170_off_30_percentage_44_position_1-87 genomicbackground,3774,6,3774_6
query_3775,0,genomicbackground,1,riboswitch,0.7422996759414673,3775_6_RF00168_6_NC_000913.3_4233124-4233721_ext_280-480_int_175_off_0_percentage_59_position_1-117 genomicbackground,3775,6,3775_6
query_3776,0,genomicbackground,1,riboswitch,0.5081939697265625,3776_6_RF00168_6_NC_000913.3_4233124-4233721_ext_280-480_int_175_off_5_percentage_57_position_1-112 genomicbackground,3776,6,3776_6
query_3777,0,genomicbackground,1,riboswitch,0.6857512593269348,3777_6_RF00168_6_NC_000913.3_4233124-4233721_ext_280-480_int_175_off_10_percentage_54_position_1-107 genomicbackground,3777,6,3777_6
query_3778,0,genomicbackground,1,riboswitch,0.9024577140808105,3778_6_RF00168_6_NC_000913.3_4233124-4233721_ext_280-480_int_175_off_15_percentage_52_position_1-102 genomicbackground,3778,6,3778_6
query_3779,0,genomicbackground,1,riboswitch,0.9173535108566284,3779_6_RF00168_6_NC_000913.3_4233124-4233721_ext_280-480_int_175_off_20_percentage_49_position_1-97 genomicbackground,3779,6,3779_6
query_3780,0,genomicbackground,1,riboswitch,0.9720500111579895,3780_6_RF00168_6_NC_000913.3_4233124-4233721_ext_280-480_int_175_off_25_percentage_47_position_1-92 genomicbackground,3780,6,3780_6
query_3781,0,genomicbackground,1,riboswitch,0.7489697337150574,3781_6_RF00168_6_NC_000913.3_4233124-4233721_ext_280-480_int_180_off_0_percentage_59_position_1-117 genomicbackground,3781,6,3781_6
query_3782,0,genomicbackground,1,riboswitch,0.5458729863166809,3782_6_RF00168_6_NC_000913.3_4233124-4233721_ext_280-480_int_180_off_5_percentage_57_position_1-112 genomicbackground,3782,6,3782_6
query_3783,0,genomicbackground,1,riboswitch,0.9150141477584839,3783_6_RF00168_6_NC_000913.3_4233124-4233721_ext_280-480_int_180_off_10_percentage_54_position_1-107 genomicbackground,3783,6,3783_6
query_3784,0,genomicbackground,1,riboswitch,0.8594494462013245,3784_6_RF00168_6_NC_000913.3_4233124-4233721_ext_280-480_int_180_off_15_percentage_52_position_1-102 genomicbackground,3784,6,3784_6
query_3785,0,genomicbackground,1,riboswitch,0.9508839845657349,3785_6_RF00168_6_NC_000913.3_4233124-4233721_ext_280-480_int_180_off_20_percentage_49_position_1-97 genomicbackground,3785,6,3785_6
query_3786,0,genomicbackground,1,riboswitch,0.8287506103515625,3786_6_RF00168_6_NC_000913.3_4233124-4233721_ext_280-480_int_185_off_0_percentage_59_position_1-117 genomicbackground,3786,6,3786_6
query_3787,0,genomicbackground,0,genomicbackground,0.3463718891143799,3787_6_RF00168_6_NC_000913.3_4233124-4233721_ext_280-480_int_185_off_5_percentage_57_position_1-112 genomicbackground,3787,6,3787_6
query_3788,0,genomicbackground,1,riboswitch,0.9502432942390442,3788_6_RF00168_6_NC_000913.3_4233124-4233721_ext_280-480_int_185_off_10_percentage_54_position_1-107 genomicbackground,3788,6,3788_6
query_3789,0,genomicbackground,1,riboswitch,0.9213463664054871,3789_6_RF00168_6_NC_000913.3_4233124-4233721_ext_280-480_int_185_off_15_percentage_52_position_1-102 genomicbackground,3789,6,3789_6
query_3790,0,genomicbackground,1,riboswitch,0.714074432849884,3790_6_RF00168_6_NC_000913.3_4233124-4233721_ext_280-480_int_190_off_0_percentage_59_position_1-117 genomicbackground,3790,6,3790_6
query_3791,0,genomicbackground,0,genomicbackground,0.4201265275478363,3791_6_RF00168_6_NC_000913.3_4233124-4233721_ext_280-480_int_190_off_5_percentage_57_position_1-112 genomicbackground,3791,6,3791_6
query_3792,0,genomicbackground,1,riboswitch,0.9595078825950623,3792_6_RF00168_6_NC_000913.3_4233124-4233721_ext_280-480_int_190_off_10_percentage_54_position_1-107 genomicbackground,3792,6,3792_6
query_3793,0,genomicbackground,1,riboswitch,0.7600707411766052,3793_6_RF00168_6_NC_000913.3_4233124-4233721_ext_280-480_int_195_off_0_percentage_59_position_1-117 genomicbackground,3793,6,3793_6
query_3794,0,genomicbackground,1,riboswitch,0.6170669198036194,3794_6_RF00168_6_NC_000913.3_4233124-4233721_ext_280-480_int_195_off_5_percentage_57_position_1-112 genomicbackground,3794,6,3794_6
query_3795,0,genomicbackground,1,riboswitch,0.8133959174156189,3795_6_RF00168_6_NC_000913.3_4233124-4233721_ext_280-480_int_200_off_0_percentage_59_position_1-117 genomicbackground,3795,6,3795_6
query_3796,0,genomicbackground,1,riboswitch,0.9898444414138794,3796_6_RF00168_6_NC_000913.3_4233124-4233721_ext_300-500_int_95_off_0_percentage_48_position_1-95 genomicbackground,3796,6,3796_6
query_3797,0,genomicbackground,1,riboswitch,0.9926491379737854,3797_6_RF00168_6_NC_000913.3_4233124-4233721_ext_300-500_int_95_off_5_percentage_47_position_1-92 genomicbackground,3797,6,3797_6
query_3798,0,genomicbackground,1,riboswitch,0.9930554032325745,3798_6_RF00168_6_NC_000913.3_4233124-4233721_ext_300-500_int_95_off_10_percentage_44_position_1-87 genomicbackground,3798,6,3798_6
query_3799,0,genomicbackground,1,riboswitch,0.9930435419082642,3799_6_RF00168_6_NC_000913.3_4233124-4233721_ext_300-500_int_95_off_15_percentage_42_position_1-82 genomicbackground,3799,6,3799_6
query_3800,0,genomicbackground,1,riboswitch,0.9882984161376953,3800_6_RF00168_6_NC_000913.3_4233124-4233721_ext_300-500_int_95_off_20_percentage_39_position_1-77 genomicbackground,3800,6,3800_6
query_3801,0,genomicbackground,1,riboswitch,0.9116939306259155,3801_6_RF00168_6_NC_000913.3_4233124-4233721_ext_300-500_int_95_off_25_percentage_37_position_1-72 genomicbackground,3801,6,3801_6
query_3802,0,genomicbackground,1,riboswitch,0.9824157357215881,3802_6_RF00168_6_NC_000913.3_4233124-4233721_ext_300-500_int_95_off_30_percentage_34_position_1-67 genomicbackground,3802,6,3802_6
query_3803,0,genomicbackground,1,riboswitch,0.6939497590065002,3803_6_RF00168_6_NC_000913.3_4233124-4233721_ext_300-500_int_95_off_35_percentage_31_position_1-62 genomicbackground,3803,6,3803_6
query_3804,0,genomicbackground,1,riboswitch,0.6620711088180542,3804_6_RF00168_6_NC_000913.3_4233124-4233721_ext_300-500_int_95_off_40_percentage_29_position_1-57 genomicbackground,3804,6,3804_6
query_3805,0,genomicbackground,0,genomicbackground,0.14250491559505463,3805_6_RF00168_6_NC_000913.3_4233124-4233721_ext_300-500_int_95_off_45_percentage_26_position_1-52 genomicbackground,3805,6,3805_6
query_3806,0,genomicbackground,0,genomicbackground,0.012996257282793522,3806_6_RF00168_6_NC_000913.3_4233124-4233721_ext_300-500_int_95_off_50_percentage_24_position_1-47 genomicbackground,3806,6,3806_6
query_3807,0,genomicbackground,0,genomicbackground,0.06415360420942307,3807_6_RF00168_6_NC_000913.3_4233124-4233721_ext_300-500_int_95_off_55_percentage_21_position_1-42 genomicbackground,3807,6,3807_6
query_3808,0,genomicbackground,0,genomicbackground,0.0517096072435379,3808_6_RF00168_6_NC_000913.3_4233124-4233721_ext_300-500_int_95_off_60_percentage_19_position_1-37 genomicbackground,3808,6,3808_6
query_3809,0,genomicbackground,1,riboswitch,0.6892957091331482,3809_6_RF00168_6_NC_000913.3_4233124-4233721_ext_300-500_int_95_off_65_percentage_16_position_1-32 genomicbackground,3809,6,3809_6
query_3810,0,genomicbackground,0,genomicbackground,0.15227848291397095,3810_6_RF00168_6_NC_000913.3_4233124-4233721_ext_300-500_int_95_off_70_percentage_14_position_1-27 genomicbackground,3810,6,3810_6
query_3811,0,genomicbackground,0,genomicbackground,0.18809179961681366,3811_6_RF00168_6_NC_000913.3_4233124-4233721_ext_300-500_int_95_off_75_percentage_11_position_1-22 genomicbackground,3811,6,3811_6
query_3812,0,genomicbackground,0,genomicbackground,0.07996626198291779,3812_6_RF00168_6_NC_000913.3_4233124-4233721_ext_300-500_int_95_off_80_percentage_9_position_1-17 genomicbackground,3812,6,3812_6
query_3813,0,genomicbackground,1,riboswitch,0.9865962862968445,3813_6_RF00168_6_NC_000913.3_4233124-4233721_ext_300-500_int_95_off_85_percentage_6_position_1-12 genomicbackground,3813,6,3813_6
query_3814,0,genomicbackground,1,riboswitch,0.9568740725517273,3814_6_RF00168_6_NC_000913.3_4233124-4233721_ext_300-500_int_95_off_90_percentage_4_position_1-7 genomicbackground,3814,6,3814_6
query_3815,0,genomicbackground,1,riboswitch,0.8504937887191772,3815_6_RF00168_6_NC_000913.3_4233124-4233721_ext_300-500_int_95_off_95_percentage_1_position_1-2 genomicbackground,3815,6,3815_6
query_3816,0,genomicbackground,1,riboswitch,0.9737327098846436,3816_6_RF00168_6_NC_000913.3_4233124-4233721_ext_300-500_int_95_off_100_percentage_0_position_0-0 genomicbackground,3816,6,3816_6
query_3817,0,genomicbackground,1,riboswitch,0.9655271768569946,3817_6_RF00168_6_NC_000913.3_4233124-4233721_ext_300-500_int_95_off_105_percentage_0_position_0-0 genomicbackground,3817,6,3817_6
query_3818,0,genomicbackground,1,riboswitch,0.8251569271087646,3818_6_RF00168_6_NC_000913.3_4233124-4233721_ext_300-500_int_100_off_0_percentage_49_position_1-97 genomicbackground,3818,6,3818_6
query_3819,0,genomicbackground,1,riboswitch,0.9917174577713013,3819_6_RF00168_6_NC_000913.3_4233124-4233721_ext_300-500_int_100_off_5_percentage_47_position_1-92 genomicbackground,3819,6,3819_6
query_3820,0,genomicbackground,1,riboswitch,0.9932159781455994,3820_6_RF00168_6_NC_000913.3_4233124-4233721_ext_300-500_int_100_off_10_percentage_44_position_1-87 genomicbackground,3820,6,3820_6
query_3821,0,genomicbackground,1,riboswitch,0.9931544065475464,3821_6_RF00168_6_NC_000913.3_4233124-4233721_ext_300-500_int_100_off_15_percentage_42_position_1-82 genomicbackground,3821,6,3821_6
query_3822,0,genomicbackground,1,riboswitch,0.9809542894363403,3822_6_RF00168_6_NC_000913.3_4233124-4233721_ext_300-500_int_100_off_20_percentage_39_position_1-77 genomicbackground,3822,6,3822_6
query_3823,0,genomicbackground,1,riboswitch,0.907453179359436,3823_6_RF00168_6_NC_000913.3_4233124-4233721_ext_300-500_int_100_off_25_percentage_37_position_1-72 genomicbackground,3823,6,3823_6
query_3824,0,genomicbackground,1,riboswitch,0.9126187562942505,3824_6_RF00168_6_NC_000913.3_4233124-4233721_ext_300-500_int_100_off_30_percentage_34_position_1-67 genomicbackground,3824,6,3824_6
query_3825,0,genomicbackground,0,genomicbackground,0.17622248828411102,3825_6_RF00168_6_NC_000913.3_4233124-4233721_ext_300-500_int_100_off_35_percentage_31_position_1-62 genomicbackground,3825,6,3825_6
query_3826,0,genomicbackground,0,genomicbackground,0.20444200932979584,3826_6_RF00168_6_NC_000913.3_4233124-4233721_ext_300-500_int_100_off_40_percentage_29_position_1-57 genomicbackground,3826,6,3826_6
query_3827,0,genomicbackground,0,genomicbackground,0.10129370540380478,3827_6_RF00168_6_NC_000913.3_4233124-4233721_ext_300-500_int_100_off_45_percentage_26_position_1-52 genomicbackground,3827,6,3827_6
query_3828,0,genomicbackground,0,genomicbackground,0.04791633412241936,3828_6_RF00168_6_NC_000913.3_4233124-4233721_ext_300-500_int_100_off_50_percentage_24_position_1-47 genomicbackground,3828,6,3828_6
query_3829,0,genomicbackground,0,genomicbackground,0.07334668934345245,3829_6_RF00168_6_NC_000913.3_4233124-4233721_ext_300-500_int_100_off_55_percentage_21_position_1-42 genomicbackground,3829,6,3829_6
query_3830,0,genomicbackground,0,genomicbackground,0.31573542952537537,3830_6_RF00168_6_NC_000913.3_4233124-4233721_ext_300-500_int_100_off_60_percentage_19_position_1-37 genomicbackground,3830,6,3830_6
query_3831,0,genomicbackground,1,riboswitch,0.9703029990196228,3831_6_RF00168_6_NC_000913.3_4233124-4233721_ext_300-500_int_100_off_65_percentage_16_position_1-32 genomicbackground,3831,6,3831_6
query_3832,0,genomicbackground,0,genomicbackground,0.19867043197155,3832_6_RF00168_6_NC_000913.3_4233124-4233721_ext_300-500_int_100_off_70_percentage_14_position_1-27 genomicbackground,3832,6,3832_6
query_3833,0,genomicbackground,0,genomicbackground,0.3163512051105499,3833_6_RF00168_6_NC_000913.3_4233124-4233721_ext_300-500_int_100_off_75_percentage_11_position_1-22 genomicbackground,3833,6,3833_6
query_3834,0,genomicbackground,0,genomicbackground,0.22273534536361694,3834_6_RF00168_6_NC_000913.3_4233124-4233721_ext_300-500_int_100_off_80_percentage_9_position_1-17 genomicbackground,3834,6,3834_6
query_3835,0,genomicbackground,1,riboswitch,0.5005878210067749,3835_6_RF00168_6_NC_000913.3_4233124-4233721_ext_300-500_int_100_off_85_percentage_6_position_1-12 genomicbackground,3835,6,3835_6
query_3836,0,genomicbackground,1,riboswitch,0.979856014251709,3836_6_RF00168_6_NC_000913.3_4233124-4233721_ext_300-500_int_100_off_90_percentage_4_position_1-7 genomicbackground,3836,6,3836_6
query_3837,0,genomicbackground,1,riboswitch,0.6395132541656494,3837_6_RF00168_6_NC_000913.3_4233124-4233721_ext_300-500_int_100_off_95_percentage_1_position_1-2 genomicbackground,3837,6,3837_6
query_3838,0,genomicbackground,1,riboswitch,0.9884361028671265,3838_6_RF00168_6_NC_000913.3_4233124-4233721_ext_300-500_int_100_off_100_percentage_0_position_0-0 genomicbackground,3838,6,3838_6
query_3839,0,genomicbackground,1,riboswitch,0.7391259074211121,3839_6_RF00168_6_NC_000913.3_4233124-4233721_ext_300-500_int_105_off_0_percentage_49_position_1-97 genomicbackground,3839,6,3839_6
query_3840,0,genomicbackground,1,riboswitch,0.9918410778045654,3840_6_RF00168_6_NC_000913.3_4233124-4233721_ext_300-500_int_105_off_5_percentage_47_position_1-92 genomicbackground,3840,6,3840_6
query_3841,0,genomicbackground,1,riboswitch,0.9930094480514526,3841_6_RF00168_6_NC_000913.3_4233124-4233721_ext_300-500_int_105_off_10_percentage_44_position_1-87 genomicbackground,3841,6,3841_6
query_3842,0,genomicbackground,1,riboswitch,0.9930001497268677,3842_6_RF00168_6_NC_000913.3_4233124-4233721_ext_300-500_int_105_off_15_percentage_42_position_1-82 genomicbackground,3842,6,3842_6
query_3843,0,genomicbackground,1,riboswitch,0.9270560145378113,3843_6_RF00168_6_NC_000913.3_4233124-4233721_ext_300-500_int_105_off_20_percentage_39_position_1-77 genomicbackground,3843,6,3843_6
query_3844,0,genomicbackground,0,genomicbackground,0.19266633689403534,3844_6_RF00168_6_NC_000913.3_4233124-4233721_ext_300-500_int_105_off_25_percentage_37_position_1-72 genomicbackground,3844,6,3844_6
query_3845,0,genomicbackground,0,genomicbackground,0.14605847001075745,3845_6_RF00168_6_NC_000913.3_4233124-4233721_ext_300-500_int_105_off_30_percentage_34_position_1-67 genomicbackground,3845,6,3845_6
query_3846,0,genomicbackground,0,genomicbackground,0.18413305282592773,3846_6_RF00168_6_NC_000913.3_4233124-4233721_ext_300-500_int_105_off_35_percentage_31_position_1-62 genomicbackground,3846,6,3846_6
query_3847,0,genomicbackground,0,genomicbackground,0.46792563796043396,3847_6_RF00168_6_NC_000913.3_4233124-4233721_ext_300-500_int_105_off_40_percentage_29_position_1-57 genomicbackground,3847,6,3847_6
query_3848,0,genomicbackground,0,genomicbackground,0.37289050221443176,3848_6_RF00168_6_NC_000913.3_4233124-4233721_ext_300-500_int_105_off_45_percentage_26_position_1-52 genomicbackground,3848,6,3848_6
query_3849,0,genomicbackground,0,genomicbackground,0.04141475632786751,3849_6_RF00168_6_NC_000913.3_4233124-4233721_ext_300-500_int_105_off_50_percentage_24_position_1-47 genomicbackground,3849,6,3849_6
query_3850,0,genomicbackground,0,genomicbackground,0.12322138994932175,3850_6_RF00168_6_NC_000913.3_4233124-4233721_ext_300-500_int_105_off_55_percentage_21_position_1-42 genomicbackground,3850,6,3850_6
query_3851,0,genomicbackground,1,riboswitch,0.657700777053833,3851_6_RF00168_6_NC_000913.3_4233124-4233721_ext_300-500_int_105_off_60_percentage_19_position_1-37 genomicbackground,3851,6,3851_6
query_3852,0,genomicbackground,1,riboswitch,0.6641616225242615,3852_6_RF00168_6_NC_000913.3_4233124-4233721_ext_300-500_int_105_off_65_percentage_16_position_1-32 genomicbackground,3852,6,3852_6
query_3853,0,genomicbackground,0,genomicbackground,0.2406359165906906,3853_6_RF00168_6_NC_000913.3_4233124-4233721_ext_300-500_int_105_off_70_percentage_14_position_1-27 genomicbackground,3853,6,3853_6
query_3854,0,genomicbackground,1,riboswitch,0.5088097453117371,3854_6_RF00168_6_NC_000913.3_4233124-4233721_ext_300-500_int_105_off_75_percentage_11_position_1-22 genomicbackground,3854,6,3854_6
query_3855,0,genomicbackground,0,genomicbackground,0.08440826088190079,3855_6_RF00168_6_NC_000913.3_4233124-4233721_ext_300-500_int_105_off_80_percentage_9_position_1-17 genomicbackground,3855,6,3855_6
query_3856,0,genomicbackground,1,riboswitch,0.8498654365539551,3856_6_RF00168_6_NC_000913.3_4233124-4233721_ext_300-500_int_105_off_85_percentage_6_position_1-12 genomicbackground,3856,6,3856_6
query_3857,0,genomicbackground,1,riboswitch,0.9676873683929443,3857_6_RF00168_6_NC_000913.3_4233124-4233721_ext_300-500_int_105_off_90_percentage_4_position_1-7 genomicbackground,3857,6,3857_6
query_3858,0,genomicbackground,1,riboswitch,0.9149777889251709,3858_6_RF00168_6_NC_000913.3_4233124-4233721_ext_300-500_int_105_off_95_percentage_1_position_1-2 genomicbackground,3858,6,3858_6
query_3859,0,genomicbackground,1,riboswitch,0.7365887761116028,3859_6_RF00168_6_NC_000913.3_4233124-4233721_ext_300-500_int_110_off_0_percentage_49_position_1-97 genomicbackground,3859,6,3859_6
query_3860,0,genomicbackground,1,riboswitch,0.9917916059494019,3860_6_RF00168_6_NC_000913.3_4233124-4233721_ext_300-500_int_110_off_5_percentage_47_position_1-92 genomicbackground,3860,6,3860_6
query_3861,0,genomicbackground,1,riboswitch,0.993093729019165,3861_6_RF00168_6_NC_000913.3_4233124-4233721_ext_300-500_int_110_off_10_percentage_44_position_1-87 genomicbackground,3861,6,3861_6
query_3862,0,genomicbackground,1,riboswitch,0.9915788173675537,3862_6_RF00168_6_NC_000913.3_4233124-4233721_ext_300-500_int_110_off_15_percentage_42_position_1-82 genomicbackground,3862,6,3862_6
query_3863,0,genomicbackground,1,riboswitch,0.9216737151145935,3863_6_RF00168_6_NC_000913.3_4233124-4233721_ext_300-500_int_110_off_20_percentage_39_position_1-77 genomicbackground,3863,6,3863_6
query_3864,0,genomicbackground,1,riboswitch,0.5834019184112549,3864_6_RF00168_6_NC_000913.3_4233124-4233721_ext_300-500_int_110_off_25_percentage_37_position_1-72 genomicbackground,3864,6,3864_6
query_3865,0,genomicbackground,0,genomicbackground,0.14984038472175598,3865_6_RF00168_6_NC_000913.3_4233124-4233721_ext_300-500_int_110_off_30_percentage_34_position_1-67 genomicbackground,3865,6,3865_6
query_3866,0,genomicbackground,0,genomicbackground,0.1487034410238266,3866_6_RF00168_6_NC_000913.3_4233124-4233721_ext_300-500_int_110_off_35_percentage_31_position_1-62 genomicbackground,3866,6,3866_6
query_3867,0,genomicbackground,0,genomicbackground,0.3014126420021057,3867_6_RF00168_6_NC_000913.3_4233124-4233721_ext_300-500_int_110_off_40_percentage_29_position_1-57 genomicbackground,3867,6,3867_6
query_3868,0,genomicbackground,0,genomicbackground,0.3124900162220001,3868_6_RF00168_6_NC_000913.3_4233124-4233721_ext_300-500_int_110_off_45_percentage_26_position_1-52 genomicbackground,3868,6,3868_6
query_3869,0,genomicbackground,0,genomicbackground,0.10818178206682205,3869_6_RF00168_6_NC_000913.3_4233124-4233721_ext_300-500_int_110_off_50_percentage_24_position_1-47 genomicbackground,3869,6,3869_6
query_3870,0,genomicbackground,0,genomicbackground,0.14456576108932495,3870_6_RF00168_6_NC_000913.3_4233124-4233721_ext_300-500_int_110_off_55_percentage_21_position_1-42 genomicbackground,3870,6,3870_6
query_3871,0,genomicbackground,0,genomicbackground,0.31057363748550415,3871_6_RF00168_6_NC_000913.3_4233124-4233721_ext_300-500_int_110_off_60_percentage_19_position_1-37 genomicbackground,3871,6,3871_6
query_3872,0,genomicbackground,1,riboswitch,0.9496537446975708,3872_6_RF00168_6_NC_000913.3_4233124-4233721_ext_300-500_int_110_off_65_percentage_16_position_1-32 genomicbackground,3872,6,3872_6
query_3873,0,genomicbackground,1,riboswitch,0.6229802370071411,3873_6_RF00168_6_NC_000913.3_4233124-4233721_ext_300-500_int_110_off_70_percentage_14_position_1-27 genomicbackground,3873,6,3873_6
query_3874,0,genomicbackground,0,genomicbackground,0.2780831754207611,3874_6_RF00168_6_NC_000913.3_4233124-4233721_ext_300-500_int_110_off_75_percentage_11_position_1-22 genomicbackground,3874,6,3874_6
query_3875,0,genomicbackground,0,genomicbackground,0.19100651144981384,3875_6_RF00168_6_NC_000913.3_4233124-4233721_ext_300-500_int_110_off_80_percentage_9_position_1-17 genomicbackground,3875,6,3875_6
query_3876,0,genomicbackground,1,riboswitch,0.6908440589904785,3876_6_RF00168_6_NC_000913.3_4233124-4233721_ext_300-500_int_110_off_85_percentage_6_position_1-12 genomicbackground,3876,6,3876_6
query_3877,0,genomicbackground,1,riboswitch,0.9835054278373718,3877_6_RF00168_6_NC_000913.3_4233124-4233721_ext_300-500_int_110_off_90_percentage_4_position_1-7 genomicbackground,3877,6,3877_6
query_3878,0,genomicbackground,1,riboswitch,0.7024879455566406,3878_6_RF00168_6_NC_000913.3_4233124-4233721_ext_300-500_int_115_off_0_percentage_49_position_1-97 genomicbackground,3878,6,3878_6
query_3879,0,genomicbackground,1,riboswitch,0.9924730062484741,3879_6_RF00168_6_NC_000913.3_4233124-4233721_ext_300-500_int_115_off_5_percentage_47_position_1-92 genomicbackground,3879,6,3879_6
query_3880,0,genomicbackground,1,riboswitch,0.9929298758506775,3880_6_RF00168_6_NC_000913.3_4233124-4233721_ext_300-500_int_115_off_10_percentage_44_position_1-87 genomicbackground,3880,6,3880_6
query_3881,0,genomicbackground,1,riboswitch,0.9903324246406555,3881_6_RF00168_6_NC_000913.3_4233124-4233721_ext_300-500_int_115_off_15_percentage_42_position_1-82 genomicbackground,3881,6,3881_6
query_3882,0,genomicbackground,1,riboswitch,0.8828500509262085,3882_6_RF00168_6_NC_000913.3_4233124-4233721_ext_300-500_int_115_off_20_percentage_39_position_1-77 genomicbackground,3882,6,3882_6
query_3883,0,genomicbackground,0,genomicbackground,0.2640845775604248,3883_6_RF00168_6_NC_000913.3_4233124-4233721_ext_300-500_int_115_off_25_percentage_37_position_1-72 genomicbackground,3883,6,3883_6
query_3884,0,genomicbackground,0,genomicbackground,0.0537223145365715,3884_6_RF00168_6_NC_000913.3_4233124-4233721_ext_300-500_int_115_off_30_percentage_34_position_1-67 genomicbackground,3884,6,3884_6
query_3885,0,genomicbackground,0,genomicbackground,0.4672631621360779,3885_6_RF00168_6_NC_000913.3_4233124-4233721_ext_300-500_int_115_off_35_percentage_31_position_1-62 genomicbackground,3885,6,3885_6
query_3886,0,genomicbackground,0,genomicbackground,0.24367967247962952,3886_6_RF00168_6_NC_000913.3_4233124-4233721_ext_300-500_int_115_off_40_percentage_29_position_1-57 genomicbackground,3886,6,3886_6
query_3887,0,genomicbackground,0,genomicbackground,0.272841215133667,3887_6_RF00168_6_NC_000913.3_4233124-4233721_ext_300-500_int_115_off_45_percentage_26_position_1-52 genomicbackground,3887,6,3887_6
query_3888,0,genomicbackground,0,genomicbackground,0.19880500435829163,3888_6_RF00168_6_NC_000913.3_4233124-4233721_ext_300-500_int_115_off_50_percentage_24_position_1-47 genomicbackground,3888,6,3888_6
query_3889,0,genomicbackground,0,genomicbackground,0.055178746581077576,3889_6_RF00168_6_NC_000913.3_4233124-4233721_ext_300-500_int_115_off_55_percentage_21_position_1-42 genomicbackground,3889,6,3889_6
query_3890,0,genomicbackground,1,riboswitch,0.5677882432937622,3890_6_RF00168_6_NC_000913.3_4233124-4233721_ext_300-500_int_115_off_60_percentage_19_position_1-37 genomicbackground,3890,6,3890_6
query_3891,0,genomicbackground,1,riboswitch,0.9944570064544678,3891_6_RF00168_6_NC_000913.3_4233124-4233721_ext_300-500_int_115_off_65_percentage_16_position_1-32 genomicbackground,3891,6,3891_6
query_3892,0,genomicbackground,0,genomicbackground,0.07812749594449997,3892_6_RF00168_6_NC_000913.3_4233124-4233721_ext_300-500_int_115_off_70_percentage_14_position_1-27 genomicbackground,3892,6,3892_6
query_3893,0,genomicbackground,1,riboswitch,0.5626407265663147,3893_6_RF00168_6_NC_000913.3_4233124-4233721_ext_300-500_int_115_off_75_percentage_11_position_1-22 genomicbackground,3893,6,3893_6
query_3894,0,genomicbackground,0,genomicbackground,0.12444319576025009,3894_6_RF00168_6_NC_000913.3_4233124-4233721_ext_300-500_int_115_off_80_percentage_9_position_1-17 genomicbackground,3894,6,3894_6
query_3895,0,genomicbackground,1,riboswitch,0.9302751421928406,3895_6_RF00168_6_NC_000913.3_4233124-4233721_ext_300-500_int_115_off_85_percentage_6_position_1-12 genomicbackground,3895,6,3895_6
query_3896,0,genomicbackground,1,riboswitch,0.9074458479881287,3896_6_RF00168_6_NC_000913.3_4233124-4233721_ext_300-500_int_120_off_0_percentage_49_position_1-97 genomicbackground,3896,6,3896_6
query_3897,0,genomicbackground,1,riboswitch,0.9921776652336121,3897_6_RF00168_6_NC_000913.3_4233124-4233721_ext_300-500_int_120_off_5_percentage_47_position_1-92 genomicbackground,3897,6,3897_6
query_3898,0,genomicbackground,1,riboswitch,0.9826030731201172,3898_6_RF00168_6_NC_000913.3_4233124-4233721_ext_300-500_int_120_off_10_percentage_44_position_1-87 genomicbackground,3898,6,3898_6
query_3899,0,genomicbackground,1,riboswitch,0.9931046366691589,3899_6_RF00168_6_NC_000913.3_4233124-4233721_ext_300-500_int_120_off_15_percentage_42_position_1-82 genomicbackground,3899,6,3899_6
query_3900,0,genomicbackground,1,riboswitch,0.789092481136322,3900_6_RF00168_6_NC_000913.3_4233124-4233721_ext_300-500_int_120_off_20_percentage_39_position_1-77 genomicbackground,3900,6,3900_6
query_3901,0,genomicbackground,1,riboswitch,0.6871064901351929,3901_6_RF00168_6_NC_000913.3_4233124-4233721_ext_300-500_int_120_off_25_percentage_37_position_1-72 genomicbackground,3901,6,3901_6
query_3902,0,genomicbackground,0,genomicbackground,0.4391917586326599,3902_6_RF00168_6_NC_000913.3_4233124-4233721_ext_300-500_int_120_off_30_percentage_34_position_1-67 genomicbackground,3902,6,3902_6
query_3903,0,genomicbackground,0,genomicbackground,0.42250704765319824,3903_6_RF00168_6_NC_000913.3_4233124-4233721_ext_300-500_int_120_off_35_percentage_31_position_1-62 genomicbackground,3903,6,3903_6
query_3904,0,genomicbackground,0,genomicbackground,0.20954115688800812,3904_6_RF00168_6_NC_000913.3_4233124-4233721_ext_300-500_int_120_off_40_percentage_29_position_1-57 genomicbackground,3904,6,3904_6
query_3905,0,genomicbackground,0,genomicbackground,0.4902685582637787,3905_6_RF00168_6_NC_000913.3_4233124-4233721_ext_300-500_int_120_off_45_percentage_26_position_1-52 genomicbackground,3905,6,3905_6
query_3906,0,genomicbackground,0,genomicbackground,0.23231953382492065,3906_6_RF00168_6_NC_000913.3_4233124-4233721_ext_300-500_int_120_off_50_percentage_24_position_1-47 genomicbackground,3906,6,3906_6
query_3907,0,genomicbackground,0,genomicbackground,0.11052519083023071,3907_6_RF00168_6_NC_000913.3_4233124-4233721_ext_300-500_int_120_off_55_percentage_21_position_1-42 genomicbackground,3907,6,3907_6
query_3908,0,genomicbackground,1,riboswitch,0.845487117767334,3908_6_RF00168_6_NC_000913.3_4233124-4233721_ext_300-500_int_120_off_60_percentage_19_position_1-37 genomicbackground,3908,6,3908_6
query_3909,0,genomicbackground,1,riboswitch,0.9984582662582397,3909_6_RF00168_6_NC_000913.3_4233124-4233721_ext_300-500_int_120_off_65_percentage_16_position_1-32 genomicbackground,3909,6,3909_6
query_3910,0,genomicbackground,0,genomicbackground,0.18758760392665863,3910_6_RF00168_6_NC_000913.3_4233124-4233721_ext_300-500_int_120_off_70_percentage_14_position_1-27 genomicbackground,3910,6,3910_6
query_3911,0,genomicbackground,0,genomicbackground,0.388668417930603,3911_6_RF00168_6_NC_000913.3_4233124-4233721_ext_300-500_int_120_off_75_percentage_11_position_1-22 genomicbackground,3911,6,3911_6
query_3912,0,genomicbackground,0,genomicbackground,0.3155859410762787,3912_6_RF00168_6_NC_000913.3_4233124-4233721_ext_300-500_int_120_off_80_percentage_9_position_1-17 genomicbackground,3912,6,3912_6
query_3913,0,genomicbackground,1,riboswitch,0.9953604340553284,3913_6_RF00168_6_NC_000913.3_4233124-4233721_ext_300-500_int_125_off_0_percentage_49_position_1-97 genomicbackground,3913,6,3913_6
query_3914,0,genomicbackground,1,riboswitch,0.9196993112564087,3914_6_RF00168_6_NC_000913.3_4233124-4233721_ext_300-500_int_125_off_5_percentage_47_position_1-92 genomicbackground,3914,6,3914_6
query_3915,0,genomicbackground,1,riboswitch,0.9886294603347778,3915_6_RF00168_6_NC_000913.3_4233124-4233721_ext_300-500_int_125_off_10_percentage_44_position_1-87 genomicbackground,3915,6,3915_6
query_3916,0,genomicbackground,1,riboswitch,0.8957601189613342,3916_6_RF00168_6_NC_000913.3_4233124-4233721_ext_300-500_int_125_off_15_percentage_42_position_1-82 genomicbackground,3916,6,3916_6
query_3917,0,genomicbackground,1,riboswitch,0.6557036638259888,3917_6_RF00168_6_NC_000913.3_4233124-4233721_ext_300-500_int_125_off_20_percentage_39_position_1-77 genomicbackground,3917,6,3917_6
query_3918,0,genomicbackground,1,riboswitch,0.6994467377662659,3918_6_RF00168_6_NC_000913.3_4233124-4233721_ext_300-500_int_125_off_25_percentage_37_position_1-72 genomicbackground,3918,6,3918_6
query_3919,0,genomicbackground,0,genomicbackground,0.08495866507291794,3919_6_RF00168_6_NC_000913.3_4233124-4233721_ext_300-500_int_125_off_30_percentage_34_position_1-67 genomicbackground,3919,6,3919_6
query_3920,0,genomicbackground,0,genomicbackground,0.40355831384658813,3920_6_RF00168_6_NC_000913.3_4233124-4233721_ext_300-500_int_125_off_35_percentage_31_position_1-62 genomicbackground,3920,6,3920_6
query_3921,0,genomicbackground,1,riboswitch,0.6497092843055725,3921_6_RF00168_6_NC_000913.3_4233124-4233721_ext_300-500_int_125_off_40_percentage_29_position_1-57 genomicbackground,3921,6,3921_6
query_3922,0,genomicbackground,0,genomicbackground,0.4703837037086487,3922_6_RF00168_6_NC_000913.3_4233124-4233721_ext_300-500_int_125_off_45_percentage_26_position_1-52 genomicbackground,3922,6,3922_6
query_3923,0,genomicbackground,0,genomicbackground,0.2095995992422104,3923_6_RF00168_6_NC_000913.3_4233124-4233721_ext_300-500_int_125_off_50_percentage_24_position_1-47 genomicbackground,3923,6,3923_6
query_3924,0,genomicbackground,0,genomicbackground,0.30362823605537415,3924_6_RF00168_6_NC_000913.3_4233124-4233721_ext_300-500_int_125_off_55_percentage_21_position_1-42 genomicbackground,3924,6,3924_6
query_3925,0,genomicbackground,1,riboswitch,0.9222338795661926,3925_6_RF00168_6_NC_000913.3_4233124-4233721_ext_300-500_int_125_off_60_percentage_19_position_1-37 genomicbackground,3925,6,3925_6
query_3926,0,genomicbackground,1,riboswitch,0.9986876845359802,3926_6_RF00168_6_NC_000913.3_4233124-4233721_ext_300-500_int_125_off_65_percentage_16_position_1-32 genomicbackground,3926,6,3926_6
query_3927,0,genomicbackground,1,riboswitch,0.8002868294715881,3927_6_RF00168_6_NC_000913.3_4233124-4233721_ext_300-500_int_125_off_70_percentage_14_position_1-27 genomicbackground,3927,6,3927_6
query_3928,0,genomicbackground,1,riboswitch,0.6991733908653259,3928_6_RF00168_6_NC_000913.3_4233124-4233721_ext_300-500_int_125_off_75_percentage_11_position_1-22 genomicbackground,3928,6,3928_6
query_3929,0,genomicbackground,1,riboswitch,0.9877958297729492,3929_6_RF00168_6_NC_000913.3_4233124-4233721_ext_300-500_int_130_off_0_percentage_49_position_1-97 genomicbackground,3929,6,3929_6
query_3930,0,genomicbackground,1,riboswitch,0.9588878750801086,3930_6_RF00168_6_NC_000913.3_4233124-4233721_ext_300-500_int_130_off_5_percentage_47_position_1-92 genomicbackground,3930,6,3930_6
query_3931,0,genomicbackground,1,riboswitch,0.8914982676506042,3931_6_RF00168_6_NC_000913.3_4233124-4233721_ext_300-500_int_130_off_10_percentage_44_position_1-87 genomicbackground,3931,6,3931_6
query_3932,0,genomicbackground,1,riboswitch,0.8684379458427429,3932_6_RF00168_6_NC_000913.3_4233124-4233721_ext_300-500_int_130_off_15_percentage_42_position_1-82 genomicbackground,3932,6,3932_6
query_3933,0,genomicbackground,1,riboswitch,0.9121045470237732,3933_6_RF00168_6_NC_000913.3_4233124-4233721_ext_300-500_int_130_off_20_percentage_39_position_1-77 genomicbackground,3933,6,3933_6
query_3934,0,genomicbackground,0,genomicbackground,0.09299280494451523,3934_6_RF00168_6_NC_000913.3_4233124-4233721_ext_300-500_int_130_off_25_percentage_37_position_1-72 genomicbackground,3934,6,3934_6
query_3935,0,genomicbackground,0,genomicbackground,0.19783064723014832,3935_6_RF00168_6_NC_000913.3_4233124-4233721_ext_300-500_int_130_off_30_percentage_34_position_1-67 genomicbackground,3935,6,3935_6
query_3936,0,genomicbackground,1,riboswitch,0.6002988219261169,3936_6_RF00168_6_NC_000913.3_4233124-4233721_ext_300-500_int_130_off_35_percentage_31_position_1-62 genomicbackground,3936,6,3936_6
query_3937,0,genomicbackground,0,genomicbackground,0.18057718873023987,3937_6_RF00168_6_NC_000913.3_4233124-4233721_ext_300-500_int_130_off_40_percentage_29_position_1-57 genomicbackground,3937,6,3937_6
query_3938,0,genomicbackground,1,riboswitch,0.5689342021942139,3938_6_RF00168_6_NC_000913.3_4233124-4233721_ext_300-500_int_130_off_45_percentage_26_position_1-52 genomicbackground,3938,6,3938_6
query_3939,0,genomicbackground,1,riboswitch,0.5668582320213318,3939_6_RF00168_6_NC_000913.3_4233124-4233721_ext_300-500_int_130_off_50_percentage_24_position_1-47 genomicbackground,3939,6,3939_6
query_3940,0,genomicbackground,1,riboswitch,0.5126738548278809,3940_6_RF00168_6_NC_000913.3_4233124-4233721_ext_300-500_int_130_off_55_percentage_21_position_1-42 genomicbackground,3940,6,3940_6
query_3941,0,genomicbackground,1,riboswitch,0.9523677229881287,3941_6_RF00168_6_NC_000913.3_4233124-4233721_ext_300-500_int_130_off_60_percentage_19_position_1-37 genomicbackground,3941,6,3941_6
query_3942,0,genomicbackground,1,riboswitch,0.9288610219955444,3942_6_RF00168_6_NC_000913.3_4233124-4233721_ext_300-500_int_130_off_65_percentage_16_position_1-32 genomicbackground,3942,6,3942_6
query_3943,0,genomicbackground,1,riboswitch,0.8486528992652893,3943_6_RF00168_6_NC_000913.3_4233124-4233721_ext_300-500_int_130_off_70_percentage_14_position_1-27 genomicbackground,3943,6,3943_6
query_3944,0,genomicbackground,1,riboswitch,0.9957369565963745,3944_6_RF00168_6_NC_000913.3_4233124-4233721_ext_300-500_int_135_off_0_percentage_49_position_1-97 genomicbackground,3944,6,3944_6
query_3945,0,genomicbackground,1,riboswitch,0.8428447246551514,3945_6_RF00168_6_NC_000913.3_4233124-4233721_ext_300-500_int_135_off_5_percentage_47_position_1-92 genomicbackground,3945,6,3945_6
query_3946,0,genomicbackground,1,riboswitch,0.985675036907196,3946_6_RF00168_6_NC_000913.3_4233124-4233721_ext_300-500_int_135_off_10_percentage_44_position_1-87 genomicbackground,3946,6,3946_6
query_3947,0,genomicbackground,1,riboswitch,0.9640923738479614,3947_6_RF00168_6_NC_000913.3_4233124-4233721_ext_300-500_int_135_off_15_percentage_42_position_1-82 genomicbackground,3947,6,3947_6
query_3948,0,genomicbackground,1,riboswitch,0.9044759273529053,3948_6_RF00168_6_NC_000913.3_4233124-4233721_ext_300-500_int_135_off_20_percentage_39_position_1-77 genomicbackground,3948,6,3948_6
query_3949,0,genomicbackground,0,genomicbackground,0.25412774085998535,3949_6_RF00168_6_NC_000913.3_4233124-4233721_ext_300-500_int_135_off_25_percentage_37_position_1-72 genomicbackground,3949,6,3949_6
query_3950,0,genomicbackground,1,riboswitch,0.5967294573783875,3950_6_RF00168_6_NC_000913.3_4233124-4233721_ext_300-500_int_135_off_30_percentage_34_position_1-67 genomicbackground,3950,6,3950_6
query_3951,0,genomicbackground,1,riboswitch,0.519559383392334,3951_6_RF00168_6_NC_000913.3_4233124-4233721_ext_300-500_int_135_off_35_percentage_31_position_1-62 genomicbackground,3951,6,3951_6
query_3952,0,genomicbackground,0,genomicbackground,0.2632550597190857,3952_6_RF00168_6_NC_000913.3_4233124-4233721_ext_300-500_int_135_off_40_percentage_29_position_1-57 genomicbackground,3952,6,3952_6
query_3953,0,genomicbackground,1,riboswitch,0.8619627952575684,3953_6_RF00168_6_NC_000913.3_4233124-4233721_ext_300-500_int_135_off_45_percentage_26_position_1-52 genomicbackground,3953,6,3953_6
query_3954,0,genomicbackground,1,riboswitch,0.9253488183021545,3954_6_RF00168_6_NC_000913.3_4233124-4233721_ext_300-500_int_135_off_50_percentage_24_position_1-47 genomicbackground,3954,6,3954_6
query_3955,0,genomicbackground,1,riboswitch,0.776567816734314,3955_6_RF00168_6_NC_000913.3_4233124-4233721_ext_300-500_int_135_off_55_percentage_21_position_1-42 genomicbackground,3955,6,3955_6
query_3956,0,genomicbackground,1,riboswitch,0.9315721392631531,3956_6_RF00168_6_NC_000913.3_4233124-4233721_ext_300-500_int_135_off_60_percentage_19_position_1-37 genomicbackground,3956,6,3956_6
query_3957,0,genomicbackground,1,riboswitch,0.9987735152244568,3957_6_RF00168_6_NC_000913.3_4233124-4233721_ext_300-500_int_135_off_65_percentage_16_position_1-32 genomicbackground,3957,6,3957_6
query_3958,0,genomicbackground,1,riboswitch,0.8221264481544495,3958_6_RF00168_6_NC_000913.3_4233124-4233721_ext_300-500_int_140_off_0_percentage_49_position_1-97 genomicbackground,3958,6,3958_6
query_3959,0,genomicbackground,1,riboswitch,0.9327824711799622,3959_6_RF00168_6_NC_000913.3_4233124-4233721_ext_300-500_int_140_off_5_percentage_47_position_1-92 genomicbackground,3959,6,3959_6
query_3960,0,genomicbackground,1,riboswitch,0.9549436569213867,3960_6_RF00168_6_NC_000913.3_4233124-4233721_ext_300-500_int_140_off_10_percentage_44_position_1-87 genomicbackground,3960,6,3960_6
query_3961,0,genomicbackground,1,riboswitch,0.9602238535881042,3961_6_RF00168_6_NC_000913.3_4233124-4233721_ext_300-500_int_140_off_15_percentage_42_position_1-82 genomicbackground,3961,6,3961_6
query_3962,0,genomicbackground,1,riboswitch,0.9028155207633972,3962_6_RF00168_6_NC_000913.3_4233124-4233721_ext_300-500_int_140_off_20_percentage_39_position_1-77 genomicbackground,3962,6,3962_6
query_3963,0,genomicbackground,0,genomicbackground,0.05053848400712013,3963_6_RF00168_6_NC_000913.3_4233124-4233721_ext_300-500_int_140_off_25_percentage_37_position_1-72 genomicbackground,3963,6,3963_6
query_3964,0,genomicbackground,1,riboswitch,0.626481831073761,3964_6_RF00168_6_NC_000913.3_4233124-4233721_ext_300-500_int_140_off_30_percentage_34_position_1-67 genomicbackground,3964,6,3964_6
query_3965,0,genomicbackground,1,riboswitch,0.6224786639213562,3965_6_RF00168_6_NC_000913.3_4233124-4233721_ext_300-500_int_140_off_35_percentage_31_position_1-62 genomicbackground,3965,6,3965_6
query_3966,0,genomicbackground,1,riboswitch,0.5918585062026978,3966_6_RF00168_6_NC_000913.3_4233124-4233721_ext_300-500_int_140_off_40_percentage_29_position_1-57 genomicbackground,3966,6,3966_6
query_3967,0,genomicbackground,1,riboswitch,0.9679341316223145,3967_6_RF00168_6_NC_000913.3_4233124-4233721_ext_300-500_int_140_off_45_percentage_26_position_1-52 genomicbackground,3967,6,3967_6
query_3968,0,genomicbackground,1,riboswitch,0.9580450654029846,3968_6_RF00168_6_NC_000913.3_4233124-4233721_ext_300-500_int_140_off_50_percentage_24_position_1-47 genomicbackground,3968,6,3968_6
query_3969,0,genomicbackground,1,riboswitch,0.6142995357513428,3969_6_RF00168_6_NC_000913.3_4233124-4233721_ext_300-500_int_140_off_55_percentage_21_position_1-42 genomicbackground,3969,6,3969_6
query_3970,0,genomicbackground,1,riboswitch,0.9775370359420776,3970_6_RF00168_6_NC_000913.3_4233124-4233721_ext_300-500_int_140_off_60_percentage_19_position_1-37 genomicbackground,3970,6,3970_6
query_3971,0,genomicbackground,1,riboswitch,0.848761260509491,3971_6_RF00168_6_NC_000913.3_4233124-4233721_ext_300-500_int_145_off_0_percentage_49_position_1-97 genomicbackground,3971,6,3971_6
query_3972,0,genomicbackground,1,riboswitch,0.9325053095817566,3972_6_RF00168_6_NC_000913.3_4233124-4233721_ext_300-500_int_145_off_5_percentage_47_position_1-92 genomicbackground,3972,6,3972_6
query_3973,0,genomicbackground,1,riboswitch,0.8786503076553345,3973_6_RF00168_6_NC_000913.3_4233124-4233721_ext_300-500_int_145_off_10_percentage_44_position_1-87 genomicbackground,3973,6,3973_6
query_3974,0,genomicbackground,1,riboswitch,0.958423912525177,3974_6_RF00168_6_NC_000913.3_4233124-4233721_ext_300-500_int_145_off_15_percentage_42_position_1-82 genomicbackground,3974,6,3974_6
query_3975,0,genomicbackground,1,riboswitch,0.9342969059944153,3975_6_RF00168_6_NC_000913.3_4233124-4233721_ext_300-500_int_145_off_20_percentage_39_position_1-77 genomicbackground,3975,6,3975_6
query_3976,0,genomicbackground,0,genomicbackground,0.4148576855659485,3976_6_RF00168_6_NC_000913.3_4233124-4233721_ext_300-500_int_145_off_25_percentage_37_position_1-72 genomicbackground,3976,6,3976_6
query_3977,0,genomicbackground,1,riboswitch,0.5968618988990784,3977_6_RF00168_6_NC_000913.3_4233124-4233721_ext_300-500_int_145_off_30_percentage_34_position_1-67 genomicbackground,3977,6,3977_6
query_3978,0,genomicbackground,1,riboswitch,0.7406579256057739,3978_6_RF00168_6_NC_000913.3_4233124-4233721_ext_300-500_int_145_off_35_percentage_31_position_1-62 genomicbackground,3978,6,3978_6
query_3979,0,genomicbackground,0,genomicbackground,0.45121854543685913,3979_6_RF00168_6_NC_000913.3_4233124-4233721_ext_300-500_int_145_off_40_percentage_29_position_1-57 genomicbackground,3979,6,3979_6
query_3980,0,genomicbackground,1,riboswitch,0.9835339188575745,3980_6_RF00168_6_NC_000913.3_4233124-4233721_ext_300-500_int_145_off_45_percentage_26_position_1-52 genomicbackground,3980,6,3980_6
query_3981,0,genomicbackground,1,riboswitch,0.9091488122940063,3981_6_RF00168_6_NC_000913.3_4233124-4233721_ext_300-500_int_145_off_50_percentage_24_position_1-47 genomicbackground,3981,6,3981_6
query_3982,0,genomicbackground,1,riboswitch,0.816133439540863,3982_6_RF00168_6_NC_000913.3_4233124-4233721_ext_300-500_int_145_off_55_percentage_21_position_1-42 genomicbackground,3982,6,3982_6
query_3983,0,genomicbackground,1,riboswitch,0.9239426255226135,3983_6_RF00168_6_NC_000913.3_4233124-4233721_ext_300-500_int_150_off_0_percentage_49_position_1-97 genomicbackground,3983,6,3983_6
query_3984,0,genomicbackground,1,riboswitch,0.8401868939399719,3984_6_RF00168_6_NC_000913.3_4233124-4233721_ext_300-500_int_150_off_5_percentage_47_position_1-92 genomicbackground,3984,6,3984_6
query_3985,0,genomicbackground,1,riboswitch,0.9190786480903625,3985_6_RF00168_6_NC_000913.3_4233124-4233721_ext_300-500_int_150_off_10_percentage_44_position_1-87 genomicbackground,3985,6,3985_6
query_3986,0,genomicbackground,1,riboswitch,0.9692469835281372,3986_6_RF00168_6_NC_000913.3_4233124-4233721_ext_300-500_int_150_off_15_percentage_42_position_1-82 genomicbackground,3986,6,3986_6
query_3987,0,genomicbackground,1,riboswitch,0.9319941401481628,3987_6_RF00168_6_NC_000913.3_4233124-4233721_ext_300-500_int_150_off_20_percentage_39_position_1-77 genomicbackground,3987,6,3987_6
query_3988,0,genomicbackground,0,genomicbackground,0.35557815432548523,3988_6_RF00168_6_NC_000913.3_4233124-4233721_ext_300-500_int_150_off_25_percentage_37_position_1-72 genomicbackground,3988,6,3988_6
query_3989,0,genomicbackground,1,riboswitch,0.8541038036346436,3989_6_RF00168_6_NC_000913.3_4233124-4233721_ext_300-500_int_150_off_30_percentage_34_position_1-67 genomicbackground,3989,6,3989_6
query_3990,0,genomicbackground,1,riboswitch,0.6519238948822021,3990_6_RF00168_6_NC_000913.3_4233124-4233721_ext_300-500_int_150_off_35_percentage_31_position_1-62 genomicbackground,3990,6,3990_6
query_3991,0,genomicbackground,1,riboswitch,0.7477203011512756,3991_6_RF00168_6_NC_000913.3_4233124-4233721_ext_300-500_int_150_off_40_percentage_29_position_1-57 genomicbackground,3991,6,3991_6
query_3992,0,genomicbackground,1,riboswitch,0.9584658145904541,3992_6_RF00168_6_NC_000913.3_4233124-4233721_ext_300-500_int_150_off_45_percentage_26_position_1-52 genomicbackground,3992,6,3992_6
query_3993,0,genomicbackground,1,riboswitch,0.973861575126648,3993_6_RF00168_6_NC_000913.3_4233124-4233721_ext_300-500_int_150_off_50_percentage_24_position_1-47 genomicbackground,3993,6,3993_6
query_3994,0,genomicbackground,1,riboswitch,0.8064531087875366,3994_6_RF00168_6_NC_000913.3_4233124-4233721_ext_300-500_int_155_off_0_percentage_49_position_1-97 genomicbackground,3994,6,3994_6
query_3995,0,genomicbackground,1,riboswitch,0.906115710735321,3995_6_RF00168_6_NC_000913.3_4233124-4233721_ext_300-500_int_155_off_5_percentage_47_position_1-92 genomicbackground,3995,6,3995_6
query_3996,0,genomicbackground,1,riboswitch,0.9090057015419006,3996_6_RF00168_6_NC_000913.3_4233124-4233721_ext_300-500_int_155_off_10_percentage_44_position_1-87 genomicbackground,3996,6,3996_6
query_3997,0,genomicbackground,1,riboswitch,0.9936602711677551,3997_6_RF00168_6_NC_000913.3_4233124-4233721_ext_300-500_int_155_off_15_percentage_42_position_1-82 genomicbackground,3997,6,3997_6
query_3998,0,genomicbackground,1,riboswitch,0.9474364519119263,3998_6_RF00168_6_NC_000913.3_4233124-4233721_ext_300-500_int_155_off_20_percentage_39_position_1-77 genomicbackground,3998,6,3998_6
query_3999,0,genomicbackground,0,genomicbackground,0.4234768748283386,3999_6_RF00168_6_NC_000913.3_4233124-4233721_ext_300-500_int_155_off_25_percentage_37_position_1-72 genomicbackground,3999,6,3999_6
query_4000,0,genomicbackground,1,riboswitch,0.9718711972236633,4000_6_RF00168_6_NC_000913.3_4233124-4233721_ext_300-500_int_155_off_30_percentage_34_position_1-67 genomicbackground,4000,6,4000_6
query_4001,0,genomicbackground,1,riboswitch,0.8422821164131165,4001_6_RF00168_6_NC_000913.3_4233124-4233721_ext_300-500_int_155_off_35_percentage_31_position_1-62 genomicbackground,4001,6,4001_6
query_4002,0,genomicbackground,1,riboswitch,0.6819064021110535,4002_6_RF00168_6_NC_000913.3_4233124-4233721_ext_300-500_int_155_off_40_percentage_29_position_1-57 genomicbackground,4002,6,4002_6
query_4003,0,genomicbackground,1,riboswitch,0.7056370377540588,4003_6_RF00168_6_NC_000913.3_4233124-4233721_ext_300-500_int_155_off_45_percentage_26_position_1-52 genomicbackground,4003,6,4003_6
query_4004,0,genomicbackground,1,riboswitch,0.8912230730056763,4004_6_RF00168_6_NC_000913.3_4233124-4233721_ext_300-500_int_160_off_0_percentage_49_position_1-97 genomicbackground,4004,6,4004_6
query_4005,0,genomicbackground,1,riboswitch,0.9006941914558411,4005_6_RF00168_6_NC_000913.3_4233124-4233721_ext_300-500_int_160_off_5_percentage_47_position_1-92 genomicbackground,4005,6,4005_6
query_4006,0,genomicbackground,1,riboswitch,0.8619765043258667,4006_6_RF00168_6_NC_000913.3_4233124-4233721_ext_300-500_int_160_off_10_percentage_44_position_1-87 genomicbackground,4006,6,4006_6
query_4007,0,genomicbackground,1,riboswitch,0.9627602696418762,4007_6_RF00168_6_NC_000913.3_4233124-4233721_ext_300-500_int_160_off_15_percentage_42_position_1-82 genomicbackground,4007,6,4007_6
query_4008,0,genomicbackground,1,riboswitch,0.9602407813072205,4008_6_RF00168_6_NC_000913.3_4233124-4233721_ext_300-500_int_160_off_20_percentage_39_position_1-77 genomicbackground,4008,6,4008_6
query_4009,0,genomicbackground,1,riboswitch,0.9525370597839355,4009_6_RF00168_6_NC_000913.3_4233124-4233721_ext_300-500_int_160_off_25_percentage_37_position_1-72 genomicbackground,4009,6,4009_6
query_4010,0,genomicbackground,1,riboswitch,0.9835196137428284,4010_6_RF00168_6_NC_000913.3_4233124-4233721_ext_300-500_int_160_off_30_percentage_34_position_1-67 genomicbackground,4010,6,4010_6
query_4011,0,genomicbackground,1,riboswitch,0.8252962231636047,4011_6_RF00168_6_NC_000913.3_4233124-4233721_ext_300-500_int_160_off_35_percentage_31_position_1-62 genomicbackground,4011,6,4011_6
query_4012,0,genomicbackground,1,riboswitch,0.8428993225097656,4012_6_RF00168_6_NC_000913.3_4233124-4233721_ext_300-500_int_160_off_40_percentage_29_position_1-57 genomicbackground,4012,6,4012_6
query_4013,0,genomicbackground,1,riboswitch,0.8824359178543091,4013_6_RF00168_6_NC_000913.3_4233124-4233721_ext_300-500_int_165_off_0_percentage_49_position_1-97 genomicbackground,4013,6,4013_6
query_4014,0,genomicbackground,1,riboswitch,0.9529979228973389,4014_6_RF00168_6_NC_000913.3_4233124-4233721_ext_300-500_int_165_off_5_percentage_47_position_1-92 genomicbackground,4014,6,4014_6
query_4015,0,genomicbackground,1,riboswitch,0.8808553814888,4015_6_RF00168_6_NC_000913.3_4233124-4233721_ext_300-500_int_165_off_10_percentage_44_position_1-87 genomicbackground,4015,6,4015_6
query_4016,0,genomicbackground,1,riboswitch,0.9934546947479248,4016_6_RF00168_6_NC_000913.3_4233124-4233721_ext_300-500_int_165_off_15_percentage_42_position_1-82 genomicbackground,4016,6,4016_6
query_4017,0,genomicbackground,1,riboswitch,0.9534202218055725,4017_6_RF00168_6_NC_000913.3_4233124-4233721_ext_300-500_int_165_off_20_percentage_39_position_1-77 genomicbackground,4017,6,4017_6
query_4018,0,genomicbackground,1,riboswitch,0.9761285781860352,4018_6_RF00168_6_NC_000913.3_4233124-4233721_ext_300-500_int_165_off_25_percentage_37_position_1-72 genomicbackground,4018,6,4018_6
query_4019,0,genomicbackground,1,riboswitch,0.9783561825752258,4019_6_RF00168_6_NC_000913.3_4233124-4233721_ext_300-500_int_165_off_30_percentage_34_position_1-67 genomicbackground,4019,6,4019_6
query_4020,0,genomicbackground,1,riboswitch,0.9059112071990967,4020_6_RF00168_6_NC_000913.3_4233124-4233721_ext_300-500_int_165_off_35_percentage_31_position_1-62 genomicbackground,4020,6,4020_6
query_4021,0,genomicbackground,1,riboswitch,0.9194758534431458,4021_6_RF00168_6_NC_000913.3_4233124-4233721_ext_300-500_int_170_off_0_percentage_49_position_1-97 genomicbackground,4021,6,4021_6
query_4022,0,genomicbackground,1,riboswitch,0.9550269246101379,4022_6_RF00168_6_NC_000913.3_4233124-4233721_ext_300-500_int_170_off_5_percentage_47_position_1-92 genomicbackground,4022,6,4022_6
query_4023,0,genomicbackground,1,riboswitch,0.9906402826309204,4023_6_RF00168_6_NC_000913.3_4233124-4233721_ext_300-500_int_170_off_10_percentage_44_position_1-87 genomicbackground,4023,6,4023_6
query_4024,0,genomicbackground,1,riboswitch,0.992884635925293,4024_6_RF00168_6_NC_000913.3_4233124-4233721_ext_300-500_int_170_off_15_percentage_42_position_1-82 genomicbackground,4024,6,4024_6
query_4025,0,genomicbackground,1,riboswitch,0.973904550075531,4025_6_RF00168_6_NC_000913.3_4233124-4233721_ext_300-500_int_170_off_20_percentage_39_position_1-77 genomicbackground,4025,6,4025_6
query_4026,0,genomicbackground,1,riboswitch,0.9669633507728577,4026_6_RF00168_6_NC_000913.3_4233124-4233721_ext_300-500_int_170_off_25_percentage_37_position_1-72 genomicbackground,4026,6,4026_6
query_4027,0,genomicbackground,1,riboswitch,0.9880726337432861,4027_6_RF00168_6_NC_000913.3_4233124-4233721_ext_300-500_int_170_off_30_percentage_34_position_1-67 genomicbackground,4027,6,4027_6
query_4028,0,genomicbackground,1,riboswitch,0.9173535108566284,4028_6_RF00168_6_NC_000913.3_4233124-4233721_ext_300-500_int_175_off_0_percentage_49_position_1-97 genomicbackground,4028,6,4028_6
query_4029,0,genomicbackground,1,riboswitch,0.9720500111579895,4029_6_RF00168_6_NC_000913.3_4233124-4233721_ext_300-500_int_175_off_5_percentage_47_position_1-92 genomicbackground,4029,6,4029_6
query_4030,0,genomicbackground,1,riboswitch,0.9458858966827393,4030_6_RF00168_6_NC_000913.3_4233124-4233721_ext_300-500_int_175_off_10_percentage_44_position_1-87 genomicbackground,4030,6,4030_6
query_4031,0,genomicbackground,1,riboswitch,0.9944236874580383,4031_6_RF00168_6_NC_000913.3_4233124-4233721_ext_300-500_int_175_off_15_percentage_42_position_1-82 genomicbackground,4031,6,4031_6
query_4032,0,genomicbackground,1,riboswitch,0.975774884223938,4032_6_RF00168_6_NC_000913.3_4233124-4233721_ext_300-500_int_175_off_20_percentage_39_position_1-77 genomicbackground,4032,6,4032_6
query_4033,0,genomicbackground,1,riboswitch,0.9827905893325806,4033_6_RF00168_6_NC_000913.3_4233124-4233721_ext_300-500_int_175_off_25_percentage_37_position_1-72 genomicbackground,4033,6,4033_6
query_4034,0,genomicbackground,1,riboswitch,0.9508839845657349,4034_6_RF00168_6_NC_000913.3_4233124-4233721_ext_300-500_int_180_off_0_percentage_49_position_1-97 genomicbackground,4034,6,4034_6
query_4035,0,genomicbackground,1,riboswitch,0.9791063070297241,4035_6_RF00168_6_NC_000913.3_4233124-4233721_ext_300-500_int_180_off_5_percentage_47_position_1-92 genomicbackground,4035,6,4035_6
query_4036,0,genomicbackground,1,riboswitch,0.9517716765403748,4036_6_RF00168_6_NC_000913.3_4233124-4233721_ext_300-500_int_180_off_10_percentage_44_position_1-87 genomicbackground,4036,6,4036_6
query_4037,0,genomicbackground,1,riboswitch,0.9937623143196106,4037_6_RF00168_6_NC_000913.3_4233124-4233721_ext_300-500_int_180_off_15_percentage_42_position_1-82 genomicbackground,4037,6,4037_6
query_4038,0,genomicbackground,1,riboswitch,0.984034538269043,4038_6_RF00168_6_NC_000913.3_4233124-4233721_ext_300-500_int_180_off_20_percentage_39_position_1-77 genomicbackground,4038,6,4038_6
query_4039,0,genomicbackground,1,riboswitch,0.9628071188926697,4039_6_RF00168_6_NC_000913.3_4233124-4233721_ext_300-500_int_185_off_0_percentage_49_position_1-97 genomicbackground,4039,6,4039_6
query_4040,0,genomicbackground,1,riboswitch,0.9764165282249451,4040_6_RF00168_6_NC_000913.3_4233124-4233721_ext_300-500_int_185_off_5_percentage_47_position_1-92 genomicbackground,4040,6,4040_6
query_4041,0,genomicbackground,1,riboswitch,0.9570950865745544,4041_6_RF00168_6_NC_000913.3_4233124-4233721_ext_300-500_int_185_off_10_percentage_44_position_1-87 genomicbackground,4041,6,4041_6
query_4042,0,genomicbackground,1,riboswitch,0.9949259757995605,4042_6_RF00168_6_NC_000913.3_4233124-4233721_ext_300-500_int_185_off_15_percentage_42_position_1-82 genomicbackground,4042,6,4042_6
query_4043,0,genomicbackground,1,riboswitch,0.9686172604560852,4043_6_RF00168_6_NC_000913.3_4233124-4233721_ext_300-500_int_190_off_0_percentage_49_position_1-97 genomicbackground,4043,6,4043_6
query_4044,0,genomicbackground,1,riboswitch,0.9808415174484253,4044_6_RF00168_6_NC_000913.3_4233124-4233721_ext_300-500_int_190_off_5_percentage_47_position_1-92 genomicbackground,4044,6,4044_6
query_4045,0,genomicbackground,1,riboswitch,0.9656776189804077,4045_6_RF00168_6_NC_000913.3_4233124-4233721_ext_300-500_int_190_off_10_percentage_44_position_1-87 genomicbackground,4045,6,4045_6
query_4046,0,genomicbackground,1,riboswitch,0.9716336727142334,4046_6_RF00168_6_NC_000913.3_4233124-4233721_ext_300-500_int_195_off_0_percentage_49_position_1-97 genomicbackground,4046,6,4046_6
query_4047,0,genomicbackground,1,riboswitch,0.9838728308677673,4047_6_RF00168_6_NC_000913.3_4233124-4233721_ext_300-500_int_195_off_5_percentage_47_position_1-92 genomicbackground,4047,6,4047_6
query_4048,0,genomicbackground,1,riboswitch,0.9773716926574707,4048_6_RF00168_6_NC_000913.3_4233124-4233721_ext_300-500_int_200_off_0_percentage_49_position_1-97 genomicbackground,4048,6,4048_6
query_4049,0,genomicbackground,1,riboswitch,0.9882984161376953,4049_6_RF00168_6_NC_000913.3_4233124-4233721_ext_320-520_int_95_off_0_percentage_39_position_1-77 genomicbackground,4049,6,4049_6
query_4050,0,genomicbackground,1,riboswitch,0.9116939306259155,4050_6_RF00168_6_NC_000913.3_4233124-4233721_ext_320-520_int_95_off_5_percentage_37_position_1-72 genomicbackground,4050,6,4050_6
query_4051,0,genomicbackground,1,riboswitch,0.9824157357215881,4051_6_RF00168_6_NC_000913.3_4233124-4233721_ext_320-520_int_95_off_10_percentage_34_position_1-67 genomicbackground,4051,6,4051_6
query_4052,0,genomicbackground,1,riboswitch,0.6939497590065002,4052_6_RF00168_6_NC_000913.3_4233124-4233721_ext_320-520_int_95_off_15_percentage_31_position_1-62 genomicbackground,4052,6,4052_6
query_4053,0,genomicbackground,1,riboswitch,0.6620711088180542,4053_6_RF00168_6_NC_000913.3_4233124-4233721_ext_320-520_int_95_off_20_percentage_29_position_1-57 genomicbackground,4053,6,4053_6
query_4054,0,genomicbackground,0,genomicbackground,0.14250491559505463,4054_6_RF00168_6_NC_000913.3_4233124-4233721_ext_320-520_int_95_off_25_percentage_26_position_1-52 genomicbackground,4054,6,4054_6
query_4055,0,genomicbackground,0,genomicbackground,0.012996257282793522,4055_6_RF00168_6_NC_000913.3_4233124-4233721_ext_320-520_int_95_off_30_percentage_24_position_1-47 genomicbackground,4055,6,4055_6
query_4056,0,genomicbackground,0,genomicbackground,0.06415360420942307,4056_6_RF00168_6_NC_000913.3_4233124-4233721_ext_320-520_int_95_off_35_percentage_21_position_1-42 genomicbackground,4056,6,4056_6
query_4057,0,genomicbackground,0,genomicbackground,0.051709629595279694,4057_6_RF00168_6_NC_000913.3_4233124-4233721_ext_320-520_int_95_off_40_percentage_19_position_1-37 genomicbackground,4057,6,4057_6
query_4058,0,genomicbackground,1,riboswitch,0.6892957091331482,4058_6_RF00168_6_NC_000913.3_4233124-4233721_ext_320-520_int_95_off_45_percentage_16_position_1-32 genomicbackground,4058,6,4058_6
query_4059,0,genomicbackground,0,genomicbackground,0.15227848291397095,4059_6_RF00168_6_NC_000913.3_4233124-4233721_ext_320-520_int_95_off_50_percentage_14_position_1-27 genomicbackground,4059,6,4059_6
query_4060,0,genomicbackground,0,genomicbackground,0.18809179961681366,4060_6_RF00168_6_NC_000913.3_4233124-4233721_ext_320-520_int_95_off_55_percentage_11_position_1-22 genomicbackground,4060,6,4060_6
query_4061,0,genomicbackground,0,genomicbackground,0.07996626198291779,4061_6_RF00168_6_NC_000913.3_4233124-4233721_ext_320-520_int_95_off_60_percentage_9_position_1-17 genomicbackground,4061,6,4061_6
query_4062,0,genomicbackground,1,riboswitch,0.9865962862968445,4062_6_RF00168_6_NC_000913.3_4233124-4233721_ext_320-520_int_95_off_65_percentage_6_position_1-12 genomicbackground,4062,6,4062_6
query_4063,0,genomicbackground,1,riboswitch,0.9568739533424377,4063_6_RF00168_6_NC_000913.3_4233124-4233721_ext_320-520_int_95_off_70_percentage_4_position_1-7 genomicbackground,4063,6,4063_6
query_4064,0,genomicbackground,1,riboswitch,0.8504937887191772,4064_6_RF00168_6_NC_000913.3_4233124-4233721_ext_320-520_int_95_off_75_percentage_1_position_1-2 genomicbackground,4064,6,4064_6
query_4065,0,genomicbackground,1,riboswitch,0.9737327098846436,4065_6_RF00168_6_NC_000913.3_4233124-4233721_ext_320-520_int_95_off_80_percentage_0_position_0-0 genomicbackground,4065,6,4065_6
query_4066,0,genomicbackground,1,riboswitch,0.9655271768569946,4066_6_RF00168_6_NC_000913.3_4233124-4233721_ext_320-520_int_95_off_85_percentage_0_position_0-0 genomicbackground,4066,6,4066_6
query_4067,0,genomicbackground,0,genomicbackground,0.035411421209573746,4067_6_RF00168_6_NC_000913.3_4233124-4233721_ext_320-520_int_95_off_90_percentage_0_position_0-0 genomicbackground,4067,6,4067_6
query_4068,0,genomicbackground,1,riboswitch,0.9894060492515564,4068_6_RF00168_6_NC_000913.3_4233124-4233721_ext_320-520_int_95_off_95_percentage_0_position_0-0 genomicbackground,4068,6,4068_6
query_4069,0,genomicbackground,1,riboswitch,0.990379810333252,4069_6_RF00168_6_NC_000913.3_4233124-4233721_ext_320-520_int_95_off_100_percentage_0_position_0-0 genomicbackground,4069,6,4069_6
query_4070,0,genomicbackground,1,riboswitch,0.971132218837738,4070_6_RF00168_6_NC_000913.3_4233124-4233721_ext_320-520_int_95_off_105_percentage_0_position_0-0 genomicbackground,4070,6,4070_6
query_4071,0,genomicbackground,1,riboswitch,0.9809542894363403,4071_6_RF00168_6_NC_000913.3_4233124-4233721_ext_320-520_int_100_off_0_percentage_39_position_1-77 genomicbackground,4071,6,4071_6
query_4072,0,genomicbackground,1,riboswitch,0.907453179359436,4072_6_RF00168_6_NC_000913.3_4233124-4233721_ext_320-520_int_100_off_5_percentage_37_position_1-72 genomicbackground,4072,6,4072_6
query_4073,0,genomicbackground,1,riboswitch,0.9126187562942505,4073_6_RF00168_6_NC_000913.3_4233124-4233721_ext_320-520_int_100_off_10_percentage_34_position_1-67 genomicbackground,4073,6,4073_6
query_4074,0,genomicbackground,0,genomicbackground,0.17622248828411102,4074_6_RF00168_6_NC_000913.3_4233124-4233721_ext_320-520_int_100_off_15_percentage_31_position_1-62 genomicbackground,4074,6,4074_6
query_4075,0,genomicbackground,0,genomicbackground,0.20444200932979584,4075_6_RF00168_6_NC_000913.3_4233124-4233721_ext_320-520_int_100_off_20_percentage_29_position_1-57 genomicbackground,4075,6,4075_6
query_4076,0,genomicbackground,0,genomicbackground,0.10129370540380478,4076_6_RF00168_6_NC_000913.3_4233124-4233721_ext_320-520_int_100_off_25_percentage_26_position_1-52 genomicbackground,4076,6,4076_6
query_4077,0,genomicbackground,0,genomicbackground,0.04791633412241936,4077_6_RF00168_6_NC_000913.3_4233124-4233721_ext_320-520_int_100_off_30_percentage_24_position_1-47 genomicbackground,4077,6,4077_6
query_4078,0,genomicbackground,0,genomicbackground,0.07334668934345245,4078_6_RF00168_6_NC_000913.3_4233124-4233721_ext_320-520_int_100_off_35_percentage_21_position_1-42 genomicbackground,4078,6,4078_6
query_4079,0,genomicbackground,0,genomicbackground,0.31573542952537537,4079_6_RF00168_6_NC_000913.3_4233124-4233721_ext_320-520_int_100_off_40_percentage_19_position_1-37 genomicbackground,4079,6,4079_6
query_4080,0,genomicbackground,1,riboswitch,0.9703029990196228,4080_6_RF00168_6_NC_000913.3_4233124-4233721_ext_320-520_int_100_off_45_percentage_16_position_1-32 genomicbackground,4080,6,4080_6
query_4081,0,genomicbackground,0,genomicbackground,0.19867043197155,4081_6_RF00168_6_NC_000913.3_4233124-4233721_ext_320-520_int_100_off_50_percentage_14_position_1-27 genomicbackground,4081,6,4081_6
query_4082,0,genomicbackground,0,genomicbackground,0.3163512051105499,4082_6_RF00168_6_NC_000913.3_4233124-4233721_ext_320-520_int_100_off_55_percentage_11_position_1-22 genomicbackground,4082,6,4082_6
query_4083,0,genomicbackground,0,genomicbackground,0.22273534536361694,4083_6_RF00168_6_NC_000913.3_4233124-4233721_ext_320-520_int_100_off_60_percentage_9_position_1-17 genomicbackground,4083,6,4083_6
query_4084,0,genomicbackground,1,riboswitch,0.5005878210067749,4084_6_RF00168_6_NC_000913.3_4233124-4233721_ext_320-520_int_100_off_65_percentage_6_position_1-12 genomicbackground,4084,6,4084_6
query_4085,0,genomicbackground,1,riboswitch,0.979856014251709,4085_6_RF00168_6_NC_000913.3_4233124-4233721_ext_320-520_int_100_off_70_percentage_4_position_1-7 genomicbackground,4085,6,4085_6
query_4086,0,genomicbackground,1,riboswitch,0.6395132541656494,4086_6_RF00168_6_NC_000913.3_4233124-4233721_ext_320-520_int_100_off_75_percentage_1_position_1-2 genomicbackground,4086,6,4086_6
query_4087,0,genomicbackground,1,riboswitch,0.9884361028671265,4087_6_RF00168_6_NC_000913.3_4233124-4233721_ext_320-520_int_100_off_80_percentage_0_position_0-0 genomicbackground,4087,6,4087_6
query_4088,0,genomicbackground,0,genomicbackground,0.3643476068973541,4088_6_RF00168_6_NC_000913.3_4233124-4233721_ext_320-520_int_100_off_85_percentage_0_position_0-0 genomicbackground,4088,6,4088_6
query_4089,0,genomicbackground,1,riboswitch,0.9779722690582275,4089_6_RF00168_6_NC_000913.3_4233124-4233721_ext_320-520_int_100_off_90_percentage_0_position_0-0 genomicbackground,4089,6,4089_6
query_4090,0,genomicbackground,1,riboswitch,0.9868926405906677,4090_6_RF00168_6_NC_000913.3_4233124-4233721_ext_320-520_int_100_off_95_percentage_0_position_0-0 genomicbackground,4090,6,4090_6
query_4091,0,genomicbackground,1,riboswitch,0.9526240229606628,4091_6_RF00168_6_NC_000913.3_4233124-4233721_ext_320-520_int_100_off_100_percentage_0_position_0-0 genomicbackground,4091,6,4091_6
query_4092,0,genomicbackground,1,riboswitch,0.9270560145378113,4092_6_RF00168_6_NC_000913.3_4233124-4233721_ext_320-520_int_105_off_0_percentage_39_position_1-77 genomicbackground,4092,6,4092_6
query_4093,0,genomicbackground,0,genomicbackground,0.19266633689403534,4093_6_RF00168_6_NC_000913.3_4233124-4233721_ext_320-520_int_105_off_5_percentage_37_position_1-72 genomicbackground,4093,6,4093_6
query_4094,0,genomicbackground,0,genomicbackground,0.14605847001075745,4094_6_RF00168_6_NC_000913.3_4233124-4233721_ext_320-520_int_105_off_10_percentage_34_position_1-67 genomicbackground,4094,6,4094_6
query_4095,0,genomicbackground,0,genomicbackground,0.18413305282592773,4095_6_RF00168_6_NC_000913.3_4233124-4233721_ext_320-520_int_105_off_15_percentage_31_position_1-62 genomicbackground,4095,6,4095_6
query_4096,0,genomicbackground,0,genomicbackground,0.46792569756507874,4096_6_RF00168_6_NC_000913.3_4233124-4233721_ext_320-520_int_105_off_20_percentage_29_position_1-57 genomicbackground,4096,6,4096_6
query_4097,0,genomicbackground,0,genomicbackground,0.37289050221443176,4097_6_RF00168_6_NC_000913.3_4233124-4233721_ext_320-520_int_105_off_25_percentage_26_position_1-52 genomicbackground,4097,6,4097_6
query_4098,0,genomicbackground,0,genomicbackground,0.04141475632786751,4098_6_RF00168_6_NC_000913.3_4233124-4233721_ext_320-520_int_105_off_30_percentage_24_position_1-47 genomicbackground,4098,6,4098_6
query_4099,0,genomicbackground,0,genomicbackground,0.12322138994932175,4099_6_RF00168_6_NC_000913.3_4233124-4233721_ext_320-520_int_105_off_35_percentage_21_position_1-42 genomicbackground,4099,6,4099_6
query_4100,0,genomicbackground,1,riboswitch,0.657700777053833,4100_6_RF00168_6_NC_000913.3_4233124-4233721_ext_320-520_int_105_off_40_percentage_19_position_1-37 genomicbackground,4100,6,4100_6
query_4101,0,genomicbackground,1,riboswitch,0.6641616225242615,4101_6_RF00168_6_NC_000913.3_4233124-4233721_ext_320-520_int_105_off_45_percentage_16_position_1-32 genomicbackground,4101,6,4101_6
query_4102,0,genomicbackground,0,genomicbackground,0.2406359165906906,4102_6_RF00168_6_NC_000913.3_4233124-4233721_ext_320-520_int_105_off_50_percentage_14_position_1-27 genomicbackground,4102,6,4102_6
query_4103,0,genomicbackground,1,riboswitch,0.5088097453117371,4103_6_RF00168_6_NC_000913.3_4233124-4233721_ext_320-520_int_105_off_55_percentage_11_position_1-22 genomicbackground,4103,6,4103_6
query_4104,0,genomicbackground,0,genomicbackground,0.08440826088190079,4104_6_RF00168_6_NC_000913.3_4233124-4233721_ext_320-520_int_105_off_60_percentage_9_position_1-17 genomicbackground,4104,6,4104_6
query_4105,0,genomicbackground,1,riboswitch,0.8498654365539551,4105_6_RF00168_6_NC_000913.3_4233124-4233721_ext_320-520_int_105_off_65_percentage_6_position_1-12 genomicbackground,4105,6,4105_6
query_4106,0,genomicbackground,1,riboswitch,0.9676873683929443,4106_6_RF00168_6_NC_000913.3_4233124-4233721_ext_320-520_int_105_off_70_percentage_4_position_1-7 genomicbackground,4106,6,4106_6
query_4107,0,genomicbackground,1,riboswitch,0.9149777889251709,4107_6_RF00168_6_NC_000913.3_4233124-4233721_ext_320-520_int_105_off_75_percentage_1_position_1-2 genomicbackground,4107,6,4107_6
query_4108,0,genomicbackground,1,riboswitch,0.9250193238258362,4108_6_RF00168_6_NC_000913.3_4233124-4233721_ext_320-520_int_105_off_80_percentage_0_position_0-0 genomicbackground,4108,6,4108_6
query_4109,0,genomicbackground,1,riboswitch,0.9885022640228271,4109_6_RF00168_6_NC_000913.3_4233124-4233721_ext_320-520_int_105_off_85_percentage_0_position_0-0 genomicbackground,4109,6,4109_6
query_4110,0,genomicbackground,1,riboswitch,0.9704394936561584,4110_6_RF00168_6_NC_000913.3_4233124-4233721_ext_320-520_int_105_off_90_percentage_0_position_0-0 genomicbackground,4110,6,4110_6
query_4111,0,genomicbackground,1,riboswitch,0.9739688038825989,4111_6_RF00168_6_NC_000913.3_4233124-4233721_ext_320-520_int_105_off_95_percentage_0_position_0-0 genomicbackground,4111,6,4111_6
query_4112,0,genomicbackground,1,riboswitch,0.9216737151145935,4112_6_RF00168_6_NC_000913.3_4233124-4233721_ext_320-520_int_110_off_0_percentage_39_position_1-77 genomicbackground,4112,6,4112_6
query_4113,0,genomicbackground,1,riboswitch,0.5834019184112549,4113_6_RF00168_6_NC_000913.3_4233124-4233721_ext_320-520_int_110_off_5_percentage_37_position_1-72 genomicbackground,4113,6,4113_6
query_4114,0,genomicbackground,0,genomicbackground,0.14984038472175598,4114_6_RF00168_6_NC_000913.3_4233124-4233721_ext_320-520_int_110_off_10_percentage_34_position_1-67 genomicbackground,4114,6,4114_6
query_4115,0,genomicbackground,0,genomicbackground,0.1487034410238266,4115_6_RF00168_6_NC_000913.3_4233124-4233721_ext_320-520_int_110_off_15_percentage_31_position_1-62 genomicbackground,4115,6,4115_6
query_4116,0,genomicbackground,0,genomicbackground,0.3014126420021057,4116_6_RF00168_6_NC_000913.3_4233124-4233721_ext_320-520_int_110_off_20_percentage_29_position_1-57 genomicbackground,4116,6,4116_6
query_4117,0,genomicbackground,0,genomicbackground,0.3124900162220001,4117_6_RF00168_6_NC_000913.3_4233124-4233721_ext_320-520_int_110_off_25_percentage_26_position_1-52 genomicbackground,4117,6,4117_6
query_4118,0,genomicbackground,0,genomicbackground,0.10818178206682205,4118_6_RF00168_6_NC_000913.3_4233124-4233721_ext_320-520_int_110_off_30_percentage_24_position_1-47 genomicbackground,4118,6,4118_6
query_4119,0,genomicbackground,0,genomicbackground,0.14456576108932495,4119_6_RF00168_6_NC_000913.3_4233124-4233721_ext_320-520_int_110_off_35_percentage_21_position_1-42 genomicbackground,4119,6,4119_6
query_4120,0,genomicbackground,0,genomicbackground,0.31057366728782654,4120_6_RF00168_6_NC_000913.3_4233124-4233721_ext_320-520_int_110_off_40_percentage_19_position_1-37 genomicbackground,4120,6,4120_6
query_4121,0,genomicbackground,1,riboswitch,0.949653685092926,4121_6_RF00168_6_NC_000913.3_4233124-4233721_ext_320-520_int_110_off_45_percentage_16_position_1-32 genomicbackground,4121,6,4121_6
query_4122,0,genomicbackground,1,riboswitch,0.6229802370071411,4122_6_RF00168_6_NC_000913.3_4233124-4233721_ext_320-520_int_110_off_50_percentage_14_position_1-27 genomicbackground,4122,6,4122_6
query_4123,0,genomicbackground,0,genomicbackground,0.2780831754207611,4123_6_RF00168_6_NC_000913.3_4233124-4233721_ext_320-520_int_110_off_55_percentage_11_position_1-22 genomicbackground,4123,6,4123_6
query_4124,0,genomicbackground,0,genomicbackground,0.19100651144981384,4124_6_RF00168_6_NC_000913.3_4233124-4233721_ext_320-520_int_110_off_60_percentage_9_position_1-17 genomicbackground,4124,6,4124_6
query_4125,0,genomicbackground,1,riboswitch,0.6908440589904785,4125_6_RF00168_6_NC_000913.3_4233124-4233721_ext_320-520_int_110_off_65_percentage_6_position_1-12 genomicbackground,4125,6,4125_6
query_4126,0,genomicbackground,1,riboswitch,0.9835054278373718,4126_6_RF00168_6_NC_000913.3_4233124-4233721_ext_320-520_int_110_off_70_percentage_4_position_1-7 genomicbackground,4126,6,4126_6
query_4127,0,genomicbackground,0,genomicbackground,0.04621819034218788,4127_6_RF00168_6_NC_000913.3_4233124-4233721_ext_320-520_int_110_off_75_percentage_1_position_1-2 genomicbackground,4127,6,4127_6
query_4128,0,genomicbackground,1,riboswitch,0.98366779088974,4128_6_RF00168_6_NC_000913.3_4233124-4233721_ext_320-520_int_110_off_80_percentage_0_position_0-0 genomicbackground,4128,6,4128_6
query_4129,0,genomicbackground,1,riboswitch,0.9853188991546631,4129_6_RF00168_6_NC_000913.3_4233124-4233721_ext_320-520_int_110_off_85_percentage_0_position_0-0 genomicbackground,4129,6,4129_6
query_4130,0,genomicbackground,1,riboswitch,0.9627237915992737,4130_6_RF00168_6_NC_000913.3_4233124-4233721_ext_320-520_int_110_off_90_percentage_0_position_0-0 genomicbackground,4130,6,4130_6
query_4131,0,genomicbackground,1,riboswitch,0.8828500509262085,4131_6_RF00168_6_NC_000913.3_4233124-4233721_ext_320-520_int_115_off_0_percentage_39_position_1-77 genomicbackground,4131,6,4131_6
query_4132,0,genomicbackground,0,genomicbackground,0.2640845775604248,4132_6_RF00168_6_NC_000913.3_4233124-4233721_ext_320-520_int_115_off_5_percentage_37_position_1-72 genomicbackground,4132,6,4132_6
query_4133,0,genomicbackground,0,genomicbackground,0.0537223145365715,4133_6_RF00168_6_NC_000913.3_4233124-4233721_ext_320-520_int_115_off_10_percentage_34_position_1-67 genomicbackground,4133,6,4133_6
query_4134,0,genomicbackground,0,genomicbackground,0.4672631621360779,4134_6_RF00168_6_NC_000913.3_4233124-4233721_ext_320-520_int_115_off_15_percentage_31_position_1-62 genomicbackground,4134,6,4134_6
query_4135,0,genomicbackground,0,genomicbackground,0.24367967247962952,4135_6_RF00168_6_NC_000913.3_4233124-4233721_ext_320-520_int_115_off_20_percentage_29_position_1-57 genomicbackground,4135,6,4135_6
query_4136,0,genomicbackground,0,genomicbackground,0.272841215133667,4136_6_RF00168_6_NC_000913.3_4233124-4233721_ext_320-520_int_115_off_25_percentage_26_position_1-52 genomicbackground,4136,6,4136_6
query_4137,0,genomicbackground,0,genomicbackground,0.19880500435829163,4137_6_RF00168_6_NC_000913.3_4233124-4233721_ext_320-520_int_115_off_30_percentage_24_position_1-47 genomicbackground,4137,6,4137_6
query_4138,0,genomicbackground,0,genomicbackground,0.055178746581077576,4138_6_RF00168_6_NC_000913.3_4233124-4233721_ext_320-520_int_115_off_35_percentage_21_position_1-42 genomicbackground,4138,6,4138_6
query_4139,0,genomicbackground,1,riboswitch,0.5677882432937622,4139_6_RF00168_6_NC_000913.3_4233124-4233721_ext_320-520_int_115_off_40_percentage_19_position_1-37 genomicbackground,4139,6,4139_6
query_4140,0,genomicbackground,1,riboswitch,0.9944570064544678,4140_6_RF00168_6_NC_000913.3_4233124-4233721_ext_320-520_int_115_off_45_percentage_16_position_1-32 genomicbackground,4140,6,4140_6
query_4141,0,genomicbackground,0,genomicbackground,0.07812749594449997,4141_6_RF00168_6_NC_000913.3_4233124-4233721_ext_320-520_int_115_off_50_percentage_14_position_1-27 genomicbackground,4141,6,4141_6
query_4142,0,genomicbackground,1,riboswitch,0.5626407265663147,4142_6_RF00168_6_NC_000913.3_4233124-4233721_ext_320-520_int_115_off_55_percentage_11_position_1-22 genomicbackground,4142,6,4142_6
query_4143,0,genomicbackground,0,genomicbackground,0.12444319576025009,4143_6_RF00168_6_NC_000913.3_4233124-4233721_ext_320-520_int_115_off_60_percentage_9_position_1-17 genomicbackground,4143,6,4143_6
query_4144,0,genomicbackground,1,riboswitch,0.9302751421928406,4144_6_RF00168_6_NC_000913.3_4233124-4233721_ext_320-520_int_115_off_65_percentage_6_position_1-12 genomicbackground,4144,6,4144_6
query_4145,0,genomicbackground,1,riboswitch,0.9469524025917053,4145_6_RF00168_6_NC_000913.3_4233124-4233721_ext_320-520_int_115_off_70_percentage_4_position_1-7 genomicbackground,4145,6,4145_6
query_4146,0,genomicbackground,1,riboswitch,0.9911618232727051,4146_6_RF00168_6_NC_000913.3_4233124-4233721_ext_320-520_int_115_off_75_percentage_1_position_1-2 genomicbackground,4146,6,4146_6
query_4147,0,genomicbackground,1,riboswitch,0.9739708304405212,4147_6_RF00168_6_NC_000913.3_4233124-4233721_ext_320-520_int_115_off_80_percentage_0_position_0-0 genomicbackground,4147,6,4147_6
query_4148,0,genomicbackground,1,riboswitch,0.9744086265563965,4148_6_RF00168_6_NC_000913.3_4233124-4233721_ext_320-520_int_115_off_85_percentage_0_position_0-0 genomicbackground,4148,6,4148_6
query_4149,0,genomicbackground,1,riboswitch,0.789092481136322,4149_6_RF00168_6_NC_000913.3_4233124-4233721_ext_320-520_int_120_off_0_percentage_39_position_1-77 genomicbackground,4149,6,4149_6
query_4150,0,genomicbackground,1,riboswitch,0.6871064901351929,4150_6_RF00168_6_NC_000913.3_4233124-4233721_ext_320-520_int_120_off_5_percentage_37_position_1-72 genomicbackground,4150,6,4150_6
query_4151,0,genomicbackground,0,genomicbackground,0.4391917586326599,4151_6_RF00168_6_NC_000913.3_4233124-4233721_ext_320-520_int_120_off_10_percentage_34_position_1-67 genomicbackground,4151,6,4151_6
query_4152,0,genomicbackground,0,genomicbackground,0.42250704765319824,4152_6_RF00168_6_NC_000913.3_4233124-4233721_ext_320-520_int_120_off_15_percentage_31_position_1-62 genomicbackground,4152,6,4152_6
query_4153,0,genomicbackground,0,genomicbackground,0.20954103767871857,4153_6_RF00168_6_NC_000913.3_4233124-4233721_ext_320-520_int_120_off_20_percentage_29_position_1-57 genomicbackground,4153,6,4153_6
query_4154,0,genomicbackground,0,genomicbackground,0.4902685582637787,4154_6_RF00168_6_NC_000913.3_4233124-4233721_ext_320-520_int_120_off_25_percentage_26_position_1-52 genomicbackground,4154,6,4154_6
query_4155,0,genomicbackground,0,genomicbackground,0.23231953382492065,4155_6_RF00168_6_NC_000913.3_4233124-4233721_ext_320-520_int_120_off_30_percentage_24_position_1-47 genomicbackground,4155,6,4155_6
query_4156,0,genomicbackground,0,genomicbackground,0.11052519083023071,4156_6_RF00168_6_NC_000913.3_4233124-4233721_ext_320-520_int_120_off_35_percentage_21_position_1-42 genomicbackground,4156,6,4156_6
query_4157,0,genomicbackground,1,riboswitch,0.845487117767334,4157_6_RF00168_6_NC_000913.3_4233124-4233721_ext_320-520_int_120_off_40_percentage_19_position_1-37 genomicbackground,4157,6,4157_6
query_4158,0,genomicbackground,1,riboswitch,0.9984582662582397,4158_6_RF00168_6_NC_000913.3_4233124-4233721_ext_320-520_int_120_off_45_percentage_16_position_1-32 genomicbackground,4158,6,4158_6
query_4159,0,genomicbackground,0,genomicbackground,0.1875876486301422,4159_6_RF00168_6_NC_000913.3_4233124-4233721_ext_320-520_int_120_off_50_percentage_14_position_1-27 genomicbackground,4159,6,4159_6
query_4160,0,genomicbackground,0,genomicbackground,0.3886681795120239,4160_6_RF00168_6_NC_000913.3_4233124-4233721_ext_320-520_int_120_off_55_percentage_11_position_1-22 genomicbackground,4160,6,4160_6
query_4161,0,genomicbackground,0,genomicbackground,0.3155859410762787,4161_6_RF00168_6_NC_000913.3_4233124-4233721_ext_320-520_int_120_off_60_percentage_9_position_1-17 genomicbackground,4161,6,4161_6
query_4162,0,genomicbackground,0,genomicbackground,0.4386446475982666,4162_6_RF00168_6_NC_000913.3_4233124-4233721_ext_320-520_int_120_off_65_percentage_6_position_1-12 genomicbackground,4162,6,4162_6
query_4163,0,genomicbackground,1,riboswitch,0.9842945337295532,4163_6_RF00168_6_NC_000913.3_4233124-4233721_ext_320-520_int_120_off_70_percentage_4_position_1-7 genomicbackground,4163,6,4163_6
query_4164,0,genomicbackground,1,riboswitch,0.9865500926971436,4164_6_RF00168_6_NC_000913.3_4233124-4233721_ext_320-520_int_120_off_75_percentage_1_position_1-2 genomicbackground,4164,6,4164_6
query_4165,0,genomicbackground,1,riboswitch,0.8273392915725708,4165_6_RF00168_6_NC_000913.3_4233124-4233721_ext_320-520_int_120_off_80_percentage_0_position_0-0 genomicbackground,4165,6,4165_6
query_4166,0,genomicbackground,1,riboswitch,0.6557036638259888,4166_6_RF00168_6_NC_000913.3_4233124-4233721_ext_320-520_int_125_off_0_percentage_39_position_1-77 genomicbackground,4166,6,4166_6
query_4167,0,genomicbackground,1,riboswitch,0.6994467377662659,4167_6_RF00168_6_NC_000913.3_4233124-4233721_ext_320-520_int_125_off_5_percentage_37_position_1-72 genomicbackground,4167,6,4167_6
query_4168,0,genomicbackground,0,genomicbackground,0.08495866507291794,4168_6_RF00168_6_NC_000913.3_4233124-4233721_ext_320-520_int_125_off_10_percentage_34_position_1-67 genomicbackground,4168,6,4168_6
query_4169,0,genomicbackground,0,genomicbackground,0.40355831384658813,4169_6_RF00168_6_NC_000913.3_4233124-4233721_ext_320-520_int_125_off_15_percentage_31_position_1-62 genomicbackground,4169,6,4169_6
query_4170,0,genomicbackground,1,riboswitch,0.6497092843055725,4170_6_RF00168_6_NC_000913.3_4233124-4233721_ext_320-520_int_125_off_20_percentage_29_position_1-57 genomicbackground,4170,6,4170_6
query_4171,0,genomicbackground,0,genomicbackground,0.4703837037086487,4171_6_RF00168_6_NC_000913.3_4233124-4233721_ext_320-520_int_125_off_25_percentage_26_position_1-52 genomicbackground,4171,6,4171_6
query_4172,0,genomicbackground,0,genomicbackground,0.2095995992422104,4172_6_RF00168_6_NC_000913.3_4233124-4233721_ext_320-520_int_125_off_30_percentage_24_position_1-47 genomicbackground,4172,6,4172_6
query_4173,0,genomicbackground,0,genomicbackground,0.30362823605537415,4173_6_RF00168_6_NC_000913.3_4233124-4233721_ext_320-520_int_125_off_35_percentage_21_position_1-42 genomicbackground,4173,6,4173_6
query_4174,0,genomicbackground,1,riboswitch,0.9222338795661926,4174_6_RF00168_6_NC_000913.3_4233124-4233721_ext_320-520_int_125_off_40_percentage_19_position_1-37 genomicbackground,4174,6,4174_6
query_4175,0,genomicbackground,1,riboswitch,0.9986876845359802,4175_6_RF00168_6_NC_000913.3_4233124-4233721_ext_320-520_int_125_off_45_percentage_16_position_1-32 genomicbackground,4175,6,4175_6
query_4176,0,genomicbackground,1,riboswitch,0.8002868294715881,4176_6_RF00168_6_NC_000913.3_4233124-4233721_ext_320-520_int_125_off_50_percentage_14_position_1-27 genomicbackground,4176,6,4176_6
query_4177,0,genomicbackground,1,riboswitch,0.6991733908653259,4177_6_RF00168_6_NC_000913.3_4233124-4233721_ext_320-520_int_125_off_55_percentage_11_position_1-22 genomicbackground,4177,6,4177_6
query_4178,0,genomicbackground,0,genomicbackground,0.0710202232003212,4178_6_RF00168_6_NC_000913.3_4233124-4233721_ext_320-520_int_125_off_60_percentage_9_position_1-17 genomicbackground,4178,6,4178_6
query_4179,0,genomicbackground,1,riboswitch,0.9709837436676025,4179_6_RF00168_6_NC_000913.3_4233124-4233721_ext_320-520_int_125_off_65_percentage_6_position_1-12 genomicbackground,4179,6,4179_6
query_4180,0,genomicbackground,1,riboswitch,0.974112868309021,4180_6_RF00168_6_NC_000913.3_4233124-4233721_ext_320-520_int_125_off_70_percentage_4_position_1-7 genomicbackground,4180,6,4180_6
query_4181,0,genomicbackground,1,riboswitch,0.9319959878921509,4181_6_RF00168_6_NC_000913.3_4233124-4233721_ext_320-520_int_125_off_75_percentage_1_position_1-2 genomicbackground,4181,6,4181_6
query_4182,0,genomicbackground,1,riboswitch,0.9121045470237732,4182_6_RF00168_6_NC_000913.3_4233124-4233721_ext_320-520_int_130_off_0_percentage_39_position_1-77 genomicbackground,4182,6,4182_6
query_4183,0,genomicbackground,0,genomicbackground,0.09299280494451523,4183_6_RF00168_6_NC_000913.3_4233124-4233721_ext_320-520_int_130_off_5_percentage_37_position_1-72 genomicbackground,4183,6,4183_6
query_4184,0,genomicbackground,0,genomicbackground,0.19783079624176025,4184_6_RF00168_6_NC_000913.3_4233124-4233721_ext_320-520_int_130_off_10_percentage_34_position_1-67 genomicbackground,4184,6,4184_6
query_4185,0,genomicbackground,1,riboswitch,0.6002988815307617,4185_6_RF00168_6_NC_000913.3_4233124-4233721_ext_320-520_int_130_off_15_percentage_31_position_1-62 genomicbackground,4185,6,4185_6
query_4186,0,genomicbackground,0,genomicbackground,0.18057718873023987,4186_6_RF00168_6_NC_000913.3_4233124-4233721_ext_320-520_int_130_off_20_percentage_29_position_1-57 genomicbackground,4186,6,4186_6
query_4187,0,genomicbackground,1,riboswitch,0.5689342021942139,4187_6_RF00168_6_NC_000913.3_4233124-4233721_ext_320-520_int_130_off_25_percentage_26_position_1-52 genomicbackground,4187,6,4187_6
query_4188,0,genomicbackground,1,riboswitch,0.5668582320213318,4188_6_RF00168_6_NC_000913.3_4233124-4233721_ext_320-520_int_130_off_30_percentage_24_position_1-47 genomicbackground,4188,6,4188_6
query_4189,0,genomicbackground,1,riboswitch,0.5126738548278809,4189_6_RF00168_6_NC_000913.3_4233124-4233721_ext_320-520_int_130_off_35_percentage_21_position_1-42 genomicbackground,4189,6,4189_6
query_4190,0,genomicbackground,1,riboswitch,0.9523677229881287,4190_6_RF00168_6_NC_000913.3_4233124-4233721_ext_320-520_int_130_off_40_percentage_19_position_1-37 genomicbackground,4190,6,4190_6
query_4191,0,genomicbackground,1,riboswitch,0.9288609027862549,4191_6_RF00168_6_NC_000913.3_4233124-4233721_ext_320-520_int_130_off_45_percentage_16_position_1-32 genomicbackground,4191,6,4191_6
query_4192,0,genomicbackground,1,riboswitch,0.8486528992652893,4192_6_RF00168_6_NC_000913.3_4233124-4233721_ext_320-520_int_130_off_50_percentage_14_position_1-27 genomicbackground,4192,6,4192_6
query_4193,0,genomicbackground,0,genomicbackground,0.20766204595565796,4193_6_RF00168_6_NC_000913.3_4233124-4233721_ext_320-520_int_130_off_55_percentage_11_position_1-22 genomicbackground,4193,6,4193_6
query_4194,0,genomicbackground,0,genomicbackground,0.07624571025371552,4194_6_RF00168_6_NC_000913.3_4233124-4233721_ext_320-520_int_130_off_60_percentage_9_position_1-17 genomicbackground,4194,6,4194_6
query_4195,0,genomicbackground,1,riboswitch,0.9471582174301147,4195_6_RF00168_6_NC_000913.3_4233124-4233721_ext_320-520_int_130_off_65_percentage_6_position_1-12 genomicbackground,4195,6,4195_6
query_4196,0,genomicbackground,1,riboswitch,0.9691447615623474,4196_6_RF00168_6_NC_000913.3_4233124-4233721_ext_320-520_int_130_off_70_percentage_4_position_1-7 genomicbackground,4196,6,4196_6
query_4197,0,genomicbackground,1,riboswitch,0.9044759273529053,4197_6_RF00168_6_NC_000913.3_4233124-4233721_ext_320-520_int_135_off_0_percentage_39_position_1-77 genomicbackground,4197,6,4197_6
query_4198,0,genomicbackground,0,genomicbackground,0.25412774085998535,4198_6_RF00168_6_NC_000913.3_4233124-4233721_ext_320-520_int_135_off_5_percentage_37_position_1-72 genomicbackground,4198,6,4198_6
query_4199,0,genomicbackground,1,riboswitch,0.5967294573783875,4199_6_RF00168_6_NC_000913.3_4233124-4233721_ext_320-520_int_135_off_10_percentage_34_position_1-67 genomicbackground,4199,6,4199_6
query_4200,0,genomicbackground,1,riboswitch,0.519559383392334,4200_6_RF00168_6_NC_000913.3_4233124-4233721_ext_320-520_int_135_off_15_percentage_31_position_1-62 genomicbackground,4200,6,4200_6
query_4201,0,genomicbackground,0,genomicbackground,0.2632550597190857,4201_6_RF00168_6_NC_000913.3_4233124-4233721_ext_320-520_int_135_off_20_percentage_29_position_1-57 genomicbackground,4201,6,4201_6
query_4202,0,genomicbackground,1,riboswitch,0.8619627952575684,4202_6_RF00168_6_NC_000913.3_4233124-4233721_ext_320-520_int_135_off_25_percentage_26_position_1-52 genomicbackground,4202,6,4202_6
query_4203,0,genomicbackground,1,riboswitch,0.9253488183021545,4203_6_RF00168_6_NC_000913.3_4233124-4233721_ext_320-520_int_135_off_30_percentage_24_position_1-47 genomicbackground,4203,6,4203_6
query_4204,0,genomicbackground,1,riboswitch,0.776567816734314,4204_6_RF00168_6_NC_000913.3_4233124-4233721_ext_320-520_int_135_off_35_percentage_21_position_1-42 genomicbackground,4204,6,4204_6
query_4205,0,genomicbackground,1,riboswitch,0.9315721392631531,4205_6_RF00168_6_NC_000913.3_4233124-4233721_ext_320-520_int_135_off_40_percentage_19_position_1-37 genomicbackground,4205,6,4205_6
query_4206,0,genomicbackground,1,riboswitch,0.9987735152244568,4206_6_RF00168_6_NC_000913.3_4233124-4233721_ext_320-520_int_135_off_45_percentage_16_position_1-32 genomicbackground,4206,6,4206_6
query_4207,0,genomicbackground,1,riboswitch,0.5176824927330017,4207_6_RF00168_6_NC_000913.3_4233124-4233721_ext_320-520_int_135_off_50_percentage_14_position_1-27 genomicbackground,4207,6,4207_6
query_4208,0,genomicbackground,0,genomicbackground,0.2447558045387268,4208_6_RF00168_6_NC_000913.3_4233124-4233721_ext_320-520_int_135_off_55_percentage_11_position_1-22 genomicbackground,4208,6,4208_6
query_4209,0,genomicbackground,0,genomicbackground,0.10855021327733994,4209_6_RF00168_6_NC_000913.3_4233124-4233721_ext_320-520_int_135_off_60_percentage_9_position_1-17 genomicbackground,4209,6,4209_6
query_4210,0,genomicbackground,0,genomicbackground,0.45706161856651306,4210_6_RF00168_6_NC_000913.3_4233124-4233721_ext_320-520_int_135_off_65_percentage_6_position_1-12 genomicbackground,4210,6,4210_6
query_4211,0,genomicbackground,1,riboswitch,0.9028155207633972,4211_6_RF00168_6_NC_000913.3_4233124-4233721_ext_320-520_int_140_off_0_percentage_39_position_1-77 genomicbackground,4211,6,4211_6
query_4212,0,genomicbackground,0,genomicbackground,0.05053848400712013,4212_6_RF00168_6_NC_000913.3_4233124-4233721_ext_320-520_int_140_off_5_percentage_37_position_1-72 genomicbackground,4212,6,4212_6
query_4213,0,genomicbackground,1,riboswitch,0.626481831073761,4213_6_RF00168_6_NC_000913.3_4233124-4233721_ext_320-520_int_140_off_10_percentage_34_position_1-67 genomicbackground,4213,6,4213_6
query_4214,0,genomicbackground,1,riboswitch,0.6224786639213562,4214_6_RF00168_6_NC_000913.3_4233124-4233721_ext_320-520_int_140_off_15_percentage_31_position_1-62 genomicbackground,4214,6,4214_6
query_4215,0,genomicbackground,1,riboswitch,0.5918585062026978,4215_6_RF00168_6_NC_000913.3_4233124-4233721_ext_320-520_int_140_off_20_percentage_29_position_1-57 genomicbackground,4215,6,4215_6
query_4216,0,genomicbackground,1,riboswitch,0.9679341316223145,4216_6_RF00168_6_NC_000913.3_4233124-4233721_ext_320-520_int_140_off_25_percentage_26_position_1-52 genomicbackground,4216,6,4216_6
query_4217,0,genomicbackground,1,riboswitch,0.9580450654029846,4217_6_RF00168_6_NC_000913.3_4233124-4233721_ext_320-520_int_140_off_30_percentage_24_position_1-47 genomicbackground,4217,6,4217_6
query_4218,0,genomicbackground,1,riboswitch,0.6142995357513428,4218_6_RF00168_6_NC_000913.3_4233124-4233721_ext_320-520_int_140_off_35_percentage_21_position_1-42 genomicbackground,4218,6,4218_6
query_4219,0,genomicbackground,1,riboswitch,0.9775370359420776,4219_6_RF00168_6_NC_000913.3_4233124-4233721_ext_320-520_int_140_off_40_percentage_19_position_1-37 genomicbackground,4219,6,4219_6
query_4220,0,genomicbackground,1,riboswitch,0.9975449442863464,4220_6_RF00168_6_NC_000913.3_4233124-4233721_ext_320-520_int_140_off_45_percentage_16_position_1-32 genomicbackground,4220,6,4220_6
query_4221,0,genomicbackground,0,genomicbackground,0.4136297106742859,4221_6_RF00168_6_NC_000913.3_4233124-4233721_ext_320-520_int_140_off_50_percentage_14_position_1-27 genomicbackground,4221,6,4221_6
query_4222,0,genomicbackground,0,genomicbackground,0.4025886654853821,4222_6_RF00168_6_NC_000913.3_4233124-4233721_ext_320-520_int_140_off_55_percentage_11_position_1-22 genomicbackground,4222,6,4222_6
query_4223,0,genomicbackground,0,genomicbackground,0.08720409870147705,4223_6_RF00168_6_NC_000913.3_4233124-4233721_ext_320-520_int_140_off_60_percentage_9_position_1-17 genomicbackground,4223,6,4223_6
query_4224,0,genomicbackground,1,riboswitch,0.9342969059944153,4224_6_RF00168_6_NC_000913.3_4233124-4233721_ext_320-520_int_145_off_0_percentage_39_position_1-77 genomicbackground,4224,6,4224_6
query_4225,0,genomicbackground,0,genomicbackground,0.4148576855659485,4225_6_RF00168_6_NC_000913.3_4233124-4233721_ext_320-520_int_145_off_5_percentage_37_position_1-72 genomicbackground,4225,6,4225_6
query_4226,0,genomicbackground,1,riboswitch,0.5968618988990784,4226_6_RF00168_6_NC_000913.3_4233124-4233721_ext_320-520_int_145_off_10_percentage_34_position_1-67 genomicbackground,4226,6,4226_6
query_4227,0,genomicbackground,1,riboswitch,0.7406579256057739,4227_6_RF00168_6_NC_000913.3_4233124-4233721_ext_320-520_int_145_off_15_percentage_31_position_1-62 genomicbackground,4227,6,4227_6
query_4228,0,genomicbackground,0,genomicbackground,0.45121854543685913,4228_6_RF00168_6_NC_000913.3_4233124-4233721_ext_320-520_int_145_off_20_percentage_29_position_1-57 genomicbackground,4228,6,4228_6
query_4229,0,genomicbackground,1,riboswitch,0.9835339188575745,4229_6_RF00168_6_NC_000913.3_4233124-4233721_ext_320-520_int_145_off_25_percentage_26_position_1-52 genomicbackground,4229,6,4229_6
query_4230,0,genomicbackground,1,riboswitch,0.9091488122940063,4230_6_RF00168_6_NC_000913.3_4233124-4233721_ext_320-520_int_145_off_30_percentage_24_position_1-47 genomicbackground,4230,6,4230_6
query_4231,0,genomicbackground,1,riboswitch,0.816133439540863,4231_6_RF00168_6_NC_000913.3_4233124-4233721_ext_320-520_int_145_off_35_percentage_21_position_1-42 genomicbackground,4231,6,4231_6
query_4232,0,genomicbackground,1,riboswitch,0.9626702070236206,4232_6_RF00168_6_NC_000913.3_4233124-4233721_ext_320-520_int_145_off_40_percentage_19_position_1-37 genomicbackground,4232,6,4232_6
query_4233,0,genomicbackground,1,riboswitch,0.9912484884262085,4233_6_RF00168_6_NC_000913.3_4233124-4233721_ext_320-520_int_145_off_45_percentage_16_position_1-32 genomicbackground,4233,6,4233_6
query_4234,0,genomicbackground,0,genomicbackground,0.21133586764335632,4234_6_RF00168_6_NC_000913.3_4233124-4233721_ext_320-520_int_145_off_50_percentage_14_position_1-27 genomicbackground,4234,6,4234_6
query_4235,0,genomicbackground,1,riboswitch,0.6503961086273193,4235_6_RF00168_6_NC_000913.3_4233124-4233721_ext_320-520_int_145_off_55_percentage_11_position_1-22 genomicbackground,4235,6,4235_6
query_4236,0,genomicbackground,1,riboswitch,0.9319941401481628,4236_6_RF00168_6_NC_000913.3_4233124-4233721_ext_320-520_int_150_off_0_percentage_39_position_1-77 genomicbackground,4236,6,4236_6
query_4237,0,genomicbackground,0,genomicbackground,0.35557815432548523,4237_6_RF00168_6_NC_000913.3_4233124-4233721_ext_320-520_int_150_off_5_percentage_37_position_1-72 genomicbackground,4237,6,4237_6
query_4238,0,genomicbackground,1,riboswitch,0.8541038036346436,4238_6_RF00168_6_NC_000913.3_4233124-4233721_ext_320-520_int_150_off_10_percentage_34_position_1-67 genomicbackground,4238,6,4238_6
query_4239,0,genomicbackground,1,riboswitch,0.6519238948822021,4239_6_RF00168_6_NC_000913.3_4233124-4233721_ext_320-520_int_150_off_15_percentage_31_position_1-62 genomicbackground,4239,6,4239_6
query_4240,0,genomicbackground,1,riboswitch,0.7477203011512756,4240_6_RF00168_6_NC_000913.3_4233124-4233721_ext_320-520_int_150_off_20_percentage_29_position_1-57 genomicbackground,4240,6,4240_6
query_4241,0,genomicbackground,1,riboswitch,0.9584658145904541,4241_6_RF00168_6_NC_000913.3_4233124-4233721_ext_320-520_int_150_off_25_percentage_26_position_1-52 genomicbackground,4241,6,4241_6
query_4242,0,genomicbackground,1,riboswitch,0.973861575126648,4242_6_RF00168_6_NC_000913.3_4233124-4233721_ext_320-520_int_150_off_30_percentage_24_position_1-47 genomicbackground,4242,6,4242_6
query_4243,0,genomicbackground,0,genomicbackground,0.22584417462348938,4243_6_RF00168_6_NC_000913.3_4233124-4233721_ext_320-520_int_150_off_35_percentage_21_position_1-42 genomicbackground,4243,6,4243_6
query_4244,0,genomicbackground,1,riboswitch,0.8366564512252808,4244_6_RF00168_6_NC_000913.3_4233124-4233721_ext_320-520_int_150_off_40_percentage_19_position_1-37 genomicbackground,4244,6,4244_6
query_4245,0,genomicbackground,1,riboswitch,0.968525767326355,4245_6_RF00168_6_NC_000913.3_4233124-4233721_ext_320-520_int_150_off_45_percentage_16_position_1-32 genomicbackground,4245,6,4245_6
query_4246,0,genomicbackground,0,genomicbackground,0.20012858510017395,4246_6_RF00168_6_NC_000913.3_4233124-4233721_ext_320-520_int_150_off_50_percentage_14_position_1-27 genomicbackground,4246,6,4246_6
query_4247,0,genomicbackground,1,riboswitch,0.9474364519119263,4247_6_RF00168_6_NC_000913.3_4233124-4233721_ext_320-520_int_155_off_0_percentage_39_position_1-77 genomicbackground,4247,6,4247_6
query_4248,0,genomicbackground,0,genomicbackground,0.42347609996795654,4248_6_RF00168_6_NC_000913.3_4233124-4233721_ext_320-520_int_155_off_5_percentage_37_position_1-72 genomicbackground,4248,6,4248_6
query_4249,0,genomicbackground,1,riboswitch,0.9718711972236633,4249_6_RF00168_6_NC_000913.3_4233124-4233721_ext_320-520_int_155_off_10_percentage_34_position_1-67 genomicbackground,4249,6,4249_6
query_4250,0,genomicbackground,1,riboswitch,0.8422821164131165,4250_6_RF00168_6_NC_000913.3_4233124-4233721_ext_320-520_int_155_off_15_percentage_31_position_1-62 genomicbackground,4250,6,4250_6
query_4251,0,genomicbackground,1,riboswitch,0.6819064021110535,4251_6_RF00168_6_NC_000913.3_4233124-4233721_ext_320-520_int_155_off_20_percentage_29_position_1-57 genomicbackground,4251,6,4251_6
query_4252,0,genomicbackground,1,riboswitch,0.7056370377540588,4252_6_RF00168_6_NC_000913.3_4233124-4233721_ext_320-520_int_155_off_25_percentage_26_position_1-52 genomicbackground,4252,6,4252_6
query_4253,0,genomicbackground,1,riboswitch,0.7560663819313049,4253_6_RF00168_6_NC_000913.3_4233124-4233721_ext_320-520_int_155_off_30_percentage_24_position_1-47 genomicbackground,4253,6,4253_6
query_4254,0,genomicbackground,0,genomicbackground,0.4037993252277374,4254_6_RF00168_6_NC_000913.3_4233124-4233721_ext_320-520_int_155_off_35_percentage_21_position_1-42 genomicbackground,4254,6,4254_6
query_4255,0,genomicbackground,1,riboswitch,0.6649681925773621,4255_6_RF00168_6_NC_000913.3_4233124-4233721_ext_320-520_int_155_off_40_percentage_19_position_1-37 genomicbackground,4255,6,4255_6
query_4256,0,genomicbackground,0,genomicbackground,0.3514026999473572,4256_6_RF00168_6_NC_000913.3_4233124-4233721_ext_320-520_int_155_off_45_percentage_16_position_1-32 genomicbackground,4256,6,4256_6
query_4257,0,genomicbackground,1,riboswitch,0.9602407813072205,4257_6_RF00168_6_NC_000913.3_4233124-4233721_ext_320-520_int_160_off_0_percentage_39_position_1-77 genomicbackground,4257,6,4257_6
query_4258,0,genomicbackground,1,riboswitch,0.9525370597839355,4258_6_RF00168_6_NC_000913.3_4233124-4233721_ext_320-520_int_160_off_5_percentage_37_position_1-72 genomicbackground,4258,6,4258_6
query_4259,0,genomicbackground,1,riboswitch,0.9835196137428284,4259_6_RF00168_6_NC_000913.3_4233124-4233721_ext_320-520_int_160_off_10_percentage_34_position_1-67 genomicbackground,4259,6,4259_6
query_4260,0,genomicbackground,1,riboswitch,0.8252962231636047,4260_6_RF00168_6_NC_000913.3_4233124-4233721_ext_320-520_int_160_off_15_percentage_31_position_1-62 genomicbackground,4260,6,4260_6
query_4261,0,genomicbackground,1,riboswitch,0.8428993225097656,4261_6_RF00168_6_NC_000913.3_4233124-4233721_ext_320-520_int_160_off_20_percentage_29_position_1-57 genomicbackground,4261,6,4261_6
query_4262,0,genomicbackground,0,genomicbackground,0.2655238211154938,4262_6_RF00168_6_NC_000913.3_4233124-4233721_ext_320-520_int_160_off_25_percentage_26_position_1-52 genomicbackground,4262,6,4262_6
query_4263,0,genomicbackground,1,riboswitch,0.5079662799835205,4263_6_RF00168_6_NC_000913.3_4233124-4233721_ext_320-520_int_160_off_30_percentage_24_position_1-47 genomicbackground,4263,6,4263_6
query_4264,0,genomicbackground,0,genomicbackground,0.16247141361236572,4264_6_RF00168_6_NC_000913.3_4233124-4233721_ext_320-520_int_160_off_35_percentage_21_position_1-42 genomicbackground,4264,6,4264_6
query_4265,0,genomicbackground,0,genomicbackground,0.240895614027977,4265_6_RF00168_6_NC_000913.3_4233124-4233721_ext_320-520_int_160_off_40_percentage_19_position_1-37 genomicbackground,4265,6,4265_6
query_4266,0,genomicbackground,1,riboswitch,0.9534202218055725,4266_6_RF00168_6_NC_000913.3_4233124-4233721_ext_320-520_int_165_off_0_percentage_39_position_1-77 genomicbackground,4266,6,4266_6
query_4267,0,genomicbackground,1,riboswitch,0.9761285781860352,4267_6_RF00168_6_NC_000913.3_4233124-4233721_ext_320-520_int_165_off_5_percentage_37_position_1-72 genomicbackground,4267,6,4267_6
query_4268,0,genomicbackground,1,riboswitch,0.9783561825752258,4268_6_RF00168_6_NC_000913.3_4233124-4233721_ext_320-520_int_165_off_10_percentage_34_position_1-67 genomicbackground,4268,6,4268_6
query_4269,0,genomicbackground,1,riboswitch,0.9059112071990967,4269_6_RF00168_6_NC_000913.3_4233124-4233721_ext_320-520_int_165_off_15_percentage_31_position_1-62 genomicbackground,4269,6,4269_6
query_4270,0,genomicbackground,1,riboswitch,0.5831354856491089,4270_6_RF00168_6_NC_000913.3_4233124-4233721_ext_320-520_int_165_off_20_percentage_29_position_1-57 genomicbackground,4270,6,4270_6
query_4271,0,genomicbackground,1,riboswitch,0.8165344595909119,4271_6_RF00168_6_NC_000913.3_4233124-4233721_ext_320-520_int_165_off_25_percentage_26_position_1-52 genomicbackground,4271,6,4271_6
query_4272,0,genomicbackground,0,genomicbackground,0.4122983515262604,4272_6_RF00168_6_NC_000913.3_4233124-4233721_ext_320-520_int_165_off_30_percentage_24_position_1-47 genomicbackground,4272,6,4272_6
query_4273,0,genomicbackground,0,genomicbackground,0.03294774517416954,4273_6_RF00168_6_NC_000913.3_4233124-4233721_ext_320-520_int_165_off_35_percentage_21_position_1-42 genomicbackground,4273,6,4273_6
query_4274,0,genomicbackground,1,riboswitch,0.973904550075531,4274_6_RF00168_6_NC_000913.3_4233124-4233721_ext_320-520_int_170_off_0_percentage_39_position_1-77 genomicbackground,4274,6,4274_6
query_4275,0,genomicbackground,1,riboswitch,0.9669633507728577,4275_6_RF00168_6_NC_000913.3_4233124-4233721_ext_320-520_int_170_off_5_percentage_37_position_1-72 genomicbackground,4275,6,4275_6
query_4276,0,genomicbackground,1,riboswitch,0.9880726337432861,4276_6_RF00168_6_NC_000913.3_4233124-4233721_ext_320-520_int_170_off_10_percentage_34_position_1-67 genomicbackground,4276,6,4276_6
query_4277,0,genomicbackground,1,riboswitch,0.519655168056488,4277_6_RF00168_6_NC_000913.3_4233124-4233721_ext_320-520_int_170_off_15_percentage_31_position_1-62 genomicbackground,4277,6,4277_6
query_4278,0,genomicbackground,1,riboswitch,0.6748305559158325,4278_6_RF00168_6_NC_000913.3_4233124-4233721_ext_320-520_int_170_off_20_percentage_29_position_1-57 genomicbackground,4278,6,4278_6
query_4279,0,genomicbackground,1,riboswitch,0.7406880855560303,4279_6_RF00168_6_NC_000913.3_4233124-4233721_ext_320-520_int_170_off_25_percentage_26_position_1-52 genomicbackground,4279,6,4279_6
query_4280,0,genomicbackground,0,genomicbackground,0.16543707251548767,4280_6_RF00168_6_NC_000913.3_4233124-4233721_ext_320-520_int_170_off_30_percentage_24_position_1-47 genomicbackground,4280,6,4280_6
query_4281,0,genomicbackground,1,riboswitch,0.975774884223938,4281_6_RF00168_6_NC_000913.3_4233124-4233721_ext_320-520_int_175_off_0_percentage_39_position_1-77 genomicbackground,4281,6,4281_6
query_4282,0,genomicbackground,1,riboswitch,0.9827905893325806,4282_6_RF00168_6_NC_000913.3_4233124-4233721_ext_320-520_int_175_off_5_percentage_37_position_1-72 genomicbackground,4282,6,4282_6
query_4283,0,genomicbackground,1,riboswitch,0.9732214212417603,4283_6_RF00168_6_NC_000913.3_4233124-4233721_ext_320-520_int_175_off_10_percentage_34_position_1-67 genomicbackground,4283,6,4283_6
query_4284,0,genomicbackground,1,riboswitch,0.8134257793426514,4284_6_RF00168_6_NC_000913.3_4233124-4233721_ext_320-520_int_175_off_15_percentage_31_position_1-62 genomicbackground,4284,6,4284_6
query_4285,0,genomicbackground,0,genomicbackground,0.4945482313632965,4285_6_RF00168_6_NC_000913.3_4233124-4233721_ext_320-520_int_175_off_20_percentage_29_position_1-57 genomicbackground,4285,6,4285_6
query_4286,0,genomicbackground,1,riboswitch,0.5149811506271362,4286_6_RF00168_6_NC_000913.3_4233124-4233721_ext_320-520_int_175_off_25_percentage_26_position_1-52 genomicbackground,4286,6,4286_6
query_4287,0,genomicbackground,1,riboswitch,0.984034538269043,4287_6_RF00168_6_NC_000913.3_4233124-4233721_ext_320-520_int_180_off_0_percentage_39_position_1-77 genomicbackground,4287,6,4287_6
query_4288,0,genomicbackground,0,genomicbackground,0.44491663575172424,4288_6_RF00168_6_NC_000913.3_4233124-4233721_ext_320-520_int_180_off_5_percentage_37_position_1-72 genomicbackground,4288,6,4288_6
query_4289,0,genomicbackground,1,riboswitch,0.8975644707679749,4289_6_RF00168_6_NC_000913.3_4233124-4233721_ext_320-520_int_180_off_10_percentage_34_position_1-67 genomicbackground,4289,6,4289_6
query_4290,0,genomicbackground,1,riboswitch,0.7595836520195007,4290_6_RF00168_6_NC_000913.3_4233124-4233721_ext_320-520_int_180_off_15_percentage_31_position_1-62 genomicbackground,4290,6,4290_6
query_4291,0,genomicbackground,0,genomicbackground,0.4620492458343506,4291_6_RF00168_6_NC_000913.3_4233124-4233721_ext_320-520_int_180_off_20_percentage_29_position_1-57 genomicbackground,4291,6,4291_6
query_4292,0,genomicbackground,1,riboswitch,0.9686722755432129,4292_6_RF00168_6_NC_000913.3_4233124-4233721_ext_320-520_int_185_off_0_percentage_39_position_1-77 genomicbackground,4292,6,4292_6
query_4293,0,genomicbackground,1,riboswitch,0.7386866211891174,4293_6_RF00168_6_NC_000913.3_4233124-4233721_ext_320-520_int_185_off_5_percentage_37_position_1-72 genomicbackground,4293,6,4293_6
query_4294,0,genomicbackground,1,riboswitch,0.8723149299621582,4294_6_RF00168_6_NC_000913.3_4233124-4233721_ext_320-520_int_185_off_10_percentage_34_position_1-67 genomicbackground,4294,6,4294_6
query_4295,0,genomicbackground,1,riboswitch,0.5648177862167358,4295_6_RF00168_6_NC_000913.3_4233124-4233721_ext_320-520_int_185_off_15_percentage_31_position_1-62 genomicbackground,4295,6,4295_6
query_4296,0,genomicbackground,1,riboswitch,0.986663818359375,4296_6_RF00168_6_NC_000913.3_4233124-4233721_ext_320-520_int_190_off_0_percentage_39_position_1-77 genomicbackground,4296,6,4296_6
query_4297,0,genomicbackground,1,riboswitch,0.6659055352210999,4297_6_RF00168_6_NC_000913.3_4233124-4233721_ext_320-520_int_190_off_5_percentage_37_position_1-72 genomicbackground,4297,6,4297_6
query_4298,0,genomicbackground,0,genomicbackground,0.49438247084617615,4298_6_RF00168_6_NC_000913.3_4233124-4233721_ext_320-520_int_190_off_10_percentage_34_position_1-67 genomicbackground,4298,6,4298_6
query_4299,0,genomicbackground,1,riboswitch,0.9837267398834229,4299_6_RF00168_6_NC_000913.3_4233124-4233721_ext_320-520_int_195_off_0_percentage_39_position_1-77 genomicbackground,4299,6,4299_6
query_4300,0,genomicbackground,0,genomicbackground,0.3569962978363037,4300_6_RF00168_6_NC_000913.3_4233124-4233721_ext_320-520_int_195_off_5_percentage_37_position_1-72 genomicbackground,4300,6,4300_6
query_4301,0,genomicbackground,1,riboswitch,0.9352537393569946,4301_6_RF00168_6_NC_000913.3_4233124-4233721_ext_320-520_int_200_off_0_percentage_39_position_1-77 genomicbackground,4301,6,4301_6
query_4302,0,genomicbackground,1,riboswitch,0.6620711088180542,4302_6_RF00168_6_NC_000913.3_4233124-4233721_ext_340-540_int_95_off_0_percentage_29_position_1-57 genomicbackground,4302,6,4302_6
query_4303,0,genomicbackground,0,genomicbackground,0.14250491559505463,4303_6_RF00168_6_NC_000913.3_4233124-4233721_ext_340-540_int_95_off_5_percentage_26_position_1-52 genomicbackground,4303,6,4303_6
query_4304,0,genomicbackground,0,genomicbackground,0.012996257282793522,4304_6_RF00168_6_NC_000913.3_4233124-4233721_ext_340-540_int_95_off_10_percentage_24_position_1-47 genomicbackground,4304,6,4304_6
query_4305,0,genomicbackground,0,genomicbackground,0.06415360420942307,4305_6_RF00168_6_NC_000913.3_4233124-4233721_ext_340-540_int_95_off_15_percentage_21_position_1-42 genomicbackground,4305,6,4305_6
query_4306,0,genomicbackground,0,genomicbackground,0.051709629595279694,4306_6_RF00168_6_NC_000913.3_4233124-4233721_ext_340-540_int_95_off_20_percentage_19_position_1-37 genomicbackground,4306,6,4306_6
query_4307,0,genomicbackground,1,riboswitch,0.6892957091331482,4307_6_RF00168_6_NC_000913.3_4233124-4233721_ext_340-540_int_95_off_25_percentage_16_position_1-32 genomicbackground,4307,6,4307_6
query_4308,0,genomicbackground,0,genomicbackground,0.15227848291397095,4308_6_RF00168_6_NC_000913.3_4233124-4233721_ext_340-540_int_95_off_30_percentage_14_position_1-27 genomicbackground,4308,6,4308_6
query_4309,0,genomicbackground,0,genomicbackground,0.18809179961681366,4309_6_RF00168_6_NC_000913.3_4233124-4233721_ext_340-540_int_95_off_35_percentage_11_position_1-22 genomicbackground,4309,6,4309_6
query_4310,0,genomicbackground,0,genomicbackground,0.07996626198291779,4310_6_RF00168_6_NC_000913.3_4233124-4233721_ext_340-540_int_95_off_40_percentage_9_position_1-17 genomicbackground,4310,6,4310_6
query_4311,0,genomicbackground,1,riboswitch,0.9865962862968445,4311_6_RF00168_6_NC_000913.3_4233124-4233721_ext_340-540_int_95_off_45_percentage_6_position_1-12 genomicbackground,4311,6,4311_6
query_4312,0,genomicbackground,1,riboswitch,0.9568740725517273,4312_6_RF00168_6_NC_000913.3_4233124-4233721_ext_340-540_int_95_off_50_percentage_4_position_1-7 genomicbackground,4312,6,4312_6
query_4313,0,genomicbackground,1,riboswitch,0.8504937887191772,4313_6_RF00168_6_NC_000913.3_4233124-4233721_ext_340-540_int_95_off_55_percentage_1_position_1-2 genomicbackground,4313,6,4313_6
query_4314,0,genomicbackground,1,riboswitch,0.9737327098846436,4314_6_RF00168_6_NC_000913.3_4233124-4233721_ext_340-540_int_95_off_60_percentage_0_position_0-0 genomicbackground,4314,6,4314_6
query_4315,0,genomicbackground,1,riboswitch,0.9655271768569946,4315_6_RF00168_6_NC_000913.3_4233124-4233721_ext_340-540_int_95_off_65_percentage_0_position_0-0 genomicbackground,4315,6,4315_6
query_4316,0,genomicbackground,0,genomicbackground,0.035411421209573746,4316_6_RF00168_6_NC_000913.3_4233124-4233721_ext_340-540_int_95_off_70_percentage_0_position_0-0 genomicbackground,4316,6,4316_6
query_4317,0,genomicbackground,1,riboswitch,0.9894060492515564,4317_6_RF00168_6_NC_000913.3_4233124-4233721_ext_340-540_int_95_off_75_percentage_0_position_0-0 genomicbackground,4317,6,4317_6
query_4318,0,genomicbackground,1,riboswitch,0.990379810333252,4318_6_RF00168_6_NC_000913.3_4233124-4233721_ext_340-540_int_95_off_80_percentage_0_position_0-0 genomicbackground,4318,6,4318_6
query_4319,0,genomicbackground,1,riboswitch,0.9711320996284485,4319_6_RF00168_6_NC_000913.3_4233124-4233721_ext_340-540_int_95_off_85_percentage_0_position_0-0 genomicbackground,4319,6,4319_6
query_4320,0,genomicbackground,0,genomicbackground,0.06115218251943588,4320_6_RF00168_6_NC_000913.3_4233124-4233721_ext_340-540_int_95_off_90_percentage_0_position_0-0 genomicbackground,4320,6,4320_6
query_4321,0,genomicbackground,0,genomicbackground,0.10760574787855148,4321_6_RF00168_6_NC_000913.3_4233124-4233721_ext_340-540_int_95_off_95_percentage_0_position_0-0 genomicbackground,4321,6,4321_6
query_4322,0,genomicbackground,0,genomicbackground,0.12437423318624496,4322_6_RF00168_6_NC_000913.3_4233124-4233721_ext_340-540_int_95_off_100_percentage_0_position_0-0 genomicbackground,4322,6,4322_6
query_4323,0,genomicbackground,0,genomicbackground,0.07456272095441818,4323_6_RF00168_6_NC_000913.3_4233124-4233721_ext_340-540_int_95_off_105_percentage_0_position_0-0 genomicbackground,4323,6,4323_6
query_4324,0,genomicbackground,0,genomicbackground,0.20444200932979584,4324_6_RF00168_6_NC_000913.3_4233124-4233721_ext_340-540_int_100_off_0_percentage_29_position_1-57 genomicbackground,4324,6,4324_6
query_4325,0,genomicbackground,0,genomicbackground,0.10129370540380478,4325_6_RF00168_6_NC_000913.3_4233124-4233721_ext_340-540_int_100_off_5_percentage_26_position_1-52 genomicbackground,4325,6,4325_6
query_4326,0,genomicbackground,0,genomicbackground,0.04791633412241936,4326_6_RF00168_6_NC_000913.3_4233124-4233721_ext_340-540_int_100_off_10_percentage_24_position_1-47 genomicbackground,4326,6,4326_6
query_4327,0,genomicbackground,0,genomicbackground,0.07334668934345245,4327_6_RF00168_6_NC_000913.3_4233124-4233721_ext_340-540_int_100_off_15_percentage_21_position_1-42 genomicbackground,4327,6,4327_6
query_4328,0,genomicbackground,0,genomicbackground,0.31573542952537537,4328_6_RF00168_6_NC_000913.3_4233124-4233721_ext_340-540_int_100_off_20_percentage_19_position_1-37 genomicbackground,4328,6,4328_6
query_4329,0,genomicbackground,1,riboswitch,0.9703029990196228,4329_6_RF00168_6_NC_000913.3_4233124-4233721_ext_340-540_int_100_off_25_percentage_16_position_1-32 genomicbackground,4329,6,4329_6
query_4330,0,genomicbackground,0,genomicbackground,0.19867043197155,4330_6_RF00168_6_NC_000913.3_4233124-4233721_ext_340-540_int_100_off_30_percentage_14_position_1-27 genomicbackground,4330,6,4330_6
query_4331,0,genomicbackground,0,genomicbackground,0.3163512051105499,4331_6_RF00168_6_NC_000913.3_4233124-4233721_ext_340-540_int_100_off_35_percentage_11_position_1-22 genomicbackground,4331,6,4331_6
query_4332,0,genomicbackground,0,genomicbackground,0.22273534536361694,4332_6_RF00168_6_NC_000913.3_4233124-4233721_ext_340-540_int_100_off_40_percentage_9_position_1-17 genomicbackground,4332,6,4332_6
query_4333,0,genomicbackground,1,riboswitch,0.5005878210067749,4333_6_RF00168_6_NC_000913.3_4233124-4233721_ext_340-540_int_100_off_45_percentage_6_position_1-12 genomicbackground,4333,6,4333_6
query_4334,0,genomicbackground,1,riboswitch,0.979856014251709,4334_6_RF00168_6_NC_000913.3_4233124-4233721_ext_340-540_int_100_off_50_percentage_4_position_1-7 genomicbackground,4334,6,4334_6
query_4335,0,genomicbackground,1,riboswitch,0.6395132541656494,4335_6_RF00168_6_NC_000913.3_4233124-4233721_ext_340-540_int_100_off_55_percentage_1_position_1-2 genomicbackground,4335,6,4335_6
query_4336,0,genomicbackground,1,riboswitch,0.9884361028671265,4336_6_RF00168_6_NC_000913.3_4233124-4233721_ext_340-540_int_100_off_60_percentage_0_position_0-0 genomicbackground,4336,6,4336_6
query_4337,0,genomicbackground,0,genomicbackground,0.3643476068973541,4337_6_RF00168_6_NC_000913.3_4233124-4233721_ext_340-540_int_100_off_65_percentage_0_position_0-0 genomicbackground,4337,6,4337_6
query_4338,0,genomicbackground,1,riboswitch,0.9779722690582275,4338_6_RF00168_6_NC_000913.3_4233124-4233721_ext_340-540_int_100_off_70_percentage_0_position_0-0 genomicbackground,4338,6,4338_6
query_4339,0,genomicbackground,1,riboswitch,0.9868926405906677,4339_6_RF00168_6_NC_000913.3_4233124-4233721_ext_340-540_int_100_off_75_percentage_0_position_0-0 genomicbackground,4339,6,4339_6
query_4340,0,genomicbackground,1,riboswitch,0.9526240229606628,4340_6_RF00168_6_NC_000913.3_4233124-4233721_ext_340-540_int_100_off_80_percentage_0_position_0-0 genomicbackground,4340,6,4340_6
query_4341,0,genomicbackground,0,genomicbackground,0.06838756799697876,4341_6_RF00168_6_NC_000913.3_4233124-4233721_ext_340-540_int_100_off_85_percentage_0_position_0-0 genomicbackground,4341,6,4341_6
query_4342,0,genomicbackground,0,genomicbackground,0.05012816935777664,4342_6_RF00168_6_NC_000913.3_4233124-4233721_ext_340-540_int_100_off_90_percentage_0_position_0-0 genomicbackground,4342,6,4342_6
query_4343,0,genomicbackground,0,genomicbackground,0.09683236479759216,4343_6_RF00168_6_NC_000913.3_4233124-4233721_ext_340-540_int_100_off_95_percentage_0_position_0-0 genomicbackground,4343,6,4343_6
query_4344,0,genomicbackground,0,genomicbackground,0.05188966915011406,4344_6_RF00168_6_NC_000913.3_4233124-4233721_ext_340-540_int_100_off_100_percentage_0_position_0-0 genomicbackground,4344,6,4344_6
query_4345,0,genomicbackground,0,genomicbackground,0.46792563796043396,4345_6_RF00168_6_NC_000913.3_4233124-4233721_ext_340-540_int_105_off_0_percentage_29_position_1-57 genomicbackground,4345,6,4345_6
query_4346,0,genomicbackground,0,genomicbackground,0.37289050221443176,4346_6_RF00168_6_NC_000913.3_4233124-4233721_ext_340-540_int_105_off_5_percentage_26_position_1-52 genomicbackground,4346,6,4346_6
query_4347,0,genomicbackground,0,genomicbackground,0.04141475632786751,4347_6_RF00168_6_NC_000913.3_4233124-4233721_ext_340-540_int_105_off_10_percentage_24_position_1-47 genomicbackground,4347,6,4347_6
query_4348,0,genomicbackground,0,genomicbackground,0.12322138994932175,4348_6_RF00168_6_NC_000913.3_4233124-4233721_ext_340-540_int_105_off_15_percentage_21_position_1-42 genomicbackground,4348,6,4348_6
query_4349,0,genomicbackground,1,riboswitch,0.657700777053833,4349_6_RF00168_6_NC_000913.3_4233124-4233721_ext_340-540_int_105_off_20_percentage_19_position_1-37 genomicbackground,4349,6,4349_6
query_4350,0,genomicbackground,1,riboswitch,0.6641616225242615,4350_6_RF00168_6_NC_000913.3_4233124-4233721_ext_340-540_int_105_off_25_percentage_16_position_1-32 genomicbackground,4350,6,4350_6
query_4351,0,genomicbackground,0,genomicbackground,0.2406359165906906,4351_6_RF00168_6_NC_000913.3_4233124-4233721_ext_340-540_int_105_off_30_percentage_14_position_1-27 genomicbackground,4351,6,4351_6
query_4352,0,genomicbackground,1,riboswitch,0.5088099241256714,4352_6_RF00168_6_NC_000913.3_4233124-4233721_ext_340-540_int_105_off_35_percentage_11_position_1-22 genomicbackground,4352,6,4352_6
query_4353,0,genomicbackground,0,genomicbackground,0.08440826088190079,4353_6_RF00168_6_NC_000913.3_4233124-4233721_ext_340-540_int_105_off_40_percentage_9_position_1-17 genomicbackground,4353,6,4353_6
query_4354,0,genomicbackground,1,riboswitch,0.8498654365539551,4354_6_RF00168_6_NC_000913.3_4233124-4233721_ext_340-540_int_105_off_45_percentage_6_position_1-12 genomicbackground,4354,6,4354_6
query_4355,0,genomicbackground,1,riboswitch,0.9676873683929443,4355_6_RF00168_6_NC_000913.3_4233124-4233721_ext_340-540_int_105_off_50_percentage_4_position_1-7 genomicbackground,4355,6,4355_6
query_4356,0,genomicbackground,1,riboswitch,0.9149777889251709,4356_6_RF00168_6_NC_000913.3_4233124-4233721_ext_340-540_int_105_off_55_percentage_1_position_1-2 genomicbackground,4356,6,4356_6
query_4357,0,genomicbackground,1,riboswitch,0.9250193238258362,4357_6_RF00168_6_NC_000913.3_4233124-4233721_ext_340-540_int_105_off_60_percentage_0_position_0-0 genomicbackground,4357,6,4357_6
query_4358,0,genomicbackground,1,riboswitch,0.9885022640228271,4358_6_RF00168_6_NC_000913.3_4233124-4233721_ext_340-540_int_105_off_65_percentage_0_position_0-0 genomicbackground,4358,6,4358_6
query_4359,0,genomicbackground,1,riboswitch,0.9704394936561584,4359_6_RF00168_6_NC_000913.3_4233124-4233721_ext_340-540_int_105_off_70_percentage_0_position_0-0 genomicbackground,4359,6,4359_6
query_4360,0,genomicbackground,1,riboswitch,0.9739688038825989,4360_6_RF00168_6_NC_000913.3_4233124-4233721_ext_340-540_int_105_off_75_percentage_0_position_0-0 genomicbackground,4360,6,4360_6
query_4361,0,genomicbackground,0,genomicbackground,0.036112964153289795,4361_6_RF00168_6_NC_000913.3_4233124-4233721_ext_340-540_int_105_off_80_percentage_0_position_0-0 genomicbackground,4361,6,4361_6
query_4362,0,genomicbackground,0,genomicbackground,0.04371388256549835,4362_6_RF00168_6_NC_000913.3_4233124-4233721_ext_340-540_int_105_off_85_percentage_0_position_0-0 genomicbackground,4362,6,4362_6
query_4363,0,genomicbackground,0,genomicbackground,0.08361179381608963,4363_6_RF00168_6_NC_000913.3_4233124-4233721_ext_340-540_int_105_off_90_percentage_0_position_0-0 genomicbackground,4363,6,4363_6
query_4364,0,genomicbackground,0,genomicbackground,0.04148836433887482,4364_6_RF00168_6_NC_000913.3_4233124-4233721_ext_340-540_int_105_off_95_percentage_0_position_0-0 genomicbackground,4364,6,4364_6
query_4365,0,genomicbackground,0,genomicbackground,0.3014126420021057,4365_6_RF00168_6_NC_000913.3_4233124-4233721_ext_340-540_int_110_off_0_percentage_29_position_1-57 genomicbackground,4365,6,4365_6
query_4366,0,genomicbackground,0,genomicbackground,0.3124900162220001,4366_6_RF00168_6_NC_000913.3_4233124-4233721_ext_340-540_int_110_off_5_percentage_26_position_1-52 genomicbackground,4366,6,4366_6
query_4367,0,genomicbackground,0,genomicbackground,0.10818178206682205,4367_6_RF00168_6_NC_000913.3_4233124-4233721_ext_340-540_int_110_off_10_percentage_24_position_1-47 genomicbackground,4367,6,4367_6
query_4368,0,genomicbackground,0,genomicbackground,0.14456576108932495,4368_6_RF00168_6_NC_000913.3_4233124-4233721_ext_340-540_int_110_off_15_percentage_21_position_1-42 genomicbackground,4368,6,4368_6
query_4369,0,genomicbackground,0,genomicbackground,0.31057366728782654,4369_6_RF00168_6_NC_000913.3_4233124-4233721_ext_340-540_int_110_off_20_percentage_19_position_1-37 genomicbackground,4369,6,4369_6
query_4370,0,genomicbackground,1,riboswitch,0.949653685092926,4370_6_RF00168_6_NC_000913.3_4233124-4233721_ext_340-540_int_110_off_25_percentage_16_position_1-32 genomicbackground,4370,6,4370_6
query_4371,0,genomicbackground,1,riboswitch,0.6229802370071411,4371_6_RF00168_6_NC_000913.3_4233124-4233721_ext_340-540_int_110_off_30_percentage_14_position_1-27 genomicbackground,4371,6,4371_6
query_4372,0,genomicbackground,0,genomicbackground,0.2780831754207611,4372_6_RF00168_6_NC_000913.3_4233124-4233721_ext_340-540_int_110_off_35_percentage_11_position_1-22 genomicbackground,4372,6,4372_6
query_4373,0,genomicbackground,0,genomicbackground,0.19100651144981384,4373_6_RF00168_6_NC_000913.3_4233124-4233721_ext_340-540_int_110_off_40_percentage_9_position_1-17 genomicbackground,4373,6,4373_6
query_4374,0,genomicbackground,1,riboswitch,0.6908440589904785,4374_6_RF00168_6_NC_000913.3_4233124-4233721_ext_340-540_int_110_off_45_percentage_6_position_1-12 genomicbackground,4374,6,4374_6
query_4375,0,genomicbackground,1,riboswitch,0.9835054278373718,4375_6_RF00168_6_NC_000913.3_4233124-4233721_ext_340-540_int_110_off_50_percentage_4_position_1-7 genomicbackground,4375,6,4375_6
query_4376,0,genomicbackground,0,genomicbackground,0.046218179166316986,4376_6_RF00168_6_NC_000913.3_4233124-4233721_ext_340-540_int_110_off_55_percentage_1_position_1-2 genomicbackground,4376,6,4376_6
query_4377,0,genomicbackground,1,riboswitch,0.98366779088974,4377_6_RF00168_6_NC_000913.3_4233124-4233721_ext_340-540_int_110_off_60_percentage_0_position_0-0 genomicbackground,4377,6,4377_6
query_4378,0,genomicbackground,1,riboswitch,0.9853188991546631,4378_6_RF00168_6_NC_000913.3_4233124-4233721_ext_340-540_int_110_off_65_percentage_0_position_0-0 genomicbackground,4378,6,4378_6
query_4379,0,genomicbackground,1,riboswitch,0.9627237915992737,4379_6_RF00168_6_NC_000913.3_4233124-4233721_ext_340-540_int_110_off_70_percentage_0_position_0-0 genomicbackground,4379,6,4379_6
query_4380,0,genomicbackground,0,genomicbackground,0.05098152905702591,4380_6_RF00168_6_NC_000913.3_4233124-4233721_ext_340-540_int_110_off_75_percentage_0_position_0-0 genomicbackground,4380,6,4380_6
query_4381,0,genomicbackground,1,riboswitch,0.8636300563812256,4381_6_RF00168_6_NC_000913.3_4233124-4233721_ext_340-540_int_110_off_80_percentage_0_position_0-0 genomicbackground,4381,6,4381_6
query_4382,0,genomicbackground,0,genomicbackground,0.08386436849832535,4382_6_RF00168_6_NC_000913.3_4233124-4233721_ext_340-540_int_110_off_85_percentage_0_position_0-0 genomicbackground,4382,6,4382_6
query_4383,0,genomicbackground,0,genomicbackground,0.03911859542131424,4383_6_RF00168_6_NC_000913.3_4233124-4233721_ext_340-540_int_110_off_90_percentage_0_position_0-0 genomicbackground,4383,6,4383_6
query_4384,0,genomicbackground,0,genomicbackground,0.24367980659008026,4384_6_RF00168_6_NC_000913.3_4233124-4233721_ext_340-540_int_115_off_0_percentage_29_position_1-57 genomicbackground,4384,6,4384_6
query_4385,0,genomicbackground,0,genomicbackground,0.272841215133667,4385_6_RF00168_6_NC_000913.3_4233124-4233721_ext_340-540_int_115_off_5_percentage_26_position_1-52 genomicbackground,4385,6,4385_6
query_4386,0,genomicbackground,0,genomicbackground,0.19880500435829163,4386_6_RF00168_6_NC_000913.3_4233124-4233721_ext_340-540_int_115_off_10_percentage_24_position_1-47 genomicbackground,4386,6,4386_6
query_4387,0,genomicbackground,0,genomicbackground,0.055178746581077576,4387_6_RF00168_6_NC_000913.3_4233124-4233721_ext_340-540_int_115_off_15_percentage_21_position_1-42 genomicbackground,4387,6,4387_6
query_4388,0,genomicbackground,1,riboswitch,0.5677882432937622,4388_6_RF00168_6_NC_000913.3_4233124-4233721_ext_340-540_int_115_off_20_percentage_19_position_1-37 genomicbackground,4388,6,4388_6
query_4389,0,genomicbackground,1,riboswitch,0.9944570064544678,4389_6_RF00168_6_NC_000913.3_4233124-4233721_ext_340-540_int_115_off_25_percentage_16_position_1-32 genomicbackground,4389,6,4389_6
query_4390,0,genomicbackground,0,genomicbackground,0.07812749594449997,4390_6_RF00168_6_NC_000913.3_4233124-4233721_ext_340-540_int_115_off_30_percentage_14_position_1-27 genomicbackground,4390,6,4390_6
query_4391,0,genomicbackground,1,riboswitch,0.5626407265663147,4391_6_RF00168_6_NC_000913.3_4233124-4233721_ext_340-540_int_115_off_35_percentage_11_position_1-22 genomicbackground,4391,6,4391_6
query_4392,0,genomicbackground,0,genomicbackground,0.12444319576025009,4392_6_RF00168_6_NC_000913.3_4233124-4233721_ext_340-540_int_115_off_40_percentage_9_position_1-17 genomicbackground,4392,6,4392_6
query_4393,0,genomicbackground,1,riboswitch,0.9302751421928406,4393_6_RF00168_6_NC_000913.3_4233124-4233721_ext_340-540_int_115_off_45_percentage_6_position_1-12 genomicbackground,4393,6,4393_6
query_4394,0,genomicbackground,1,riboswitch,0.9469524025917053,4394_6_RF00168_6_NC_000913.3_4233124-4233721_ext_340-540_int_115_off_50_percentage_4_position_1-7 genomicbackground,4394,6,4394_6
query_4395,0,genomicbackground,1,riboswitch,0.9911618232727051,4395_6_RF00168_6_NC_000913.3_4233124-4233721_ext_340-540_int_115_off_55_percentage_1_position_1-2 genomicbackground,4395,6,4395_6
query_4396,0,genomicbackground,1,riboswitch,0.9739708304405212,4396_6_RF00168_6_NC_000913.3_4233124-4233721_ext_340-540_int_115_off_60_percentage_0_position_0-0 genomicbackground,4396,6,4396_6
query_4397,0,genomicbackground,1,riboswitch,0.9744086265563965,4397_6_RF00168_6_NC_000913.3_4233124-4233721_ext_340-540_int_115_off_65_percentage_0_position_0-0 genomicbackground,4397,6,4397_6
query_4398,0,genomicbackground,0,genomicbackground,0.19970153272151947,4398_6_RF00168_6_NC_000913.3_4233124-4233721_ext_340-540_int_115_off_70_percentage_0_position_0-0 genomicbackground,4398,6,4398_6
query_4399,0,genomicbackground,0,genomicbackground,0.2895616590976715,4399_6_RF00168_6_NC_000913.3_4233124-4233721_ext_340-540_int_115_off_75_percentage_0_position_0-0 genomicbackground,4399,6,4399_6
query_4400,0,genomicbackground,0,genomicbackground,0.07537824660539627,4400_6_RF00168_6_NC_000913.3_4233124-4233721_ext_340-540_int_115_off_80_percentage_0_position_0-0 genomicbackground,4400,6,4400_6
query_4401,0,genomicbackground,0,genomicbackground,0.03781168907880783,4401_6_RF00168_6_NC_000913.3_4233124-4233721_ext_340-540_int_115_off_85_percentage_0_position_0-0 genomicbackground,4401,6,4401_6
query_4402,0,genomicbackground,0,genomicbackground,0.20954103767871857,4402_6_RF00168_6_NC_000913.3_4233124-4233721_ext_340-540_int_120_off_0_percentage_29_position_1-57 genomicbackground,4402,6,4402_6
query_4403,0,genomicbackground,0,genomicbackground,0.4902685582637787,4403_6_RF00168_6_NC_000913.3_4233124-4233721_ext_340-540_int_120_off_5_percentage_26_position_1-52 genomicbackground,4403,6,4403_6
query_4404,0,genomicbackground,0,genomicbackground,0.23231953382492065,4404_6_RF00168_6_NC_000913.3_4233124-4233721_ext_340-540_int_120_off_10_percentage_24_position_1-47 genomicbackground,4404,6,4404_6
query_4405,0,genomicbackground,0,genomicbackground,0.11052519083023071,4405_6_RF00168_6_NC_000913.3_4233124-4233721_ext_340-540_int_120_off_15_percentage_21_position_1-42 genomicbackground,4405,6,4405_6
query_4406,0,genomicbackground,1,riboswitch,0.845487117767334,4406_6_RF00168_6_NC_000913.3_4233124-4233721_ext_340-540_int_120_off_20_percentage_19_position_1-37 genomicbackground,4406,6,4406_6
query_4407,0,genomicbackground,1,riboswitch,0.9984582662582397,4407_6_RF00168_6_NC_000913.3_4233124-4233721_ext_340-540_int_120_off_25_percentage_16_position_1-32 genomicbackground,4407,6,4407_6
query_4408,0,genomicbackground,0,genomicbackground,0.18758760392665863,4408_6_RF00168_6_NC_000913.3_4233124-4233721_ext_340-540_int_120_off_30_percentage_14_position_1-27 genomicbackground,4408,6,4408_6
query_4409,0,genomicbackground,0,genomicbackground,0.388668417930603,4409_6_RF00168_6_NC_000913.3_4233124-4233721_ext_340-540_int_120_off_35_percentage_11_position_1-22 genomicbackground,4409,6,4409_6
query_4410,0,genomicbackground,0,genomicbackground,0.3155859410762787,4410_6_RF00168_6_NC_000913.3_4233124-4233721_ext_340-540_int_120_off_40_percentage_9_position_1-17 genomicbackground,4410,6,4410_6
query_4411,0,genomicbackground,0,genomicbackground,0.4386446475982666,4411_6_RF00168_6_NC_000913.3_4233124-4233721_ext_340-540_int_120_off_45_percentage_6_position_1-12 genomicbackground,4411,6,4411_6
query_4412,0,genomicbackground,1,riboswitch,0.9842945337295532,4412_6_RF00168_6_NC_000913.3_4233124-4233721_ext_340-540_int_120_off_50_percentage_4_position_1-7 genomicbackground,4412,6,4412_6
query_4413,0,genomicbackground,1,riboswitch,0.9865500926971436,4413_6_RF00168_6_NC_000913.3_4233124-4233721_ext_340-540_int_120_off_55_percentage_1_position_1-2 genomicbackground,4413,6,4413_6
query_4414,0,genomicbackground,1,riboswitch,0.8273392915725708,4414_6_RF00168_6_NC_000913.3_4233124-4233721_ext_340-540_int_120_off_60_percentage_0_position_0-0 genomicbackground,4414,6,4414_6
query_4415,0,genomicbackground,0,genomicbackground,0.017100641503930092,4415_6_RF00168_6_NC_000913.3_4233124-4233721_ext_340-540_int_120_off_65_percentage_0_position_0-0 genomicbackground,4415,6,4415_6
query_4416,0,genomicbackground,0,genomicbackground,0.19082610309123993,4416_6_RF00168_6_NC_000913.3_4233124-4233721_ext_340-540_int_120_off_70_percentage_0_position_0-0 genomicbackground,4416,6,4416_6
query_4417,0,genomicbackground,0,genomicbackground,0.17192679643630981,4417_6_RF00168_6_NC_000913.3_4233124-4233721_ext_340-540_int_120_off_75_percentage_0_position_0-0 genomicbackground,4417,6,4417_6
query_4418,0,genomicbackground,0,genomicbackground,0.033872827887535095,4418_6_RF00168_6_NC_000913.3_4233124-4233721_ext_340-540_int_120_off_80_percentage_0_position_0-0 genomicbackground,4418,6,4418_6
query_4419,0,genomicbackground,1,riboswitch,0.6497092843055725,4419_6_RF00168_6_NC_000913.3_4233124-4233721_ext_340-540_int_125_off_0_percentage_29_position_1-57 genomicbackground,4419,6,4419_6
query_4420,0,genomicbackground,0,genomicbackground,0.4703837037086487,4420_6_RF00168_6_NC_000913.3_4233124-4233721_ext_340-540_int_125_off_5_percentage_26_position_1-52 genomicbackground,4420,6,4420_6
query_4421,0,genomicbackground,0,genomicbackground,0.2095995992422104,4421_6_RF00168_6_NC_000913.3_4233124-4233721_ext_340-540_int_125_off_10_percentage_24_position_1-47 genomicbackground,4421,6,4421_6
query_4422,0,genomicbackground,0,genomicbackground,0.30362823605537415,4422_6_RF00168_6_NC_000913.3_4233124-4233721_ext_340-540_int_125_off_15_percentage_21_position_1-42 genomicbackground,4422,6,4422_6
query_4423,0,genomicbackground,1,riboswitch,0.9222338795661926,4423_6_RF00168_6_NC_000913.3_4233124-4233721_ext_340-540_int_125_off_20_percentage_19_position_1-37 genomicbackground,4423,6,4423_6
query_4424,0,genomicbackground,1,riboswitch,0.9986876845359802,4424_6_RF00168_6_NC_000913.3_4233124-4233721_ext_340-540_int_125_off_25_percentage_16_position_1-32 genomicbackground,4424,6,4424_6
query_4425,0,genomicbackground,1,riboswitch,0.8002868294715881,4425_6_RF00168_6_NC_000913.3_4233124-4233721_ext_340-540_int_125_off_30_percentage_14_position_1-27 genomicbackground,4425,6,4425_6
query_4426,0,genomicbackground,1,riboswitch,0.6991733908653259,4426_6_RF00168_6_NC_000913.3_4233124-4233721_ext_340-540_int_125_off_35_percentage_11_position_1-22 genomicbackground,4426,6,4426_6
query_4427,0,genomicbackground,0,genomicbackground,0.0710202232003212,4427_6_RF00168_6_NC_000913.3_4233124-4233721_ext_340-540_int_125_off_40_percentage_9_position_1-17 genomicbackground,4427,6,4427_6
query_4428,0,genomicbackground,1,riboswitch,0.9709837436676025,4428_6_RF00168_6_NC_000913.3_4233124-4233721_ext_340-540_int_125_off_45_percentage_6_position_1-12 genomicbackground,4428,6,4428_6
query_4429,0,genomicbackground,1,riboswitch,0.974112868309021,4429_6_RF00168_6_NC_000913.3_4233124-4233721_ext_340-540_int_125_off_50_percentage_4_position_1-7 genomicbackground,4429,6,4429_6
query_4430,0,genomicbackground,1,riboswitch,0.9319959878921509,4430_6_RF00168_6_NC_000913.3_4233124-4233721_ext_340-540_int_125_off_55_percentage_1_position_1-2 genomicbackground,4430,6,4430_6
query_4431,0,genomicbackground,0,genomicbackground,0.3453192114830017,4431_6_RF00168_6_NC_000913.3_4233124-4233721_ext_340-540_int_125_off_60_percentage_0_position_0-0 genomicbackground,4431,6,4431_6
query_4432,0,genomicbackground,0,genomicbackground,0.16679130494594574,4432_6_RF00168_6_NC_000913.3_4233124-4233721_ext_340-540_int_125_off_65_percentage_0_position_0-0 genomicbackground,4432,6,4432_6
query_4433,0,genomicbackground,0,genomicbackground,0.39586931467056274,4433_6_RF00168_6_NC_000913.3_4233124-4233721_ext_340-540_int_125_off_70_percentage_0_position_0-0 genomicbackground,4433,6,4433_6
query_4434,0,genomicbackground,1,riboswitch,0.5368497371673584,4434_6_RF00168_6_NC_000913.3_4233124-4233721_ext_340-540_int_125_off_75_percentage_0_position_0-0 genomicbackground,4434,6,4434_6
query_4435,0,genomicbackground,0,genomicbackground,0.18057718873023987,4435_6_RF00168_6_NC_000913.3_4233124-4233721_ext_340-540_int_130_off_0_percentage_29_position_1-57 genomicbackground,4435,6,4435_6
query_4436,0,genomicbackground,1,riboswitch,0.5689342021942139,4436_6_RF00168_6_NC_000913.3_4233124-4233721_ext_340-540_int_130_off_5_percentage_26_position_1-52 genomicbackground,4436,6,4436_6
query_4437,0,genomicbackground,1,riboswitch,0.5668582320213318,4437_6_RF00168_6_NC_000913.3_4233124-4233721_ext_340-540_int_130_off_10_percentage_24_position_1-47 genomicbackground,4437,6,4437_6
query_4438,0,genomicbackground,1,riboswitch,0.5126738548278809,4438_6_RF00168_6_NC_000913.3_4233124-4233721_ext_340-540_int_130_off_15_percentage_21_position_1-42 genomicbackground,4438,6,4438_6
query_4439,0,genomicbackground,1,riboswitch,0.9523677229881287,4439_6_RF00168_6_NC_000913.3_4233124-4233721_ext_340-540_int_130_off_20_percentage_19_position_1-37 genomicbackground,4439,6,4439_6
query_4440,0,genomicbackground,1,riboswitch,0.9288610219955444,4440_6_RF00168_6_NC_000913.3_4233124-4233721_ext_340-540_int_130_off_25_percentage_16_position_1-32 genomicbackground,4440,6,4440_6
query_4441,0,genomicbackground,1,riboswitch,0.8486528992652893,4441_6_RF00168_6_NC_000913.3_4233124-4233721_ext_340-540_int_130_off_30_percentage_14_position_1-27 genomicbackground,4441,6,4441_6
query_4442,0,genomicbackground,0,genomicbackground,0.20766204595565796,4442_6_RF00168_6_NC_000913.3_4233124-4233721_ext_340-540_int_130_off_35_percentage_11_position_1-22 genomicbackground,4442,6,4442_6
query_4443,0,genomicbackground,0,genomicbackground,0.07624571025371552,4443_6_RF00168_6_NC_000913.3_4233124-4233721_ext_340-540_int_130_off_40_percentage_9_position_1-17 genomicbackground,4443,6,4443_6
query_4444,0,genomicbackground,1,riboswitch,0.9471582174301147,4444_6_RF00168_6_NC_000913.3_4233124-4233721_ext_340-540_int_130_off_45_percentage_6_position_1-12 genomicbackground,4444,6,4444_6
query_4445,0,genomicbackground,1,riboswitch,0.9691447615623474,4445_6_RF00168_6_NC_000913.3_4233124-4233721_ext_340-540_int_130_off_50_percentage_4_position_1-7 genomicbackground,4445,6,4445_6
query_4446,0,genomicbackground,0,genomicbackground,0.038770850747823715,4446_6_RF00168_6_NC_000913.3_4233124-4233721_ext_340-540_int_130_off_55_percentage_1_position_1-2 genomicbackground,4446,6,4446_6
query_4447,0,genomicbackground,1,riboswitch,0.9745948910713196,4447_6_RF00168_6_NC_000913.3_4233124-4233721_ext_340-540_int_130_off_60_percentage_0_position_0-0 genomicbackground,4447,6,4447_6
query_4448,0,genomicbackground,0,genomicbackground,0.09287260472774506,4448_6_RF00168_6_NC_000913.3_4233124-4233721_ext_340-540_int_130_off_65_percentage_0_position_0-0 genomicbackground,4448,6,4448_6
query_4449,0,genomicbackground,1,riboswitch,0.6991419792175293,4449_6_RF00168_6_NC_000913.3_4233124-4233721_ext_340-540_int_130_off_70_percentage_0_position_0-0 genomicbackground,4449,6,4449_6
query_4450,0,genomicbackground,0,genomicbackground,0.2632550597190857,4450_6_RF00168_6_NC_000913.3_4233124-4233721_ext_340-540_int_135_off_0_percentage_29_position_1-57 genomicbackground,4450,6,4450_6
query_4451,0,genomicbackground,1,riboswitch,0.8619627952575684,4451_6_RF00168_6_NC_000913.3_4233124-4233721_ext_340-540_int_135_off_5_percentage_26_position_1-52 genomicbackground,4451,6,4451_6
query_4452,0,genomicbackground,1,riboswitch,0.9253488183021545,4452_6_RF00168_6_NC_000913.3_4233124-4233721_ext_340-540_int_135_off_10_percentage_24_position_1-47 genomicbackground,4452,6,4452_6
query_4453,0,genomicbackground,1,riboswitch,0.776567816734314,4453_6_RF00168_6_NC_000913.3_4233124-4233721_ext_340-540_int_135_off_15_percentage_21_position_1-42 genomicbackground,4453,6,4453_6
query_4454,0,genomicbackground,1,riboswitch,0.9315721392631531,4454_6_RF00168_6_NC_000913.3_4233124-4233721_ext_340-540_int_135_off_20_percentage_19_position_1-37 genomicbackground,4454,6,4454_6
query_4455,0,genomicbackground,1,riboswitch,0.9987735152244568,4455_6_RF00168_6_NC_000913.3_4233124-4233721_ext_340-540_int_135_off_25_percentage_16_position_1-32 genomicbackground,4455,6,4455_6
query_4456,0,genomicbackground,1,riboswitch,0.5176824927330017,4456_6_RF00168_6_NC_000913.3_4233124-4233721_ext_340-540_int_135_off_30_percentage_14_position_1-27 genomicbackground,4456,6,4456_6
query_4457,0,genomicbackground,0,genomicbackground,0.2447558045387268,4457_6_RF00168_6_NC_000913.3_4233124-4233721_ext_340-540_int_135_off_35_percentage_11_position_1-22 genomicbackground,4457,6,4457_6
query_4458,0,genomicbackground,0,genomicbackground,0.10855021327733994,4458_6_RF00168_6_NC_000913.3_4233124-4233721_ext_340-540_int_135_off_40_percentage_9_position_1-17 genomicbackground,4458,6,4458_6
query_4459,0,genomicbackground,0,genomicbackground,0.45706161856651306,4459_6_RF00168_6_NC_000913.3_4233124-4233721_ext_340-540_int_135_off_45_percentage_6_position_1-12 genomicbackground,4459,6,4459_6
query_4460,0,genomicbackground,1,riboswitch,0.6929525136947632,4460_6_RF00168_6_NC_000913.3_4233124-4233721_ext_340-540_int_135_off_50_percentage_4_position_1-7 genomicbackground,4460,6,4460_6
query_4461,0,genomicbackground,1,riboswitch,0.9330844879150391,4461_6_RF00168_6_NC_000913.3_4233124-4233721_ext_340-540_int_135_off_55_percentage_1_position_1-2 genomicbackground,4461,6,4461_6
query_4462,0,genomicbackground,0,genomicbackground,0.23573920130729675,4462_6_RF00168_6_NC_000913.3_4233124-4233721_ext_340-540_int_135_off_60_percentage_0_position_0-0 genomicbackground,4462,6,4462_6
query_4463,0,genomicbackground,0,genomicbackground,0.38430845737457275,4463_6_RF00168_6_NC_000913.3_4233124-4233721_ext_340-540_int_135_off_65_percentage_0_position_0-0 genomicbackground,4463,6,4463_6
query_4464,0,genomicbackground,1,riboswitch,0.5918585062026978,4464_6_RF00168_6_NC_000913.3_4233124-4233721_ext_340-540_int_140_off_0_percentage_29_position_1-57 genomicbackground,4464,6,4464_6
query_4465,0,genomicbackground,1,riboswitch,0.9679341316223145,4465_6_RF00168_6_NC_000913.3_4233124-4233721_ext_340-540_int_140_off_5_percentage_26_position_1-52 genomicbackground,4465,6,4465_6
query_4466,0,genomicbackground,1,riboswitch,0.9580450654029846,4466_6_RF00168_6_NC_000913.3_4233124-4233721_ext_340-540_int_140_off_10_percentage_24_position_1-47 genomicbackground,4466,6,4466_6
query_4467,0,genomicbackground,1,riboswitch,0.6142995357513428,4467_6_RF00168_6_NC_000913.3_4233124-4233721_ext_340-540_int_140_off_15_percentage_21_position_1-42 genomicbackground,4467,6,4467_6
query_4468,0,genomicbackground,1,riboswitch,0.9775370359420776,4468_6_RF00168_6_NC_000913.3_4233124-4233721_ext_340-540_int_140_off_20_percentage_19_position_1-37 genomicbackground,4468,6,4468_6
query_4469,0,genomicbackground,1,riboswitch,0.9975449442863464,4469_6_RF00168_6_NC_000913.3_4233124-4233721_ext_340-540_int_140_off_25_percentage_16_position_1-32 genomicbackground,4469,6,4469_6
query_4470,0,genomicbackground,0,genomicbackground,0.4136297106742859,4470_6_RF00168_6_NC_000913.3_4233124-4233721_ext_340-540_int_140_off_30_percentage_14_position_1-27 genomicbackground,4470,6,4470_6
query_4471,0,genomicbackground,0,genomicbackground,0.4025886654853821,4471_6_RF00168_6_NC_000913.3_4233124-4233721_ext_340-540_int_140_off_35_percentage_11_position_1-22 genomicbackground,4471,6,4471_6
query_4472,0,genomicbackground,0,genomicbackground,0.08720408380031586,4472_6_RF00168_6_NC_000913.3_4233124-4233721_ext_340-540_int_140_off_40_percentage_9_position_1-17 genomicbackground,4472,6,4472_6
query_4473,0,genomicbackground,0,genomicbackground,0.11476870626211166,4473_6_RF00168_6_NC_000913.3_4233124-4233721_ext_340-540_int_140_off_45_percentage_6_position_1-12 genomicbackground,4473,6,4473_6
query_4474,0,genomicbackground,1,riboswitch,0.5346804857254028,4474_6_RF00168_6_NC_000913.3_4233124-4233721_ext_340-540_int_140_off_50_percentage_4_position_1-7 genomicbackground,4474,6,4474_6
query_4475,0,genomicbackground,0,genomicbackground,0.07682372629642487,4475_6_RF00168_6_NC_000913.3_4233124-4233721_ext_340-540_int_140_off_55_percentage_1_position_1-2 genomicbackground,4475,6,4475_6
query_4476,0,genomicbackground,0,genomicbackground,0.05774441361427307,4476_6_RF00168_6_NC_000913.3_4233124-4233721_ext_340-540_int_140_off_60_percentage_0_position_0-0 genomicbackground,4476,6,4476_6
query_4477,0,genomicbackground,0,genomicbackground,0.45121854543685913,4477_6_RF00168_6_NC_000913.3_4233124-4233721_ext_340-540_int_145_off_0_percentage_29_position_1-57 genomicbackground,4477,6,4477_6
query_4478,0,genomicbackground,1,riboswitch,0.9835339188575745,4478_6_RF00168_6_NC_000913.3_4233124-4233721_ext_340-540_int_145_off_5_percentage_26_position_1-52 genomicbackground,4478,6,4478_6
query_4479,0,genomicbackground,1,riboswitch,0.909148633480072,4479_6_RF00168_6_NC_000913.3_4233124-4233721_ext_340-540_int_145_off_10_percentage_24_position_1-47 genomicbackground,4479,6,4479_6
query_4480,0,genomicbackground,1,riboswitch,0.8161332607269287,4480_6_RF00168_6_NC_000913.3_4233124-4233721_ext_340-540_int_145_off_15_percentage_21_position_1-42 genomicbackground,4480,6,4480_6
query_4481,0,genomicbackground,1,riboswitch,0.9626702070236206,4481_6_RF00168_6_NC_000913.3_4233124-4233721_ext_340-540_int_145_off_20_percentage_19_position_1-37 genomicbackground,4481,6,4481_6
query_4482,0,genomicbackground,1,riboswitch,0.9912484884262085,4482_6_RF00168_6_NC_000913.3_4233124-4233721_ext_340-540_int_145_off_25_percentage_16_position_1-32 genomicbackground,4482,6,4482_6
query_4483,0,genomicbackground,0,genomicbackground,0.21133586764335632,4483_6_RF00168_6_NC_000913.3_4233124-4233721_ext_340-540_int_145_off_30_percentage_14_position_1-27 genomicbackground,4483,6,4483_6
query_4484,0,genomicbackground,1,riboswitch,0.6503961086273193,4484_6_RF00168_6_NC_000913.3_4233124-4233721_ext_340-540_int_145_off_35_percentage_11_position_1-22 genomicbackground,4484,6,4484_6
query_4485,0,genomicbackground,0,genomicbackground,0.036627817898988724,4485_6_RF00168_6_NC_000913.3_4233124-4233721_ext_340-540_int_145_off_40_percentage_9_position_1-17 genomicbackground,4485,6,4485_6
query_4486,0,genomicbackground,0,genomicbackground,0.06819400936365128,4486_6_RF00168_6_NC_000913.3_4233124-4233721_ext_340-540_int_145_off_45_percentage_6_position_1-12 genomicbackground,4486,6,4486_6
query_4487,0,genomicbackground,1,riboswitch,0.5105593800544739,4487_6_RF00168_6_NC_000913.3_4233124-4233721_ext_340-540_int_145_off_50_percentage_4_position_1-7 genomicbackground,4487,6,4487_6
query_4488,0,genomicbackground,0,genomicbackground,0.08238259702920914,4488_6_RF00168_6_NC_000913.3_4233124-4233721_ext_340-540_int_145_off_55_percentage_1_position_1-2 genomicbackground,4488,6,4488_6
query_4489,0,genomicbackground,1,riboswitch,0.7477203011512756,4489_6_RF00168_6_NC_000913.3_4233124-4233721_ext_340-540_int_150_off_0_percentage_29_position_1-57 genomicbackground,4489,6,4489_6
query_4490,0,genomicbackground,1,riboswitch,0.9584658145904541,4490_6_RF00168_6_NC_000913.3_4233124-4233721_ext_340-540_int_150_off_5_percentage_26_position_1-52 genomicbackground,4490,6,4490_6
query_4491,0,genomicbackground,1,riboswitch,0.973861575126648,4491_6_RF00168_6_NC_000913.3_4233124-4233721_ext_340-540_int_150_off_10_percentage_24_position_1-47 genomicbackground,4491,6,4491_6
query_4492,0,genomicbackground,0,genomicbackground,0.22584417462348938,4492_6_RF00168_6_NC_000913.3_4233124-4233721_ext_340-540_int_150_off_15_percentage_21_position_1-42 genomicbackground,4492,6,4492_6
query_4493,0,genomicbackground,1,riboswitch,0.8366564512252808,4493_6_RF00168_6_NC_000913.3_4233124-4233721_ext_340-540_int_150_off_20_percentage_19_position_1-37 genomicbackground,4493,6,4493_6
query_4494,0,genomicbackground,1,riboswitch,0.968525767326355,4494_6_RF00168_6_NC_000913.3_4233124-4233721_ext_340-540_int_150_off_25_percentage_16_position_1-32 genomicbackground,4494,6,4494_6
query_4495,0,genomicbackground,0,genomicbackground,0.20012858510017395,4495_6_RF00168_6_NC_000913.3_4233124-4233721_ext_340-540_int_150_off_30_percentage_14_position_1-27 genomicbackground,4495,6,4495_6
query_4496,0,genomicbackground,0,genomicbackground,0.20445553958415985,4496_6_RF00168_6_NC_000913.3_4233124-4233721_ext_340-540_int_150_off_35_percentage_11_position_1-22 genomicbackground,4496,6,4496_6
query_4497,0,genomicbackground,0,genomicbackground,0.035120889544487,4497_6_RF00168_6_NC_000913.3_4233124-4233721_ext_340-540_int_150_off_40_percentage_9_position_1-17 genomicbackground,4497,6,4497_6
query_4498,0,genomicbackground,0,genomicbackground,0.10078106075525284,4498_6_RF00168_6_NC_000913.3_4233124-4233721_ext_340-540_int_150_off_45_percentage_6_position_1-12 genomicbackground,4498,6,4498_6
query_4499,0,genomicbackground,0,genomicbackground,0.18348658084869385,4499_6_RF00168_6_NC_000913.3_4233124-4233721_ext_340-540_int_150_off_50_percentage_4_position_1-7 genomicbackground,4499,6,4499_6
query_4500,0,genomicbackground,1,riboswitch,0.6819064021110535,4500_6_RF00168_6_NC_000913.3_4233124-4233721_ext_340-540_int_155_off_0_percentage_29_position_1-57 genomicbackground,4500,6,4500_6
query_4501,0,genomicbackground,1,riboswitch,0.7056370377540588,4501_6_RF00168_6_NC_000913.3_4233124-4233721_ext_340-540_int_155_off_5_percentage_26_position_1-52 genomicbackground,4501,6,4501_6
query_4502,0,genomicbackground,1,riboswitch,0.7560663819313049,4502_6_RF00168_6_NC_000913.3_4233124-4233721_ext_340-540_int_155_off_10_percentage_24_position_1-47 genomicbackground,4502,6,4502_6
query_4503,0,genomicbackground,0,genomicbackground,0.4037993252277374,4503_6_RF00168_6_NC_000913.3_4233124-4233721_ext_340-540_int_155_off_15_percentage_21_position_1-42 genomicbackground,4503,6,4503_6
query_4504,0,genomicbackground,1,riboswitch,0.6649681329727173,4504_6_RF00168_6_NC_000913.3_4233124-4233721_ext_340-540_int_155_off_20_percentage_19_position_1-37 genomicbackground,4504,6,4504_6
query_4505,0,genomicbackground,0,genomicbackground,0.35140228271484375,4505_6_RF00168_6_NC_000913.3_4233124-4233721_ext_340-540_int_155_off_25_percentage_16_position_1-32 genomicbackground,4505,6,4505_6
query_4506,0,genomicbackground,0,genomicbackground,0.3032449185848236,4506_6_RF00168_6_NC_000913.3_4233124-4233721_ext_340-540_int_155_off_30_percentage_14_position_1-27 genomicbackground,4506,6,4506_6
query_4507,0,genomicbackground,0,genomicbackground,0.23597538471221924,4507_6_RF00168_6_NC_000913.3_4233124-4233721_ext_340-540_int_155_off_35_percentage_11_position_1-22 genomicbackground,4507,6,4507_6
query_4508,0,genomicbackground,0,genomicbackground,0.057581815868616104,4508_6_RF00168_6_NC_000913.3_4233124-4233721_ext_340-540_int_155_off_40_percentage_9_position_1-17 genomicbackground,4508,6,4508_6
query_4509,0,genomicbackground,0,genomicbackground,0.048528384417295456,4509_6_RF00168_6_NC_000913.3_4233124-4233721_ext_340-540_int_155_off_45_percentage_6_position_1-12 genomicbackground,4509,6,4509_6
query_4510,0,genomicbackground,1,riboswitch,0.8428993225097656,4510_6_RF00168_6_NC_000913.3_4233124-4233721_ext_340-540_int_160_off_0_percentage_29_position_1-57 genomicbackground,4510,6,4510_6
query_4511,0,genomicbackground,0,genomicbackground,0.2655239701271057,4511_6_RF00168_6_NC_000913.3_4233124-4233721_ext_340-540_int_160_off_5_percentage_26_position_1-52 genomicbackground,4511,6,4511_6
query_4512,0,genomicbackground,1,riboswitch,0.507966160774231,4512_6_RF00168_6_NC_000913.3_4233124-4233721_ext_340-540_int_160_off_10_percentage_24_position_1-47 genomicbackground,4512,6,4512_6
query_4513,0,genomicbackground,0,genomicbackground,0.16247141361236572,4513_6_RF00168_6_NC_000913.3_4233124-4233721_ext_340-540_int_160_off_15_percentage_21_position_1-42 genomicbackground,4513,6,4513_6
query_4514,0,genomicbackground,0,genomicbackground,0.240895614027977,4514_6_RF00168_6_NC_000913.3_4233124-4233721_ext_340-540_int_160_off_20_percentage_19_position_1-37 genomicbackground,4514,6,4514_6
query_4515,0,genomicbackground,0,genomicbackground,0.4963190257549286,4515_6_RF00168_6_NC_000913.3_4233124-4233721_ext_340-540_int_160_off_25_percentage_16_position_1-32 genomicbackground,4515,6,4515_6
query_4516,0,genomicbackground,0,genomicbackground,0.10673865675926208,4516_6_RF00168_6_NC_000913.3_4233124-4233721_ext_340-540_int_160_off_30_percentage_14_position_1-27 genomicbackground,4516,6,4516_6
query_4517,0,genomicbackground,0,genomicbackground,0.10231518745422363,4517_6_RF00168_6_NC_000913.3_4233124-4233721_ext_340-540_int_160_off_35_percentage_11_position_1-22 genomicbackground,4517,6,4517_6
query_4518,0,genomicbackground,0,genomicbackground,0.0334446057677269,4518_6_RF00168_6_NC_000913.3_4233124-4233721_ext_340-540_int_160_off_40_percentage_9_position_1-17 genomicbackground,4518,6,4518_6
query_4519,0,genomicbackground,1,riboswitch,0.5831354856491089,4519_6_RF00168_6_NC_000913.3_4233124-4233721_ext_340-540_int_165_off_0_percentage_29_position_1-57 genomicbackground,4519,6,4519_6
query_4520,0,genomicbackground,1,riboswitch,0.8165344595909119,4520_6_RF00168_6_NC_000913.3_4233124-4233721_ext_340-540_int_165_off_5_percentage_26_position_1-52 genomicbackground,4520,6,4520_6
query_4521,0,genomicbackground,0,genomicbackground,0.4122983515262604,4521_6_RF00168_6_NC_000913.3_4233124-4233721_ext_340-540_int_165_off_10_percentage_24_position_1-47 genomicbackground,4521,6,4521_6
query_4522,0,genomicbackground,0,genomicbackground,0.03294774517416954,4522_6_RF00168_6_NC_000913.3_4233124-4233721_ext_340-540_int_165_off_15_percentage_21_position_1-42 genomicbackground,4522,6,4522_6
query_4523,0,genomicbackground,0,genomicbackground,0.34540289640426636,4523_6_RF00168_6_NC_000913.3_4233124-4233721_ext_340-540_int_165_off_20_percentage_19_position_1-37 genomicbackground,4523,6,4523_6
query_4524,0,genomicbackground,0,genomicbackground,0.14445717632770538,4524_6_RF00168_6_NC_000913.3_4233124-4233721_ext_340-540_int_165_off_25_percentage_16_position_1-32 genomicbackground,4524,6,4524_6
query_4525,0,genomicbackground,0,genomicbackground,0.3527659475803375,4525_6_RF00168_6_NC_000913.3_4233124-4233721_ext_340-540_int_165_off_30_percentage_14_position_1-27 genomicbackground,4525,6,4525_6
query_4526,0,genomicbackground,0,genomicbackground,0.04647428169846535,4526_6_RF00168_6_NC_000913.3_4233124-4233721_ext_340-540_int_165_off_35_percentage_11_position_1-22 genomicbackground,4526,6,4526_6
query_4527,0,genomicbackground,1,riboswitch,0.6748305559158325,4527_6_RF00168_6_NC_000913.3_4233124-4233721_ext_340-540_int_170_off_0_percentage_29_position_1-57 genomicbackground,4527,6,4527_6
query_4528,0,genomicbackground,1,riboswitch,0.7406880855560303,4528_6_RF00168_6_NC_000913.3_4233124-4233721_ext_340-540_int_170_off_5_percentage_26_position_1-52 genomicbackground,4528,6,4528_6
query_4529,0,genomicbackground,0,genomicbackground,0.16543707251548767,4529_6_RF00168_6_NC_000913.3_4233124-4233721_ext_340-540_int_170_off_10_percentage_24_position_1-47 genomicbackground,4529,6,4529_6
query_4530,0,genomicbackground,1,riboswitch,0.8543572425842285,4530_6_RF00168_6_NC_000913.3_4233124-4233721_ext_340-540_int_170_off_15_percentage_21_position_1-42 genomicbackground,4530,6,4530_6
query_4531,0,genomicbackground,1,riboswitch,0.5728456974029541,4531_6_RF00168_6_NC_000913.3_4233124-4233721_ext_340-540_int_170_off_20_percentage_19_position_1-37 genomicbackground,4531,6,4531_6
query_4532,0,genomicbackground,1,riboswitch,0.5082417130470276,4532_6_RF00168_6_NC_000913.3_4233124-4233721_ext_340-540_int_170_off_25_percentage_16_position_1-32 genomicbackground,4532,6,4532_6
query_4533,0,genomicbackground,0,genomicbackground,0.1533702164888382,4533_6_RF00168_6_NC_000913.3_4233124-4233721_ext_340-540_int_170_off_30_percentage_14_position_1-27 genomicbackground,4533,6,4533_6
query_4534,0,genomicbackground,0,genomicbackground,0.4945482313632965,4534_6_RF00168_6_NC_000913.3_4233124-4233721_ext_340-540_int_175_off_0_percentage_29_position_1-57 genomicbackground,4534,6,4534_6
query_4535,0,genomicbackground,1,riboswitch,0.5149811506271362,4535_6_RF00168_6_NC_000913.3_4233124-4233721_ext_340-540_int_175_off_5_percentage_26_position_1-52 genomicbackground,4535,6,4535_6
query_4536,0,genomicbackground,0,genomicbackground,0.23297135531902313,4536_6_RF00168_6_NC_000913.3_4233124-4233721_ext_340-540_int_175_off_10_percentage_24_position_1-47 genomicbackground,4536,6,4536_6
query_4537,0,genomicbackground,1,riboswitch,0.7049711346626282,4537_6_RF00168_6_NC_000913.3_4233124-4233721_ext_340-540_int_175_off_15_percentage_21_position_1-42 genomicbackground,4537,6,4537_6
query_4538,0,genomicbackground,1,riboswitch,0.5484020113945007,4538_6_RF00168_6_NC_000913.3_4233124-4233721_ext_340-540_int_175_off_20_percentage_19_position_1-37 genomicbackground,4538,6,4538_6
query_4539,0,genomicbackground,0,genomicbackground,0.22478803992271423,4539_6_RF00168_6_NC_000913.3_4233124-4233721_ext_340-540_int_175_off_25_percentage_16_position_1-32 genomicbackground,4539,6,4539_6
query_4540,0,genomicbackground,0,genomicbackground,0.4620492458343506,4540_6_RF00168_6_NC_000913.3_4233124-4233721_ext_340-540_int_180_off_0_percentage_29_position_1-57 genomicbackground,4540,6,4540_6
query_4541,0,genomicbackground,1,riboswitch,0.6326785087585449,4541_6_RF00168_6_NC_000913.3_4233124-4233721_ext_340-540_int_180_off_5_percentage_26_position_1-52 genomicbackground,4541,6,4541_6
query_4542,0,genomicbackground,0,genomicbackground,0.27042636275291443,4542_6_RF00168_6_NC_000913.3_4233124-4233721_ext_340-540_int_180_off_10_percentage_24_position_1-47 genomicbackground,4542,6,4542_6
query_4543,0,genomicbackground,0,genomicbackground,0.20496325194835663,4543_6_RF00168_6_NC_000913.3_4233124-4233721_ext_340-540_int_180_off_15_percentage_21_position_1-42 genomicbackground,4543,6,4543_6
query_4544,0,genomicbackground,0,genomicbackground,0.2510797381401062,4544_6_RF00168_6_NC_000913.3_4233124-4233721_ext_340-540_int_180_off_20_percentage_19_position_1-37 genomicbackground,4544,6,4544_6
query_4545,0,genomicbackground,1,riboswitch,0.5179339051246643,4545_6_RF00168_6_NC_000913.3_4233124-4233721_ext_340-540_int_185_off_0_percentage_29_position_1-57 genomicbackground,4545,6,4545_6
query_4546,0,genomicbackground,0,genomicbackground,0.4403074383735657,4546_6_RF00168_6_NC_000913.3_4233124-4233721_ext_340-540_int_185_off_5_percentage_26_position_1-52 genomicbackground,4546,6,4546_6
query_4547,0,genomicbackground,1,riboswitch,0.5302881002426147,4547_6_RF00168_6_NC_000913.3_4233124-4233721_ext_340-540_int_185_off_10_percentage_24_position_1-47 genomicbackground,4547,6,4547_6
query_4548,0,genomicbackground,0,genomicbackground,0.07233717292547226,4548_6_RF00168_6_NC_000913.3_4233124-4233721_ext_340-540_int_185_off_15_percentage_21_position_1-42 genomicbackground,4548,6,4548_6
query_4549,0,genomicbackground,0,genomicbackground,0.4215395152568817,4549_6_RF00168_6_NC_000913.3_4233124-4233721_ext_340-540_int_190_off_0_percentage_29_position_1-57 genomicbackground,4549,6,4549_6
query_4550,0,genomicbackground,1,riboswitch,0.7755641937255859,4550_6_RF00168_6_NC_000913.3_4233124-4233721_ext_340-540_int_190_off_5_percentage_26_position_1-52 genomicbackground,4550,6,4550_6
query_4551,0,genomicbackground,0,genomicbackground,0.18301856517791748,4551_6_RF00168_6_NC_000913.3_4233124-4233721_ext_340-540_int_190_off_10_percentage_24_position_1-47 genomicbackground,4551,6,4551_6
query_4552,0,genomicbackground,0,genomicbackground,0.14443089067935944,4552_6_RF00168_6_NC_000913.3_4233124-4233721_ext_340-540_int_195_off_0_percentage_29_position_1-57 genomicbackground,4552,6,4552_6
query_4553,0,genomicbackground,0,genomicbackground,0.39061257243156433,4553_6_RF00168_6_NC_000913.3_4233124-4233721_ext_340-540_int_195_off_5_percentage_26_position_1-52 genomicbackground,4553,6,4553_6
query_4554,0,genomicbackground,0,genomicbackground,0.48739030957221985,4554_6_RF00168_6_NC_000913.3_4233124-4233721_ext_340-540_int_200_off_0_percentage_29_position_1-57 genomicbackground,4554,6,4554_6
query_4555,0,genomicbackground,0,genomicbackground,0.051709629595279694,4555_6_RF00168_6_NC_000913.3_4233124-4233721_ext_360-560_int_95_off_0_percentage_19_position_1-37 genomicbackground,4555,6,4555_6
query_4556,0,genomicbackground,1,riboswitch,0.6892957091331482,4556_6_RF00168_6_NC_000913.3_4233124-4233721_ext_360-560_int_95_off_5_percentage_16_position_1-32 genomicbackground,4556,6,4556_6
query_4557,0,genomicbackground,0,genomicbackground,0.15227848291397095,4557_6_RF00168_6_NC_000913.3_4233124-4233721_ext_360-560_int_95_off_10_percentage_14_position_1-27 genomicbackground,4557,6,4557_6
query_4558,0,genomicbackground,0,genomicbackground,0.18809179961681366,4558_6_RF00168_6_NC_000913.3_4233124-4233721_ext_360-560_int_95_off_15_percentage_11_position_1-22 genomicbackground,4558,6,4558_6
query_4559,0,genomicbackground,0,genomicbackground,0.07996626198291779,4559_6_RF00168_6_NC_000913.3_4233124-4233721_ext_360-560_int_95_off_20_percentage_9_position_1-17 genomicbackground,4559,6,4559_6
query_4560,0,genomicbackground,1,riboswitch,0.9865962862968445,4560_6_RF00168_6_NC_000913.3_4233124-4233721_ext_360-560_int_95_off_25_percentage_6_position_1-12 genomicbackground,4560,6,4560_6
query_4561,0,genomicbackground,1,riboswitch,0.9568740725517273,4561_6_RF00168_6_NC_000913.3_4233124-4233721_ext_360-560_int_95_off_30_percentage_4_position_1-7 genomicbackground,4561,6,4561_6
query_4562,0,genomicbackground,1,riboswitch,0.8504937887191772,4562_6_RF00168_6_NC_000913.3_4233124-4233721_ext_360-560_int_95_off_35_percentage_1_position_1-2 genomicbackground,4562,6,4562_6
query_4563,0,genomicbackground,1,riboswitch,0.9737327098846436,4563_6_RF00168_6_NC_000913.3_4233124-4233721_ext_360-560_int_95_off_40_percentage_0_position_0-0 genomicbackground,4563,6,4563_6
query_4564,0,genomicbackground,1,riboswitch,0.9655271768569946,4564_6_RF00168_6_NC_000913.3_4233124-4233721_ext_360-560_int_95_off_45_percentage_0_position_0-0 genomicbackground,4564,6,4564_6
query_4565,0,genomicbackground,0,genomicbackground,0.035411421209573746,4565_6_RF00168_6_NC_000913.3_4233124-4233721_ext_360-560_int_95_off_50_percentage_0_position_0-0 genomicbackground,4565,6,4565_6
query_4566,0,genomicbackground,1,riboswitch,0.9894060492515564,4566_6_RF00168_6_NC_000913.3_4233124-4233721_ext_360-560_int_95_off_55_percentage_0_position_0-0 genomicbackground,4566,6,4566_6
query_4567,0,genomicbackground,1,riboswitch,0.990379810333252,4567_6_RF00168_6_NC_000913.3_4233124-4233721_ext_360-560_int_95_off_60_percentage_0_position_0-0 genomicbackground,4567,6,4567_6
query_4568,0,genomicbackground,1,riboswitch,0.971132218837738,4568_6_RF00168_6_NC_000913.3_4233124-4233721_ext_360-560_int_95_off_65_percentage_0_position_0-0 genomicbackground,4568,6,4568_6
query_4569,0,genomicbackground,0,genomicbackground,0.06115218251943588,4569_6_RF00168_6_NC_000913.3_4233124-4233721_ext_360-560_int_95_off_70_percentage_0_position_0-0 genomicbackground,4569,6,4569_6
query_4570,0,genomicbackground,0,genomicbackground,0.10760574787855148,4570_6_RF00168_6_NC_000913.3_4233124-4233721_ext_360-560_int_95_off_75_percentage_0_position_0-0 genomicbackground,4570,6,4570_6
query_4571,0,genomicbackground,0,genomicbackground,0.12437423318624496,4571_6_RF00168_6_NC_000913.3_4233124-4233721_ext_360-560_int_95_off_80_percentage_0_position_0-0 genomicbackground,4571,6,4571_6
query_4572,0,genomicbackground,0,genomicbackground,0.07456272095441818,4572_6_RF00168_6_NC_000913.3_4233124-4233721_ext_360-560_int_95_off_85_percentage_0_position_0-0 genomicbackground,4572,6,4572_6
query_4573,0,genomicbackground,0,genomicbackground,0.02302675135433674,4573_6_RF00168_6_NC_000913.3_4233124-4233721_ext_360-560_int_95_off_90_percentage_0_position_0-0 genomicbackground,4573,6,4573_6
query_4574,0,genomicbackground,0,genomicbackground,0.08112361282110214,4574_6_RF00168_6_NC_000913.3_4233124-4233721_ext_360-560_int_95_off_95_percentage_0_position_0-0 genomicbackground,4574,6,4574_6
query_4575,0,genomicbackground,0,genomicbackground,0.0030278603080660105,4575_6_RF00168_6_NC_000913.3_4233124-4233721_ext_360-560_int_95_off_100_percentage_0_position_0-0 genomicbackground,4575,6,4575_6
query_4576,0,genomicbackground,0,genomicbackground,0.004784326069056988,4576_6_RF00168_6_NC_000913.3_4233124-4233721_ext_360-560_int_95_off_105_percentage_0_position_0-0 genomicbackground,4576,6,4576_6
query_4577,0,genomicbackground,0,genomicbackground,0.31573542952537537,4577_6_RF00168_6_NC_000913.3_4233124-4233721_ext_360-560_int_100_off_0_percentage_19_position_1-37 genomicbackground,4577,6,4577_6
query_4578,0,genomicbackground,1,riboswitch,0.9703029990196228,4578_6_RF00168_6_NC_000913.3_4233124-4233721_ext_360-560_int_100_off_5_percentage_16_position_1-32 genomicbackground,4578,6,4578_6
query_4579,0,genomicbackground,0,genomicbackground,0.19867043197155,4579_6_RF00168_6_NC_000913.3_4233124-4233721_ext_360-560_int_100_off_10_percentage_14_position_1-27 genomicbackground,4579,6,4579_6
query_4580,0,genomicbackground,0,genomicbackground,0.3163512051105499,4580_6_RF00168_6_NC_000913.3_4233124-4233721_ext_360-560_int_100_off_15_percentage_11_position_1-22 genomicbackground,4580,6,4580_6
query_4581,0,genomicbackground,0,genomicbackground,0.22273534536361694,4581_6_RF00168_6_NC_000913.3_4233124-4233721_ext_360-560_int_100_off_20_percentage_9_position_1-17 genomicbackground,4581,6,4581_6
query_4582,0,genomicbackground,1,riboswitch,0.5005878210067749,4582_6_RF00168_6_NC_000913.3_4233124-4233721_ext_360-560_int_100_off_25_percentage_6_position_1-12 genomicbackground,4582,6,4582_6
query_4583,0,genomicbackground,1,riboswitch,0.979856014251709,4583_6_RF00168_6_NC_000913.3_4233124-4233721_ext_360-560_int_100_off_30_percentage_4_position_1-7 genomicbackground,4583,6,4583_6
query_4584,0,genomicbackground,1,riboswitch,0.6395132541656494,4584_6_RF00168_6_NC_000913.3_4233124-4233721_ext_360-560_int_100_off_35_percentage_1_position_1-2 genomicbackground,4584,6,4584_6
query_4585,0,genomicbackground,1,riboswitch,0.9884361028671265,4585_6_RF00168_6_NC_000913.3_4233124-4233721_ext_360-560_int_100_off_40_percentage_0_position_0-0 genomicbackground,4585,6,4585_6
query_4586,0,genomicbackground,0,genomicbackground,0.3643476068973541,4586_6_RF00168_6_NC_000913.3_4233124-4233721_ext_360-560_int_100_off_45_percentage_0_position_0-0 genomicbackground,4586,6,4586_6
query_4587,0,genomicbackground,1,riboswitch,0.9779722690582275,4587_6_RF00168_6_NC_000913.3_4233124-4233721_ext_360-560_int_100_off_50_percentage_0_position_0-0 genomicbackground,4587,6,4587_6
query_4588,0,genomicbackground,1,riboswitch,0.9868926405906677,4588_6_RF00168_6_NC_000913.3_4233124-4233721_ext_360-560_int_100_off_55_percentage_0_position_0-0 genomicbackground,4588,6,4588_6
query_4589,0,genomicbackground,1,riboswitch,0.9526240229606628,4589_6_RF00168_6_NC_000913.3_4233124-4233721_ext_360-560_int_100_off_60_percentage_0_position_0-0 genomicbackground,4589,6,4589_6
query_4590,0,genomicbackground,0,genomicbackground,0.06838756799697876,4590_6_RF00168_6_NC_000913.3_4233124-4233721_ext_360-560_int_100_off_65_percentage_0_position_0-0 genomicbackground,4590,6,4590_6
query_4591,0,genomicbackground,0,genomicbackground,0.05012816935777664,4591_6_RF00168_6_NC_000913.3_4233124-4233721_ext_360-560_int_100_off_70_percentage_0_position_0-0 genomicbackground,4591,6,4591_6
query_4592,0,genomicbackground,0,genomicbackground,0.09683236479759216,4592_6_RF00168_6_NC_000913.3_4233124-4233721_ext_360-560_int_100_off_75_percentage_0_position_0-0 genomicbackground,4592,6,4592_6
query_4593,0,genomicbackground,0,genomicbackground,0.05188966915011406,4593_6_RF00168_6_NC_000913.3_4233124-4233721_ext_360-560_int_100_off_80_percentage_0_position_0-0 genomicbackground,4593,6,4593_6
query_4594,0,genomicbackground,0,genomicbackground,0.03923889994621277,4594_6_RF00168_6_NC_000913.3_4233124-4233721_ext_360-560_int_100_off_85_percentage_0_position_0-0 genomicbackground,4594,6,4594_6
query_4595,0,genomicbackground,0,genomicbackground,0.1844720095396042,4595_6_RF00168_6_NC_000913.3_4233124-4233721_ext_360-560_int_100_off_90_percentage_0_position_0-0 genomicbackground,4595,6,4595_6
query_4596,0,genomicbackground,0,genomicbackground,0.07546091079711914,4596_6_RF00168_6_NC_000913.3_4233124-4233721_ext_360-560_int_100_off_95_percentage_0_position_0-0 genomicbackground,4596,6,4596_6
query_4597,0,genomicbackground,0,genomicbackground,0.002422095276415348,4597_6_RF00168_6_NC_000913.3_4233124-4233721_ext_360-560_int_100_off_100_percentage_0_position_0-0 genomicbackground,4597,6,4597_6
query_4598,0,genomicbackground,1,riboswitch,0.657700777053833,4598_6_RF00168_6_NC_000913.3_4233124-4233721_ext_360-560_int_105_off_0_percentage_19_position_1-37 genomicbackground,4598,6,4598_6
query_4599,0,genomicbackground,1,riboswitch,0.6641616225242615,4599_6_RF00168_6_NC_000913.3_4233124-4233721_ext_360-560_int_105_off_5_percentage_16_position_1-32 genomicbackground,4599,6,4599_6
query_4600,0,genomicbackground,0,genomicbackground,0.2406359165906906,4600_6_RF00168_6_NC_000913.3_4233124-4233721_ext_360-560_int_105_off_10_percentage_14_position_1-27 genomicbackground,4600,6,4600_6
query_4601,0,genomicbackground,1,riboswitch,0.5088097453117371,4601_6_RF00168_6_NC_000913.3_4233124-4233721_ext_360-560_int_105_off_15_percentage_11_position_1-22 genomicbackground,4601,6,4601_6
query_4602,0,genomicbackground,0,genomicbackground,0.08440826088190079,4602_6_RF00168_6_NC_000913.3_4233124-4233721_ext_360-560_int_105_off_20_percentage_9_position_1-17 genomicbackground,4602,6,4602_6
query_4603,0,genomicbackground,1,riboswitch,0.8498654365539551,4603_6_RF00168_6_NC_000913.3_4233124-4233721_ext_360-560_int_105_off_25_percentage_6_position_1-12 genomicbackground,4603,6,4603_6
query_4604,0,genomicbackground,1,riboswitch,0.9676873683929443,4604_6_RF00168_6_NC_000913.3_4233124-4233721_ext_360-560_int_105_off_30_percentage_4_position_1-7 genomicbackground,4604,6,4604_6
query_4605,0,genomicbackground,1,riboswitch,0.9149777889251709,4605_6_RF00168_6_NC_000913.3_4233124-4233721_ext_360-560_int_105_off_35_percentage_1_position_1-2 genomicbackground,4605,6,4605_6
query_4606,0,genomicbackground,1,riboswitch,0.9250193238258362,4606_6_RF00168_6_NC_000913.3_4233124-4233721_ext_360-560_int_105_off_40_percentage_0_position_0-0 genomicbackground,4606,6,4606_6
query_4607,0,genomicbackground,1,riboswitch,0.9885022640228271,4607_6_RF00168_6_NC_000913.3_4233124-4233721_ext_360-560_int_105_off_45_percentage_0_position_0-0 genomicbackground,4607,6,4607_6
query_4608,0,genomicbackground,1,riboswitch,0.9704394936561584,4608_6_RF00168_6_NC_000913.3_4233124-4233721_ext_360-560_int_105_off_50_percentage_0_position_0-0 genomicbackground,4608,6,4608_6
query_4609,0,genomicbackground,1,riboswitch,0.9739688038825989,4609_6_RF00168_6_NC_000913.3_4233124-4233721_ext_360-560_int_105_off_55_percentage_0_position_0-0 genomicbackground,4609,6,4609_6
query_4610,0,genomicbackground,0,genomicbackground,0.036112964153289795,4610_6_RF00168_6_NC_000913.3_4233124-4233721_ext_360-560_int_105_off_60_percentage_0_position_0-0 genomicbackground,4610,6,4610_6
query_4611,0,genomicbackground,0,genomicbackground,0.04371388256549835,4611_6_RF00168_6_NC_000913.3_4233124-4233721_ext_360-560_int_105_off_65_percentage_0_position_0-0 genomicbackground,4611,6,4611_6
query_4612,0,genomicbackground,0,genomicbackground,0.08361179381608963,4612_6_RF00168_6_NC_000913.3_4233124-4233721_ext_360-560_int_105_off_70_percentage_0_position_0-0 genomicbackground,4612,6,4612_6
query_4613,0,genomicbackground,0,genomicbackground,0.04148836433887482,4613_6_RF00168_6_NC_000913.3_4233124-4233721_ext_360-560_int_105_off_75_percentage_0_position_0-0 genomicbackground,4613,6,4613_6
query_4614,0,genomicbackground,0,genomicbackground,0.05395568907260895,4614_6_RF00168_6_NC_000913.3_4233124-4233721_ext_360-560_int_105_off_80_percentage_0_position_0-0 genomicbackground,4614,6,4614_6
query_4615,0,genomicbackground,0,genomicbackground,0.013078959658741951,4615_6_RF00168_6_NC_000913.3_4233124-4233721_ext_360-560_int_105_off_85_percentage_0_position_0-0 genomicbackground,4615,6,4615_6
query_4616,0,genomicbackground,0,genomicbackground,0.10670135170221329,4616_6_RF00168_6_NC_000913.3_4233124-4233721_ext_360-560_int_105_off_90_percentage_0_position_0-0 genomicbackground,4616,6,4616_6
query_4617,0,genomicbackground,0,genomicbackground,0.034922730177640915,4617_6_RF00168_6_NC_000913.3_4233124-4233721_ext_360-560_int_105_off_95_percentage_0_position_0-0 genomicbackground,4617,6,4617_6
query_4618,0,genomicbackground,0,genomicbackground,0.31057366728782654,4618_6_RF00168_6_NC_000913.3_4233124-4233721_ext_360-560_int_110_off_0_percentage_19_position_1-37 genomicbackground,4618,6,4618_6
query_4619,0,genomicbackground,1,riboswitch,0.949653685092926,4619_6_RF00168_6_NC_000913.3_4233124-4233721_ext_360-560_int_110_off_5_percentage_16_position_1-32 genomicbackground,4619,6,4619_6
query_4620,0,genomicbackground,1,riboswitch,0.6229802370071411,4620_6_RF00168_6_NC_000913.3_4233124-4233721_ext_360-560_int_110_off_10_percentage_14_position_1-27 genomicbackground,4620,6,4620_6
query_4621,0,genomicbackground,0,genomicbackground,0.2780831754207611,4621_6_RF00168_6_NC_000913.3_4233124-4233721_ext_360-560_int_110_off_15_percentage_11_position_1-22 genomicbackground,4621,6,4621_6
query_4622,0,genomicbackground,0,genomicbackground,0.19100651144981384,4622_6_RF00168_6_NC_000913.3_4233124-4233721_ext_360-560_int_110_off_20_percentage_9_position_1-17 genomicbackground,4622,6,4622_6
query_4623,0,genomicbackground,1,riboswitch,0.6908440589904785,4623_6_RF00168_6_NC_000913.3_4233124-4233721_ext_360-560_int_110_off_25_percentage_6_position_1-12 genomicbackground,4623,6,4623_6
query_4624,0,genomicbackground,1,riboswitch,0.9835054278373718,4624_6_RF00168_6_NC_000913.3_4233124-4233721_ext_360-560_int_110_off_30_percentage_4_position_1-7 genomicbackground,4624,6,4624_6
query_4625,0,genomicbackground,0,genomicbackground,0.046218179166316986,4625_6_RF00168_6_NC_000913.3_4233124-4233721_ext_360-560_int_110_off_35_percentage_1_position_1-2 genomicbackground,4625,6,4625_6
query_4626,0,genomicbackground,1,riboswitch,0.98366779088974,4626_6_RF00168_6_NC_000913.3_4233124-4233721_ext_360-560_int_110_off_40_percentage_0_position_0-0 genomicbackground,4626,6,4626_6
query_4627,0,genomicbackground,1,riboswitch,0.9853188991546631,4627_6_RF00168_6_NC_000913.3_4233124-4233721_ext_360-560_int_110_off_45_percentage_0_position_0-0 genomicbackground,4627,6,4627_6
query_4628,0,genomicbackground,1,riboswitch,0.9627237915992737,4628_6_RF00168_6_NC_000913.3_4233124-4233721_ext_360-560_int_110_off_50_percentage_0_position_0-0 genomicbackground,4628,6,4628_6
query_4629,0,genomicbackground,0,genomicbackground,0.05098152905702591,4629_6_RF00168_6_NC_000913.3_4233124-4233721_ext_360-560_int_110_off_55_percentage_0_position_0-0 genomicbackground,4629,6,4629_6
query_4630,0,genomicbackground,1,riboswitch,0.8636300563812256,4630_6_RF00168_6_NC_000913.3_4233124-4233721_ext_360-560_int_110_off_60_percentage_0_position_0-0 genomicbackground,4630,6,4630_6
query_4631,0,genomicbackground,0,genomicbackground,0.08386436849832535,4631_6_RF00168_6_NC_000913.3_4233124-4233721_ext_360-560_int_110_off_65_percentage_0_position_0-0 genomicbackground,4631,6,4631_6
query_4632,0,genomicbackground,0,genomicbackground,0.03911859542131424,4632_6_RF00168_6_NC_000913.3_4233124-4233721_ext_360-560_int_110_off_70_percentage_0_position_0-0 genomicbackground,4632,6,4632_6
query_4633,0,genomicbackground,0,genomicbackground,0.04326634854078293,4633_6_RF00168_6_NC_000913.3_4233124-4233721_ext_360-560_int_110_off_75_percentage_0_position_0-0 genomicbackground,4633,6,4633_6
query_4634,0,genomicbackground,0,genomicbackground,0.03487035632133484,4634_6_RF00168_6_NC_000913.3_4233124-4233721_ext_360-560_int_110_off_80_percentage_0_position_0-0 genomicbackground,4634,6,4634_6
query_4635,0,genomicbackground,0,genomicbackground,0.013876429758965969,4635_6_RF00168_6_NC_000913.3_4233124-4233721_ext_360-560_int_110_off_85_percentage_0_position_0-0 genomicbackground,4635,6,4635_6
query_4636,0,genomicbackground,0,genomicbackground,0.04420263692736626,4636_6_RF00168_6_NC_000913.3_4233124-4233721_ext_360-560_int_110_off_90_percentage_0_position_0-0 genomicbackground,4636,6,4636_6
query_4637,0,genomicbackground,1,riboswitch,0.5677882432937622,4637_6_RF00168_6_NC_000913.3_4233124-4233721_ext_360-560_int_115_off_0_percentage_19_position_1-37 genomicbackground,4637,6,4637_6
query_4638,0,genomicbackground,1,riboswitch,0.9944570064544678,4638_6_RF00168_6_NC_000913.3_4233124-4233721_ext_360-560_int_115_off_5_percentage_16_position_1-32 genomicbackground,4638,6,4638_6
query_4639,0,genomicbackground,0,genomicbackground,0.07812757045030594,4639_6_RF00168_6_NC_000913.3_4233124-4233721_ext_360-560_int_115_off_10_percentage_14_position_1-27 genomicbackground,4639,6,4639_6
query_4640,0,genomicbackground,1,riboswitch,0.5626409649848938,4640_6_RF00168_6_NC_000913.3_4233124-4233721_ext_360-560_int_115_off_15_percentage_11_position_1-22 genomicbackground,4640,6,4640_6
query_4641,0,genomicbackground,0,genomicbackground,0.12444319576025009,4641_6_RF00168_6_NC_000913.3_4233124-4233721_ext_360-560_int_115_off_20_percentage_9_position_1-17 genomicbackground,4641,6,4641_6
query_4642,0,genomicbackground,1,riboswitch,0.9302751421928406,4642_6_RF00168_6_NC_000913.3_4233124-4233721_ext_360-560_int_115_off_25_percentage_6_position_1-12 genomicbackground,4642,6,4642_6
query_4643,0,genomicbackground,1,riboswitch,0.9469524025917053,4643_6_RF00168_6_NC_000913.3_4233124-4233721_ext_360-560_int_115_off_30_percentage_4_position_1-7 genomicbackground,4643,6,4643_6
query_4644,0,genomicbackground,1,riboswitch,0.9911618232727051,4644_6_RF00168_6_NC_000913.3_4233124-4233721_ext_360-560_int_115_off_35_percentage_1_position_1-2 genomicbackground,4644,6,4644_6
query_4645,0,genomicbackground,1,riboswitch,0.9739708304405212,4645_6_RF00168_6_NC_000913.3_4233124-4233721_ext_360-560_int_115_off_40_percentage_0_position_0-0 genomicbackground,4645,6,4645_6
query_4646,0,genomicbackground,1,riboswitch,0.9744086265563965,4646_6_RF00168_6_NC_000913.3_4233124-4233721_ext_360-560_int_115_off_45_percentage_0_position_0-0 genomicbackground,4646,6,4646_6
query_4647,0,genomicbackground,0,genomicbackground,0.19970153272151947,4647_6_RF00168_6_NC_000913.3_4233124-4233721_ext_360-560_int_115_off_50_percentage_0_position_0-0 genomicbackground,4647,6,4647_6
query_4648,0,genomicbackground,0,genomicbackground,0.2895616590976715,4648_6_RF00168_6_NC_000913.3_4233124-4233721_ext_360-560_int_115_off_55_percentage_0_position_0-0 genomicbackground,4648,6,4648_6
query_4649,0,genomicbackground,0,genomicbackground,0.07537824660539627,4649_6_RF00168_6_NC_000913.3_4233124-4233721_ext_360-560_int_115_off_60_percentage_0_position_0-0 genomicbackground,4649,6,4649_6
query_4650,0,genomicbackground,0,genomicbackground,0.03781168907880783,4650_6_RF00168_6_NC_000913.3_4233124-4233721_ext_360-560_int_115_off_65_percentage_0_position_0-0 genomicbackground,4650,6,4650_6
query_4651,0,genomicbackground,0,genomicbackground,0.058421339839696884,4651_6_RF00168_6_NC_000913.3_4233124-4233721_ext_360-560_int_115_off_70_percentage_0_position_0-0 genomicbackground,4651,6,4651_6
query_4652,0,genomicbackground,0,genomicbackground,0.028767051175236702,4652_6_RF00168_6_NC_000913.3_4233124-4233721_ext_360-560_int_115_off_75_percentage_0_position_0-0 genomicbackground,4652,6,4652_6
query_4653,0,genomicbackground,0,genomicbackground,0.04480190947651863,4653_6_RF00168_6_NC_000913.3_4233124-4233721_ext_360-560_int_115_off_80_percentage_0_position_0-0 genomicbackground,4653,6,4653_6
query_4654,0,genomicbackground,0,genomicbackground,0.004220150411128998,4654_6_RF00168_6_NC_000913.3_4233124-4233721_ext_360-560_int_115_off_85_percentage_0_position_0-0 genomicbackground,4654,6,4654_6
query_4655,0,genomicbackground,1,riboswitch,0.845487117767334,4655_6_RF00168_6_NC_000913.3_4233124-4233721_ext_360-560_int_120_off_0_percentage_19_position_1-37 genomicbackground,4655,6,4655_6
query_4656,0,genomicbackground,1,riboswitch,0.9984582662582397,4656_6_RF00168_6_NC_000913.3_4233124-4233721_ext_360-560_int_120_off_5_percentage_16_position_1-32 genomicbackground,4656,6,4656_6
query_4657,0,genomicbackground,0,genomicbackground,0.18758760392665863,4657_6_RF00168_6_NC_000913.3_4233124-4233721_ext_360-560_int_120_off_10_percentage_14_position_1-27 genomicbackground,4657,6,4657_6
query_4658,0,genomicbackground,0,genomicbackground,0.388668417930603,4658_6_RF00168_6_NC_000913.3_4233124-4233721_ext_360-560_int_120_off_15_percentage_11_position_1-22 genomicbackground,4658,6,4658_6
query_4659,0,genomicbackground,0,genomicbackground,0.3155859410762787,4659_6_RF00168_6_NC_000913.3_4233124-4233721_ext_360-560_int_120_off_20_percentage_9_position_1-17 genomicbackground,4659,6,4659_6
query_4660,0,genomicbackground,0,genomicbackground,0.4386446475982666,4660_6_RF00168_6_NC_000913.3_4233124-4233721_ext_360-560_int_120_off_25_percentage_6_position_1-12 genomicbackground,4660,6,4660_6
query_4661,0,genomicbackground,1,riboswitch,0.9842945337295532,4661_6_RF00168_6_NC_000913.3_4233124-4233721_ext_360-560_int_120_off_30_percentage_4_position_1-7 genomicbackground,4661,6,4661_6
query_4662,0,genomicbackground,1,riboswitch,0.9865500926971436,4662_6_RF00168_6_NC_000913.3_4233124-4233721_ext_360-560_int_120_off_35_percentage_1_position_1-2 genomicbackground,4662,6,4662_6
query_4663,0,genomicbackground,1,riboswitch,0.8273392915725708,4663_6_RF00168_6_NC_000913.3_4233124-4233721_ext_360-560_int_120_off_40_percentage_0_position_0-0 genomicbackground,4663,6,4663_6
query_4664,0,genomicbackground,0,genomicbackground,0.017100658267736435,4664_6_RF00168_6_NC_000913.3_4233124-4233721_ext_360-560_int_120_off_45_percentage_0_position_0-0 genomicbackground,4664,6,4664_6
query_4665,0,genomicbackground,0,genomicbackground,0.19082625210285187,4665_6_RF00168_6_NC_000913.3_4233124-4233721_ext_360-560_int_120_off_50_percentage_0_position_0-0 genomicbackground,4665,6,4665_6
query_4666,0,genomicbackground,0,genomicbackground,0.17192679643630981,4666_6_RF00168_6_NC_000913.3_4233124-4233721_ext_360-560_int_120_off_55_percentage_0_position_0-0 genomicbackground,4666,6,4666_6
query_4667,0,genomicbackground,0,genomicbackground,0.033872827887535095,4667_6_RF00168_6_NC_000913.3_4233124-4233721_ext_360-560_int_120_off_60_percentage_0_position_0-0 genomicbackground,4667,6,4667_6
query_4668,0,genomicbackground,0,genomicbackground,0.10887560248374939,4668_6_RF00168_6_NC_000913.3_4233124-4233721_ext_360-560_int_120_off_65_percentage_0_position_0-0 genomicbackground,4668,6,4668_6
query_4669,0,genomicbackground,0,genomicbackground,0.03957098722457886,4669_6_RF00168_6_NC_000913.3_4233124-4233721_ext_360-560_int_120_off_70_percentage_0_position_0-0 genomicbackground,4669,6,4669_6
query_4670,0,genomicbackground,0,genomicbackground,0.03536823019385338,4670_6_RF00168_6_NC_000913.3_4233124-4233721_ext_360-560_int_120_off_75_percentage_0_position_0-0 genomicbackground,4670,6,4670_6
query_4671,0,genomicbackground,0,genomicbackground,0.019882334396243095,4671_6_RF00168_6_NC_000913.3_4233124-4233721_ext_360-560_int_120_off_80_percentage_0_position_0-0 genomicbackground,4671,6,4671_6
query_4672,0,genomicbackground,1,riboswitch,0.9222339987754822,4672_6_RF00168_6_NC_000913.3_4233124-4233721_ext_360-560_int_125_off_0_percentage_19_position_1-37 genomicbackground,4672,6,4672_6
query_4673,0,genomicbackground,1,riboswitch,0.9986876845359802,4673_6_RF00168_6_NC_000913.3_4233124-4233721_ext_360-560_int_125_off_5_percentage_16_position_1-32 genomicbackground,4673,6,4673_6
query_4674,0,genomicbackground,1,riboswitch,0.8002868294715881,4674_6_RF00168_6_NC_000913.3_4233124-4233721_ext_360-560_int_125_off_10_percentage_14_position_1-27 genomicbackground,4674,6,4674_6
query_4675,0,genomicbackground,1,riboswitch,0.6991733908653259,4675_6_RF00168_6_NC_000913.3_4233124-4233721_ext_360-560_int_125_off_15_percentage_11_position_1-22 genomicbackground,4675,6,4675_6
query_4676,0,genomicbackground,0,genomicbackground,0.0710202232003212,4676_6_RF00168_6_NC_000913.3_4233124-4233721_ext_360-560_int_125_off_20_percentage_9_position_1-17 genomicbackground,4676,6,4676_6
query_4677,0,genomicbackground,1,riboswitch,0.9709837436676025,4677_6_RF00168_6_NC_000913.3_4233124-4233721_ext_360-560_int_125_off_25_percentage_6_position_1-12 genomicbackground,4677,6,4677_6
query_4678,0,genomicbackground,1,riboswitch,0.974112868309021,4678_6_RF00168_6_NC_000913.3_4233124-4233721_ext_360-560_int_125_off_30_percentage_4_position_1-7 genomicbackground,4678,6,4678_6
query_4679,0,genomicbackground,1,riboswitch,0.9319959878921509,4679_6_RF00168_6_NC_000913.3_4233124-4233721_ext_360-560_int_125_off_35_percentage_1_position_1-2 genomicbackground,4679,6,4679_6
query_4680,0,genomicbackground,0,genomicbackground,0.3453192114830017,4680_6_RF00168_6_NC_000913.3_4233124-4233721_ext_360-560_int_125_off_40_percentage_0_position_0-0 genomicbackground,4680,6,4680_6
query_4681,0,genomicbackground,0,genomicbackground,0.16679130494594574,4681_6_RF00168_6_NC_000913.3_4233124-4233721_ext_360-560_int_125_off_45_percentage_0_position_0-0 genomicbackground,4681,6,4681_6
query_4682,0,genomicbackground,0,genomicbackground,0.39586931467056274,4682_6_RF00168_6_NC_000913.3_4233124-4233721_ext_360-560_int_125_off_50_percentage_0_position_0-0 genomicbackground,4682,6,4682_6
query_4683,0,genomicbackground,1,riboswitch,0.5368497371673584,4683_6_RF00168_6_NC_000913.3_4233124-4233721_ext_360-560_int_125_off_55_percentage_0_position_0-0 genomicbackground,4683,6,4683_6
query_4684,0,genomicbackground,0,genomicbackground,0.06361863017082214,4684_6_RF00168_6_NC_000913.3_4233124-4233721_ext_360-560_int_125_off_60_percentage_0_position_0-0 genomicbackground,4684,6,4684_6
query_4685,0,genomicbackground,0,genomicbackground,0.06727434694766998,4685_6_RF00168_6_NC_000913.3_4233124-4233721_ext_360-560_int_125_off_65_percentage_0_position_0-0 genomicbackground,4685,6,4685_6
query_4686,0,genomicbackground,0,genomicbackground,0.05248728394508362,4686_6_RF00168_6_NC_000913.3_4233124-4233721_ext_360-560_int_125_off_70_percentage_0_position_0-0 genomicbackground,4686,6,4686_6
query_4687,0,genomicbackground,0,genomicbackground,0.030428854748606682,4687_6_RF00168_6_NC_000913.3_4233124-4233721_ext_360-560_int_125_off_75_percentage_0_position_0-0 genomicbackground,4687,6,4687_6
query_4688,0,genomicbackground,1,riboswitch,0.9523677229881287,4688_6_RF00168_6_NC_000913.3_4233124-4233721_ext_360-560_int_130_off_0_percentage_19_position_1-37 genomicbackground,4688,6,4688_6
query_4689,0,genomicbackground,1,riboswitch,0.9288610219955444,4689_6_RF00168_6_NC_000913.3_4233124-4233721_ext_360-560_int_130_off_5_percentage_16_position_1-32 genomicbackground,4689,6,4689_6
query_4690,0,genomicbackground,1,riboswitch,0.8486528992652893,4690_6_RF00168_6_NC_000913.3_4233124-4233721_ext_360-560_int_130_off_10_percentage_14_position_1-27 genomicbackground,4690,6,4690_6
query_4691,0,genomicbackground,0,genomicbackground,0.20766204595565796,4691_6_RF00168_6_NC_000913.3_4233124-4233721_ext_360-560_int_130_off_15_percentage_11_position_1-22 genomicbackground,4691,6,4691_6
query_4692,0,genomicbackground,0,genomicbackground,0.07624571025371552,4692_6_RF00168_6_NC_000913.3_4233124-4233721_ext_360-560_int_130_off_20_percentage_9_position_1-17 genomicbackground,4692,6,4692_6
query_4693,0,genomicbackground,1,riboswitch,0.9471582174301147,4693_6_RF00168_6_NC_000913.3_4233124-4233721_ext_360-560_int_130_off_25_percentage_6_position_1-12 genomicbackground,4693,6,4693_6
query_4694,0,genomicbackground,1,riboswitch,0.9691447615623474,4694_6_RF00168_6_NC_000913.3_4233124-4233721_ext_360-560_int_130_off_30_percentage_4_position_1-7 genomicbackground,4694,6,4694_6
query_4695,0,genomicbackground,0,genomicbackground,0.038770850747823715,4695_6_RF00168_6_NC_000913.3_4233124-4233721_ext_360-560_int_130_off_35_percentage_1_position_1-2 genomicbackground,4695,6,4695_6
query_4696,0,genomicbackground,1,riboswitch,0.9745948910713196,4696_6_RF00168_6_NC_000913.3_4233124-4233721_ext_360-560_int_130_off_40_percentage_0_position_0-0 genomicbackground,4696,6,4696_6
query_4697,0,genomicbackground,0,genomicbackground,0.09287269413471222,4697_6_RF00168_6_NC_000913.3_4233124-4233721_ext_360-560_int_130_off_45_percentage_0_position_0-0 genomicbackground,4697,6,4697_6
query_4698,0,genomicbackground,1,riboswitch,0.6991419792175293,4698_6_RF00168_6_NC_000913.3_4233124-4233721_ext_360-560_int_130_off_50_percentage_0_position_0-0 genomicbackground,4698,6,4698_6
query_4699,0,genomicbackground,0,genomicbackground,0.06501255929470062,4699_6_RF00168_6_NC_000913.3_4233124-4233721_ext_360-560_int_130_off_55_percentage_0_position_0-0 genomicbackground,4699,6,4699_6
query_4700,0,genomicbackground,0,genomicbackground,0.04116734489798546,4700_6_RF00168_6_NC_000913.3_4233124-4233721_ext_360-560_int_130_off_60_percentage_0_position_0-0 genomicbackground,4700,6,4700_6
query_4701,0,genomicbackground,0,genomicbackground,0.04017135873436928,4701_6_RF00168_6_NC_000913.3_4233124-4233721_ext_360-560_int_130_off_65_percentage_0_position_0-0 genomicbackground,4701,6,4701_6
query_4702,0,genomicbackground,0,genomicbackground,0.028564417734742165,4702_6_RF00168_6_NC_000913.3_4233124-4233721_ext_360-560_int_130_off_70_percentage_0_position_0-0 genomicbackground,4702,6,4702_6
query_4703,0,genomicbackground,1,riboswitch,0.9315722584724426,4703_6_RF00168_6_NC_000913.3_4233124-4233721_ext_360-560_int_135_off_0_percentage_19_position_1-37 genomicbackground,4703,6,4703_6
query_4704,0,genomicbackground,1,riboswitch,0.9987735152244568,4704_6_RF00168_6_NC_000913.3_4233124-4233721_ext_360-560_int_135_off_5_percentage_16_position_1-32 genomicbackground,4704,6,4704_6
query_4705,0,genomicbackground,1,riboswitch,0.5176824927330017,4705_6_RF00168_6_NC_000913.3_4233124-4233721_ext_360-560_int_135_off_10_percentage_14_position_1-27 genomicbackground,4705,6,4705_6
query_4706,0,genomicbackground,0,genomicbackground,0.2447558045387268,4706_6_RF00168_6_NC_000913.3_4233124-4233721_ext_360-560_int_135_off_15_percentage_11_position_1-22 genomicbackground,4706,6,4706_6
query_4707,0,genomicbackground,0,genomicbackground,0.10855021327733994,4707_6_RF00168_6_NC_000913.3_4233124-4233721_ext_360-560_int_135_off_20_percentage_9_position_1-17 genomicbackground,4707,6,4707_6
query_4708,0,genomicbackground,0,genomicbackground,0.45706161856651306,4708_6_RF00168_6_NC_000913.3_4233124-4233721_ext_360-560_int_135_off_25_percentage_6_position_1-12 genomicbackground,4708,6,4708_6
query_4709,0,genomicbackground,1,riboswitch,0.6929525136947632,4709_6_RF00168_6_NC_000913.3_4233124-4233721_ext_360-560_int_135_off_30_percentage_4_position_1-7 genomicbackground,4709,6,4709_6
query_4710,0,genomicbackground,1,riboswitch,0.9330844879150391,4710_6_RF00168_6_NC_000913.3_4233124-4233721_ext_360-560_int_135_off_35_percentage_1_position_1-2 genomicbackground,4710,6,4710_6
query_4711,0,genomicbackground,0,genomicbackground,0.23573920130729675,4711_6_RF00168_6_NC_000913.3_4233124-4233721_ext_360-560_int_135_off_40_percentage_0_position_0-0 genomicbackground,4711,6,4711_6
query_4712,0,genomicbackground,0,genomicbackground,0.38430845737457275,4712_6_RF00168_6_NC_000913.3_4233124-4233721_ext_360-560_int_135_off_45_percentage_0_position_0-0 genomicbackground,4712,6,4712_6
query_4713,0,genomicbackground,0,genomicbackground,0.03444621339440346,4713_6_RF00168_6_NC_000913.3_4233124-4233721_ext_360-560_int_135_off_50_percentage_0_position_0-0 genomicbackground,4713,6,4713_6
query_4714,0,genomicbackground,0,genomicbackground,0.04214053601026535,4714_6_RF00168_6_NC_000913.3_4233124-4233721_ext_360-560_int_135_off_55_percentage_0_position_0-0 genomicbackground,4714,6,4714_6
query_4715,0,genomicbackground,0,genomicbackground,0.0586092472076416,4715_6_RF00168_6_NC_000913.3_4233124-4233721_ext_360-560_int_135_off_60_percentage_0_position_0-0 genomicbackground,4715,6,4715_6
query_4716,0,genomicbackground,0,genomicbackground,0.025023190304636955,4716_6_RF00168_6_NC_000913.3_4233124-4233721_ext_360-560_int_135_off_65_percentage_0_position_0-0 genomicbackground,4716,6,4716_6
query_4717,0,genomicbackground,1,riboswitch,0.9775370359420776,4717_6_RF00168_6_NC_000913.3_4233124-4233721_ext_360-560_int_140_off_0_percentage_19_position_1-37 genomicbackground,4717,6,4717_6
query_4718,0,genomicbackground,1,riboswitch,0.9975449442863464,4718_6_RF00168_6_NC_000913.3_4233124-4233721_ext_360-560_int_140_off_5_percentage_16_position_1-32 genomicbackground,4718,6,4718_6
query_4719,0,genomicbackground,0,genomicbackground,0.4136297106742859,4719_6_RF00168_6_NC_000913.3_4233124-4233721_ext_360-560_int_140_off_10_percentage_14_position_1-27 genomicbackground,4719,6,4719_6
query_4720,0,genomicbackground,0,genomicbackground,0.4025886654853821,4720_6_RF00168_6_NC_000913.3_4233124-4233721_ext_360-560_int_140_off_15_percentage_11_position_1-22 genomicbackground,4720,6,4720_6
query_4721,0,genomicbackground,0,genomicbackground,0.08720408380031586,4721_6_RF00168_6_NC_000913.3_4233124-4233721_ext_360-560_int_140_off_20_percentage_9_position_1-17 genomicbackground,4721,6,4721_6
query_4722,0,genomicbackground,0,genomicbackground,0.11476870626211166,4722_6_RF00168_6_NC_000913.3_4233124-4233721_ext_360-560_int_140_off_25_percentage_6_position_1-12 genomicbackground,4722,6,4722_6
query_4723,0,genomicbackground,1,riboswitch,0.5346804857254028,4723_6_RF00168_6_NC_000913.3_4233124-4233721_ext_360-560_int_140_off_30_percentage_4_position_1-7 genomicbackground,4723,6,4723_6
query_4724,0,genomicbackground,0,genomicbackground,0.07682372629642487,4724_6_RF00168_6_NC_000913.3_4233124-4233721_ext_360-560_int_140_off_35_percentage_1_position_1-2 genomicbackground,4724,6,4724_6
query_4725,0,genomicbackground,0,genomicbackground,0.05774441361427307,4725_6_RF00168_6_NC_000913.3_4233124-4233721_ext_360-560_int_140_off_40_percentage_0_position_0-0 genomicbackground,4725,6,4725_6
query_4726,0,genomicbackground,1,riboswitch,0.9701291918754578,4726_6_RF00168_6_NC_000913.3_4233124-4233721_ext_360-560_int_140_off_45_percentage_0_position_0-0 genomicbackground,4726,6,4726_6
query_4727,0,genomicbackground,0,genomicbackground,0.023233333602547646,4727_6_RF00168_6_NC_000913.3_4233124-4233721_ext_360-560_int_140_off_50_percentage_0_position_0-0 genomicbackground,4727,6,4727_6
query_4728,0,genomicbackground,0,genomicbackground,0.02895367331802845,4728_6_RF00168_6_NC_000913.3_4233124-4233721_ext_360-560_int_140_off_55_percentage_0_position_0-0 genomicbackground,4728,6,4728_6
query_4729,0,genomicbackground,0,genomicbackground,0.10865668207406998,4729_6_RF00168_6_NC_000913.3_4233124-4233721_ext_360-560_int_140_off_60_percentage_0_position_0-0 genomicbackground,4729,6,4729_6
query_4730,0,genomicbackground,1,riboswitch,0.9626702070236206,4730_6_RF00168_6_NC_000913.3_4233124-4233721_ext_360-560_int_145_off_0_percentage_19_position_1-37 genomicbackground,4730,6,4730_6
query_4731,0,genomicbackground,1,riboswitch,0.9912484884262085,4731_6_RF00168_6_NC_000913.3_4233124-4233721_ext_360-560_int_145_off_5_percentage_16_position_1-32 genomicbackground,4731,6,4731_6
query_4732,0,genomicbackground,0,genomicbackground,0.21133586764335632,4732_6_RF00168_6_NC_000913.3_4233124-4233721_ext_360-560_int_145_off_10_percentage_14_position_1-27 genomicbackground,4732,6,4732_6
query_4733,0,genomicbackground,1,riboswitch,0.6503961086273193,4733_6_RF00168_6_NC_000913.3_4233124-4233721_ext_360-560_int_145_off_15_percentage_11_position_1-22 genomicbackground,4733,6,4733_6
query_4734,0,genomicbackground,0,genomicbackground,0.036627817898988724,4734_6_RF00168_6_NC_000913.3_4233124-4233721_ext_360-560_int_145_off_20_percentage_9_position_1-17 genomicbackground,4734,6,4734_6
query_4735,0,genomicbackground,0,genomicbackground,0.0681939423084259,4735_6_RF00168_6_NC_000913.3_4233124-4233721_ext_360-560_int_145_off_25_percentage_6_position_1-12 genomicbackground,4735,6,4735_6
query_4736,0,genomicbackground,1,riboswitch,0.5105593204498291,4736_6_RF00168_6_NC_000913.3_4233124-4233721_ext_360-560_int_145_off_30_percentage_4_position_1-7 genomicbackground,4736,6,4736_6
query_4737,0,genomicbackground,0,genomicbackground,0.08238259702920914,4737_6_RF00168_6_NC_000913.3_4233124-4233721_ext_360-560_int_145_off_35_percentage_1_position_1-2 genomicbackground,4737,6,4737_6
query_4738,0,genomicbackground,0,genomicbackground,0.025837868452072144,4738_6_RF00168_6_NC_000913.3_4233124-4233721_ext_360-560_int_145_off_40_percentage_0_position_0-0 genomicbackground,4738,6,4738_6
query_4739,0,genomicbackground,1,riboswitch,0.928587019443512,4739_6_RF00168_6_NC_000913.3_4233124-4233721_ext_360-560_int_145_off_45_percentage_0_position_0-0 genomicbackground,4739,6,4739_6
query_4740,0,genomicbackground,0,genomicbackground,0.02163967862725258,4740_6_RF00168_6_NC_000913.3_4233124-4233721_ext_360-560_int_145_off_50_percentage_0_position_0-0 genomicbackground,4740,6,4740_6
query_4741,0,genomicbackground,0,genomicbackground,0.03029736317694187,4741_6_RF00168_6_NC_000913.3_4233124-4233721_ext_360-560_int_145_off_55_percentage_0_position_0-0 genomicbackground,4741,6,4741_6
query_4742,0,genomicbackground,1,riboswitch,0.8366564512252808,4742_6_RF00168_6_NC_000913.3_4233124-4233721_ext_360-560_int_150_off_0_percentage_19_position_1-37 genomicbackground,4742,6,4742_6
query_4743,0,genomicbackground,1,riboswitch,0.968525767326355,4743_6_RF00168_6_NC_000913.3_4233124-4233721_ext_360-560_int_150_off_5_percentage_16_position_1-32 genomicbackground,4743,6,4743_6
query_4744,0,genomicbackground,0,genomicbackground,0.20012858510017395,4744_6_RF00168_6_NC_000913.3_4233124-4233721_ext_360-560_int_150_off_10_percentage_14_position_1-27 genomicbackground,4744,6,4744_6
query_4745,0,genomicbackground,0,genomicbackground,0.20445553958415985,4745_6_RF00168_6_NC_000913.3_4233124-4233721_ext_360-560_int_150_off_15_percentage_11_position_1-22 genomicbackground,4745,6,4745_6
query_4746,0,genomicbackground,0,genomicbackground,0.035120889544487,4746_6_RF00168_6_NC_000913.3_4233124-4233721_ext_360-560_int_150_off_20_percentage_9_position_1-17 genomicbackground,4746,6,4746_6
query_4747,0,genomicbackground,0,genomicbackground,0.10078106075525284,4747_6_RF00168_6_NC_000913.3_4233124-4233721_ext_360-560_int_150_off_25_percentage_6_position_1-12 genomicbackground,4747,6,4747_6
query_4748,0,genomicbackground,0,genomicbackground,0.18348658084869385,4748_6_RF00168_6_NC_000913.3_4233124-4233721_ext_360-560_int_150_off_30_percentage_4_position_1-7 genomicbackground,4748,6,4748_6
query_4749,0,genomicbackground,0,genomicbackground,0.054494962096214294,4749_6_RF00168_6_NC_000913.3_4233124-4233721_ext_360-560_int_150_off_35_percentage_1_position_1-2 genomicbackground,4749,6,4749_6
query_4750,0,genomicbackground,0,genomicbackground,0.019491128623485565,4750_6_RF00168_6_NC_000913.3_4233124-4233721_ext_360-560_int_150_off_40_percentage_0_position_0-0 genomicbackground,4750,6,4750_6
query_4751,0,genomicbackground,0,genomicbackground,0.020326949656009674,4751_6_RF00168_6_NC_000913.3_4233124-4233721_ext_360-560_int_150_off_45_percentage_0_position_0-0 genomicbackground,4751,6,4751_6
query_4752,0,genomicbackground,0,genomicbackground,0.01740540750324726,4752_6_RF00168_6_NC_000913.3_4233124-4233721_ext_360-560_int_150_off_50_percentage_0_position_0-0 genomicbackground,4752,6,4752_6
query_4753,0,genomicbackground,1,riboswitch,0.6649681329727173,4753_6_RF00168_6_NC_000913.3_4233124-4233721_ext_360-560_int_155_off_0_percentage_19_position_1-37 genomicbackground,4753,6,4753_6
query_4754,0,genomicbackground,0,genomicbackground,0.35140228271484375,4754_6_RF00168_6_NC_000913.3_4233124-4233721_ext_360-560_int_155_off_5_percentage_16_position_1-32 genomicbackground,4754,6,4754_6
query_4755,0,genomicbackground,0,genomicbackground,0.3032449185848236,4755_6_RF00168_6_NC_000913.3_4233124-4233721_ext_360-560_int_155_off_10_percentage_14_position_1-27 genomicbackground,4755,6,4755_6
query_4756,0,genomicbackground,0,genomicbackground,0.23597538471221924,4756_6_RF00168_6_NC_000913.3_4233124-4233721_ext_360-560_int_155_off_15_percentage_11_position_1-22 genomicbackground,4756,6,4756_6
query_4757,0,genomicbackground,0,genomicbackground,0.057581815868616104,4757_6_RF00168_6_NC_000913.3_4233124-4233721_ext_360-560_int_155_off_20_percentage_9_position_1-17 genomicbackground,4757,6,4757_6
query_4758,0,genomicbackground,0,genomicbackground,0.048528384417295456,4758_6_RF00168_6_NC_000913.3_4233124-4233721_ext_360-560_int_155_off_25_percentage_6_position_1-12 genomicbackground,4758,6,4758_6
query_4759,0,genomicbackground,0,genomicbackground,0.0700153261423111,4759_6_RF00168_6_NC_000913.3_4233124-4233721_ext_360-560_int_155_off_30_percentage_4_position_1-7 genomicbackground,4759,6,4759_6
query_4760,0,genomicbackground,0,genomicbackground,0.037409938871860504,4760_6_RF00168_6_NC_000913.3_4233124-4233721_ext_360-560_int_155_off_35_percentage_1_position_1-2 genomicbackground,4760,6,4760_6
query_4761,0,genomicbackground,0,genomicbackground,0.04640465974807739,4761_6_RF00168_6_NC_000913.3_4233124-4233721_ext_360-560_int_155_off_40_percentage_0_position_0-0 genomicbackground,4761,6,4761_6
query_4762,0,genomicbackground,0,genomicbackground,0.013688180595636368,4762_6_RF00168_6_NC_000913.3_4233124-4233721_ext_360-560_int_155_off_45_percentage_0_position_0-0 genomicbackground,4762,6,4762_6
query_4763,0,genomicbackground,0,genomicbackground,0.240895614027977,4763_6_RF00168_6_NC_000913.3_4233124-4233721_ext_360-560_int_160_off_0_percentage_19_position_1-37 genomicbackground,4763,6,4763_6
query_4764,0,genomicbackground,0,genomicbackground,0.4963190257549286,4764_6_RF00168_6_NC_000913.3_4233124-4233721_ext_360-560_int_160_off_5_percentage_16_position_1-32 genomicbackground,4764,6,4764_6
query_4765,0,genomicbackground,0,genomicbackground,0.10673865675926208,4765_6_RF00168_6_NC_000913.3_4233124-4233721_ext_360-560_int_160_off_10_percentage_14_position_1-27 genomicbackground,4765,6,4765_6
query_4766,0,genomicbackground,0,genomicbackground,0.10231518745422363,4766_6_RF00168_6_NC_000913.3_4233124-4233721_ext_360-560_int_160_off_15_percentage_11_position_1-22 genomicbackground,4766,6,4766_6
query_4767,0,genomicbackground,0,genomicbackground,0.03344462066888809,4767_6_RF00168_6_NC_000913.3_4233124-4233721_ext_360-560_int_160_off_20_percentage_9_position_1-17 genomicbackground,4767,6,4767_6
query_4768,0,genomicbackground,0,genomicbackground,0.03997763991355896,4768_6_RF00168_6_NC_000913.3_4233124-4233721_ext_360-560_int_160_off_25_percentage_6_position_1-12 genomicbackground,4768,6,4768_6
query_4769,0,genomicbackground,0,genomicbackground,0.04943104460835457,4769_6_RF00168_6_NC_000913.3_4233124-4233721_ext_360-560_int_160_off_30_percentage_4_position_1-7 genomicbackground,4769,6,4769_6
query_4770,0,genomicbackground,0,genomicbackground,0.03790711611509323,4770_6_RF00168_6_NC_000913.3_4233124-4233721_ext_360-560_int_160_off_35_percentage_1_position_1-2 genomicbackground,4770,6,4770_6
query_4771,0,genomicbackground,0,genomicbackground,0.01951272040605545,4771_6_RF00168_6_NC_000913.3_4233124-4233721_ext_360-560_int_160_off_40_percentage_0_position_0-0 genomicbackground,4771,6,4771_6
query_4772,0,genomicbackground,0,genomicbackground,0.34540289640426636,4772_6_RF00168_6_NC_000913.3_4233124-4233721_ext_360-560_int_165_off_0_percentage_19_position_1-37 genomicbackground,4772,6,4772_6
query_4773,0,genomicbackground,0,genomicbackground,0.14445717632770538,4773_6_RF00168_6_NC_000913.3_4233124-4233721_ext_360-560_int_165_off_5_percentage_16_position_1-32 genomicbackground,4773,6,4773_6
query_4774,0,genomicbackground,0,genomicbackground,0.3527659475803375,4774_6_RF00168_6_NC_000913.3_4233124-4233721_ext_360-560_int_165_off_10_percentage_14_position_1-27 genomicbackground,4774,6,4774_6
query_4775,0,genomicbackground,0,genomicbackground,0.04647428169846535,4775_6_RF00168_6_NC_000913.3_4233124-4233721_ext_360-560_int_165_off_15_percentage_11_position_1-22 genomicbackground,4775,6,4775_6
query_4776,0,genomicbackground,0,genomicbackground,0.031055105850100517,4776_6_RF00168_6_NC_000913.3_4233124-4233721_ext_360-560_int_165_off_20_percentage_9_position_1-17 genomicbackground,4776,6,4776_6
query_4777,0,genomicbackground,0,genomicbackground,0.029646897688508034,4777_6_RF00168_6_NC_000913.3_4233124-4233721_ext_360-560_int_165_off_25_percentage_6_position_1-12 genomicbackground,4777,6,4777_6
query_4778,0,genomicbackground,0,genomicbackground,0.038178250193595886,4778_6_RF00168_6_NC_000913.3_4233124-4233721_ext_360-560_int_165_off_30_percentage_4_position_1-7 genomicbackground,4778,6,4778_6
query_4779,0,genomicbackground,0,genomicbackground,0.019287414848804474,4779_6_RF00168_6_NC_000913.3_4233124-4233721_ext_360-560_int_165_off_35_percentage_1_position_1-2 genomicbackground,4779,6,4779_6
query_4780,0,genomicbackground,1,riboswitch,0.5728456974029541,4780_6_RF00168_6_NC_000913.3_4233124-4233721_ext_360-560_int_170_off_0_percentage_19_position_1-37 genomicbackground,4780,6,4780_6
query_4781,0,genomicbackground,1,riboswitch,0.5082417130470276,4781_6_RF00168_6_NC_000913.3_4233124-4233721_ext_360-560_int_170_off_5_percentage_16_position_1-32 genomicbackground,4781,6,4781_6
query_4782,0,genomicbackground,0,genomicbackground,0.1533702164888382,4782_6_RF00168_6_NC_000913.3_4233124-4233721_ext_360-560_int_170_off_10_percentage_14_position_1-27 genomicbackground,4782,6,4782_6
query_4783,0,genomicbackground,0,genomicbackground,0.04226363077759743,4783_6_RF00168_6_NC_000913.3_4233124-4233721_ext_360-560_int_170_off_15_percentage_11_position_1-22 genomicbackground,4783,6,4783_6
query_4784,0,genomicbackground,0,genomicbackground,0.023988688364624977,4784_6_RF00168_6_NC_000913.3_4233124-4233721_ext_360-560_int_170_off_20_percentage_9_position_1-17 genomicbackground,4784,6,4784_6
query_4785,0,genomicbackground,0,genomicbackground,0.0249046478420496,4785_6_RF00168_6_NC_000913.3_4233124-4233721_ext_360-560_int_170_off_25_percentage_6_position_1-12 genomicbackground,4785,6,4785_6
query_4786,0,genomicbackground,0,genomicbackground,0.07688263803720474,4786_6_RF00168_6_NC_000913.3_4233124-4233721_ext_360-560_int_170_off_30_percentage_4_position_1-7 genomicbackground,4786,6,4786_6
query_4787,0,genomicbackground,1,riboswitch,0.5484020113945007,4787_6_RF00168_6_NC_000913.3_4233124-4233721_ext_360-560_int_175_off_0_percentage_19_position_1-37 genomicbackground,4787,6,4787_6
query_4788,0,genomicbackground,0,genomicbackground,0.22478803992271423,4788_6_RF00168_6_NC_000913.3_4233124-4233721_ext_360-560_int_175_off_5_percentage_16_position_1-32 genomicbackground,4788,6,4788_6
query_4789,0,genomicbackground,0,genomicbackground,0.18020455539226532,4789_6_RF00168_6_NC_000913.3_4233124-4233721_ext_360-560_int_175_off_10_percentage_14_position_1-27 genomicbackground,4789,6,4789_6
query_4790,0,genomicbackground,0,genomicbackground,0.05421747639775276,4790_6_RF00168_6_NC_000913.3_4233124-4233721_ext_360-560_int_175_off_15_percentage_11_position_1-22 genomicbackground,4790,6,4790_6
query_4791,0,genomicbackground,0,genomicbackground,0.03269572928547859,4791_6_RF00168_6_NC_000913.3_4233124-4233721_ext_360-560_int_175_off_20_percentage_9_position_1-17 genomicbackground,4791,6,4791_6
query_4792,0,genomicbackground,0,genomicbackground,0.03330066055059433,4792_6_RF00168_6_NC_000913.3_4233124-4233721_ext_360-560_int_175_off_25_percentage_6_position_1-12 genomicbackground,4792,6,4792_6
query_4793,0,genomicbackground,0,genomicbackground,0.2510796785354614,4793_6_RF00168_6_NC_000913.3_4233124-4233721_ext_360-560_int_180_off_0_percentage_19_position_1-37 genomicbackground,4793,6,4793_6
query_4794,0,genomicbackground,0,genomicbackground,0.2746436297893524,4794_6_RF00168_6_NC_000913.3_4233124-4233721_ext_360-560_int_180_off_5_percentage_16_position_1-32 genomicbackground,4794,6,4794_6
query_4795,0,genomicbackground,0,genomicbackground,0.23964335024356842,4795_6_RF00168_6_NC_000913.3_4233124-4233721_ext_360-560_int_180_off_10_percentage_14_position_1-27 genomicbackground,4795,6,4795_6
query_4796,0,genomicbackground,0,genomicbackground,0.07635793834924698,4796_6_RF00168_6_NC_000913.3_4233124-4233721_ext_360-560_int_180_off_15_percentage_11_position_1-22 genomicbackground,4796,6,4796_6
query_4797,0,genomicbackground,0,genomicbackground,0.020350715145468712,4797_6_RF00168_6_NC_000913.3_4233124-4233721_ext_360-560_int_180_off_20_percentage_9_position_1-17 genomicbackground,4797,6,4797_6
query_4798,0,genomicbackground,1,riboswitch,0.6033405065536499,4798_6_RF00168_6_NC_000913.3_4233124-4233721_ext_360-560_int_185_off_0_percentage_19_position_1-37 genomicbackground,4798,6,4798_6
query_4799,0,genomicbackground,0,genomicbackground,0.39409926533699036,4799_6_RF00168_6_NC_000913.3_4233124-4233721_ext_360-560_int_185_off_5_percentage_16_position_1-32 genomicbackground,4799,6,4799_6
query_4800,0,genomicbackground,0,genomicbackground,0.1734197735786438,4800_6_RF00168_6_NC_000913.3_4233124-4233721_ext_360-560_int_185_off_10_percentage_14_position_1-27 genomicbackground,4800,6,4800_6
query_4801,0,genomicbackground,0,genomicbackground,0.059125468134880066,4801_6_RF00168_6_NC_000913.3_4233124-4233721_ext_360-560_int_185_off_15_percentage_11_position_1-22 genomicbackground,4801,6,4801_6
query_4802,0,genomicbackground,1,riboswitch,0.5607427358627319,4802_6_RF00168_6_NC_000913.3_4233124-4233721_ext_360-560_int_190_off_0_percentage_19_position_1-37 genomicbackground,4802,6,4802_6
query_4803,0,genomicbackground,0,genomicbackground,0.26026496291160583,4803_6_RF00168_6_NC_000913.3_4233124-4233721_ext_360-560_int_190_off_5_percentage_16_position_1-32 genomicbackground,4803,6,4803_6
query_4804,0,genomicbackground,0,genomicbackground,0.061718959361314774,4804_6_RF00168_6_NC_000913.3_4233124-4233721_ext_360-560_int_190_off_10_percentage_14_position_1-27 genomicbackground,4804,6,4804_6
query_4805,0,genomicbackground,0,genomicbackground,0.324215829372406,4805_6_RF00168_6_NC_000913.3_4233124-4233721_ext_360-560_int_195_off_0_percentage_19_position_1-37 genomicbackground,4805,6,4805_6
query_4806,0,genomicbackground,0,genomicbackground,0.0755971148610115,4806_6_RF00168_6_NC_000913.3_4233124-4233721_ext_360-560_int_195_off_5_percentage_16_position_1-32 genomicbackground,4806,6,4806_6
query_4807,0,genomicbackground,0,genomicbackground,0.051740385591983795,4807_6_RF00168_6_NC_000913.3_4233124-4233721_ext_360-560_int_200_off_0_percentage_19_position_1-37 genomicbackground,4807,6,4807_6
query_4808,0,genomicbackground,0,genomicbackground,0.07996626198291779,4808_6_RF00168_6_NC_000913.3_4233124-4233721_ext_380-580_int_95_off_0_percentage_9_position_1-17 genomicbackground,4808,6,4808_6
query_4809,0,genomicbackground,1,riboswitch,0.9865962862968445,4809_6_RF00168_6_NC_000913.3_4233124-4233721_ext_380-580_int_95_off_5_percentage_6_position_1-12 genomicbackground,4809,6,4809_6
query_4810,0,genomicbackground,1,riboswitch,0.9568740725517273,4810_6_RF00168_6_NC_000913.3_4233124-4233721_ext_380-580_int_95_off_10_percentage_4_position_1-7 genomicbackground,4810,6,4810_6
query_4811,0,genomicbackground,1,riboswitch,0.8504937887191772,4811_6_RF00168_6_NC_000913.3_4233124-4233721_ext_380-580_int_95_off_15_percentage_1_position_1-2 genomicbackground,4811,6,4811_6
query_4812,0,genomicbackground,1,riboswitch,0.9737327098846436,4812_6_RF00168_6_NC_000913.3_4233124-4233721_ext_380-580_int_95_off_20_percentage_0_position_0-0 genomicbackground,4812,6,4812_6
query_4813,0,genomicbackground,1,riboswitch,0.9655271768569946,4813_6_RF00168_6_NC_000913.3_4233124-4233721_ext_380-580_int_95_off_25_percentage_0_position_0-0 genomicbackground,4813,6,4813_6
query_4814,0,genomicbackground,0,genomicbackground,0.035411421209573746,4814_6_RF00168_6_NC_000913.3_4233124-4233721_ext_380-580_int_95_off_30_percentage_0_position_0-0 genomicbackground,4814,6,4814_6
query_4815,0,genomicbackground,1,riboswitch,0.9894060492515564,4815_6_RF00168_6_NC_000913.3_4233124-4233721_ext_380-580_int_95_off_35_percentage_0_position_0-0 genomicbackground,4815,6,4815_6
query_4816,0,genomicbackground,1,riboswitch,0.990379810333252,4816_6_RF00168_6_NC_000913.3_4233124-4233721_ext_380-580_int_95_off_40_percentage_0_position_0-0 genomicbackground,4816,6,4816_6
query_4817,0,genomicbackground,1,riboswitch,0.971132218837738,4817_6_RF00168_6_NC_000913.3_4233124-4233721_ext_380-580_int_95_off_45_percentage_0_position_0-0 genomicbackground,4817,6,4817_6
query_4818,0,genomicbackground,0,genomicbackground,0.06115218251943588,4818_6_RF00168_6_NC_000913.3_4233124-4233721_ext_380-580_int_95_off_50_percentage_0_position_0-0 genomicbackground,4818,6,4818_6
query_4819,0,genomicbackground,0,genomicbackground,0.10760574787855148,4819_6_RF00168_6_NC_000913.3_4233124-4233721_ext_380-580_int_95_off_55_percentage_0_position_0-0 genomicbackground,4819,6,4819_6
query_4820,0,genomicbackground,0,genomicbackground,0.12437423318624496,4820_6_RF00168_6_NC_000913.3_4233124-4233721_ext_380-580_int_95_off_60_percentage_0_position_0-0 genomicbackground,4820,6,4820_6
query_4821,0,genomicbackground,0,genomicbackground,0.07456272095441818,4821_6_RF00168_6_NC_000913.3_4233124-4233721_ext_380-580_int_95_off_65_percentage_0_position_0-0 genomicbackground,4821,6,4821_6
query_4822,0,genomicbackground,0,genomicbackground,0.02302675135433674,4822_6_RF00168_6_NC_000913.3_4233124-4233721_ext_380-580_int_95_off_70_percentage_0_position_0-0 genomicbackground,4822,6,4822_6
query_4823,0,genomicbackground,0,genomicbackground,0.08112361282110214,4823_6_RF00168_6_NC_000913.3_4233124-4233721_ext_380-580_int_95_off_75_percentage_0_position_0-0 genomicbackground,4823,6,4823_6
query_4824,0,genomicbackground,0,genomicbackground,0.0030278603080660105,4824_6_RF00168_6_NC_000913.3_4233124-4233721_ext_380-580_int_95_off_80_percentage_0_position_0-0 genomicbackground,4824,6,4824_6
query_4825,0,genomicbackground,0,genomicbackground,0.004784326069056988,4825_6_RF00168_6_NC_000913.3_4233124-4233721_ext_380-580_int_95_off_85_percentage_0_position_0-0 genomicbackground,4825,6,4825_6
query_4826,0,genomicbackground,0,genomicbackground,0.04008697345852852,4826_6_RF00168_6_NC_000913.3_4233124-4233721_ext_380-580_int_95_off_90_percentage_0_position_0-0 genomicbackground,4826,6,4826_6
query_4827,0,genomicbackground,0,genomicbackground,0.19046980142593384,4827_6_RF00168_6_NC_000913.3_4233124-4233721_ext_380-580_int_95_off_95_percentage_0_position_0-0 genomicbackground,4827,6,4827_6
query_4828,0,genomicbackground,0,genomicbackground,0.026149824261665344,4828_6_RF00168_6_NC_000913.3_4233124-4233721_ext_380-580_int_95_off_100_percentage_0_position_0-0 genomicbackground,4828,6,4828_6
query_4829,0,genomicbackground,0,genomicbackground,0.11541910469532013,4829_6_RF00168_6_NC_000913.3_4233124-4233721_ext_380-580_int_95_off_105_percentage_0_position_0-0 genomicbackground,4829,6,4829_6
query_4830,0,genomicbackground,0,genomicbackground,0.22273534536361694,4830_6_RF00168_6_NC_000913.3_4233124-4233721_ext_380-580_int_100_off_0_percentage_9_position_1-17 genomicbackground,4830,6,4830_6
query_4831,0,genomicbackground,1,riboswitch,0.5005879998207092,4831_6_RF00168_6_NC_000913.3_4233124-4233721_ext_380-580_int_100_off_5_percentage_6_position_1-12 genomicbackground,4831,6,4831_6
query_4832,0,genomicbackground,1,riboswitch,0.9798561334609985,4832_6_RF00168_6_NC_000913.3_4233124-4233721_ext_380-580_int_100_off_10_percentage_4_position_1-7 genomicbackground,4832,6,4832_6
query_4833,0,genomicbackground,1,riboswitch,0.6395132541656494,4833_6_RF00168_6_NC_000913.3_4233124-4233721_ext_380-580_int_100_off_15_percentage_1_position_1-2 genomicbackground,4833,6,4833_6
query_4834,0,genomicbackground,1,riboswitch,0.9884361028671265,4834_6_RF00168_6_NC_000913.3_4233124-4233721_ext_380-580_int_100_off_20_percentage_0_position_0-0 genomicbackground,4834,6,4834_6
query_4835,0,genomicbackground,0,genomicbackground,0.3643476068973541,4835_6_RF00168_6_NC_000913.3_4233124-4233721_ext_380-580_int_100_off_25_percentage_0_position_0-0 genomicbackground,4835,6,4835_6
query_4836,0,genomicbackground,1,riboswitch,0.9779722690582275,4836_6_RF00168_6_NC_000913.3_4233124-4233721_ext_380-580_int_100_off_30_percentage_0_position_0-0 genomicbackground,4836,6,4836_6
query_4837,0,genomicbackground,1,riboswitch,0.9868926405906677,4837_6_RF00168_6_NC_000913.3_4233124-4233721_ext_380-580_int_100_off_35_percentage_0_position_0-0 genomicbackground,4837,6,4837_6
query_4838,0,genomicbackground,1,riboswitch,0.9526240229606628,4838_6_RF00168_6_NC_000913.3_4233124-4233721_ext_380-580_int_100_off_40_percentage_0_position_0-0 genomicbackground,4838,6,4838_6
query_4839,0,genomicbackground,0,genomicbackground,0.06838756799697876,4839_6_RF00168_6_NC_000913.3_4233124-4233721_ext_380-580_int_100_off_45_percentage_0_position_0-0 genomicbackground,4839,6,4839_6
query_4840,0,genomicbackground,0,genomicbackground,0.05012816935777664,4840_6_RF00168_6_NC_000913.3_4233124-4233721_ext_380-580_int_100_off_50_percentage_0_position_0-0 genomicbackground,4840,6,4840_6
query_4841,0,genomicbackground,0,genomicbackground,0.09683236479759216,4841_6_RF00168_6_NC_000913.3_4233124-4233721_ext_380-580_int_100_off_55_percentage_0_position_0-0 genomicbackground,4841,6,4841_6
query_4842,0,genomicbackground,0,genomicbackground,0.05188966915011406,4842_6_RF00168_6_NC_000913.3_4233124-4233721_ext_380-580_int_100_off_60_percentage_0_position_0-0 genomicbackground,4842,6,4842_6
query_4843,0,genomicbackground,0,genomicbackground,0.03923889994621277,4843_6_RF00168_6_NC_000913.3_4233124-4233721_ext_380-580_int_100_off_65_percentage_0_position_0-0 genomicbackground,4843,6,4843_6
query_4844,0,genomicbackground,0,genomicbackground,0.1844720095396042,4844_6_RF00168_6_NC_000913.3_4233124-4233721_ext_380-580_int_100_off_70_percentage_0_position_0-0 genomicbackground,4844,6,4844_6
query_4845,0,genomicbackground,0,genomicbackground,0.07546091079711914,4845_6_RF00168_6_NC_000913.3_4233124-4233721_ext_380-580_int_100_off_75_percentage_0_position_0-0 genomicbackground,4845,6,4845_6
query_4846,0,genomicbackground,0,genomicbackground,0.002422095276415348,4846_6_RF00168_6_NC_000913.3_4233124-4233721_ext_380-580_int_100_off_80_percentage_0_position_0-0 genomicbackground,4846,6,4846_6
query_4847,0,genomicbackground,0,genomicbackground,0.015344771556556225,4847_6_RF00168_6_NC_000913.3_4233124-4233721_ext_380-580_int_100_off_85_percentage_0_position_0-0 genomicbackground,4847,6,4847_6
query_4848,0,genomicbackground,0,genomicbackground,0.001717834733426571,4848_6_RF00168_6_NC_000913.3_4233124-4233721_ext_380-580_int_100_off_90_percentage_0_position_0-0 genomicbackground,4848,6,4848_6
query_4849,0,genomicbackground,0,genomicbackground,0.12122029066085815,4849_6_RF00168_6_NC_000913.3_4233124-4233721_ext_380-580_int_100_off_95_percentage_0_position_0-0 genomicbackground,4849,6,4849_6
query_4850,0,genomicbackground,0,genomicbackground,0.049196988344192505,4850_6_RF00168_6_NC_000913.3_4233124-4233721_ext_380-580_int_100_off_100_percentage_0_position_0-0 genomicbackground,4850,6,4850_6
query_4851,0,genomicbackground,0,genomicbackground,0.08440826088190079,4851_6_RF00168_6_NC_000913.3_4233124-4233721_ext_380-580_int_105_off_0_percentage_9_position_1-17 genomicbackground,4851,6,4851_6
query_4852,0,genomicbackground,1,riboswitch,0.8498654365539551,4852_6_RF00168_6_NC_000913.3_4233124-4233721_ext_380-580_int_105_off_5_percentage_6_position_1-12 genomicbackground,4852,6,4852_6
query_4853,0,genomicbackground,1,riboswitch,0.9676873683929443,4853_6_RF00168_6_NC_000913.3_4233124-4233721_ext_380-580_int_105_off_10_percentage_4_position_1-7 genomicbackground,4853,6,4853_6
query_4854,0,genomicbackground,1,riboswitch,0.9149777889251709,4854_6_RF00168_6_NC_000913.3_4233124-4233721_ext_380-580_int_105_off_15_percentage_1_position_1-2 genomicbackground,4854,6,4854_6
query_4855,0,genomicbackground,1,riboswitch,0.9250193238258362,4855_6_RF00168_6_NC_000913.3_4233124-4233721_ext_380-580_int_105_off_20_percentage_0_position_0-0 genomicbackground,4855,6,4855_6
query_4856,0,genomicbackground,1,riboswitch,0.9885022640228271,4856_6_RF00168_6_NC_000913.3_4233124-4233721_ext_380-580_int_105_off_25_percentage_0_position_0-0 genomicbackground,4856,6,4856_6
query_4857,0,genomicbackground,1,riboswitch,0.9704394936561584,4857_6_RF00168_6_NC_000913.3_4233124-4233721_ext_380-580_int_105_off_30_percentage_0_position_0-0 genomicbackground,4857,6,4857_6
query_4858,0,genomicbackground,1,riboswitch,0.9739688038825989,4858_6_RF00168_6_NC_000913.3_4233124-4233721_ext_380-580_int_105_off_35_percentage_0_position_0-0 genomicbackground,4858,6,4858_6
query_4859,0,genomicbackground,0,genomicbackground,0.036112964153289795,4859_6_RF00168_6_NC_000913.3_4233124-4233721_ext_380-580_int_105_off_40_percentage_0_position_0-0 genomicbackground,4859,6,4859_6
query_4860,0,genomicbackground,0,genomicbackground,0.04371388256549835,4860_6_RF00168_6_NC_000913.3_4233124-4233721_ext_380-580_int_105_off_45_percentage_0_position_0-0 genomicbackground,4860,6,4860_6
query_4861,0,genomicbackground,0,genomicbackground,0.08361179381608963,4861_6_RF00168_6_NC_000913.3_4233124-4233721_ext_380-580_int_105_off_50_percentage_0_position_0-0 genomicbackground,4861,6,4861_6
query_4862,0,genomicbackground,0,genomicbackground,0.04148836433887482,4862_6_RF00168_6_NC_000913.3_4233124-4233721_ext_380-580_int_105_off_55_percentage_0_position_0-0 genomicbackground,4862,6,4862_6
query_4863,0,genomicbackground,0,genomicbackground,0.05395568907260895,4863_6_RF00168_6_NC_000913.3_4233124-4233721_ext_380-580_int_105_off_60_percentage_0_position_0-0 genomicbackground,4863,6,4863_6
query_4864,0,genomicbackground,0,genomicbackground,0.013078959658741951,4864_6_RF00168_6_NC_000913.3_4233124-4233721_ext_380-580_int_105_off_65_percentage_0_position_0-0 genomicbackground,4864,6,4864_6
query_4865,0,genomicbackground,0,genomicbackground,0.10670135170221329,4865_6_RF00168_6_NC_000913.3_4233124-4233721_ext_380-580_int_105_off_70_percentage_0_position_0-0 genomicbackground,4865,6,4865_6
query_4866,0,genomicbackground,0,genomicbackground,0.034922730177640915,4866_6_RF00168_6_NC_000913.3_4233124-4233721_ext_380-580_int_105_off_75_percentage_0_position_0-0 genomicbackground,4866,6,4866_6
query_4867,0,genomicbackground,0,genomicbackground,0.0032045987900346518,4867_6_RF00168_6_NC_000913.3_4233124-4233721_ext_380-580_int_105_off_80_percentage_0_position_0-0 genomicbackground,4867,6,4867_6
query_4868,0,genomicbackground,0,genomicbackground,0.001633305219002068,4868_6_RF00168_6_NC_000913.3_4233124-4233721_ext_380-580_int_105_off_85_percentage_0_position_0-0 genomicbackground,4868,6,4868_6
query_4869,0,genomicbackground,0,genomicbackground,0.0031992734875530005,4869_6_RF00168_6_NC_000913.3_4233124-4233721_ext_380-580_int_105_off_90_percentage_0_position_0-0 genomicbackground,4869,6,4869_6
query_4870,0,genomicbackground,0,genomicbackground,0.22731314599514008,4870_6_RF00168_6_NC_000913.3_4233124-4233721_ext_380-580_int_105_off_95_percentage_0_position_0-0 genomicbackground,4870,6,4870_6
query_4871,0,genomicbackground,0,genomicbackground,0.19100651144981384,4871_6_RF00168_6_NC_000913.3_4233124-4233721_ext_380-580_int_110_off_0_percentage_9_position_1-17 genomicbackground,4871,6,4871_6
query_4872,0,genomicbackground,1,riboswitch,0.6908440589904785,4872_6_RF00168_6_NC_000913.3_4233124-4233721_ext_380-580_int_110_off_5_percentage_6_position_1-12 genomicbackground,4872,6,4872_6
query_4873,0,genomicbackground,1,riboswitch,0.9835054278373718,4873_6_RF00168_6_NC_000913.3_4233124-4233721_ext_380-580_int_110_off_10_percentage_4_position_1-7 genomicbackground,4873,6,4873_6
query_4874,0,genomicbackground,0,genomicbackground,0.046218179166316986,4874_6_RF00168_6_NC_000913.3_4233124-4233721_ext_380-580_int_110_off_15_percentage_1_position_1-2 genomicbackground,4874,6,4874_6
query_4875,0,genomicbackground,1,riboswitch,0.98366779088974,4875_6_RF00168_6_NC_000913.3_4233124-4233721_ext_380-580_int_110_off_20_percentage_0_position_0-0 genomicbackground,4875,6,4875_6
query_4876,0,genomicbackground,1,riboswitch,0.9853188991546631,4876_6_RF00168_6_NC_000913.3_4233124-4233721_ext_380-580_int_110_off_25_percentage_0_position_0-0 genomicbackground,4876,6,4876_6
query_4877,0,genomicbackground,1,riboswitch,0.9627237915992737,4877_6_RF00168_6_NC_000913.3_4233124-4233721_ext_380-580_int_110_off_30_percentage_0_position_0-0 genomicbackground,4877,6,4877_6
query_4878,0,genomicbackground,0,genomicbackground,0.05098152905702591,4878_6_RF00168_6_NC_000913.3_4233124-4233721_ext_380-580_int_110_off_35_percentage_0_position_0-0 genomicbackground,4878,6,4878_6
query_4879,0,genomicbackground,1,riboswitch,0.8636300563812256,4879_6_RF00168_6_NC_000913.3_4233124-4233721_ext_380-580_int_110_off_40_percentage_0_position_0-0 genomicbackground,4879,6,4879_6
query_4880,0,genomicbackground,0,genomicbackground,0.08386436849832535,4880_6_RF00168_6_NC_000913.3_4233124-4233721_ext_380-580_int_110_off_45_percentage_0_position_0-0 genomicbackground,4880,6,4880_6
query_4881,0,genomicbackground,0,genomicbackground,0.03911859542131424,4881_6_RF00168_6_NC_000913.3_4233124-4233721_ext_380-580_int_110_off_50_percentage_0_position_0-0 genomicbackground,4881,6,4881_6
query_4882,0,genomicbackground,0,genomicbackground,0.04326634854078293,4882_6_RF00168_6_NC_000913.3_4233124-4233721_ext_380-580_int_110_off_55_percentage_0_position_0-0 genomicbackground,4882,6,4882_6
query_4883,0,genomicbackground,0,genomicbackground,0.03487035632133484,4883_6_RF00168_6_NC_000913.3_4233124-4233721_ext_380-580_int_110_off_60_percentage_0_position_0-0 genomicbackground,4883,6,4883_6
query_4884,0,genomicbackground,0,genomicbackground,0.013876429758965969,4884_6_RF00168_6_NC_000913.3_4233124-4233721_ext_380-580_int_110_off_65_percentage_0_position_0-0 genomicbackground,4884,6,4884_6
query_4885,0,genomicbackground,0,genomicbackground,0.04420263692736626,4885_6_RF00168_6_NC_000913.3_4233124-4233721_ext_380-580_int_110_off_70_percentage_0_position_0-0 genomicbackground,4885,6,4885_6
query_4886,0,genomicbackground,0,genomicbackground,0.004993935581296682,4886_6_RF00168_6_NC_000913.3_4233124-4233721_ext_380-580_int_110_off_75_percentage_0_position_0-0 genomicbackground,4886,6,4886_6
query_4887,0,genomicbackground,0,genomicbackground,0.0016091844299808145,4887_6_RF00168_6_NC_000913.3_4233124-4233721_ext_380-580_int_110_off_80_percentage_0_position_0-0 genomicbackground,4887,6,4887_6
query_4888,0,genomicbackground,0,genomicbackground,0.005334151908755302,4888_6_RF00168_6_NC_000913.3_4233124-4233721_ext_380-580_int_110_off_85_percentage_0_position_0-0 genomicbackground,4888,6,4888_6
query_4889,0,genomicbackground,0,genomicbackground,0.005311489105224609,4889_6_RF00168_6_NC_000913.3_4233124-4233721_ext_380-580_int_110_off_90_percentage_0_position_0-0 genomicbackground,4889,6,4889_6
query_4890,0,genomicbackground,0,genomicbackground,0.12444319576025009,4890_6_RF00168_6_NC_000913.3_4233124-4233721_ext_380-580_int_115_off_0_percentage_9_position_1-17 genomicbackground,4890,6,4890_6
query_4891,0,genomicbackground,1,riboswitch,0.9302751421928406,4891_6_RF00168_6_NC_000913.3_4233124-4233721_ext_380-580_int_115_off_5_percentage_6_position_1-12 genomicbackground,4891,6,4891_6
query_4892,0,genomicbackground,1,riboswitch,0.9469524025917053,4892_6_RF00168_6_NC_000913.3_4233124-4233721_ext_380-580_int_115_off_10_percentage_4_position_1-7 genomicbackground,4892,6,4892_6
query_4893,0,genomicbackground,1,riboswitch,0.9911618232727051,4893_6_RF00168_6_NC_000913.3_4233124-4233721_ext_380-580_int_115_off_15_percentage_1_position_1-2 genomicbackground,4893,6,4893_6
query_4894,0,genomicbackground,1,riboswitch,0.9739708304405212,4894_6_RF00168_6_NC_000913.3_4233124-4233721_ext_380-580_int_115_off_20_percentage_0_position_0-0 genomicbackground,4894,6,4894_6
query_4895,0,genomicbackground,1,riboswitch,0.9744086265563965,4895_6_RF00168_6_NC_000913.3_4233124-4233721_ext_380-580_int_115_off_25_percentage_0_position_0-0 genomicbackground,4895,6,4895_6
query_4896,0,genomicbackground,0,genomicbackground,0.19970159232616425,4896_6_RF00168_6_NC_000913.3_4233124-4233721_ext_380-580_int_115_off_30_percentage_0_position_0-0 genomicbackground,4896,6,4896_6
query_4897,0,genomicbackground,0,genomicbackground,0.2895616590976715,4897_6_RF00168_6_NC_000913.3_4233124-4233721_ext_380-580_int_115_off_35_percentage_0_position_0-0 genomicbackground,4897,6,4897_6
query_4898,0,genomicbackground,0,genomicbackground,0.07537824660539627,4898_6_RF00168_6_NC_000913.3_4233124-4233721_ext_380-580_int_115_off_40_percentage_0_position_0-0 genomicbackground,4898,6,4898_6
query_4899,0,genomicbackground,0,genomicbackground,0.03781168907880783,4899_6_RF00168_6_NC_000913.3_4233124-4233721_ext_380-580_int_115_off_45_percentage_0_position_0-0 genomicbackground,4899,6,4899_6
query_4900,0,genomicbackground,0,genomicbackground,0.058421339839696884,4900_6_RF00168_6_NC_000913.3_4233124-4233721_ext_380-580_int_115_off_50_percentage_0_position_0-0 genomicbackground,4900,6,4900_6
query_4901,0,genomicbackground,0,genomicbackground,0.028767051175236702,4901_6_RF00168_6_NC_000913.3_4233124-4233721_ext_380-580_int_115_off_55_percentage_0_position_0-0 genomicbackground,4901,6,4901_6
query_4902,0,genomicbackground,0,genomicbackground,0.04480190947651863,4902_6_RF00168_6_NC_000913.3_4233124-4233721_ext_380-580_int_115_off_60_percentage_0_position_0-0 genomicbackground,4902,6,4902_6
query_4903,0,genomicbackground,0,genomicbackground,0.004220150411128998,4903_6_RF00168_6_NC_000913.3_4233124-4233721_ext_380-580_int_115_off_65_percentage_0_position_0-0 genomicbackground,4903,6,4903_6
query_4904,0,genomicbackground,0,genomicbackground,0.0045699793845415115,4904_6_RF00168_6_NC_000913.3_4233124-4233721_ext_380-580_int_115_off_70_percentage_0_position_0-0 genomicbackground,4904,6,4904_6
query_4905,0,genomicbackground,0,genomicbackground,0.005141693167388439,4905_6_RF00168_6_NC_000913.3_4233124-4233721_ext_380-580_int_115_off_75_percentage_0_position_0-0 genomicbackground,4905,6,4905_6
query_4906,0,genomicbackground,0,genomicbackground,0.002553354250267148,4906_6_RF00168_6_NC_000913.3_4233124-4233721_ext_380-580_int_115_off_80_percentage_0_position_0-0 genomicbackground,4906,6,4906_6
query_4907,0,genomicbackground,0,genomicbackground,0.019430402666330338,4907_6_RF00168_6_NC_000913.3_4233124-4233721_ext_380-580_int_115_off_85_percentage_0_position_0-0 genomicbackground,4907,6,4907_6
query_4908,0,genomicbackground,0,genomicbackground,0.3155859410762787,4908_6_RF00168_6_NC_000913.3_4233124-4233721_ext_380-580_int_120_off_0_percentage_9_position_1-17 genomicbackground,4908,6,4908_6
query_4909,0,genomicbackground,0,genomicbackground,0.4386446475982666,4909_6_RF00168_6_NC_000913.3_4233124-4233721_ext_380-580_int_120_off_5_percentage_6_position_1-12 genomicbackground,4909,6,4909_6
query_4910,0,genomicbackground,1,riboswitch,0.9842945337295532,4910_6_RF00168_6_NC_000913.3_4233124-4233721_ext_380-580_int_120_off_10_percentage_4_position_1-7 genomicbackground,4910,6,4910_6
query_4911,0,genomicbackground,1,riboswitch,0.9865500926971436,4911_6_RF00168_6_NC_000913.3_4233124-4233721_ext_380-580_int_120_off_15_percentage_1_position_1-2 genomicbackground,4911,6,4911_6
query_4912,0,genomicbackground,1,riboswitch,0.8273392915725708,4912_6_RF00168_6_NC_000913.3_4233124-4233721_ext_380-580_int_120_off_20_percentage_0_position_0-0 genomicbackground,4912,6,4912_6
query_4913,0,genomicbackground,0,genomicbackground,0.017100658267736435,4913_6_RF00168_6_NC_000913.3_4233124-4233721_ext_380-580_int_120_off_25_percentage_0_position_0-0 genomicbackground,4913,6,4913_6
query_4914,0,genomicbackground,0,genomicbackground,0.19082625210285187,4914_6_RF00168_6_NC_000913.3_4233124-4233721_ext_380-580_int_120_off_30_percentage_0_position_0-0 genomicbackground,4914,6,4914_6
query_4915,0,genomicbackground,0,genomicbackground,0.17192679643630981,4915_6_RF00168_6_NC_000913.3_4233124-4233721_ext_380-580_int_120_off_35_percentage_0_position_0-0 genomicbackground,4915,6,4915_6
query_4916,0,genomicbackground,0,genomicbackground,0.033872827887535095,4916_6_RF00168_6_NC_000913.3_4233124-4233721_ext_380-580_int_120_off_40_percentage_0_position_0-0 genomicbackground,4916,6,4916_6
query_4917,0,genomicbackground,0,genomicbackground,0.10887560248374939,4917_6_RF00168_6_NC_000913.3_4233124-4233721_ext_380-580_int_120_off_45_percentage_0_position_0-0 genomicbackground,4917,6,4917_6
query_4918,0,genomicbackground,0,genomicbackground,0.03957098722457886,4918_6_RF00168_6_NC_000913.3_4233124-4233721_ext_380-580_int_120_off_50_percentage_0_position_0-0 genomicbackground,4918,6,4918_6
query_4919,0,genomicbackground,0,genomicbackground,0.03536823019385338,4919_6_RF00168_6_NC_000913.3_4233124-4233721_ext_380-580_int_120_off_55_percentage_0_position_0-0 genomicbackground,4919,6,4919_6
query_4920,0,genomicbackground,0,genomicbackground,0.019882334396243095,4920_6_RF00168_6_NC_000913.3_4233124-4233721_ext_380-580_int_120_off_60_percentage_0_position_0-0 genomicbackground,4920,6,4920_6
query_4921,0,genomicbackground,0,genomicbackground,0.0047983769327402115,4921_6_RF00168_6_NC_000913.3_4233124-4233721_ext_380-580_int_120_off_65_percentage_0_position_0-0 genomicbackground,4921,6,4921_6
query_4922,0,genomicbackground,0,genomicbackground,0.003865618724375963,4922_6_RF00168_6_NC_000913.3_4233124-4233721_ext_380-580_int_120_off_70_percentage_0_position_0-0 genomicbackground,4922,6,4922_6
query_4923,0,genomicbackground,0,genomicbackground,0.0048842052929103374,4923_6_RF00168_6_NC_000913.3_4233124-4233721_ext_380-580_int_120_off_75_percentage_0_position_0-0 genomicbackground,4923,6,4923_6
query_4924,0,genomicbackground,0,genomicbackground,0.003404723946005106,4924_6_RF00168_6_NC_000913.3_4233124-4233721_ext_380-580_int_120_off_80_percentage_0_position_0-0 genomicbackground,4924,6,4924_6
query_4925,0,genomicbackground,0,genomicbackground,0.0710202232003212,4925_6_RF00168_6_NC_000913.3_4233124-4233721_ext_380-580_int_125_off_0_percentage_9_position_1-17 genomicbackground,4925,6,4925_6
query_4926,0,genomicbackground,1,riboswitch,0.9709837436676025,4926_6_RF00168_6_NC_000913.3_4233124-4233721_ext_380-580_int_125_off_5_percentage_6_position_1-12 genomicbackground,4926,6,4926_6
query_4927,0,genomicbackground,1,riboswitch,0.974112868309021,4927_6_RF00168_6_NC_000913.3_4233124-4233721_ext_380-580_int_125_off_10_percentage_4_position_1-7 genomicbackground,4927,6,4927_6
query_4928,0,genomicbackground,1,riboswitch,0.9319962859153748,4928_6_RF00168_6_NC_000913.3_4233124-4233721_ext_380-580_int_125_off_15_percentage_1_position_1-2 genomicbackground,4928,6,4928_6
query_4929,0,genomicbackground,0,genomicbackground,0.3453192114830017,4929_6_RF00168_6_NC_000913.3_4233124-4233721_ext_380-580_int_125_off_20_percentage_0_position_0-0 genomicbackground,4929,6,4929_6
query_4930,0,genomicbackground,0,genomicbackground,0.16679130494594574,4930_6_RF00168_6_NC_000913.3_4233124-4233721_ext_380-580_int_125_off_25_percentage_0_position_0-0 genomicbackground,4930,6,4930_6
query_4931,0,genomicbackground,0,genomicbackground,0.39586931467056274,4931_6_RF00168_6_NC_000913.3_4233124-4233721_ext_380-580_int_125_off_30_percentage_0_position_0-0 genomicbackground,4931,6,4931_6
query_4932,0,genomicbackground,1,riboswitch,0.5368497371673584,4932_6_RF00168_6_NC_000913.3_4233124-4233721_ext_380-580_int_125_off_35_percentage_0_position_0-0 genomicbackground,4932,6,4932_6
query_4933,0,genomicbackground,0,genomicbackground,0.06361863017082214,4933_6_RF00168_6_NC_000913.3_4233124-4233721_ext_380-580_int_125_off_40_percentage_0_position_0-0 genomicbackground,4933,6,4933_6
query_4934,0,genomicbackground,0,genomicbackground,0.06727434694766998,4934_6_RF00168_6_NC_000913.3_4233124-4233721_ext_380-580_int_125_off_45_percentage_0_position_0-0 genomicbackground,4934,6,4934_6
query_4935,0,genomicbackground,0,genomicbackground,0.05248728394508362,4935_6_RF00168_6_NC_000913.3_4233124-4233721_ext_380-580_int_125_off_50_percentage_0_position_0-0 genomicbackground,4935,6,4935_6
query_4936,0,genomicbackground,0,genomicbackground,0.030428854748606682,4936_6_RF00168_6_NC_000913.3_4233124-4233721_ext_380-580_int_125_off_55_percentage_0_position_0-0 genomicbackground,4936,6,4936_6
query_4937,0,genomicbackground,0,genomicbackground,0.004737449809908867,4937_6_RF00168_6_NC_000913.3_4233124-4233721_ext_380-580_int_125_off_60_percentage_0_position_0-0 genomicbackground,4937,6,4937_6
query_4938,0,genomicbackground,0,genomicbackground,0.004043984692543745,4938_6_RF00168_6_NC_000913.3_4233124-4233721_ext_380-580_int_125_off_65_percentage_0_position_0-0 genomicbackground,4938,6,4938_6
query_4939,0,genomicbackground,0,genomicbackground,0.004808152560144663,4939_6_RF00168_6_NC_000913.3_4233124-4233721_ext_380-580_int_125_off_70_percentage_0_position_0-0 genomicbackground,4939,6,4939_6
query_4940,0,genomicbackground,0,genomicbackground,0.004820905160158873,4940_6_RF00168_6_NC_000913.3_4233124-4233721_ext_380-580_int_125_off_75_percentage_0_position_0-0 genomicbackground,4940,6,4940_6
query_4941,0,genomicbackground,0,genomicbackground,0.07624571025371552,4941_6_RF00168_6_NC_000913.3_4233124-4233721_ext_380-580_int_130_off_0_percentage_9_position_1-17 genomicbackground,4941,6,4941_6
query_4942,0,genomicbackground,1,riboswitch,0.9471582174301147,4942_6_RF00168_6_NC_000913.3_4233124-4233721_ext_380-580_int_130_off_5_percentage_6_position_1-12 genomicbackground,4942,6,4942_6
query_4943,0,genomicbackground,1,riboswitch,0.9691447615623474,4943_6_RF00168_6_NC_000913.3_4233124-4233721_ext_380-580_int_130_off_10_percentage_4_position_1-7 genomicbackground,4943,6,4943_6
query_4944,0,genomicbackground,0,genomicbackground,0.038770850747823715,4944_6_RF00168_6_NC_000913.3_4233124-4233721_ext_380-580_int_130_off_15_percentage_1_position_1-2 genomicbackground,4944,6,4944_6
query_4945,0,genomicbackground,1,riboswitch,0.9745948910713196,4945_6_RF00168_6_NC_000913.3_4233124-4233721_ext_380-580_int_130_off_20_percentage_0_position_0-0 genomicbackground,4945,6,4945_6
query_4946,0,genomicbackground,0,genomicbackground,0.09287269413471222,4946_6_RF00168_6_NC_000913.3_4233124-4233721_ext_380-580_int_130_off_25_percentage_0_position_0-0 genomicbackground,4946,6,4946_6
query_4947,0,genomicbackground,1,riboswitch,0.6991419792175293,4947_6_RF00168_6_NC_000913.3_4233124-4233721_ext_380-580_int_130_off_30_percentage_0_position_0-0 genomicbackground,4947,6,4947_6
query_4948,0,genomicbackground,0,genomicbackground,0.06501255929470062,4948_6_RF00168_6_NC_000913.3_4233124-4233721_ext_380-580_int_130_off_35_percentage_0_position_0-0 genomicbackground,4948,6,4948_6
query_4949,0,genomicbackground,0,genomicbackground,0.04116734489798546,4949_6_RF00168_6_NC_000913.3_4233124-4233721_ext_380-580_int_130_off_40_percentage_0_position_0-0 genomicbackground,4949,6,4949_6
query_4950,0,genomicbackground,0,genomicbackground,0.04017135873436928,4950_6_RF00168_6_NC_000913.3_4233124-4233721_ext_380-580_int_130_off_45_percentage_0_position_0-0 genomicbackground,4950,6,4950_6
query_4951,0,genomicbackground,0,genomicbackground,0.028564417734742165,4951_6_RF00168_6_NC_000913.3_4233124-4233721_ext_380-580_int_130_off_50_percentage_0_position_0-0 genomicbackground,4951,6,4951_6
query_4952,0,genomicbackground,0,genomicbackground,0.004498688969761133,4952_6_RF00168_6_NC_000913.3_4233124-4233721_ext_380-580_int_130_off_55_percentage_0_position_0-0 genomicbackground,4952,6,4952_6
query_4953,0,genomicbackground,0,genomicbackground,0.004027892369776964,4953_6_RF00168_6_NC_000913.3_4233124-4233721_ext_380-580_int_130_off_60_percentage_0_position_0-0 genomicbackground,4953,6,4953_6
query_4954,0,genomicbackground,0,genomicbackground,0.004056897945702076,4954_6_RF00168_6_NC_000913.3_4233124-4233721_ext_380-580_int_130_off_65_percentage_0_position_0-0 genomicbackground,4954,6,4954_6
query_4955,0,genomicbackground,0,genomicbackground,0.005187060683965683,4955_6_RF00168_6_NC_000913.3_4233124-4233721_ext_380-580_int_130_off_70_percentage_0_position_0-0 genomicbackground,4955,6,4955_6
query_4956,0,genomicbackground,0,genomicbackground,0.10855021327733994,4956_6_RF00168_6_NC_000913.3_4233124-4233721_ext_380-580_int_135_off_0_percentage_9_position_1-17 genomicbackground,4956,6,4956_6
query_4957,0,genomicbackground,0,genomicbackground,0.45706161856651306,4957_6_RF00168_6_NC_000913.3_4233124-4233721_ext_380-580_int_135_off_5_percentage_6_position_1-12 genomicbackground,4957,6,4957_6
query_4958,0,genomicbackground,1,riboswitch,0.6929525136947632,4958_6_RF00168_6_NC_000913.3_4233124-4233721_ext_380-580_int_135_off_10_percentage_4_position_1-7 genomicbackground,4958,6,4958_6
query_4959,0,genomicbackground,1,riboswitch,0.9330844283103943,4959_6_RF00168_6_NC_000913.3_4233124-4233721_ext_380-580_int_135_off_15_percentage_1_position_1-2 genomicbackground,4959,6,4959_6
query_4960,0,genomicbackground,0,genomicbackground,0.23573894798755646,4960_6_RF00168_6_NC_000913.3_4233124-4233721_ext_380-580_int_135_off_20_percentage_0_position_0-0 genomicbackground,4960,6,4960_6
query_4961,0,genomicbackground,0,genomicbackground,0.38430845737457275,4961_6_RF00168_6_NC_000913.3_4233124-4233721_ext_380-580_int_135_off_25_percentage_0_position_0-0 genomicbackground,4961,6,4961_6
query_4962,0,genomicbackground,0,genomicbackground,0.03444621339440346,4962_6_RF00168_6_NC_000913.3_4233124-4233721_ext_380-580_int_135_off_30_percentage_0_position_0-0 genomicbackground,4962,6,4962_6
query_4963,0,genomicbackground,0,genomicbackground,0.04214053601026535,4963_6_RF00168_6_NC_000913.3_4233124-4233721_ext_380-580_int_135_off_35_percentage_0_position_0-0 genomicbackground,4963,6,4963_6
query_4964,0,genomicbackground,0,genomicbackground,0.0586092472076416,4964_6_RF00168_6_NC_000913.3_4233124-4233721_ext_380-580_int_135_off_40_percentage_0_position_0-0 genomicbackground,4964,6,4964_6
query_4965,0,genomicbackground,0,genomicbackground,0.025023190304636955,4965_6_RF00168_6_NC_000913.3_4233124-4233721_ext_380-580_int_135_off_45_percentage_0_position_0-0 genomicbackground,4965,6,4965_6
query_4966,0,genomicbackground,0,genomicbackground,0.0046495781280100346,4966_6_RF00168_6_NC_000913.3_4233124-4233721_ext_380-580_int_135_off_50_percentage_0_position_0-0 genomicbackground,4966,6,4966_6
query_4967,0,genomicbackground,0,genomicbackground,0.0039020241238176823,4967_6_RF00168_6_NC_000913.3_4233124-4233721_ext_380-580_int_135_off_55_percentage_0_position_0-0 genomicbackground,4967,6,4967_6
query_4968,0,genomicbackground,0,genomicbackground,0.02716117911040783,4968_6_RF00168_6_NC_000913.3_4233124-4233721_ext_380-580_int_135_off_60_percentage_0_position_0-0 genomicbackground,4968,6,4968_6
query_4969,0,genomicbackground,0,genomicbackground,0.004368392750620842,4969_6_RF00168_6_NC_000913.3_4233124-4233721_ext_380-580_int_135_off_65_percentage_0_position_0-0 genomicbackground,4969,6,4969_6
query_4970,0,genomicbackground,0,genomicbackground,0.08720408380031586,4970_6_RF00168_6_NC_000913.3_4233124-4233721_ext_380-580_int_140_off_0_percentage_9_position_1-17 genomicbackground,4970,6,4970_6
query_4971,0,genomicbackground,0,genomicbackground,0.11476870626211166,4971_6_RF00168_6_NC_000913.3_4233124-4233721_ext_380-580_int_140_off_5_percentage_6_position_1-12 genomicbackground,4971,6,4971_6
query_4972,0,genomicbackground,1,riboswitch,0.5346804857254028,4972_6_RF00168_6_NC_000913.3_4233124-4233721_ext_380-580_int_140_off_10_percentage_4_position_1-7 genomicbackground,4972,6,4972_6
query_4973,0,genomicbackground,0,genomicbackground,0.07682372629642487,4973_6_RF00168_6_NC_000913.3_4233124-4233721_ext_380-580_int_140_off_15_percentage_1_position_1-2 genomicbackground,4973,6,4973_6
query_4974,0,genomicbackground,0,genomicbackground,0.05774441361427307,4974_6_RF00168_6_NC_000913.3_4233124-4233721_ext_380-580_int_140_off_20_percentage_0_position_0-0 genomicbackground,4974,6,4974_6
query_4975,0,genomicbackground,1,riboswitch,0.9701291918754578,4975_6_RF00168_6_NC_000913.3_4233124-4233721_ext_380-580_int_140_off_25_percentage_0_position_0-0 genomicbackground,4975,6,4975_6
query_4976,0,genomicbackground,0,genomicbackground,0.023233333602547646,4976_6_RF00168_6_NC_000913.3_4233124-4233721_ext_380-580_int_140_off_30_percentage_0_position_0-0 genomicbackground,4976,6,4976_6
query_4977,0,genomicbackground,0,genomicbackground,0.02895367331802845,4977_6_RF00168_6_NC_000913.3_4233124-4233721_ext_380-580_int_140_off_35_percentage_0_position_0-0 genomicbackground,4977,6,4977_6
query_4978,0,genomicbackground,0,genomicbackground,0.10865668207406998,4978_6_RF00168_6_NC_000913.3_4233124-4233721_ext_380-580_int_140_off_40_percentage_0_position_0-0 genomicbackground,4978,6,4978_6
query_4979,0,genomicbackground,0,genomicbackground,0.004508885554969311,4979_6_RF00168_6_NC_000913.3_4233124-4233721_ext_380-580_int_140_off_45_percentage_0_position_0-0 genomicbackground,4979,6,4979_6
query_4980,0,genomicbackground,0,genomicbackground,0.045889612287282944,4980_6_RF00168_6_NC_000913.3_4233124-4233721_ext_380-580_int_140_off_50_percentage_0_position_0-0 genomicbackground,4980,6,4980_6
query_4981,0,genomicbackground,0,genomicbackground,0.022647185251116753,4981_6_RF00168_6_NC_000913.3_4233124-4233721_ext_380-580_int_140_off_55_percentage_0_position_0-0 genomicbackground,4981,6,4981_6
query_4982,0,genomicbackground,0,genomicbackground,0.03942492976784706,4982_6_RF00168_6_NC_000913.3_4233124-4233721_ext_380-580_int_140_off_60_percentage_0_position_0-0 genomicbackground,4982,6,4982_6
query_4983,0,genomicbackground,0,genomicbackground,0.036627817898988724,4983_6_RF00168_6_NC_000913.3_4233124-4233721_ext_380-580_int_145_off_0_percentage_9_position_1-17 genomicbackground,4983,6,4983_6
query_4984,0,genomicbackground,0,genomicbackground,0.06819400936365128,4984_6_RF00168_6_NC_000913.3_4233124-4233721_ext_380-580_int_145_off_5_percentage_6_position_1-12 genomicbackground,4984,6,4984_6
query_4985,0,genomicbackground,1,riboswitch,0.5105593800544739,4985_6_RF00168_6_NC_000913.3_4233124-4233721_ext_380-580_int_145_off_10_percentage_4_position_1-7 genomicbackground,4985,6,4985_6
query_4986,0,genomicbackground,0,genomicbackground,0.08238259702920914,4986_6_RF00168_6_NC_000913.3_4233124-4233721_ext_380-580_int_145_off_15_percentage_1_position_1-2 genomicbackground,4986,6,4986_6
query_4987,0,genomicbackground,0,genomicbackground,0.025837868452072144,4987_6_RF00168_6_NC_000913.3_4233124-4233721_ext_380-580_int_145_off_20_percentage_0_position_0-0 genomicbackground,4987,6,4987_6
query_4988,0,genomicbackground,1,riboswitch,0.928587019443512,4988_6_RF00168_6_NC_000913.3_4233124-4233721_ext_380-580_int_145_off_25_percentage_0_position_0-0 genomicbackground,4988,6,4988_6
query_4989,0,genomicbackground,0,genomicbackground,0.02163967862725258,4989_6_RF00168_6_NC_000913.3_4233124-4233721_ext_380-580_int_145_off_30_percentage_0_position_0-0 genomicbackground,4989,6,4989_6
query_4990,0,genomicbackground,0,genomicbackground,0.03029736317694187,4990_6_RF00168_6_NC_000913.3_4233124-4233721_ext_380-580_int_145_off_35_percentage_0_position_0-0 genomicbackground,4990,6,4990_6
query_4991,0,genomicbackground,0,genomicbackground,0.24122931063175201,4991_6_RF00168_6_NC_000913.3_4233124-4233721_ext_380-580_int_145_off_40_percentage_0_position_0-0 genomicbackground,4991,6,4991_6
query_4992,0,genomicbackground,0,genomicbackground,0.03798482194542885,4992_6_RF00168_6_NC_000913.3_4233124-4233721_ext_380-580_int_145_off_45_percentage_0_position_0-0 genomicbackground,4992,6,4992_6
query_4993,0,genomicbackground,0,genomicbackground,0.03137372061610222,4993_6_RF00168_6_NC_000913.3_4233124-4233721_ext_380-580_int_145_off_50_percentage_0_position_0-0 genomicbackground,4993,6,4993_6
query_4994,0,genomicbackground,0,genomicbackground,0.034756194800138474,4994_6_RF00168_6_NC_000913.3_4233124-4233721_ext_380-580_int_145_off_55_percentage_0_position_0-0 genomicbackground,4994,6,4994_6
query_4995,0,genomicbackground,0,genomicbackground,0.035120889544487,4995_6_RF00168_6_NC_000913.3_4233124-4233721_ext_380-580_int_150_off_0_percentage_9_position_1-17 genomicbackground,4995,6,4995_6
query_4996,0,genomicbackground,0,genomicbackground,0.10078106075525284,4996_6_RF00168_6_NC_000913.3_4233124-4233721_ext_380-580_int_150_off_5_percentage_6_position_1-12 genomicbackground,4996,6,4996_6
query_4997,0,genomicbackground,0,genomicbackground,0.18348658084869385,4997_6_RF00168_6_NC_000913.3_4233124-4233721_ext_380-580_int_150_off_10_percentage_4_position_1-7 genomicbackground,4997,6,4997_6
query_4998,0,genomicbackground,0,genomicbackground,0.054494962096214294,4998_6_RF00168_6_NC_000913.3_4233124-4233721_ext_380-580_int_150_off_15_percentage_1_position_1-2 genomicbackground,4998,6,4998_6
query_4999,0,genomicbackground,0,genomicbackground,0.019491128623485565,4999_6_RF00168_6_NC_000913.3_4233124-4233721_ext_380-580_int_150_off_20_percentage_0_position_0-0 genomicbackground,4999,6,4999_6
query_5000,0,genomicbackground,0,genomicbackground,0.020326949656009674,5000_6_RF00168_6_NC_000913.3_4233124-4233721_ext_380-580_int_150_off_25_percentage_0_position_0-0 genomicbackground,5000,6,5000_6
query_5001,0,genomicbackground,0,genomicbackground,0.01740540750324726,5001_6_RF00168_6_NC_000913.3_4233124-4233721_ext_380-580_int_150_off_30_percentage_0_position_0-0 genomicbackground,5001,6,5001_6
query_5002,0,genomicbackground,0,genomicbackground,0.03327823802828789,5002_6_RF00168_6_NC_000913.3_4233124-4233721_ext_380-580_int_150_off_35_percentage_0_position_0-0 genomicbackground,5002,6,5002_6
query_5003,0,genomicbackground,0,genomicbackground,0.048285432159900665,5003_6_RF00168_6_NC_000913.3_4233124-4233721_ext_380-580_int_150_off_40_percentage_0_position_0-0 genomicbackground,5003,6,5003_6
query_5004,0,genomicbackground,0,genomicbackground,0.02211807481944561,5004_6_RF00168_6_NC_000913.3_4233124-4233721_ext_380-580_int_150_off_45_percentage_0_position_0-0 genomicbackground,5004,6,5004_6
query_5005,0,genomicbackground,0,genomicbackground,0.04645232483744621,5005_6_RF00168_6_NC_000913.3_4233124-4233721_ext_380-580_int_150_off_50_percentage_0_position_0-0 genomicbackground,5005,6,5005_6
query_5006,0,genomicbackground,0,genomicbackground,0.057581815868616104,5006_6_RF00168_6_NC_000913.3_4233124-4233721_ext_380-580_int_155_off_0_percentage_9_position_1-17 genomicbackground,5006,6,5006_6
query_5007,0,genomicbackground,0,genomicbackground,0.048528384417295456,5007_6_RF00168_6_NC_000913.3_4233124-4233721_ext_380-580_int_155_off_5_percentage_6_position_1-12 genomicbackground,5007,6,5007_6
query_5008,0,genomicbackground,0,genomicbackground,0.0700153261423111,5008_6_RF00168_6_NC_000913.3_4233124-4233721_ext_380-580_int_155_off_10_percentage_4_position_1-7 genomicbackground,5008,6,5008_6
query_5009,0,genomicbackground,0,genomicbackground,0.037409938871860504,5009_6_RF00168_6_NC_000913.3_4233124-4233721_ext_380-580_int_155_off_15_percentage_1_position_1-2 genomicbackground,5009,6,5009_6
query_5010,0,genomicbackground,0,genomicbackground,0.04640465974807739,5010_6_RF00168_6_NC_000913.3_4233124-4233721_ext_380-580_int_155_off_20_percentage_0_position_0-0 genomicbackground,5010,6,5010_6
query_5011,0,genomicbackground,0,genomicbackground,0.013688180595636368,5011_6_RF00168_6_NC_000913.3_4233124-4233721_ext_380-580_int_155_off_25_percentage_0_position_0-0 genomicbackground,5011,6,5011_6
query_5012,0,genomicbackground,0,genomicbackground,0.026536235585808754,5012_6_RF00168_6_NC_000913.3_4233124-4233721_ext_380-580_int_155_off_30_percentage_0_position_0-0 genomicbackground,5012,6,5012_6
query_5013,0,genomicbackground,0,genomicbackground,0.025329934433102608,5013_6_RF00168_6_NC_000913.3_4233124-4233721_ext_380-580_int_155_off_35_percentage_0_position_0-0 genomicbackground,5013,6,5013_6
query_5014,0,genomicbackground,0,genomicbackground,0.027749432250857353,5014_6_RF00168_6_NC_000913.3_4233124-4233721_ext_380-580_int_155_off_40_percentage_0_position_0-0 genomicbackground,5014,6,5014_6
query_5015,0,genomicbackground,0,genomicbackground,0.01932952180504799,5015_6_RF00168_6_NC_000913.3_4233124-4233721_ext_380-580_int_155_off_45_percentage_0_position_0-0 genomicbackground,5015,6,5015_6
query_5016,0,genomicbackground,0,genomicbackground,0.0334446057677269,5016_6_RF00168_6_NC_000913.3_4233124-4233721_ext_380-580_int_160_off_0_percentage_9_position_1-17 genomicbackground,5016,6,5016_6
query_5017,0,genomicbackground,0,genomicbackground,0.039977651089429855,5017_6_RF00168_6_NC_000913.3_4233124-4233721_ext_380-580_int_160_off_5_percentage_6_position_1-12 genomicbackground,5017,6,5017_6
query_5018,0,genomicbackground,0,genomicbackground,0.04943104460835457,5018_6_RF00168_6_NC_000913.3_4233124-4233721_ext_380-580_int_160_off_10_percentage_4_position_1-7 genomicbackground,5018,6,5018_6
query_5019,0,genomicbackground,0,genomicbackground,0.03790711611509323,5019_6_RF00168_6_NC_000913.3_4233124-4233721_ext_380-580_int_160_off_15_percentage_1_position_1-2 genomicbackground,5019,6,5019_6
query_5020,0,genomicbackground,0,genomicbackground,0.01951272040605545,5020_6_RF00168_6_NC_000913.3_4233124-4233721_ext_380-580_int_160_off_20_percentage_0_position_0-0 genomicbackground,5020,6,5020_6
query_5021,0,genomicbackground,0,genomicbackground,0.01874127984046936,5021_6_RF00168_6_NC_000913.3_4233124-4233721_ext_380-580_int_160_off_25_percentage_0_position_0-0 genomicbackground,5021,6,5021_6
query_5022,0,genomicbackground,0,genomicbackground,0.021287715062499046,5022_6_RF00168_6_NC_000913.3_4233124-4233721_ext_380-580_int_160_off_30_percentage_0_position_0-0 genomicbackground,5022,6,5022_6
query_5023,0,genomicbackground,0,genomicbackground,0.025008201599121094,5023_6_RF00168_6_NC_000913.3_4233124-4233721_ext_380-580_int_160_off_35_percentage_0_position_0-0 genomicbackground,5023,6,5023_6
query_5024,0,genomicbackground,0,genomicbackground,0.044540729373693466,5024_6_RF00168_6_NC_000913.3_4233124-4233721_ext_380-580_int_160_off_40_percentage_0_position_0-0 genomicbackground,5024,6,5024_6
query_5025,0,genomicbackground,0,genomicbackground,0.031055105850100517,5025_6_RF00168_6_NC_000913.3_4233124-4233721_ext_380-580_int_165_off_0_percentage_9_position_1-17 genomicbackground,5025,6,5025_6
query_5026,0,genomicbackground,0,genomicbackground,0.029646897688508034,5026_6_RF00168_6_NC_000913.3_4233124-4233721_ext_380-580_int_165_off_5_percentage_6_position_1-12 genomicbackground,5026,6,5026_6
query_5027,0,genomicbackground,0,genomicbackground,0.038178250193595886,5027_6_RF00168_6_NC_000913.3_4233124-4233721_ext_380-580_int_165_off_10_percentage_4_position_1-7 genomicbackground,5027,6,5027_6
query_5028,0,genomicbackground,0,genomicbackground,0.019287414848804474,5028_6_RF00168_6_NC_000913.3_4233124-4233721_ext_380-580_int_165_off_15_percentage_1_position_1-2 genomicbackground,5028,6,5028_6
query_5029,0,genomicbackground,0,genomicbackground,0.02553211897611618,5029_6_RF00168_6_NC_000913.3_4233124-4233721_ext_380-580_int_165_off_20_percentage_0_position_0-0 genomicbackground,5029,6,5029_6
query_5030,0,genomicbackground,0,genomicbackground,0.020681563764810562,5030_6_RF00168_6_NC_000913.3_4233124-4233721_ext_380-580_int_165_off_25_percentage_0_position_0-0 genomicbackground,5030,6,5030_6
query_5031,0,genomicbackground,0,genomicbackground,0.021264417096972466,5031_6_RF00168_6_NC_000913.3_4233124-4233721_ext_380-580_int_165_off_30_percentage_0_position_0-0 genomicbackground,5031,6,5031_6
query_5032,0,genomicbackground,0,genomicbackground,0.03955472633242607,5032_6_RF00168_6_NC_000913.3_4233124-4233721_ext_380-580_int_165_off_35_percentage_0_position_0-0 genomicbackground,5032,6,5032_6
query_5033,0,genomicbackground,0,genomicbackground,0.023988688364624977,5033_6_RF00168_6_NC_000913.3_4233124-4233721_ext_380-580_int_170_off_0_percentage_9_position_1-17 genomicbackground,5033,6,5033_6
query_5034,0,genomicbackground,0,genomicbackground,0.0249046478420496,5034_6_RF00168_6_NC_000913.3_4233124-4233721_ext_380-580_int_170_off_5_percentage_6_position_1-12 genomicbackground,5034,6,5034_6
query_5035,0,genomicbackground,0,genomicbackground,0.07688263803720474,5035_6_RF00168_6_NC_000913.3_4233124-4233721_ext_380-580_int_170_off_10_percentage_4_position_1-7 genomicbackground,5035,6,5035_6
query_5036,0,genomicbackground,0,genomicbackground,0.024552417919039726,5036_6_RF00168_6_NC_000913.3_4233124-4233721_ext_380-580_int_170_off_15_percentage_1_position_1-2 genomicbackground,5036,6,5036_6
query_5037,0,genomicbackground,0,genomicbackground,0.03509937599301338,5037_6_RF00168_6_NC_000913.3_4233124-4233721_ext_380-580_int_170_off_20_percentage_0_position_0-0 genomicbackground,5037,6,5037_6
query_5038,0,genomicbackground,0,genomicbackground,0.01631259173154831,5038_6_RF00168_6_NC_000913.3_4233124-4233721_ext_380-580_int_170_off_25_percentage_0_position_0-0 genomicbackground,5038,6,5038_6
query_5039,0,genomicbackground,0,genomicbackground,0.0352652408182621,5039_6_RF00168_6_NC_000913.3_4233124-4233721_ext_380-580_int_170_off_30_percentage_0_position_0-0 genomicbackground,5039,6,5039_6
query_5040,0,genomicbackground,0,genomicbackground,0.03269572928547859,5040_6_RF00168_6_NC_000913.3_4233124-4233721_ext_380-580_int_175_off_0_percentage_9_position_1-17 genomicbackground,5040,6,5040_6
query_5041,0,genomicbackground,0,genomicbackground,0.03330066055059433,5041_6_RF00168_6_NC_000913.3_4233124-4233721_ext_380-580_int_175_off_5_percentage_6_position_1-12 genomicbackground,5041,6,5041_6
query_5042,0,genomicbackground,0,genomicbackground,0.016154317185282707,5042_6_RF00168_6_NC_000913.3_4233124-4233721_ext_380-580_int_175_off_10_percentage_4_position_1-7 genomicbackground,5042,6,5042_6
query_5043,0,genomicbackground,0,genomicbackground,0.027860691770911217,5043_6_RF00168_6_NC_000913.3_4233124-4233721_ext_380-580_int_175_off_15_percentage_1_position_1-2 genomicbackground,5043,6,5043_6
query_5044,0,genomicbackground,0,genomicbackground,0.024547120556235313,5044_6_RF00168_6_NC_000913.3_4233124-4233721_ext_380-580_int_175_off_20_percentage_0_position_0-0 genomicbackground,5044,6,5044_6
query_5045,0,genomicbackground,0,genomicbackground,0.02422315999865532,5045_6_RF00168_6_NC_000913.3_4233124-4233721_ext_380-580_int_175_off_25_percentage_0_position_0-0 genomicbackground,5045,6,5045_6
query_5046,0,genomicbackground,0,genomicbackground,0.020350715145468712,5046_6_RF00168_6_NC_000913.3_4233124-4233721_ext_380-580_int_180_off_0_percentage_9_position_1-17 genomicbackground,5046,6,5046_6
query_5047,0,genomicbackground,0,genomicbackground,0.00849381648004055,5047_6_RF00168_6_NC_000913.3_4233124-4233721_ext_380-580_int_180_off_5_percentage_6_position_1-12 genomicbackground,5047,6,5047_6
query_5048,0,genomicbackground,0,genomicbackground,0.03388625383377075,5048_6_RF00168_6_NC_000913.3_4233124-4233721_ext_380-580_int_180_off_10_percentage_4_position_1-7 genomicbackground,5048,6,5048_6
query_5049,0,genomicbackground,0,genomicbackground,0.021290278062224388,5049_6_RF00168_6_NC_000913.3_4233124-4233721_ext_380-580_int_180_off_15_percentage_1_position_1-2 genomicbackground,5049,6,5049_6
query_5050,0,genomicbackground,0,genomicbackground,0.018583280965685844,5050_6_RF00168_6_NC_000913.3_4233124-4233721_ext_380-580_int_180_off_20_percentage_0_position_0-0 genomicbackground,5050,6,5050_6
query_5051,0,genomicbackground,0,genomicbackground,0.006882045418024063,5051_6_RF00168_6_NC_000913.3_4233124-4233721_ext_380-580_int_185_off_0_percentage_9_position_1-17 genomicbackground,5051,6,5051_6
query_5052,0,genomicbackground,0,genomicbackground,0.023529114201664925,5052_6_RF00168_6_NC_000913.3_4233124-4233721_ext_380-580_int_185_off_5_percentage_6_position_1-12 genomicbackground,5052,6,5052_6
query_5053,0,genomicbackground,0,genomicbackground,0.021878229454159737,5053_6_RF00168_6_NC_000913.3_4233124-4233721_ext_380-580_int_185_off_10_percentage_4_position_1-7 genomicbackground,5053,6,5053_6
query_5054,0,genomicbackground,0,genomicbackground,0.02886117435991764,5054_6_RF00168_6_NC_000913.3_4233124-4233721_ext_380-580_int_185_off_15_percentage_1_position_1-2 genomicbackground,5054,6,5054_6
query_5055,0,genomicbackground,0,genomicbackground,0.005836217198520899,5055_6_RF00168_6_NC_000913.3_4233124-4233721_ext_380-580_int_190_off_0_percentage_9_position_1-17 genomicbackground,5055,6,5055_6
query_5056,0,genomicbackground,0,genomicbackground,0.016237592324614525,5056_6_RF00168_6_NC_000913.3_4233124-4233721_ext_380-580_int_190_off_5_percentage_6_position_1-12 genomicbackground,5056,6,5056_6
query_5057,0,genomicbackground,0,genomicbackground,0.021424349397420883,5057_6_RF00168_6_NC_000913.3_4233124-4233721_ext_380-580_int_190_off_10_percentage_4_position_1-7 genomicbackground,5057,6,5057_6
query_5058,0,genomicbackground,0,genomicbackground,0.02290131337940693,5058_6_RF00168_6_NC_000913.3_4233124-4233721_ext_380-580_int_195_off_0_percentage_9_position_1-17 genomicbackground,5058,6,5058_6
query_5059,0,genomicbackground,0,genomicbackground,0.015558570623397827,5059_6_RF00168_6_NC_000913.3_4233124-4233721_ext_380-580_int_195_off_5_percentage_6_position_1-12 genomicbackground,5059,6,5059_6
query_5060,0,genomicbackground,0,genomicbackground,0.026199448853731155,5060_6_RF00168_6_NC_000913.3_4233124-4233721_ext_380-580_int_200_off_0_percentage_9_position_1-17 genomicbackground,5060,6,5060_6
