qseqid,y_true_idx,y_true_name,y_pred_idx,y_pred_name,p_riboswitch,qseqid_full,id_global,group_id,qid_short
query_1,0,genomicbackground,0,genomicbackground,0.009090786799788475,1_2_RF01056_2_NC_000913.3_4467215-4467731_ext_0-200_int_95_off_0_percentage_0_position_0-0 genomicbackground,1,2,1_2
query_2,0,genomicbackground,0,genomicbackground,0.0035686814226210117,2_2_RF01056_2_NC_000913.3_4467215-4467731_ext_0-200_int_95_off_5_percentage_0_position_0-0 genomicbackground,2,2,2_2
query_3,0,genomicbackground,0,genomicbackground,0.0036754135508090258,3_2_RF01056_2_NC_000913.3_4467215-4467731_ext_0-200_int_95_off_10_percentage_0_position_0-0 genomicbackground,3,2,3_2
query_4,0,genomicbackground,0,genomicbackground,0.20501694083213806,4_2_RF01056_2_NC_000913.3_4467215-4467731_ext_0-200_int_95_off_15_percentage_0_position_0-0 genomicbackground,4,2,4_2
query_5,0,genomicbackground,0,genomicbackground,0.017634516581892967,5_2_RF01056_2_NC_000913.3_4467215-4467731_ext_0-200_int_95_off_20_percentage_0_position_0-0 genomicbackground,5,2,5_2
query_6,0,genomicbackground,0,genomicbackground,0.11880342662334442,6_2_RF01056_2_NC_000913.3_4467215-4467731_ext_0-200_int_95_off_25_percentage_0_position_0-0 genomicbackground,6,2,6_2
query_7,0,genomicbackground,0,genomicbackground,0.0677889734506607,7_2_RF01056_2_NC_000913.3_4467215-4467731_ext_0-200_int_95_off_30_percentage_0_position_0-0 genomicbackground,7,2,7_2
query_8,0,genomicbackground,0,genomicbackground,0.03717802092432976,8_2_RF01056_2_NC_000913.3_4467215-4467731_ext_0-200_int_95_off_35_percentage_0_position_0-0 genomicbackground,8,2,8_2
query_9,0,genomicbackground,0,genomicbackground,0.09380645304918289,9_2_RF01056_2_NC_000913.3_4467215-4467731_ext_0-200_int_95_off_40_percentage_0_position_0-0 genomicbackground,9,2,9_2
query_10,0,genomicbackground,0,genomicbackground,0.03604717552661896,10_2_RF01056_2_NC_000913.3_4467215-4467731_ext_0-200_int_95_off_45_percentage_0_position_0-0 genomicbackground,10,2,10_2
query_11,0,genomicbackground,0,genomicbackground,0.009977090172469616,11_2_RF01056_2_NC_000913.3_4467215-4467731_ext_0-200_int_95_off_50_percentage_0_position_0-0 genomicbackground,11,2,11_2
query_12,0,genomicbackground,0,genomicbackground,0.010583036579191685,12_2_RF01056_2_NC_000913.3_4467215-4467731_ext_0-200_int_95_off_55_percentage_0_position_0-0 genomicbackground,12,2,12_2
query_13,0,genomicbackground,0,genomicbackground,0.01394124049693346,13_2_RF01056_2_NC_000913.3_4467215-4467731_ext_0-200_int_95_off_60_percentage_0_position_0-0 genomicbackground,13,2,13_2
query_14,0,genomicbackground,0,genomicbackground,0.33641377091407776,14_2_RF01056_2_NC_000913.3_4467215-4467731_ext_0-200_int_95_off_65_percentage_0_position_0-0 genomicbackground,14,2,14_2
query_15,0,genomicbackground,0,genomicbackground,0.016729360446333885,15_2_RF01056_2_NC_000913.3_4467215-4467731_ext_0-200_int_95_off_70_percentage_0_position_0-0 genomicbackground,15,2,15_2
query_16,0,genomicbackground,0,genomicbackground,0.009017917327582836,16_2_RF01056_2_NC_000913.3_4467215-4467731_ext_0-200_int_95_off_75_percentage_0_position_0-0 genomicbackground,16,2,16_2
query_17,0,genomicbackground,0,genomicbackground,0.002079116413369775,17_2_RF01056_2_NC_000913.3_4467215-4467731_ext_0-200_int_95_off_80_percentage_0_position_0-0 genomicbackground,17,2,17_2
query_18,0,genomicbackground,0,genomicbackground,0.002390865236520767,18_2_RF01056_2_NC_000913.3_4467215-4467731_ext_0-200_int_95_off_85_percentage_0_position_0-0 genomicbackground,18,2,18_2
query_19,0,genomicbackground,0,genomicbackground,0.040263235569000244,19_2_RF01056_2_NC_000913.3_4467215-4467731_ext_0-200_int_95_off_90_percentage_0_position_0-0 genomicbackground,19,2,19_2
query_20,0,genomicbackground,0,genomicbackground,0.0003983525384683162,20_2_RF01056_2_NC_000913.3_4467215-4467731_ext_0-200_int_95_off_95_percentage_0_position_0-0 genomicbackground,20,2,20_2
query_21,0,genomicbackground,0,genomicbackground,0.00034624291583895683,21_2_RF01056_2_NC_000913.3_4467215-4467731_ext_0-200_int_95_off_100_percentage_0_position_0-0 genomicbackground,21,2,21_2
query_22,0,genomicbackground,0,genomicbackground,0.0002957227698061615,22_2_RF01056_2_NC_000913.3_4467215-4467731_ext_0-200_int_95_off_105_percentage_0_position_0-0 genomicbackground,22,2,22_2
query_23,0,genomicbackground,0,genomicbackground,0.0029935878701508045,23_2_RF01056_2_NC_000913.3_4467215-4467731_ext_0-200_int_100_off_0_percentage_0_position_0-0 genomicbackground,23,2,23_2
query_24,0,genomicbackground,0,genomicbackground,0.004175238311290741,24_2_RF01056_2_NC_000913.3_4467215-4467731_ext_0-200_int_100_off_5_percentage_0_position_0-0 genomicbackground,24,2,24_2
query_25,0,genomicbackground,0,genomicbackground,0.09683571010828018,25_2_RF01056_2_NC_000913.3_4467215-4467731_ext_0-200_int_100_off_10_percentage_0_position_0-0 genomicbackground,25,2,25_2
query_26,0,genomicbackground,0,genomicbackground,0.16140182316303253,26_2_RF01056_2_NC_000913.3_4467215-4467731_ext_0-200_int_100_off_15_percentage_0_position_0-0 genomicbackground,26,2,26_2
query_27,0,genomicbackground,0,genomicbackground,0.013920215889811516,27_2_RF01056_2_NC_000913.3_4467215-4467731_ext_0-200_int_100_off_20_percentage_0_position_0-0 genomicbackground,27,2,27_2
query_28,0,genomicbackground,0,genomicbackground,0.060652874410152435,28_2_RF01056_2_NC_000913.3_4467215-4467731_ext_0-200_int_100_off_25_percentage_0_position_0-0 genomicbackground,28,2,28_2
query_29,0,genomicbackground,0,genomicbackground,0.05151143670082092,29_2_RF01056_2_NC_000913.3_4467215-4467731_ext_0-200_int_100_off_30_percentage_0_position_0-0 genomicbackground,29,2,29_2
query_30,0,genomicbackground,0,genomicbackground,0.10269281268119812,30_2_RF01056_2_NC_000913.3_4467215-4467731_ext_0-200_int_100_off_35_percentage_0_position_0-0 genomicbackground,30,2,30_2
query_31,0,genomicbackground,0,genomicbackground,0.02935406193137169,31_2_RF01056_2_NC_000913.3_4467215-4467731_ext_0-200_int_100_off_40_percentage_0_position_0-0 genomicbackground,31,2,31_2
query_32,0,genomicbackground,0,genomicbackground,0.02457248605787754,32_2_RF01056_2_NC_000913.3_4467215-4467731_ext_0-200_int_100_off_45_percentage_0_position_0-0 genomicbackground,32,2,32_2
query_33,0,genomicbackground,0,genomicbackground,0.011813882738351822,33_2_RF01056_2_NC_000913.3_4467215-4467731_ext_0-200_int_100_off_50_percentage_0_position_0-0 genomicbackground,33,2,33_2
query_34,0,genomicbackground,0,genomicbackground,0.009719999507069588,34_2_RF01056_2_NC_000913.3_4467215-4467731_ext_0-200_int_100_off_55_percentage_0_position_0-0 genomicbackground,34,2,34_2
query_35,0,genomicbackground,0,genomicbackground,0.03311731293797493,35_2_RF01056_2_NC_000913.3_4467215-4467731_ext_0-200_int_100_off_60_percentage_0_position_0-0 genomicbackground,35,2,35_2
query_36,0,genomicbackground,0,genomicbackground,0.10364235192537308,36_2_RF01056_2_NC_000913.3_4467215-4467731_ext_0-200_int_100_off_65_percentage_0_position_0-0 genomicbackground,36,2,36_2
query_37,0,genomicbackground,0,genomicbackground,0.0035174377262592316,37_2_RF01056_2_NC_000913.3_4467215-4467731_ext_0-200_int_100_off_70_percentage_0_position_0-0 genomicbackground,37,2,37_2
query_38,0,genomicbackground,0,genomicbackground,0.014739727601408958,38_2_RF01056_2_NC_000913.3_4467215-4467731_ext_0-200_int_100_off_75_percentage_0_position_0-0 genomicbackground,38,2,38_2
query_39,0,genomicbackground,0,genomicbackground,0.02115587145090103,39_2_RF01056_2_NC_000913.3_4467215-4467731_ext_0-200_int_100_off_80_percentage_0_position_0-0 genomicbackground,39,2,39_2
query_40,0,genomicbackground,0,genomicbackground,0.013190492056310177,40_2_RF01056_2_NC_000913.3_4467215-4467731_ext_0-200_int_100_off_85_percentage_0_position_0-0 genomicbackground,40,2,40_2
query_41,0,genomicbackground,0,genomicbackground,0.00038753467379137874,41_2_RF01056_2_NC_000913.3_4467215-4467731_ext_0-200_int_100_off_90_percentage_0_position_0-0 genomicbackground,41,2,41_2
query_42,0,genomicbackground,0,genomicbackground,0.0003841349098365754,42_2_RF01056_2_NC_000913.3_4467215-4467731_ext_0-200_int_100_off_95_percentage_0_position_0-0 genomicbackground,42,2,42_2
query_43,0,genomicbackground,0,genomicbackground,0.0003150862758047879,43_2_RF01056_2_NC_000913.3_4467215-4467731_ext_0-200_int_100_off_100_percentage_0_position_0-0 genomicbackground,43,2,43_2
query_44,0,genomicbackground,0,genomicbackground,0.003004109486937523,44_2_RF01056_2_NC_000913.3_4467215-4467731_ext_0-200_int_105_off_0_percentage_0_position_0-0 genomicbackground,44,2,44_2
query_45,0,genomicbackground,0,genomicbackground,0.13487637042999268,45_2_RF01056_2_NC_000913.3_4467215-4467731_ext_0-200_int_105_off_5_percentage_0_position_0-0 genomicbackground,45,2,45_2
query_46,0,genomicbackground,0,genomicbackground,0.07057270407676697,46_2_RF01056_2_NC_000913.3_4467215-4467731_ext_0-200_int_105_off_10_percentage_0_position_0-0 genomicbackground,46,2,46_2
query_47,0,genomicbackground,0,genomicbackground,0.09608125686645508,47_2_RF01056_2_NC_000913.3_4467215-4467731_ext_0-200_int_105_off_15_percentage_0_position_0-0 genomicbackground,47,2,47_2
query_48,0,genomicbackground,0,genomicbackground,0.016964441165328026,48_2_RF01056_2_NC_000913.3_4467215-4467731_ext_0-200_int_105_off_20_percentage_0_position_0-0 genomicbackground,48,2,48_2
query_49,0,genomicbackground,0,genomicbackground,0.03394721820950508,49_2_RF01056_2_NC_000913.3_4467215-4467731_ext_0-200_int_105_off_25_percentage_0_position_0-0 genomicbackground,49,2,49_2
query_50,0,genomicbackground,0,genomicbackground,0.18919534981250763,50_2_RF01056_2_NC_000913.3_4467215-4467731_ext_0-200_int_105_off_30_percentage_0_position_0-0 genomicbackground,50,2,50_2
query_51,0,genomicbackground,0,genomicbackground,0.03323214128613472,51_2_RF01056_2_NC_000913.3_4467215-4467731_ext_0-200_int_105_off_35_percentage_0_position_0-0 genomicbackground,51,2,51_2
query_52,0,genomicbackground,0,genomicbackground,0.01812409795820713,52_2_RF01056_2_NC_000913.3_4467215-4467731_ext_0-200_int_105_off_40_percentage_0_position_0-0 genomicbackground,52,2,52_2
query_53,0,genomicbackground,0,genomicbackground,0.014740290120244026,53_2_RF01056_2_NC_000913.3_4467215-4467731_ext_0-200_int_105_off_45_percentage_0_position_0-0 genomicbackground,53,2,53_2
query_54,0,genomicbackground,0,genomicbackground,0.010692953132092953,54_2_RF01056_2_NC_000913.3_4467215-4467731_ext_0-200_int_105_off_50_percentage_0_position_0-0 genomicbackground,54,2,54_2
query_55,0,genomicbackground,0,genomicbackground,0.018623728305101395,55_2_RF01056_2_NC_000913.3_4467215-4467731_ext_0-200_int_105_off_55_percentage_0_position_0-0 genomicbackground,55,2,55_2
query_56,0,genomicbackground,0,genomicbackground,0.013474293984472752,56_2_RF01056_2_NC_000913.3_4467215-4467731_ext_0-200_int_105_off_60_percentage_0_position_0-0 genomicbackground,56,2,56_2
query_57,0,genomicbackground,0,genomicbackground,0.014385922811925411,57_2_RF01056_2_NC_000913.3_4467215-4467731_ext_0-200_int_105_off_65_percentage_0_position_0-0 genomicbackground,57,2,57_2
query_58,0,genomicbackground,0,genomicbackground,0.03651905059814453,58_2_RF01056_2_NC_000913.3_4467215-4467731_ext_0-200_int_105_off_70_percentage_0_position_0-0 genomicbackground,58,2,58_2
query_59,0,genomicbackground,0,genomicbackground,0.024274317547678947,59_2_RF01056_2_NC_000913.3_4467215-4467731_ext_0-200_int_105_off_75_percentage_0_position_0-0 genomicbackground,59,2,59_2
query_60,0,genomicbackground,0,genomicbackground,0.0006838772678747773,60_2_RF01056_2_NC_000913.3_4467215-4467731_ext_0-200_int_105_off_80_percentage_0_position_0-0 genomicbackground,60,2,60_2
query_61,0,genomicbackground,0,genomicbackground,0.0003795426746364683,61_2_RF01056_2_NC_000913.3_4467215-4467731_ext_0-200_int_105_off_85_percentage_0_position_0-0 genomicbackground,61,2,61_2
query_62,0,genomicbackground,0,genomicbackground,0.0003706754359882325,62_2_RF01056_2_NC_000913.3_4467215-4467731_ext_0-200_int_105_off_90_percentage_0_position_0-0 genomicbackground,62,2,62_2
query_63,0,genomicbackground,0,genomicbackground,0.00036020445986650884,63_2_RF01056_2_NC_000913.3_4467215-4467731_ext_0-200_int_105_off_95_percentage_0_position_0-0 genomicbackground,63,2,63_2
query_64,0,genomicbackground,0,genomicbackground,0.007641154807060957,64_2_RF01056_2_NC_000913.3_4467215-4467731_ext_0-200_int_110_off_0_percentage_0_position_0-0 genomicbackground,64,2,64_2
query_65,0,genomicbackground,0,genomicbackground,0.08521699160337448,65_2_RF01056_2_NC_000913.3_4467215-4467731_ext_0-200_int_110_off_5_percentage_0_position_0-0 genomicbackground,65,2,65_2
query_66,0,genomicbackground,0,genomicbackground,0.027950743213295937,66_2_RF01056_2_NC_000913.3_4467215-4467731_ext_0-200_int_110_off_10_percentage_0_position_0-0 genomicbackground,66,2,66_2
query_67,0,genomicbackground,0,genomicbackground,0.12217406183481216,67_2_RF01056_2_NC_000913.3_4467215-4467731_ext_0-200_int_110_off_15_percentage_0_position_0-0 genomicbackground,67,2,67_2
query_68,0,genomicbackground,0,genomicbackground,0.016596630215644836,68_2_RF01056_2_NC_000913.3_4467215-4467731_ext_0-200_int_110_off_20_percentage_0_position_0-0 genomicbackground,68,2,68_2
query_69,0,genomicbackground,0,genomicbackground,0.06786949187517166,69_2_RF01056_2_NC_000913.3_4467215-4467731_ext_0-200_int_110_off_25_percentage_0_position_0-0 genomicbackground,69,2,69_2
query_70,0,genomicbackground,0,genomicbackground,0.25686734914779663,70_2_RF01056_2_NC_000913.3_4467215-4467731_ext_0-200_int_110_off_30_percentage_0_position_0-0 genomicbackground,70,2,70_2
query_71,0,genomicbackground,0,genomicbackground,0.02007916197180748,71_2_RF01056_2_NC_000913.3_4467215-4467731_ext_0-200_int_110_off_35_percentage_0_position_0-0 genomicbackground,71,2,71_2
query_72,0,genomicbackground,0,genomicbackground,0.012086713686585426,72_2_RF01056_2_NC_000913.3_4467215-4467731_ext_0-200_int_110_off_40_percentage_0_position_0-0 genomicbackground,72,2,72_2
query_73,0,genomicbackground,0,genomicbackground,0.017310215160250664,73_2_RF01056_2_NC_000913.3_4467215-4467731_ext_0-200_int_110_off_45_percentage_0_position_0-0 genomicbackground,73,2,73_2
query_74,0,genomicbackground,0,genomicbackground,0.0191994346678257,74_2_RF01056_2_NC_000913.3_4467215-4467731_ext_0-200_int_110_off_50_percentage_0_position_0-0 genomicbackground,74,2,74_2
query_75,0,genomicbackground,0,genomicbackground,0.01152182836085558,75_2_RF01056_2_NC_000913.3_4467215-4467731_ext_0-200_int_110_off_55_percentage_0_position_0-0 genomicbackground,75,2,75_2
query_76,0,genomicbackground,0,genomicbackground,0.002355697099119425,76_2_RF01056_2_NC_000913.3_4467215-4467731_ext_0-200_int_110_off_60_percentage_0_position_0-0 genomicbackground,76,2,76_2
query_77,0,genomicbackground,0,genomicbackground,0.0055264863185584545,77_2_RF01056_2_NC_000913.3_4467215-4467731_ext_0-200_int_110_off_65_percentage_0_position_0-0 genomicbackground,77,2,77_2
query_78,0,genomicbackground,0,genomicbackground,0.016991999000310898,78_2_RF01056_2_NC_000913.3_4467215-4467731_ext_0-200_int_110_off_70_percentage_0_position_0-0 genomicbackground,78,2,78_2
query_79,0,genomicbackground,0,genomicbackground,0.013271993957459927,79_2_RF01056_2_NC_000913.3_4467215-4467731_ext_0-200_int_110_off_75_percentage_0_position_0-0 genomicbackground,79,2,79_2
query_80,0,genomicbackground,0,genomicbackground,0.0003561055928003043,80_2_RF01056_2_NC_000913.3_4467215-4467731_ext_0-200_int_110_off_80_percentage_0_position_0-0 genomicbackground,80,2,80_2
query_81,0,genomicbackground,0,genomicbackground,0.00034335453528910875,81_2_RF01056_2_NC_000913.3_4467215-4467731_ext_0-200_int_110_off_85_percentage_0_position_0-0 genomicbackground,81,2,81_2
query_82,0,genomicbackground,0,genomicbackground,0.00035343848867341876,82_2_RF01056_2_NC_000913.3_4467215-4467731_ext_0-200_int_110_off_90_percentage_0_position_0-0 genomicbackground,82,2,82_2
query_83,0,genomicbackground,0,genomicbackground,0.040986984968185425,83_2_RF01056_2_NC_000913.3_4467215-4467731_ext_0-200_int_115_off_0_percentage_0_position_0-0 genomicbackground,83,2,83_2
query_84,0,genomicbackground,0,genomicbackground,0.025338783860206604,84_2_RF01056_2_NC_000913.3_4467215-4467731_ext_0-200_int_115_off_5_percentage_0_position_0-0 genomicbackground,84,2,84_2
query_85,0,genomicbackground,0,genomicbackground,0.031841546297073364,85_2_RF01056_2_NC_000913.3_4467215-4467731_ext_0-200_int_115_off_10_percentage_0_position_0-0 genomicbackground,85,2,85_2
query_86,0,genomicbackground,0,genomicbackground,0.1363256275653839,86_2_RF01056_2_NC_000913.3_4467215-4467731_ext_0-200_int_115_off_15_percentage_0_position_0-0 genomicbackground,86,2,86_2
query_87,0,genomicbackground,0,genomicbackground,0.023424740880727768,87_2_RF01056_2_NC_000913.3_4467215-4467731_ext_0-200_int_115_off_20_percentage_0_position_0-0 genomicbackground,87,2,87_2
query_88,0,genomicbackground,0,genomicbackground,0.08501870185136795,88_2_RF01056_2_NC_000913.3_4467215-4467731_ext_0-200_int_115_off_25_percentage_0_position_0-0 genomicbackground,88,2,88_2
query_89,0,genomicbackground,0,genomicbackground,0.13130362331867218,89_2_RF01056_2_NC_000913.3_4467215-4467731_ext_0-200_int_115_off_30_percentage_0_position_0-0 genomicbackground,89,2,89_2
query_90,0,genomicbackground,0,genomicbackground,0.057500217109918594,90_2_RF01056_2_NC_000913.3_4467215-4467731_ext_0-200_int_115_off_35_percentage_0_position_0-0 genomicbackground,90,2,90_2
query_91,0,genomicbackground,0,genomicbackground,0.014133913442492485,91_2_RF01056_2_NC_000913.3_4467215-4467731_ext_0-200_int_115_off_40_percentage_0_position_0-0 genomicbackground,91,2,91_2
query_92,0,genomicbackground,0,genomicbackground,0.016808513551950455,92_2_RF01056_2_NC_000913.3_4467215-4467731_ext_0-200_int_115_off_45_percentage_0_position_0-0 genomicbackground,92,2,92_2
query_93,0,genomicbackground,0,genomicbackground,0.010604580864310265,93_2_RF01056_2_NC_000913.3_4467215-4467731_ext_0-200_int_115_off_50_percentage_0_position_0-0 genomicbackground,93,2,93_2
query_94,0,genomicbackground,0,genomicbackground,0.002539330394938588,94_2_RF01056_2_NC_000913.3_4467215-4467731_ext_0-200_int_115_off_55_percentage_0_position_0-0 genomicbackground,94,2,94_2
query_95,0,genomicbackground,0,genomicbackground,0.0021229679696261883,95_2_RF01056_2_NC_000913.3_4467215-4467731_ext_0-200_int_115_off_60_percentage_0_position_0-0 genomicbackground,95,2,95_2
query_96,0,genomicbackground,0,genomicbackground,0.007701334543526173,96_2_RF01056_2_NC_000913.3_4467215-4467731_ext_0-200_int_115_off_65_percentage_0_position_0-0 genomicbackground,96,2,96_2
query_97,0,genomicbackground,0,genomicbackground,0.013945449143648148,97_2_RF01056_2_NC_000913.3_4467215-4467731_ext_0-200_int_115_off_70_percentage_0_position_0-0 genomicbackground,97,2,97_2
query_98,0,genomicbackground,0,genomicbackground,0.000402747537009418,98_2_RF01056_2_NC_000913.3_4467215-4467731_ext_0-200_int_115_off_75_percentage_0_position_0-0 genomicbackground,98,2,98_2
query_99,0,genomicbackground,0,genomicbackground,0.00034680753014981747,99_2_RF01056_2_NC_000913.3_4467215-4467731_ext_0-200_int_115_off_80_percentage_0_position_0-0 genomicbackground,99,2,99_2
query_100,0,genomicbackground,0,genomicbackground,0.0003322184202261269,100_2_RF01056_2_NC_000913.3_4467215-4467731_ext_0-200_int_115_off_85_percentage_0_position_0-0 genomicbackground,100,2,100_2
query_101,0,genomicbackground,0,genomicbackground,0.01554702315479517,101_2_RF01056_2_NC_000913.3_4467215-4467731_ext_0-200_int_120_off_0_percentage_0_position_0-0 genomicbackground,101,2,101_2
query_102,0,genomicbackground,0,genomicbackground,0.029454359784722328,102_2_RF01056_2_NC_000913.3_4467215-4467731_ext_0-200_int_120_off_5_percentage_0_position_0-0 genomicbackground,102,2,102_2
query_103,0,genomicbackground,0,genomicbackground,0.034755781292915344,103_2_RF01056_2_NC_000913.3_4467215-4467731_ext_0-200_int_120_off_10_percentage_0_position_0-0 genomicbackground,103,2,103_2
query_104,0,genomicbackground,0,genomicbackground,0.02346138469874859,104_2_RF01056_2_NC_000913.3_4467215-4467731_ext_0-200_int_120_off_15_percentage_0_position_0-0 genomicbackground,104,2,104_2
query_105,0,genomicbackground,0,genomicbackground,0.027940528467297554,105_2_RF01056_2_NC_000913.3_4467215-4467731_ext_0-200_int_120_off_20_percentage_0_position_0-0 genomicbackground,105,2,105_2
query_106,0,genomicbackground,0,genomicbackground,0.04658246040344238,106_2_RF01056_2_NC_000913.3_4467215-4467731_ext_0-200_int_120_off_25_percentage_0_position_0-0 genomicbackground,106,2,106_2
query_107,0,genomicbackground,0,genomicbackground,0.25925213098526,107_2_RF01056_2_NC_000913.3_4467215-4467731_ext_0-200_int_120_off_30_percentage_0_position_0-0 genomicbackground,107,2,107_2
query_108,0,genomicbackground,0,genomicbackground,0.01513135526329279,108_2_RF01056_2_NC_000913.3_4467215-4467731_ext_0-200_int_120_off_35_percentage_0_position_0-0 genomicbackground,108,2,108_2
query_109,0,genomicbackground,0,genomicbackground,0.013778399676084518,109_2_RF01056_2_NC_000913.3_4467215-4467731_ext_0-200_int_120_off_40_percentage_0_position_0-0 genomicbackground,109,2,109_2
query_110,0,genomicbackground,0,genomicbackground,0.010669438168406487,110_2_RF01056_2_NC_000913.3_4467215-4467731_ext_0-200_int_120_off_45_percentage_0_position_0-0 genomicbackground,110,2,110_2
query_111,0,genomicbackground,0,genomicbackground,0.0027294373139739037,111_2_RF01056_2_NC_000913.3_4467215-4467731_ext_0-200_int_120_off_50_percentage_0_position_0-0 genomicbackground,111,2,111_2
query_112,0,genomicbackground,0,genomicbackground,0.0023621649015694857,112_2_RF01056_2_NC_000913.3_4467215-4467731_ext_0-200_int_120_off_55_percentage_0_position_0-0 genomicbackground,112,2,112_2
query_113,0,genomicbackground,0,genomicbackground,0.0021779481321573257,113_2_RF01056_2_NC_000913.3_4467215-4467731_ext_0-200_int_120_off_60_percentage_0_position_0-0 genomicbackground,113,2,113_2
query_114,0,genomicbackground,0,genomicbackground,0.00508669251576066,114_2_RF01056_2_NC_000913.3_4467215-4467731_ext_0-200_int_120_off_65_percentage_0_position_0-0 genomicbackground,114,2,114_2
query_115,0,genomicbackground,0,genomicbackground,0.00042552920058369637,115_2_RF01056_2_NC_000913.3_4467215-4467731_ext_0-200_int_120_off_70_percentage_0_position_0-0 genomicbackground,115,2,115_2
query_116,0,genomicbackground,0,genomicbackground,0.00035930282319895923,116_2_RF01056_2_NC_000913.3_4467215-4467731_ext_0-200_int_120_off_75_percentage_0_position_0-0 genomicbackground,116,2,116_2
query_117,0,genomicbackground,0,genomicbackground,0.00033000673283822834,117_2_RF01056_2_NC_000913.3_4467215-4467731_ext_0-200_int_120_off_80_percentage_0_position_0-0 genomicbackground,117,2,117_2
query_118,0,genomicbackground,0,genomicbackground,0.01800665259361267,118_2_RF01056_2_NC_000913.3_4467215-4467731_ext_0-200_int_125_off_0_percentage_0_position_0-0 genomicbackground,118,2,118_2
query_119,0,genomicbackground,0,genomicbackground,0.03260200098156929,119_2_RF01056_2_NC_000913.3_4467215-4467731_ext_0-200_int_125_off_5_percentage_0_position_0-0 genomicbackground,119,2,119_2
query_120,0,genomicbackground,0,genomicbackground,0.01108103059232235,120_2_RF01056_2_NC_000913.3_4467215-4467731_ext_0-200_int_125_off_10_percentage_0_position_0-0 genomicbackground,120,2,120_2
query_121,0,genomicbackground,0,genomicbackground,0.047686826437711716,121_2_RF01056_2_NC_000913.3_4467215-4467731_ext_0-200_int_125_off_15_percentage_0_position_0-0 genomicbackground,121,2,121_2
query_122,0,genomicbackground,0,genomicbackground,0.03510401025414467,122_2_RF01056_2_NC_000913.3_4467215-4467731_ext_0-200_int_125_off_20_percentage_0_position_0-0 genomicbackground,122,2,122_2
query_123,0,genomicbackground,0,genomicbackground,0.07634104043245316,123_2_RF01056_2_NC_000913.3_4467215-4467731_ext_0-200_int_125_off_25_percentage_0_position_0-0 genomicbackground,123,2,123_2
query_124,0,genomicbackground,0,genomicbackground,0.31083646416664124,124_2_RF01056_2_NC_000913.3_4467215-4467731_ext_0-200_int_125_off_30_percentage_0_position_0-0 genomicbackground,124,2,124_2
query_125,0,genomicbackground,0,genomicbackground,0.014698781073093414,125_2_RF01056_2_NC_000913.3_4467215-4467731_ext_0-200_int_125_off_35_percentage_0_position_0-0 genomicbackground,125,2,125_2
query_126,0,genomicbackground,0,genomicbackground,0.010840320028364658,126_2_RF01056_2_NC_000913.3_4467215-4467731_ext_0-200_int_125_off_40_percentage_0_position_0-0 genomicbackground,126,2,126_2
query_127,0,genomicbackground,0,genomicbackground,0.014445451088249683,127_2_RF01056_2_NC_000913.3_4467215-4467731_ext_0-200_int_125_off_45_percentage_0_position_0-0 genomicbackground,127,2,127_2
query_128,0,genomicbackground,0,genomicbackground,0.00241364655084908,128_2_RF01056_2_NC_000913.3_4467215-4467731_ext_0-200_int_125_off_50_percentage_0_position_0-0 genomicbackground,128,2,128_2
query_129,0,genomicbackground,0,genomicbackground,0.002417441923171282,129_2_RF01056_2_NC_000913.3_4467215-4467731_ext_0-200_int_125_off_55_percentage_0_position_0-0 genomicbackground,129,2,129_2
query_130,0,genomicbackground,0,genomicbackground,0.001082578906789422,130_2_RF01056_2_NC_000913.3_4467215-4467731_ext_0-200_int_125_off_60_percentage_0_position_0-0 genomicbackground,130,2,130_2
query_131,0,genomicbackground,0,genomicbackground,0.0005594611866399646,131_2_RF01056_2_NC_000913.3_4467215-4467731_ext_0-200_int_125_off_65_percentage_0_position_0-0 genomicbackground,131,2,131_2
query_132,0,genomicbackground,0,genomicbackground,0.0004324735782574862,132_2_RF01056_2_NC_000913.3_4467215-4467731_ext_0-200_int_125_off_70_percentage_0_position_0-0 genomicbackground,132,2,132_2
query_133,0,genomicbackground,0,genomicbackground,0.00032469871803186834,133_2_RF01056_2_NC_000913.3_4467215-4467731_ext_0-200_int_125_off_75_percentage_0_position_0-0 genomicbackground,133,2,133_2
query_134,0,genomicbackground,0,genomicbackground,0.024138055741786957,134_2_RF01056_2_NC_000913.3_4467215-4467731_ext_0-200_int_130_off_0_percentage_0_position_0-0 genomicbackground,134,2,134_2
query_135,0,genomicbackground,0,genomicbackground,0.012540476396679878,135_2_RF01056_2_NC_000913.3_4467215-4467731_ext_0-200_int_130_off_5_percentage_0_position_0-0 genomicbackground,135,2,135_2
query_136,0,genomicbackground,0,genomicbackground,0.009051688946783543,136_2_RF01056_2_NC_000913.3_4467215-4467731_ext_0-200_int_130_off_10_percentage_0_position_0-0 genomicbackground,136,2,136_2
query_137,0,genomicbackground,0,genomicbackground,0.029819371178746223,137_2_RF01056_2_NC_000913.3_4467215-4467731_ext_0-200_int_130_off_15_percentage_0_position_0-0 genomicbackground,137,2,137_2
query_138,0,genomicbackground,0,genomicbackground,0.01985524781048298,138_2_RF01056_2_NC_000913.3_4467215-4467731_ext_0-200_int_130_off_20_percentage_0_position_0-0 genomicbackground,138,2,138_2
query_139,0,genomicbackground,0,genomicbackground,0.1745615154504776,139_2_RF01056_2_NC_000913.3_4467215-4467731_ext_0-200_int_130_off_25_percentage_0_position_0-0 genomicbackground,139,2,139_2
query_140,0,genomicbackground,0,genomicbackground,0.21966686844825745,140_2_RF01056_2_NC_000913.3_4467215-4467731_ext_0-200_int_130_off_30_percentage_0_position_0-0 genomicbackground,140,2,140_2
query_141,0,genomicbackground,0,genomicbackground,0.011040404438972473,141_2_RF01056_2_NC_000913.3_4467215-4467731_ext_0-200_int_130_off_35_percentage_0_position_0-0 genomicbackground,141,2,141_2
query_142,0,genomicbackground,0,genomicbackground,0.012022101320326328,142_2_RF01056_2_NC_000913.3_4467215-4467731_ext_0-200_int_130_off_40_percentage_0_position_0-0 genomicbackground,142,2,142_2
query_143,0,genomicbackground,0,genomicbackground,0.012961654923856258,143_2_RF01056_2_NC_000913.3_4467215-4467731_ext_0-200_int_130_off_45_percentage_0_position_0-0 genomicbackground,143,2,143_2
query_144,0,genomicbackground,0,genomicbackground,0.0025109683629125357,144_2_RF01056_2_NC_000913.3_4467215-4467731_ext_0-200_int_130_off_50_percentage_0_position_0-0 genomicbackground,144,2,144_2
query_145,0,genomicbackground,0,genomicbackground,0.0009842024883255363,145_2_RF01056_2_NC_000913.3_4467215-4467731_ext_0-200_int_130_off_55_percentage_0_position_0-0 genomicbackground,145,2,145_2
query_146,0,genomicbackground,0,genomicbackground,0.00044189649634063244,146_2_RF01056_2_NC_000913.3_4467215-4467731_ext_0-200_int_130_off_60_percentage_0_position_0-0 genomicbackground,146,2,146_2
query_147,0,genomicbackground,0,genomicbackground,0.0004764196928590536,147_2_RF01056_2_NC_000913.3_4467215-4467731_ext_0-200_int_130_off_65_percentage_0_position_0-0 genomicbackground,147,2,147_2
query_148,0,genomicbackground,0,genomicbackground,0.000396213581552729,148_2_RF01056_2_NC_000913.3_4467215-4467731_ext_0-200_int_130_off_70_percentage_0_position_0-0 genomicbackground,148,2,148_2
query_149,0,genomicbackground,0,genomicbackground,0.017227057367563248,149_2_RF01056_2_NC_000913.3_4467215-4467731_ext_0-200_int_135_off_0_percentage_0_position_0-0 genomicbackground,149,2,149_2
query_150,0,genomicbackground,0,genomicbackground,0.009142287075519562,150_2_RF01056_2_NC_000913.3_4467215-4467731_ext_0-200_int_135_off_5_percentage_0_position_0-0 genomicbackground,150,2,150_2
query_151,0,genomicbackground,0,genomicbackground,0.008403683081269264,151_2_RF01056_2_NC_000913.3_4467215-4467731_ext_0-200_int_135_off_10_percentage_0_position_0-0 genomicbackground,151,2,151_2
query_152,0,genomicbackground,0,genomicbackground,0.021337689831852913,152_2_RF01056_2_NC_000913.3_4467215-4467731_ext_0-200_int_135_off_15_percentage_0_position_0-0 genomicbackground,152,2,152_2
query_153,0,genomicbackground,0,genomicbackground,0.020050019025802612,153_2_RF01056_2_NC_000913.3_4467215-4467731_ext_0-200_int_135_off_20_percentage_0_position_0-0 genomicbackground,153,2,153_2
query_154,0,genomicbackground,0,genomicbackground,0.17856107652187347,154_2_RF01056_2_NC_000913.3_4467215-4467731_ext_0-200_int_135_off_25_percentage_0_position_0-0 genomicbackground,154,2,154_2
query_155,0,genomicbackground,0,genomicbackground,0.044648922979831696,155_2_RF01056_2_NC_000913.3_4467215-4467731_ext_0-200_int_135_off_30_percentage_0_position_0-0 genomicbackground,155,2,155_2
query_156,0,genomicbackground,0,genomicbackground,0.024155717343091965,156_2_RF01056_2_NC_000913.3_4467215-4467731_ext_0-200_int_135_off_35_percentage_0_position_0-0 genomicbackground,156,2,156_2
query_157,0,genomicbackground,0,genomicbackground,0.011331208050251007,157_2_RF01056_2_NC_000913.3_4467215-4467731_ext_0-200_int_135_off_40_percentage_0_position_0-0 genomicbackground,157,2,157_2
query_158,0,genomicbackground,0,genomicbackground,0.007507964503020048,158_2_RF01056_2_NC_000913.3_4467215-4467731_ext_0-200_int_135_off_45_percentage_0_position_0-0 genomicbackground,158,2,158_2
query_159,0,genomicbackground,0,genomicbackground,0.0008160130819305778,159_2_RF01056_2_NC_000913.3_4467215-4467731_ext_0-200_int_135_off_50_percentage_0_position_0-0 genomicbackground,159,2,159_2
query_160,0,genomicbackground,0,genomicbackground,0.00044376292498782277,160_2_RF01056_2_NC_000913.3_4467215-4467731_ext_0-200_int_135_off_55_percentage_0_position_0-0 genomicbackground,160,2,160_2
query_161,0,genomicbackground,0,genomicbackground,0.00043168055708520114,161_2_RF01056_2_NC_000913.3_4467215-4467731_ext_0-200_int_135_off_60_percentage_0_position_0-0 genomicbackground,161,2,161_2
query_162,0,genomicbackground,0,genomicbackground,0.000430586893344298,162_2_RF01056_2_NC_000913.3_4467215-4467731_ext_0-200_int_135_off_65_percentage_0_position_0-0 genomicbackground,162,2,162_2
query_163,0,genomicbackground,0,genomicbackground,0.021111279726028442,163_2_RF01056_2_NC_000913.3_4467215-4467731_ext_0-200_int_140_off_0_percentage_0_position_0-0 genomicbackground,163,2,163_2
query_164,0,genomicbackground,0,genomicbackground,0.00840392429381609,164_2_RF01056_2_NC_000913.3_4467215-4467731_ext_0-200_int_140_off_5_percentage_0_position_0-0 genomicbackground,164,2,164_2
query_165,0,genomicbackground,0,genomicbackground,0.018074138090014458,165_2_RF01056_2_NC_000913.3_4467215-4467731_ext_0-200_int_140_off_10_percentage_0_position_0-0 genomicbackground,165,2,165_2
query_166,0,genomicbackground,0,genomicbackground,0.02016797475516796,166_2_RF01056_2_NC_000913.3_4467215-4467731_ext_0-200_int_140_off_15_percentage_0_position_0-0 genomicbackground,166,2,166_2
query_167,0,genomicbackground,0,genomicbackground,0.02049870602786541,167_2_RF01056_2_NC_000913.3_4467215-4467731_ext_0-200_int_140_off_20_percentage_0_position_0-0 genomicbackground,167,2,167_2
query_168,0,genomicbackground,0,genomicbackground,0.03559479862451553,168_2_RF01056_2_NC_000913.3_4467215-4467731_ext_0-200_int_140_off_25_percentage_0_position_0-0 genomicbackground,168,2,168_2
query_169,0,genomicbackground,0,genomicbackground,0.017338871955871582,169_2_RF01056_2_NC_000913.3_4467215-4467731_ext_0-200_int_140_off_30_percentage_0_position_0-0 genomicbackground,169,2,169_2
query_170,0,genomicbackground,0,genomicbackground,0.023495154455304146,170_2_RF01056_2_NC_000913.3_4467215-4467731_ext_0-200_int_140_off_35_percentage_0_position_0-0 genomicbackground,170,2,170_2
query_171,0,genomicbackground,0,genomicbackground,0.008236128836870193,171_2_RF01056_2_NC_000913.3_4467215-4467731_ext_0-200_int_140_off_40_percentage_0_position_0-0 genomicbackground,171,2,171_2
query_172,0,genomicbackground,0,genomicbackground,0.004915550816804171,172_2_RF01056_2_NC_000913.3_4467215-4467731_ext_0-200_int_140_off_45_percentage_0_position_0-0 genomicbackground,172,2,172_2
query_173,0,genomicbackground,0,genomicbackground,0.00042289591510780156,173_2_RF01056_2_NC_000913.3_4467215-4467731_ext_0-200_int_140_off_50_percentage_0_position_0-0 genomicbackground,173,2,173_2
query_174,0,genomicbackground,0,genomicbackground,0.0004292910161893815,174_2_RF01056_2_NC_000913.3_4467215-4467731_ext_0-200_int_140_off_55_percentage_0_position_0-0 genomicbackground,174,2,174_2
query_175,0,genomicbackground,0,genomicbackground,0.00040579118649475276,175_2_RF01056_2_NC_000913.3_4467215-4467731_ext_0-200_int_140_off_60_percentage_0_position_0-0 genomicbackground,175,2,175_2
query_176,0,genomicbackground,0,genomicbackground,0.009760257788002491,176_2_RF01056_2_NC_000913.3_4467215-4467731_ext_0-200_int_145_off_0_percentage_0_position_0-0 genomicbackground,176,2,176_2
query_177,0,genomicbackground,0,genomicbackground,0.021249141544103622,177_2_RF01056_2_NC_000913.3_4467215-4467731_ext_0-200_int_145_off_5_percentage_0_position_0-0 genomicbackground,177,2,177_2
query_178,0,genomicbackground,0,genomicbackground,0.019060518592596054,178_2_RF01056_2_NC_000913.3_4467215-4467731_ext_0-200_int_145_off_10_percentage_0_position_0-0 genomicbackground,178,2,178_2
query_179,0,genomicbackground,0,genomicbackground,0.020599760115146637,179_2_RF01056_2_NC_000913.3_4467215-4467731_ext_0-200_int_145_off_15_percentage_0_position_0-0 genomicbackground,179,2,179_2
query_180,0,genomicbackground,0,genomicbackground,0.012937000021338463,180_2_RF01056_2_NC_000913.3_4467215-4467731_ext_0-200_int_145_off_20_percentage_0_position_0-0 genomicbackground,180,2,180_2
query_181,0,genomicbackground,0,genomicbackground,0.01570107601583004,181_2_RF01056_2_NC_000913.3_4467215-4467731_ext_0-200_int_145_off_25_percentage_0_position_0-0 genomicbackground,181,2,181_2
query_182,0,genomicbackground,0,genomicbackground,0.003799459431320429,182_2_RF01056_2_NC_000913.3_4467215-4467731_ext_0-200_int_145_off_30_percentage_0_position_0-0 genomicbackground,182,2,182_2
query_183,0,genomicbackground,0,genomicbackground,0.02611500211060047,183_2_RF01056_2_NC_000913.3_4467215-4467731_ext_0-200_int_145_off_35_percentage_0_position_0-0 genomicbackground,183,2,183_2
query_184,0,genomicbackground,0,genomicbackground,0.006159360986202955,184_2_RF01056_2_NC_000913.3_4467215-4467731_ext_0-200_int_145_off_40_percentage_0_position_0-0 genomicbackground,184,2,184_2
query_185,0,genomicbackground,0,genomicbackground,0.0004944892134517431,185_2_RF01056_2_NC_000913.3_4467215-4467731_ext_0-200_int_145_off_45_percentage_0_position_0-0 genomicbackground,185,2,185_2
query_186,0,genomicbackground,0,genomicbackground,0.0004040175990667194,186_2_RF01056_2_NC_000913.3_4467215-4467731_ext_0-200_int_145_off_50_percentage_0_position_0-0 genomicbackground,186,2,186_2
query_187,0,genomicbackground,0,genomicbackground,0.0004082145751453936,187_2_RF01056_2_NC_000913.3_4467215-4467731_ext_0-200_int_145_off_55_percentage_0_position_0-0 genomicbackground,187,2,187_2
query_188,0,genomicbackground,0,genomicbackground,0.020742787048220634,188_2_RF01056_2_NC_000913.3_4467215-4467731_ext_0-200_int_150_off_0_percentage_0_position_0-0 genomicbackground,188,2,188_2
query_189,0,genomicbackground,0,genomicbackground,0.023347962647676468,189_2_RF01056_2_NC_000913.3_4467215-4467731_ext_0-200_int_150_off_5_percentage_0_position_0-0 genomicbackground,189,2,189_2
query_190,0,genomicbackground,0,genomicbackground,0.046489860862493515,190_2_RF01056_2_NC_000913.3_4467215-4467731_ext_0-200_int_150_off_10_percentage_0_position_0-0 genomicbackground,190,2,190_2
query_191,0,genomicbackground,0,genomicbackground,0.012940472923219204,191_2_RF01056_2_NC_000913.3_4467215-4467731_ext_0-200_int_150_off_15_percentage_0_position_0-0 genomicbackground,191,2,191_2
query_192,0,genomicbackground,0,genomicbackground,0.010414238087832928,192_2_RF01056_2_NC_000913.3_4467215-4467731_ext_0-200_int_150_off_20_percentage_0_position_0-0 genomicbackground,192,2,192_2
query_193,0,genomicbackground,0,genomicbackground,0.0033786646090447903,193_2_RF01056_2_NC_000913.3_4467215-4467731_ext_0-200_int_150_off_25_percentage_0_position_0-0 genomicbackground,193,2,193_2
query_194,0,genomicbackground,0,genomicbackground,0.01340138167142868,194_2_RF01056_2_NC_000913.3_4467215-4467731_ext_0-200_int_150_off_30_percentage_0_position_0-0 genomicbackground,194,2,194_2
query_195,0,genomicbackground,0,genomicbackground,0.02110794186592102,195_2_RF01056_2_NC_000913.3_4467215-4467731_ext_0-200_int_150_off_35_percentage_0_position_0-0 genomicbackground,195,2,195_2
query_196,0,genomicbackground,0,genomicbackground,0.0005969794583506882,196_2_RF01056_2_NC_000913.3_4467215-4467731_ext_0-200_int_150_off_40_percentage_0_position_0-0 genomicbackground,196,2,196_2
query_197,0,genomicbackground,0,genomicbackground,0.0004959847428835928,197_2_RF01056_2_NC_000913.3_4467215-4467731_ext_0-200_int_150_off_45_percentage_0_position_0-0 genomicbackground,197,2,197_2
query_198,0,genomicbackground,0,genomicbackground,0.00038718298310413957,198_2_RF01056_2_NC_000913.3_4467215-4467731_ext_0-200_int_150_off_50_percentage_0_position_0-0 genomicbackground,198,2,198_2
query_199,0,genomicbackground,0,genomicbackground,0.025072971358895302,199_2_RF01056_2_NC_000913.3_4467215-4467731_ext_0-200_int_155_off_0_percentage_0_position_0-0 genomicbackground,199,2,199_2
query_200,0,genomicbackground,0,genomicbackground,0.041465964168310165,200_2_RF01056_2_NC_000913.3_4467215-4467731_ext_0-200_int_155_off_5_percentage_0_position_0-0 genomicbackground,200,2,200_2
query_201,0,genomicbackground,0,genomicbackground,0.02348203957080841,201_2_RF01056_2_NC_000913.3_4467215-4467731_ext_0-200_int_155_off_10_percentage_0_position_0-0 genomicbackground,201,2,201_2
query_202,0,genomicbackground,0,genomicbackground,0.017568841576576233,202_2_RF01056_2_NC_000913.3_4467215-4467731_ext_0-200_int_155_off_15_percentage_0_position_0-0 genomicbackground,202,2,202_2
query_203,0,genomicbackground,0,genomicbackground,0.0018284451216459274,203_2_RF01056_2_NC_000913.3_4467215-4467731_ext_0-200_int_155_off_20_percentage_0_position_0-0 genomicbackground,203,2,203_2
query_204,0,genomicbackground,0,genomicbackground,0.012623691000044346,204_2_RF01056_2_NC_000913.3_4467215-4467731_ext_0-200_int_155_off_25_percentage_0_position_0-0 genomicbackground,204,2,204_2
query_205,0,genomicbackground,0,genomicbackground,0.008569823578000069,205_2_RF01056_2_NC_000913.3_4467215-4467731_ext_0-200_int_155_off_30_percentage_0_position_0-0 genomicbackground,205,2,205_2
query_206,0,genomicbackground,0,genomicbackground,0.0005910815671086311,206_2_RF01056_2_NC_000913.3_4467215-4467731_ext_0-200_int_155_off_35_percentage_0_position_0-0 genomicbackground,206,2,206_2
query_207,0,genomicbackground,0,genomicbackground,0.0006015003891661763,207_2_RF01056_2_NC_000913.3_4467215-4467731_ext_0-200_int_155_off_40_percentage_0_position_0-0 genomicbackground,207,2,207_2
query_208,0,genomicbackground,0,genomicbackground,0.000468506186734885,208_2_RF01056_2_NC_000913.3_4467215-4467731_ext_0-200_int_155_off_45_percentage_0_position_0-0 genomicbackground,208,2,208_2
query_209,0,genomicbackground,0,genomicbackground,0.02087516337633133,209_2_RF01056_2_NC_000913.3_4467215-4467731_ext_0-200_int_160_off_0_percentage_0_position_0-0 genomicbackground,209,2,209_2
query_210,0,genomicbackground,0,genomicbackground,0.019906463101506233,210_2_RF01056_2_NC_000913.3_4467215-4467731_ext_0-200_int_160_off_5_percentage_0_position_0-0 genomicbackground,210,2,210_2
query_211,0,genomicbackground,0,genomicbackground,0.015878058969974518,211_2_RF01056_2_NC_000913.3_4467215-4467731_ext_0-200_int_160_off_10_percentage_0_position_0-0 genomicbackground,211,2,211_2
query_212,0,genomicbackground,0,genomicbackground,0.01550502423197031,212_2_RF01056_2_NC_000913.3_4467215-4467731_ext_0-200_int_160_off_15_percentage_0_position_0-0 genomicbackground,212,2,212_2
query_213,0,genomicbackground,0,genomicbackground,0.009774654172360897,213_2_RF01056_2_NC_000913.3_4467215-4467731_ext_0-200_int_160_off_20_percentage_0_position_0-0 genomicbackground,213,2,213_2
query_214,0,genomicbackground,0,genomicbackground,0.00841283705085516,214_2_RF01056_2_NC_000913.3_4467215-4467731_ext_0-200_int_160_off_25_percentage_0_position_0-0 genomicbackground,214,2,214_2
query_215,0,genomicbackground,0,genomicbackground,0.0011503909481689334,215_2_RF01056_2_NC_000913.3_4467215-4467731_ext_0-200_int_160_off_30_percentage_0_position_0-0 genomicbackground,215,2,215_2
query_216,0,genomicbackground,0,genomicbackground,0.0007205535657703876,216_2_RF01056_2_NC_000913.3_4467215-4467731_ext_0-200_int_160_off_35_percentage_0_position_0-0 genomicbackground,216,2,216_2
query_217,0,genomicbackground,0,genomicbackground,0.0005682205082848668,217_2_RF01056_2_NC_000913.3_4467215-4467731_ext_0-200_int_160_off_40_percentage_0_position_0-0 genomicbackground,217,2,217_2
query_218,0,genomicbackground,0,genomicbackground,0.01320501696318388,218_2_RF01056_2_NC_000913.3_4467215-4467731_ext_0-200_int_165_off_0_percentage_0_position_0-0 genomicbackground,218,2,218_2
query_219,0,genomicbackground,0,genomicbackground,0.01770358718931675,219_2_RF01056_2_NC_000913.3_4467215-4467731_ext_0-200_int_165_off_5_percentage_0_position_0-0 genomicbackground,219,2,219_2
query_220,0,genomicbackground,0,genomicbackground,0.014513070695102215,220_2_RF01056_2_NC_000913.3_4467215-4467731_ext_0-200_int_165_off_10_percentage_0_position_0-0 genomicbackground,220,2,220_2
query_221,0,genomicbackground,0,genomicbackground,0.017062652856111526,221_2_RF01056_2_NC_000913.3_4467215-4467731_ext_0-200_int_165_off_15_percentage_0_position_0-0 genomicbackground,221,2,221_2
query_222,0,genomicbackground,0,genomicbackground,0.007786674425005913,222_2_RF01056_2_NC_000913.3_4467215-4467731_ext_0-200_int_165_off_20_percentage_0_position_0-0 genomicbackground,222,2,222_2
query_223,0,genomicbackground,0,genomicbackground,0.001005758997052908,223_2_RF01056_2_NC_000913.3_4467215-4467731_ext_0-200_int_165_off_25_percentage_0_position_0-0 genomicbackground,223,2,223_2
query_224,0,genomicbackground,0,genomicbackground,0.0011466165306046605,224_2_RF01056_2_NC_000913.3_4467215-4467731_ext_0-200_int_165_off_30_percentage_0_position_0-0 genomicbackground,224,2,224_2
query_225,0,genomicbackground,0,genomicbackground,0.0006455745897255838,225_2_RF01056_2_NC_000913.3_4467215-4467731_ext_0-200_int_165_off_35_percentage_0_position_0-0 genomicbackground,225,2,225_2
query_226,0,genomicbackground,0,genomicbackground,0.011561039835214615,226_2_RF01056_2_NC_000913.3_4467215-4467731_ext_0-200_int_170_off_0_percentage_0_position_0-0 genomicbackground,226,2,226_2
query_227,0,genomicbackground,0,genomicbackground,0.015722278505563736,227_2_RF01056_2_NC_000913.3_4467215-4467731_ext_0-200_int_170_off_5_percentage_0_position_0-0 genomicbackground,227,2,227_2
query_228,0,genomicbackground,0,genomicbackground,0.013789546675980091,228_2_RF01056_2_NC_000913.3_4467215-4467731_ext_0-200_int_170_off_10_percentage_0_position_0-0 genomicbackground,228,2,228_2
query_229,0,genomicbackground,0,genomicbackground,0.007998248562216759,229_2_RF01056_2_NC_000913.3_4467215-4467731_ext_0-200_int_170_off_15_percentage_0_position_0-0 genomicbackground,229,2,229_2
query_230,0,genomicbackground,0,genomicbackground,0.000814153696410358,230_2_RF01056_2_NC_000913.3_4467215-4467731_ext_0-200_int_170_off_20_percentage_0_position_0-0 genomicbackground,230,2,230_2
query_231,0,genomicbackground,0,genomicbackground,0.0010418891906738281,231_2_RF01056_2_NC_000913.3_4467215-4467731_ext_0-200_int_170_off_25_percentage_0_position_0-0 genomicbackground,231,2,231_2
query_232,0,genomicbackground,0,genomicbackground,0.0010146365966647863,232_2_RF01056_2_NC_000913.3_4467215-4467731_ext_0-200_int_170_off_30_percentage_0_position_0-0 genomicbackground,232,2,232_2
query_233,0,genomicbackground,0,genomicbackground,0.011370236985385418,233_2_RF01056_2_NC_000913.3_4467215-4467731_ext_0-200_int_175_off_0_percentage_0_position_0-0 genomicbackground,233,2,233_2
query_234,0,genomicbackground,0,genomicbackground,0.015074735507369041,234_2_RF01056_2_NC_000913.3_4467215-4467731_ext_0-200_int_175_off_5_percentage_0_position_0-0 genomicbackground,234,2,234_2
query_235,0,genomicbackground,0,genomicbackground,0.012841355055570602,235_2_RF01056_2_NC_000913.3_4467215-4467731_ext_0-200_int_175_off_10_percentage_0_position_0-0 genomicbackground,235,2,235_2
query_236,0,genomicbackground,0,genomicbackground,0.0007946914993226528,236_2_RF01056_2_NC_000913.3_4467215-4467731_ext_0-200_int_175_off_15_percentage_0_position_0-0 genomicbackground,236,2,236_2
query_237,0,genomicbackground,0,genomicbackground,0.0008373011951334774,237_2_RF01056_2_NC_000913.3_4467215-4467731_ext_0-200_int_175_off_20_percentage_0_position_0-0 genomicbackground,237,2,237_2
query_238,0,genomicbackground,0,genomicbackground,0.0009327097213827074,238_2_RF01056_2_NC_000913.3_4467215-4467731_ext_0-200_int_175_off_25_percentage_0_position_0-0 genomicbackground,238,2,238_2
query_239,0,genomicbackground,0,genomicbackground,0.012734845280647278,239_2_RF01056_2_NC_000913.3_4467215-4467731_ext_0-200_int_180_off_0_percentage_0_position_0-0 genomicbackground,239,2,239_2
query_240,0,genomicbackground,0,genomicbackground,0.013813316822052002,240_2_RF01056_2_NC_000913.3_4467215-4467731_ext_0-200_int_180_off_5_percentage_0_position_0-0 genomicbackground,240,2,240_2
query_241,0,genomicbackground,0,genomicbackground,0.0008102305582724512,241_2_RF01056_2_NC_000913.3_4467215-4467731_ext_0-200_int_180_off_10_percentage_0_position_0-0 genomicbackground,241,2,241_2
query_242,0,genomicbackground,0,genomicbackground,0.0007720417343080044,242_2_RF01056_2_NC_000913.3_4467215-4467731_ext_0-200_int_180_off_15_percentage_0_position_0-0 genomicbackground,242,2,242_2
query_243,0,genomicbackground,0,genomicbackground,0.0007708329940214753,243_2_RF01056_2_NC_000913.3_4467215-4467731_ext_0-200_int_180_off_20_percentage_0_position_0-0 genomicbackground,243,2,243_2
query_244,0,genomicbackground,0,genomicbackground,0.0058487593196332455,244_2_RF01056_2_NC_000913.3_4467215-4467731_ext_0-200_int_185_off_0_percentage_0_position_0-0 genomicbackground,244,2,244_2
query_245,0,genomicbackground,0,genomicbackground,0.000799110799562186,245_2_RF01056_2_NC_000913.3_4467215-4467731_ext_0-200_int_185_off_5_percentage_0_position_0-0 genomicbackground,245,2,245_2
query_246,0,genomicbackground,0,genomicbackground,0.0007905284292064607,246_2_RF01056_2_NC_000913.3_4467215-4467731_ext_0-200_int_185_off_10_percentage_0_position_0-0 genomicbackground,246,2,246_2
query_247,0,genomicbackground,0,genomicbackground,0.0007390683167614043,247_2_RF01056_2_NC_000913.3_4467215-4467731_ext_0-200_int_185_off_15_percentage_0_position_0-0 genomicbackground,247,2,247_2
query_248,0,genomicbackground,0,genomicbackground,0.0006981570622883737,248_2_RF01056_2_NC_000913.3_4467215-4467731_ext_0-200_int_190_off_0_percentage_0_position_0-0 genomicbackground,248,2,248_2
query_249,0,genomicbackground,0,genomicbackground,0.0007809702656231821,249_2_RF01056_2_NC_000913.3_4467215-4467731_ext_0-200_int_190_off_5_percentage_0_position_0-0 genomicbackground,249,2,249_2
query_250,0,genomicbackground,0,genomicbackground,0.0007490460411645472,250_2_RF01056_2_NC_000913.3_4467215-4467731_ext_0-200_int_190_off_10_percentage_0_position_0-0 genomicbackground,250,2,250_2
query_251,0,genomicbackground,0,genomicbackground,0.0006874498212710023,251_2_RF01056_2_NC_000913.3_4467215-4467731_ext_0-200_int_195_off_0_percentage_0_position_0-0 genomicbackground,251,2,251_2
query_252,0,genomicbackground,0,genomicbackground,0.0007367547950707376,252_2_RF01056_2_NC_000913.3_4467215-4467731_ext_0-200_int_195_off_5_percentage_0_position_0-0 genomicbackground,252,2,252_2
query_253,0,genomicbackground,0,genomicbackground,0.0006614116718992591,253_2_RF01056_2_NC_000913.3_4467215-4467731_ext_0-200_int_200_off_0_percentage_0_position_0-0 genomicbackground,253,2,253_2
query_254,0,genomicbackground,0,genomicbackground,0.017634516581892967,254_2_RF01056_2_NC_000913.3_4467215-4467731_ext_20-220_int_95_off_0_percentage_0_position_0-0 genomicbackground,254,2,254_2
query_255,0,genomicbackground,0,genomicbackground,0.11880336701869965,255_2_RF01056_2_NC_000913.3_4467215-4467731_ext_20-220_int_95_off_5_percentage_0_position_0-0 genomicbackground,255,2,255_2
query_256,0,genomicbackground,0,genomicbackground,0.06778895854949951,256_2_RF01056_2_NC_000913.3_4467215-4467731_ext_20-220_int_95_off_10_percentage_0_position_0-0 genomicbackground,256,2,256_2
query_257,0,genomicbackground,0,genomicbackground,0.03717802092432976,257_2_RF01056_2_NC_000913.3_4467215-4467731_ext_20-220_int_95_off_15_percentage_0_position_0-0 genomicbackground,257,2,257_2
query_258,0,genomicbackground,0,genomicbackground,0.09380645304918289,258_2_RF01056_2_NC_000913.3_4467215-4467731_ext_20-220_int_95_off_20_percentage_0_position_0-0 genomicbackground,258,2,258_2
query_259,0,genomicbackground,0,genomicbackground,0.03604717552661896,259_2_RF01056_2_NC_000913.3_4467215-4467731_ext_20-220_int_95_off_25_percentage_0_position_0-0 genomicbackground,259,2,259_2
query_260,0,genomicbackground,0,genomicbackground,0.009977090172469616,260_2_RF01056_2_NC_000913.3_4467215-4467731_ext_20-220_int_95_off_30_percentage_0_position_0-0 genomicbackground,260,2,260_2
query_261,0,genomicbackground,0,genomicbackground,0.010583036579191685,261_2_RF01056_2_NC_000913.3_4467215-4467731_ext_20-220_int_95_off_35_percentage_0_position_0-0 genomicbackground,261,2,261_2
query_262,0,genomicbackground,0,genomicbackground,0.01394124049693346,262_2_RF01056_2_NC_000913.3_4467215-4467731_ext_20-220_int_95_off_40_percentage_0_position_0-0 genomicbackground,262,2,262_2
query_263,0,genomicbackground,0,genomicbackground,0.33641377091407776,263_2_RF01056_2_NC_000913.3_4467215-4467731_ext_20-220_int_95_off_45_percentage_0_position_0-0 genomicbackground,263,2,263_2
query_264,0,genomicbackground,0,genomicbackground,0.016729360446333885,264_2_RF01056_2_NC_000913.3_4467215-4467731_ext_20-220_int_95_off_50_percentage_0_position_0-0 genomicbackground,264,2,264_2
query_265,0,genomicbackground,0,genomicbackground,0.009017917327582836,265_2_RF01056_2_NC_000913.3_4467215-4467731_ext_20-220_int_95_off_55_percentage_0_position_0-0 genomicbackground,265,2,265_2
query_266,0,genomicbackground,0,genomicbackground,0.002079116413369775,266_2_RF01056_2_NC_000913.3_4467215-4467731_ext_20-220_int_95_off_60_percentage_0_position_0-0 genomicbackground,266,2,266_2
query_267,0,genomicbackground,0,genomicbackground,0.002390865236520767,267_2_RF01056_2_NC_000913.3_4467215-4467731_ext_20-220_int_95_off_65_percentage_0_position_0-0 genomicbackground,267,2,267_2
query_268,0,genomicbackground,0,genomicbackground,0.040263235569000244,268_2_RF01056_2_NC_000913.3_4467215-4467731_ext_20-220_int_95_off_70_percentage_0_position_0-0 genomicbackground,268,2,268_2
query_269,0,genomicbackground,0,genomicbackground,0.0003983525384683162,269_2_RF01056_2_NC_000913.3_4467215-4467731_ext_20-220_int_95_off_75_percentage_0_position_0-0 genomicbackground,269,2,269_2
query_270,0,genomicbackground,0,genomicbackground,0.00034624291583895683,270_2_RF01056_2_NC_000913.3_4467215-4467731_ext_20-220_int_95_off_80_percentage_0_position_0-0 genomicbackground,270,2,270_2
query_271,0,genomicbackground,0,genomicbackground,0.0002957227698061615,271_2_RF01056_2_NC_000913.3_4467215-4467731_ext_20-220_int_95_off_85_percentage_0_position_0-0 genomicbackground,271,2,271_2
query_272,0,genomicbackground,0,genomicbackground,0.00028902225312776864,272_2_RF01056_2_NC_000913.3_4467215-4467731_ext_20-220_int_95_off_90_percentage_4_position_91-95 genomicbackground,272,2,272_2
query_273,0,genomicbackground,0,genomicbackground,0.00032610169728286564,273_2_RF01056_2_NC_000913.3_4467215-4467731_ext_20-220_int_95_off_95_percentage_9_position_86-95 genomicbackground,273,2,273_2
query_274,0,genomicbackground,0,genomicbackground,0.0003796568780671805,274_2_RF01056_2_NC_000913.3_4467215-4467731_ext_20-220_int_95_off_100_percentage_13_position_81-95 genomicbackground,274,2,274_2
query_275,0,genomicbackground,0,genomicbackground,0.002566947601735592,275_2_RF01056_2_NC_000913.3_4467215-4467731_ext_20-220_int_95_off_105_percentage_17_position_76-95 genomicbackground,275,2,275_2
query_276,0,genomicbackground,0,genomicbackground,0.013920215889811516,276_2_RF01056_2_NC_000913.3_4467215-4467731_ext_20-220_int_100_off_0_percentage_0_position_0-0 genomicbackground,276,2,276_2
query_277,0,genomicbackground,0,genomicbackground,0.060652874410152435,277_2_RF01056_2_NC_000913.3_4467215-4467731_ext_20-220_int_100_off_5_percentage_0_position_0-0 genomicbackground,277,2,277_2
query_278,0,genomicbackground,0,genomicbackground,0.05151143670082092,278_2_RF01056_2_NC_000913.3_4467215-4467731_ext_20-220_int_100_off_10_percentage_0_position_0-0 genomicbackground,278,2,278_2
query_279,0,genomicbackground,0,genomicbackground,0.10269281268119812,279_2_RF01056_2_NC_000913.3_4467215-4467731_ext_20-220_int_100_off_15_percentage_0_position_0-0 genomicbackground,279,2,279_2
query_280,0,genomicbackground,0,genomicbackground,0.02935406193137169,280_2_RF01056_2_NC_000913.3_4467215-4467731_ext_20-220_int_100_off_20_percentage_0_position_0-0 genomicbackground,280,2,280_2
query_281,0,genomicbackground,0,genomicbackground,0.024572493508458138,281_2_RF01056_2_NC_000913.3_4467215-4467731_ext_20-220_int_100_off_25_percentage_0_position_0-0 genomicbackground,281,2,281_2
query_282,0,genomicbackground,0,genomicbackground,0.011813882738351822,282_2_RF01056_2_NC_000913.3_4467215-4467731_ext_20-220_int_100_off_30_percentage_0_position_0-0 genomicbackground,282,2,282_2
query_283,0,genomicbackground,0,genomicbackground,0.009719999507069588,283_2_RF01056_2_NC_000913.3_4467215-4467731_ext_20-220_int_100_off_35_percentage_0_position_0-0 genomicbackground,283,2,283_2
query_284,0,genomicbackground,0,genomicbackground,0.03311731293797493,284_2_RF01056_2_NC_000913.3_4467215-4467731_ext_20-220_int_100_off_40_percentage_0_position_0-0 genomicbackground,284,2,284_2
query_285,0,genomicbackground,0,genomicbackground,0.10364235192537308,285_2_RF01056_2_NC_000913.3_4467215-4467731_ext_20-220_int_100_off_45_percentage_0_position_0-0 genomicbackground,285,2,285_2
query_286,0,genomicbackground,0,genomicbackground,0.0035174377262592316,286_2_RF01056_2_NC_000913.3_4467215-4467731_ext_20-220_int_100_off_50_percentage_0_position_0-0 genomicbackground,286,2,286_2
query_287,0,genomicbackground,0,genomicbackground,0.014739727601408958,287_2_RF01056_2_NC_000913.3_4467215-4467731_ext_20-220_int_100_off_55_percentage_0_position_0-0 genomicbackground,287,2,287_2
query_288,0,genomicbackground,0,genomicbackground,0.021155880764126778,288_2_RF01056_2_NC_000913.3_4467215-4467731_ext_20-220_int_100_off_60_percentage_0_position_0-0 genomicbackground,288,2,288_2
query_289,0,genomicbackground,0,genomicbackground,0.013190492056310177,289_2_RF01056_2_NC_000913.3_4467215-4467731_ext_20-220_int_100_off_65_percentage_0_position_0-0 genomicbackground,289,2,289_2
query_290,0,genomicbackground,0,genomicbackground,0.00038753467379137874,290_2_RF01056_2_NC_000913.3_4467215-4467731_ext_20-220_int_100_off_70_percentage_0_position_0-0 genomicbackground,290,2,290_2
query_291,0,genomicbackground,0,genomicbackground,0.0003841349098365754,291_2_RF01056_2_NC_000913.3_4467215-4467731_ext_20-220_int_100_off_75_percentage_0_position_0-0 genomicbackground,291,2,291_2
query_292,0,genomicbackground,0,genomicbackground,0.0003150862758047879,292_2_RF01056_2_NC_000913.3_4467215-4467731_ext_20-220_int_100_off_80_percentage_0_position_0-0 genomicbackground,292,2,292_2
query_293,0,genomicbackground,0,genomicbackground,0.000295790727250278,293_2_RF01056_2_NC_000913.3_4467215-4467731_ext_20-220_int_100_off_85_percentage_4_position_96-100 genomicbackground,293,2,293_2
query_294,0,genomicbackground,0,genomicbackground,0.00029344941140152514,294_2_RF01056_2_NC_000913.3_4467215-4467731_ext_20-220_int_100_off_90_percentage_9_position_91-100 genomicbackground,294,2,294_2
query_295,0,genomicbackground,0,genomicbackground,0.0003636489564087242,295_2_RF01056_2_NC_000913.3_4467215-4467731_ext_20-220_int_100_off_95_percentage_13_position_86-100 genomicbackground,295,2,295_2
query_296,0,genomicbackground,0,genomicbackground,0.015875916928052902,296_2_RF01056_2_NC_000913.3_4467215-4467731_ext_20-220_int_100_off_100_percentage_17_position_81-100 genomicbackground,296,2,296_2
query_297,0,genomicbackground,0,genomicbackground,0.016964441165328026,297_2_RF01056_2_NC_000913.3_4467215-4467731_ext_20-220_int_105_off_0_percentage_0_position_0-0 genomicbackground,297,2,297_2
query_298,0,genomicbackground,0,genomicbackground,0.03394721820950508,298_2_RF01056_2_NC_000913.3_4467215-4467731_ext_20-220_int_105_off_5_percentage_0_position_0-0 genomicbackground,298,2,298_2
query_299,0,genomicbackground,0,genomicbackground,0.18919534981250763,299_2_RF01056_2_NC_000913.3_4467215-4467731_ext_20-220_int_105_off_10_percentage_0_position_0-0 genomicbackground,299,2,299_2
query_300,0,genomicbackground,0,genomicbackground,0.03323214128613472,300_2_RF01056_2_NC_000913.3_4467215-4467731_ext_20-220_int_105_off_15_percentage_0_position_0-0 genomicbackground,300,2,300_2
query_301,0,genomicbackground,0,genomicbackground,0.01812409795820713,301_2_RF01056_2_NC_000913.3_4467215-4467731_ext_20-220_int_105_off_20_percentage_0_position_0-0 genomicbackground,301,2,301_2
query_302,0,genomicbackground,0,genomicbackground,0.014740290120244026,302_2_RF01056_2_NC_000913.3_4467215-4467731_ext_20-220_int_105_off_25_percentage_0_position_0-0 genomicbackground,302,2,302_2
query_303,0,genomicbackground,0,genomicbackground,0.010692953132092953,303_2_RF01056_2_NC_000913.3_4467215-4467731_ext_20-220_int_105_off_30_percentage_0_position_0-0 genomicbackground,303,2,303_2
query_304,0,genomicbackground,0,genomicbackground,0.018623728305101395,304_2_RF01056_2_NC_000913.3_4467215-4467731_ext_20-220_int_105_off_35_percentage_0_position_0-0 genomicbackground,304,2,304_2
query_305,0,genomicbackground,0,genomicbackground,0.013474293984472752,305_2_RF01056_2_NC_000913.3_4467215-4467731_ext_20-220_int_105_off_40_percentage_0_position_0-0 genomicbackground,305,2,305_2
query_306,0,genomicbackground,0,genomicbackground,0.014385922811925411,306_2_RF01056_2_NC_000913.3_4467215-4467731_ext_20-220_int_105_off_45_percentage_0_position_0-0 genomicbackground,306,2,306_2
query_307,0,genomicbackground,0,genomicbackground,0.03651905059814453,307_2_RF01056_2_NC_000913.3_4467215-4467731_ext_20-220_int_105_off_50_percentage_0_position_0-0 genomicbackground,307,2,307_2
query_308,0,genomicbackground,0,genomicbackground,0.024274317547678947,308_2_RF01056_2_NC_000913.3_4467215-4467731_ext_20-220_int_105_off_55_percentage_0_position_0-0 genomicbackground,308,2,308_2
query_309,0,genomicbackground,0,genomicbackground,0.0006838772678747773,309_2_RF01056_2_NC_000913.3_4467215-4467731_ext_20-220_int_105_off_60_percentage_0_position_0-0 genomicbackground,309,2,309_2
query_310,0,genomicbackground,0,genomicbackground,0.0003795426746364683,310_2_RF01056_2_NC_000913.3_4467215-4467731_ext_20-220_int_105_off_65_percentage_0_position_0-0 genomicbackground,310,2,310_2
query_311,0,genomicbackground,0,genomicbackground,0.0003706754359882325,311_2_RF01056_2_NC_000913.3_4467215-4467731_ext_20-220_int_105_off_70_percentage_0_position_0-0 genomicbackground,311,2,311_2
query_312,0,genomicbackground,0,genomicbackground,0.00036020445986650884,312_2_RF01056_2_NC_000913.3_4467215-4467731_ext_20-220_int_105_off_75_percentage_0_position_0-0 genomicbackground,312,2,312_2
query_313,0,genomicbackground,0,genomicbackground,0.0003016845148522407,313_2_RF01056_2_NC_000913.3_4467215-4467731_ext_20-220_int_105_off_80_percentage_4_position_101-105 genomicbackground,313,2,313_2
query_314,0,genomicbackground,0,genomicbackground,0.0003291078610345721,314_2_RF01056_2_NC_000913.3_4467215-4467731_ext_20-220_int_105_off_85_percentage_9_position_96-105 genomicbackground,314,2,314_2
query_315,0,genomicbackground,0,genomicbackground,0.0003631247964221984,315_2_RF01056_2_NC_000913.3_4467215-4467731_ext_20-220_int_105_off_90_percentage_13_position_91-105 genomicbackground,315,2,315_2
query_316,0,genomicbackground,0,genomicbackground,0.0003787640016525984,316_2_RF01056_2_NC_000913.3_4467215-4467731_ext_20-220_int_105_off_95_percentage_17_position_86-105 genomicbackground,316,2,316_2
query_317,0,genomicbackground,0,genomicbackground,0.016596630215644836,317_2_RF01056_2_NC_000913.3_4467215-4467731_ext_20-220_int_110_off_0_percentage_0_position_0-0 genomicbackground,317,2,317_2
query_318,0,genomicbackground,0,genomicbackground,0.06786949187517166,318_2_RF01056_2_NC_000913.3_4467215-4467731_ext_20-220_int_110_off_5_percentage_0_position_0-0 genomicbackground,318,2,318_2
query_319,0,genomicbackground,0,genomicbackground,0.2568672299385071,319_2_RF01056_2_NC_000913.3_4467215-4467731_ext_20-220_int_110_off_10_percentage_0_position_0-0 genomicbackground,319,2,319_2
query_320,0,genomicbackground,0,genomicbackground,0.020079152658581734,320_2_RF01056_2_NC_000913.3_4467215-4467731_ext_20-220_int_110_off_15_percentage_0_position_0-0 genomicbackground,320,2,320_2
query_321,0,genomicbackground,0,genomicbackground,0.012086713686585426,321_2_RF01056_2_NC_000913.3_4467215-4467731_ext_20-220_int_110_off_20_percentage_0_position_0-0 genomicbackground,321,2,321_2
query_322,0,genomicbackground,0,genomicbackground,0.017310215160250664,322_2_RF01056_2_NC_000913.3_4467215-4467731_ext_20-220_int_110_off_25_percentage_0_position_0-0 genomicbackground,322,2,322_2
query_323,0,genomicbackground,0,genomicbackground,0.0191994346678257,323_2_RF01056_2_NC_000913.3_4467215-4467731_ext_20-220_int_110_off_30_percentage_0_position_0-0 genomicbackground,323,2,323_2
query_324,0,genomicbackground,0,genomicbackground,0.01152182836085558,324_2_RF01056_2_NC_000913.3_4467215-4467731_ext_20-220_int_110_off_35_percentage_0_position_0-0 genomicbackground,324,2,324_2
query_325,0,genomicbackground,0,genomicbackground,0.002355697099119425,325_2_RF01056_2_NC_000913.3_4467215-4467731_ext_20-220_int_110_off_40_percentage_0_position_0-0 genomicbackground,325,2,325_2
query_326,0,genomicbackground,0,genomicbackground,0.0055264863185584545,326_2_RF01056_2_NC_000913.3_4467215-4467731_ext_20-220_int_110_off_45_percentage_0_position_0-0 genomicbackground,326,2,326_2
query_327,0,genomicbackground,0,genomicbackground,0.016991999000310898,327_2_RF01056_2_NC_000913.3_4467215-4467731_ext_20-220_int_110_off_50_percentage_0_position_0-0 genomicbackground,327,2,327_2
query_328,0,genomicbackground,0,genomicbackground,0.013271993957459927,328_2_RF01056_2_NC_000913.3_4467215-4467731_ext_20-220_int_110_off_55_percentage_0_position_0-0 genomicbackground,328,2,328_2
query_329,0,genomicbackground,0,genomicbackground,0.0003561055928003043,329_2_RF01056_2_NC_000913.3_4467215-4467731_ext_20-220_int_110_off_60_percentage_0_position_0-0 genomicbackground,329,2,329_2
query_330,0,genomicbackground,0,genomicbackground,0.00034335453528910875,330_2_RF01056_2_NC_000913.3_4467215-4467731_ext_20-220_int_110_off_65_percentage_0_position_0-0 genomicbackground,330,2,330_2
query_331,0,genomicbackground,0,genomicbackground,0.00035343848867341876,331_2_RF01056_2_NC_000913.3_4467215-4467731_ext_20-220_int_110_off_70_percentage_0_position_0-0 genomicbackground,331,2,331_2
query_332,0,genomicbackground,0,genomicbackground,0.0003532004193402827,332_2_RF01056_2_NC_000913.3_4467215-4467731_ext_20-220_int_110_off_75_percentage_4_position_106-110 genomicbackground,332,2,332_2
query_333,0,genomicbackground,0,genomicbackground,0.0003035818808712065,333_2_RF01056_2_NC_000913.3_4467215-4467731_ext_20-220_int_110_off_80_percentage_9_position_101-110 genomicbackground,333,2,333_2
query_334,0,genomicbackground,0,genomicbackground,0.0003493452968541533,334_2_RF01056_2_NC_000913.3_4467215-4467731_ext_20-220_int_110_off_85_percentage_13_position_96-110 genomicbackground,334,2,334_2
query_335,0,genomicbackground,0,genomicbackground,0.0003722421242855489,335_2_RF01056_2_NC_000913.3_4467215-4467731_ext_20-220_int_110_off_90_percentage_17_position_91-110 genomicbackground,335,2,335_2
query_336,0,genomicbackground,0,genomicbackground,0.023424740880727768,336_2_RF01056_2_NC_000913.3_4467215-4467731_ext_20-220_int_115_off_0_percentage_0_position_0-0 genomicbackground,336,2,336_2
query_337,0,genomicbackground,0,genomicbackground,0.08501870185136795,337_2_RF01056_2_NC_000913.3_4467215-4467731_ext_20-220_int_115_off_5_percentage_0_position_0-0 genomicbackground,337,2,337_2
query_338,0,genomicbackground,0,genomicbackground,0.13130362331867218,338_2_RF01056_2_NC_000913.3_4467215-4467731_ext_20-220_int_115_off_10_percentage_0_position_0-0 genomicbackground,338,2,338_2
query_339,0,genomicbackground,0,genomicbackground,0.057500217109918594,339_2_RF01056_2_NC_000913.3_4467215-4467731_ext_20-220_int_115_off_15_percentage_0_position_0-0 genomicbackground,339,2,339_2
query_340,0,genomicbackground,0,genomicbackground,0.014133913442492485,340_2_RF01056_2_NC_000913.3_4467215-4467731_ext_20-220_int_115_off_20_percentage_0_position_0-0 genomicbackground,340,2,340_2
query_341,0,genomicbackground,0,genomicbackground,0.016808513551950455,341_2_RF01056_2_NC_000913.3_4467215-4467731_ext_20-220_int_115_off_25_percentage_0_position_0-0 genomicbackground,341,2,341_2
query_342,0,genomicbackground,0,genomicbackground,0.010604580864310265,342_2_RF01056_2_NC_000913.3_4467215-4467731_ext_20-220_int_115_off_30_percentage_0_position_0-0 genomicbackground,342,2,342_2
query_343,0,genomicbackground,0,genomicbackground,0.002539330394938588,343_2_RF01056_2_NC_000913.3_4467215-4467731_ext_20-220_int_115_off_35_percentage_0_position_0-0 genomicbackground,343,2,343_2
query_344,0,genomicbackground,0,genomicbackground,0.0021229679696261883,344_2_RF01056_2_NC_000913.3_4467215-4467731_ext_20-220_int_115_off_40_percentage_0_position_0-0 genomicbackground,344,2,344_2
query_345,0,genomicbackground,0,genomicbackground,0.0077013312838971615,345_2_RF01056_2_NC_000913.3_4467215-4467731_ext_20-220_int_115_off_45_percentage_0_position_0-0 genomicbackground,345,2,345_2
query_346,0,genomicbackground,0,genomicbackground,0.013945449143648148,346_2_RF01056_2_NC_000913.3_4467215-4467731_ext_20-220_int_115_off_50_percentage_0_position_0-0 genomicbackground,346,2,346_2
query_347,0,genomicbackground,0,genomicbackground,0.000402747537009418,347_2_RF01056_2_NC_000913.3_4467215-4467731_ext_20-220_int_115_off_55_percentage_0_position_0-0 genomicbackground,347,2,347_2
query_348,0,genomicbackground,0,genomicbackground,0.00034680753014981747,348_2_RF01056_2_NC_000913.3_4467215-4467731_ext_20-220_int_115_off_60_percentage_0_position_0-0 genomicbackground,348,2,348_2
query_349,0,genomicbackground,0,genomicbackground,0.0003322184202261269,349_2_RF01056_2_NC_000913.3_4467215-4467731_ext_20-220_int_115_off_65_percentage_0_position_0-0 genomicbackground,349,2,349_2
query_350,0,genomicbackground,0,genomicbackground,0.00034954005968756974,350_2_RF01056_2_NC_000913.3_4467215-4467731_ext_20-220_int_115_off_70_percentage_4_position_111-115 genomicbackground,350,2,350_2
query_351,0,genomicbackground,0,genomicbackground,0.000325529370456934,351_2_RF01056_2_NC_000913.3_4467215-4467731_ext_20-220_int_115_off_75_percentage_9_position_106-115 genomicbackground,351,2,351_2
query_352,0,genomicbackground,0,genomicbackground,0.00033029261976480484,352_2_RF01056_2_NC_000913.3_4467215-4467731_ext_20-220_int_115_off_80_percentage_13_position_101-115 genomicbackground,352,2,352_2
query_353,0,genomicbackground,0,genomicbackground,0.0003587303508538753,353_2_RF01056_2_NC_000913.3_4467215-4467731_ext_20-220_int_115_off_85_percentage_17_position_96-115 genomicbackground,353,2,353_2
query_354,0,genomicbackground,0,genomicbackground,0.027940528467297554,354_2_RF01056_2_NC_000913.3_4467215-4467731_ext_20-220_int_120_off_0_percentage_0_position_0-0 genomicbackground,354,2,354_2
query_355,0,genomicbackground,0,genomicbackground,0.04658246040344238,355_2_RF01056_2_NC_000913.3_4467215-4467731_ext_20-220_int_120_off_5_percentage_0_position_0-0 genomicbackground,355,2,355_2
query_356,0,genomicbackground,0,genomicbackground,0.25925213098526,356_2_RF01056_2_NC_000913.3_4467215-4467731_ext_20-220_int_120_off_10_percentage_0_position_0-0 genomicbackground,356,2,356_2
query_357,0,genomicbackground,0,genomicbackground,0.01513135526329279,357_2_RF01056_2_NC_000913.3_4467215-4467731_ext_20-220_int_120_off_15_percentage_0_position_0-0 genomicbackground,357,2,357_2
query_358,0,genomicbackground,0,genomicbackground,0.013778399676084518,358_2_RF01056_2_NC_000913.3_4467215-4467731_ext_20-220_int_120_off_20_percentage_0_position_0-0 genomicbackground,358,2,358_2
query_359,0,genomicbackground,0,genomicbackground,0.010669438168406487,359_2_RF01056_2_NC_000913.3_4467215-4467731_ext_20-220_int_120_off_25_percentage_0_position_0-0 genomicbackground,359,2,359_2
query_360,0,genomicbackground,0,genomicbackground,0.0027294373139739037,360_2_RF01056_2_NC_000913.3_4467215-4467731_ext_20-220_int_120_off_30_percentage_0_position_0-0 genomicbackground,360,2,360_2
query_361,0,genomicbackground,0,genomicbackground,0.0023621649015694857,361_2_RF01056_2_NC_000913.3_4467215-4467731_ext_20-220_int_120_off_35_percentage_0_position_0-0 genomicbackground,361,2,361_2
query_362,0,genomicbackground,0,genomicbackground,0.0021779481321573257,362_2_RF01056_2_NC_000913.3_4467215-4467731_ext_20-220_int_120_off_40_percentage_0_position_0-0 genomicbackground,362,2,362_2
query_363,0,genomicbackground,0,genomicbackground,0.00508669251576066,363_2_RF01056_2_NC_000913.3_4467215-4467731_ext_20-220_int_120_off_45_percentage_0_position_0-0 genomicbackground,363,2,363_2
query_364,0,genomicbackground,0,genomicbackground,0.00042552920058369637,364_2_RF01056_2_NC_000913.3_4467215-4467731_ext_20-220_int_120_off_50_percentage_0_position_0-0 genomicbackground,364,2,364_2
query_365,0,genomicbackground,0,genomicbackground,0.00035930282319895923,365_2_RF01056_2_NC_000913.3_4467215-4467731_ext_20-220_int_120_off_55_percentage_0_position_0-0 genomicbackground,365,2,365_2
query_366,0,genomicbackground,0,genomicbackground,0.00033000673283822834,366_2_RF01056_2_NC_000913.3_4467215-4467731_ext_20-220_int_120_off_60_percentage_0_position_0-0 genomicbackground,366,2,366_2
query_367,0,genomicbackground,0,genomicbackground,0.0003323290147818625,367_2_RF01056_2_NC_000913.3_4467215-4467731_ext_20-220_int_120_off_65_percentage_4_position_116-120 genomicbackground,367,2,367_2
query_368,0,genomicbackground,0,genomicbackground,0.0003410936042200774,368_2_RF01056_2_NC_000913.3_4467215-4467731_ext_20-220_int_120_off_70_percentage_9_position_111-120 genomicbackground,368,2,368_2
query_369,0,genomicbackground,0,genomicbackground,0.00037681375397369266,369_2_RF01056_2_NC_000913.3_4467215-4467731_ext_20-220_int_120_off_75_percentage_13_position_106-120 genomicbackground,369,2,369_2
query_370,0,genomicbackground,0,genomicbackground,0.00034771941136568785,370_2_RF01056_2_NC_000913.3_4467215-4467731_ext_20-220_int_120_off_80_percentage_17_position_101-120 genomicbackground,370,2,370_2
query_371,0,genomicbackground,0,genomicbackground,0.03510401025414467,371_2_RF01056_2_NC_000913.3_4467215-4467731_ext_20-220_int_125_off_0_percentage_0_position_0-0 genomicbackground,371,2,371_2
query_372,0,genomicbackground,0,genomicbackground,0.07634104043245316,372_2_RF01056_2_NC_000913.3_4467215-4467731_ext_20-220_int_125_off_5_percentage_0_position_0-0 genomicbackground,372,2,372_2
query_373,0,genomicbackground,0,genomicbackground,0.31083646416664124,373_2_RF01056_2_NC_000913.3_4467215-4467731_ext_20-220_int_125_off_10_percentage_0_position_0-0 genomicbackground,373,2,373_2
query_374,0,genomicbackground,0,genomicbackground,0.014698781073093414,374_2_RF01056_2_NC_000913.3_4467215-4467731_ext_20-220_int_125_off_15_percentage_0_position_0-0 genomicbackground,374,2,374_2
query_375,0,genomicbackground,0,genomicbackground,0.010840320028364658,375_2_RF01056_2_NC_000913.3_4467215-4467731_ext_20-220_int_125_off_20_percentage_0_position_0-0 genomicbackground,375,2,375_2
query_376,0,genomicbackground,0,genomicbackground,0.014445451088249683,376_2_RF01056_2_NC_000913.3_4467215-4467731_ext_20-220_int_125_off_25_percentage_0_position_0-0 genomicbackground,376,2,376_2
query_377,0,genomicbackground,0,genomicbackground,0.0024136488791555166,377_2_RF01056_2_NC_000913.3_4467215-4467731_ext_20-220_int_125_off_30_percentage_0_position_0-0 genomicbackground,377,2,377_2
query_378,0,genomicbackground,0,genomicbackground,0.002417441923171282,378_2_RF01056_2_NC_000913.3_4467215-4467731_ext_20-220_int_125_off_35_percentage_0_position_0-0 genomicbackground,378,2,378_2
query_379,0,genomicbackground,0,genomicbackground,0.001082578906789422,379_2_RF01056_2_NC_000913.3_4467215-4467731_ext_20-220_int_125_off_40_percentage_0_position_0-0 genomicbackground,379,2,379_2
query_380,0,genomicbackground,0,genomicbackground,0.0005594611866399646,380_2_RF01056_2_NC_000913.3_4467215-4467731_ext_20-220_int_125_off_45_percentage_0_position_0-0 genomicbackground,380,2,380_2
query_381,0,genomicbackground,0,genomicbackground,0.0004324735782574862,381_2_RF01056_2_NC_000913.3_4467215-4467731_ext_20-220_int_125_off_50_percentage_0_position_0-0 genomicbackground,381,2,381_2
query_382,0,genomicbackground,0,genomicbackground,0.00032469871803186834,382_2_RF01056_2_NC_000913.3_4467215-4467731_ext_20-220_int_125_off_55_percentage_0_position_0-0 genomicbackground,382,2,382_2
query_383,0,genomicbackground,0,genomicbackground,0.00032381524215452373,383_2_RF01056_2_NC_000913.3_4467215-4467731_ext_20-220_int_125_off_60_percentage_4_position_121-125 genomicbackground,383,2,383_2
query_384,0,genomicbackground,0,genomicbackground,0.00033936419640667737,384_2_RF01056_2_NC_000913.3_4467215-4467731_ext_20-220_int_125_off_65_percentage_9_position_116-125 genomicbackground,384,2,384_2
query_385,0,genomicbackground,0,genomicbackground,0.0003854923998005688,385_2_RF01056_2_NC_000913.3_4467215-4467731_ext_20-220_int_125_off_70_percentage_13_position_111-125 genomicbackground,385,2,385_2
query_386,0,genomicbackground,0,genomicbackground,0.0003922542673535645,386_2_RF01056_2_NC_000913.3_4467215-4467731_ext_20-220_int_125_off_75_percentage_17_position_106-125 genomicbackground,386,2,386_2
query_387,0,genomicbackground,0,genomicbackground,0.01985524781048298,387_2_RF01056_2_NC_000913.3_4467215-4467731_ext_20-220_int_130_off_0_percentage_0_position_0-0 genomicbackground,387,2,387_2
query_388,0,genomicbackground,0,genomicbackground,0.1745615154504776,388_2_RF01056_2_NC_000913.3_4467215-4467731_ext_20-220_int_130_off_5_percentage_0_position_0-0 genomicbackground,388,2,388_2
query_389,0,genomicbackground,0,genomicbackground,0.21966686844825745,389_2_RF01056_2_NC_000913.3_4467215-4467731_ext_20-220_int_130_off_10_percentage_0_position_0-0 genomicbackground,389,2,389_2
query_390,0,genomicbackground,0,genomicbackground,0.011040404438972473,390_2_RF01056_2_NC_000913.3_4467215-4467731_ext_20-220_int_130_off_15_percentage_0_position_0-0 genomicbackground,390,2,390_2
query_391,0,genomicbackground,0,genomicbackground,0.012022101320326328,391_2_RF01056_2_NC_000913.3_4467215-4467731_ext_20-220_int_130_off_20_percentage_0_position_0-0 genomicbackground,391,2,391_2
query_392,0,genomicbackground,0,genomicbackground,0.012961654923856258,392_2_RF01056_2_NC_000913.3_4467215-4467731_ext_20-220_int_130_off_25_percentage_0_position_0-0 genomicbackground,392,2,392_2
query_393,0,genomicbackground,0,genomicbackground,0.0025109683629125357,393_2_RF01056_2_NC_000913.3_4467215-4467731_ext_20-220_int_130_off_30_percentage_0_position_0-0 genomicbackground,393,2,393_2
query_394,0,genomicbackground,0,genomicbackground,0.0009842024883255363,394_2_RF01056_2_NC_000913.3_4467215-4467731_ext_20-220_int_130_off_35_percentage_0_position_0-0 genomicbackground,394,2,394_2
query_395,0,genomicbackground,0,genomicbackground,0.00044189649634063244,395_2_RF01056_2_NC_000913.3_4467215-4467731_ext_20-220_int_130_off_40_percentage_0_position_0-0 genomicbackground,395,2,395_2
query_396,0,genomicbackground,0,genomicbackground,0.0004764196928590536,396_2_RF01056_2_NC_000913.3_4467215-4467731_ext_20-220_int_130_off_45_percentage_0_position_0-0 genomicbackground,396,2,396_2
query_397,0,genomicbackground,0,genomicbackground,0.000396213581552729,397_2_RF01056_2_NC_000913.3_4467215-4467731_ext_20-220_int_130_off_50_percentage_0_position_0-0 genomicbackground,397,2,397_2
query_398,0,genomicbackground,0,genomicbackground,0.00030495846294797957,398_2_RF01056_2_NC_000913.3_4467215-4467731_ext_20-220_int_130_off_55_percentage_4_position_126-130 genomicbackground,398,2,398_2
query_399,0,genomicbackground,0,genomicbackground,0.0003058403672184795,399_2_RF01056_2_NC_000913.3_4467215-4467731_ext_20-220_int_130_off_60_percentage_9_position_121-130 genomicbackground,399,2,399_2
query_400,0,genomicbackground,0,genomicbackground,0.0003655478067230433,400_2_RF01056_2_NC_000913.3_4467215-4467731_ext_20-220_int_130_off_65_percentage_13_position_116-130 genomicbackground,400,2,400_2
query_401,0,genomicbackground,0,genomicbackground,0.00039579326403327286,401_2_RF01056_2_NC_000913.3_4467215-4467731_ext_20-220_int_130_off_70_percentage_17_position_111-130 genomicbackground,401,2,401_2
query_402,0,genomicbackground,0,genomicbackground,0.020050019025802612,402_2_RF01056_2_NC_000913.3_4467215-4467731_ext_20-220_int_135_off_0_percentage_0_position_0-0 genomicbackground,402,2,402_2
query_403,0,genomicbackground,0,genomicbackground,0.17856107652187347,403_2_RF01056_2_NC_000913.3_4467215-4467731_ext_20-220_int_135_off_5_percentage_0_position_0-0 genomicbackground,403,2,403_2
query_404,0,genomicbackground,0,genomicbackground,0.044648922979831696,404_2_RF01056_2_NC_000913.3_4467215-4467731_ext_20-220_int_135_off_10_percentage_0_position_0-0 genomicbackground,404,2,404_2
query_405,0,genomicbackground,0,genomicbackground,0.024155717343091965,405_2_RF01056_2_NC_000913.3_4467215-4467731_ext_20-220_int_135_off_15_percentage_0_position_0-0 genomicbackground,405,2,405_2
query_406,0,genomicbackground,0,genomicbackground,0.011331208050251007,406_2_RF01056_2_NC_000913.3_4467215-4467731_ext_20-220_int_135_off_20_percentage_0_position_0-0 genomicbackground,406,2,406_2
query_407,0,genomicbackground,0,genomicbackground,0.007507964503020048,407_2_RF01056_2_NC_000913.3_4467215-4467731_ext_20-220_int_135_off_25_percentage_0_position_0-0 genomicbackground,407,2,407_2
query_408,0,genomicbackground,0,genomicbackground,0.0008160138386301696,408_2_RF01056_2_NC_000913.3_4467215-4467731_ext_20-220_int_135_off_30_percentage_0_position_0-0 genomicbackground,408,2,408_2
query_409,0,genomicbackground,0,genomicbackground,0.00044376312871463597,409_2_RF01056_2_NC_000913.3_4467215-4467731_ext_20-220_int_135_off_35_percentage_0_position_0-0 genomicbackground,409,2,409_2
query_410,0,genomicbackground,0,genomicbackground,0.00043168055708520114,410_2_RF01056_2_NC_000913.3_4467215-4467731_ext_20-220_int_135_off_40_percentage_0_position_0-0 genomicbackground,410,2,410_2
query_411,0,genomicbackground,0,genomicbackground,0.000430586893344298,411_2_RF01056_2_NC_000913.3_4467215-4467731_ext_20-220_int_135_off_45_percentage_0_position_0-0 genomicbackground,411,2,411_2
query_412,0,genomicbackground,0,genomicbackground,0.0003737097140401602,412_2_RF01056_2_NC_000913.3_4467215-4467731_ext_20-220_int_135_off_50_percentage_4_position_131-135 genomicbackground,412,2,412_2
query_413,0,genomicbackground,0,genomicbackground,0.0002980975841637701,413_2_RF01056_2_NC_000913.3_4467215-4467731_ext_20-220_int_135_off_55_percentage_9_position_126-135 genomicbackground,413,2,413_2
query_414,0,genomicbackground,0,genomicbackground,0.0003401024150662124,414_2_RF01056_2_NC_000913.3_4467215-4467731_ext_20-220_int_135_off_60_percentage_13_position_121-135 genomicbackground,414,2,414_2
query_415,0,genomicbackground,0,genomicbackground,0.00037684087874367833,415_2_RF01056_2_NC_000913.3_4467215-4467731_ext_20-220_int_135_off_65_percentage_17_position_116-135 genomicbackground,415,2,415_2
query_416,0,genomicbackground,0,genomicbackground,0.020498711615800858,416_2_RF01056_2_NC_000913.3_4467215-4467731_ext_20-220_int_140_off_0_percentage_0_position_0-0 genomicbackground,416,2,416_2
query_417,0,genomicbackground,0,genomicbackground,0.03559479862451553,417_2_RF01056_2_NC_000913.3_4467215-4467731_ext_20-220_int_140_off_5_percentage_0_position_0-0 genomicbackground,417,2,417_2
query_418,0,genomicbackground,0,genomicbackground,0.017338871955871582,418_2_RF01056_2_NC_000913.3_4467215-4467731_ext_20-220_int_140_off_10_percentage_0_position_0-0 genomicbackground,418,2,418_2
query_419,0,genomicbackground,0,genomicbackground,0.023495154455304146,419_2_RF01056_2_NC_000913.3_4467215-4467731_ext_20-220_int_140_off_15_percentage_0_position_0-0 genomicbackground,419,2,419_2
query_420,0,genomicbackground,0,genomicbackground,0.008236128836870193,420_2_RF01056_2_NC_000913.3_4467215-4467731_ext_20-220_int_140_off_20_percentage_0_position_0-0 genomicbackground,420,2,420_2
query_421,0,genomicbackground,0,genomicbackground,0.004915550816804171,421_2_RF01056_2_NC_000913.3_4467215-4467731_ext_20-220_int_140_off_25_percentage_0_position_0-0 genomicbackground,421,2,421_2
query_422,0,genomicbackground,0,genomicbackground,0.00042289591510780156,422_2_RF01056_2_NC_000913.3_4467215-4467731_ext_20-220_int_140_off_30_percentage_0_position_0-0 genomicbackground,422,2,422_2
query_423,0,genomicbackground,0,genomicbackground,0.0004292910161893815,423_2_RF01056_2_NC_000913.3_4467215-4467731_ext_20-220_int_140_off_35_percentage_0_position_0-0 genomicbackground,423,2,423_2
query_424,0,genomicbackground,0,genomicbackground,0.00040579118649475276,424_2_RF01056_2_NC_000913.3_4467215-4467731_ext_20-220_int_140_off_40_percentage_0_position_0-0 genomicbackground,424,2,424_2
query_425,0,genomicbackground,0,genomicbackground,0.0004005775263067335,425_2_RF01056_2_NC_000913.3_4467215-4467731_ext_20-220_int_140_off_45_percentage_4_position_136-140 genomicbackground,425,2,425_2
query_426,0,genomicbackground,0,genomicbackground,0.00036922944127582014,426_2_RF01056_2_NC_000913.3_4467215-4467731_ext_20-220_int_140_off_50_percentage_9_position_131-140 genomicbackground,426,2,426_2
query_427,0,genomicbackground,0,genomicbackground,0.0003274826449342072,427_2_RF01056_2_NC_000913.3_4467215-4467731_ext_20-220_int_140_off_55_percentage_13_position_126-140 genomicbackground,427,2,427_2
query_428,0,genomicbackground,0,genomicbackground,0.0003494000993669033,428_2_RF01056_2_NC_000913.3_4467215-4467731_ext_20-220_int_140_off_60_percentage_17_position_121-140 genomicbackground,428,2,428_2
query_429,0,genomicbackground,0,genomicbackground,0.012937000021338463,429_2_RF01056_2_NC_000913.3_4467215-4467731_ext_20-220_int_145_off_0_percentage_0_position_0-0 genomicbackground,429,2,429_2
query_430,0,genomicbackground,0,genomicbackground,0.01570107601583004,430_2_RF01056_2_NC_000913.3_4467215-4467731_ext_20-220_int_145_off_5_percentage_0_position_0-0 genomicbackground,430,2,430_2
query_431,0,genomicbackground,0,genomicbackground,0.003799459431320429,431_2_RF01056_2_NC_000913.3_4467215-4467731_ext_20-220_int_145_off_10_percentage_0_position_0-0 genomicbackground,431,2,431_2
query_432,0,genomicbackground,0,genomicbackground,0.02611500211060047,432_2_RF01056_2_NC_000913.3_4467215-4467731_ext_20-220_int_145_off_15_percentage_0_position_0-0 genomicbackground,432,2,432_2
query_433,0,genomicbackground,0,genomicbackground,0.006159360986202955,433_2_RF01056_2_NC_000913.3_4467215-4467731_ext_20-220_int_145_off_20_percentage_0_position_0-0 genomicbackground,433,2,433_2
query_434,0,genomicbackground,0,genomicbackground,0.0004944892134517431,434_2_RF01056_2_NC_000913.3_4467215-4467731_ext_20-220_int_145_off_25_percentage_0_position_0-0 genomicbackground,434,2,434_2
query_435,0,genomicbackground,0,genomicbackground,0.0004040175990667194,435_2_RF01056_2_NC_000913.3_4467215-4467731_ext_20-220_int_145_off_30_percentage_0_position_0-0 genomicbackground,435,2,435_2
query_436,0,genomicbackground,0,genomicbackground,0.0004082145751453936,436_2_RF01056_2_NC_000913.3_4467215-4467731_ext_20-220_int_145_off_35_percentage_0_position_0-0 genomicbackground,436,2,436_2
query_437,0,genomicbackground,0,genomicbackground,0.0003906940983142704,437_2_RF01056_2_NC_000913.3_4467215-4467731_ext_20-220_int_145_off_40_percentage_4_position_141-145 genomicbackground,437,2,437_2
query_438,0,genomicbackground,0,genomicbackground,0.0003841589204967022,438_2_RF01056_2_NC_000913.3_4467215-4467731_ext_20-220_int_145_off_45_percentage_9_position_136-145 genomicbackground,438,2,438_2
query_439,0,genomicbackground,0,genomicbackground,0.0004196643421892077,439_2_RF01056_2_NC_000913.3_4467215-4467731_ext_20-220_int_145_off_50_percentage_13_position_131-145 genomicbackground,439,2,439_2
query_440,0,genomicbackground,0,genomicbackground,0.0003381267306394875,440_2_RF01056_2_NC_000913.3_4467215-4467731_ext_20-220_int_145_off_55_percentage_17_position_126-145 genomicbackground,440,2,440_2
query_441,0,genomicbackground,0,genomicbackground,0.010414238087832928,441_2_RF01056_2_NC_000913.3_4467215-4467731_ext_20-220_int_150_off_0_percentage_0_position_0-0 genomicbackground,441,2,441_2
query_442,0,genomicbackground,0,genomicbackground,0.0033786646090447903,442_2_RF01056_2_NC_000913.3_4467215-4467731_ext_20-220_int_150_off_5_percentage_0_position_0-0 genomicbackground,442,2,442_2
query_443,0,genomicbackground,0,genomicbackground,0.01340138167142868,443_2_RF01056_2_NC_000913.3_4467215-4467731_ext_20-220_int_150_off_10_percentage_0_position_0-0 genomicbackground,443,2,443_2
query_444,0,genomicbackground,0,genomicbackground,0.02110794186592102,444_2_RF01056_2_NC_000913.3_4467215-4467731_ext_20-220_int_150_off_15_percentage_0_position_0-0 genomicbackground,444,2,444_2
query_445,0,genomicbackground,0,genomicbackground,0.0005969794583506882,445_2_RF01056_2_NC_000913.3_4467215-4467731_ext_20-220_int_150_off_20_percentage_0_position_0-0 genomicbackground,445,2,445_2
query_446,0,genomicbackground,0,genomicbackground,0.0004959847428835928,446_2_RF01056_2_NC_000913.3_4467215-4467731_ext_20-220_int_150_off_25_percentage_0_position_0-0 genomicbackground,446,2,446_2
query_447,0,genomicbackground,0,genomicbackground,0.000387183710699901,447_2_RF01056_2_NC_000913.3_4467215-4467731_ext_20-220_int_150_off_30_percentage_0_position_0-0 genomicbackground,447,2,447_2
query_448,0,genomicbackground,0,genomicbackground,0.0003959631430916488,448_2_RF01056_2_NC_000913.3_4467215-4467731_ext_20-220_int_150_off_35_percentage_4_position_146-150 genomicbackground,448,2,448_2
query_449,0,genomicbackground,0,genomicbackground,0.00038511428283527493,449_2_RF01056_2_NC_000913.3_4467215-4467731_ext_20-220_int_150_off_40_percentage_9_position_141-150 genomicbackground,449,2,449_2
query_450,0,genomicbackground,0,genomicbackground,0.0005941923009231687,450_2_RF01056_2_NC_000913.3_4467215-4467731_ext_20-220_int_150_off_45_percentage_13_position_136-150 genomicbackground,450,2,450_2
query_451,0,genomicbackground,0,genomicbackground,0.00043493974953889847,451_2_RF01056_2_NC_000913.3_4467215-4467731_ext_20-220_int_150_off_50_percentage_17_position_131-150 genomicbackground,451,2,451_2
query_452,0,genomicbackground,0,genomicbackground,0.0018284451216459274,452_2_RF01056_2_NC_000913.3_4467215-4467731_ext_20-220_int_155_off_0_percentage_0_position_0-0 genomicbackground,452,2,452_2
query_453,0,genomicbackground,0,genomicbackground,0.012623691000044346,453_2_RF01056_2_NC_000913.3_4467215-4467731_ext_20-220_int_155_off_5_percentage_0_position_0-0 genomicbackground,453,2,453_2
query_454,0,genomicbackground,0,genomicbackground,0.008569823578000069,454_2_RF01056_2_NC_000913.3_4467215-4467731_ext_20-220_int_155_off_10_percentage_0_position_0-0 genomicbackground,454,2,454_2
query_455,0,genomicbackground,0,genomicbackground,0.0005910815671086311,455_2_RF01056_2_NC_000913.3_4467215-4467731_ext_20-220_int_155_off_15_percentage_0_position_0-0 genomicbackground,455,2,455_2
query_456,0,genomicbackground,0,genomicbackground,0.0006015003891661763,456_2_RF01056_2_NC_000913.3_4467215-4467731_ext_20-220_int_155_off_20_percentage_0_position_0-0 genomicbackground,456,2,456_2
query_457,0,genomicbackground,0,genomicbackground,0.000468506186734885,457_2_RF01056_2_NC_000913.3_4467215-4467731_ext_20-220_int_155_off_25_percentage_0_position_0-0 genomicbackground,457,2,457_2
query_458,0,genomicbackground,0,genomicbackground,0.0003784300060942769,458_2_RF01056_2_NC_000913.3_4467215-4467731_ext_20-220_int_155_off_30_percentage_4_position_151-155 genomicbackground,458,2,458_2
query_459,0,genomicbackground,0,genomicbackground,0.00039277871837839484,459_2_RF01056_2_NC_000913.3_4467215-4467731_ext_20-220_int_155_off_35_percentage_9_position_146-155 genomicbackground,459,2,459_2
query_460,0,genomicbackground,0,genomicbackground,0.0005125849856995046,460_2_RF01056_2_NC_000913.3_4467215-4467731_ext_20-220_int_155_off_40_percentage_13_position_141-155 genomicbackground,460,2,460_2
query_461,0,genomicbackground,0,genomicbackground,0.0005791370640508831,461_2_RF01056_2_NC_000913.3_4467215-4467731_ext_20-220_int_155_off_45_percentage_17_position_136-155 genomicbackground,461,2,461_2
query_462,0,genomicbackground,0,genomicbackground,0.009774654172360897,462_2_RF01056_2_NC_000913.3_4467215-4467731_ext_20-220_int_160_off_0_percentage_0_position_0-0 genomicbackground,462,2,462_2
query_463,0,genomicbackground,0,genomicbackground,0.00841283705085516,463_2_RF01056_2_NC_000913.3_4467215-4467731_ext_20-220_int_160_off_5_percentage_0_position_0-0 genomicbackground,463,2,463_2
query_464,0,genomicbackground,0,genomicbackground,0.0011503909481689334,464_2_RF01056_2_NC_000913.3_4467215-4467731_ext_20-220_int_160_off_10_percentage_0_position_0-0 genomicbackground,464,2,464_2
query_465,0,genomicbackground,0,genomicbackground,0.0007205535657703876,465_2_RF01056_2_NC_000913.3_4467215-4467731_ext_20-220_int_160_off_15_percentage_0_position_0-0 genomicbackground,465,2,465_2
query_466,0,genomicbackground,0,genomicbackground,0.0005682205082848668,466_2_RF01056_2_NC_000913.3_4467215-4467731_ext_20-220_int_160_off_20_percentage_0_position_0-0 genomicbackground,466,2,466_2
query_467,0,genomicbackground,0,genomicbackground,0.0004492973384913057,467_2_RF01056_2_NC_000913.3_4467215-4467731_ext_20-220_int_160_off_25_percentage_4_position_156-160 genomicbackground,467,2,467_2
query_468,0,genomicbackground,0,genomicbackground,0.0003773188218474388,468_2_RF01056_2_NC_000913.3_4467215-4467731_ext_20-220_int_160_off_30_percentage_9_position_151-160 genomicbackground,468,2,468_2
query_469,0,genomicbackground,0,genomicbackground,0.0005093313520774245,469_2_RF01056_2_NC_000913.3_4467215-4467731_ext_20-220_int_160_off_35_percentage_13_position_146-160 genomicbackground,469,2,469_2
query_470,0,genomicbackground,0,genomicbackground,0.000505978474393487,470_2_RF01056_2_NC_000913.3_4467215-4467731_ext_20-220_int_160_off_40_percentage_17_position_141-160 genomicbackground,470,2,470_2
query_471,0,genomicbackground,0,genomicbackground,0.007786674425005913,471_2_RF01056_2_NC_000913.3_4467215-4467731_ext_20-220_int_165_off_0_percentage_0_position_0-0 genomicbackground,471,2,471_2
query_472,0,genomicbackground,0,genomicbackground,0.0010057599283754826,472_2_RF01056_2_NC_000913.3_4467215-4467731_ext_20-220_int_165_off_5_percentage_0_position_0-0 genomicbackground,472,2,472_2
query_473,0,genomicbackground,0,genomicbackground,0.0011466165306046605,473_2_RF01056_2_NC_000913.3_4467215-4467731_ext_20-220_int_165_off_10_percentage_0_position_0-0 genomicbackground,473,2,473_2
query_474,0,genomicbackground,0,genomicbackground,0.0006455745897255838,474_2_RF01056_2_NC_000913.3_4467215-4467731_ext_20-220_int_165_off_15_percentage_0_position_0-0 genomicbackground,474,2,474_2
query_475,0,genomicbackground,0,genomicbackground,0.000540701556019485,475_2_RF01056_2_NC_000913.3_4467215-4467731_ext_20-220_int_165_off_20_percentage_4_position_161-165 genomicbackground,475,2,475_2
query_476,0,genomicbackground,0,genomicbackground,0.00045057194074615836,476_2_RF01056_2_NC_000913.3_4467215-4467731_ext_20-220_int_165_off_25_percentage_9_position_156-165 genomicbackground,476,2,476_2
query_477,0,genomicbackground,0,genomicbackground,0.00048111428623087704,477_2_RF01056_2_NC_000913.3_4467215-4467731_ext_20-220_int_165_off_30_percentage_13_position_151-165 genomicbackground,477,2,477_2
query_478,0,genomicbackground,0,genomicbackground,0.0005027603474445641,478_2_RF01056_2_NC_000913.3_4467215-4467731_ext_20-220_int_165_off_35_percentage_17_position_146-165 genomicbackground,478,2,478_2
query_479,0,genomicbackground,0,genomicbackground,0.0008141541038639843,479_2_RF01056_2_NC_000913.3_4467215-4467731_ext_20-220_int_170_off_0_percentage_0_position_0-0 genomicbackground,479,2,479_2
query_480,0,genomicbackground,0,genomicbackground,0.0010418891906738281,480_2_RF01056_2_NC_000913.3_4467215-4467731_ext_20-220_int_170_off_5_percentage_0_position_0-0 genomicbackground,480,2,480_2
query_481,0,genomicbackground,0,genomicbackground,0.0010146365966647863,481_2_RF01056_2_NC_000913.3_4467215-4467731_ext_20-220_int_170_off_10_percentage_0_position_0-0 genomicbackground,481,2,481_2
query_482,0,genomicbackground,0,genomicbackground,0.0005859106895513833,482_2_RF01056_2_NC_000913.3_4467215-4467731_ext_20-220_int_170_off_15_percentage_4_position_166-170 genomicbackground,482,2,482_2
query_483,0,genomicbackground,0,genomicbackground,0.0004759326402563602,483_2_RF01056_2_NC_000913.3_4467215-4467731_ext_20-220_int_170_off_20_percentage_9_position_161-170 genomicbackground,483,2,483_2
query_484,0,genomicbackground,0,genomicbackground,0.00048675696598365903,484_2_RF01056_2_NC_000913.3_4467215-4467731_ext_20-220_int_170_off_25_percentage_13_position_156-170 genomicbackground,484,2,484_2
query_485,0,genomicbackground,0,genomicbackground,0.0004788180813193321,485_2_RF01056_2_NC_000913.3_4467215-4467731_ext_20-220_int_170_off_30_percentage_17_position_151-170 genomicbackground,485,2,485_2
query_486,0,genomicbackground,0,genomicbackground,0.0008373011951334774,486_2_RF01056_2_NC_000913.3_4467215-4467731_ext_20-220_int_175_off_0_percentage_0_position_0-0 genomicbackground,486,2,486_2
query_487,0,genomicbackground,0,genomicbackground,0.0009327097213827074,487_2_RF01056_2_NC_000913.3_4467215-4467731_ext_20-220_int_175_off_5_percentage_0_position_0-0 genomicbackground,487,2,487_2
query_488,0,genomicbackground,0,genomicbackground,0.0008501879638060927,488_2_RF01056_2_NC_000913.3_4467215-4467731_ext_20-220_int_175_off_10_percentage_4_position_171-175 genomicbackground,488,2,488_2
query_489,0,genomicbackground,0,genomicbackground,0.000478640926303342,489_2_RF01056_2_NC_000913.3_4467215-4467731_ext_20-220_int_175_off_15_percentage_9_position_166-175 genomicbackground,489,2,489_2
query_490,0,genomicbackground,0,genomicbackground,0.0005892745684832335,490_2_RF01056_2_NC_000913.3_4467215-4467731_ext_20-220_int_175_off_20_percentage_13_position_161-175 genomicbackground,490,2,490_2
query_491,0,genomicbackground,0,genomicbackground,0.0005204881890676916,491_2_RF01056_2_NC_000913.3_4467215-4467731_ext_20-220_int_175_off_25_percentage_17_position_156-175 genomicbackground,491,2,491_2
query_492,0,genomicbackground,0,genomicbackground,0.0007708329940214753,492_2_RF01056_2_NC_000913.3_4467215-4467731_ext_20-220_int_180_off_0_percentage_0_position_0-0 genomicbackground,492,2,492_2
query_493,0,genomicbackground,0,genomicbackground,0.0008057808736339211,493_2_RF01056_2_NC_000913.3_4467215-4467731_ext_20-220_int_180_off_5_percentage_4_position_176-180 genomicbackground,493,2,493_2
query_494,0,genomicbackground,0,genomicbackground,0.0005524955340661108,494_2_RF01056_2_NC_000913.3_4467215-4467731_ext_20-220_int_180_off_10_percentage_9_position_171-180 genomicbackground,494,2,494_2
query_495,0,genomicbackground,0,genomicbackground,0.0005764052039012313,495_2_RF01056_2_NC_000913.3_4467215-4467731_ext_20-220_int_180_off_15_percentage_13_position_166-180 genomicbackground,495,2,495_2
query_496,0,genomicbackground,0,genomicbackground,0.0006342543638311327,496_2_RF01056_2_NC_000913.3_4467215-4467731_ext_20-220_int_180_off_20_percentage_17_position_161-180 genomicbackground,496,2,496_2
query_497,0,genomicbackground,0,genomicbackground,0.0006969127571210265,497_2_RF01056_2_NC_000913.3_4467215-4467731_ext_20-220_int_185_off_0_percentage_4_position_181-185 genomicbackground,497,2,497_2
query_498,0,genomicbackground,0,genomicbackground,0.0004869593831244856,498_2_RF01056_2_NC_000913.3_4467215-4467731_ext_20-220_int_185_off_5_percentage_9_position_176-185 genomicbackground,498,2,498_2
query_499,0,genomicbackground,0,genomicbackground,0.0006868665805086493,499_2_RF01056_2_NC_000913.3_4467215-4467731_ext_20-220_int_185_off_10_percentage_13_position_171-185 genomicbackground,499,2,499_2
query_500,0,genomicbackground,0,genomicbackground,0.000605330104008317,500_2_RF01056_2_NC_000913.3_4467215-4467731_ext_20-220_int_185_off_15_percentage_17_position_166-185 genomicbackground,500,2,500_2
query_501,0,genomicbackground,0,genomicbackground,0.00045418640365824103,501_2_RF01056_2_NC_000913.3_4467215-4467731_ext_20-220_int_190_off_0_percentage_9_position_181-190 genomicbackground,501,2,501_2
query_502,0,genomicbackground,0,genomicbackground,0.0005838568904437125,502_2_RF01056_2_NC_000913.3_4467215-4467731_ext_20-220_int_190_off_5_percentage_13_position_176-190 genomicbackground,502,2,502_2
query_503,0,genomicbackground,0,genomicbackground,0.0014538088580593467,503_2_RF01056_2_NC_000913.3_4467215-4467731_ext_20-220_int_190_off_10_percentage_17_position_171-190 genomicbackground,503,2,503_2
query_504,0,genomicbackground,0,genomicbackground,0.0005323233199305832,504_2_RF01056_2_NC_000913.3_4467215-4467731_ext_20-220_int_195_off_0_percentage_13_position_181-195 genomicbackground,504,2,504_2
query_505,0,genomicbackground,0,genomicbackground,0.003605354344472289,505_2_RF01056_2_NC_000913.3_4467215-4467731_ext_20-220_int_195_off_5_percentage_17_position_176-195 genomicbackground,505,2,505_2
query_506,0,genomicbackground,0,genomicbackground,0.0020504307467490435,506_2_RF01056_2_NC_000913.3_4467215-4467731_ext_20-220_int_200_off_0_percentage_17_position_181-200 genomicbackground,506,2,506_2
query_507,0,genomicbackground,0,genomicbackground,0.09380645304918289,507_2_RF01056_2_NC_000913.3_4467215-4467731_ext_40-240_int_95_off_0_percentage_0_position_0-0 genomicbackground,507,2,507_2
query_508,0,genomicbackground,0,genomicbackground,0.03604717552661896,508_2_RF01056_2_NC_000913.3_4467215-4467731_ext_40-240_int_95_off_5_percentage_0_position_0-0 genomicbackground,508,2,508_2
query_509,0,genomicbackground,0,genomicbackground,0.009977090172469616,509_2_RF01056_2_NC_000913.3_4467215-4467731_ext_40-240_int_95_off_10_percentage_0_position_0-0 genomicbackground,509,2,509_2
query_510,0,genomicbackground,0,genomicbackground,0.010583036579191685,510_2_RF01056_2_NC_000913.3_4467215-4467731_ext_40-240_int_95_off_15_percentage_0_position_0-0 genomicbackground,510,2,510_2
query_511,0,genomicbackground,0,genomicbackground,0.01394124049693346,511_2_RF01056_2_NC_000913.3_4467215-4467731_ext_40-240_int_95_off_20_percentage_0_position_0-0 genomicbackground,511,2,511_2
query_512,0,genomicbackground,0,genomicbackground,0.3364136517047882,512_2_RF01056_2_NC_000913.3_4467215-4467731_ext_40-240_int_95_off_25_percentage_0_position_0-0 genomicbackground,512,2,512_2
query_513,0,genomicbackground,0,genomicbackground,0.016729360446333885,513_2_RF01056_2_NC_000913.3_4467215-4467731_ext_40-240_int_95_off_30_percentage_0_position_0-0 genomicbackground,513,2,513_2
query_514,0,genomicbackground,0,genomicbackground,0.009017917327582836,514_2_RF01056_2_NC_000913.3_4467215-4467731_ext_40-240_int_95_off_35_percentage_0_position_0-0 genomicbackground,514,2,514_2
query_515,0,genomicbackground,0,genomicbackground,0.002079116413369775,515_2_RF01056_2_NC_000913.3_4467215-4467731_ext_40-240_int_95_off_40_percentage_0_position_0-0 genomicbackground,515,2,515_2
query_516,0,genomicbackground,0,genomicbackground,0.002390865236520767,516_2_RF01056_2_NC_000913.3_4467215-4467731_ext_40-240_int_95_off_45_percentage_0_position_0-0 genomicbackground,516,2,516_2
query_517,0,genomicbackground,0,genomicbackground,0.040263235569000244,517_2_RF01056_2_NC_000913.3_4467215-4467731_ext_40-240_int_95_off_50_percentage_0_position_0-0 genomicbackground,517,2,517_2
query_518,0,genomicbackground,0,genomicbackground,0.0003983525384683162,518_2_RF01056_2_NC_000913.3_4467215-4467731_ext_40-240_int_95_off_55_percentage_0_position_0-0 genomicbackground,518,2,518_2
query_519,0,genomicbackground,0,genomicbackground,0.00034624291583895683,519_2_RF01056_2_NC_000913.3_4467215-4467731_ext_40-240_int_95_off_60_percentage_0_position_0-0 genomicbackground,519,2,519_2
query_520,0,genomicbackground,0,genomicbackground,0.0002957227698061615,520_2_RF01056_2_NC_000913.3_4467215-4467731_ext_40-240_int_95_off_65_percentage_0_position_0-0 genomicbackground,520,2,520_2
query_521,0,genomicbackground,0,genomicbackground,0.00028902225312776864,521_2_RF01056_2_NC_000913.3_4467215-4467731_ext_40-240_int_95_off_70_percentage_4_position_91-95 genomicbackground,521,2,521_2
query_522,0,genomicbackground,0,genomicbackground,0.00032610169728286564,522_2_RF01056_2_NC_000913.3_4467215-4467731_ext_40-240_int_95_off_75_percentage_9_position_86-95 genomicbackground,522,2,522_2
query_523,0,genomicbackground,0,genomicbackground,0.0003796568780671805,523_2_RF01056_2_NC_000913.3_4467215-4467731_ext_40-240_int_95_off_80_percentage_13_position_81-95 genomicbackground,523,2,523_2
query_524,0,genomicbackground,0,genomicbackground,0.002566947601735592,524_2_RF01056_2_NC_000913.3_4467215-4467731_ext_40-240_int_95_off_85_percentage_17_position_76-95 genomicbackground,524,2,524_2
query_525,0,genomicbackground,0,genomicbackground,0.00036089782952331007,525_2_RF01056_2_NC_000913.3_4467215-4467731_ext_40-240_int_95_off_90_percentage_22_position_71-95 genomicbackground,525,2,525_2
query_526,0,genomicbackground,0,genomicbackground,0.00057652173563838,526_2_RF01056_2_NC_000913.3_4467215-4467731_ext_40-240_int_95_off_95_percentage_26_position_66-95 genomicbackground,526,2,526_2
query_527,0,genomicbackground,0,genomicbackground,0.0004815740103367716,527_2_RF01056_2_NC_000913.3_4467215-4467731_ext_40-240_int_95_off_100_percentage_30_position_61-95 genomicbackground,527,2,527_2
query_528,0,genomicbackground,0,genomicbackground,0.0005004710401408374,528_2_RF01056_2_NC_000913.3_4467215-4467731_ext_40-240_int_95_off_105_percentage_34_position_56-95 genomicbackground,528,2,528_2
query_529,0,genomicbackground,0,genomicbackground,0.02935406193137169,529_2_RF01056_2_NC_000913.3_4467215-4467731_ext_40-240_int_100_off_0_percentage_0_position_0-0 genomicbackground,529,2,529_2
query_530,0,genomicbackground,0,genomicbackground,0.024572493508458138,530_2_RF01056_2_NC_000913.3_4467215-4467731_ext_40-240_int_100_off_5_percentage_0_position_0-0 genomicbackground,530,2,530_2
query_531,0,genomicbackground,0,genomicbackground,0.011813882738351822,531_2_RF01056_2_NC_000913.3_4467215-4467731_ext_40-240_int_100_off_10_percentage_0_position_0-0 genomicbackground,531,2,531_2
query_532,0,genomicbackground,0,genomicbackground,0.009719999507069588,532_2_RF01056_2_NC_000913.3_4467215-4467731_ext_40-240_int_100_off_15_percentage_0_position_0-0 genomicbackground,532,2,532_2
query_533,0,genomicbackground,0,genomicbackground,0.03311731293797493,533_2_RF01056_2_NC_000913.3_4467215-4467731_ext_40-240_int_100_off_20_percentage_0_position_0-0 genomicbackground,533,2,533_2
query_534,0,genomicbackground,0,genomicbackground,0.10364235192537308,534_2_RF01056_2_NC_000913.3_4467215-4467731_ext_40-240_int_100_off_25_percentage_0_position_0-0 genomicbackground,534,2,534_2
query_535,0,genomicbackground,0,genomicbackground,0.0035174377262592316,535_2_RF01056_2_NC_000913.3_4467215-4467731_ext_40-240_int_100_off_30_percentage_0_position_0-0 genomicbackground,535,2,535_2
query_536,0,genomicbackground,0,genomicbackground,0.014739727601408958,536_2_RF01056_2_NC_000913.3_4467215-4467731_ext_40-240_int_100_off_35_percentage_0_position_0-0 genomicbackground,536,2,536_2
query_537,0,genomicbackground,0,genomicbackground,0.02115587145090103,537_2_RF01056_2_NC_000913.3_4467215-4467731_ext_40-240_int_100_off_40_percentage_0_position_0-0 genomicbackground,537,2,537_2
query_538,0,genomicbackground,0,genomicbackground,0.013190492056310177,538_2_RF01056_2_NC_000913.3_4467215-4467731_ext_40-240_int_100_off_45_percentage_0_position_0-0 genomicbackground,538,2,538_2
query_539,0,genomicbackground,0,genomicbackground,0.00038753467379137874,539_2_RF01056_2_NC_000913.3_4467215-4467731_ext_40-240_int_100_off_50_percentage_0_position_0-0 genomicbackground,539,2,539_2
query_540,0,genomicbackground,0,genomicbackground,0.0003841349098365754,540_2_RF01056_2_NC_000913.3_4467215-4467731_ext_40-240_int_100_off_55_percentage_0_position_0-0 genomicbackground,540,2,540_2
query_541,0,genomicbackground,0,genomicbackground,0.0003150862758047879,541_2_RF01056_2_NC_000913.3_4467215-4467731_ext_40-240_int_100_off_60_percentage_0_position_0-0 genomicbackground,541,2,541_2
query_542,0,genomicbackground,0,genomicbackground,0.000295790727250278,542_2_RF01056_2_NC_000913.3_4467215-4467731_ext_40-240_int_100_off_65_percentage_4_position_96-100 genomicbackground,542,2,542_2
query_543,0,genomicbackground,0,genomicbackground,0.00029344941140152514,543_2_RF01056_2_NC_000913.3_4467215-4467731_ext_40-240_int_100_off_70_percentage_9_position_91-100 genomicbackground,543,2,543_2
query_544,0,genomicbackground,0,genomicbackground,0.0003636489564087242,544_2_RF01056_2_NC_000913.3_4467215-4467731_ext_40-240_int_100_off_75_percentage_13_position_86-100 genomicbackground,544,2,544_2
query_545,0,genomicbackground,0,genomicbackground,0.015875916928052902,545_2_RF01056_2_NC_000913.3_4467215-4467731_ext_40-240_int_100_off_80_percentage_17_position_81-100 genomicbackground,545,2,545_2
query_546,0,genomicbackground,0,genomicbackground,0.000391926325391978,546_2_RF01056_2_NC_000913.3_4467215-4467731_ext_40-240_int_100_off_85_percentage_22_position_76-100 genomicbackground,546,2,546_2
query_547,0,genomicbackground,0,genomicbackground,0.00041351953404955566,547_2_RF01056_2_NC_000913.3_4467215-4467731_ext_40-240_int_100_off_90_percentage_26_position_71-100 genomicbackground,547,2,547_2
query_548,0,genomicbackground,0,genomicbackground,0.0005876442883163691,548_2_RF01056_2_NC_000913.3_4467215-4467731_ext_40-240_int_100_off_95_percentage_30_position_66-100 genomicbackground,548,2,548_2
query_549,0,genomicbackground,0,genomicbackground,0.0004421730409376323,549_2_RF01056_2_NC_000913.3_4467215-4467731_ext_40-240_int_100_off_100_percentage_34_position_61-100 genomicbackground,549,2,549_2
query_550,0,genomicbackground,0,genomicbackground,0.01812409795820713,550_2_RF01056_2_NC_000913.3_4467215-4467731_ext_40-240_int_105_off_0_percentage_0_position_0-0 genomicbackground,550,2,550_2
query_551,0,genomicbackground,0,genomicbackground,0.014740290120244026,551_2_RF01056_2_NC_000913.3_4467215-4467731_ext_40-240_int_105_off_5_percentage_0_position_0-0 genomicbackground,551,2,551_2
query_552,0,genomicbackground,0,genomicbackground,0.010692953132092953,552_2_RF01056_2_NC_000913.3_4467215-4467731_ext_40-240_int_105_off_10_percentage_0_position_0-0 genomicbackground,552,2,552_2
query_553,0,genomicbackground,0,genomicbackground,0.018623728305101395,553_2_RF01056_2_NC_000913.3_4467215-4467731_ext_40-240_int_105_off_15_percentage_0_position_0-0 genomicbackground,553,2,553_2
query_554,0,genomicbackground,0,genomicbackground,0.013474293984472752,554_2_RF01056_2_NC_000913.3_4467215-4467731_ext_40-240_int_105_off_20_percentage_0_position_0-0 genomicbackground,554,2,554_2
query_555,0,genomicbackground,0,genomicbackground,0.014385922811925411,555_2_RF01056_2_NC_000913.3_4467215-4467731_ext_40-240_int_105_off_25_percentage_0_position_0-0 genomicbackground,555,2,555_2
query_556,0,genomicbackground,0,genomicbackground,0.03651905059814453,556_2_RF01056_2_NC_000913.3_4467215-4467731_ext_40-240_int_105_off_30_percentage_0_position_0-0 genomicbackground,556,2,556_2
query_557,0,genomicbackground,0,genomicbackground,0.024274317547678947,557_2_RF01056_2_NC_000913.3_4467215-4467731_ext_40-240_int_105_off_35_percentage_0_position_0-0 genomicbackground,557,2,557_2
query_558,0,genomicbackground,0,genomicbackground,0.0006838772678747773,558_2_RF01056_2_NC_000913.3_4467215-4467731_ext_40-240_int_105_off_40_percentage_0_position_0-0 genomicbackground,558,2,558_2
query_559,0,genomicbackground,0,genomicbackground,0.0003795426746364683,559_2_RF01056_2_NC_000913.3_4467215-4467731_ext_40-240_int_105_off_45_percentage_0_position_0-0 genomicbackground,559,2,559_2
query_560,0,genomicbackground,0,genomicbackground,0.0003706754359882325,560_2_RF01056_2_NC_000913.3_4467215-4467731_ext_40-240_int_105_off_50_percentage_0_position_0-0 genomicbackground,560,2,560_2
query_561,0,genomicbackground,0,genomicbackground,0.00036020445986650884,561_2_RF01056_2_NC_000913.3_4467215-4467731_ext_40-240_int_105_off_55_percentage_0_position_0-0 genomicbackground,561,2,561_2
query_562,0,genomicbackground,0,genomicbackground,0.0003016845148522407,562_2_RF01056_2_NC_000913.3_4467215-4467731_ext_40-240_int_105_off_60_percentage_4_position_101-105 genomicbackground,562,2,562_2
query_563,0,genomicbackground,0,genomicbackground,0.0003291078610345721,563_2_RF01056_2_NC_000913.3_4467215-4467731_ext_40-240_int_105_off_65_percentage_9_position_96-105 genomicbackground,563,2,563_2
query_564,0,genomicbackground,0,genomicbackground,0.0003631247964221984,564_2_RF01056_2_NC_000913.3_4467215-4467731_ext_40-240_int_105_off_70_percentage_13_position_91-105 genomicbackground,564,2,564_2
query_565,0,genomicbackground,0,genomicbackground,0.0003787640016525984,565_2_RF01056_2_NC_000913.3_4467215-4467731_ext_40-240_int_105_off_75_percentage_17_position_86-105 genomicbackground,565,2,565_2
query_566,0,genomicbackground,0,genomicbackground,0.00042691791895776987,566_2_RF01056_2_NC_000913.3_4467215-4467731_ext_40-240_int_105_off_80_percentage_22_position_81-105 genomicbackground,566,2,566_2
query_567,0,genomicbackground,0,genomicbackground,0.00041999926907010376,567_2_RF01056_2_NC_000913.3_4467215-4467731_ext_40-240_int_105_off_85_percentage_26_position_76-105 genomicbackground,567,2,567_2
query_568,0,genomicbackground,0,genomicbackground,0.00043490491225384176,568_2_RF01056_2_NC_000913.3_4467215-4467731_ext_40-240_int_105_off_90_percentage_30_position_71-105 genomicbackground,568,2,568_2
query_569,0,genomicbackground,0,genomicbackground,0.0005413800827227533,569_2_RF01056_2_NC_000913.3_4467215-4467731_ext_40-240_int_105_off_95_percentage_34_position_66-105 genomicbackground,569,2,569_2
query_570,0,genomicbackground,0,genomicbackground,0.012086713686585426,570_2_RF01056_2_NC_000913.3_4467215-4467731_ext_40-240_int_110_off_0_percentage_0_position_0-0 genomicbackground,570,2,570_2
query_571,0,genomicbackground,0,genomicbackground,0.017310215160250664,571_2_RF01056_2_NC_000913.3_4467215-4467731_ext_40-240_int_110_off_5_percentage_0_position_0-0 genomicbackground,571,2,571_2
query_572,0,genomicbackground,0,genomicbackground,0.0191994346678257,572_2_RF01056_2_NC_000913.3_4467215-4467731_ext_40-240_int_110_off_10_percentage_0_position_0-0 genomicbackground,572,2,572_2
query_573,0,genomicbackground,0,genomicbackground,0.01152182836085558,573_2_RF01056_2_NC_000913.3_4467215-4467731_ext_40-240_int_110_off_15_percentage_0_position_0-0 genomicbackground,573,2,573_2
query_574,0,genomicbackground,0,genomicbackground,0.002355697099119425,574_2_RF01056_2_NC_000913.3_4467215-4467731_ext_40-240_int_110_off_20_percentage_0_position_0-0 genomicbackground,574,2,574_2
query_575,0,genomicbackground,0,genomicbackground,0.005526480730623007,575_2_RF01056_2_NC_000913.3_4467215-4467731_ext_40-240_int_110_off_25_percentage_0_position_0-0 genomicbackground,575,2,575_2
query_576,0,genomicbackground,0,genomicbackground,0.016991999000310898,576_2_RF01056_2_NC_000913.3_4467215-4467731_ext_40-240_int_110_off_30_percentage_0_position_0-0 genomicbackground,576,2,576_2
query_577,0,genomicbackground,0,genomicbackground,0.013271993957459927,577_2_RF01056_2_NC_000913.3_4467215-4467731_ext_40-240_int_110_off_35_percentage_0_position_0-0 genomicbackground,577,2,577_2
query_578,0,genomicbackground,0,genomicbackground,0.0003561055928003043,578_2_RF01056_2_NC_000913.3_4467215-4467731_ext_40-240_int_110_off_40_percentage_0_position_0-0 genomicbackground,578,2,578_2
query_579,0,genomicbackground,0,genomicbackground,0.00034335453528910875,579_2_RF01056_2_NC_000913.3_4467215-4467731_ext_40-240_int_110_off_45_percentage_0_position_0-0 genomicbackground,579,2,579_2
query_580,0,genomicbackground,0,genomicbackground,0.00035343848867341876,580_2_RF01056_2_NC_000913.3_4467215-4467731_ext_40-240_int_110_off_50_percentage_0_position_0-0 genomicbackground,580,2,580_2
query_581,0,genomicbackground,0,genomicbackground,0.0003532004193402827,581_2_RF01056_2_NC_000913.3_4467215-4467731_ext_40-240_int_110_off_55_percentage_4_position_106-110 genomicbackground,581,2,581_2
query_582,0,genomicbackground,0,genomicbackground,0.0003035818808712065,582_2_RF01056_2_NC_000913.3_4467215-4467731_ext_40-240_int_110_off_60_percentage_9_position_101-110 genomicbackground,582,2,582_2
query_583,0,genomicbackground,0,genomicbackground,0.0003493452968541533,583_2_RF01056_2_NC_000913.3_4467215-4467731_ext_40-240_int_110_off_65_percentage_13_position_96-110 genomicbackground,583,2,583_2
query_584,0,genomicbackground,0,genomicbackground,0.0003722421242855489,584_2_RF01056_2_NC_000913.3_4467215-4467731_ext_40-240_int_110_off_70_percentage_17_position_91-110 genomicbackground,584,2,584_2
query_585,0,genomicbackground,0,genomicbackground,0.0004264705057721585,585_2_RF01056_2_NC_000913.3_4467215-4467731_ext_40-240_int_110_off_75_percentage_22_position_86-110 genomicbackground,585,2,585_2
query_586,0,genomicbackground,0,genomicbackground,0.00045356180635280907,586_2_RF01056_2_NC_000913.3_4467215-4467731_ext_40-240_int_110_off_80_percentage_26_position_81-110 genomicbackground,586,2,586_2
query_587,0,genomicbackground,0,genomicbackground,0.0004407897649798542,587_2_RF01056_2_NC_000913.3_4467215-4467731_ext_40-240_int_110_off_85_percentage_30_position_76-110 genomicbackground,587,2,587_2
query_588,0,genomicbackground,0,genomicbackground,0.0005755334859713912,588_2_RF01056_2_NC_000913.3_4467215-4467731_ext_40-240_int_110_off_90_percentage_34_position_71-110 genomicbackground,588,2,588_2
query_589,0,genomicbackground,0,genomicbackground,0.014133913442492485,589_2_RF01056_2_NC_000913.3_4467215-4467731_ext_40-240_int_115_off_0_percentage_0_position_0-0 genomicbackground,589,2,589_2
query_590,0,genomicbackground,0,genomicbackground,0.016808513551950455,590_2_RF01056_2_NC_000913.3_4467215-4467731_ext_40-240_int_115_off_5_percentage_0_position_0-0 genomicbackground,590,2,590_2
query_591,0,genomicbackground,0,genomicbackground,0.010604580864310265,591_2_RF01056_2_NC_000913.3_4467215-4467731_ext_40-240_int_115_off_10_percentage_0_position_0-0 genomicbackground,591,2,591_2
query_592,0,genomicbackground,0,genomicbackground,0.002539330394938588,592_2_RF01056_2_NC_000913.3_4467215-4467731_ext_40-240_int_115_off_15_percentage_0_position_0-0 genomicbackground,592,2,592_2
query_593,0,genomicbackground,0,genomicbackground,0.0021229679696261883,593_2_RF01056_2_NC_000913.3_4467215-4467731_ext_40-240_int_115_off_20_percentage_0_position_0-0 genomicbackground,593,2,593_2
query_594,0,genomicbackground,0,genomicbackground,0.0077013312838971615,594_2_RF01056_2_NC_000913.3_4467215-4467731_ext_40-240_int_115_off_25_percentage_0_position_0-0 genomicbackground,594,2,594_2
query_595,0,genomicbackground,0,genomicbackground,0.013945449143648148,595_2_RF01056_2_NC_000913.3_4467215-4467731_ext_40-240_int_115_off_30_percentage_0_position_0-0 genomicbackground,595,2,595_2
query_596,0,genomicbackground,0,genomicbackground,0.000402747537009418,596_2_RF01056_2_NC_000913.3_4467215-4467731_ext_40-240_int_115_off_35_percentage_0_position_0-0 genomicbackground,596,2,596_2
query_597,0,genomicbackground,0,genomicbackground,0.00034680753014981747,597_2_RF01056_2_NC_000913.3_4467215-4467731_ext_40-240_int_115_off_40_percentage_0_position_0-0 genomicbackground,597,2,597_2
query_598,0,genomicbackground,0,genomicbackground,0.0003322184202261269,598_2_RF01056_2_NC_000913.3_4467215-4467731_ext_40-240_int_115_off_45_percentage_0_position_0-0 genomicbackground,598,2,598_2
query_599,0,genomicbackground,0,genomicbackground,0.00034954005968756974,599_2_RF01056_2_NC_000913.3_4467215-4467731_ext_40-240_int_115_off_50_percentage_4_position_111-115 genomicbackground,599,2,599_2
query_600,0,genomicbackground,0,genomicbackground,0.000325529370456934,600_2_RF01056_2_NC_000913.3_4467215-4467731_ext_40-240_int_115_off_55_percentage_9_position_106-115 genomicbackground,600,2,600_2
query_601,0,genomicbackground,0,genomicbackground,0.00033029232872650027,601_2_RF01056_2_NC_000913.3_4467215-4467731_ext_40-240_int_115_off_60_percentage_13_position_101-115 genomicbackground,601,2,601_2
query_602,0,genomicbackground,0,genomicbackground,0.0003587303508538753,602_2_RF01056_2_NC_000913.3_4467215-4467731_ext_40-240_int_115_off_65_percentage_17_position_96-115 genomicbackground,602,2,602_2
query_603,0,genomicbackground,0,genomicbackground,0.0004227705067023635,603_2_RF01056_2_NC_000913.3_4467215-4467731_ext_40-240_int_115_off_70_percentage_22_position_91-115 genomicbackground,603,2,603_2
query_604,0,genomicbackground,0,genomicbackground,0.00045269340625964105,604_2_RF01056_2_NC_000913.3_4467215-4467731_ext_40-240_int_115_off_75_percentage_26_position_86-115 genomicbackground,604,2,604_2
query_605,0,genomicbackground,0,genomicbackground,0.00046576373279094696,605_2_RF01056_2_NC_000913.3_4467215-4467731_ext_40-240_int_115_off_80_percentage_30_position_81-115 genomicbackground,605,2,605_2
query_606,0,genomicbackground,0,genomicbackground,0.0004494968452490866,606_2_RF01056_2_NC_000913.3_4467215-4467731_ext_40-240_int_115_off_85_percentage_34_position_76-115 genomicbackground,606,2,606_2
query_607,0,genomicbackground,0,genomicbackground,0.01377840619534254,607_2_RF01056_2_NC_000913.3_4467215-4467731_ext_40-240_int_120_off_0_percentage_0_position_0-0 genomicbackground,607,2,607_2
query_608,0,genomicbackground,0,genomicbackground,0.010669432580471039,608_2_RF01056_2_NC_000913.3_4467215-4467731_ext_40-240_int_120_off_5_percentage_0_position_0-0 genomicbackground,608,2,608_2
query_609,0,genomicbackground,0,genomicbackground,0.0027294373139739037,609_2_RF01056_2_NC_000913.3_4467215-4467731_ext_40-240_int_120_off_10_percentage_0_position_0-0 genomicbackground,609,2,609_2
query_610,0,genomicbackground,0,genomicbackground,0.0023621649015694857,610_2_RF01056_2_NC_000913.3_4467215-4467731_ext_40-240_int_120_off_15_percentage_0_position_0-0 genomicbackground,610,2,610_2
query_611,0,genomicbackground,0,genomicbackground,0.0021779481321573257,611_2_RF01056_2_NC_000913.3_4467215-4467731_ext_40-240_int_120_off_20_percentage_0_position_0-0 genomicbackground,611,2,611_2
query_612,0,genomicbackground,0,genomicbackground,0.00508669251576066,612_2_RF01056_2_NC_000913.3_4467215-4467731_ext_40-240_int_120_off_25_percentage_0_position_0-0 genomicbackground,612,2,612_2
query_613,0,genomicbackground,0,genomicbackground,0.00042552920058369637,613_2_RF01056_2_NC_000913.3_4467215-4467731_ext_40-240_int_120_off_30_percentage_0_position_0-0 genomicbackground,613,2,613_2
query_614,0,genomicbackground,0,genomicbackground,0.00035930282319895923,614_2_RF01056_2_NC_000913.3_4467215-4467731_ext_40-240_int_120_off_35_percentage_0_position_0-0 genomicbackground,614,2,614_2
query_615,0,genomicbackground,0,genomicbackground,0.00033000673283822834,615_2_RF01056_2_NC_000913.3_4467215-4467731_ext_40-240_int_120_off_40_percentage_0_position_0-0 genomicbackground,615,2,615_2
query_616,0,genomicbackground,0,genomicbackground,0.0003323290147818625,616_2_RF01056_2_NC_000913.3_4467215-4467731_ext_40-240_int_120_off_45_percentage_4_position_116-120 genomicbackground,616,2,616_2
query_617,0,genomicbackground,0,genomicbackground,0.0003410936042200774,617_2_RF01056_2_NC_000913.3_4467215-4467731_ext_40-240_int_120_off_50_percentage_9_position_111-120 genomicbackground,617,2,617_2
query_618,0,genomicbackground,0,genomicbackground,0.00037681375397369266,618_2_RF01056_2_NC_000913.3_4467215-4467731_ext_40-240_int_120_off_55_percentage_13_position_106-120 genomicbackground,618,2,618_2
query_619,0,genomicbackground,0,genomicbackground,0.00034771941136568785,619_2_RF01056_2_NC_000913.3_4467215-4467731_ext_40-240_int_120_off_60_percentage_17_position_101-120 genomicbackground,619,2,619_2
query_620,0,genomicbackground,0,genomicbackground,0.000415513088228181,620_2_RF01056_2_NC_000913.3_4467215-4467731_ext_40-240_int_120_off_65_percentage_22_position_96-120 genomicbackground,620,2,620_2
query_621,0,genomicbackground,0,genomicbackground,0.0004490540304686874,621_2_RF01056_2_NC_000913.3_4467215-4467731_ext_40-240_int_120_off_70_percentage_26_position_91-120 genomicbackground,621,2,621_2
query_622,0,genomicbackground,0,genomicbackground,0.0004623308777809143,622_2_RF01056_2_NC_000913.3_4467215-4467731_ext_40-240_int_120_off_75_percentage_30_position_86-120 genomicbackground,622,2,622_2
query_623,0,genomicbackground,0,genomicbackground,0.0004686221363954246,623_2_RF01056_2_NC_000913.3_4467215-4467731_ext_40-240_int_120_off_80_percentage_34_position_81-120 genomicbackground,623,2,623_2
query_624,0,genomicbackground,0,genomicbackground,0.010840320028364658,624_2_RF01056_2_NC_000913.3_4467215-4467731_ext_40-240_int_125_off_0_percentage_0_position_0-0 genomicbackground,624,2,624_2
query_625,0,genomicbackground,0,genomicbackground,0.014445451088249683,625_2_RF01056_2_NC_000913.3_4467215-4467731_ext_40-240_int_125_off_5_percentage_0_position_0-0 genomicbackground,625,2,625_2
query_626,0,genomicbackground,0,genomicbackground,0.0024136488791555166,626_2_RF01056_2_NC_000913.3_4467215-4467731_ext_40-240_int_125_off_10_percentage_0_position_0-0 genomicbackground,626,2,626_2
query_627,0,genomicbackground,0,genomicbackground,0.002417441923171282,627_2_RF01056_2_NC_000913.3_4467215-4467731_ext_40-240_int_125_off_15_percentage_0_position_0-0 genomicbackground,627,2,627_2
query_628,0,genomicbackground,0,genomicbackground,0.001082578906789422,628_2_RF01056_2_NC_000913.3_4467215-4467731_ext_40-240_int_125_off_20_percentage_0_position_0-0 genomicbackground,628,2,628_2
query_629,0,genomicbackground,0,genomicbackground,0.0005594611866399646,629_2_RF01056_2_NC_000913.3_4467215-4467731_ext_40-240_int_125_off_25_percentage_0_position_0-0 genomicbackground,629,2,629_2
query_630,0,genomicbackground,0,genomicbackground,0.0004324735782574862,630_2_RF01056_2_NC_000913.3_4467215-4467731_ext_40-240_int_125_off_30_percentage_0_position_0-0 genomicbackground,630,2,630_2
query_631,0,genomicbackground,0,genomicbackground,0.00032469871803186834,631_2_RF01056_2_NC_000913.3_4467215-4467731_ext_40-240_int_125_off_35_percentage_0_position_0-0 genomicbackground,631,2,631_2
query_632,0,genomicbackground,0,genomicbackground,0.00032381556229665875,632_2_RF01056_2_NC_000913.3_4467215-4467731_ext_40-240_int_125_off_40_percentage_4_position_121-125 genomicbackground,632,2,632_2
query_633,0,genomicbackground,0,genomicbackground,0.00033936419640667737,633_2_RF01056_2_NC_000913.3_4467215-4467731_ext_40-240_int_125_off_45_percentage_9_position_116-125 genomicbackground,633,2,633_2
query_634,0,genomicbackground,0,genomicbackground,0.0003854923998005688,634_2_RF01056_2_NC_000913.3_4467215-4467731_ext_40-240_int_125_off_50_percentage_13_position_111-125 genomicbackground,634,2,634_2
query_635,0,genomicbackground,0,genomicbackground,0.0003922542673535645,635_2_RF01056_2_NC_000913.3_4467215-4467731_ext_40-240_int_125_off_55_percentage_17_position_106-125 genomicbackground,635,2,635_2
query_636,0,genomicbackground,0,genomicbackground,0.0004221373819746077,636_2_RF01056_2_NC_000913.3_4467215-4467731_ext_40-240_int_125_off_60_percentage_22_position_101-125 genomicbackground,636,2,636_2
query_637,0,genomicbackground,0,genomicbackground,0.0005029106396250427,637_2_RF01056_2_NC_000913.3_4467215-4467731_ext_40-240_int_125_off_65_percentage_26_position_96-125 genomicbackground,637,2,637_2
query_638,0,genomicbackground,0,genomicbackground,0.0004620463587343693,638_2_RF01056_2_NC_000913.3_4467215-4467731_ext_40-240_int_125_off_70_percentage_30_position_91-125 genomicbackground,638,2,638_2
query_639,0,genomicbackground,0,genomicbackground,0.000659086334053427,639_2_RF01056_2_NC_000913.3_4467215-4467731_ext_40-240_int_125_off_75_percentage_34_position_86-125 genomicbackground,639,2,639_2
query_640,0,genomicbackground,0,genomicbackground,0.012022106908261776,640_2_RF01056_2_NC_000913.3_4467215-4467731_ext_40-240_int_130_off_0_percentage_0_position_0-0 genomicbackground,640,2,640_2
query_641,0,genomicbackground,0,genomicbackground,0.012961654923856258,641_2_RF01056_2_NC_000913.3_4467215-4467731_ext_40-240_int_130_off_5_percentage_0_position_0-0 genomicbackground,641,2,641_2
query_642,0,genomicbackground,0,genomicbackground,0.0025109683629125357,642_2_RF01056_2_NC_000913.3_4467215-4467731_ext_40-240_int_130_off_10_percentage_0_position_0-0 genomicbackground,642,2,642_2
query_643,0,genomicbackground,0,genomicbackground,0.0009842024883255363,643_2_RF01056_2_NC_000913.3_4467215-4467731_ext_40-240_int_130_off_15_percentage_0_position_0-0 genomicbackground,643,2,643_2
query_644,0,genomicbackground,0,genomicbackground,0.00044189649634063244,644_2_RF01056_2_NC_000913.3_4467215-4467731_ext_40-240_int_130_off_20_percentage_0_position_0-0 genomicbackground,644,2,644_2
query_645,0,genomicbackground,0,genomicbackground,0.0004764196928590536,645_2_RF01056_2_NC_000913.3_4467215-4467731_ext_40-240_int_130_off_25_percentage_0_position_0-0 genomicbackground,645,2,645_2
query_646,0,genomicbackground,0,genomicbackground,0.000396213581552729,646_2_RF01056_2_NC_000913.3_4467215-4467731_ext_40-240_int_130_off_30_percentage_0_position_0-0 genomicbackground,646,2,646_2
query_647,0,genomicbackground,0,genomicbackground,0.00030495846294797957,647_2_RF01056_2_NC_000913.3_4467215-4467731_ext_40-240_int_130_off_35_percentage_4_position_126-130 genomicbackground,647,2,647_2
query_648,0,genomicbackground,0,genomicbackground,0.0003058403672184795,648_2_RF01056_2_NC_000913.3_4467215-4467731_ext_40-240_int_130_off_40_percentage_9_position_121-130 genomicbackground,648,2,648_2
query_649,0,genomicbackground,0,genomicbackground,0.0003655478067230433,649_2_RF01056_2_NC_000913.3_4467215-4467731_ext_40-240_int_130_off_45_percentage_13_position_116-130 genomicbackground,649,2,649_2
query_650,0,genomicbackground,0,genomicbackground,0.00039579326403327286,650_2_RF01056_2_NC_000913.3_4467215-4467731_ext_40-240_int_130_off_50_percentage_17_position_111-130 genomicbackground,650,2,650_2
query_651,0,genomicbackground,0,genomicbackground,0.0005213185795582831,651_2_RF01056_2_NC_000913.3_4467215-4467731_ext_40-240_int_130_off_55_percentage_22_position_106-130 genomicbackground,651,2,651_2
query_652,0,genomicbackground,0,genomicbackground,0.0004848003154620528,652_2_RF01056_2_NC_000913.3_4467215-4467731_ext_40-240_int_130_off_60_percentage_26_position_101-130 genomicbackground,652,2,652_2
query_653,0,genomicbackground,0,genomicbackground,0.00046734281932003796,653_2_RF01056_2_NC_000913.3_4467215-4467731_ext_40-240_int_130_off_65_percentage_30_position_96-130 genomicbackground,653,2,653_2
query_654,0,genomicbackground,0,genomicbackground,0.0004969745641574264,654_2_RF01056_2_NC_000913.3_4467215-4467731_ext_40-240_int_130_off_70_percentage_34_position_91-130 genomicbackground,654,2,654_2
query_655,0,genomicbackground,0,genomicbackground,0.011331208050251007,655_2_RF01056_2_NC_000913.3_4467215-4467731_ext_40-240_int_135_off_0_percentage_0_position_0-0 genomicbackground,655,2,655_2
query_656,0,genomicbackground,0,genomicbackground,0.007507964503020048,656_2_RF01056_2_NC_000913.3_4467215-4467731_ext_40-240_int_135_off_5_percentage_0_position_0-0 genomicbackground,656,2,656_2
query_657,0,genomicbackground,0,genomicbackground,0.0008160138386301696,657_2_RF01056_2_NC_000913.3_4467215-4467731_ext_40-240_int_135_off_10_percentage_0_position_0-0 genomicbackground,657,2,657_2
query_658,0,genomicbackground,0,genomicbackground,0.00044376312871463597,658_2_RF01056_2_NC_000913.3_4467215-4467731_ext_40-240_int_135_off_15_percentage_0_position_0-0 genomicbackground,658,2,658_2
query_659,0,genomicbackground,0,genomicbackground,0.00043168055708520114,659_2_RF01056_2_NC_000913.3_4467215-4467731_ext_40-240_int_135_off_20_percentage_0_position_0-0 genomicbackground,659,2,659_2
query_660,0,genomicbackground,0,genomicbackground,0.000430586893344298,660_2_RF01056_2_NC_000913.3_4467215-4467731_ext_40-240_int_135_off_25_percentage_0_position_0-0 genomicbackground,660,2,660_2
query_661,0,genomicbackground,0,genomicbackground,0.0003737097140401602,661_2_RF01056_2_NC_000913.3_4467215-4467731_ext_40-240_int_135_off_30_percentage_4_position_131-135 genomicbackground,661,2,661_2
query_662,0,genomicbackground,0,genomicbackground,0.0002980975841637701,662_2_RF01056_2_NC_000913.3_4467215-4467731_ext_40-240_int_135_off_35_percentage_9_position_126-135 genomicbackground,662,2,662_2
query_663,0,genomicbackground,0,genomicbackground,0.0003401024150662124,663_2_RF01056_2_NC_000913.3_4467215-4467731_ext_40-240_int_135_off_40_percentage_13_position_121-135 genomicbackground,663,2,663_2
query_664,0,genomicbackground,0,genomicbackground,0.00037684087874367833,664_2_RF01056_2_NC_000913.3_4467215-4467731_ext_40-240_int_135_off_45_percentage_17_position_116-135 genomicbackground,664,2,664_2
query_665,0,genomicbackground,0,genomicbackground,0.0004305373877286911,665_2_RF01056_2_NC_000913.3_4467215-4467731_ext_40-240_int_135_off_50_percentage_22_position_111-135 genomicbackground,665,2,665_2
query_666,0,genomicbackground,0,genomicbackground,0.0005229328526183963,666_2_RF01056_2_NC_000913.3_4467215-4467731_ext_40-240_int_135_off_55_percentage_26_position_106-135 genomicbackground,666,2,666_2
query_667,0,genomicbackground,0,genomicbackground,0.0004607616865541786,667_2_RF01056_2_NC_000913.3_4467215-4467731_ext_40-240_int_135_off_60_percentage_30_position_101-135 genomicbackground,667,2,667_2
query_668,0,genomicbackground,0,genomicbackground,0.0006714712944813073,668_2_RF01056_2_NC_000913.3_4467215-4467731_ext_40-240_int_135_off_65_percentage_34_position_96-135 genomicbackground,668,2,668_2
query_669,0,genomicbackground,0,genomicbackground,0.008236128836870193,669_2_RF01056_2_NC_000913.3_4467215-4467731_ext_40-240_int_140_off_0_percentage_0_position_0-0 genomicbackground,669,2,669_2
query_670,0,genomicbackground,0,genomicbackground,0.004915550816804171,670_2_RF01056_2_NC_000913.3_4467215-4467731_ext_40-240_int_140_off_5_percentage_0_position_0-0 genomicbackground,670,2,670_2
query_671,0,genomicbackground,0,genomicbackground,0.00042289591510780156,671_2_RF01056_2_NC_000913.3_4467215-4467731_ext_40-240_int_140_off_10_percentage_0_position_0-0 genomicbackground,671,2,671_2
query_672,0,genomicbackground,0,genomicbackground,0.0004292910161893815,672_2_RF01056_2_NC_000913.3_4467215-4467731_ext_40-240_int_140_off_15_percentage_0_position_0-0 genomicbackground,672,2,672_2
query_673,0,genomicbackground,0,genomicbackground,0.00040579118649475276,673_2_RF01056_2_NC_000913.3_4467215-4467731_ext_40-240_int_140_off_20_percentage_0_position_0-0 genomicbackground,673,2,673_2
query_674,0,genomicbackground,0,genomicbackground,0.0004005775263067335,674_2_RF01056_2_NC_000913.3_4467215-4467731_ext_40-240_int_140_off_25_percentage_4_position_136-140 genomicbackground,674,2,674_2
query_675,0,genomicbackground,0,genomicbackground,0.00036922944127582014,675_2_RF01056_2_NC_000913.3_4467215-4467731_ext_40-240_int_140_off_30_percentage_9_position_131-140 genomicbackground,675,2,675_2
query_676,0,genomicbackground,0,genomicbackground,0.0003274826449342072,676_2_RF01056_2_NC_000913.3_4467215-4467731_ext_40-240_int_140_off_35_percentage_13_position_126-140 genomicbackground,676,2,676_2
query_677,0,genomicbackground,0,genomicbackground,0.0003494000993669033,677_2_RF01056_2_NC_000913.3_4467215-4467731_ext_40-240_int_140_off_40_percentage_17_position_121-140 genomicbackground,677,2,677_2
query_678,0,genomicbackground,0,genomicbackground,0.0003862686862703413,678_2_RF01056_2_NC_000913.3_4467215-4467731_ext_40-240_int_140_off_45_percentage_22_position_116-140 genomicbackground,678,2,678_2
query_679,0,genomicbackground,0,genomicbackground,0.0004447908140718937,679_2_RF01056_2_NC_000913.3_4467215-4467731_ext_40-240_int_140_off_50_percentage_26_position_111-140 genomicbackground,679,2,679_2
query_680,0,genomicbackground,0,genomicbackground,0.0005156082916073501,680_2_RF01056_2_NC_000913.3_4467215-4467731_ext_40-240_int_140_off_55_percentage_30_position_106-140 genomicbackground,680,2,680_2
query_681,0,genomicbackground,0,genomicbackground,0.0005507298046723008,681_2_RF01056_2_NC_000913.3_4467215-4467731_ext_40-240_int_140_off_60_percentage_34_position_101-140 genomicbackground,681,2,681_2
query_682,0,genomicbackground,0,genomicbackground,0.006159360986202955,682_2_RF01056_2_NC_000913.3_4467215-4467731_ext_40-240_int_145_off_0_percentage_0_position_0-0 genomicbackground,682,2,682_2
query_683,0,genomicbackground,0,genomicbackground,0.0004944892134517431,683_2_RF01056_2_NC_000913.3_4467215-4467731_ext_40-240_int_145_off_5_percentage_0_position_0-0 genomicbackground,683,2,683_2
query_684,0,genomicbackground,0,genomicbackground,0.0004040175990667194,684_2_RF01056_2_NC_000913.3_4467215-4467731_ext_40-240_int_145_off_10_percentage_0_position_0-0 genomicbackground,684,2,684_2
query_685,0,genomicbackground,0,genomicbackground,0.0004082145751453936,685_2_RF01056_2_NC_000913.3_4467215-4467731_ext_40-240_int_145_off_15_percentage_0_position_0-0 genomicbackground,685,2,685_2
query_686,0,genomicbackground,0,genomicbackground,0.0003906940983142704,686_2_RF01056_2_NC_000913.3_4467215-4467731_ext_40-240_int_145_off_20_percentage_4_position_141-145 genomicbackground,686,2,686_2
query_687,0,genomicbackground,0,genomicbackground,0.0003841589204967022,687_2_RF01056_2_NC_000913.3_4467215-4467731_ext_40-240_int_145_off_25_percentage_9_position_136-145 genomicbackground,687,2,687_2
query_688,0,genomicbackground,0,genomicbackground,0.0004196643421892077,688_2_RF01056_2_NC_000913.3_4467215-4467731_ext_40-240_int_145_off_30_percentage_13_position_131-145 genomicbackground,688,2,688_2
query_689,0,genomicbackground,0,genomicbackground,0.0003381267306394875,689_2_RF01056_2_NC_000913.3_4467215-4467731_ext_40-240_int_145_off_35_percentage_17_position_126-145 genomicbackground,689,2,689_2
query_690,0,genomicbackground,0,genomicbackground,0.0004628916212823242,690_2_RF01056_2_NC_000913.3_4467215-4467731_ext_40-240_int_145_off_40_percentage_22_position_121-145 genomicbackground,690,2,690_2
query_691,0,genomicbackground,0,genomicbackground,0.00040714984061196446,691_2_RF01056_2_NC_000913.3_4467215-4467731_ext_40-240_int_145_off_45_percentage_26_position_116-145 genomicbackground,691,2,691_2
query_692,0,genomicbackground,0,genomicbackground,0.0005422147805802524,692_2_RF01056_2_NC_000913.3_4467215-4467731_ext_40-240_int_145_off_50_percentage_30_position_111-145 genomicbackground,692,2,692_2
query_693,0,genomicbackground,0,genomicbackground,0.0009255250333808362,693_2_RF01056_2_NC_000913.3_4467215-4467731_ext_40-240_int_145_off_55_percentage_34_position_106-145 genomicbackground,693,2,693_2
query_694,0,genomicbackground,0,genomicbackground,0.0005969794583506882,694_2_RF01056_2_NC_000913.3_4467215-4467731_ext_40-240_int_150_off_0_percentage_0_position_0-0 genomicbackground,694,2,694_2
query_695,0,genomicbackground,0,genomicbackground,0.0004959847428835928,695_2_RF01056_2_NC_000913.3_4467215-4467731_ext_40-240_int_150_off_5_percentage_0_position_0-0 genomicbackground,695,2,695_2
query_696,0,genomicbackground,0,genomicbackground,0.00038718298310413957,696_2_RF01056_2_NC_000913.3_4467215-4467731_ext_40-240_int_150_off_10_percentage_0_position_0-0 genomicbackground,696,2,696_2
query_697,0,genomicbackground,0,genomicbackground,0.0003959629684686661,697_2_RF01056_2_NC_000913.3_4467215-4467731_ext_40-240_int_150_off_15_percentage_4_position_146-150 genomicbackground,697,2,697_2
query_698,0,genomicbackground,0,genomicbackground,0.00038511428283527493,698_2_RF01056_2_NC_000913.3_4467215-4467731_ext_40-240_int_150_off_20_percentage_9_position_141-150 genomicbackground,698,2,698_2
query_699,0,genomicbackground,0,genomicbackground,0.0005941923009231687,699_2_RF01056_2_NC_000913.3_4467215-4467731_ext_40-240_int_150_off_25_percentage_13_position_136-150 genomicbackground,699,2,699_2
query_700,0,genomicbackground,0,genomicbackground,0.00043493974953889847,700_2_RF01056_2_NC_000913.3_4467215-4467731_ext_40-240_int_150_off_30_percentage_17_position_131-150 genomicbackground,700,2,700_2
query_701,0,genomicbackground,0,genomicbackground,0.0004233028448652476,701_2_RF01056_2_NC_000913.3_4467215-4467731_ext_40-240_int_150_off_35_percentage_22_position_126-150 genomicbackground,701,2,701_2
query_702,0,genomicbackground,0,genomicbackground,0.0004649132024496794,702_2_RF01056_2_NC_000913.3_4467215-4467731_ext_40-240_int_150_off_40_percentage_26_position_121-150 genomicbackground,702,2,702_2
query_703,0,genomicbackground,0,genomicbackground,0.00048383729881606996,703_2_RF01056_2_NC_000913.3_4467215-4467731_ext_40-240_int_150_off_45_percentage_30_position_116-150 genomicbackground,703,2,703_2
query_704,0,genomicbackground,0,genomicbackground,0.0005116577376611531,704_2_RF01056_2_NC_000913.3_4467215-4467731_ext_40-240_int_150_off_50_percentage_34_position_111-150 genomicbackground,704,2,704_2
query_705,0,genomicbackground,0,genomicbackground,0.0006015003891661763,705_2_RF01056_2_NC_000913.3_4467215-4467731_ext_40-240_int_155_off_0_percentage_0_position_0-0 genomicbackground,705,2,705_2
query_706,0,genomicbackground,0,genomicbackground,0.000468506186734885,706_2_RF01056_2_NC_000913.3_4467215-4467731_ext_40-240_int_155_off_5_percentage_0_position_0-0 genomicbackground,706,2,706_2
query_707,0,genomicbackground,0,genomicbackground,0.0003784300060942769,707_2_RF01056_2_NC_000913.3_4467215-4467731_ext_40-240_int_155_off_10_percentage_4_position_151-155 genomicbackground,707,2,707_2
query_708,0,genomicbackground,0,genomicbackground,0.00039277871837839484,708_2_RF01056_2_NC_000913.3_4467215-4467731_ext_40-240_int_155_off_15_percentage_9_position_146-155 genomicbackground,708,2,708_2
query_709,0,genomicbackground,0,genomicbackground,0.0005125849856995046,709_2_RF01056_2_NC_000913.3_4467215-4467731_ext_40-240_int_155_off_20_percentage_13_position_141-155 genomicbackground,709,2,709_2
query_710,0,genomicbackground,0,genomicbackground,0.0005791370640508831,710_2_RF01056_2_NC_000913.3_4467215-4467731_ext_40-240_int_155_off_25_percentage_17_position_136-155 genomicbackground,710,2,710_2
query_711,0,genomicbackground,0,genomicbackground,0.000564024958293885,711_2_RF01056_2_NC_000913.3_4467215-4467731_ext_40-240_int_155_off_30_percentage_22_position_131-155 genomicbackground,711,2,711_2
query_712,0,genomicbackground,0,genomicbackground,0.0004460043564904481,712_2_RF01056_2_NC_000913.3_4467215-4467731_ext_40-240_int_155_off_35_percentage_26_position_126-155 genomicbackground,712,2,712_2
query_713,0,genomicbackground,0,genomicbackground,0.0004685586900450289,713_2_RF01056_2_NC_000913.3_4467215-4467731_ext_40-240_int_155_off_40_percentage_30_position_121-155 genomicbackground,713,2,713_2
query_714,0,genomicbackground,0,genomicbackground,0.00048624613555148244,714_2_RF01056_2_NC_000913.3_4467215-4467731_ext_40-240_int_155_off_45_percentage_34_position_116-155 genomicbackground,714,2,714_2
query_715,0,genomicbackground,0,genomicbackground,0.0005682205082848668,715_2_RF01056_2_NC_000913.3_4467215-4467731_ext_40-240_int_160_off_0_percentage_0_position_0-0 genomicbackground,715,2,715_2
query_716,0,genomicbackground,0,genomicbackground,0.0004492973384913057,716_2_RF01056_2_NC_000913.3_4467215-4467731_ext_40-240_int_160_off_5_percentage_4_position_156-160 genomicbackground,716,2,716_2
query_717,0,genomicbackground,0,genomicbackground,0.0003773188218474388,717_2_RF01056_2_NC_000913.3_4467215-4467731_ext_40-240_int_160_off_10_percentage_9_position_151-160 genomicbackground,717,2,717_2
query_718,0,genomicbackground,0,genomicbackground,0.0005093313520774245,718_2_RF01056_2_NC_000913.3_4467215-4467731_ext_40-240_int_160_off_15_percentage_13_position_146-160 genomicbackground,718,2,718_2
query_719,0,genomicbackground,0,genomicbackground,0.000505978474393487,719_2_RF01056_2_NC_000913.3_4467215-4467731_ext_40-240_int_160_off_20_percentage_17_position_141-160 genomicbackground,719,2,719_2
query_720,0,genomicbackground,0,genomicbackground,0.0006716323550790548,720_2_RF01056_2_NC_000913.3_4467215-4467731_ext_40-240_int_160_off_25_percentage_22_position_136-160 genomicbackground,720,2,720_2
query_721,0,genomicbackground,0,genomicbackground,0.0005818846402689815,721_2_RF01056_2_NC_000913.3_4467215-4467731_ext_40-240_int_160_off_30_percentage_26_position_131-160 genomicbackground,721,2,721_2
query_722,0,genomicbackground,0,genomicbackground,0.0004305760085117072,722_2_RF01056_2_NC_000913.3_4467215-4467731_ext_40-240_int_160_off_35_percentage_30_position_126-160 genomicbackground,722,2,722_2
query_723,0,genomicbackground,0,genomicbackground,0.0004790055681951344,723_2_RF01056_2_NC_000913.3_4467215-4467731_ext_40-240_int_160_off_40_percentage_34_position_121-160 genomicbackground,723,2,723_2
query_724,0,genomicbackground,0,genomicbackground,0.000540701556019485,724_2_RF01056_2_NC_000913.3_4467215-4467731_ext_40-240_int_165_off_0_percentage_4_position_161-165 genomicbackground,724,2,724_2
query_725,0,genomicbackground,0,genomicbackground,0.00045057194074615836,725_2_RF01056_2_NC_000913.3_4467215-4467731_ext_40-240_int_165_off_5_percentage_9_position_156-165 genomicbackground,725,2,725_2
query_726,0,genomicbackground,0,genomicbackground,0.00048111428623087704,726_2_RF01056_2_NC_000913.3_4467215-4467731_ext_40-240_int_165_off_10_percentage_13_position_151-165 genomicbackground,726,2,726_2
query_727,0,genomicbackground,0,genomicbackground,0.0005027603474445641,727_2_RF01056_2_NC_000913.3_4467215-4467731_ext_40-240_int_165_off_15_percentage_17_position_146-165 genomicbackground,727,2,727_2
query_728,0,genomicbackground,0,genomicbackground,0.0005546848988160491,728_2_RF01056_2_NC_000913.3_4467215-4467731_ext_40-240_int_165_off_20_percentage_22_position_141-165 genomicbackground,728,2,728_2
query_729,0,genomicbackground,0,genomicbackground,0.0006816445384174585,729_2_RF01056_2_NC_000913.3_4467215-4467731_ext_40-240_int_165_off_25_percentage_26_position_136-165 genomicbackground,729,2,729_2
query_730,0,genomicbackground,0,genomicbackground,0.0005479881656356156,730_2_RF01056_2_NC_000913.3_4467215-4467731_ext_40-240_int_165_off_30_percentage_30_position_131-165 genomicbackground,730,2,730_2
query_731,0,genomicbackground,0,genomicbackground,0.0005182605236768723,731_2_RF01056_2_NC_000913.3_4467215-4467731_ext_40-240_int_165_off_35_percentage_34_position_126-165 genomicbackground,731,2,731_2
query_732,0,genomicbackground,0,genomicbackground,0.0004759326402563602,732_2_RF01056_2_NC_000913.3_4467215-4467731_ext_40-240_int_170_off_0_percentage_9_position_161-170 genomicbackground,732,2,732_2
query_733,0,genomicbackground,0,genomicbackground,0.00048675696598365903,733_2_RF01056_2_NC_000913.3_4467215-4467731_ext_40-240_int_170_off_5_percentage_13_position_156-170 genomicbackground,733,2,733_2
query_734,0,genomicbackground,0,genomicbackground,0.0004788180813193321,734_2_RF01056_2_NC_000913.3_4467215-4467731_ext_40-240_int_170_off_10_percentage_17_position_151-170 genomicbackground,734,2,734_2
query_735,0,genomicbackground,0,genomicbackground,0.0005426270654425025,735_2_RF01056_2_NC_000913.3_4467215-4467731_ext_40-240_int_170_off_15_percentage_22_position_146-170 genomicbackground,735,2,735_2
query_736,0,genomicbackground,0,genomicbackground,0.0005769986310042441,736_2_RF01056_2_NC_000913.3_4467215-4467731_ext_40-240_int_170_off_20_percentage_26_position_141-170 genomicbackground,736,2,736_2
query_737,0,genomicbackground,0,genomicbackground,0.0008239215821959078,737_2_RF01056_2_NC_000913.3_4467215-4467731_ext_40-240_int_170_off_25_percentage_30_position_136-170 genomicbackground,737,2,737_2
query_738,0,genomicbackground,0,genomicbackground,0.000644493440631777,738_2_RF01056_2_NC_000913.3_4467215-4467731_ext_40-240_int_170_off_30_percentage_34_position_131-170 genomicbackground,738,2,738_2
query_739,0,genomicbackground,0,genomicbackground,0.0005892745684832335,739_2_RF01056_2_NC_000913.3_4467215-4467731_ext_40-240_int_175_off_0_percentage_13_position_161-175 genomicbackground,739,2,739_2
query_740,0,genomicbackground,0,genomicbackground,0.0005204881890676916,740_2_RF01056_2_NC_000913.3_4467215-4467731_ext_40-240_int_175_off_5_percentage_17_position_156-175 genomicbackground,740,2,740_2
query_741,0,genomicbackground,0,genomicbackground,0.0005149536882527173,741_2_RF01056_2_NC_000913.3_4467215-4467731_ext_40-240_int_175_off_10_percentage_22_position_151-175 genomicbackground,741,2,741_2
query_742,0,genomicbackground,0,genomicbackground,0.000574318750295788,742_2_RF01056_2_NC_000913.3_4467215-4467731_ext_40-240_int_175_off_15_percentage_26_position_146-175 genomicbackground,742,2,742_2
query_743,0,genomicbackground,0,genomicbackground,0.0006343438872136176,743_2_RF01056_2_NC_000913.3_4467215-4467731_ext_40-240_int_175_off_20_percentage_30_position_141-175 genomicbackground,743,2,743_2
query_744,0,genomicbackground,0,genomicbackground,0.0008144262828864157,744_2_RF01056_2_NC_000913.3_4467215-4467731_ext_40-240_int_175_off_25_percentage_34_position_136-175 genomicbackground,744,2,744_2
query_745,0,genomicbackground,0,genomicbackground,0.0006342543638311327,745_2_RF01056_2_NC_000913.3_4467215-4467731_ext_40-240_int_180_off_0_percentage_17_position_161-180 genomicbackground,745,2,745_2
query_746,0,genomicbackground,0,genomicbackground,0.0005998992128297687,746_2_RF01056_2_NC_000913.3_4467215-4467731_ext_40-240_int_180_off_5_percentage_22_position_156-180 genomicbackground,746,2,746_2
query_747,0,genomicbackground,0,genomicbackground,0.00053935352480039,747_2_RF01056_2_NC_000913.3_4467215-4467731_ext_40-240_int_180_off_10_percentage_26_position_151-180 genomicbackground,747,2,747_2
query_748,0,genomicbackground,0,genomicbackground,0.0006104685598984361,748_2_RF01056_2_NC_000913.3_4467215-4467731_ext_40-240_int_180_off_15_percentage_30_position_146-180 genomicbackground,748,2,748_2
query_749,0,genomicbackground,0,genomicbackground,0.0006343430140987039,749_2_RF01056_2_NC_000913.3_4467215-4467731_ext_40-240_int_180_off_20_percentage_34_position_141-180 genomicbackground,749,2,749_2
query_750,0,genomicbackground,0,genomicbackground,0.000692518544383347,750_2_RF01056_2_NC_000913.3_4467215-4467731_ext_40-240_int_185_off_0_percentage_22_position_161-185 genomicbackground,750,2,750_2
query_751,0,genomicbackground,0,genomicbackground,0.000766596756875515,751_2_RF01056_2_NC_000913.3_4467215-4467731_ext_40-240_int_185_off_5_percentage_26_position_156-185 genomicbackground,751,2,751_2
query_752,0,genomicbackground,0,genomicbackground,0.0005760356434620917,752_2_RF01056_2_NC_000913.3_4467215-4467731_ext_40-240_int_185_off_10_percentage_30_position_151-185 genomicbackground,752,2,752_2
query_753,0,genomicbackground,0,genomicbackground,0.0006066167843528092,753_2_RF01056_2_NC_000913.3_4467215-4467731_ext_40-240_int_185_off_15_percentage_34_position_146-185 genomicbackground,753,2,753_2
query_754,0,genomicbackground,0,genomicbackground,0.0007113585597835481,754_2_RF01056_2_NC_000913.3_4467215-4467731_ext_40-240_int_190_off_0_percentage_26_position_161-190 genomicbackground,754,2,754_2
query_755,0,genomicbackground,0,genomicbackground,0.0005806321278214455,755_2_RF01056_2_NC_000913.3_4467215-4467731_ext_40-240_int_190_off_5_percentage_30_position_156-190 genomicbackground,755,2,755_2
query_756,0,genomicbackground,0,genomicbackground,0.0005780797800980508,756_2_RF01056_2_NC_000913.3_4467215-4467731_ext_40-240_int_190_off_10_percentage_34_position_151-190 genomicbackground,756,2,756_2
query_757,0,genomicbackground,0,genomicbackground,0.0006826053140684962,757_2_RF01056_2_NC_000913.3_4467215-4467731_ext_40-240_int_195_off_0_percentage_30_position_161-195 genomicbackground,757,2,757_2
query_758,0,genomicbackground,0,genomicbackground,0.0007314711692743003,758_2_RF01056_2_NC_000913.3_4467215-4467731_ext_40-240_int_195_off_5_percentage_34_position_156-195 genomicbackground,758,2,758_2
query_759,0,genomicbackground,0,genomicbackground,0.000917287077754736,759_2_RF01056_2_NC_000913.3_4467215-4467731_ext_40-240_int_200_off_0_percentage_34_position_161-200 genomicbackground,759,2,759_2
query_760,0,genomicbackground,0,genomicbackground,0.01394124049693346,760_2_RF01056_2_NC_000913.3_4467215-4467731_ext_60-260_int_95_off_0_percentage_0_position_0-0 genomicbackground,760,2,760_2
query_761,0,genomicbackground,0,genomicbackground,0.33641377091407776,761_2_RF01056_2_NC_000913.3_4467215-4467731_ext_60-260_int_95_off_5_percentage_0_position_0-0 genomicbackground,761,2,761_2
query_762,0,genomicbackground,0,genomicbackground,0.016729360446333885,762_2_RF01056_2_NC_000913.3_4467215-4467731_ext_60-260_int_95_off_10_percentage_0_position_0-0 genomicbackground,762,2,762_2
query_763,0,genomicbackground,0,genomicbackground,0.009017917327582836,763_2_RF01056_2_NC_000913.3_4467215-4467731_ext_60-260_int_95_off_15_percentage_0_position_0-0 genomicbackground,763,2,763_2
query_764,0,genomicbackground,0,genomicbackground,0.002079116413369775,764_2_RF01056_2_NC_000913.3_4467215-4467731_ext_60-260_int_95_off_20_percentage_0_position_0-0 genomicbackground,764,2,764_2
query_765,0,genomicbackground,0,genomicbackground,0.002390865236520767,765_2_RF01056_2_NC_000913.3_4467215-4467731_ext_60-260_int_95_off_25_percentage_0_position_0-0 genomicbackground,765,2,765_2
query_766,0,genomicbackground,0,genomicbackground,0.040263235569000244,766_2_RF01056_2_NC_000913.3_4467215-4467731_ext_60-260_int_95_off_30_percentage_0_position_0-0 genomicbackground,766,2,766_2
query_767,0,genomicbackground,0,genomicbackground,0.0003983527421951294,767_2_RF01056_2_NC_000913.3_4467215-4467731_ext_60-260_int_95_off_35_percentage_0_position_0-0 genomicbackground,767,2,767_2
query_768,0,genomicbackground,0,genomicbackground,0.0003462430904619396,768_2_RF01056_2_NC_000913.3_4467215-4467731_ext_60-260_int_95_off_40_percentage_0_position_0-0 genomicbackground,768,2,768_2
query_769,0,genomicbackground,0,genomicbackground,0.0002957227698061615,769_2_RF01056_2_NC_000913.3_4467215-4467731_ext_60-260_int_95_off_45_percentage_0_position_0-0 genomicbackground,769,2,769_2
query_770,0,genomicbackground,0,genomicbackground,0.00028902225312776864,770_2_RF01056_2_NC_000913.3_4467215-4467731_ext_60-260_int_95_off_50_percentage_4_position_91-95 genomicbackground,770,2,770_2
query_771,0,genomicbackground,0,genomicbackground,0.00032610169728286564,771_2_RF01056_2_NC_000913.3_4467215-4467731_ext_60-260_int_95_off_55_percentage_9_position_86-95 genomicbackground,771,2,771_2
query_772,0,genomicbackground,0,genomicbackground,0.0003796568780671805,772_2_RF01056_2_NC_000913.3_4467215-4467731_ext_60-260_int_95_off_60_percentage_13_position_81-95 genomicbackground,772,2,772_2
query_773,0,genomicbackground,0,genomicbackground,0.002566947601735592,773_2_RF01056_2_NC_000913.3_4467215-4467731_ext_60-260_int_95_off_65_percentage_17_position_76-95 genomicbackground,773,2,773_2
query_774,0,genomicbackground,0,genomicbackground,0.00036089782952331007,774_2_RF01056_2_NC_000913.3_4467215-4467731_ext_60-260_int_95_off_70_percentage_22_position_71-95 genomicbackground,774,2,774_2
query_775,0,genomicbackground,0,genomicbackground,0.00057652173563838,775_2_RF01056_2_NC_000913.3_4467215-4467731_ext_60-260_int_95_off_75_percentage_26_position_66-95 genomicbackground,775,2,775_2
query_776,0,genomicbackground,0,genomicbackground,0.0004815740103367716,776_2_RF01056_2_NC_000913.3_4467215-4467731_ext_60-260_int_95_off_80_percentage_30_position_61-95 genomicbackground,776,2,776_2
query_777,0,genomicbackground,0,genomicbackground,0.0005004710401408374,777_2_RF01056_2_NC_000913.3_4467215-4467731_ext_60-260_int_95_off_85_percentage_34_position_56-95 genomicbackground,777,2,777_2
query_778,0,genomicbackground,0,genomicbackground,0.0005447378498502076,778_2_RF01056_2_NC_000913.3_4467215-4467731_ext_60-260_int_95_off_90_percentage_39_position_51-95 genomicbackground,778,2,778_2
query_779,0,genomicbackground,0,genomicbackground,0.01587821915745735,779_2_RF01056_2_NC_000913.3_4467215-4467731_ext_60-260_int_95_off_95_percentage_43_position_46-95 genomicbackground,779,2,779_2
query_780,0,genomicbackground,1,riboswitch,0.6488462686538696,780_2_RF01056_2_NC_000913.3_4467215-4467731_ext_60-260_int_95_off_100_percentage_47_position_41-95 genomicbackground,780,2,780_2
query_781,0,genomicbackground,1,riboswitch,0.9321939945220947,781_2_RF01056_2_NC_000913.3_4467215-4467731_ext_60-260_int_95_off_105_percentage_52_position_36-95 genomicbackground,781,2,781_2
query_782,0,genomicbackground,0,genomicbackground,0.03311731293797493,782_2_RF01056_2_NC_000913.3_4467215-4467731_ext_60-260_int_100_off_0_percentage_0_position_0-0 genomicbackground,782,2,782_2
query_783,0,genomicbackground,0,genomicbackground,0.10364235192537308,783_2_RF01056_2_NC_000913.3_4467215-4467731_ext_60-260_int_100_off_5_percentage_0_position_0-0 genomicbackground,783,2,783_2
query_784,0,genomicbackground,0,genomicbackground,0.0035174377262592316,784_2_RF01056_2_NC_000913.3_4467215-4467731_ext_60-260_int_100_off_10_percentage_0_position_0-0 genomicbackground,784,2,784_2
query_785,0,genomicbackground,0,genomicbackground,0.014739727601408958,785_2_RF01056_2_NC_000913.3_4467215-4467731_ext_60-260_int_100_off_15_percentage_0_position_0-0 genomicbackground,785,2,785_2
query_786,0,genomicbackground,0,genomicbackground,0.02115587145090103,786_2_RF01056_2_NC_000913.3_4467215-4467731_ext_60-260_int_100_off_20_percentage_0_position_0-0 genomicbackground,786,2,786_2
query_787,0,genomicbackground,0,genomicbackground,0.013190492056310177,787_2_RF01056_2_NC_000913.3_4467215-4467731_ext_60-260_int_100_off_25_percentage_0_position_0-0 genomicbackground,787,2,787_2
query_788,0,genomicbackground,0,genomicbackground,0.00038753467379137874,788_2_RF01056_2_NC_000913.3_4467215-4467731_ext_60-260_int_100_off_30_percentage_0_position_0-0 genomicbackground,788,2,788_2
query_789,0,genomicbackground,0,genomicbackground,0.0003841349098365754,789_2_RF01056_2_NC_000913.3_4467215-4467731_ext_60-260_int_100_off_35_percentage_0_position_0-0 genomicbackground,789,2,789_2
query_790,0,genomicbackground,0,genomicbackground,0.0003150862758047879,790_2_RF01056_2_NC_000913.3_4467215-4467731_ext_60-260_int_100_off_40_percentage_0_position_0-0 genomicbackground,790,2,790_2
query_791,0,genomicbackground,0,genomicbackground,0.000295790727250278,791_2_RF01056_2_NC_000913.3_4467215-4467731_ext_60-260_int_100_off_45_percentage_4_position_96-100 genomicbackground,791,2,791_2
query_792,0,genomicbackground,0,genomicbackground,0.00029344941140152514,792_2_RF01056_2_NC_000913.3_4467215-4467731_ext_60-260_int_100_off_50_percentage_9_position_91-100 genomicbackground,792,2,792_2
query_793,0,genomicbackground,0,genomicbackground,0.0003636489564087242,793_2_RF01056_2_NC_000913.3_4467215-4467731_ext_60-260_int_100_off_55_percentage_13_position_86-100 genomicbackground,793,2,793_2
query_794,0,genomicbackground,0,genomicbackground,0.015875916928052902,794_2_RF01056_2_NC_000913.3_4467215-4467731_ext_60-260_int_100_off_60_percentage_17_position_81-100 genomicbackground,794,2,794_2
query_795,0,genomicbackground,0,genomicbackground,0.000391926325391978,795_2_RF01056_2_NC_000913.3_4467215-4467731_ext_60-260_int_100_off_65_percentage_22_position_76-100 genomicbackground,795,2,795_2
query_796,0,genomicbackground,0,genomicbackground,0.00041351953404955566,796_2_RF01056_2_NC_000913.3_4467215-4467731_ext_60-260_int_100_off_70_percentage_26_position_71-100 genomicbackground,796,2,796_2
query_797,0,genomicbackground,0,genomicbackground,0.0005876442883163691,797_2_RF01056_2_NC_000913.3_4467215-4467731_ext_60-260_int_100_off_75_percentage_30_position_66-100 genomicbackground,797,2,797_2
query_798,0,genomicbackground,0,genomicbackground,0.0004421730409376323,798_2_RF01056_2_NC_000913.3_4467215-4467731_ext_60-260_int_100_off_80_percentage_34_position_61-100 genomicbackground,798,2,798_2
query_799,0,genomicbackground,0,genomicbackground,0.0005511303897947073,799_2_RF01056_2_NC_000913.3_4467215-4467731_ext_60-260_int_100_off_85_percentage_39_position_56-100 genomicbackground,799,2,799_2
query_800,0,genomicbackground,0,genomicbackground,0.0005975607200525701,800_2_RF01056_2_NC_000913.3_4467215-4467731_ext_60-260_int_100_off_90_percentage_43_position_51-100 genomicbackground,800,2,800_2
query_801,0,genomicbackground,0,genomicbackground,0.03154333308339119,801_2_RF01056_2_NC_000913.3_4467215-4467731_ext_60-260_int_100_off_95_percentage_47_position_46-100 genomicbackground,801,2,801_2
query_802,0,genomicbackground,0,genomicbackground,0.25036343932151794,802_2_RF01056_2_NC_000913.3_4467215-4467731_ext_60-260_int_100_off_100_percentage_52_position_41-100 genomicbackground,802,2,802_2
query_803,0,genomicbackground,0,genomicbackground,0.013474293984472752,803_2_RF01056_2_NC_000913.3_4467215-4467731_ext_60-260_int_105_off_0_percentage_0_position_0-0 genomicbackground,803,2,803_2
query_804,0,genomicbackground,0,genomicbackground,0.014385922811925411,804_2_RF01056_2_NC_000913.3_4467215-4467731_ext_60-260_int_105_off_5_percentage_0_position_0-0 genomicbackground,804,2,804_2
query_805,0,genomicbackground,0,genomicbackground,0.03651905059814453,805_2_RF01056_2_NC_000913.3_4467215-4467731_ext_60-260_int_105_off_10_percentage_0_position_0-0 genomicbackground,805,2,805_2
query_806,0,genomicbackground,0,genomicbackground,0.024274317547678947,806_2_RF01056_2_NC_000913.3_4467215-4467731_ext_60-260_int_105_off_15_percentage_0_position_0-0 genomicbackground,806,2,806_2
query_807,0,genomicbackground,0,genomicbackground,0.0006838772678747773,807_2_RF01056_2_NC_000913.3_4467215-4467731_ext_60-260_int_105_off_20_percentage_0_position_0-0 genomicbackground,807,2,807_2
query_808,0,genomicbackground,0,genomicbackground,0.0003795426746364683,808_2_RF01056_2_NC_000913.3_4467215-4467731_ext_60-260_int_105_off_25_percentage_0_position_0-0 genomicbackground,808,2,808_2
query_809,0,genomicbackground,0,genomicbackground,0.0003706754359882325,809_2_RF01056_2_NC_000913.3_4467215-4467731_ext_60-260_int_105_off_30_percentage_0_position_0-0 genomicbackground,809,2,809_2
query_810,0,genomicbackground,0,genomicbackground,0.00036020445986650884,810_2_RF01056_2_NC_000913.3_4467215-4467731_ext_60-260_int_105_off_35_percentage_0_position_0-0 genomicbackground,810,2,810_2
query_811,0,genomicbackground,0,genomicbackground,0.0003016845148522407,811_2_RF01056_2_NC_000913.3_4467215-4467731_ext_60-260_int_105_off_40_percentage_4_position_101-105 genomicbackground,811,2,811_2
query_812,0,genomicbackground,0,genomicbackground,0.0003291078610345721,812_2_RF01056_2_NC_000913.3_4467215-4467731_ext_60-260_int_105_off_45_percentage_9_position_96-105 genomicbackground,812,2,812_2
query_813,0,genomicbackground,0,genomicbackground,0.0003631247964221984,813_2_RF01056_2_NC_000913.3_4467215-4467731_ext_60-260_int_105_off_50_percentage_13_position_91-105 genomicbackground,813,2,813_2
query_814,0,genomicbackground,0,genomicbackground,0.0003787640016525984,814_2_RF01056_2_NC_000913.3_4467215-4467731_ext_60-260_int_105_off_55_percentage_17_position_86-105 genomicbackground,814,2,814_2
query_815,0,genomicbackground,0,genomicbackground,0.00042691791895776987,815_2_RF01056_2_NC_000913.3_4467215-4467731_ext_60-260_int_105_off_60_percentage_22_position_81-105 genomicbackground,815,2,815_2
query_816,0,genomicbackground,0,genomicbackground,0.00041999926907010376,816_2_RF01056_2_NC_000913.3_4467215-4467731_ext_60-260_int_105_off_65_percentage_26_position_76-105 genomicbackground,816,2,816_2
query_817,0,genomicbackground,0,genomicbackground,0.00043490491225384176,817_2_RF01056_2_NC_000913.3_4467215-4467731_ext_60-260_int_105_off_70_percentage_30_position_71-105 genomicbackground,817,2,817_2
query_818,0,genomicbackground,0,genomicbackground,0.0005413800827227533,818_2_RF01056_2_NC_000913.3_4467215-4467731_ext_60-260_int_105_off_75_percentage_34_position_66-105 genomicbackground,818,2,818_2
query_819,0,genomicbackground,0,genomicbackground,0.0004839877365157008,819_2_RF01056_2_NC_000913.3_4467215-4467731_ext_60-260_int_105_off_80_percentage_39_position_61-105 genomicbackground,819,2,819_2
query_820,0,genomicbackground,0,genomicbackground,0.0005915419897064567,820_2_RF01056_2_NC_000913.3_4467215-4467731_ext_60-260_int_105_off_85_percentage_43_position_56-105 genomicbackground,820,2,820_2
query_821,0,genomicbackground,0,genomicbackground,0.0008308676769956946,821_2_RF01056_2_NC_000913.3_4467215-4467731_ext_60-260_int_105_off_90_percentage_47_position_51-105 genomicbackground,821,2,821_2
query_822,0,genomicbackground,0,genomicbackground,0.027626674622297287,822_2_RF01056_2_NC_000913.3_4467215-4467731_ext_60-260_int_105_off_95_percentage_52_position_46-105 genomicbackground,822,2,822_2
query_823,0,genomicbackground,0,genomicbackground,0.002355697099119425,823_2_RF01056_2_NC_000913.3_4467215-4467731_ext_60-260_int_110_off_0_percentage_0_position_0-0 genomicbackground,823,2,823_2
query_824,0,genomicbackground,0,genomicbackground,0.0055264863185584545,824_2_RF01056_2_NC_000913.3_4467215-4467731_ext_60-260_int_110_off_5_percentage_0_position_0-0 genomicbackground,824,2,824_2
query_825,0,genomicbackground,0,genomicbackground,0.016991999000310898,825_2_RF01056_2_NC_000913.3_4467215-4467731_ext_60-260_int_110_off_10_percentage_0_position_0-0 genomicbackground,825,2,825_2
query_826,0,genomicbackground,0,genomicbackground,0.013271993957459927,826_2_RF01056_2_NC_000913.3_4467215-4467731_ext_60-260_int_110_off_15_percentage_0_position_0-0 genomicbackground,826,2,826_2
query_827,0,genomicbackground,0,genomicbackground,0.0003561055928003043,827_2_RF01056_2_NC_000913.3_4467215-4467731_ext_60-260_int_110_off_20_percentage_0_position_0-0 genomicbackground,827,2,827_2
query_828,0,genomicbackground,0,genomicbackground,0.00034335453528910875,828_2_RF01056_2_NC_000913.3_4467215-4467731_ext_60-260_int_110_off_25_percentage_0_position_0-0 genomicbackground,828,2,828_2
query_829,0,genomicbackground,0,genomicbackground,0.00035343848867341876,829_2_RF01056_2_NC_000913.3_4467215-4467731_ext_60-260_int_110_off_30_percentage_0_position_0-0 genomicbackground,829,2,829_2
query_830,0,genomicbackground,0,genomicbackground,0.0003532004193402827,830_2_RF01056_2_NC_000913.3_4467215-4467731_ext_60-260_int_110_off_35_percentage_4_position_106-110 genomicbackground,830,2,830_2
query_831,0,genomicbackground,0,genomicbackground,0.0003035824338439852,831_2_RF01056_2_NC_000913.3_4467215-4467731_ext_60-260_int_110_off_40_percentage_9_position_101-110 genomicbackground,831,2,831_2
query_832,0,genomicbackground,0,genomicbackground,0.0003493452968541533,832_2_RF01056_2_NC_000913.3_4467215-4467731_ext_60-260_int_110_off_45_percentage_13_position_96-110 genomicbackground,832,2,832_2
query_833,0,genomicbackground,0,genomicbackground,0.0003722421242855489,833_2_RF01056_2_NC_000913.3_4467215-4467731_ext_60-260_int_110_off_50_percentage_17_position_91-110 genomicbackground,833,2,833_2
query_834,0,genomicbackground,0,genomicbackground,0.0004264705057721585,834_2_RF01056_2_NC_000913.3_4467215-4467731_ext_60-260_int_110_off_55_percentage_22_position_86-110 genomicbackground,834,2,834_2
query_835,0,genomicbackground,0,genomicbackground,0.00045356180635280907,835_2_RF01056_2_NC_000913.3_4467215-4467731_ext_60-260_int_110_off_60_percentage_26_position_81-110 genomicbackground,835,2,835_2
query_836,0,genomicbackground,0,genomicbackground,0.0004407897649798542,836_2_RF01056_2_NC_000913.3_4467215-4467731_ext_60-260_int_110_off_65_percentage_30_position_76-110 genomicbackground,836,2,836_2
query_837,0,genomicbackground,0,genomicbackground,0.0005755334859713912,837_2_RF01056_2_NC_000913.3_4467215-4467731_ext_60-260_int_110_off_70_percentage_34_position_71-110 genomicbackground,837,2,837_2
query_838,0,genomicbackground,0,genomicbackground,0.0005849119042977691,838_2_RF01056_2_NC_000913.3_4467215-4467731_ext_60-260_int_110_off_75_percentage_39_position_66-110 genomicbackground,838,2,838_2
query_839,0,genomicbackground,0,genomicbackground,0.0005187693750485778,839_2_RF01056_2_NC_000913.3_4467215-4467731_ext_60-260_int_110_off_80_percentage_43_position_61-110 genomicbackground,839,2,839_2
query_840,0,genomicbackground,0,genomicbackground,0.0007919032359495759,840_2_RF01056_2_NC_000913.3_4467215-4467731_ext_60-260_int_110_off_85_percentage_47_position_56-110 genomicbackground,840,2,840_2
query_841,0,genomicbackground,0,genomicbackground,0.0006883784662932158,841_2_RF01056_2_NC_000913.3_4467215-4467731_ext_60-260_int_110_off_90_percentage_52_position_51-110 genomicbackground,841,2,841_2
query_842,0,genomicbackground,0,genomicbackground,0.0021229679696261883,842_2_RF01056_2_NC_000913.3_4467215-4467731_ext_60-260_int_115_off_0_percentage_0_position_0-0 genomicbackground,842,2,842_2
query_843,0,genomicbackground,0,genomicbackground,0.0077013312838971615,843_2_RF01056_2_NC_000913.3_4467215-4467731_ext_60-260_int_115_off_5_percentage_0_position_0-0 genomicbackground,843,2,843_2
query_844,0,genomicbackground,0,genomicbackground,0.013945449143648148,844_2_RF01056_2_NC_000913.3_4467215-4467731_ext_60-260_int_115_off_10_percentage_0_position_0-0 genomicbackground,844,2,844_2
query_845,0,genomicbackground,0,genomicbackground,0.000402747537009418,845_2_RF01056_2_NC_000913.3_4467215-4467731_ext_60-260_int_115_off_15_percentage_0_position_0-0 genomicbackground,845,2,845_2
query_846,0,genomicbackground,0,genomicbackground,0.00034680753014981747,846_2_RF01056_2_NC_000913.3_4467215-4467731_ext_60-260_int_115_off_20_percentage_0_position_0-0 genomicbackground,846,2,846_2
query_847,0,genomicbackground,0,genomicbackground,0.0003322184202261269,847_2_RF01056_2_NC_000913.3_4467215-4467731_ext_60-260_int_115_off_25_percentage_0_position_0-0 genomicbackground,847,2,847_2
query_848,0,genomicbackground,0,genomicbackground,0.00034954005968756974,848_2_RF01056_2_NC_000913.3_4467215-4467731_ext_60-260_int_115_off_30_percentage_4_position_111-115 genomicbackground,848,2,848_2
query_849,0,genomicbackground,0,genomicbackground,0.000325529370456934,849_2_RF01056_2_NC_000913.3_4467215-4467731_ext_60-260_int_115_off_35_percentage_9_position_106-115 genomicbackground,849,2,849_2
query_850,0,genomicbackground,0,genomicbackground,0.00033029232872650027,850_2_RF01056_2_NC_000913.3_4467215-4467731_ext_60-260_int_115_off_40_percentage_13_position_101-115 genomicbackground,850,2,850_2
query_851,0,genomicbackground,0,genomicbackground,0.0003587303508538753,851_2_RF01056_2_NC_000913.3_4467215-4467731_ext_60-260_int_115_off_45_percentage_17_position_96-115 genomicbackground,851,2,851_2
query_852,0,genomicbackground,0,genomicbackground,0.0004227705067023635,852_2_RF01056_2_NC_000913.3_4467215-4467731_ext_60-260_int_115_off_50_percentage_22_position_91-115 genomicbackground,852,2,852_2
query_853,0,genomicbackground,0,genomicbackground,0.00045269340625964105,853_2_RF01056_2_NC_000913.3_4467215-4467731_ext_60-260_int_115_off_55_percentage_26_position_86-115 genomicbackground,853,2,853_2
query_854,0,genomicbackground,0,genomicbackground,0.00046576373279094696,854_2_RF01056_2_NC_000913.3_4467215-4467731_ext_60-260_int_115_off_60_percentage_30_position_81-115 genomicbackground,854,2,854_2
query_855,0,genomicbackground,0,genomicbackground,0.0004494968452490866,855_2_RF01056_2_NC_000913.3_4467215-4467731_ext_60-260_int_115_off_65_percentage_34_position_76-115 genomicbackground,855,2,855_2
query_856,0,genomicbackground,0,genomicbackground,0.0006088858935981989,856_2_RF01056_2_NC_000913.3_4467215-4467731_ext_60-260_int_115_off_70_percentage_39_position_71-115 genomicbackground,856,2,856_2
query_857,0,genomicbackground,0,genomicbackground,0.0006138110184110701,857_2_RF01056_2_NC_000913.3_4467215-4467731_ext_60-260_int_115_off_75_percentage_43_position_66-115 genomicbackground,857,2,857_2
query_858,0,genomicbackground,0,genomicbackground,0.0006544408388435841,858_2_RF01056_2_NC_000913.3_4467215-4467731_ext_60-260_int_115_off_80_percentage_47_position_61-115 genomicbackground,858,2,858_2
query_859,0,genomicbackground,0,genomicbackground,0.0006736934883520007,859_2_RF01056_2_NC_000913.3_4467215-4467731_ext_60-260_int_115_off_85_percentage_52_position_56-115 genomicbackground,859,2,859_2
query_860,0,genomicbackground,0,genomicbackground,0.0021779481321573257,860_2_RF01056_2_NC_000913.3_4467215-4467731_ext_60-260_int_120_off_0_percentage_0_position_0-0 genomicbackground,860,2,860_2
query_861,0,genomicbackground,0,genomicbackground,0.00508669251576066,861_2_RF01056_2_NC_000913.3_4467215-4467731_ext_60-260_int_120_off_5_percentage_0_position_0-0 genomicbackground,861,2,861_2
query_862,0,genomicbackground,0,genomicbackground,0.00042552920058369637,862_2_RF01056_2_NC_000913.3_4467215-4467731_ext_60-260_int_120_off_10_percentage_0_position_0-0 genomicbackground,862,2,862_2
query_863,0,genomicbackground,0,genomicbackground,0.00035930282319895923,863_2_RF01056_2_NC_000913.3_4467215-4467731_ext_60-260_int_120_off_15_percentage_0_position_0-0 genomicbackground,863,2,863_2
query_864,0,genomicbackground,0,genomicbackground,0.00033000673283822834,864_2_RF01056_2_NC_000913.3_4467215-4467731_ext_60-260_int_120_off_20_percentage_0_position_0-0 genomicbackground,864,2,864_2
query_865,0,genomicbackground,0,genomicbackground,0.0003323290147818625,865_2_RF01056_2_NC_000913.3_4467215-4467731_ext_60-260_int_120_off_25_percentage_4_position_116-120 genomicbackground,865,2,865_2
query_866,0,genomicbackground,0,genomicbackground,0.0003410936042200774,866_2_RF01056_2_NC_000913.3_4467215-4467731_ext_60-260_int_120_off_30_percentage_9_position_111-120 genomicbackground,866,2,866_2
query_867,0,genomicbackground,0,genomicbackground,0.00037681375397369266,867_2_RF01056_2_NC_000913.3_4467215-4467731_ext_60-260_int_120_off_35_percentage_13_position_106-120 genomicbackground,867,2,867_2
query_868,0,genomicbackground,0,genomicbackground,0.00034771941136568785,868_2_RF01056_2_NC_000913.3_4467215-4467731_ext_60-260_int_120_off_40_percentage_17_position_101-120 genomicbackground,868,2,868_2
query_869,0,genomicbackground,0,genomicbackground,0.000415513088228181,869_2_RF01056_2_NC_000913.3_4467215-4467731_ext_60-260_int_120_off_45_percentage_22_position_96-120 genomicbackground,869,2,869_2
query_870,0,genomicbackground,0,genomicbackground,0.0004490540304686874,870_2_RF01056_2_NC_000913.3_4467215-4467731_ext_60-260_int_120_off_50_percentage_26_position_91-120 genomicbackground,870,2,870_2
query_871,0,genomicbackground,0,genomicbackground,0.0004623308777809143,871_2_RF01056_2_NC_000913.3_4467215-4467731_ext_60-260_int_120_off_55_percentage_30_position_86-120 genomicbackground,871,2,871_2
query_872,0,genomicbackground,0,genomicbackground,0.0004686221363954246,872_2_RF01056_2_NC_000913.3_4467215-4467731_ext_60-260_int_120_off_60_percentage_34_position_81-120 genomicbackground,872,2,872_2
query_873,0,genomicbackground,0,genomicbackground,0.0004640797560568899,873_2_RF01056_2_NC_000913.3_4467215-4467731_ext_60-260_int_120_off_65_percentage_39_position_76-120 genomicbackground,873,2,873_2
query_874,0,genomicbackground,0,genomicbackground,0.0004946246044710279,874_2_RF01056_2_NC_000913.3_4467215-4467731_ext_60-260_int_120_off_70_percentage_43_position_71-120 genomicbackground,874,2,874_2
query_875,0,genomicbackground,0,genomicbackground,0.0007554455660283566,875_2_RF01056_2_NC_000913.3_4467215-4467731_ext_60-260_int_120_off_75_percentage_47_position_66-120 genomicbackground,875,2,875_2
query_876,0,genomicbackground,0,genomicbackground,0.000588727998547256,876_2_RF01056_2_NC_000913.3_4467215-4467731_ext_60-260_int_120_off_80_percentage_52_position_61-120 genomicbackground,876,2,876_2
query_877,0,genomicbackground,0,genomicbackground,0.001082578906789422,877_2_RF01056_2_NC_000913.3_4467215-4467731_ext_60-260_int_125_off_0_percentage_0_position_0-0 genomicbackground,877,2,877_2
query_878,0,genomicbackground,0,genomicbackground,0.0005594611866399646,878_2_RF01056_2_NC_000913.3_4467215-4467731_ext_60-260_int_125_off_5_percentage_0_position_0-0 genomicbackground,878,2,878_2
query_879,0,genomicbackground,0,genomicbackground,0.0004324735782574862,879_2_RF01056_2_NC_000913.3_4467215-4467731_ext_60-260_int_125_off_10_percentage_0_position_0-0 genomicbackground,879,2,879_2
query_880,0,genomicbackground,0,genomicbackground,0.00032469871803186834,880_2_RF01056_2_NC_000913.3_4467215-4467731_ext_60-260_int_125_off_15_percentage_0_position_0-0 genomicbackground,880,2,880_2
query_881,0,genomicbackground,0,genomicbackground,0.00032381556229665875,881_2_RF01056_2_NC_000913.3_4467215-4467731_ext_60-260_int_125_off_20_percentage_4_position_121-125 genomicbackground,881,2,881_2
query_882,0,genomicbackground,0,genomicbackground,0.00033936419640667737,882_2_RF01056_2_NC_000913.3_4467215-4467731_ext_60-260_int_125_off_25_percentage_9_position_116-125 genomicbackground,882,2,882_2
query_883,0,genomicbackground,0,genomicbackground,0.0003854923998005688,883_2_RF01056_2_NC_000913.3_4467215-4467731_ext_60-260_int_125_off_30_percentage_13_position_111-125 genomicbackground,883,2,883_2
query_884,0,genomicbackground,0,genomicbackground,0.0003922542673535645,884_2_RF01056_2_NC_000913.3_4467215-4467731_ext_60-260_int_125_off_35_percentage_17_position_106-125 genomicbackground,884,2,884_2
query_885,0,genomicbackground,0,genomicbackground,0.0004221373819746077,885_2_RF01056_2_NC_000913.3_4467215-4467731_ext_60-260_int_125_off_40_percentage_22_position_101-125 genomicbackground,885,2,885_2
query_886,0,genomicbackground,0,genomicbackground,0.0005029106396250427,886_2_RF01056_2_NC_000913.3_4467215-4467731_ext_60-260_int_125_off_45_percentage_26_position_96-125 genomicbackground,886,2,886_2
query_887,0,genomicbackground,0,genomicbackground,0.0004620463587343693,887_2_RF01056_2_NC_000913.3_4467215-4467731_ext_60-260_int_125_off_50_percentage_30_position_91-125 genomicbackground,887,2,887_2
query_888,0,genomicbackground,0,genomicbackground,0.000659086334053427,888_2_RF01056_2_NC_000913.3_4467215-4467731_ext_60-260_int_125_off_55_percentage_34_position_86-125 genomicbackground,888,2,888_2
query_889,0,genomicbackground,0,genomicbackground,0.000478486210340634,889_2_RF01056_2_NC_000913.3_4467215-4467731_ext_60-260_int_125_off_60_percentage_39_position_81-125 genomicbackground,889,2,889_2
query_890,0,genomicbackground,0,genomicbackground,0.00047640581033192575,890_2_RF01056_2_NC_000913.3_4467215-4467731_ext_60-260_int_125_off_65_percentage_43_position_76-125 genomicbackground,890,2,890_2
query_891,0,genomicbackground,0,genomicbackground,0.0006197367911227047,891_2_RF01056_2_NC_000913.3_4467215-4467731_ext_60-260_int_125_off_70_percentage_47_position_71-125 genomicbackground,891,2,891_2
query_892,0,genomicbackground,0,genomicbackground,0.0006735390052199364,892_2_RF01056_2_NC_000913.3_4467215-4467731_ext_60-260_int_125_off_75_percentage_52_position_66-125 genomicbackground,892,2,892_2
query_893,0,genomicbackground,0,genomicbackground,0.00044189649634063244,893_2_RF01056_2_NC_000913.3_4467215-4467731_ext_60-260_int_130_off_0_percentage_0_position_0-0 genomicbackground,893,2,893_2
query_894,0,genomicbackground,0,genomicbackground,0.0004764196928590536,894_2_RF01056_2_NC_000913.3_4467215-4467731_ext_60-260_int_130_off_5_percentage_0_position_0-0 genomicbackground,894,2,894_2
query_895,0,genomicbackground,0,genomicbackground,0.000396213581552729,895_2_RF01056_2_NC_000913.3_4467215-4467731_ext_60-260_int_130_off_10_percentage_0_position_0-0 genomicbackground,895,2,895_2
query_896,0,genomicbackground,0,genomicbackground,0.00030495875398628414,896_2_RF01056_2_NC_000913.3_4467215-4467731_ext_60-260_int_130_off_15_percentage_4_position_126-130 genomicbackground,896,2,896_2
query_897,0,genomicbackground,0,genomicbackground,0.0003058403672184795,897_2_RF01056_2_NC_000913.3_4467215-4467731_ext_60-260_int_130_off_20_percentage_9_position_121-130 genomicbackground,897,2,897_2
query_898,0,genomicbackground,0,genomicbackground,0.0003655478067230433,898_2_RF01056_2_NC_000913.3_4467215-4467731_ext_60-260_int_130_off_25_percentage_13_position_116-130 genomicbackground,898,2,898_2
query_899,0,genomicbackground,0,genomicbackground,0.00039579326403327286,899_2_RF01056_2_NC_000913.3_4467215-4467731_ext_60-260_int_130_off_30_percentage_17_position_111-130 genomicbackground,899,2,899_2
query_900,0,genomicbackground,0,genomicbackground,0.0005213185795582831,900_2_RF01056_2_NC_000913.3_4467215-4467731_ext_60-260_int_130_off_35_percentage_22_position_106-130 genomicbackground,900,2,900_2
query_901,0,genomicbackground,0,genomicbackground,0.0004848003154620528,901_2_RF01056_2_NC_000913.3_4467215-4467731_ext_60-260_int_130_off_40_percentage_26_position_101-130 genomicbackground,901,2,901_2
query_902,0,genomicbackground,0,genomicbackground,0.00046734281932003796,902_2_RF01056_2_NC_000913.3_4467215-4467731_ext_60-260_int_130_off_45_percentage_30_position_96-130 genomicbackground,902,2,902_2
query_903,0,genomicbackground,0,genomicbackground,0.0004969745641574264,903_2_RF01056_2_NC_000913.3_4467215-4467731_ext_60-260_int_130_off_50_percentage_34_position_91-130 genomicbackground,903,2,903_2
query_904,0,genomicbackground,0,genomicbackground,0.0006897564744576812,904_2_RF01056_2_NC_000913.3_4467215-4467731_ext_60-260_int_130_off_55_percentage_39_position_86-130 genomicbackground,904,2,904_2
query_905,0,genomicbackground,0,genomicbackground,0.0004904574598185718,905_2_RF01056_2_NC_000913.3_4467215-4467731_ext_60-260_int_130_off_60_percentage_43_position_81-130 genomicbackground,905,2,905_2
query_906,0,genomicbackground,0,genomicbackground,0.0005853116745129228,906_2_RF01056_2_NC_000913.3_4467215-4467731_ext_60-260_int_130_off_65_percentage_47_position_76-130 genomicbackground,906,2,906_2
query_907,0,genomicbackground,0,genomicbackground,0.0005736979655921459,907_2_RF01056_2_NC_000913.3_4467215-4467731_ext_60-260_int_130_off_70_percentage_52_position_71-130 genomicbackground,907,2,907_2
query_908,0,genomicbackground,0,genomicbackground,0.00043168055708520114,908_2_RF01056_2_NC_000913.3_4467215-4467731_ext_60-260_int_135_off_0_percentage_0_position_0-0 genomicbackground,908,2,908_2
query_909,0,genomicbackground,0,genomicbackground,0.000430586893344298,909_2_RF01056_2_NC_000913.3_4467215-4467731_ext_60-260_int_135_off_5_percentage_0_position_0-0 genomicbackground,909,2,909_2
query_910,0,genomicbackground,0,genomicbackground,0.0003737097140401602,910_2_RF01056_2_NC_000913.3_4467215-4467731_ext_60-260_int_135_off_10_percentage_4_position_131-135 genomicbackground,910,2,910_2
query_911,0,genomicbackground,0,genomicbackground,0.0002980975841637701,911_2_RF01056_2_NC_000913.3_4467215-4467731_ext_60-260_int_135_off_15_percentage_9_position_126-135 genomicbackground,911,2,911_2
query_912,0,genomicbackground,0,genomicbackground,0.0003401024150662124,912_2_RF01056_2_NC_000913.3_4467215-4467731_ext_60-260_int_135_off_20_percentage_13_position_121-135 genomicbackground,912,2,912_2
query_913,0,genomicbackground,0,genomicbackground,0.00037684087874367833,913_2_RF01056_2_NC_000913.3_4467215-4467731_ext_60-260_int_135_off_25_percentage_17_position_116-135 genomicbackground,913,2,913_2
query_914,0,genomicbackground,0,genomicbackground,0.0004305373877286911,914_2_RF01056_2_NC_000913.3_4467215-4467731_ext_60-260_int_135_off_30_percentage_22_position_111-135 genomicbackground,914,2,914_2
query_915,0,genomicbackground,0,genomicbackground,0.0005229328526183963,915_2_RF01056_2_NC_000913.3_4467215-4467731_ext_60-260_int_135_off_35_percentage_26_position_106-135 genomicbackground,915,2,915_2
query_916,0,genomicbackground,0,genomicbackground,0.0004607616865541786,916_2_RF01056_2_NC_000913.3_4467215-4467731_ext_60-260_int_135_off_40_percentage_30_position_101-135 genomicbackground,916,2,916_2
query_917,0,genomicbackground,0,genomicbackground,0.0006714712944813073,917_2_RF01056_2_NC_000913.3_4467215-4467731_ext_60-260_int_135_off_45_percentage_34_position_96-135 genomicbackground,917,2,917_2
query_918,0,genomicbackground,0,genomicbackground,0.0004576554347295314,918_2_RF01056_2_NC_000913.3_4467215-4467731_ext_60-260_int_135_off_50_percentage_39_position_91-135 genomicbackground,918,2,918_2
query_919,0,genomicbackground,0,genomicbackground,0.0004846616357099265,919_2_RF01056_2_NC_000913.3_4467215-4467731_ext_60-260_int_135_off_55_percentage_43_position_86-135 genomicbackground,919,2,919_2
query_920,0,genomicbackground,0,genomicbackground,0.0006062955362722278,920_2_RF01056_2_NC_000913.3_4467215-4467731_ext_60-260_int_135_off_60_percentage_47_position_81-135 genomicbackground,920,2,920_2
query_921,0,genomicbackground,0,genomicbackground,0.0005480035906657577,921_2_RF01056_2_NC_000913.3_4467215-4467731_ext_60-260_int_135_off_65_percentage_52_position_76-135 genomicbackground,921,2,921_2
query_922,0,genomicbackground,0,genomicbackground,0.00040579118649475276,922_2_RF01056_2_NC_000913.3_4467215-4467731_ext_60-260_int_140_off_0_percentage_0_position_0-0 genomicbackground,922,2,922_2
query_923,0,genomicbackground,0,genomicbackground,0.0004005775263067335,923_2_RF01056_2_NC_000913.3_4467215-4467731_ext_60-260_int_140_off_5_percentage_4_position_136-140 genomicbackground,923,2,923_2
query_924,0,genomicbackground,0,genomicbackground,0.00036922944127582014,924_2_RF01056_2_NC_000913.3_4467215-4467731_ext_60-260_int_140_off_10_percentage_9_position_131-140 genomicbackground,924,2,924_2
query_925,0,genomicbackground,0,genomicbackground,0.0003274826449342072,925_2_RF01056_2_NC_000913.3_4467215-4467731_ext_60-260_int_140_off_15_percentage_13_position_126-140 genomicbackground,925,2,925_2
query_926,0,genomicbackground,0,genomicbackground,0.0003494000993669033,926_2_RF01056_2_NC_000913.3_4467215-4467731_ext_60-260_int_140_off_20_percentage_17_position_121-140 genomicbackground,926,2,926_2
query_927,0,genomicbackground,0,genomicbackground,0.0003862686862703413,927_2_RF01056_2_NC_000913.3_4467215-4467731_ext_60-260_int_140_off_25_percentage_22_position_116-140 genomicbackground,927,2,927_2
query_928,0,genomicbackground,0,genomicbackground,0.00044479145435616374,928_2_RF01056_2_NC_000913.3_4467215-4467731_ext_60-260_int_140_off_30_percentage_26_position_111-140 genomicbackground,928,2,928_2
query_929,0,genomicbackground,0,genomicbackground,0.0005156082916073501,929_2_RF01056_2_NC_000913.3_4467215-4467731_ext_60-260_int_140_off_35_percentage_30_position_106-140 genomicbackground,929,2,929_2
query_930,0,genomicbackground,0,genomicbackground,0.0005507298046723008,930_2_RF01056_2_NC_000913.3_4467215-4467731_ext_60-260_int_140_off_40_percentage_34_position_101-140 genomicbackground,930,2,930_2
query_931,0,genomicbackground,0,genomicbackground,0.0004584426060318947,931_2_RF01056_2_NC_000913.3_4467215-4467731_ext_60-260_int_140_off_45_percentage_39_position_96-140 genomicbackground,931,2,931_2
query_932,0,genomicbackground,0,genomicbackground,0.000431042310083285,932_2_RF01056_2_NC_000913.3_4467215-4467731_ext_60-260_int_140_off_50_percentage_43_position_91-140 genomicbackground,932,2,932_2
query_933,0,genomicbackground,0,genomicbackground,0.000619156111497432,933_2_RF01056_2_NC_000913.3_4467215-4467731_ext_60-260_int_140_off_55_percentage_47_position_86-140 genomicbackground,933,2,933_2
query_934,0,genomicbackground,0,genomicbackground,0.0005643685581162572,934_2_RF01056_2_NC_000913.3_4467215-4467731_ext_60-260_int_140_off_60_percentage_52_position_81-140 genomicbackground,934,2,934_2
query_935,0,genomicbackground,0,genomicbackground,0.0003906940983142704,935_2_RF01056_2_NC_000913.3_4467215-4467731_ext_60-260_int_145_off_0_percentage_4_position_141-145 genomicbackground,935,2,935_2
query_936,0,genomicbackground,0,genomicbackground,0.0003841589204967022,936_2_RF01056_2_NC_000913.3_4467215-4467731_ext_60-260_int_145_off_5_percentage_9_position_136-145 genomicbackground,936,2,936_2
query_937,0,genomicbackground,0,genomicbackground,0.0004196643421892077,937_2_RF01056_2_NC_000913.3_4467215-4467731_ext_60-260_int_145_off_10_percentage_13_position_131-145 genomicbackground,937,2,937_2
query_938,0,genomicbackground,0,genomicbackground,0.0003381267306394875,938_2_RF01056_2_NC_000913.3_4467215-4467731_ext_60-260_int_145_off_15_percentage_17_position_126-145 genomicbackground,938,2,938_2
query_939,0,genomicbackground,0,genomicbackground,0.0004628916212823242,939_2_RF01056_2_NC_000913.3_4467215-4467731_ext_60-260_int_145_off_20_percentage_22_position_121-145 genomicbackground,939,2,939_2
query_940,0,genomicbackground,0,genomicbackground,0.00040714984061196446,940_2_RF01056_2_NC_000913.3_4467215-4467731_ext_60-260_int_145_off_25_percentage_26_position_116-145 genomicbackground,940,2,940_2
query_941,0,genomicbackground,0,genomicbackground,0.0005422147805802524,941_2_RF01056_2_NC_000913.3_4467215-4467731_ext_60-260_int_145_off_30_percentage_30_position_111-145 genomicbackground,941,2,941_2
query_942,0,genomicbackground,0,genomicbackground,0.0009255250333808362,942_2_RF01056_2_NC_000913.3_4467215-4467731_ext_60-260_int_145_off_35_percentage_34_position_106-145 genomicbackground,942,2,942_2
query_943,0,genomicbackground,0,genomicbackground,0.0004747766361106187,943_2_RF01056_2_NC_000913.3_4467215-4467731_ext_60-260_int_145_off_40_percentage_39_position_101-145 genomicbackground,943,2,943_2
query_944,0,genomicbackground,0,genomicbackground,0.00043436253326945007,944_2_RF01056_2_NC_000913.3_4467215-4467731_ext_60-260_int_145_off_45_percentage_43_position_96-145 genomicbackground,944,2,944_2
query_945,0,genomicbackground,0,genomicbackground,0.000653548922855407,945_2_RF01056_2_NC_000913.3_4467215-4467731_ext_60-260_int_145_off_50_percentage_47_position_91-145 genomicbackground,945,2,945_2
query_946,0,genomicbackground,0,genomicbackground,0.0005647736834362149,946_2_RF01056_2_NC_000913.3_4467215-4467731_ext_60-260_int_145_off_55_percentage_52_position_86-145 genomicbackground,946,2,946_2
query_947,0,genomicbackground,0,genomicbackground,0.00038511428283527493,947_2_RF01056_2_NC_000913.3_4467215-4467731_ext_60-260_int_150_off_0_percentage_9_position_141-150 genomicbackground,947,2,947_2
query_948,0,genomicbackground,0,genomicbackground,0.0005941923009231687,948_2_RF01056_2_NC_000913.3_4467215-4467731_ext_60-260_int_150_off_5_percentage_13_position_136-150 genomicbackground,948,2,948_2
query_949,0,genomicbackground,0,genomicbackground,0.00043493974953889847,949_2_RF01056_2_NC_000913.3_4467215-4467731_ext_60-260_int_150_off_10_percentage_17_position_131-150 genomicbackground,949,2,949_2
query_950,0,genomicbackground,0,genomicbackground,0.0004233028448652476,950_2_RF01056_2_NC_000913.3_4467215-4467731_ext_60-260_int_150_off_15_percentage_22_position_126-150 genomicbackground,950,2,950_2
query_951,0,genomicbackground,0,genomicbackground,0.0004649132024496794,951_2_RF01056_2_NC_000913.3_4467215-4467731_ext_60-260_int_150_off_20_percentage_26_position_121-150 genomicbackground,951,2,951_2
query_952,0,genomicbackground,0,genomicbackground,0.00048383776447735727,952_2_RF01056_2_NC_000913.3_4467215-4467731_ext_60-260_int_150_off_25_percentage_30_position_116-150 genomicbackground,952,2,952_2
query_953,0,genomicbackground,0,genomicbackground,0.0005116577376611531,953_2_RF01056_2_NC_000913.3_4467215-4467731_ext_60-260_int_150_off_30_percentage_34_position_111-150 genomicbackground,953,2,953_2
query_954,0,genomicbackground,0,genomicbackground,0.0009690242586657405,954_2_RF01056_2_NC_000913.3_4467215-4467731_ext_60-260_int_150_off_35_percentage_39_position_106-150 genomicbackground,954,2,954_2
query_955,0,genomicbackground,0,genomicbackground,0.0005012142355553806,955_2_RF01056_2_NC_000913.3_4467215-4467731_ext_60-260_int_150_off_40_percentage_43_position_101-150 genomicbackground,955,2,955_2
query_956,0,genomicbackground,0,genomicbackground,0.0006712574395351112,956_2_RF01056_2_NC_000913.3_4467215-4467731_ext_60-260_int_150_off_45_percentage_47_position_96-150 genomicbackground,956,2,956_2
query_957,0,genomicbackground,0,genomicbackground,0.0005842024693265557,957_2_RF01056_2_NC_000913.3_4467215-4467731_ext_60-260_int_150_off_50_percentage_52_position_91-150 genomicbackground,957,2,957_2
query_958,0,genomicbackground,0,genomicbackground,0.0005125849856995046,958_2_RF01056_2_NC_000913.3_4467215-4467731_ext_60-260_int_155_off_0_percentage_13_position_141-155 genomicbackground,958,2,958_2
query_959,0,genomicbackground,0,genomicbackground,0.0005791367730125785,959_2_RF01056_2_NC_000913.3_4467215-4467731_ext_60-260_int_155_off_5_percentage_17_position_136-155 genomicbackground,959,2,959_2
query_960,0,genomicbackground,0,genomicbackground,0.000564024958293885,960_2_RF01056_2_NC_000913.3_4467215-4467731_ext_60-260_int_155_off_10_percentage_22_position_131-155 genomicbackground,960,2,960_2
query_961,0,genomicbackground,0,genomicbackground,0.0004460043564904481,961_2_RF01056_2_NC_000913.3_4467215-4467731_ext_60-260_int_155_off_15_percentage_26_position_126-155 genomicbackground,961,2,961_2
query_962,0,genomicbackground,0,genomicbackground,0.0004685586900450289,962_2_RF01056_2_NC_000913.3_4467215-4467731_ext_60-260_int_155_off_20_percentage_30_position_121-155 genomicbackground,962,2,962_2
query_963,0,genomicbackground,0,genomicbackground,0.00048624613555148244,963_2_RF01056_2_NC_000913.3_4467215-4467731_ext_60-260_int_155_off_25_percentage_34_position_116-155 genomicbackground,963,2,963_2
query_964,0,genomicbackground,0,genomicbackground,0.0007123504183255136,964_2_RF01056_2_NC_000913.3_4467215-4467731_ext_60-260_int_155_off_30_percentage_39_position_111-155 genomicbackground,964,2,964_2
query_965,0,genomicbackground,0,genomicbackground,0.0005639540031552315,965_2_RF01056_2_NC_000913.3_4467215-4467731_ext_60-260_int_155_off_35_percentage_43_position_106-155 genomicbackground,965,2,965_2
query_966,0,genomicbackground,0,genomicbackground,0.0007384796626865864,966_2_RF01056_2_NC_000913.3_4467215-4467731_ext_60-260_int_155_off_40_percentage_47_position_101-155 genomicbackground,966,2,966_2
query_967,0,genomicbackground,0,genomicbackground,0.0005922718555666506,967_2_RF01056_2_NC_000913.3_4467215-4467731_ext_60-260_int_155_off_45_percentage_52_position_96-155 genomicbackground,967,2,967_2
query_968,0,genomicbackground,0,genomicbackground,0.000505978474393487,968_2_RF01056_2_NC_000913.3_4467215-4467731_ext_60-260_int_160_off_0_percentage_17_position_141-160 genomicbackground,968,2,968_2
query_969,0,genomicbackground,0,genomicbackground,0.0006716323550790548,969_2_RF01056_2_NC_000913.3_4467215-4467731_ext_60-260_int_160_off_5_percentage_22_position_136-160 genomicbackground,969,2,969_2
query_970,0,genomicbackground,0,genomicbackground,0.0005818846402689815,970_2_RF01056_2_NC_000913.3_4467215-4467731_ext_60-260_int_160_off_10_percentage_26_position_131-160 genomicbackground,970,2,970_2
query_971,0,genomicbackground,0,genomicbackground,0.0004305760085117072,971_2_RF01056_2_NC_000913.3_4467215-4467731_ext_60-260_int_160_off_15_percentage_30_position_126-160 genomicbackground,971,2,971_2
query_972,0,genomicbackground,0,genomicbackground,0.0004790055681951344,972_2_RF01056_2_NC_000913.3_4467215-4467731_ext_60-260_int_160_off_20_percentage_34_position_121-160 genomicbackground,972,2,972_2
query_973,0,genomicbackground,0,genomicbackground,0.0004912919248454273,973_2_RF01056_2_NC_000913.3_4467215-4467731_ext_60-260_int_160_off_25_percentage_39_position_116-160 genomicbackground,973,2,973_2
query_974,0,genomicbackground,0,genomicbackground,0.0005888183950446546,974_2_RF01056_2_NC_000913.3_4467215-4467731_ext_60-260_int_160_off_30_percentage_43_position_111-160 genomicbackground,974,2,974_2
query_975,0,genomicbackground,0,genomicbackground,0.0007830241229385138,975_2_RF01056_2_NC_000913.3_4467215-4467731_ext_60-260_int_160_off_35_percentage_47_position_106-160 genomicbackground,975,2,975_2
query_976,0,genomicbackground,0,genomicbackground,0.0006061556050553918,976_2_RF01056_2_NC_000913.3_4467215-4467731_ext_60-260_int_160_off_40_percentage_52_position_101-160 genomicbackground,976,2,976_2
query_977,0,genomicbackground,0,genomicbackground,0.0005546848988160491,977_2_RF01056_2_NC_000913.3_4467215-4467731_ext_60-260_int_165_off_0_percentage_22_position_141-165 genomicbackground,977,2,977_2
query_978,0,genomicbackground,0,genomicbackground,0.0006816445384174585,978_2_RF01056_2_NC_000913.3_4467215-4467731_ext_60-260_int_165_off_5_percentage_26_position_136-165 genomicbackground,978,2,978_2
query_979,0,genomicbackground,0,genomicbackground,0.0005479881656356156,979_2_RF01056_2_NC_000913.3_4467215-4467731_ext_60-260_int_165_off_10_percentage_30_position_131-165 genomicbackground,979,2,979_2
query_980,0,genomicbackground,0,genomicbackground,0.0005182605236768723,980_2_RF01056_2_NC_000913.3_4467215-4467731_ext_60-260_int_165_off_15_percentage_34_position_126-165 genomicbackground,980,2,980_2
query_981,0,genomicbackground,0,genomicbackground,0.0004939144710078835,981_2_RF01056_2_NC_000913.3_4467215-4467731_ext_60-260_int_165_off_20_percentage_39_position_121-165 genomicbackground,981,2,981_2
query_982,0,genomicbackground,0,genomicbackground,0.000552795419935137,982_2_RF01056_2_NC_000913.3_4467215-4467731_ext_60-260_int_165_off_25_percentage_43_position_116-165 genomicbackground,982,2,982_2
query_983,0,genomicbackground,0,genomicbackground,0.0009554208372719586,983_2_RF01056_2_NC_000913.3_4467215-4467731_ext_60-260_int_165_off_30_percentage_47_position_111-165 genomicbackground,983,2,983_2
query_984,0,genomicbackground,0,genomicbackground,0.0006587799871340394,984_2_RF01056_2_NC_000913.3_4467215-4467731_ext_60-260_int_165_off_35_percentage_52_position_106-165 genomicbackground,984,2,984_2
query_985,0,genomicbackground,0,genomicbackground,0.0005769983399659395,985_2_RF01056_2_NC_000913.3_4467215-4467731_ext_60-260_int_170_off_0_percentage_26_position_141-170 genomicbackground,985,2,985_2
query_986,0,genomicbackground,0,genomicbackground,0.0008239215821959078,986_2_RF01056_2_NC_000913.3_4467215-4467731_ext_60-260_int_170_off_5_percentage_30_position_136-170 genomicbackground,986,2,986_2
query_987,0,genomicbackground,0,genomicbackground,0.000644493440631777,987_2_RF01056_2_NC_000913.3_4467215-4467731_ext_60-260_int_170_off_10_percentage_34_position_131-170 genomicbackground,987,2,987_2
query_988,0,genomicbackground,0,genomicbackground,0.0004723700985778123,988_2_RF01056_2_NC_000913.3_4467215-4467731_ext_60-260_int_170_off_15_percentage_39_position_126-170 genomicbackground,988,2,988_2
query_989,0,genomicbackground,0,genomicbackground,0.0004957042983733118,989_2_RF01056_2_NC_000913.3_4467215-4467731_ext_60-260_int_170_off_20_percentage_43_position_121-170 genomicbackground,989,2,989_2
query_990,0,genomicbackground,0,genomicbackground,0.0008256902801804245,990_2_RF01056_2_NC_000913.3_4467215-4467731_ext_60-260_int_170_off_25_percentage_47_position_116-170 genomicbackground,990,2,990_2
query_991,0,genomicbackground,0,genomicbackground,0.0007387251243926585,991_2_RF01056_2_NC_000913.3_4467215-4467731_ext_60-260_int_170_off_30_percentage_52_position_111-170 genomicbackground,991,2,991_2
query_992,0,genomicbackground,0,genomicbackground,0.0006343441782519221,992_2_RF01056_2_NC_000913.3_4467215-4467731_ext_60-260_int_175_off_0_percentage_30_position_141-175 genomicbackground,992,2,992_2
query_993,0,genomicbackground,0,genomicbackground,0.0008144262828864157,993_2_RF01056_2_NC_000913.3_4467215-4467731_ext_60-260_int_175_off_5_percentage_34_position_136-175 genomicbackground,993,2,993_2
query_994,0,genomicbackground,0,genomicbackground,0.0005722815403714776,994_2_RF01056_2_NC_000913.3_4467215-4467731_ext_60-260_int_175_off_10_percentage_39_position_131-175 genomicbackground,994,2,994_2
query_995,0,genomicbackground,0,genomicbackground,0.00047992877080105245,995_2_RF01056_2_NC_000913.3_4467215-4467731_ext_60-260_int_175_off_15_percentage_43_position_126-175 genomicbackground,995,2,995_2
query_996,0,genomicbackground,0,genomicbackground,0.0006847233162261546,996_2_RF01056_2_NC_000913.3_4467215-4467731_ext_60-260_int_175_off_20_percentage_47_position_121-175 genomicbackground,996,2,996_2
query_997,0,genomicbackground,0,genomicbackground,0.0006729916203767061,997_2_RF01056_2_NC_000913.3_4467215-4467731_ext_60-260_int_175_off_25_percentage_52_position_116-175 genomicbackground,997,2,997_2
query_998,0,genomicbackground,0,genomicbackground,0.0006343430140987039,998_2_RF01056_2_NC_000913.3_4467215-4467731_ext_60-260_int_180_off_0_percentage_34_position_141-180 genomicbackground,998,2,998_2
query_999,0,genomicbackground,0,genomicbackground,0.0007317474228329957,999_2_RF01056_2_NC_000913.3_4467215-4467731_ext_60-260_int_180_off_5_percentage_39_position_136-180 genomicbackground,999,2,999_2
query_1000,0,genomicbackground,0,genomicbackground,0.0007161652902141213,1000_2_RF01056_2_NC_000913.3_4467215-4467731_ext_60-260_int_180_off_10_percentage_43_position_131-180 genomicbackground,1000,2,1000_2
query_1001,0,genomicbackground,0,genomicbackground,0.0006475832196883857,1001_2_RF01056_2_NC_000913.3_4467215-4467731_ext_60-260_int_180_off_15_percentage_47_position_126-180 genomicbackground,1001,2,1001_2
query_1002,0,genomicbackground,0,genomicbackground,0.0005894994246773422,1002_2_RF01056_2_NC_000913.3_4467215-4467731_ext_60-260_int_180_off_20_percentage_52_position_121-180 genomicbackground,1002,2,1002_2
query_1003,0,genomicbackground,0,genomicbackground,0.0006200879579409957,1003_2_RF01056_2_NC_000913.3_4467215-4467731_ext_60-260_int_185_off_0_percentage_39_position_141-185 genomicbackground,1003,2,1003_2
query_1004,0,genomicbackground,0,genomicbackground,0.0006093822885304689,1004_2_RF01056_2_NC_000913.3_4467215-4467731_ext_60-260_int_185_off_5_percentage_43_position_136-185 genomicbackground,1004,2,1004_2
query_1005,0,genomicbackground,0,genomicbackground,0.0008722807397134602,1005_2_RF01056_2_NC_000913.3_4467215-4467731_ext_60-260_int_185_off_10_percentage_47_position_131-185 genomicbackground,1005,2,1005_2
query_1006,0,genomicbackground,0,genomicbackground,0.0005498518003150821,1006_2_RF01056_2_NC_000913.3_4467215-4467731_ext_60-260_int_185_off_15_percentage_52_position_126-185 genomicbackground,1006,2,1006_2
query_1007,0,genomicbackground,0,genomicbackground,0.0005451850593090057,1007_2_RF01056_2_NC_000913.3_4467215-4467731_ext_60-260_int_190_off_0_percentage_43_position_141-190 genomicbackground,1007,2,1007_2
query_1008,0,genomicbackground,0,genomicbackground,0.0020106404554098845,1008_2_RF01056_2_NC_000913.3_4467215-4467731_ext_60-260_int_190_off_5_percentage_47_position_136-190 genomicbackground,1008,2,1008_2
query_1009,0,genomicbackground,0,genomicbackground,0.0007377250585705042,1009_2_RF01056_2_NC_000913.3_4467215-4467731_ext_60-260_int_190_off_10_percentage_52_position_131-190 genomicbackground,1009,2,1009_2
query_1010,0,genomicbackground,0,genomicbackground,0.0009916757699102163,1010_2_RF01056_2_NC_000913.3_4467215-4467731_ext_60-260_int_195_off_0_percentage_47_position_141-195 genomicbackground,1010,2,1010_2
query_1011,0,genomicbackground,0,genomicbackground,0.0014718740712851286,1011_2_RF01056_2_NC_000913.3_4467215-4467731_ext_60-260_int_195_off_5_percentage_52_position_136-195 genomicbackground,1011,2,1011_2
query_1012,0,genomicbackground,0,genomicbackground,0.0008489236352033913,1012_2_RF01056_2_NC_000913.3_4467215-4467731_ext_60-260_int_200_off_0_percentage_52_position_141-200 genomicbackground,1012,2,1012_2
query_1013,0,genomicbackground,0,genomicbackground,0.002079116413369775,1013_2_RF01056_2_NC_000913.3_4467215-4467731_ext_80-280_int_95_off_0_percentage_0_position_0-0 genomicbackground,1013,2,1013_2
query_1014,0,genomicbackground,0,genomicbackground,0.002390865236520767,1014_2_RF01056_2_NC_000913.3_4467215-4467731_ext_80-280_int_95_off_5_percentage_0_position_0-0 genomicbackground,1014,2,1014_2
query_1015,0,genomicbackground,0,genomicbackground,0.040263235569000244,1015_2_RF01056_2_NC_000913.3_4467215-4467731_ext_80-280_int_95_off_10_percentage_0_position_0-0 genomicbackground,1015,2,1015_2
query_1016,0,genomicbackground,0,genomicbackground,0.0003983525384683162,1016_2_RF01056_2_NC_000913.3_4467215-4467731_ext_80-280_int_95_off_15_percentage_0_position_0-0 genomicbackground,1016,2,1016_2
query_1017,0,genomicbackground,0,genomicbackground,0.00034624291583895683,1017_2_RF01056_2_NC_000913.3_4467215-4467731_ext_80-280_int_95_off_20_percentage_0_position_0-0 genomicbackground,1017,2,1017_2
query_1018,0,genomicbackground,0,genomicbackground,0.0002957227698061615,1018_2_RF01056_2_NC_000913.3_4467215-4467731_ext_80-280_int_95_off_25_percentage_0_position_0-0 genomicbackground,1018,2,1018_2
query_1019,0,genomicbackground,0,genomicbackground,0.00028902225312776864,1019_2_RF01056_2_NC_000913.3_4467215-4467731_ext_80-280_int_95_off_30_percentage_4_position_91-95 genomicbackground,1019,2,1019_2
query_1020,0,genomicbackground,0,genomicbackground,0.00032610169728286564,1020_2_RF01056_2_NC_000913.3_4467215-4467731_ext_80-280_int_95_off_35_percentage_9_position_86-95 genomicbackground,1020,2,1020_2
query_1021,0,genomicbackground,0,genomicbackground,0.0003796568780671805,1021_2_RF01056_2_NC_000913.3_4467215-4467731_ext_80-280_int_95_off_40_percentage_13_position_81-95 genomicbackground,1021,2,1021_2
query_1022,0,genomicbackground,0,genomicbackground,0.002566947601735592,1022_2_RF01056_2_NC_000913.3_4467215-4467731_ext_80-280_int_95_off_45_percentage_17_position_76-95 genomicbackground,1022,2,1022_2
query_1023,0,genomicbackground,0,genomicbackground,0.00036089782952331007,1023_2_RF01056_2_NC_000913.3_4467215-4467731_ext_80-280_int_95_off_50_percentage_22_position_71-95 genomicbackground,1023,2,1023_2
query_1024,0,genomicbackground,0,genomicbackground,0.00057652173563838,1024_2_RF01056_2_NC_000913.3_4467215-4467731_ext_80-280_int_95_off_55_percentage_26_position_66-95 genomicbackground,1024,2,1024_2
query_1025,0,genomicbackground,0,genomicbackground,0.0004815740103367716,1025_2_RF01056_2_NC_000913.3_4467215-4467731_ext_80-280_int_95_off_60_percentage_30_position_61-95 genomicbackground,1025,2,1025_2
query_1026,0,genomicbackground,0,genomicbackground,0.0005004710401408374,1026_2_RF01056_2_NC_000913.3_4467215-4467731_ext_80-280_int_95_off_65_percentage_34_position_56-95 genomicbackground,1026,2,1026_2
query_1027,0,genomicbackground,0,genomicbackground,0.0005447378498502076,1027_2_RF01056_2_NC_000913.3_4467215-4467731_ext_80-280_int_95_off_70_percentage_39_position_51-95 genomicbackground,1027,2,1027_2
query_1028,0,genomicbackground,0,genomicbackground,0.01587821915745735,1028_2_RF01056_2_NC_000913.3_4467215-4467731_ext_80-280_int_95_off_75_percentage_43_position_46-95 genomicbackground,1028,2,1028_2
query_1029,0,genomicbackground,1,riboswitch,0.6488462686538696,1029_2_RF01056_2_NC_000913.3_4467215-4467731_ext_80-280_int_95_off_80_percentage_47_position_41-95 genomicbackground,1029,2,1029_2
query_1030,0,genomicbackground,1,riboswitch,0.9321939945220947,1030_2_RF01056_2_NC_000913.3_4467215-4467731_ext_80-280_int_95_off_85_percentage_52_position_36-95 genomicbackground,1030,2,1030_2
query_1031,0,genomicbackground,0,genomicbackground,0.17834782600402832,1031_2_RF01056_2_NC_000913.3_4467215-4467731_ext_80-280_int_95_off_90_percentage_56_position_31-95 genomicbackground,1031,2,1031_2
query_1032,0,genomicbackground,1,riboswitch,0.874914824962616,1032_2_RF01056_2_NC_000913.3_4467215-4467731_ext_80-280_int_95_off_95_percentage_60_position_26-95 genomicbackground,1032,2,1032_2
query_1033,0,genomicbackground,1,riboswitch,0.9848614931106567,1033_2_RF01056_2_NC_000913.3_4467215-4467731_ext_80-280_int_95_off_100_percentage_65_position_21-95 genomicbackground,1033,2,1033_2
query_1034,0,genomicbackground,1,riboswitch,0.9907662868499756,1034_2_RF01056_2_NC_000913.3_4467215-4467731_ext_80-280_int_95_off_105_percentage_69_position_16-95 genomicbackground,1034,2,1034_2
query_1035,0,genomicbackground,0,genomicbackground,0.02115587145090103,1035_2_RF01056_2_NC_000913.3_4467215-4467731_ext_80-280_int_100_off_0_percentage_0_position_0-0 genomicbackground,1035,2,1035_2
query_1036,0,genomicbackground,0,genomicbackground,0.013190492056310177,1036_2_RF01056_2_NC_000913.3_4467215-4467731_ext_80-280_int_100_off_5_percentage_0_position_0-0 genomicbackground,1036,2,1036_2
query_1037,0,genomicbackground,0,genomicbackground,0.00038753467379137874,1037_2_RF01056_2_NC_000913.3_4467215-4467731_ext_80-280_int_100_off_10_percentage_0_position_0-0 genomicbackground,1037,2,1037_2
query_1038,0,genomicbackground,0,genomicbackground,0.0003841349098365754,1038_2_RF01056_2_NC_000913.3_4467215-4467731_ext_80-280_int_100_off_15_percentage_0_position_0-0 genomicbackground,1038,2,1038_2
query_1039,0,genomicbackground,0,genomicbackground,0.0003150862758047879,1039_2_RF01056_2_NC_000913.3_4467215-4467731_ext_80-280_int_100_off_20_percentage_0_position_0-0 genomicbackground,1039,2,1039_2
query_1040,0,genomicbackground,0,genomicbackground,0.000295790727250278,1040_2_RF01056_2_NC_000913.3_4467215-4467731_ext_80-280_int_100_off_25_percentage_4_position_96-100 genomicbackground,1040,2,1040_2
query_1041,0,genomicbackground,0,genomicbackground,0.00029344941140152514,1041_2_RF01056_2_NC_000913.3_4467215-4467731_ext_80-280_int_100_off_30_percentage_9_position_91-100 genomicbackground,1041,2,1041_2
query_1042,0,genomicbackground,0,genomicbackground,0.0003636489564087242,1042_2_RF01056_2_NC_000913.3_4467215-4467731_ext_80-280_int_100_off_35_percentage_13_position_86-100 genomicbackground,1042,2,1042_2
query_1043,0,genomicbackground,0,genomicbackground,0.015875916928052902,1043_2_RF01056_2_NC_000913.3_4467215-4467731_ext_80-280_int_100_off_40_percentage_17_position_81-100 genomicbackground,1043,2,1043_2
query_1044,0,genomicbackground,0,genomicbackground,0.000391926325391978,1044_2_RF01056_2_NC_000913.3_4467215-4467731_ext_80-280_int_100_off_45_percentage_22_position_76-100 genomicbackground,1044,2,1044_2
query_1045,0,genomicbackground,0,genomicbackground,0.00041351953404955566,1045_2_RF01056_2_NC_000913.3_4467215-4467731_ext_80-280_int_100_off_50_percentage_26_position_71-100 genomicbackground,1045,2,1045_2
query_1046,0,genomicbackground,0,genomicbackground,0.0005876442883163691,1046_2_RF01056_2_NC_000913.3_4467215-4467731_ext_80-280_int_100_off_55_percentage_30_position_66-100 genomicbackground,1046,2,1046_2
query_1047,0,genomicbackground,0,genomicbackground,0.0004421730409376323,1047_2_RF01056_2_NC_000913.3_4467215-4467731_ext_80-280_int_100_off_60_percentage_34_position_61-100 genomicbackground,1047,2,1047_2
query_1048,0,genomicbackground,0,genomicbackground,0.0005511303897947073,1048_2_RF01056_2_NC_000913.3_4467215-4467731_ext_80-280_int_100_off_65_percentage_39_position_56-100 genomicbackground,1048,2,1048_2
query_1049,0,genomicbackground,0,genomicbackground,0.0005975613021291792,1049_2_RF01056_2_NC_000913.3_4467215-4467731_ext_80-280_int_100_off_70_percentage_43_position_51-100 genomicbackground,1049,2,1049_2
query_1050,0,genomicbackground,0,genomicbackground,0.03154333308339119,1050_2_RF01056_2_NC_000913.3_4467215-4467731_ext_80-280_int_100_off_75_percentage_47_position_46-100 genomicbackground,1050,2,1050_2
query_1051,0,genomicbackground,0,genomicbackground,0.25036343932151794,1051_2_RF01056_2_NC_000913.3_4467215-4467731_ext_80-280_int_100_off_80_percentage_52_position_41-100 genomicbackground,1051,2,1051_2
query_1052,0,genomicbackground,0,genomicbackground,0.28866592049598694,1052_2_RF01056_2_NC_000913.3_4467215-4467731_ext_80-280_int_100_off_85_percentage_56_position_36-100 genomicbackground,1052,2,1052_2
query_1053,0,genomicbackground,1,riboswitch,0.8147590756416321,1053_2_RF01056_2_NC_000913.3_4467215-4467731_ext_80-280_int_100_off_90_percentage_60_position_31-100 genomicbackground,1053,2,1053_2
query_1054,0,genomicbackground,1,riboswitch,0.9567179083824158,1054_2_RF01056_2_NC_000913.3_4467215-4467731_ext_80-280_int_100_off_95_percentage_65_position_26-100 genomicbackground,1054,2,1054_2
query_1055,0,genomicbackground,1,riboswitch,0.9878193140029907,1055_2_RF01056_2_NC_000913.3_4467215-4467731_ext_80-280_int_100_off_100_percentage_69_position_21-100 genomicbackground,1055,2,1055_2
query_1056,0,genomicbackground,0,genomicbackground,0.0006838772678747773,1056_2_RF01056_2_NC_000913.3_4467215-4467731_ext_80-280_int_105_off_0_percentage_0_position_0-0 genomicbackground,1056,2,1056_2
query_1057,0,genomicbackground,0,genomicbackground,0.0003795426746364683,1057_2_RF01056_2_NC_000913.3_4467215-4467731_ext_80-280_int_105_off_5_percentage_0_position_0-0 genomicbackground,1057,2,1057_2
query_1058,0,genomicbackground,0,genomicbackground,0.0003706754359882325,1058_2_RF01056_2_NC_000913.3_4467215-4467731_ext_80-280_int_105_off_10_percentage_0_position_0-0 genomicbackground,1058,2,1058_2
query_1059,0,genomicbackground,0,genomicbackground,0.00036020445986650884,1059_2_RF01056_2_NC_000913.3_4467215-4467731_ext_80-280_int_105_off_15_percentage_0_position_0-0 genomicbackground,1059,2,1059_2
query_1060,0,genomicbackground,0,genomicbackground,0.0003016845148522407,1060_2_RF01056_2_NC_000913.3_4467215-4467731_ext_80-280_int_105_off_20_percentage_4_position_101-105 genomicbackground,1060,2,1060_2
query_1061,0,genomicbackground,0,genomicbackground,0.0003291078610345721,1061_2_RF01056_2_NC_000913.3_4467215-4467731_ext_80-280_int_105_off_25_percentage_9_position_96-105 genomicbackground,1061,2,1061_2
query_1062,0,genomicbackground,0,genomicbackground,0.0003631247964221984,1062_2_RF01056_2_NC_000913.3_4467215-4467731_ext_80-280_int_105_off_30_percentage_13_position_91-105 genomicbackground,1062,2,1062_2
query_1063,0,genomicbackground,0,genomicbackground,0.0003787640016525984,1063_2_RF01056_2_NC_000913.3_4467215-4467731_ext_80-280_int_105_off_35_percentage_17_position_86-105 genomicbackground,1063,2,1063_2
query_1064,0,genomicbackground,0,genomicbackground,0.00042691791895776987,1064_2_RF01056_2_NC_000913.3_4467215-4467731_ext_80-280_int_105_off_40_percentage_22_position_81-105 genomicbackground,1064,2,1064_2
query_1065,0,genomicbackground,0,genomicbackground,0.00041999926907010376,1065_2_RF01056_2_NC_000913.3_4467215-4467731_ext_80-280_int_105_off_45_percentage_26_position_76-105 genomicbackground,1065,2,1065_2
query_1066,0,genomicbackground,0,genomicbackground,0.00043490491225384176,1066_2_RF01056_2_NC_000913.3_4467215-4467731_ext_80-280_int_105_off_50_percentage_30_position_71-105 genomicbackground,1066,2,1066_2
query_1067,0,genomicbackground,0,genomicbackground,0.0005413800827227533,1067_2_RF01056_2_NC_000913.3_4467215-4467731_ext_80-280_int_105_off_55_percentage_34_position_66-105 genomicbackground,1067,2,1067_2
query_1068,0,genomicbackground,0,genomicbackground,0.0004839877365157008,1068_2_RF01056_2_NC_000913.3_4467215-4467731_ext_80-280_int_105_off_60_percentage_39_position_61-105 genomicbackground,1068,2,1068_2
query_1069,0,genomicbackground,0,genomicbackground,0.0005915419897064567,1069_2_RF01056_2_NC_000913.3_4467215-4467731_ext_80-280_int_105_off_65_percentage_43_position_56-105 genomicbackground,1069,2,1069_2
query_1070,0,genomicbackground,0,genomicbackground,0.0008308676769956946,1070_2_RF01056_2_NC_000913.3_4467215-4467731_ext_80-280_int_105_off_70_percentage_47_position_51-105 genomicbackground,1070,2,1070_2
query_1071,0,genomicbackground,0,genomicbackground,0.027626674622297287,1071_2_RF01056_2_NC_000913.3_4467215-4467731_ext_80-280_int_105_off_75_percentage_52_position_46-105 genomicbackground,1071,2,1071_2
query_1072,0,genomicbackground,0,genomicbackground,0.03937867283821106,1072_2_RF01056_2_NC_000913.3_4467215-4467731_ext_80-280_int_105_off_80_percentage_56_position_41-105 genomicbackground,1072,2,1072_2
query_1073,0,genomicbackground,1,riboswitch,0.8640634417533875,1073_2_RF01056_2_NC_000913.3_4467215-4467731_ext_80-280_int_105_off_85_percentage_60_position_36-105 genomicbackground,1073,2,1073_2
query_1074,0,genomicbackground,1,riboswitch,0.9412331581115723,1074_2_RF01056_2_NC_000913.3_4467215-4467731_ext_80-280_int_105_off_90_percentage_65_position_31-105 genomicbackground,1074,2,1074_2
query_1075,0,genomicbackground,1,riboswitch,0.9706266522407532,1075_2_RF01056_2_NC_000913.3_4467215-4467731_ext_80-280_int_105_off_95_percentage_69_position_26-105 genomicbackground,1075,2,1075_2
query_1076,0,genomicbackground,0,genomicbackground,0.0003561055928003043,1076_2_RF01056_2_NC_000913.3_4467215-4467731_ext_80-280_int_110_off_0_percentage_0_position_0-0 genomicbackground,1076,2,1076_2
query_1077,0,genomicbackground,0,genomicbackground,0.00034335453528910875,1077_2_RF01056_2_NC_000913.3_4467215-4467731_ext_80-280_int_110_off_5_percentage_0_position_0-0 genomicbackground,1077,2,1077_2
query_1078,0,genomicbackground,0,genomicbackground,0.00035343848867341876,1078_2_RF01056_2_NC_000913.3_4467215-4467731_ext_80-280_int_110_off_10_percentage_0_position_0-0 genomicbackground,1078,2,1078_2
query_1079,0,genomicbackground,0,genomicbackground,0.0003532004193402827,1079_2_RF01056_2_NC_000913.3_4467215-4467731_ext_80-280_int_110_off_15_percentage_4_position_106-110 genomicbackground,1079,2,1079_2
query_1080,0,genomicbackground,0,genomicbackground,0.0003035818808712065,1080_2_RF01056_2_NC_000913.3_4467215-4467731_ext_80-280_int_110_off_20_percentage_9_position_101-110 genomicbackground,1080,2,1080_2
query_1081,0,genomicbackground,0,genomicbackground,0.0003493452968541533,1081_2_RF01056_2_NC_000913.3_4467215-4467731_ext_80-280_int_110_off_25_percentage_13_position_96-110 genomicbackground,1081,2,1081_2
query_1082,0,genomicbackground,0,genomicbackground,0.0003722421242855489,1082_2_RF01056_2_NC_000913.3_4467215-4467731_ext_80-280_int_110_off_30_percentage_17_position_91-110 genomicbackground,1082,2,1082_2
query_1083,0,genomicbackground,0,genomicbackground,0.0004264705057721585,1083_2_RF01056_2_NC_000913.3_4467215-4467731_ext_80-280_int_110_off_35_percentage_22_position_86-110 genomicbackground,1083,2,1083_2
query_1084,0,genomicbackground,0,genomicbackground,0.00045356180635280907,1084_2_RF01056_2_NC_000913.3_4467215-4467731_ext_80-280_int_110_off_40_percentage_26_position_81-110 genomicbackground,1084,2,1084_2
query_1085,0,genomicbackground,0,genomicbackground,0.0004407897649798542,1085_2_RF01056_2_NC_000913.3_4467215-4467731_ext_80-280_int_110_off_45_percentage_30_position_76-110 genomicbackground,1085,2,1085_2
query_1086,0,genomicbackground,0,genomicbackground,0.0005755334859713912,1086_2_RF01056_2_NC_000913.3_4467215-4467731_ext_80-280_int_110_off_50_percentage_34_position_71-110 genomicbackground,1086,2,1086_2
query_1087,0,genomicbackground,0,genomicbackground,0.0005849113222211599,1087_2_RF01056_2_NC_000913.3_4467215-4467731_ext_80-280_int_110_off_55_percentage_39_position_66-110 genomicbackground,1087,2,1087_2
query_1088,0,genomicbackground,0,genomicbackground,0.0005187698407098651,1088_2_RF01056_2_NC_000913.3_4467215-4467731_ext_80-280_int_110_off_60_percentage_43_position_61-110 genomicbackground,1088,2,1088_2
query_1089,0,genomicbackground,0,genomicbackground,0.0007919032359495759,1089_2_RF01056_2_NC_000913.3_4467215-4467731_ext_80-280_int_110_off_65_percentage_47_position_56-110 genomicbackground,1089,2,1089_2
query_1090,0,genomicbackground,0,genomicbackground,0.0006883784662932158,1090_2_RF01056_2_NC_000913.3_4467215-4467731_ext_80-280_int_110_off_70_percentage_52_position_51-110 genomicbackground,1090,2,1090_2
query_1091,0,genomicbackground,0,genomicbackground,0.0006325056892819703,1091_2_RF01056_2_NC_000913.3_4467215-4467731_ext_80-280_int_110_off_75_percentage_56_position_46-110 genomicbackground,1091,2,1091_2
query_1092,0,genomicbackground,0,genomicbackground,0.21119335293769836,1092_2_RF01056_2_NC_000913.3_4467215-4467731_ext_80-280_int_110_off_80_percentage_60_position_41-110 genomicbackground,1092,2,1092_2
query_1093,0,genomicbackground,1,riboswitch,0.8572386503219604,1093_2_RF01056_2_NC_000913.3_4467215-4467731_ext_80-280_int_110_off_85_percentage_65_position_36-110 genomicbackground,1093,2,1093_2
query_1094,0,genomicbackground,1,riboswitch,0.9616268873214722,1094_2_RF01056_2_NC_000913.3_4467215-4467731_ext_80-280_int_110_off_90_percentage_69_position_31-110 genomicbackground,1094,2,1094_2
query_1095,0,genomicbackground,0,genomicbackground,0.00034680753014981747,1095_2_RF01056_2_NC_000913.3_4467215-4467731_ext_80-280_int_115_off_0_percentage_0_position_0-0 genomicbackground,1095,2,1095_2
query_1096,0,genomicbackground,0,genomicbackground,0.0003322184202261269,1096_2_RF01056_2_NC_000913.3_4467215-4467731_ext_80-280_int_115_off_5_percentage_0_position_0-0 genomicbackground,1096,2,1096_2
query_1097,0,genomicbackground,0,genomicbackground,0.00034954005968756974,1097_2_RF01056_2_NC_000913.3_4467215-4467731_ext_80-280_int_115_off_10_percentage_4_position_111-115 genomicbackground,1097,2,1097_2
query_1098,0,genomicbackground,0,genomicbackground,0.000325529370456934,1098_2_RF01056_2_NC_000913.3_4467215-4467731_ext_80-280_int_115_off_15_percentage_9_position_106-115 genomicbackground,1098,2,1098_2
query_1099,0,genomicbackground,0,genomicbackground,0.00033029232872650027,1099_2_RF01056_2_NC_000913.3_4467215-4467731_ext_80-280_int_115_off_20_percentage_13_position_101-115 genomicbackground,1099,2,1099_2
query_1100,0,genomicbackground,0,genomicbackground,0.0003587303508538753,1100_2_RF01056_2_NC_000913.3_4467215-4467731_ext_80-280_int_115_off_25_percentage_17_position_96-115 genomicbackground,1100,2,1100_2
query_1101,0,genomicbackground,0,genomicbackground,0.0004227705067023635,1101_2_RF01056_2_NC_000913.3_4467215-4467731_ext_80-280_int_115_off_30_percentage_22_position_91-115 genomicbackground,1101,2,1101_2
query_1102,0,genomicbackground,0,genomicbackground,0.00045269340625964105,1102_2_RF01056_2_NC_000913.3_4467215-4467731_ext_80-280_int_115_off_35_percentage_26_position_86-115 genomicbackground,1102,2,1102_2
query_1103,0,genomicbackground,0,genomicbackground,0.00046576373279094696,1103_2_RF01056_2_NC_000913.3_4467215-4467731_ext_80-280_int_115_off_40_percentage_30_position_81-115 genomicbackground,1103,2,1103_2
query_1104,0,genomicbackground,0,genomicbackground,0.0004494968452490866,1104_2_RF01056_2_NC_000913.3_4467215-4467731_ext_80-280_int_115_off_45_percentage_34_position_76-115 genomicbackground,1104,2,1104_2
query_1105,0,genomicbackground,0,genomicbackground,0.0006088858935981989,1105_2_RF01056_2_NC_000913.3_4467215-4467731_ext_80-280_int_115_off_50_percentage_39_position_71-115 genomicbackground,1105,2,1105_2
query_1106,0,genomicbackground,0,genomicbackground,0.0006138110184110701,1106_2_RF01056_2_NC_000913.3_4467215-4467731_ext_80-280_int_115_off_55_percentage_43_position_66-115 genomicbackground,1106,2,1106_2
query_1107,0,genomicbackground,0,genomicbackground,0.0006544408388435841,1107_2_RF01056_2_NC_000913.3_4467215-4467731_ext_80-280_int_115_off_60_percentage_47_position_61-115 genomicbackground,1107,2,1107_2
query_1108,0,genomicbackground,0,genomicbackground,0.0006736934883520007,1108_2_RF01056_2_NC_000913.3_4467215-4467731_ext_80-280_int_115_off_65_percentage_52_position_56-115 genomicbackground,1108,2,1108_2
query_1109,0,genomicbackground,0,genomicbackground,0.0009434554376639426,1109_2_RF01056_2_NC_000913.3_4467215-4467731_ext_80-280_int_115_off_70_percentage_56_position_51-115 genomicbackground,1109,2,1109_2
query_1110,0,genomicbackground,0,genomicbackground,0.0007865923107601702,1110_2_RF01056_2_NC_000913.3_4467215-4467731_ext_80-280_int_115_off_75_percentage_60_position_46-115 genomicbackground,1110,2,1110_2
query_1111,0,genomicbackground,0,genomicbackground,0.24409647285938263,1111_2_RF01056_2_NC_000913.3_4467215-4467731_ext_80-280_int_115_off_80_percentage_65_position_41-115 genomicbackground,1111,2,1111_2
query_1112,0,genomicbackground,1,riboswitch,0.9042164087295532,1112_2_RF01056_2_NC_000913.3_4467215-4467731_ext_80-280_int_115_off_85_percentage_69_position_36-115 genomicbackground,1112,2,1112_2
query_1113,0,genomicbackground,0,genomicbackground,0.00033000673283822834,1113_2_RF01056_2_NC_000913.3_4467215-4467731_ext_80-280_int_120_off_0_percentage_0_position_0-0 genomicbackground,1113,2,1113_2
query_1114,0,genomicbackground,0,genomicbackground,0.0003323290147818625,1114_2_RF01056_2_NC_000913.3_4467215-4467731_ext_80-280_int_120_off_5_percentage_4_position_116-120 genomicbackground,1114,2,1114_2
query_1115,0,genomicbackground,0,genomicbackground,0.0003410936042200774,1115_2_RF01056_2_NC_000913.3_4467215-4467731_ext_80-280_int_120_off_10_percentage_9_position_111-120 genomicbackground,1115,2,1115_2
query_1116,0,genomicbackground,0,genomicbackground,0.00037681375397369266,1116_2_RF01056_2_NC_000913.3_4467215-4467731_ext_80-280_int_120_off_15_percentage_13_position_106-120 genomicbackground,1116,2,1116_2
query_1117,0,genomicbackground,0,genomicbackground,0.00034771941136568785,1117_2_RF01056_2_NC_000913.3_4467215-4467731_ext_80-280_int_120_off_20_percentage_17_position_101-120 genomicbackground,1117,2,1117_2
query_1118,0,genomicbackground,0,genomicbackground,0.000415513088228181,1118_2_RF01056_2_NC_000913.3_4467215-4467731_ext_80-280_int_120_off_25_percentage_22_position_96-120 genomicbackground,1118,2,1118_2
query_1119,0,genomicbackground,0,genomicbackground,0.0004490538267418742,1119_2_RF01056_2_NC_000913.3_4467215-4467731_ext_80-280_int_120_off_30_percentage_26_position_91-120 genomicbackground,1119,2,1119_2
query_1120,0,genomicbackground,0,genomicbackground,0.0004623308777809143,1120_2_RF01056_2_NC_000913.3_4467215-4467731_ext_80-280_int_120_off_35_percentage_30_position_86-120 genomicbackground,1120,2,1120_2
query_1121,0,genomicbackground,0,genomicbackground,0.0004686221363954246,1121_2_RF01056_2_NC_000913.3_4467215-4467731_ext_80-280_int_120_off_40_percentage_34_position_81-120 genomicbackground,1121,2,1121_2
query_1122,0,genomicbackground,0,genomicbackground,0.0004640797560568899,1122_2_RF01056_2_NC_000913.3_4467215-4467731_ext_80-280_int_120_off_45_percentage_39_position_76-120 genomicbackground,1122,2,1122_2
query_1123,0,genomicbackground,0,genomicbackground,0.0004946246044710279,1123_2_RF01056_2_NC_000913.3_4467215-4467731_ext_80-280_int_120_off_50_percentage_43_position_71-120 genomicbackground,1123,2,1123_2
query_1124,0,genomicbackground,0,genomicbackground,0.0007554455660283566,1124_2_RF01056_2_NC_000913.3_4467215-4467731_ext_80-280_int_120_off_55_percentage_47_position_66-120 genomicbackground,1124,2,1124_2
query_1125,0,genomicbackground,0,genomicbackground,0.000588727998547256,1125_2_RF01056_2_NC_000913.3_4467215-4467731_ext_80-280_int_120_off_60_percentage_52_position_61-120 genomicbackground,1125,2,1125_2
query_1126,0,genomicbackground,0,genomicbackground,0.0008029540767893195,1126_2_RF01056_2_NC_000913.3_4467215-4467731_ext_80-280_int_120_off_65_percentage_56_position_56-120 genomicbackground,1126,2,1126_2
query_1127,0,genomicbackground,0,genomicbackground,0.000900199927855283,1127_2_RF01056_2_NC_000913.3_4467215-4467731_ext_80-280_int_120_off_70_percentage_60_position_51-120 genomicbackground,1127,2,1127_2
query_1128,0,genomicbackground,0,genomicbackground,0.0007710855570621789,1128_2_RF01056_2_NC_000913.3_4467215-4467731_ext_80-280_int_120_off_75_percentage_65_position_46-120 genomicbackground,1128,2,1128_2
query_1129,0,genomicbackground,0,genomicbackground,0.33010977506637573,1129_2_RF01056_2_NC_000913.3_4467215-4467731_ext_80-280_int_120_off_80_percentage_69_position_41-120 genomicbackground,1129,2,1129_2
query_1130,0,genomicbackground,0,genomicbackground,0.00032381556229665875,1130_2_RF01056_2_NC_000913.3_4467215-4467731_ext_80-280_int_125_off_0_percentage_4_position_121-125 genomicbackground,1130,2,1130_2
query_1131,0,genomicbackground,0,genomicbackground,0.00033936419640667737,1131_2_RF01056_2_NC_000913.3_4467215-4467731_ext_80-280_int_125_off_5_percentage_9_position_116-125 genomicbackground,1131,2,1131_2
query_1132,0,genomicbackground,0,genomicbackground,0.0003854923998005688,1132_2_RF01056_2_NC_000913.3_4467215-4467731_ext_80-280_int_125_off_10_percentage_13_position_111-125 genomicbackground,1132,2,1132_2
query_1133,0,genomicbackground,0,genomicbackground,0.0003922542673535645,1133_2_RF01056_2_NC_000913.3_4467215-4467731_ext_80-280_int_125_off_15_percentage_17_position_106-125 genomicbackground,1133,2,1133_2
query_1134,0,genomicbackground,0,genomicbackground,0.0004221373819746077,1134_2_RF01056_2_NC_000913.3_4467215-4467731_ext_80-280_int_125_off_20_percentage_22_position_101-125 genomicbackground,1134,2,1134_2
query_1135,0,genomicbackground,0,genomicbackground,0.0005029106396250427,1135_2_RF01056_2_NC_000913.3_4467215-4467731_ext_80-280_int_125_off_25_percentage_26_position_96-125 genomicbackground,1135,2,1135_2
query_1136,0,genomicbackground,0,genomicbackground,0.0004620463587343693,1136_2_RF01056_2_NC_000913.3_4467215-4467731_ext_80-280_int_125_off_30_percentage_30_position_91-125 genomicbackground,1136,2,1136_2
query_1137,0,genomicbackground,0,genomicbackground,0.000659086334053427,1137_2_RF01056_2_NC_000913.3_4467215-4467731_ext_80-280_int_125_off_35_percentage_34_position_86-125 genomicbackground,1137,2,1137_2
query_1138,0,genomicbackground,0,genomicbackground,0.000478486210340634,1138_2_RF01056_2_NC_000913.3_4467215-4467731_ext_80-280_int_125_off_40_percentage_39_position_81-125 genomicbackground,1138,2,1138_2
query_1139,0,genomicbackground,0,genomicbackground,0.00047640581033192575,1139_2_RF01056_2_NC_000913.3_4467215-4467731_ext_80-280_int_125_off_45_percentage_43_position_76-125 genomicbackground,1139,2,1139_2
query_1140,0,genomicbackground,0,genomicbackground,0.0006197367911227047,1140_2_RF01056_2_NC_000913.3_4467215-4467731_ext_80-280_int_125_off_50_percentage_47_position_71-125 genomicbackground,1140,2,1140_2
query_1141,0,genomicbackground,0,genomicbackground,0.0006735390052199364,1141_2_RF01056_2_NC_000913.3_4467215-4467731_ext_80-280_int_125_off_55_percentage_52_position_66-125 genomicbackground,1141,2,1141_2
query_1142,0,genomicbackground,0,genomicbackground,0.0006117822485975921,1142_2_RF01056_2_NC_000913.3_4467215-4467731_ext_80-280_int_125_off_60_percentage_56_position_61-125 genomicbackground,1142,2,1142_2
query_1143,0,genomicbackground,0,genomicbackground,0.0008438231889158487,1143_2_RF01056_2_NC_000913.3_4467215-4467731_ext_80-280_int_125_off_65_percentage_60_position_56-125 genomicbackground,1143,2,1143_2
query_1144,0,genomicbackground,0,genomicbackground,0.0008560017449781299,1144_2_RF01056_2_NC_000913.3_4467215-4467731_ext_80-280_int_125_off_70_percentage_65_position_51-125 genomicbackground,1144,2,1144_2
query_1145,0,genomicbackground,0,genomicbackground,0.0008056398946791887,1145_2_RF01056_2_NC_000913.3_4467215-4467731_ext_80-280_int_125_off_75_percentage_69_position_46-125 genomicbackground,1145,2,1145_2
query_1146,0,genomicbackground,0,genomicbackground,0.0003058403672184795,1146_2_RF01056_2_NC_000913.3_4467215-4467731_ext_80-280_int_130_off_0_percentage_9_position_121-130 genomicbackground,1146,2,1146_2
query_1147,0,genomicbackground,0,genomicbackground,0.0003655478067230433,1147_2_RF01056_2_NC_000913.3_4467215-4467731_ext_80-280_int_130_off_5_percentage_13_position_116-130 genomicbackground,1147,2,1147_2
query_1148,0,genomicbackground,0,genomicbackground,0.00039579326403327286,1148_2_RF01056_2_NC_000913.3_4467215-4467731_ext_80-280_int_130_off_10_percentage_17_position_111-130 genomicbackground,1148,2,1148_2
query_1149,0,genomicbackground,0,genomicbackground,0.0005213185795582831,1149_2_RF01056_2_NC_000913.3_4467215-4467731_ext_80-280_int_130_off_15_percentage_22_position_106-130 genomicbackground,1149,2,1149_2
query_1150,0,genomicbackground,0,genomicbackground,0.0004848003154620528,1150_2_RF01056_2_NC_000913.3_4467215-4467731_ext_80-280_int_130_off_20_percentage_26_position_101-130 genomicbackground,1150,2,1150_2
query_1151,0,genomicbackground,0,genomicbackground,0.00046734281932003796,1151_2_RF01056_2_NC_000913.3_4467215-4467731_ext_80-280_int_130_off_25_percentage_30_position_96-130 genomicbackground,1151,2,1151_2
query_1152,0,genomicbackground,0,genomicbackground,0.0004969745641574264,1152_2_RF01056_2_NC_000913.3_4467215-4467731_ext_80-280_int_130_off_30_percentage_34_position_91-130 genomicbackground,1152,2,1152_2
query_1153,0,genomicbackground,0,genomicbackground,0.0006897564744576812,1153_2_RF01056_2_NC_000913.3_4467215-4467731_ext_80-280_int_130_off_35_percentage_39_position_86-130 genomicbackground,1153,2,1153_2
query_1154,0,genomicbackground,0,genomicbackground,0.0004904574598185718,1154_2_RF01056_2_NC_000913.3_4467215-4467731_ext_80-280_int_130_off_40_percentage_43_position_81-130 genomicbackground,1154,2,1154_2
query_1155,0,genomicbackground,0,genomicbackground,0.0005853116745129228,1155_2_RF01056_2_NC_000913.3_4467215-4467731_ext_80-280_int_130_off_45_percentage_47_position_76-130 genomicbackground,1155,2,1155_2
query_1156,0,genomicbackground,0,genomicbackground,0.0005736979655921459,1156_2_RF01056_2_NC_000913.3_4467215-4467731_ext_80-280_int_130_off_50_percentage_52_position_71-130 genomicbackground,1156,2,1156_2
query_1157,0,genomicbackground,0,genomicbackground,0.0007484922534786165,1157_2_RF01056_2_NC_000913.3_4467215-4467731_ext_80-280_int_130_off_55_percentage_56_position_66-130 genomicbackground,1157,2,1157_2
query_1158,0,genomicbackground,0,genomicbackground,0.000710780790541321,1158_2_RF01056_2_NC_000913.3_4467215-4467731_ext_80-280_int_130_off_60_percentage_60_position_61-130 genomicbackground,1158,2,1158_2
query_1159,0,genomicbackground,0,genomicbackground,0.0008180654840543866,1159_2_RF01056_2_NC_000913.3_4467215-4467731_ext_80-280_int_130_off_65_percentage_65_position_56-130 genomicbackground,1159,2,1159_2
query_1160,0,genomicbackground,0,genomicbackground,0.0009322699625045061,1160_2_RF01056_2_NC_000913.3_4467215-4467731_ext_80-280_int_130_off_70_percentage_69_position_51-130 genomicbackground,1160,2,1160_2
query_1161,0,genomicbackground,0,genomicbackground,0.0003401024150662124,1161_2_RF01056_2_NC_000913.3_4467215-4467731_ext_80-280_int_135_off_0_percentage_13_position_121-135 genomicbackground,1161,2,1161_2
query_1162,0,genomicbackground,0,genomicbackground,0.00037684087874367833,1162_2_RF01056_2_NC_000913.3_4467215-4467731_ext_80-280_int_135_off_5_percentage_17_position_116-135 genomicbackground,1162,2,1162_2
query_1163,0,genomicbackground,0,genomicbackground,0.0004305373877286911,1163_2_RF01056_2_NC_000913.3_4467215-4467731_ext_80-280_int_135_off_10_percentage_22_position_111-135 genomicbackground,1163,2,1163_2
query_1164,0,genomicbackground,0,genomicbackground,0.0005229328526183963,1164_2_RF01056_2_NC_000913.3_4467215-4467731_ext_80-280_int_135_off_15_percentage_26_position_106-135 genomicbackground,1164,2,1164_2
query_1165,0,genomicbackground,0,genomicbackground,0.0004607616865541786,1165_2_RF01056_2_NC_000913.3_4467215-4467731_ext_80-280_int_135_off_20_percentage_30_position_101-135 genomicbackground,1165,2,1165_2
query_1166,0,genomicbackground,0,genomicbackground,0.0006714712944813073,1166_2_RF01056_2_NC_000913.3_4467215-4467731_ext_80-280_int_135_off_25_percentage_34_position_96-135 genomicbackground,1166,2,1166_2
query_1167,0,genomicbackground,0,genomicbackground,0.0004576554347295314,1167_2_RF01056_2_NC_000913.3_4467215-4467731_ext_80-280_int_135_off_30_percentage_39_position_91-135 genomicbackground,1167,2,1167_2
query_1168,0,genomicbackground,0,genomicbackground,0.0004846616357099265,1168_2_RF01056_2_NC_000913.3_4467215-4467731_ext_80-280_int_135_off_35_percentage_43_position_86-135 genomicbackground,1168,2,1168_2
query_1169,0,genomicbackground,0,genomicbackground,0.0006062955362722278,1169_2_RF01056_2_NC_000913.3_4467215-4467731_ext_80-280_int_135_off_40_percentage_47_position_81-135 genomicbackground,1169,2,1169_2
query_1170,0,genomicbackground,0,genomicbackground,0.0005480035906657577,1170_2_RF01056_2_NC_000913.3_4467215-4467731_ext_80-280_int_135_off_45_percentage_52_position_76-135 genomicbackground,1170,2,1170_2
query_1171,0,genomicbackground,0,genomicbackground,0.0008803961100056767,1171_2_RF01056_2_NC_000913.3_4467215-4467731_ext_80-280_int_135_off_50_percentage_56_position_71-135 genomicbackground,1171,2,1171_2
query_1172,0,genomicbackground,0,genomicbackground,0.0007880906923674047,1172_2_RF01056_2_NC_000913.3_4467215-4467731_ext_80-280_int_135_off_55_percentage_60_position_66-135 genomicbackground,1172,2,1172_2
query_1173,0,genomicbackground,0,genomicbackground,0.0007023900980129838,1173_2_RF01056_2_NC_000913.3_4467215-4467731_ext_80-280_int_135_off_60_percentage_65_position_61-135 genomicbackground,1173,2,1173_2
query_1174,0,genomicbackground,0,genomicbackground,0.0008842322276905179,1174_2_RF01056_2_NC_000913.3_4467215-4467731_ext_80-280_int_135_off_65_percentage_69_position_56-135 genomicbackground,1174,2,1174_2
query_1175,0,genomicbackground,0,genomicbackground,0.0003494000993669033,1175_2_RF01056_2_NC_000913.3_4467215-4467731_ext_80-280_int_140_off_0_percentage_17_position_121-140 genomicbackground,1175,2,1175_2
query_1176,0,genomicbackground,0,genomicbackground,0.0003862686862703413,1176_2_RF01056_2_NC_000913.3_4467215-4467731_ext_80-280_int_140_off_5_percentage_22_position_116-140 genomicbackground,1176,2,1176_2
query_1177,0,genomicbackground,0,genomicbackground,0.0004447908140718937,1177_2_RF01056_2_NC_000913.3_4467215-4467731_ext_80-280_int_140_off_10_percentage_26_position_111-140 genomicbackground,1177,2,1177_2
query_1178,0,genomicbackground,0,genomicbackground,0.0005156082916073501,1178_2_RF01056_2_NC_000913.3_4467215-4467731_ext_80-280_int_140_off_15_percentage_30_position_106-140 genomicbackground,1178,2,1178_2
query_1179,0,genomicbackground,0,genomicbackground,0.0005507298046723008,1179_2_RF01056_2_NC_000913.3_4467215-4467731_ext_80-280_int_140_off_20_percentage_34_position_101-140 genomicbackground,1179,2,1179_2
query_1180,0,genomicbackground,0,genomicbackground,0.0004584426060318947,1180_2_RF01056_2_NC_000913.3_4467215-4467731_ext_80-280_int_140_off_25_percentage_39_position_96-140 genomicbackground,1180,2,1180_2
query_1181,0,genomicbackground,0,genomicbackground,0.000431042310083285,1181_2_RF01056_2_NC_000913.3_4467215-4467731_ext_80-280_int_140_off_30_percentage_43_position_91-140 genomicbackground,1181,2,1181_2
query_1182,0,genomicbackground,0,genomicbackground,0.000619156111497432,1182_2_RF01056_2_NC_000913.3_4467215-4467731_ext_80-280_int_140_off_35_percentage_47_position_86-140 genomicbackground,1182,2,1182_2
query_1183,0,genomicbackground,0,genomicbackground,0.0005643685581162572,1183_2_RF01056_2_NC_000913.3_4467215-4467731_ext_80-280_int_140_off_40_percentage_52_position_81-140 genomicbackground,1183,2,1183_2
query_1184,0,genomicbackground,0,genomicbackground,0.0005306106759235263,1184_2_RF01056_2_NC_000913.3_4467215-4467731_ext_80-280_int_140_off_45_percentage_56_position_76-140 genomicbackground,1184,2,1184_2
query_1185,0,genomicbackground,0,genomicbackground,0.00079107447527349,1185_2_RF01056_2_NC_000913.3_4467215-4467731_ext_80-280_int_140_off_50_percentage_60_position_71-140 genomicbackground,1185,2,1185_2
query_1186,0,genomicbackground,0,genomicbackground,0.0007698720437474549,1186_2_RF01056_2_NC_000913.3_4467215-4467731_ext_80-280_int_140_off_55_percentage_65_position_66-140 genomicbackground,1186,2,1186_2
query_1187,0,genomicbackground,0,genomicbackground,0.000737688154913485,1187_2_RF01056_2_NC_000913.3_4467215-4467731_ext_80-280_int_140_off_60_percentage_69_position_61-140 genomicbackground,1187,2,1187_2
query_1188,0,genomicbackground,0,genomicbackground,0.0004628916212823242,1188_2_RF01056_2_NC_000913.3_4467215-4467731_ext_80-280_int_145_off_0_percentage_22_position_121-145 genomicbackground,1188,2,1188_2
query_1189,0,genomicbackground,0,genomicbackground,0.00040714984061196446,1189_2_RF01056_2_NC_000913.3_4467215-4467731_ext_80-280_int_145_off_5_percentage_26_position_116-145 genomicbackground,1189,2,1189_2
query_1190,0,genomicbackground,0,genomicbackground,0.0005422147805802524,1190_2_RF01056_2_NC_000913.3_4467215-4467731_ext_80-280_int_145_off_10_percentage_30_position_111-145 genomicbackground,1190,2,1190_2
query_1191,0,genomicbackground,0,genomicbackground,0.0009255250333808362,1191_2_RF01056_2_NC_000913.3_4467215-4467731_ext_80-280_int_145_off_15_percentage_34_position_106-145 genomicbackground,1191,2,1191_2
query_1192,0,genomicbackground,0,genomicbackground,0.0004747766361106187,1192_2_RF01056_2_NC_000913.3_4467215-4467731_ext_80-280_int_145_off_20_percentage_39_position_101-145 genomicbackground,1192,2,1192_2
query_1193,0,genomicbackground,0,genomicbackground,0.00043436253326945007,1193_2_RF01056_2_NC_000913.3_4467215-4467731_ext_80-280_int_145_off_25_percentage_43_position_96-145 genomicbackground,1193,2,1193_2
query_1194,0,genomicbackground,0,genomicbackground,0.000653548922855407,1194_2_RF01056_2_NC_000913.3_4467215-4467731_ext_80-280_int_145_off_30_percentage_47_position_91-145 genomicbackground,1194,2,1194_2
query_1195,0,genomicbackground,0,genomicbackground,0.0005647736834362149,1195_2_RF01056_2_NC_000913.3_4467215-4467731_ext_80-280_int_145_off_35_percentage_52_position_86-145 genomicbackground,1195,2,1195_2
query_1196,0,genomicbackground,0,genomicbackground,0.0005415509804151952,1196_2_RF01056_2_NC_000913.3_4467215-4467731_ext_80-280_int_145_off_40_percentage_56_position_81-145 genomicbackground,1196,2,1196_2
query_1197,0,genomicbackground,0,genomicbackground,0.0007646300946362317,1197_2_RF01056_2_NC_000913.3_4467215-4467731_ext_80-280_int_145_off_45_percentage_60_position_76-145 genomicbackground,1197,2,1197_2
query_1198,0,genomicbackground,0,genomicbackground,0.0007727363263256848,1198_2_RF01056_2_NC_000913.3_4467215-4467731_ext_80-280_int_145_off_50_percentage_65_position_71-145 genomicbackground,1198,2,1198_2
query_1199,0,genomicbackground,0,genomicbackground,0.0008095323573797941,1199_2_RF01056_2_NC_000913.3_4467215-4467731_ext_80-280_int_145_off_55_percentage_69_position_66-145 genomicbackground,1199,2,1199_2
query_1200,0,genomicbackground,0,genomicbackground,0.0004649132024496794,1200_2_RF01056_2_NC_000913.3_4467215-4467731_ext_80-280_int_150_off_0_percentage_26_position_121-150 genomicbackground,1200,2,1200_2
query_1201,0,genomicbackground,0,genomicbackground,0.00048383776447735727,1201_2_RF01056_2_NC_000913.3_4467215-4467731_ext_80-280_int_150_off_5_percentage_30_position_116-150 genomicbackground,1201,2,1201_2
query_1202,0,genomicbackground,0,genomicbackground,0.0005116577376611531,1202_2_RF01056_2_NC_000913.3_4467215-4467731_ext_80-280_int_150_off_10_percentage_34_position_111-150 genomicbackground,1202,2,1202_2
query_1203,0,genomicbackground,0,genomicbackground,0.0009690242586657405,1203_2_RF01056_2_NC_000913.3_4467215-4467731_ext_80-280_int_150_off_15_percentage_39_position_106-150 genomicbackground,1203,2,1203_2
query_1204,0,genomicbackground,0,genomicbackground,0.0005012142355553806,1204_2_RF01056_2_NC_000913.3_4467215-4467731_ext_80-280_int_150_off_20_percentage_43_position_101-150 genomicbackground,1204,2,1204_2
query_1205,0,genomicbackground,0,genomicbackground,0.0006712574395351112,1205_2_RF01056_2_NC_000913.3_4467215-4467731_ext_80-280_int_150_off_25_percentage_47_position_96-150 genomicbackground,1205,2,1205_2
query_1206,0,genomicbackground,0,genomicbackground,0.0005842024693265557,1206_2_RF01056_2_NC_000913.3_4467215-4467731_ext_80-280_int_150_off_30_percentage_52_position_91-150 genomicbackground,1206,2,1206_2
query_1207,0,genomicbackground,0,genomicbackground,0.0005668235826306045,1207_2_RF01056_2_NC_000913.3_4467215-4467731_ext_80-280_int_150_off_35_percentage_56_position_86-150 genomicbackground,1207,2,1207_2
query_1208,0,genomicbackground,0,genomicbackground,0.0007884203223511577,1208_2_RF01056_2_NC_000913.3_4467215-4467731_ext_80-280_int_150_off_40_percentage_60_position_81-150 genomicbackground,1208,2,1208_2
query_1209,0,genomicbackground,0,genomicbackground,0.0007514074677601457,1209_2_RF01056_2_NC_000913.3_4467215-4467731_ext_80-280_int_150_off_45_percentage_65_position_76-150 genomicbackground,1209,2,1209_2
query_1210,0,genomicbackground,0,genomicbackground,0.0008243059273809195,1210_2_RF01056_2_NC_000913.3_4467215-4467731_ext_80-280_int_150_off_50_percentage_69_position_71-150 genomicbackground,1210,2,1210_2
query_1211,0,genomicbackground,0,genomicbackground,0.0004685586900450289,1211_2_RF01056_2_NC_000913.3_4467215-4467731_ext_80-280_int_155_off_0_percentage_30_position_121-155 genomicbackground,1211,2,1211_2
query_1212,0,genomicbackground,0,genomicbackground,0.00048624613555148244,1212_2_RF01056_2_NC_000913.3_4467215-4467731_ext_80-280_int_155_off_5_percentage_34_position_116-155 genomicbackground,1212,2,1212_2
query_1213,0,genomicbackground,0,genomicbackground,0.0007123504183255136,1213_2_RF01056_2_NC_000913.3_4467215-4467731_ext_80-280_int_155_off_10_percentage_39_position_111-155 genomicbackground,1213,2,1213_2
query_1214,0,genomicbackground,0,genomicbackground,0.0005639540031552315,1214_2_RF01056_2_NC_000913.3_4467215-4467731_ext_80-280_int_155_off_15_percentage_43_position_106-155 genomicbackground,1214,2,1214_2
query_1215,0,genomicbackground,0,genomicbackground,0.0007384789641946554,1215_2_RF01056_2_NC_000913.3_4467215-4467731_ext_80-280_int_155_off_20_percentage_47_position_101-155 genomicbackground,1215,2,1215_2
query_1216,0,genomicbackground,0,genomicbackground,0.0005922718555666506,1216_2_RF01056_2_NC_000913.3_4467215-4467731_ext_80-280_int_155_off_25_percentage_52_position_96-155 genomicbackground,1216,2,1216_2
query_1217,0,genomicbackground,0,genomicbackground,0.0005077849491499364,1217_2_RF01056_2_NC_000913.3_4467215-4467731_ext_80-280_int_155_off_30_percentage_56_position_91-155 genomicbackground,1217,2,1217_2
query_1218,0,genomicbackground,0,genomicbackground,0.0007934196619316936,1218_2_RF01056_2_NC_000913.3_4467215-4467731_ext_80-280_int_155_off_35_percentage_60_position_86-155 genomicbackground,1218,2,1218_2
query_1219,0,genomicbackground,0,genomicbackground,0.0007765990449115634,1219_2_RF01056_2_NC_000913.3_4467215-4467731_ext_80-280_int_155_off_40_percentage_65_position_81-155 genomicbackground,1219,2,1219_2
query_1220,0,genomicbackground,0,genomicbackground,0.0007986228447407484,1220_2_RF01056_2_NC_000913.3_4467215-4467731_ext_80-280_int_155_off_45_percentage_69_position_76-155 genomicbackground,1220,2,1220_2
query_1221,0,genomicbackground,0,genomicbackground,0.0004790055681951344,1221_2_RF01056_2_NC_000913.3_4467215-4467731_ext_80-280_int_160_off_0_percentage_34_position_121-160 genomicbackground,1221,2,1221_2
query_1222,0,genomicbackground,0,genomicbackground,0.0004912919248454273,1222_2_RF01056_2_NC_000913.3_4467215-4467731_ext_80-280_int_160_off_5_percentage_39_position_116-160 genomicbackground,1222,2,1222_2
query_1223,0,genomicbackground,0,genomicbackground,0.0005888183950446546,1223_2_RF01056_2_NC_000913.3_4467215-4467731_ext_80-280_int_160_off_10_percentage_43_position_111-160 genomicbackground,1223,2,1223_2
query_1224,0,genomicbackground,0,genomicbackground,0.0007830241229385138,1224_2_RF01056_2_NC_000913.3_4467215-4467731_ext_80-280_int_160_off_15_percentage_47_position_106-160 genomicbackground,1224,2,1224_2
query_1225,0,genomicbackground,0,genomicbackground,0.0006061556050553918,1225_2_RF01056_2_NC_000913.3_4467215-4467731_ext_80-280_int_160_off_20_percentage_52_position_101-160 genomicbackground,1225,2,1225_2
query_1226,0,genomicbackground,0,genomicbackground,0.0005285402876324952,1226_2_RF01056_2_NC_000913.3_4467215-4467731_ext_80-280_int_160_off_25_percentage_56_position_96-160 genomicbackground,1226,2,1226_2
query_1227,0,genomicbackground,0,genomicbackground,0.0006812968058511615,1227_2_RF01056_2_NC_000913.3_4467215-4467731_ext_80-280_int_160_off_30_percentage_60_position_91-160 genomicbackground,1227,2,1227_2
query_1228,0,genomicbackground,0,genomicbackground,0.0008757836767472327,1228_2_RF01056_2_NC_000913.3_4467215-4467731_ext_80-280_int_160_off_35_percentage_65_position_86-160 genomicbackground,1228,2,1228_2
query_1229,0,genomicbackground,0,genomicbackground,0.0008336559985764325,1229_2_RF01056_2_NC_000913.3_4467215-4467731_ext_80-280_int_160_off_40_percentage_69_position_81-160 genomicbackground,1229,2,1229_2
query_1230,0,genomicbackground,0,genomicbackground,0.0004939144710078835,1230_2_RF01056_2_NC_000913.3_4467215-4467731_ext_80-280_int_165_off_0_percentage_39_position_121-165 genomicbackground,1230,2,1230_2
query_1231,0,genomicbackground,0,genomicbackground,0.000552795419935137,1231_2_RF01056_2_NC_000913.3_4467215-4467731_ext_80-280_int_165_off_5_percentage_43_position_116-165 genomicbackground,1231,2,1231_2
query_1232,0,genomicbackground,0,genomicbackground,0.0009554208372719586,1232_2_RF01056_2_NC_000913.3_4467215-4467731_ext_80-280_int_165_off_10_percentage_47_position_111-165 genomicbackground,1232,2,1232_2
query_1233,0,genomicbackground,0,genomicbackground,0.0006587799871340394,1233_2_RF01056_2_NC_000913.3_4467215-4467731_ext_80-280_int_165_off_15_percentage_52_position_106-165 genomicbackground,1233,2,1233_2
query_1234,0,genomicbackground,0,genomicbackground,0.0005437968065962195,1234_2_RF01056_2_NC_000913.3_4467215-4467731_ext_80-280_int_165_off_20_percentage_56_position_101-165 genomicbackground,1234,2,1234_2
query_1235,0,genomicbackground,0,genomicbackground,0.0007181884138844907,1235_2_RF01056_2_NC_000913.3_4467215-4467731_ext_80-280_int_165_off_25_percentage_60_position_96-165 genomicbackground,1235,2,1235_2
query_1236,0,genomicbackground,0,genomicbackground,0.0006789840990677476,1236_2_RF01056_2_NC_000913.3_4467215-4467731_ext_80-280_int_165_off_30_percentage_65_position_91-165 genomicbackground,1236,2,1236_2
query_1237,0,genomicbackground,0,genomicbackground,0.0009630175773054361,1237_2_RF01056_2_NC_000913.3_4467215-4467731_ext_80-280_int_165_off_35_percentage_69_position_86-165 genomicbackground,1237,2,1237_2
query_1238,0,genomicbackground,0,genomicbackground,0.0004957042983733118,1238_2_RF01056_2_NC_000913.3_4467215-4467731_ext_80-280_int_170_off_0_percentage_43_position_121-170 genomicbackground,1238,2,1238_2
query_1239,0,genomicbackground,0,genomicbackground,0.0008256902801804245,1239_2_RF01056_2_NC_000913.3_4467215-4467731_ext_80-280_int_170_off_5_percentage_47_position_116-170 genomicbackground,1239,2,1239_2
query_1240,0,genomicbackground,0,genomicbackground,0.000738724775146693,1240_2_RF01056_2_NC_000913.3_4467215-4467731_ext_80-280_int_170_off_10_percentage_52_position_111-170 genomicbackground,1240,2,1240_2
query_1241,0,genomicbackground,0,genomicbackground,0.0005482361884787679,1241_2_RF01056_2_NC_000913.3_4467215-4467731_ext_80-280_int_170_off_15_percentage_56_position_106-170 genomicbackground,1241,2,1241_2
query_1242,0,genomicbackground,0,genomicbackground,0.0009133854764513671,1242_2_RF01056_2_NC_000913.3_4467215-4467731_ext_80-280_int_170_off_20_percentage_60_position_101-170 genomicbackground,1242,2,1242_2
query_1243,0,genomicbackground,0,genomicbackground,0.00075094576459378,1243_2_RF01056_2_NC_000913.3_4467215-4467731_ext_80-280_int_170_off_25_percentage_65_position_96-170 genomicbackground,1243,2,1243_2
query_1244,0,genomicbackground,0,genomicbackground,0.0007236818200908601,1244_2_RF01056_2_NC_000913.3_4467215-4467731_ext_80-280_int_170_off_30_percentage_69_position_91-170 genomicbackground,1244,2,1244_2
query_1245,0,genomicbackground,0,genomicbackground,0.0006847233162261546,1245_2_RF01056_2_NC_000913.3_4467215-4467731_ext_80-280_int_175_off_0_percentage_47_position_121-175 genomicbackground,1245,2,1245_2
query_1246,0,genomicbackground,0,genomicbackground,0.0006729916203767061,1246_2_RF01056_2_NC_000913.3_4467215-4467731_ext_80-280_int_175_off_5_percentage_52_position_116-175 genomicbackground,1246,2,1246_2
query_1247,0,genomicbackground,0,genomicbackground,0.000748712511267513,1247_2_RF01056_2_NC_000913.3_4467215-4467731_ext_80-280_int_175_off_10_percentage_56_position_111-175 genomicbackground,1247,2,1247_2
query_1248,0,genomicbackground,0,genomicbackground,0.0011149428319185972,1248_2_RF01056_2_NC_000913.3_4467215-4467731_ext_80-280_int_175_off_15_percentage_60_position_106-175 genomicbackground,1248,2,1248_2
query_1249,0,genomicbackground,0,genomicbackground,0.0008204750483855605,1249_2_RF01056_2_NC_000913.3_4467215-4467731_ext_80-280_int_175_off_20_percentage_65_position_101-175 genomicbackground,1249,2,1249_2
query_1250,0,genomicbackground,0,genomicbackground,0.0008806493133306503,1250_2_RF01056_2_NC_000913.3_4467215-4467731_ext_80-280_int_175_off_25_percentage_69_position_96-175 genomicbackground,1250,2,1250_2
query_1251,0,genomicbackground,0,genomicbackground,0.0005894994246773422,1251_2_RF01056_2_NC_000913.3_4467215-4467731_ext_80-280_int_180_off_0_percentage_52_position_121-180 genomicbackground,1251,2,1251_2
query_1252,0,genomicbackground,0,genomicbackground,0.0005747074610553682,1252_2_RF01056_2_NC_000913.3_4467215-4467731_ext_80-280_int_180_off_5_percentage_56_position_116-180 genomicbackground,1252,2,1252_2
query_1253,0,genomicbackground,0,genomicbackground,0.0009154012077488005,1253_2_RF01056_2_NC_000913.3_4467215-4467731_ext_80-280_int_180_off_10_percentage_60_position_111-180 genomicbackground,1253,2,1253_2
query_1254,0,genomicbackground,0,genomicbackground,0.0010748151689767838,1254_2_RF01056_2_NC_000913.3_4467215-4467731_ext_80-280_int_180_off_15_percentage_65_position_106-180 genomicbackground,1254,2,1254_2
query_1255,0,genomicbackground,0,genomicbackground,0.0009832896757870913,1255_2_RF01056_2_NC_000913.3_4467215-4467731_ext_80-280_int_180_off_20_percentage_69_position_101-180 genomicbackground,1255,2,1255_2
query_1256,0,genomicbackground,0,genomicbackground,0.0006534031126648188,1256_2_RF01056_2_NC_000913.3_4467215-4467731_ext_80-280_int_185_off_0_percentage_56_position_121-185 genomicbackground,1256,2,1256_2
query_1257,0,genomicbackground,0,genomicbackground,0.0007423335919156671,1257_2_RF01056_2_NC_000913.3_4467215-4467731_ext_80-280_int_185_off_5_percentage_60_position_116-185 genomicbackground,1257,2,1257_2
query_1258,0,genomicbackground,0,genomicbackground,0.0012650330318138003,1258_2_RF01056_2_NC_000913.3_4467215-4467731_ext_80-280_int_185_off_10_percentage_65_position_111-185 genomicbackground,1258,2,1258_2
query_1259,0,genomicbackground,0,genomicbackground,0.0012638899497687817,1259_2_RF01056_2_NC_000913.3_4467215-4467731_ext_80-280_int_185_off_15_percentage_69_position_106-185 genomicbackground,1259,2,1259_2
query_1260,0,genomicbackground,0,genomicbackground,0.0006739184027537704,1260_2_RF01056_2_NC_000913.3_4467215-4467731_ext_80-280_int_190_off_0_percentage_60_position_121-190 genomicbackground,1260,2,1260_2
query_1261,0,genomicbackground,0,genomicbackground,0.0011604843894019723,1261_2_RF01056_2_NC_000913.3_4467215-4467731_ext_80-280_int_190_off_5_percentage_65_position_116-190 genomicbackground,1261,2,1261_2
query_1262,0,genomicbackground,0,genomicbackground,0.0009811745258048177,1262_2_RF01056_2_NC_000913.3_4467215-4467731_ext_80-280_int_190_off_10_percentage_69_position_111-190 genomicbackground,1262,2,1262_2
query_1263,0,genomicbackground,0,genomicbackground,0.0008482709527015686,1263_2_RF01056_2_NC_000913.3_4467215-4467731_ext_80-280_int_195_off_0_percentage_65_position_121-195 genomicbackground,1263,2,1263_2
query_1264,0,genomicbackground,0,genomicbackground,0.0009153462015092373,1264_2_RF01056_2_NC_000913.3_4467215-4467731_ext_80-280_int_195_off_5_percentage_69_position_116-195 genomicbackground,1264,2,1264_2
query_1265,0,genomicbackground,0,genomicbackground,0.0007347073988057673,1265_2_RF01056_2_NC_000913.3_4467215-4467731_ext_80-280_int_200_off_0_percentage_69_position_121-200 genomicbackground,1265,2,1265_2
query_1266,0,genomicbackground,0,genomicbackground,0.00034624291583895683,1266_2_RF01056_2_NC_000913.3_4467215-4467731_ext_100-300_int_95_off_0_percentage_0_position_0-0 genomicbackground,1266,2,1266_2
query_1267,0,genomicbackground,0,genomicbackground,0.0002957227698061615,1267_2_RF01056_2_NC_000913.3_4467215-4467731_ext_100-300_int_95_off_5_percentage_0_position_0-0 genomicbackground,1267,2,1267_2
query_1268,0,genomicbackground,0,genomicbackground,0.00028902225312776864,1268_2_RF01056_2_NC_000913.3_4467215-4467731_ext_100-300_int_95_off_10_percentage_4_position_91-95 genomicbackground,1268,2,1268_2
query_1269,0,genomicbackground,0,genomicbackground,0.00032610169728286564,1269_2_RF01056_2_NC_000913.3_4467215-4467731_ext_100-300_int_95_off_15_percentage_9_position_86-95 genomicbackground,1269,2,1269_2
query_1270,0,genomicbackground,0,genomicbackground,0.0003796568780671805,1270_2_RF01056_2_NC_000913.3_4467215-4467731_ext_100-300_int_95_off_20_percentage_13_position_81-95 genomicbackground,1270,2,1270_2
query_1271,0,genomicbackground,0,genomicbackground,0.002566947601735592,1271_2_RF01056_2_NC_000913.3_4467215-4467731_ext_100-300_int_95_off_25_percentage_17_position_76-95 genomicbackground,1271,2,1271_2
query_1272,0,genomicbackground,0,genomicbackground,0.00036089782952331007,1272_2_RF01056_2_NC_000913.3_4467215-4467731_ext_100-300_int_95_off_30_percentage_22_position_71-95 genomicbackground,1272,2,1272_2
query_1273,0,genomicbackground,0,genomicbackground,0.00057652173563838,1273_2_RF01056_2_NC_000913.3_4467215-4467731_ext_100-300_int_95_off_35_percentage_26_position_66-95 genomicbackground,1273,2,1273_2
query_1274,0,genomicbackground,0,genomicbackground,0.0004815740103367716,1274_2_RF01056_2_NC_000913.3_4467215-4467731_ext_100-300_int_95_off_40_percentage_30_position_61-95 genomicbackground,1274,2,1274_2
query_1275,0,genomicbackground,0,genomicbackground,0.0005004710401408374,1275_2_RF01056_2_NC_000913.3_4467215-4467731_ext_100-300_int_95_off_45_percentage_34_position_56-95 genomicbackground,1275,2,1275_2
query_1276,0,genomicbackground,0,genomicbackground,0.0005447378498502076,1276_2_RF01056_2_NC_000913.3_4467215-4467731_ext_100-300_int_95_off_50_percentage_39_position_51-95 genomicbackground,1276,2,1276_2
query_1277,0,genomicbackground,0,genomicbackground,0.01587821915745735,1277_2_RF01056_2_NC_000913.3_4467215-4467731_ext_100-300_int_95_off_55_percentage_43_position_46-95 genomicbackground,1277,2,1277_2
query_1278,0,genomicbackground,1,riboswitch,0.6488462686538696,1278_2_RF01056_2_NC_000913.3_4467215-4467731_ext_100-300_int_95_off_60_percentage_47_position_41-95 genomicbackground,1278,2,1278_2
query_1279,0,genomicbackground,1,riboswitch,0.9321939945220947,1279_2_RF01056_2_NC_000913.3_4467215-4467731_ext_100-300_int_95_off_65_percentage_52_position_36-95 genomicbackground,1279,2,1279_2
query_1280,0,genomicbackground,0,genomicbackground,0.17834772169589996,1280_2_RF01056_2_NC_000913.3_4467215-4467731_ext_100-300_int_95_off_70_percentage_56_position_31-95 genomicbackground,1280,2,1280_2
query_1281,0,genomicbackground,1,riboswitch,0.874914824962616,1281_2_RF01056_2_NC_000913.3_4467215-4467731_ext_100-300_int_95_off_75_percentage_60_position_26-95 genomicbackground,1281,2,1281_2
query_1282,0,genomicbackground,1,riboswitch,0.9848614931106567,1282_2_RF01056_2_NC_000913.3_4467215-4467731_ext_100-300_int_95_off_80_percentage_65_position_21-95 genomicbackground,1282,2,1282_2
query_1283,0,genomicbackground,1,riboswitch,0.9907662868499756,1283_2_RF01056_2_NC_000913.3_4467215-4467731_ext_100-300_int_95_off_85_percentage_69_position_16-95 genomicbackground,1283,2,1283_2
query_1284,0,genomicbackground,1,riboswitch,0.9940949082374573,1284_2_RF01056_2_NC_000913.3_4467215-4467731_ext_100-300_int_95_off_90_percentage_73_position_11-95 genomicbackground,1284,2,1284_2
query_1285,1,riboswitch,1,riboswitch,0.99591463804245,1285_2_RF01056_2_NC_000913.3_4467215-4467731_ext_100-300_int_95_off_95_percentage_78_position_6-95 riboswitch,1285,2,1285_2
query_1286,1,riboswitch,1,riboswitch,0.984495997428894,1286_2_RF01056_2_NC_000913.3_4467215-4467731_ext_100-300_int_95_off_100_percentage_82_position_1-95 riboswitch,1286,2,1286_2
query_1287,1,riboswitch,1,riboswitch,0.9984710812568665,1287_2_RF01056_2_NC_000913.3_4467215-4467731_ext_100-300_int_95_off_105_percentage_82_position_1-95 riboswitch,1287,2,1287_2
query_1288,0,genomicbackground,0,genomicbackground,0.0003150862758047879,1288_2_RF01056_2_NC_000913.3_4467215-4467731_ext_100-300_int_100_off_0_percentage_0_position_0-0 genomicbackground,1288,2,1288_2
query_1289,0,genomicbackground,0,genomicbackground,0.000295790727250278,1289_2_RF01056_2_NC_000913.3_4467215-4467731_ext_100-300_int_100_off_5_percentage_4_position_96-100 genomicbackground,1289,2,1289_2
query_1290,0,genomicbackground,0,genomicbackground,0.00029344941140152514,1290_2_RF01056_2_NC_000913.3_4467215-4467731_ext_100-300_int_100_off_10_percentage_9_position_91-100 genomicbackground,1290,2,1290_2
query_1291,0,genomicbackground,0,genomicbackground,0.0003636489564087242,1291_2_RF01056_2_NC_000913.3_4467215-4467731_ext_100-300_int_100_off_15_percentage_13_position_86-100 genomicbackground,1291,2,1291_2
query_1292,0,genomicbackground,0,genomicbackground,0.015875916928052902,1292_2_RF01056_2_NC_000913.3_4467215-4467731_ext_100-300_int_100_off_20_percentage_17_position_81-100 genomicbackground,1292,2,1292_2
query_1293,0,genomicbackground,0,genomicbackground,0.000391926325391978,1293_2_RF01056_2_NC_000913.3_4467215-4467731_ext_100-300_int_100_off_25_percentage_22_position_76-100 genomicbackground,1293,2,1293_2
query_1294,0,genomicbackground,0,genomicbackground,0.00041351953404955566,1294_2_RF01056_2_NC_000913.3_4467215-4467731_ext_100-300_int_100_off_30_percentage_26_position_71-100 genomicbackground,1294,2,1294_2
query_1295,0,genomicbackground,0,genomicbackground,0.0005876442883163691,1295_2_RF01056_2_NC_000913.3_4467215-4467731_ext_100-300_int_100_off_35_percentage_30_position_66-100 genomicbackground,1295,2,1295_2
query_1296,0,genomicbackground,0,genomicbackground,0.0004421730409376323,1296_2_RF01056_2_NC_000913.3_4467215-4467731_ext_100-300_int_100_off_40_percentage_34_position_61-100 genomicbackground,1296,2,1296_2
query_1297,0,genomicbackground,0,genomicbackground,0.0005511303897947073,1297_2_RF01056_2_NC_000913.3_4467215-4467731_ext_100-300_int_100_off_45_percentage_39_position_56-100 genomicbackground,1297,2,1297_2
query_1298,0,genomicbackground,0,genomicbackground,0.0005975613021291792,1298_2_RF01056_2_NC_000913.3_4467215-4467731_ext_100-300_int_100_off_50_percentage_43_position_51-100 genomicbackground,1298,2,1298_2
query_1299,0,genomicbackground,0,genomicbackground,0.03154333308339119,1299_2_RF01056_2_NC_000913.3_4467215-4467731_ext_100-300_int_100_off_55_percentage_47_position_46-100 genomicbackground,1299,2,1299_2
query_1300,0,genomicbackground,0,genomicbackground,0.25036343932151794,1300_2_RF01056_2_NC_000913.3_4467215-4467731_ext_100-300_int_100_off_60_percentage_52_position_41-100 genomicbackground,1300,2,1300_2
query_1301,0,genomicbackground,0,genomicbackground,0.28866592049598694,1301_2_RF01056_2_NC_000913.3_4467215-4467731_ext_100-300_int_100_off_65_percentage_56_position_36-100 genomicbackground,1301,2,1301_2
query_1302,0,genomicbackground,1,riboswitch,0.8147590756416321,1302_2_RF01056_2_NC_000913.3_4467215-4467731_ext_100-300_int_100_off_70_percentage_60_position_31-100 genomicbackground,1302,2,1302_2
query_1303,0,genomicbackground,1,riboswitch,0.9567179083824158,1303_2_RF01056_2_NC_000913.3_4467215-4467731_ext_100-300_int_100_off_75_percentage_65_position_26-100 genomicbackground,1303,2,1303_2
query_1304,0,genomicbackground,1,riboswitch,0.9878193140029907,1304_2_RF01056_2_NC_000913.3_4467215-4467731_ext_100-300_int_100_off_80_percentage_69_position_21-100 genomicbackground,1304,2,1304_2
query_1305,0,genomicbackground,1,riboswitch,0.9878465533256531,1305_2_RF01056_2_NC_000913.3_4467215-4467731_ext_100-300_int_100_off_85_percentage_73_position_16-100 genomicbackground,1305,2,1305_2
query_1306,1,riboswitch,1,riboswitch,0.9958063364028931,1306_2_RF01056_2_NC_000913.3_4467215-4467731_ext_100-300_int_100_off_90_percentage_78_position_11-100 riboswitch,1306,2,1306_2
query_1307,1,riboswitch,1,riboswitch,0.9744932055473328,1307_2_RF01056_2_NC_000913.3_4467215-4467731_ext_100-300_int_100_off_95_percentage_82_position_6-100 riboswitch,1307,2,1307_2
query_1308,1,riboswitch,1,riboswitch,0.9934584498405457,1308_2_RF01056_2_NC_000913.3_4467215-4467731_ext_100-300_int_100_off_100_percentage_86_position_1-100 riboswitch,1308,2,1308_2
query_1309,0,genomicbackground,0,genomicbackground,0.0003016845148522407,1309_2_RF01056_2_NC_000913.3_4467215-4467731_ext_100-300_int_105_off_0_percentage_4_position_101-105 genomicbackground,1309,2,1309_2
query_1310,0,genomicbackground,0,genomicbackground,0.0003291078610345721,1310_2_RF01056_2_NC_000913.3_4467215-4467731_ext_100-300_int_105_off_5_percentage_9_position_96-105 genomicbackground,1310,2,1310_2
query_1311,0,genomicbackground,0,genomicbackground,0.00036312444717623293,1311_2_RF01056_2_NC_000913.3_4467215-4467731_ext_100-300_int_105_off_10_percentage_13_position_91-105 genomicbackground,1311,2,1311_2
query_1312,0,genomicbackground,0,genomicbackground,0.0003787637979257852,1312_2_RF01056_2_NC_000913.3_4467215-4467731_ext_100-300_int_105_off_15_percentage_17_position_86-105 genomicbackground,1312,2,1312_2
query_1313,0,genomicbackground,0,genomicbackground,0.00042691791895776987,1313_2_RF01056_2_NC_000913.3_4467215-4467731_ext_100-300_int_105_off_20_percentage_22_position_81-105 genomicbackground,1313,2,1313_2
query_1314,0,genomicbackground,0,genomicbackground,0.00041999926907010376,1314_2_RF01056_2_NC_000913.3_4467215-4467731_ext_100-300_int_105_off_25_percentage_26_position_76-105 genomicbackground,1314,2,1314_2
query_1315,0,genomicbackground,0,genomicbackground,0.00043490491225384176,1315_2_RF01056_2_NC_000913.3_4467215-4467731_ext_100-300_int_105_off_30_percentage_30_position_71-105 genomicbackground,1315,2,1315_2
query_1316,0,genomicbackground,0,genomicbackground,0.0005413800827227533,1316_2_RF01056_2_NC_000913.3_4467215-4467731_ext_100-300_int_105_off_35_percentage_34_position_66-105 genomicbackground,1316,2,1316_2
query_1317,0,genomicbackground,0,genomicbackground,0.0004839877365157008,1317_2_RF01056_2_NC_000913.3_4467215-4467731_ext_100-300_int_105_off_40_percentage_39_position_61-105 genomicbackground,1317,2,1317_2
query_1318,0,genomicbackground,0,genomicbackground,0.0005915419897064567,1318_2_RF01056_2_NC_000913.3_4467215-4467731_ext_100-300_int_105_off_45_percentage_43_position_56-105 genomicbackground,1318,2,1318_2
query_1319,0,genomicbackground,0,genomicbackground,0.0008308676769956946,1319_2_RF01056_2_NC_000913.3_4467215-4467731_ext_100-300_int_105_off_50_percentage_47_position_51-105 genomicbackground,1319,2,1319_2
query_1320,0,genomicbackground,0,genomicbackground,0.027626674622297287,1320_2_RF01056_2_NC_000913.3_4467215-4467731_ext_100-300_int_105_off_55_percentage_52_position_46-105 genomicbackground,1320,2,1320_2
query_1321,0,genomicbackground,0,genomicbackground,0.03937867283821106,1321_2_RF01056_2_NC_000913.3_4467215-4467731_ext_100-300_int_105_off_60_percentage_56_position_41-105 genomicbackground,1321,2,1321_2
query_1322,0,genomicbackground,1,riboswitch,0.8640634417533875,1322_2_RF01056_2_NC_000913.3_4467215-4467731_ext_100-300_int_105_off_65_percentage_60_position_36-105 genomicbackground,1322,2,1322_2
query_1323,0,genomicbackground,1,riboswitch,0.9412331581115723,1323_2_RF01056_2_NC_000913.3_4467215-4467731_ext_100-300_int_105_off_70_percentage_65_position_31-105 genomicbackground,1323,2,1323_2
query_1324,0,genomicbackground,1,riboswitch,0.9706266522407532,1324_2_RF01056_2_NC_000913.3_4467215-4467731_ext_100-300_int_105_off_75_percentage_69_position_26-105 genomicbackground,1324,2,1324_2
query_1325,0,genomicbackground,1,riboswitch,0.9820317029953003,1325_2_RF01056_2_NC_000913.3_4467215-4467731_ext_100-300_int_105_off_80_percentage_73_position_21-105 genomicbackground,1325,2,1325_2
query_1326,1,riboswitch,1,riboswitch,0.9947863817214966,1326_2_RF01056_2_NC_000913.3_4467215-4467731_ext_100-300_int_105_off_85_percentage_78_position_16-105 riboswitch,1326,2,1326_2
query_1327,1,riboswitch,1,riboswitch,0.9614511132240295,1327_2_RF01056_2_NC_000913.3_4467215-4467731_ext_100-300_int_105_off_90_percentage_82_position_11-105 riboswitch,1327,2,1327_2
query_1328,1,riboswitch,1,riboswitch,0.9926902651786804,1328_2_RF01056_2_NC_000913.3_4467215-4467731_ext_100-300_int_105_off_95_percentage_86_position_6-105 riboswitch,1328,2,1328_2
query_1329,0,genomicbackground,0,genomicbackground,0.0003035818808712065,1329_2_RF01056_2_NC_000913.3_4467215-4467731_ext_100-300_int_110_off_0_percentage_9_position_101-110 genomicbackground,1329,2,1329_2
query_1330,0,genomicbackground,0,genomicbackground,0.0003493452968541533,1330_2_RF01056_2_NC_000913.3_4467215-4467731_ext_100-300_int_110_off_5_percentage_13_position_96-110 genomicbackground,1330,2,1330_2
query_1331,0,genomicbackground,0,genomicbackground,0.0003722421242855489,1331_2_RF01056_2_NC_000913.3_4467215-4467731_ext_100-300_int_110_off_10_percentage_17_position_91-110 genomicbackground,1331,2,1331_2
query_1332,0,genomicbackground,0,genomicbackground,0.0004264705057721585,1332_2_RF01056_2_NC_000913.3_4467215-4467731_ext_100-300_int_110_off_15_percentage_22_position_86-110 genomicbackground,1332,2,1332_2
query_1333,0,genomicbackground,0,genomicbackground,0.00045356180635280907,1333_2_RF01056_2_NC_000913.3_4467215-4467731_ext_100-300_int_110_off_20_percentage_26_position_81-110 genomicbackground,1333,2,1333_2
query_1334,0,genomicbackground,0,genomicbackground,0.0004407897649798542,1334_2_RF01056_2_NC_000913.3_4467215-4467731_ext_100-300_int_110_off_25_percentage_30_position_76-110 genomicbackground,1334,2,1334_2
query_1335,0,genomicbackground,0,genomicbackground,0.0005755334859713912,1335_2_RF01056_2_NC_000913.3_4467215-4467731_ext_100-300_int_110_off_30_percentage_34_position_71-110 genomicbackground,1335,2,1335_2
query_1336,0,genomicbackground,0,genomicbackground,0.0005849119042977691,1336_2_RF01056_2_NC_000913.3_4467215-4467731_ext_100-300_int_110_off_35_percentage_39_position_66-110 genomicbackground,1336,2,1336_2
query_1337,0,genomicbackground,0,genomicbackground,0.0005187693750485778,1337_2_RF01056_2_NC_000913.3_4467215-4467731_ext_100-300_int_110_off_40_percentage_43_position_61-110 genomicbackground,1337,2,1337_2
query_1338,0,genomicbackground,0,genomicbackground,0.0007919032359495759,1338_2_RF01056_2_NC_000913.3_4467215-4467731_ext_100-300_int_110_off_45_percentage_47_position_56-110 genomicbackground,1338,2,1338_2
query_1339,0,genomicbackground,0,genomicbackground,0.0006883784662932158,1339_2_RF01056_2_NC_000913.3_4467215-4467731_ext_100-300_int_110_off_50_percentage_52_position_51-110 genomicbackground,1339,2,1339_2
query_1340,0,genomicbackground,0,genomicbackground,0.0006325056892819703,1340_2_RF01056_2_NC_000913.3_4467215-4467731_ext_100-300_int_110_off_55_percentage_56_position_46-110 genomicbackground,1340,2,1340_2
query_1341,0,genomicbackground,0,genomicbackground,0.21119335293769836,1341_2_RF01056_2_NC_000913.3_4467215-4467731_ext_100-300_int_110_off_60_percentage_60_position_41-110 genomicbackground,1341,2,1341_2
query_1342,0,genomicbackground,1,riboswitch,0.8572386503219604,1342_2_RF01056_2_NC_000913.3_4467215-4467731_ext_100-300_int_110_off_65_percentage_65_position_36-110 genomicbackground,1342,2,1342_2
query_1343,0,genomicbackground,1,riboswitch,0.9616267681121826,1343_2_RF01056_2_NC_000913.3_4467215-4467731_ext_100-300_int_110_off_70_percentage_69_position_31-110 genomicbackground,1343,2,1343_2
query_1344,0,genomicbackground,1,riboswitch,0.948341429233551,1344_2_RF01056_2_NC_000913.3_4467215-4467731_ext_100-300_int_110_off_75_percentage_73_position_26-110 genomicbackground,1344,2,1344_2
query_1345,1,riboswitch,1,riboswitch,0.9916157126426697,1345_2_RF01056_2_NC_000913.3_4467215-4467731_ext_100-300_int_110_off_80_percentage_78_position_21-110 riboswitch,1345,2,1345_2
query_1346,1,riboswitch,1,riboswitch,0.9112993478775024,1346_2_RF01056_2_NC_000913.3_4467215-4467731_ext_100-300_int_110_off_85_percentage_82_position_16-110 riboswitch,1346,2,1346_2
query_1347,1,riboswitch,1,riboswitch,0.9924005270004272,1347_2_RF01056_2_NC_000913.3_4467215-4467731_ext_100-300_int_110_off_90_percentage_86_position_11-110 riboswitch,1347,2,1347_2
query_1348,0,genomicbackground,0,genomicbackground,0.00033029232872650027,1348_2_RF01056_2_NC_000913.3_4467215-4467731_ext_100-300_int_115_off_0_percentage_13_position_101-115 genomicbackground,1348,2,1348_2
query_1349,0,genomicbackground,0,genomicbackground,0.0003587303508538753,1349_2_RF01056_2_NC_000913.3_4467215-4467731_ext_100-300_int_115_off_5_percentage_17_position_96-115 genomicbackground,1349,2,1349_2
query_1350,0,genomicbackground,0,genomicbackground,0.0004227705067023635,1350_2_RF01056_2_NC_000913.3_4467215-4467731_ext_100-300_int_115_off_10_percentage_22_position_91-115 genomicbackground,1350,2,1350_2
query_1351,0,genomicbackground,0,genomicbackground,0.00045269340625964105,1351_2_RF01056_2_NC_000913.3_4467215-4467731_ext_100-300_int_115_off_15_percentage_26_position_86-115 genomicbackground,1351,2,1351_2
query_1352,0,genomicbackground,0,genomicbackground,0.00046576373279094696,1352_2_RF01056_2_NC_000913.3_4467215-4467731_ext_100-300_int_115_off_20_percentage_30_position_81-115 genomicbackground,1352,2,1352_2
query_1353,0,genomicbackground,0,genomicbackground,0.0004494968452490866,1353_2_RF01056_2_NC_000913.3_4467215-4467731_ext_100-300_int_115_off_25_percentage_34_position_76-115 genomicbackground,1353,2,1353_2
query_1354,0,genomicbackground,0,genomicbackground,0.0006088858935981989,1354_2_RF01056_2_NC_000913.3_4467215-4467731_ext_100-300_int_115_off_30_percentage_39_position_71-115 genomicbackground,1354,2,1354_2
query_1355,0,genomicbackground,0,genomicbackground,0.0006138110184110701,1355_2_RF01056_2_NC_000913.3_4467215-4467731_ext_100-300_int_115_off_35_percentage_43_position_66-115 genomicbackground,1355,2,1355_2
query_1356,0,genomicbackground,0,genomicbackground,0.0006544408388435841,1356_2_RF01056_2_NC_000913.3_4467215-4467731_ext_100-300_int_115_off_40_percentage_47_position_61-115 genomicbackground,1356,2,1356_2
query_1357,0,genomicbackground,0,genomicbackground,0.0006736934883520007,1357_2_RF01056_2_NC_000913.3_4467215-4467731_ext_100-300_int_115_off_45_percentage_52_position_56-115 genomicbackground,1357,2,1357_2
query_1358,0,genomicbackground,0,genomicbackground,0.0009434554376639426,1358_2_RF01056_2_NC_000913.3_4467215-4467731_ext_100-300_int_115_off_50_percentage_56_position_51-115 genomicbackground,1358,2,1358_2
query_1359,0,genomicbackground,0,genomicbackground,0.0007865923107601702,1359_2_RF01056_2_NC_000913.3_4467215-4467731_ext_100-300_int_115_off_55_percentage_60_position_46-115 genomicbackground,1359,2,1359_2
query_1360,0,genomicbackground,0,genomicbackground,0.24409647285938263,1360_2_RF01056_2_NC_000913.3_4467215-4467731_ext_100-300_int_115_off_60_percentage_65_position_41-115 genomicbackground,1360,2,1360_2
query_1361,0,genomicbackground,1,riboswitch,0.9042164087295532,1361_2_RF01056_2_NC_000913.3_4467215-4467731_ext_100-300_int_115_off_65_percentage_69_position_36-115 genomicbackground,1361,2,1361_2
query_1362,0,genomicbackground,1,riboswitch,0.9320966601371765,1362_2_RF01056_2_NC_000913.3_4467215-4467731_ext_100-300_int_115_off_70_percentage_73_position_31-115 genomicbackground,1362,2,1362_2
query_1363,1,riboswitch,1,riboswitch,0.967645525932312,1363_2_RF01056_2_NC_000913.3_4467215-4467731_ext_100-300_int_115_off_75_percentage_78_position_26-115 riboswitch,1363,2,1363_2
query_1364,1,riboswitch,1,riboswitch,0.7270244359970093,1364_2_RF01056_2_NC_000913.3_4467215-4467731_ext_100-300_int_115_off_80_percentage_82_position_21-115 riboswitch,1364,2,1364_2
query_1365,1,riboswitch,1,riboswitch,0.9763047695159912,1365_2_RF01056_2_NC_000913.3_4467215-4467731_ext_100-300_int_115_off_85_percentage_86_position_16-115 riboswitch,1365,2,1365_2
query_1366,0,genomicbackground,0,genomicbackground,0.00034771941136568785,1366_2_RF01056_2_NC_000913.3_4467215-4467731_ext_100-300_int_120_off_0_percentage_17_position_101-120 genomicbackground,1366,2,1366_2
query_1367,0,genomicbackground,0,genomicbackground,0.000415513088228181,1367_2_RF01056_2_NC_000913.3_4467215-4467731_ext_100-300_int_120_off_5_percentage_22_position_96-120 genomicbackground,1367,2,1367_2
query_1368,0,genomicbackground,0,genomicbackground,0.0004490540304686874,1368_2_RF01056_2_NC_000913.3_4467215-4467731_ext_100-300_int_120_off_10_percentage_26_position_91-120 genomicbackground,1368,2,1368_2
query_1369,0,genomicbackground,0,genomicbackground,0.0004623308777809143,1369_2_RF01056_2_NC_000913.3_4467215-4467731_ext_100-300_int_120_off_15_percentage_30_position_86-120 genomicbackground,1369,2,1369_2
query_1370,0,genomicbackground,0,genomicbackground,0.0004686221363954246,1370_2_RF01056_2_NC_000913.3_4467215-4467731_ext_100-300_int_120_off_20_percentage_34_position_81-120 genomicbackground,1370,2,1370_2
query_1371,0,genomicbackground,0,genomicbackground,0.0004640797560568899,1371_2_RF01056_2_NC_000913.3_4467215-4467731_ext_100-300_int_120_off_25_percentage_39_position_76-120 genomicbackground,1371,2,1371_2
query_1372,0,genomicbackground,0,genomicbackground,0.0004946246044710279,1372_2_RF01056_2_NC_000913.3_4467215-4467731_ext_100-300_int_120_off_30_percentage_43_position_71-120 genomicbackground,1372,2,1372_2
query_1373,0,genomicbackground,0,genomicbackground,0.0007554455660283566,1373_2_RF01056_2_NC_000913.3_4467215-4467731_ext_100-300_int_120_off_35_percentage_47_position_66-120 genomicbackground,1373,2,1373_2
query_1374,0,genomicbackground,0,genomicbackground,0.000588727998547256,1374_2_RF01056_2_NC_000913.3_4467215-4467731_ext_100-300_int_120_off_40_percentage_52_position_61-120 genomicbackground,1374,2,1374_2
query_1375,0,genomicbackground,0,genomicbackground,0.0008029533200897276,1375_2_RF01056_2_NC_000913.3_4467215-4467731_ext_100-300_int_120_off_45_percentage_56_position_56-120 genomicbackground,1375,2,1375_2
query_1376,0,genomicbackground,0,genomicbackground,0.000900199927855283,1376_2_RF01056_2_NC_000913.3_4467215-4467731_ext_100-300_int_120_off_50_percentage_60_position_51-120 genomicbackground,1376,2,1376_2
query_1377,0,genomicbackground,0,genomicbackground,0.0007710855570621789,1377_2_RF01056_2_NC_000913.3_4467215-4467731_ext_100-300_int_120_off_55_percentage_65_position_46-120 genomicbackground,1377,2,1377_2
query_1378,0,genomicbackground,0,genomicbackground,0.33010977506637573,1378_2_RF01056_2_NC_000913.3_4467215-4467731_ext_100-300_int_120_off_60_percentage_69_position_41-120 genomicbackground,1378,2,1378_2
query_1379,0,genomicbackground,1,riboswitch,0.8462104201316833,1379_2_RF01056_2_NC_000913.3_4467215-4467731_ext_100-300_int_120_off_65_percentage_73_position_36-120 genomicbackground,1379,2,1379_2
query_1380,1,riboswitch,1,riboswitch,0.9476106762886047,1380_2_RF01056_2_NC_000913.3_4467215-4467731_ext_100-300_int_120_off_70_percentage_78_position_31-120 riboswitch,1380,2,1380_2
query_1381,1,riboswitch,0,genomicbackground,0.2201545238494873,1381_2_RF01056_2_NC_000913.3_4467215-4467731_ext_100-300_int_120_off_75_percentage_82_position_26-120 riboswitch,1381,2,1381_2
query_1382,1,riboswitch,1,riboswitch,0.9695556163787842,1382_2_RF01056_2_NC_000913.3_4467215-4467731_ext_100-300_int_120_off_80_percentage_86_position_21-120 riboswitch,1382,2,1382_2
query_1383,0,genomicbackground,0,genomicbackground,0.0004221373819746077,1383_2_RF01056_2_NC_000913.3_4467215-4467731_ext_100-300_int_125_off_0_percentage_22_position_101-125 genomicbackground,1383,2,1383_2
query_1384,0,genomicbackground,0,genomicbackground,0.0005029106396250427,1384_2_RF01056_2_NC_000913.3_4467215-4467731_ext_100-300_int_125_off_5_percentage_26_position_96-125 genomicbackground,1384,2,1384_2
query_1385,0,genomicbackground,0,genomicbackground,0.0004620463587343693,1385_2_RF01056_2_NC_000913.3_4467215-4467731_ext_100-300_int_125_off_10_percentage_30_position_91-125 genomicbackground,1385,2,1385_2
query_1386,0,genomicbackground,0,genomicbackground,0.000659086334053427,1386_2_RF01056_2_NC_000913.3_4467215-4467731_ext_100-300_int_125_off_15_percentage_34_position_86-125 genomicbackground,1386,2,1386_2
query_1387,0,genomicbackground,0,genomicbackground,0.000478486210340634,1387_2_RF01056_2_NC_000913.3_4467215-4467731_ext_100-300_int_125_off_20_percentage_39_position_81-125 genomicbackground,1387,2,1387_2
query_1388,0,genomicbackground,0,genomicbackground,0.00047640581033192575,1388_2_RF01056_2_NC_000913.3_4467215-4467731_ext_100-300_int_125_off_25_percentage_43_position_76-125 genomicbackground,1388,2,1388_2
query_1389,0,genomicbackground,0,genomicbackground,0.0006197367911227047,1389_2_RF01056_2_NC_000913.3_4467215-4467731_ext_100-300_int_125_off_30_percentage_47_position_71-125 genomicbackground,1389,2,1389_2
query_1390,0,genomicbackground,0,genomicbackground,0.0006735390052199364,1390_2_RF01056_2_NC_000913.3_4467215-4467731_ext_100-300_int_125_off_35_percentage_52_position_66-125 genomicbackground,1390,2,1390_2
query_1391,0,genomicbackground,0,genomicbackground,0.0006117822485975921,1391_2_RF01056_2_NC_000913.3_4467215-4467731_ext_100-300_int_125_off_40_percentage_56_position_61-125 genomicbackground,1391,2,1391_2
query_1392,0,genomicbackground,0,genomicbackground,0.0008438231889158487,1392_2_RF01056_2_NC_000913.3_4467215-4467731_ext_100-300_int_125_off_45_percentage_60_position_56-125 genomicbackground,1392,2,1392_2
query_1393,0,genomicbackground,0,genomicbackground,0.0008560017449781299,1393_2_RF01056_2_NC_000913.3_4467215-4467731_ext_100-300_int_125_off_50_percentage_65_position_51-125 genomicbackground,1393,2,1393_2
query_1394,0,genomicbackground,0,genomicbackground,0.0008056398946791887,1394_2_RF01056_2_NC_000913.3_4467215-4467731_ext_100-300_int_125_off_55_percentage_69_position_46-125 genomicbackground,1394,2,1394_2
query_1395,0,genomicbackground,0,genomicbackground,0.2229190617799759,1395_2_RF01056_2_NC_000913.3_4467215-4467731_ext_100-300_int_125_off_60_percentage_73_position_41-125 genomicbackground,1395,2,1395_2
query_1396,1,riboswitch,1,riboswitch,0.696610689163208,1396_2_RF01056_2_NC_000913.3_4467215-4467731_ext_100-300_int_125_off_65_percentage_78_position_36-125 riboswitch,1396,2,1396_2
query_1397,1,riboswitch,1,riboswitch,0.7223793864250183,1397_2_RF01056_2_NC_000913.3_4467215-4467731_ext_100-300_int_125_off_70_percentage_82_position_31-125 riboswitch,1397,2,1397_2
query_1398,1,riboswitch,1,riboswitch,0.9350088834762573,1398_2_RF01056_2_NC_000913.3_4467215-4467731_ext_100-300_int_125_off_75_percentage_86_position_26-125 riboswitch,1398,2,1398_2
query_1399,0,genomicbackground,0,genomicbackground,0.0004848003154620528,1399_2_RF01056_2_NC_000913.3_4467215-4467731_ext_100-300_int_130_off_0_percentage_26_position_101-130 genomicbackground,1399,2,1399_2
query_1400,0,genomicbackground,0,genomicbackground,0.00046734281932003796,1400_2_RF01056_2_NC_000913.3_4467215-4467731_ext_100-300_int_130_off_5_percentage_30_position_96-130 genomicbackground,1400,2,1400_2
query_1401,0,genomicbackground,0,genomicbackground,0.0004969745641574264,1401_2_RF01056_2_NC_000913.3_4467215-4467731_ext_100-300_int_130_off_10_percentage_34_position_91-130 genomicbackground,1401,2,1401_2
query_1402,0,genomicbackground,0,genomicbackground,0.0006897564744576812,1402_2_RF01056_2_NC_000913.3_4467215-4467731_ext_100-300_int_130_off_15_percentage_39_position_86-130 genomicbackground,1402,2,1402_2
query_1403,0,genomicbackground,0,genomicbackground,0.0004904574598185718,1403_2_RF01056_2_NC_000913.3_4467215-4467731_ext_100-300_int_130_off_20_percentage_43_position_81-130 genomicbackground,1403,2,1403_2
query_1404,0,genomicbackground,0,genomicbackground,0.0005853116745129228,1404_2_RF01056_2_NC_000913.3_4467215-4467731_ext_100-300_int_130_off_25_percentage_47_position_76-130 genomicbackground,1404,2,1404_2
query_1405,0,genomicbackground,0,genomicbackground,0.0005736979655921459,1405_2_RF01056_2_NC_000913.3_4467215-4467731_ext_100-300_int_130_off_30_percentage_52_position_71-130 genomicbackground,1405,2,1405_2
query_1406,0,genomicbackground,0,genomicbackground,0.0007484922534786165,1406_2_RF01056_2_NC_000913.3_4467215-4467731_ext_100-300_int_130_off_35_percentage_56_position_66-130 genomicbackground,1406,2,1406_2
query_1407,0,genomicbackground,0,genomicbackground,0.000710780790541321,1407_2_RF01056_2_NC_000913.3_4467215-4467731_ext_100-300_int_130_off_40_percentage_60_position_61-130 genomicbackground,1407,2,1407_2
query_1408,0,genomicbackground,0,genomicbackground,0.0008180654840543866,1408_2_RF01056_2_NC_000913.3_4467215-4467731_ext_100-300_int_130_off_45_percentage_65_position_56-130 genomicbackground,1408,2,1408_2
query_1409,0,genomicbackground,0,genomicbackground,0.0009322699625045061,1409_2_RF01056_2_NC_000913.3_4467215-4467731_ext_100-300_int_130_off_50_percentage_69_position_51-130 genomicbackground,1409,2,1409_2
query_1410,0,genomicbackground,0,genomicbackground,0.0007713804370723665,1410_2_RF01056_2_NC_000913.3_4467215-4467731_ext_100-300_int_130_off_55_percentage_73_position_46-130 genomicbackground,1410,2,1410_2
query_1411,1,riboswitch,0,genomicbackground,0.06619194149971008,1411_2_RF01056_2_NC_000913.3_4467215-4467731_ext_100-300_int_130_off_60_percentage_78_position_41-130 riboswitch,1411,2,1411_2
query_1412,1,riboswitch,1,riboswitch,0.7519503831863403,1412_2_RF01056_2_NC_000913.3_4467215-4467731_ext_100-300_int_130_off_65_percentage_82_position_36-130 riboswitch,1412,2,1412_2
query_1413,1,riboswitch,1,riboswitch,0.9632647037506104,1413_2_RF01056_2_NC_000913.3_4467215-4467731_ext_100-300_int_130_off_70_percentage_86_position_31-130 riboswitch,1413,2,1413_2
query_1414,0,genomicbackground,0,genomicbackground,0.0004607616865541786,1414_2_RF01056_2_NC_000913.3_4467215-4467731_ext_100-300_int_135_off_0_percentage_30_position_101-135 genomicbackground,1414,2,1414_2
query_1415,0,genomicbackground,0,genomicbackground,0.0006714712944813073,1415_2_RF01056_2_NC_000913.3_4467215-4467731_ext_100-300_int_135_off_5_percentage_34_position_96-135 genomicbackground,1415,2,1415_2
query_1416,0,genomicbackground,0,genomicbackground,0.0004576554347295314,1416_2_RF01056_2_NC_000913.3_4467215-4467731_ext_100-300_int_135_off_10_percentage_39_position_91-135 genomicbackground,1416,2,1416_2
query_1417,0,genomicbackground,0,genomicbackground,0.0004846616357099265,1417_2_RF01056_2_NC_000913.3_4467215-4467731_ext_100-300_int_135_off_15_percentage_43_position_86-135 genomicbackground,1417,2,1417_2
query_1418,0,genomicbackground,0,genomicbackground,0.0006062955362722278,1418_2_RF01056_2_NC_000913.3_4467215-4467731_ext_100-300_int_135_off_20_percentage_47_position_81-135 genomicbackground,1418,2,1418_2
query_1419,0,genomicbackground,0,genomicbackground,0.0005480035906657577,1419_2_RF01056_2_NC_000913.3_4467215-4467731_ext_100-300_int_135_off_25_percentage_52_position_76-135 genomicbackground,1419,2,1419_2
query_1420,0,genomicbackground,0,genomicbackground,0.0008803961100056767,1420_2_RF01056_2_NC_000913.3_4467215-4467731_ext_100-300_int_135_off_30_percentage_56_position_71-135 genomicbackground,1420,2,1420_2
query_1421,0,genomicbackground,0,genomicbackground,0.0007880906923674047,1421_2_RF01056_2_NC_000913.3_4467215-4467731_ext_100-300_int_135_off_35_percentage_60_position_66-135 genomicbackground,1421,2,1421_2
query_1422,0,genomicbackground,0,genomicbackground,0.0007023900980129838,1422_2_RF01056_2_NC_000913.3_4467215-4467731_ext_100-300_int_135_off_40_percentage_65_position_61-135 genomicbackground,1422,2,1422_2
query_1423,0,genomicbackground,0,genomicbackground,0.0008842322276905179,1423_2_RF01056_2_NC_000913.3_4467215-4467731_ext_100-300_int_135_off_45_percentage_69_position_56-135 genomicbackground,1423,2,1423_2
query_1424,0,genomicbackground,0,genomicbackground,0.0008645117050036788,1424_2_RF01056_2_NC_000913.3_4467215-4467731_ext_100-300_int_135_off_50_percentage_73_position_51-135 genomicbackground,1424,2,1424_2
query_1425,1,riboswitch,0,genomicbackground,0.0007992209284566343,1425_2_RF01056_2_NC_000913.3_4467215-4467731_ext_100-300_int_135_off_55_percentage_78_position_46-135 riboswitch,1425,2,1425_2
query_1426,1,riboswitch,0,genomicbackground,0.09553056210279465,1426_2_RF01056_2_NC_000913.3_4467215-4467731_ext_100-300_int_135_off_60_percentage_82_position_41-135 riboswitch,1426,2,1426_2
query_1427,1,riboswitch,1,riboswitch,0.971817135810852,1427_2_RF01056_2_NC_000913.3_4467215-4467731_ext_100-300_int_135_off_65_percentage_86_position_36-135 riboswitch,1427,2,1427_2
query_1428,0,genomicbackground,0,genomicbackground,0.0005507298046723008,1428_2_RF01056_2_NC_000913.3_4467215-4467731_ext_100-300_int_140_off_0_percentage_34_position_101-140 genomicbackground,1428,2,1428_2
query_1429,0,genomicbackground,0,genomicbackground,0.0004584426060318947,1429_2_RF01056_2_NC_000913.3_4467215-4467731_ext_100-300_int_140_off_5_percentage_39_position_96-140 genomicbackground,1429,2,1429_2
query_1430,0,genomicbackground,0,genomicbackground,0.000431042310083285,1430_2_RF01056_2_NC_000913.3_4467215-4467731_ext_100-300_int_140_off_10_percentage_43_position_91-140 genomicbackground,1430,2,1430_2
query_1431,0,genomicbackground,0,genomicbackground,0.000619156111497432,1431_2_RF01056_2_NC_000913.3_4467215-4467731_ext_100-300_int_140_off_15_percentage_47_position_86-140 genomicbackground,1431,2,1431_2
query_1432,0,genomicbackground,0,genomicbackground,0.0005643685581162572,1432_2_RF01056_2_NC_000913.3_4467215-4467731_ext_100-300_int_140_off_20_percentage_52_position_81-140 genomicbackground,1432,2,1432_2
query_1433,0,genomicbackground,0,genomicbackground,0.0005306104430928826,1433_2_RF01056_2_NC_000913.3_4467215-4467731_ext_100-300_int_140_off_25_percentage_56_position_76-140 genomicbackground,1433,2,1433_2
query_1434,0,genomicbackground,0,genomicbackground,0.00079107447527349,1434_2_RF01056_2_NC_000913.3_4467215-4467731_ext_100-300_int_140_off_30_percentage_60_position_71-140 genomicbackground,1434,2,1434_2
query_1435,0,genomicbackground,0,genomicbackground,0.0007698720437474549,1435_2_RF01056_2_NC_000913.3_4467215-4467731_ext_100-300_int_140_off_35_percentage_65_position_66-140 genomicbackground,1435,2,1435_2
query_1436,0,genomicbackground,0,genomicbackground,0.000737688154913485,1436_2_RF01056_2_NC_000913.3_4467215-4467731_ext_100-300_int_140_off_40_percentage_69_position_61-140 genomicbackground,1436,2,1436_2
query_1437,0,genomicbackground,0,genomicbackground,0.000833375786896795,1437_2_RF01056_2_NC_000913.3_4467215-4467731_ext_100-300_int_140_off_45_percentage_73_position_56-140 genomicbackground,1437,2,1437_2
query_1438,1,riboswitch,0,genomicbackground,0.0009382360731251538,1438_2_RF01056_2_NC_000913.3_4467215-4467731_ext_100-300_int_140_off_50_percentage_78_position_51-140 riboswitch,1438,2,1438_2
query_1439,1,riboswitch,0,genomicbackground,0.022031156346201897,1439_2_RF01056_2_NC_000913.3_4467215-4467731_ext_100-300_int_140_off_55_percentage_82_position_46-140 riboswitch,1439,2,1439_2
query_1440,1,riboswitch,1,riboswitch,0.7568259835243225,1440_2_RF01056_2_NC_000913.3_4467215-4467731_ext_100-300_int_140_off_60_percentage_86_position_41-140 riboswitch,1440,2,1440_2
query_1441,0,genomicbackground,0,genomicbackground,0.0004747766361106187,1441_2_RF01056_2_NC_000913.3_4467215-4467731_ext_100-300_int_145_off_0_percentage_39_position_101-145 genomicbackground,1441,2,1441_2
query_1442,0,genomicbackground,0,genomicbackground,0.00043436253326945007,1442_2_RF01056_2_NC_000913.3_4467215-4467731_ext_100-300_int_145_off_5_percentage_43_position_96-145 genomicbackground,1442,2,1442_2
query_1443,0,genomicbackground,0,genomicbackground,0.000653548922855407,1443_2_RF01056_2_NC_000913.3_4467215-4467731_ext_100-300_int_145_off_10_percentage_47_position_91-145 genomicbackground,1443,2,1443_2
query_1444,0,genomicbackground,0,genomicbackground,0.0005647736834362149,1444_2_RF01056_2_NC_000913.3_4467215-4467731_ext_100-300_int_145_off_15_percentage_52_position_86-145 genomicbackground,1444,2,1444_2
query_1445,0,genomicbackground,0,genomicbackground,0.0005415509804151952,1445_2_RF01056_2_NC_000913.3_4467215-4467731_ext_100-300_int_145_off_20_percentage_56_position_81-145 genomicbackground,1445,2,1445_2
query_1446,0,genomicbackground,0,genomicbackground,0.0007646300946362317,1446_2_RF01056_2_NC_000913.3_4467215-4467731_ext_100-300_int_145_off_25_percentage_60_position_76-145 genomicbackground,1446,2,1446_2
query_1447,0,genomicbackground,0,genomicbackground,0.0007727363263256848,1447_2_RF01056_2_NC_000913.3_4467215-4467731_ext_100-300_int_145_off_30_percentage_65_position_71-145 genomicbackground,1447,2,1447_2
query_1448,0,genomicbackground,0,genomicbackground,0.0008095323573797941,1448_2_RF01056_2_NC_000913.3_4467215-4467731_ext_100-300_int_145_off_35_percentage_69_position_66-145 genomicbackground,1448,2,1448_2
query_1449,0,genomicbackground,0,genomicbackground,0.0007086903206072748,1449_2_RF01056_2_NC_000913.3_4467215-4467731_ext_100-300_int_145_off_40_percentage_73_position_61-145 genomicbackground,1449,2,1449_2
query_1450,1,riboswitch,0,genomicbackground,0.0009109567035920918,1450_2_RF01056_2_NC_000913.3_4467215-4467731_ext_100-300_int_145_off_45_percentage_78_position_56-145 riboswitch,1450,2,1450_2
query_1451,1,riboswitch,0,genomicbackground,0.0007683090516366065,1451_2_RF01056_2_NC_000913.3_4467215-4467731_ext_100-300_int_145_off_50_percentage_82_position_51-145 riboswitch,1451,2,1451_2
query_1452,1,riboswitch,0,genomicbackground,0.05794551596045494,1452_2_RF01056_2_NC_000913.3_4467215-4467731_ext_100-300_int_145_off_55_percentage_86_position_46-145 riboswitch,1452,2,1452_2
query_1453,0,genomicbackground,0,genomicbackground,0.0005012142355553806,1453_2_RF01056_2_NC_000913.3_4467215-4467731_ext_100-300_int_150_off_0_percentage_43_position_101-150 genomicbackground,1453,2,1453_2
query_1454,0,genomicbackground,0,genomicbackground,0.0006712574395351112,1454_2_RF01056_2_NC_000913.3_4467215-4467731_ext_100-300_int_150_off_5_percentage_47_position_96-150 genomicbackground,1454,2,1454_2
query_1455,0,genomicbackground,0,genomicbackground,0.0005842024693265557,1455_2_RF01056_2_NC_000913.3_4467215-4467731_ext_100-300_int_150_off_10_percentage_52_position_91-150 genomicbackground,1455,2,1455_2
query_1456,0,genomicbackground,0,genomicbackground,0.0005668235826306045,1456_2_RF01056_2_NC_000913.3_4467215-4467731_ext_100-300_int_150_off_15_percentage_56_position_86-150 genomicbackground,1456,2,1456_2
query_1457,0,genomicbackground,0,genomicbackground,0.0007884203223511577,1457_2_RF01056_2_NC_000913.3_4467215-4467731_ext_100-300_int_150_off_20_percentage_60_position_81-150 genomicbackground,1457,2,1457_2
query_1458,0,genomicbackground,0,genomicbackground,0.0007514074677601457,1458_2_RF01056_2_NC_000913.3_4467215-4467731_ext_100-300_int_150_off_25_percentage_65_position_76-150 genomicbackground,1458,2,1458_2
query_1459,0,genomicbackground,0,genomicbackground,0.0008243059273809195,1459_2_RF01056_2_NC_000913.3_4467215-4467731_ext_100-300_int_150_off_30_percentage_69_position_71-150 genomicbackground,1459,2,1459_2
query_1460,0,genomicbackground,0,genomicbackground,0.0007742777233943343,1460_2_RF01056_2_NC_000913.3_4467215-4467731_ext_100-300_int_150_off_35_percentage_73_position_66-150 genomicbackground,1460,2,1460_2
query_1461,1,riboswitch,0,genomicbackground,0.0007012880523689091,1461_2_RF01056_2_NC_000913.3_4467215-4467731_ext_100-300_int_150_off_40_percentage_78_position_61-150 riboswitch,1461,2,1461_2
query_1462,1,riboswitch,0,genomicbackground,0.0007926724501885474,1462_2_RF01056_2_NC_000913.3_4467215-4467731_ext_100-300_int_150_off_45_percentage_82_position_56-150 riboswitch,1462,2,1462_2
query_1463,1,riboswitch,0,genomicbackground,0.015363059937953949,1463_2_RF01056_2_NC_000913.3_4467215-4467731_ext_100-300_int_150_off_50_percentage_86_position_51-150 riboswitch,1463,2,1463_2
query_1464,0,genomicbackground,0,genomicbackground,0.0007384796626865864,1464_2_RF01056_2_NC_000913.3_4467215-4467731_ext_100-300_int_155_off_0_percentage_47_position_101-155 genomicbackground,1464,2,1464_2
query_1465,0,genomicbackground,0,genomicbackground,0.0005922718555666506,1465_2_RF01056_2_NC_000913.3_4467215-4467731_ext_100-300_int_155_off_5_percentage_52_position_96-155 genomicbackground,1465,2,1465_2
query_1466,0,genomicbackground,0,genomicbackground,0.0005077849491499364,1466_2_RF01056_2_NC_000913.3_4467215-4467731_ext_100-300_int_155_off_10_percentage_56_position_91-155 genomicbackground,1466,2,1466_2
query_1467,0,genomicbackground,0,genomicbackground,0.0007934196619316936,1467_2_RF01056_2_NC_000913.3_4467215-4467731_ext_100-300_int_155_off_15_percentage_60_position_86-155 genomicbackground,1467,2,1467_2
query_1468,0,genomicbackground,0,genomicbackground,0.0007765990449115634,1468_2_RF01056_2_NC_000913.3_4467215-4467731_ext_100-300_int_155_off_20_percentage_65_position_81-155 genomicbackground,1468,2,1468_2
query_1469,0,genomicbackground,0,genomicbackground,0.0007986228447407484,1469_2_RF01056_2_NC_000913.3_4467215-4467731_ext_100-300_int_155_off_25_percentage_69_position_76-155 genomicbackground,1469,2,1469_2
query_1470,0,genomicbackground,0,genomicbackground,0.0007803694461472332,1470_2_RF01056_2_NC_000913.3_4467215-4467731_ext_100-300_int_155_off_30_percentage_73_position_71-155 genomicbackground,1470,2,1470_2
query_1471,1,riboswitch,0,genomicbackground,0.0006525169592350721,1471_2_RF01056_2_NC_000913.3_4467215-4467731_ext_100-300_int_155_off_35_percentage_78_position_66-155 riboswitch,1471,2,1471_2
query_1472,1,riboswitch,0,genomicbackground,0.0006598690524697304,1472_2_RF01056_2_NC_000913.3_4467215-4467731_ext_100-300_int_155_off_40_percentage_82_position_61-155 riboswitch,1472,2,1472_2
query_1473,1,riboswitch,0,genomicbackground,0.005888024345040321,1473_2_RF01056_2_NC_000913.3_4467215-4467731_ext_100-300_int_155_off_45_percentage_86_position_56-155 riboswitch,1473,2,1473_2
query_1474,0,genomicbackground,0,genomicbackground,0.0006061556050553918,1474_2_RF01056_2_NC_000913.3_4467215-4467731_ext_100-300_int_160_off_0_percentage_52_position_101-160 genomicbackground,1474,2,1474_2
query_1475,0,genomicbackground,0,genomicbackground,0.0005285402876324952,1475_2_RF01056_2_NC_000913.3_4467215-4467731_ext_100-300_int_160_off_5_percentage_56_position_96-160 genomicbackground,1475,2,1475_2
query_1476,0,genomicbackground,0,genomicbackground,0.0006812968058511615,1476_2_RF01056_2_NC_000913.3_4467215-4467731_ext_100-300_int_160_off_10_percentage_60_position_91-160 genomicbackground,1476,2,1476_2
query_1477,0,genomicbackground,0,genomicbackground,0.0008757836767472327,1477_2_RF01056_2_NC_000913.3_4467215-4467731_ext_100-300_int_160_off_15_percentage_65_position_86-160 genomicbackground,1477,2,1477_2
query_1478,0,genomicbackground,0,genomicbackground,0.0008336559985764325,1478_2_RF01056_2_NC_000913.3_4467215-4467731_ext_100-300_int_160_off_20_percentage_69_position_81-160 genomicbackground,1478,2,1478_2
query_1479,0,genomicbackground,0,genomicbackground,0.0007590936729684472,1479_2_RF01056_2_NC_000913.3_4467215-4467731_ext_100-300_int_160_off_25_percentage_73_position_76-160 genomicbackground,1479,2,1479_2
query_1480,1,riboswitch,0,genomicbackground,0.000838960986584425,1480_2_RF01056_2_NC_000913.3_4467215-4467731_ext_100-300_int_160_off_30_percentage_78_position_71-160 riboswitch,1480,2,1480_2
query_1481,1,riboswitch,0,genomicbackground,0.0007142122485674918,1481_2_RF01056_2_NC_000913.3_4467215-4467731_ext_100-300_int_160_off_35_percentage_82_position_66-160 riboswitch,1481,2,1481_2
query_1482,1,riboswitch,0,genomicbackground,0.0010004066862165928,1482_2_RF01056_2_NC_000913.3_4467215-4467731_ext_100-300_int_160_off_40_percentage_86_position_61-160 riboswitch,1482,2,1482_2
query_1483,0,genomicbackground,0,genomicbackground,0.0005437968065962195,1483_2_RF01056_2_NC_000913.3_4467215-4467731_ext_100-300_int_165_off_0_percentage_56_position_101-165 genomicbackground,1483,2,1483_2
query_1484,0,genomicbackground,0,genomicbackground,0.0007181884138844907,1484_2_RF01056_2_NC_000913.3_4467215-4467731_ext_100-300_int_165_off_5_percentage_60_position_96-165 genomicbackground,1484,2,1484_2
query_1485,0,genomicbackground,0,genomicbackground,0.0006789840990677476,1485_2_RF01056_2_NC_000913.3_4467215-4467731_ext_100-300_int_165_off_10_percentage_65_position_91-165 genomicbackground,1485,2,1485_2
query_1486,0,genomicbackground,0,genomicbackground,0.0009630175773054361,1486_2_RF01056_2_NC_000913.3_4467215-4467731_ext_100-300_int_165_off_15_percentage_69_position_86-165 genomicbackground,1486,2,1486_2
query_1487,0,genomicbackground,0,genomicbackground,0.0007937296177260578,1487_2_RF01056_2_NC_000913.3_4467215-4467731_ext_100-300_int_165_off_20_percentage_73_position_81-165 genomicbackground,1487,2,1487_2
query_1488,1,riboswitch,0,genomicbackground,0.0008064055000431836,1488_2_RF01056_2_NC_000913.3_4467215-4467731_ext_100-300_int_165_off_25_percentage_78_position_76-165 riboswitch,1488,2,1488_2
query_1489,1,riboswitch,0,genomicbackground,0.0006160935154184699,1489_2_RF01056_2_NC_000913.3_4467215-4467731_ext_100-300_int_165_off_30_percentage_82_position_71-165 riboswitch,1489,2,1489_2
query_1490,1,riboswitch,0,genomicbackground,0.0007666815654374659,1490_2_RF01056_2_NC_000913.3_4467215-4467731_ext_100-300_int_165_off_35_percentage_86_position_66-165 riboswitch,1490,2,1490_2
query_1491,0,genomicbackground,0,genomicbackground,0.0009133854764513671,1491_2_RF01056_2_NC_000913.3_4467215-4467731_ext_100-300_int_170_off_0_percentage_60_position_101-170 genomicbackground,1491,2,1491_2
query_1492,0,genomicbackground,0,genomicbackground,0.00075094576459378,1492_2_RF01056_2_NC_000913.3_4467215-4467731_ext_100-300_int_170_off_5_percentage_65_position_96-170 genomicbackground,1492,2,1492_2
query_1493,0,genomicbackground,0,genomicbackground,0.0007236818200908601,1493_2_RF01056_2_NC_000913.3_4467215-4467731_ext_100-300_int_170_off_10_percentage_69_position_91-170 genomicbackground,1493,2,1493_2
query_1494,0,genomicbackground,0,genomicbackground,0.0007999762310646474,1494_2_RF01056_2_NC_000913.3_4467215-4467731_ext_100-300_int_170_off_15_percentage_73_position_86-170 genomicbackground,1494,2,1494_2
query_1495,1,riboswitch,0,genomicbackground,0.0008563426090404391,1495_2_RF01056_2_NC_000913.3_4467215-4467731_ext_100-300_int_170_off_20_percentage_78_position_81-170 riboswitch,1495,2,1495_2
query_1496,1,riboswitch,0,genomicbackground,0.0006032442324794829,1496_2_RF01056_2_NC_000913.3_4467215-4467731_ext_100-300_int_170_off_25_percentage_82_position_76-170 riboswitch,1496,2,1496_2
query_1497,1,riboswitch,0,genomicbackground,0.0008181454613804817,1497_2_RF01056_2_NC_000913.3_4467215-4467731_ext_100-300_int_170_off_30_percentage_86_position_71-170 riboswitch,1497,2,1497_2
query_1498,0,genomicbackground,0,genomicbackground,0.0008204750483855605,1498_2_RF01056_2_NC_000913.3_4467215-4467731_ext_100-300_int_175_off_0_percentage_65_position_101-175 genomicbackground,1498,2,1498_2
query_1499,0,genomicbackground,0,genomicbackground,0.0008806493133306503,1499_2_RF01056_2_NC_000913.3_4467215-4467731_ext_100-300_int_175_off_5_percentage_69_position_96-175 genomicbackground,1499,2,1499_2
query_1500,0,genomicbackground,0,genomicbackground,0.0006970543181523681,1500_2_RF01056_2_NC_000913.3_4467215-4467731_ext_100-300_int_175_off_10_percentage_73_position_91-175 genomicbackground,1500,2,1500_2
query_1501,1,riboswitch,0,genomicbackground,0.0008684227359481156,1501_2_RF01056_2_NC_000913.3_4467215-4467731_ext_100-300_int_175_off_15_percentage_78_position_86-175 riboswitch,1501,2,1501_2
query_1502,1,riboswitch,0,genomicbackground,0.0006470223888754845,1502_2_RF01056_2_NC_000913.3_4467215-4467731_ext_100-300_int_175_off_20_percentage_82_position_81-175 riboswitch,1502,2,1502_2
query_1503,1,riboswitch,0,genomicbackground,0.0008364999084733427,1503_2_RF01056_2_NC_000913.3_4467215-4467731_ext_100-300_int_175_off_25_percentage_86_position_76-175 riboswitch,1503,2,1503_2
query_1504,0,genomicbackground,0,genomicbackground,0.0009832901414483786,1504_2_RF01056_2_NC_000913.3_4467215-4467731_ext_100-300_int_180_off_0_percentage_69_position_101-180 genomicbackground,1504,2,1504_2
query_1505,0,genomicbackground,0,genomicbackground,0.0008464539423584938,1505_2_RF01056_2_NC_000913.3_4467215-4467731_ext_100-300_int_180_off_5_percentage_73_position_96-180 genomicbackground,1505,2,1505_2
query_1506,1,riboswitch,0,genomicbackground,0.0007617083028890193,1506_2_RF01056_2_NC_000913.3_4467215-4467731_ext_100-300_int_180_off_10_percentage_78_position_91-180 riboswitch,1506,2,1506_2
query_1507,1,riboswitch,0,genomicbackground,0.0007044216617941856,1507_2_RF01056_2_NC_000913.3_4467215-4467731_ext_100-300_int_180_off_15_percentage_82_position_86-180 riboswitch,1507,2,1507_2
query_1508,1,riboswitch,0,genomicbackground,0.0009590765694156289,1508_2_RF01056_2_NC_000913.3_4467215-4467731_ext_100-300_int_180_off_20_percentage_86_position_81-180 riboswitch,1508,2,1508_2
query_1509,0,genomicbackground,0,genomicbackground,0.0010607494041323662,1509_2_RF01056_2_NC_000913.3_4467215-4467731_ext_100-300_int_185_off_0_percentage_73_position_101-185 genomicbackground,1509,2,1509_2
query_1510,1,riboswitch,0,genomicbackground,0.0011798097984865308,1510_2_RF01056_2_NC_000913.3_4467215-4467731_ext_100-300_int_185_off_5_percentage_78_position_96-185 riboswitch,1510,2,1510_2
query_1511,1,riboswitch,0,genomicbackground,0.0009021990117616951,1511_2_RF01056_2_NC_000913.3_4467215-4467731_ext_100-300_int_185_off_10_percentage_82_position_91-185 riboswitch,1511,2,1511_2
query_1512,1,riboswitch,0,genomicbackground,0.0010129346046596766,1512_2_RF01056_2_NC_000913.3_4467215-4467731_ext_100-300_int_185_off_15_percentage_86_position_86-185 riboswitch,1512,2,1512_2
query_1513,1,riboswitch,0,genomicbackground,0.0013896558666601777,1513_2_RF01056_2_NC_000913.3_4467215-4467731_ext_100-300_int_190_off_0_percentage_78_position_101-190 riboswitch,1513,2,1513_2
query_1514,1,riboswitch,0,genomicbackground,0.0009803990833461285,1514_2_RF01056_2_NC_000913.3_4467215-4467731_ext_100-300_int_190_off_5_percentage_82_position_96-190 riboswitch,1514,2,1514_2
query_1515,1,riboswitch,0,genomicbackground,0.0008950798655860126,1515_2_RF01056_2_NC_000913.3_4467215-4467731_ext_100-300_int_190_off_10_percentage_86_position_91-190 riboswitch,1515,2,1515_2
query_1516,1,riboswitch,0,genomicbackground,0.0013469732366502285,1516_2_RF01056_2_NC_000913.3_4467215-4467731_ext_100-300_int_195_off_0_percentage_82_position_101-195 riboswitch,1516,2,1516_2
query_1517,1,riboswitch,0,genomicbackground,0.0020394599996507168,1517_2_RF01056_2_NC_000913.3_4467215-4467731_ext_100-300_int_195_off_5_percentage_86_position_96-195 riboswitch,1517,2,1517_2
query_1518,1,riboswitch,0,genomicbackground,0.003567822277545929,1518_2_RF01056_2_NC_000913.3_4467215-4467731_ext_100-300_int_200_off_0_percentage_86_position_101-200 riboswitch,1518,2,1518_2
query_1519,0,genomicbackground,0,genomicbackground,0.0003796568780671805,1519_2_RF01056_2_NC_000913.3_4467215-4467731_ext_120-320_int_95_off_0_percentage_13_position_81-95 genomicbackground,1519,2,1519_2
query_1520,0,genomicbackground,0,genomicbackground,0.002566947601735592,1520_2_RF01056_2_NC_000913.3_4467215-4467731_ext_120-320_int_95_off_5_percentage_17_position_76-95 genomicbackground,1520,2,1520_2
query_1521,0,genomicbackground,0,genomicbackground,0.00036089782952331007,1521_2_RF01056_2_NC_000913.3_4467215-4467731_ext_120-320_int_95_off_10_percentage_22_position_71-95 genomicbackground,1521,2,1521_2
query_1522,0,genomicbackground,0,genomicbackground,0.00057652173563838,1522_2_RF01056_2_NC_000913.3_4467215-4467731_ext_120-320_int_95_off_15_percentage_26_position_66-95 genomicbackground,1522,2,1522_2
query_1523,0,genomicbackground,0,genomicbackground,0.0004815740103367716,1523_2_RF01056_2_NC_000913.3_4467215-4467731_ext_120-320_int_95_off_20_percentage_30_position_61-95 genomicbackground,1523,2,1523_2
query_1524,0,genomicbackground,0,genomicbackground,0.0005004710401408374,1524_2_RF01056_2_NC_000913.3_4467215-4467731_ext_120-320_int_95_off_25_percentage_34_position_56-95 genomicbackground,1524,2,1524_2
query_1525,0,genomicbackground,0,genomicbackground,0.0005447378498502076,1525_2_RF01056_2_NC_000913.3_4467215-4467731_ext_120-320_int_95_off_30_percentage_39_position_51-95 genomicbackground,1525,2,1525_2
query_1526,0,genomicbackground,0,genomicbackground,0.01587821915745735,1526_2_RF01056_2_NC_000913.3_4467215-4467731_ext_120-320_int_95_off_35_percentage_43_position_46-95 genomicbackground,1526,2,1526_2
query_1527,0,genomicbackground,1,riboswitch,0.6488462686538696,1527_2_RF01056_2_NC_000913.3_4467215-4467731_ext_120-320_int_95_off_40_percentage_47_position_41-95 genomicbackground,1527,2,1527_2
query_1528,0,genomicbackground,1,riboswitch,0.9321939945220947,1528_2_RF01056_2_NC_000913.3_4467215-4467731_ext_120-320_int_95_off_45_percentage_52_position_36-95 genomicbackground,1528,2,1528_2
query_1529,0,genomicbackground,0,genomicbackground,0.17834782600402832,1529_2_RF01056_2_NC_000913.3_4467215-4467731_ext_120-320_int_95_off_50_percentage_56_position_31-95 genomicbackground,1529,2,1529_2
query_1530,0,genomicbackground,1,riboswitch,0.874914824962616,1530_2_RF01056_2_NC_000913.3_4467215-4467731_ext_120-320_int_95_off_55_percentage_60_position_26-95 genomicbackground,1530,2,1530_2
query_1531,0,genomicbackground,1,riboswitch,0.9848614931106567,1531_2_RF01056_2_NC_000913.3_4467215-4467731_ext_120-320_int_95_off_60_percentage_65_position_21-95 genomicbackground,1531,2,1531_2
query_1532,0,genomicbackground,1,riboswitch,0.9907662868499756,1532_2_RF01056_2_NC_000913.3_4467215-4467731_ext_120-320_int_95_off_65_percentage_69_position_16-95 genomicbackground,1532,2,1532_2
query_1533,0,genomicbackground,1,riboswitch,0.9940949082374573,1533_2_RF01056_2_NC_000913.3_4467215-4467731_ext_120-320_int_95_off_70_percentage_73_position_11-95 genomicbackground,1533,2,1533_2
query_1534,1,riboswitch,1,riboswitch,0.99591463804245,1534_2_RF01056_2_NC_000913.3_4467215-4467731_ext_120-320_int_95_off_75_percentage_78_position_6-95 riboswitch,1534,2,1534_2
query_1535,1,riboswitch,1,riboswitch,0.984495997428894,1535_2_RF01056_2_NC_000913.3_4467215-4467731_ext_120-320_int_95_off_80_percentage_82_position_1-95 riboswitch,1535,2,1535_2
query_1536,1,riboswitch,1,riboswitch,0.9984710812568665,1536_2_RF01056_2_NC_000913.3_4467215-4467731_ext_120-320_int_95_off_85_percentage_82_position_1-95 riboswitch,1536,2,1536_2
query_1537,1,riboswitch,1,riboswitch,0.9881541728973389,1537_2_RF01056_2_NC_000913.3_4467215-4467731_ext_120-320_int_95_off_90_percentage_82_position_1-95 riboswitch,1537,2,1537_2
query_1538,1,riboswitch,1,riboswitch,0.9974029064178467,1538_2_RF01056_2_NC_000913.3_4467215-4467731_ext_120-320_int_95_off_95_percentage_82_position_1-95 riboswitch,1538,2,1538_2
query_1539,1,riboswitch,1,riboswitch,0.9918088316917419,1539_2_RF01056_2_NC_000913.3_4467215-4467731_ext_120-320_int_95_off_100_percentage_82_position_1-95 riboswitch,1539,2,1539_2
query_1540,1,riboswitch,1,riboswitch,0.9813568592071533,1540_2_RF01056_2_NC_000913.3_4467215-4467731_ext_120-320_int_95_off_105_percentage_78_position_1-91 riboswitch,1540,2,1540_2
query_1541,0,genomicbackground,0,genomicbackground,0.015875916928052902,1541_2_RF01056_2_NC_000913.3_4467215-4467731_ext_120-320_int_100_off_0_percentage_17_position_81-100 genomicbackground,1541,2,1541_2
query_1542,0,genomicbackground,0,genomicbackground,0.000391926325391978,1542_2_RF01056_2_NC_000913.3_4467215-4467731_ext_120-320_int_100_off_5_percentage_22_position_76-100 genomicbackground,1542,2,1542_2
query_1543,0,genomicbackground,0,genomicbackground,0.00041351953404955566,1543_2_RF01056_2_NC_000913.3_4467215-4467731_ext_120-320_int_100_off_10_percentage_26_position_71-100 genomicbackground,1543,2,1543_2
query_1544,0,genomicbackground,0,genomicbackground,0.0005876442883163691,1544_2_RF01056_2_NC_000913.3_4467215-4467731_ext_120-320_int_100_off_15_percentage_30_position_66-100 genomicbackground,1544,2,1544_2
query_1545,0,genomicbackground,0,genomicbackground,0.0004421730409376323,1545_2_RF01056_2_NC_000913.3_4467215-4467731_ext_120-320_int_100_off_20_percentage_34_position_61-100 genomicbackground,1545,2,1545_2
query_1546,0,genomicbackground,0,genomicbackground,0.0005511303897947073,1546_2_RF01056_2_NC_000913.3_4467215-4467731_ext_120-320_int_100_off_25_percentage_39_position_56-100 genomicbackground,1546,2,1546_2
query_1547,0,genomicbackground,0,genomicbackground,0.0005975613021291792,1547_2_RF01056_2_NC_000913.3_4467215-4467731_ext_120-320_int_100_off_30_percentage_43_position_51-100 genomicbackground,1547,2,1547_2
query_1548,0,genomicbackground,0,genomicbackground,0.03154333308339119,1548_2_RF01056_2_NC_000913.3_4467215-4467731_ext_120-320_int_100_off_35_percentage_47_position_46-100 genomicbackground,1548,2,1548_2
query_1549,0,genomicbackground,0,genomicbackground,0.25036343932151794,1549_2_RF01056_2_NC_000913.3_4467215-4467731_ext_120-320_int_100_off_40_percentage_52_position_41-100 genomicbackground,1549,2,1549_2
query_1550,0,genomicbackground,0,genomicbackground,0.28866592049598694,1550_2_RF01056_2_NC_000913.3_4467215-4467731_ext_120-320_int_100_off_45_percentage_56_position_36-100 genomicbackground,1550,2,1550_2
query_1551,0,genomicbackground,1,riboswitch,0.8147590756416321,1551_2_RF01056_2_NC_000913.3_4467215-4467731_ext_120-320_int_100_off_50_percentage_60_position_31-100 genomicbackground,1551,2,1551_2
query_1552,0,genomicbackground,1,riboswitch,0.9567179083824158,1552_2_RF01056_2_NC_000913.3_4467215-4467731_ext_120-320_int_100_off_55_percentage_65_position_26-100 genomicbackground,1552,2,1552_2
query_1553,0,genomicbackground,1,riboswitch,0.9878193140029907,1553_2_RF01056_2_NC_000913.3_4467215-4467731_ext_120-320_int_100_off_60_percentage_69_position_21-100 genomicbackground,1553,2,1553_2
query_1554,0,genomicbackground,1,riboswitch,0.9878465533256531,1554_2_RF01056_2_NC_000913.3_4467215-4467731_ext_120-320_int_100_off_65_percentage_73_position_16-100 genomicbackground,1554,2,1554_2
query_1555,1,riboswitch,1,riboswitch,0.9958063364028931,1555_2_RF01056_2_NC_000913.3_4467215-4467731_ext_120-320_int_100_off_70_percentage_78_position_11-100 riboswitch,1555,2,1555_2
query_1556,1,riboswitch,1,riboswitch,0.9744932055473328,1556_2_RF01056_2_NC_000913.3_4467215-4467731_ext_120-320_int_100_off_75_percentage_82_position_6-100 riboswitch,1556,2,1556_2
query_1557,1,riboswitch,1,riboswitch,0.9934584498405457,1557_2_RF01056_2_NC_000913.3_4467215-4467731_ext_120-320_int_100_off_80_percentage_86_position_1-100 riboswitch,1557,2,1557_2
query_1558,1,riboswitch,1,riboswitch,0.9885733127593994,1558_2_RF01056_2_NC_000913.3_4467215-4467731_ext_120-320_int_100_off_85_percentage_86_position_1-100 riboswitch,1558,2,1558_2
query_1559,1,riboswitch,1,riboswitch,0.9940359592437744,1559_2_RF01056_2_NC_000913.3_4467215-4467731_ext_120-320_int_100_off_90_percentage_86_position_1-100 riboswitch,1559,2,1559_2
query_1560,1,riboswitch,1,riboswitch,0.9973911643028259,1560_2_RF01056_2_NC_000913.3_4467215-4467731_ext_120-320_int_100_off_95_percentage_86_position_1-100 riboswitch,1560,2,1560_2
query_1561,1,riboswitch,1,riboswitch,0.9909451007843018,1561_2_RF01056_2_NC_000913.3_4467215-4467731_ext_120-320_int_100_off_100_percentage_83_position_1-96 riboswitch,1561,2,1561_2
query_1562,0,genomicbackground,0,genomicbackground,0.00042691791895776987,1562_2_RF01056_2_NC_000913.3_4467215-4467731_ext_120-320_int_105_off_0_percentage_22_position_81-105 genomicbackground,1562,2,1562_2
query_1563,0,genomicbackground,0,genomicbackground,0.00041999926907010376,1563_2_RF01056_2_NC_000913.3_4467215-4467731_ext_120-320_int_105_off_5_percentage_26_position_76-105 genomicbackground,1563,2,1563_2
query_1564,0,genomicbackground,0,genomicbackground,0.00043490491225384176,1564_2_RF01056_2_NC_000913.3_4467215-4467731_ext_120-320_int_105_off_10_percentage_30_position_71-105 genomicbackground,1564,2,1564_2
query_1565,0,genomicbackground,0,genomicbackground,0.0005413800827227533,1565_2_RF01056_2_NC_000913.3_4467215-4467731_ext_120-320_int_105_off_15_percentage_34_position_66-105 genomicbackground,1565,2,1565_2
query_1566,0,genomicbackground,0,genomicbackground,0.0004839877365157008,1566_2_RF01056_2_NC_000913.3_4467215-4467731_ext_120-320_int_105_off_20_percentage_39_position_61-105 genomicbackground,1566,2,1566_2
query_1567,0,genomicbackground,0,genomicbackground,0.0005915419897064567,1567_2_RF01056_2_NC_000913.3_4467215-4467731_ext_120-320_int_105_off_25_percentage_43_position_56-105 genomicbackground,1567,2,1567_2
query_1568,0,genomicbackground,0,genomicbackground,0.0008308676769956946,1568_2_RF01056_2_NC_000913.3_4467215-4467731_ext_120-320_int_105_off_30_percentage_47_position_51-105 genomicbackground,1568,2,1568_2
query_1569,0,genomicbackground,0,genomicbackground,0.027626674622297287,1569_2_RF01056_2_NC_000913.3_4467215-4467731_ext_120-320_int_105_off_35_percentage_52_position_46-105 genomicbackground,1569,2,1569_2
query_1570,0,genomicbackground,0,genomicbackground,0.03937867283821106,1570_2_RF01056_2_NC_000913.3_4467215-4467731_ext_120-320_int_105_off_40_percentage_56_position_41-105 genomicbackground,1570,2,1570_2
query_1571,0,genomicbackground,1,riboswitch,0.8640634417533875,1571_2_RF01056_2_NC_000913.3_4467215-4467731_ext_120-320_int_105_off_45_percentage_60_position_36-105 genomicbackground,1571,2,1571_2
query_1572,0,genomicbackground,1,riboswitch,0.9412331581115723,1572_2_RF01056_2_NC_000913.3_4467215-4467731_ext_120-320_int_105_off_50_percentage_65_position_31-105 genomicbackground,1572,2,1572_2
query_1573,0,genomicbackground,1,riboswitch,0.9706266522407532,1573_2_RF01056_2_NC_000913.3_4467215-4467731_ext_120-320_int_105_off_55_percentage_69_position_26-105 genomicbackground,1573,2,1573_2
query_1574,0,genomicbackground,1,riboswitch,0.9820317029953003,1574_2_RF01056_2_NC_000913.3_4467215-4467731_ext_120-320_int_105_off_60_percentage_73_position_21-105 genomicbackground,1574,2,1574_2
query_1575,1,riboswitch,1,riboswitch,0.9947863817214966,1575_2_RF01056_2_NC_000913.3_4467215-4467731_ext_120-320_int_105_off_65_percentage_78_position_16-105 riboswitch,1575,2,1575_2
query_1576,1,riboswitch,1,riboswitch,0.9614511132240295,1576_2_RF01056_2_NC_000913.3_4467215-4467731_ext_120-320_int_105_off_70_percentage_82_position_11-105 riboswitch,1576,2,1576_2
query_1577,1,riboswitch,1,riboswitch,0.9926902651786804,1577_2_RF01056_2_NC_000913.3_4467215-4467731_ext_120-320_int_105_off_75_percentage_86_position_6-105 riboswitch,1577,2,1577_2
query_1578,1,riboswitch,1,riboswitch,0.9907317757606506,1578_2_RF01056_2_NC_000913.3_4467215-4467731_ext_120-320_int_105_off_80_percentage_91_position_1-105 riboswitch,1578,2,1578_2
query_1579,1,riboswitch,1,riboswitch,0.9982900023460388,1579_2_RF01056_2_NC_000913.3_4467215-4467731_ext_120-320_int_105_off_85_percentage_91_position_1-105 riboswitch,1579,2,1579_2
query_1580,1,riboswitch,1,riboswitch,0.9942027926445007,1580_2_RF01056_2_NC_000913.3_4467215-4467731_ext_120-320_int_105_off_90_percentage_91_position_1-105 riboswitch,1580,2,1580_2
query_1581,1,riboswitch,1,riboswitch,0.9973005652427673,1581_2_RF01056_2_NC_000913.3_4467215-4467731_ext_120-320_int_105_off_95_percentage_87_position_1-101 riboswitch,1581,2,1581_2
query_1582,0,genomicbackground,0,genomicbackground,0.00045356180635280907,1582_2_RF01056_2_NC_000913.3_4467215-4467731_ext_120-320_int_110_off_0_percentage_26_position_81-110 genomicbackground,1582,2,1582_2
query_1583,0,genomicbackground,0,genomicbackground,0.0004407897649798542,1583_2_RF01056_2_NC_000913.3_4467215-4467731_ext_120-320_int_110_off_5_percentage_30_position_76-110 genomicbackground,1583,2,1583_2
query_1584,0,genomicbackground,0,genomicbackground,0.0005755334859713912,1584_2_RF01056_2_NC_000913.3_4467215-4467731_ext_120-320_int_110_off_10_percentage_34_position_71-110 genomicbackground,1584,2,1584_2
query_1585,0,genomicbackground,0,genomicbackground,0.0005849119042977691,1585_2_RF01056_2_NC_000913.3_4467215-4467731_ext_120-320_int_110_off_15_percentage_39_position_66-110 genomicbackground,1585,2,1585_2
query_1586,0,genomicbackground,0,genomicbackground,0.0005187693750485778,1586_2_RF01056_2_NC_000913.3_4467215-4467731_ext_120-320_int_110_off_20_percentage_43_position_61-110 genomicbackground,1586,2,1586_2
query_1587,0,genomicbackground,0,genomicbackground,0.0007919032359495759,1587_2_RF01056_2_NC_000913.3_4467215-4467731_ext_120-320_int_110_off_25_percentage_47_position_56-110 genomicbackground,1587,2,1587_2
query_1588,0,genomicbackground,0,genomicbackground,0.0006883784662932158,1588_2_RF01056_2_NC_000913.3_4467215-4467731_ext_120-320_int_110_off_30_percentage_52_position_51-110 genomicbackground,1588,2,1588_2
query_1589,0,genomicbackground,0,genomicbackground,0.0006325056892819703,1589_2_RF01056_2_NC_000913.3_4467215-4467731_ext_120-320_int_110_off_35_percentage_56_position_46-110 genomicbackground,1589,2,1589_2
query_1590,0,genomicbackground,0,genomicbackground,0.21119335293769836,1590_2_RF01056_2_NC_000913.3_4467215-4467731_ext_120-320_int_110_off_40_percentage_60_position_41-110 genomicbackground,1590,2,1590_2
query_1591,0,genomicbackground,1,riboswitch,0.8572386503219604,1591_2_RF01056_2_NC_000913.3_4467215-4467731_ext_120-320_int_110_off_45_percentage_65_position_36-110 genomicbackground,1591,2,1591_2
query_1592,0,genomicbackground,1,riboswitch,0.9616268873214722,1592_2_RF01056_2_NC_000913.3_4467215-4467731_ext_120-320_int_110_off_50_percentage_69_position_31-110 genomicbackground,1592,2,1592_2
query_1593,0,genomicbackground,1,riboswitch,0.948341429233551,1593_2_RF01056_2_NC_000913.3_4467215-4467731_ext_120-320_int_110_off_55_percentage_73_position_26-110 genomicbackground,1593,2,1593_2
query_1594,1,riboswitch,1,riboswitch,0.9916157126426697,1594_2_RF01056_2_NC_000913.3_4467215-4467731_ext_120-320_int_110_off_60_percentage_78_position_21-110 riboswitch,1594,2,1594_2
query_1595,1,riboswitch,1,riboswitch,0.9112993478775024,1595_2_RF01056_2_NC_000913.3_4467215-4467731_ext_120-320_int_110_off_65_percentage_82_position_16-110 riboswitch,1595,2,1595_2
query_1596,1,riboswitch,1,riboswitch,0.9924005270004272,1596_2_RF01056_2_NC_000913.3_4467215-4467731_ext_120-320_int_110_off_70_percentage_86_position_11-110 riboswitch,1596,2,1596_2
query_1597,1,riboswitch,1,riboswitch,0.9740856289863586,1597_2_RF01056_2_NC_000913.3_4467215-4467731_ext_120-320_int_110_off_75_percentage_91_position_6-110 riboswitch,1597,2,1597_2
query_1598,1,riboswitch,1,riboswitch,0.9939212799072266,1598_2_RF01056_2_NC_000913.3_4467215-4467731_ext_120-320_int_110_off_80_percentage_95_position_1-110 riboswitch,1598,2,1598_2
query_1599,1,riboswitch,1,riboswitch,0.998290479183197,1599_2_RF01056_2_NC_000913.3_4467215-4467731_ext_120-320_int_110_off_85_percentage_95_position_1-110 riboswitch,1599,2,1599_2
query_1600,1,riboswitch,1,riboswitch,0.9925676584243774,1600_2_RF01056_2_NC_000913.3_4467215-4467731_ext_120-320_int_110_off_90_percentage_91_position_1-106 riboswitch,1600,2,1600_2
query_1601,0,genomicbackground,0,genomicbackground,0.00046576373279094696,1601_2_RF01056_2_NC_000913.3_4467215-4467731_ext_120-320_int_115_off_0_percentage_30_position_81-115 genomicbackground,1601,2,1601_2
query_1602,0,genomicbackground,0,genomicbackground,0.0004494968452490866,1602_2_RF01056_2_NC_000913.3_4467215-4467731_ext_120-320_int_115_off_5_percentage_34_position_76-115 genomicbackground,1602,2,1602_2
query_1603,0,genomicbackground,0,genomicbackground,0.0006088858935981989,1603_2_RF01056_2_NC_000913.3_4467215-4467731_ext_120-320_int_115_off_10_percentage_39_position_71-115 genomicbackground,1603,2,1603_2
query_1604,0,genomicbackground,0,genomicbackground,0.0006138110184110701,1604_2_RF01056_2_NC_000913.3_4467215-4467731_ext_120-320_int_115_off_15_percentage_43_position_66-115 genomicbackground,1604,2,1604_2
query_1605,0,genomicbackground,0,genomicbackground,0.0006544408388435841,1605_2_RF01056_2_NC_000913.3_4467215-4467731_ext_120-320_int_115_off_20_percentage_47_position_61-115 genomicbackground,1605,2,1605_2
query_1606,0,genomicbackground,0,genomicbackground,0.0006736934883520007,1606_2_RF01056_2_NC_000913.3_4467215-4467731_ext_120-320_int_115_off_25_percentage_52_position_56-115 genomicbackground,1606,2,1606_2
query_1607,0,genomicbackground,0,genomicbackground,0.0009434554376639426,1607_2_RF01056_2_NC_000913.3_4467215-4467731_ext_120-320_int_115_off_30_percentage_56_position_51-115 genomicbackground,1607,2,1607_2
query_1608,0,genomicbackground,0,genomicbackground,0.0007865923107601702,1608_2_RF01056_2_NC_000913.3_4467215-4467731_ext_120-320_int_115_off_35_percentage_60_position_46-115 genomicbackground,1608,2,1608_2
query_1609,0,genomicbackground,0,genomicbackground,0.24409647285938263,1609_2_RF01056_2_NC_000913.3_4467215-4467731_ext_120-320_int_115_off_40_percentage_65_position_41-115 genomicbackground,1609,2,1609_2
query_1610,0,genomicbackground,1,riboswitch,0.9042164087295532,1610_2_RF01056_2_NC_000913.3_4467215-4467731_ext_120-320_int_115_off_45_percentage_69_position_36-115 genomicbackground,1610,2,1610_2
query_1611,0,genomicbackground,1,riboswitch,0.9320966601371765,1611_2_RF01056_2_NC_000913.3_4467215-4467731_ext_120-320_int_115_off_50_percentage_73_position_31-115 genomicbackground,1611,2,1611_2
query_1612,1,riboswitch,1,riboswitch,0.967645525932312,1612_2_RF01056_2_NC_000913.3_4467215-4467731_ext_120-320_int_115_off_55_percentage_78_position_26-115 riboswitch,1612,2,1612_2
query_1613,1,riboswitch,1,riboswitch,0.7270244359970093,1613_2_RF01056_2_NC_000913.3_4467215-4467731_ext_120-320_int_115_off_60_percentage_82_position_21-115 riboswitch,1613,2,1613_2
query_1614,1,riboswitch,1,riboswitch,0.9763047695159912,1614_2_RF01056_2_NC_000913.3_4467215-4467731_ext_120-320_int_115_off_65_percentage_86_position_16-115 riboswitch,1614,2,1614_2
query_1615,1,riboswitch,1,riboswitch,0.9625537991523743,1615_2_RF01056_2_NC_000913.3_4467215-4467731_ext_120-320_int_115_off_70_percentage_91_position_11-115 riboswitch,1615,2,1615_2
query_1616,1,riboswitch,1,riboswitch,0.9951399564743042,1616_2_RF01056_2_NC_000913.3_4467215-4467731_ext_120-320_int_115_off_75_percentage_95_position_6-115 riboswitch,1616,2,1616_2
query_1617,1,riboswitch,1,riboswitch,0.9941219687461853,1617_2_RF01056_2_NC_000913.3_4467215-4467731_ext_120-320_int_115_off_80_percentage_99_position_1-115 riboswitch,1617,2,1617_2
query_1618,1,riboswitch,1,riboswitch,0.9982510209083557,1618_2_RF01056_2_NC_000913.3_4467215-4467731_ext_120-320_int_115_off_85_percentage_96_position_1-111 riboswitch,1618,2,1618_2
query_1619,0,genomicbackground,0,genomicbackground,0.0004686221363954246,1619_2_RF01056_2_NC_000913.3_4467215-4467731_ext_120-320_int_120_off_0_percentage_34_position_81-120 genomicbackground,1619,2,1619_2
query_1620,0,genomicbackground,0,genomicbackground,0.0004640797560568899,1620_2_RF01056_2_NC_000913.3_4467215-4467731_ext_120-320_int_120_off_5_percentage_39_position_76-120 genomicbackground,1620,2,1620_2
query_1621,0,genomicbackground,0,genomicbackground,0.0004946246044710279,1621_2_RF01056_2_NC_000913.3_4467215-4467731_ext_120-320_int_120_off_10_percentage_43_position_71-120 genomicbackground,1621,2,1621_2
query_1622,0,genomicbackground,0,genomicbackground,0.0007554455660283566,1622_2_RF01056_2_NC_000913.3_4467215-4467731_ext_120-320_int_120_off_15_percentage_47_position_66-120 genomicbackground,1622,2,1622_2
query_1623,0,genomicbackground,0,genomicbackground,0.000588727998547256,1623_2_RF01056_2_NC_000913.3_4467215-4467731_ext_120-320_int_120_off_20_percentage_52_position_61-120 genomicbackground,1623,2,1623_2
query_1624,0,genomicbackground,0,genomicbackground,0.0008029540767893195,1624_2_RF01056_2_NC_000913.3_4467215-4467731_ext_120-320_int_120_off_25_percentage_56_position_56-120 genomicbackground,1624,2,1624_2
query_1625,0,genomicbackground,0,genomicbackground,0.000900199927855283,1625_2_RF01056_2_NC_000913.3_4467215-4467731_ext_120-320_int_120_off_30_percentage_60_position_51-120 genomicbackground,1625,2,1625_2
query_1626,0,genomicbackground,0,genomicbackground,0.0007710855570621789,1626_2_RF01056_2_NC_000913.3_4467215-4467731_ext_120-320_int_120_off_35_percentage_65_position_46-120 genomicbackground,1626,2,1626_2
query_1627,0,genomicbackground,0,genomicbackground,0.33010977506637573,1627_2_RF01056_2_NC_000913.3_4467215-4467731_ext_120-320_int_120_off_40_percentage_69_position_41-120 genomicbackground,1627,2,1627_2
query_1628,0,genomicbackground,1,riboswitch,0.8462104201316833,1628_2_RF01056_2_NC_000913.3_4467215-4467731_ext_120-320_int_120_off_45_percentage_73_position_36-120 genomicbackground,1628,2,1628_2
query_1629,1,riboswitch,1,riboswitch,0.9476106762886047,1629_2_RF01056_2_NC_000913.3_4467215-4467731_ext_120-320_int_120_off_50_percentage_78_position_31-120 riboswitch,1629,2,1629_2
query_1630,1,riboswitch,0,genomicbackground,0.2201545238494873,1630_2_RF01056_2_NC_000913.3_4467215-4467731_ext_120-320_int_120_off_55_percentage_82_position_26-120 riboswitch,1630,2,1630_2
query_1631,1,riboswitch,1,riboswitch,0.9695556163787842,1631_2_RF01056_2_NC_000913.3_4467215-4467731_ext_120-320_int_120_off_60_percentage_86_position_21-120 riboswitch,1631,2,1631_2
query_1632,1,riboswitch,1,riboswitch,0.9703599810600281,1632_2_RF01056_2_NC_000913.3_4467215-4467731_ext_120-320_int_120_off_65_percentage_91_position_16-120 riboswitch,1632,2,1632_2
query_1633,1,riboswitch,1,riboswitch,0.995005190372467,1633_2_RF01056_2_NC_000913.3_4467215-4467731_ext_120-320_int_120_off_70_percentage_95_position_11-120 riboswitch,1633,2,1633_2
query_1634,1,riboswitch,1,riboswitch,0.9951091408729553,1634_2_RF01056_2_NC_000913.3_4467215-4467731_ext_120-320_int_120_off_75_percentage_99_position_6-120 riboswitch,1634,2,1634_2
query_1635,1,riboswitch,1,riboswitch,0.9937719702720642,1635_2_RF01056_2_NC_000913.3_4467215-4467731_ext_120-320_int_120_off_80_percentage_100_position_1-116 riboswitch,1635,2,1635_2
query_1636,0,genomicbackground,0,genomicbackground,0.000478486210340634,1636_2_RF01056_2_NC_000913.3_4467215-4467731_ext_120-320_int_125_off_0_percentage_39_position_81-125 genomicbackground,1636,2,1636_2
query_1637,0,genomicbackground,0,genomicbackground,0.00047640581033192575,1637_2_RF01056_2_NC_000913.3_4467215-4467731_ext_120-320_int_125_off_5_percentage_43_position_76-125 genomicbackground,1637,2,1637_2
query_1638,0,genomicbackground,0,genomicbackground,0.0006197367911227047,1638_2_RF01056_2_NC_000913.3_4467215-4467731_ext_120-320_int_125_off_10_percentage_47_position_71-125 genomicbackground,1638,2,1638_2
query_1639,0,genomicbackground,0,genomicbackground,0.0006735390052199364,1639_2_RF01056_2_NC_000913.3_4467215-4467731_ext_120-320_int_125_off_15_percentage_52_position_66-125 genomicbackground,1639,2,1639_2
query_1640,0,genomicbackground,0,genomicbackground,0.0006117822485975921,1640_2_RF01056_2_NC_000913.3_4467215-4467731_ext_120-320_int_125_off_20_percentage_56_position_61-125 genomicbackground,1640,2,1640_2
query_1641,0,genomicbackground,0,genomicbackground,0.0008438231889158487,1641_2_RF01056_2_NC_000913.3_4467215-4467731_ext_120-320_int_125_off_25_percentage_60_position_56-125 genomicbackground,1641,2,1641_2
query_1642,0,genomicbackground,0,genomicbackground,0.0008560017449781299,1642_2_RF01056_2_NC_000913.3_4467215-4467731_ext_120-320_int_125_off_30_percentage_65_position_51-125 genomicbackground,1642,2,1642_2
query_1643,0,genomicbackground,0,genomicbackground,0.0008056398946791887,1643_2_RF01056_2_NC_000913.3_4467215-4467731_ext_120-320_int_125_off_35_percentage_69_position_46-125 genomicbackground,1643,2,1643_2
query_1644,0,genomicbackground,0,genomicbackground,0.2229190617799759,1644_2_RF01056_2_NC_000913.3_4467215-4467731_ext_120-320_int_125_off_40_percentage_73_position_41-125 genomicbackground,1644,2,1644_2
query_1645,1,riboswitch,1,riboswitch,0.696610689163208,1645_2_RF01056_2_NC_000913.3_4467215-4467731_ext_120-320_int_125_off_45_percentage_78_position_36-125 riboswitch,1645,2,1645_2
query_1646,1,riboswitch,1,riboswitch,0.7223793864250183,1646_2_RF01056_2_NC_000913.3_4467215-4467731_ext_120-320_int_125_off_50_percentage_82_position_31-125 riboswitch,1646,2,1646_2
query_1647,1,riboswitch,1,riboswitch,0.9350088834762573,1647_2_RF01056_2_NC_000913.3_4467215-4467731_ext_120-320_int_125_off_55_percentage_86_position_26-125 riboswitch,1647,2,1647_2
query_1648,1,riboswitch,1,riboswitch,0.9611287713050842,1648_2_RF01056_2_NC_000913.3_4467215-4467731_ext_120-320_int_125_off_60_percentage_91_position_21-125 riboswitch,1648,2,1648_2
query_1649,1,riboswitch,1,riboswitch,0.9864887595176697,1649_2_RF01056_2_NC_000913.3_4467215-4467731_ext_120-320_int_125_off_65_percentage_95_position_16-125 riboswitch,1649,2,1649_2
query_1650,1,riboswitch,1,riboswitch,0.9950157999992371,1650_2_RF01056_2_NC_000913.3_4467215-4467731_ext_120-320_int_125_off_70_percentage_99_position_11-125 riboswitch,1650,2,1650_2
query_1651,1,riboswitch,1,riboswitch,0.9948678016662598,1651_2_RF01056_2_NC_000913.3_4467215-4467731_ext_120-320_int_125_off_75_percentage_100_position_6-121 riboswitch,1651,2,1651_2
query_1652,0,genomicbackground,0,genomicbackground,0.0004904574598185718,1652_2_RF01056_2_NC_000913.3_4467215-4467731_ext_120-320_int_130_off_0_percentage_43_position_81-130 genomicbackground,1652,2,1652_2
query_1653,0,genomicbackground,0,genomicbackground,0.0005853116745129228,1653_2_RF01056_2_NC_000913.3_4467215-4467731_ext_120-320_int_130_off_5_percentage_47_position_76-130 genomicbackground,1653,2,1653_2
query_1654,0,genomicbackground,0,genomicbackground,0.0005736979655921459,1654_2_RF01056_2_NC_000913.3_4467215-4467731_ext_120-320_int_130_off_10_percentage_52_position_71-130 genomicbackground,1654,2,1654_2
query_1655,0,genomicbackground,0,genomicbackground,0.0007484922534786165,1655_2_RF01056_2_NC_000913.3_4467215-4467731_ext_120-320_int_130_off_15_percentage_56_position_66-130 genomicbackground,1655,2,1655_2
query_1656,0,genomicbackground,0,genomicbackground,0.000710780790541321,1656_2_RF01056_2_NC_000913.3_4467215-4467731_ext_120-320_int_130_off_20_percentage_60_position_61-130 genomicbackground,1656,2,1656_2
query_1657,0,genomicbackground,0,genomicbackground,0.0008180654840543866,1657_2_RF01056_2_NC_000913.3_4467215-4467731_ext_120-320_int_130_off_25_percentage_65_position_56-130 genomicbackground,1657,2,1657_2
query_1658,0,genomicbackground,0,genomicbackground,0.0009322699625045061,1658_2_RF01056_2_NC_000913.3_4467215-4467731_ext_120-320_int_130_off_30_percentage_69_position_51-130 genomicbackground,1658,2,1658_2
query_1659,0,genomicbackground,0,genomicbackground,0.0007713804370723665,1659_2_RF01056_2_NC_000913.3_4467215-4467731_ext_120-320_int_130_off_35_percentage_73_position_46-130 genomicbackground,1659,2,1659_2
query_1660,1,riboswitch,0,genomicbackground,0.06619194149971008,1660_2_RF01056_2_NC_000913.3_4467215-4467731_ext_120-320_int_130_off_40_percentage_78_position_41-130 riboswitch,1660,2,1660_2
query_1661,1,riboswitch,1,riboswitch,0.7519503831863403,1661_2_RF01056_2_NC_000913.3_4467215-4467731_ext_120-320_int_130_off_45_percentage_82_position_36-130 riboswitch,1661,2,1661_2
query_1662,1,riboswitch,1,riboswitch,0.9632647037506104,1662_2_RF01056_2_NC_000913.3_4467215-4467731_ext_120-320_int_130_off_50_percentage_86_position_31-130 riboswitch,1662,2,1662_2
query_1663,1,riboswitch,1,riboswitch,0.9093623757362366,1663_2_RF01056_2_NC_000913.3_4467215-4467731_ext_120-320_int_130_off_55_percentage_91_position_26-130 riboswitch,1663,2,1663_2
query_1664,1,riboswitch,1,riboswitch,0.9822836518287659,1664_2_RF01056_2_NC_000913.3_4467215-4467731_ext_120-320_int_130_off_60_percentage_95_position_21-130 riboswitch,1664,2,1664_2
query_1665,1,riboswitch,1,riboswitch,0.9882569909095764,1665_2_RF01056_2_NC_000913.3_4467215-4467731_ext_120-320_int_130_off_65_percentage_99_position_16-130 riboswitch,1665,2,1665_2
query_1666,1,riboswitch,1,riboswitch,0.9947429895401001,1666_2_RF01056_2_NC_000913.3_4467215-4467731_ext_120-320_int_130_off_70_percentage_100_position_11-126 riboswitch,1666,2,1666_2
query_1667,0,genomicbackground,0,genomicbackground,0.0006062955362722278,1667_2_RF01056_2_NC_000913.3_4467215-4467731_ext_120-320_int_135_off_0_percentage_47_position_81-135 genomicbackground,1667,2,1667_2
query_1668,0,genomicbackground,0,genomicbackground,0.0005480035906657577,1668_2_RF01056_2_NC_000913.3_4467215-4467731_ext_120-320_int_135_off_5_percentage_52_position_76-135 genomicbackground,1668,2,1668_2
query_1669,0,genomicbackground,0,genomicbackground,0.0008803961100056767,1669_2_RF01056_2_NC_000913.3_4467215-4467731_ext_120-320_int_135_off_10_percentage_56_position_71-135 genomicbackground,1669,2,1669_2
query_1670,0,genomicbackground,0,genomicbackground,0.0007880906923674047,1670_2_RF01056_2_NC_000913.3_4467215-4467731_ext_120-320_int_135_off_15_percentage_60_position_66-135 genomicbackground,1670,2,1670_2
query_1671,0,genomicbackground,0,genomicbackground,0.0007023900980129838,1671_2_RF01056_2_NC_000913.3_4467215-4467731_ext_120-320_int_135_off_20_percentage_65_position_61-135 genomicbackground,1671,2,1671_2
query_1672,0,genomicbackground,0,genomicbackground,0.0008842322276905179,1672_2_RF01056_2_NC_000913.3_4467215-4467731_ext_120-320_int_135_off_25_percentage_69_position_56-135 genomicbackground,1672,2,1672_2
query_1673,0,genomicbackground,0,genomicbackground,0.0008645117050036788,1673_2_RF01056_2_NC_000913.3_4467215-4467731_ext_120-320_int_135_off_30_percentage_73_position_51-135 genomicbackground,1673,2,1673_2
query_1674,1,riboswitch,0,genomicbackground,0.0007992209284566343,1674_2_RF01056_2_NC_000913.3_4467215-4467731_ext_120-320_int_135_off_35_percentage_78_position_46-135 riboswitch,1674,2,1674_2
query_1675,1,riboswitch,0,genomicbackground,0.09553056210279465,1675_2_RF01056_2_NC_000913.3_4467215-4467731_ext_120-320_int_135_off_40_percentage_82_position_41-135 riboswitch,1675,2,1675_2
query_1676,1,riboswitch,1,riboswitch,0.971817135810852,1676_2_RF01056_2_NC_000913.3_4467215-4467731_ext_120-320_int_135_off_45_percentage_86_position_36-135 riboswitch,1676,2,1676_2
query_1677,1,riboswitch,1,riboswitch,0.9509782791137695,1677_2_RF01056_2_NC_000913.3_4467215-4467731_ext_120-320_int_135_off_50_percentage_91_position_31-135 riboswitch,1677,2,1677_2
query_1678,1,riboswitch,1,riboswitch,0.9668307900428772,1678_2_RF01056_2_NC_000913.3_4467215-4467731_ext_120-320_int_135_off_55_percentage_95_position_26-135 riboswitch,1678,2,1678_2
query_1679,1,riboswitch,1,riboswitch,0.9852345585823059,1679_2_RF01056_2_NC_000913.3_4467215-4467731_ext_120-320_int_135_off_60_percentage_99_position_21-135 riboswitch,1679,2,1679_2
query_1680,1,riboswitch,1,riboswitch,0.9869602918624878,1680_2_RF01056_2_NC_000913.3_4467215-4467731_ext_120-320_int_135_off_65_percentage_100_position_16-131 riboswitch,1680,2,1680_2
query_1681,0,genomicbackground,0,genomicbackground,0.0005643685581162572,1681_2_RF01056_2_NC_000913.3_4467215-4467731_ext_120-320_int_140_off_0_percentage_52_position_81-140 genomicbackground,1681,2,1681_2
query_1682,0,genomicbackground,0,genomicbackground,0.0005306104430928826,1682_2_RF01056_2_NC_000913.3_4467215-4467731_ext_120-320_int_140_off_5_percentage_56_position_76-140 genomicbackground,1682,2,1682_2
query_1683,0,genomicbackground,0,genomicbackground,0.00079107447527349,1683_2_RF01056_2_NC_000913.3_4467215-4467731_ext_120-320_int_140_off_10_percentage_60_position_71-140 genomicbackground,1683,2,1683_2
query_1684,0,genomicbackground,0,genomicbackground,0.0007698720437474549,1684_2_RF01056_2_NC_000913.3_4467215-4467731_ext_120-320_int_140_off_15_percentage_65_position_66-140 genomicbackground,1684,2,1684_2
query_1685,0,genomicbackground,0,genomicbackground,0.000737688154913485,1685_2_RF01056_2_NC_000913.3_4467215-4467731_ext_120-320_int_140_off_20_percentage_69_position_61-140 genomicbackground,1685,2,1685_2
query_1686,0,genomicbackground,0,genomicbackground,0.000833375786896795,1686_2_RF01056_2_NC_000913.3_4467215-4467731_ext_120-320_int_140_off_25_percentage_73_position_56-140 genomicbackground,1686,2,1686_2
query_1687,1,riboswitch,0,genomicbackground,0.0009382360731251538,1687_2_RF01056_2_NC_000913.3_4467215-4467731_ext_120-320_int_140_off_30_percentage_78_position_51-140 riboswitch,1687,2,1687_2
query_1688,1,riboswitch,0,genomicbackground,0.02203117311000824,1688_2_RF01056_2_NC_000913.3_4467215-4467731_ext_120-320_int_140_off_35_percentage_82_position_46-140 riboswitch,1688,2,1688_2
query_1689,1,riboswitch,1,riboswitch,0.7568262815475464,1689_2_RF01056_2_NC_000913.3_4467215-4467731_ext_120-320_int_140_off_40_percentage_86_position_41-140 riboswitch,1689,2,1689_2
query_1690,1,riboswitch,1,riboswitch,0.9618285894393921,1690_2_RF01056_2_NC_000913.3_4467215-4467731_ext_120-320_int_140_off_45_percentage_91_position_36-140 riboswitch,1690,2,1690_2
query_1691,1,riboswitch,1,riboswitch,0.9595171213150024,1691_2_RF01056_2_NC_000913.3_4467215-4467731_ext_120-320_int_140_off_50_percentage_95_position_31-140 riboswitch,1691,2,1691_2
query_1692,1,riboswitch,1,riboswitch,0.9753536581993103,1692_2_RF01056_2_NC_000913.3_4467215-4467731_ext_120-320_int_140_off_55_percentage_99_position_26-140 riboswitch,1692,2,1692_2
query_1693,1,riboswitch,1,riboswitch,0.9833440184593201,1693_2_RF01056_2_NC_000913.3_4467215-4467731_ext_120-320_int_140_off_60_percentage_100_position_21-136 riboswitch,1693,2,1693_2
query_1694,0,genomicbackground,0,genomicbackground,0.0005415509804151952,1694_2_RF01056_2_NC_000913.3_4467215-4467731_ext_120-320_int_145_off_0_percentage_56_position_81-145 genomicbackground,1694,2,1694_2
query_1695,0,genomicbackground,0,genomicbackground,0.0007646304438821971,1695_2_RF01056_2_NC_000913.3_4467215-4467731_ext_120-320_int_145_off_5_percentage_60_position_76-145 genomicbackground,1695,2,1695_2
query_1696,0,genomicbackground,0,genomicbackground,0.0007727363263256848,1696_2_RF01056_2_NC_000913.3_4467215-4467731_ext_120-320_int_145_off_10_percentage_65_position_71-145 genomicbackground,1696,2,1696_2
query_1697,0,genomicbackground,0,genomicbackground,0.0008095323573797941,1697_2_RF01056_2_NC_000913.3_4467215-4467731_ext_120-320_int_145_off_15_percentage_69_position_66-145 genomicbackground,1697,2,1697_2
query_1698,0,genomicbackground,0,genomicbackground,0.0007086903206072748,1698_2_RF01056_2_NC_000913.3_4467215-4467731_ext_120-320_int_145_off_20_percentage_73_position_61-145 genomicbackground,1698,2,1698_2
query_1699,1,riboswitch,0,genomicbackground,0.0009109567035920918,1699_2_RF01056_2_NC_000913.3_4467215-4467731_ext_120-320_int_145_off_25_percentage_78_position_56-145 riboswitch,1699,2,1699_2
query_1700,1,riboswitch,0,genomicbackground,0.0007683090516366065,1700_2_RF01056_2_NC_000913.3_4467215-4467731_ext_120-320_int_145_off_30_percentage_82_position_51-145 riboswitch,1700,2,1700_2
query_1701,1,riboswitch,0,genomicbackground,0.05794551596045494,1701_2_RF01056_2_NC_000913.3_4467215-4467731_ext_120-320_int_145_off_35_percentage_86_position_46-145 riboswitch,1701,2,1701_2
query_1702,1,riboswitch,1,riboswitch,0.6023240685462952,1702_2_RF01056_2_NC_000913.3_4467215-4467731_ext_120-320_int_145_off_40_percentage_91_position_41-145 riboswitch,1702,2,1702_2
query_1703,1,riboswitch,1,riboswitch,0.9750880002975464,1703_2_RF01056_2_NC_000913.3_4467215-4467731_ext_120-320_int_145_off_45_percentage_95_position_36-145 riboswitch,1703,2,1703_2
query_1704,1,riboswitch,1,riboswitch,0.9708160758018494,1704_2_RF01056_2_NC_000913.3_4467215-4467731_ext_120-320_int_145_off_50_percentage_99_position_31-145 riboswitch,1704,2,1704_2
query_1705,1,riboswitch,1,riboswitch,0.9711858630180359,1705_2_RF01056_2_NC_000913.3_4467215-4467731_ext_120-320_int_145_off_55_percentage_100_position_26-141 riboswitch,1705,2,1705_2
query_1706,0,genomicbackground,0,genomicbackground,0.0007884203223511577,1706_2_RF01056_2_NC_000913.3_4467215-4467731_ext_120-320_int_150_off_0_percentage_60_position_81-150 genomicbackground,1706,2,1706_2
query_1707,0,genomicbackground,0,genomicbackground,0.0007514074677601457,1707_2_RF01056_2_NC_000913.3_4467215-4467731_ext_120-320_int_150_off_5_percentage_65_position_76-150 genomicbackground,1707,2,1707_2
query_1708,0,genomicbackground,0,genomicbackground,0.0008243059273809195,1708_2_RF01056_2_NC_000913.3_4467215-4467731_ext_120-320_int_150_off_10_percentage_69_position_71-150 genomicbackground,1708,2,1708_2
query_1709,0,genomicbackground,0,genomicbackground,0.0007742777233943343,1709_2_RF01056_2_NC_000913.3_4467215-4467731_ext_120-320_int_150_off_15_percentage_73_position_66-150 genomicbackground,1709,2,1709_2
query_1710,1,riboswitch,0,genomicbackground,0.0007012880523689091,1710_2_RF01056_2_NC_000913.3_4467215-4467731_ext_120-320_int_150_off_20_percentage_78_position_61-150 riboswitch,1710,2,1710_2
query_1711,1,riboswitch,0,genomicbackground,0.0007926724501885474,1711_2_RF01056_2_NC_000913.3_4467215-4467731_ext_120-320_int_150_off_25_percentage_82_position_56-150 riboswitch,1711,2,1711_2
query_1712,1,riboswitch,0,genomicbackground,0.015363059937953949,1712_2_RF01056_2_NC_000913.3_4467215-4467731_ext_120-320_int_150_off_30_percentage_86_position_51-150 riboswitch,1712,2,1712_2
query_1713,1,riboswitch,0,genomicbackground,0.042119089514017105,1713_2_RF01056_2_NC_000913.3_4467215-4467731_ext_120-320_int_150_off_35_percentage_91_position_46-150 riboswitch,1713,2,1713_2
query_1714,1,riboswitch,1,riboswitch,0.8374732732772827,1714_2_RF01056_2_NC_000913.3_4467215-4467731_ext_120-320_int_150_off_40_percentage_95_position_41-150 riboswitch,1714,2,1714_2
query_1715,1,riboswitch,1,riboswitch,0.9777895212173462,1715_2_RF01056_2_NC_000913.3_4467215-4467731_ext_120-320_int_150_off_45_percentage_99_position_36-150 riboswitch,1715,2,1715_2
query_1716,1,riboswitch,1,riboswitch,0.9657217860221863,1716_2_RF01056_2_NC_000913.3_4467215-4467731_ext_120-320_int_150_off_50_percentage_100_position_31-146 riboswitch,1716,2,1716_2
query_1717,0,genomicbackground,0,genomicbackground,0.0007765990449115634,1717_2_RF01056_2_NC_000913.3_4467215-4467731_ext_120-320_int_155_off_0_percentage_65_position_81-155 genomicbackground,1717,2,1717_2
query_1718,0,genomicbackground,0,genomicbackground,0.0007986228447407484,1718_2_RF01056_2_NC_000913.3_4467215-4467731_ext_120-320_int_155_off_5_percentage_69_position_76-155 genomicbackground,1718,2,1718_2
query_1719,0,genomicbackground,0,genomicbackground,0.0007803694461472332,1719_2_RF01056_2_NC_000913.3_4467215-4467731_ext_120-320_int_155_off_10_percentage_73_position_71-155 genomicbackground,1719,2,1719_2
query_1720,1,riboswitch,0,genomicbackground,0.0006525169592350721,1720_2_RF01056_2_NC_000913.3_4467215-4467731_ext_120-320_int_155_off_15_percentage_78_position_66-155 riboswitch,1720,2,1720_2
query_1721,1,riboswitch,0,genomicbackground,0.0006598687032237649,1721_2_RF01056_2_NC_000913.3_4467215-4467731_ext_120-320_int_155_off_20_percentage_82_position_61-155 riboswitch,1721,2,1721_2
query_1722,1,riboswitch,0,genomicbackground,0.005888024345040321,1722_2_RF01056_2_NC_000913.3_4467215-4467731_ext_120-320_int_155_off_25_percentage_86_position_56-155 riboswitch,1722,2,1722_2
query_1723,1,riboswitch,0,genomicbackground,0.0009535497520118952,1723_2_RF01056_2_NC_000913.3_4467215-4467731_ext_120-320_int_155_off_30_percentage_91_position_51-155 riboswitch,1723,2,1723_2
query_1724,1,riboswitch,0,genomicbackground,0.0011992333456873894,1724_2_RF01056_2_NC_000913.3_4467215-4467731_ext_120-320_int_155_off_35_percentage_95_position_46-155 riboswitch,1724,2,1724_2
query_1725,1,riboswitch,1,riboswitch,0.8523997068405151,1725_2_RF01056_2_NC_000913.3_4467215-4467731_ext_120-320_int_155_off_40_percentage_99_position_41-155 riboswitch,1725,2,1725_2
query_1726,1,riboswitch,1,riboswitch,0.9752251505851746,1726_2_RF01056_2_NC_000913.3_4467215-4467731_ext_120-320_int_155_off_45_percentage_100_position_36-151 riboswitch,1726,2,1726_2
query_1727,0,genomicbackground,0,genomicbackground,0.0008336559985764325,1727_2_RF01056_2_NC_000913.3_4467215-4467731_ext_120-320_int_160_off_0_percentage_69_position_81-160 genomicbackground,1727,2,1727_2
query_1728,0,genomicbackground,0,genomicbackground,0.0007590925670228899,1728_2_RF01056_2_NC_000913.3_4467215-4467731_ext_120-320_int_160_off_5_percentage_73_position_76-160 genomicbackground,1728,2,1728_2
query_1729,1,riboswitch,0,genomicbackground,0.000838960986584425,1729_2_RF01056_2_NC_000913.3_4467215-4467731_ext_120-320_int_160_off_10_percentage_78_position_71-160 riboswitch,1729,2,1729_2
query_1730,1,riboswitch,0,genomicbackground,0.0007142122485674918,1730_2_RF01056_2_NC_000913.3_4467215-4467731_ext_120-320_int_160_off_15_percentage_82_position_66-160 riboswitch,1730,2,1730_2
query_1731,1,riboswitch,0,genomicbackground,0.0010004066862165928,1731_2_RF01056_2_NC_000913.3_4467215-4467731_ext_120-320_int_160_off_20_percentage_86_position_61-160 riboswitch,1731,2,1731_2
query_1732,1,riboswitch,0,genomicbackground,0.001002347795292735,1732_2_RF01056_2_NC_000913.3_4467215-4467731_ext_120-320_int_160_off_25_percentage_91_position_56-160 riboswitch,1732,2,1732_2
query_1733,1,riboswitch,0,genomicbackground,0.002969474531710148,1733_2_RF01056_2_NC_000913.3_4467215-4467731_ext_120-320_int_160_off_30_percentage_95_position_51-160 riboswitch,1733,2,1733_2
query_1734,1,riboswitch,0,genomicbackground,0.0014214226976037025,1734_2_RF01056_2_NC_000913.3_4467215-4467731_ext_120-320_int_160_off_35_percentage_99_position_46-160 riboswitch,1734,2,1734_2
query_1735,1,riboswitch,1,riboswitch,0.8439689874649048,1735_2_RF01056_2_NC_000913.3_4467215-4467731_ext_120-320_int_160_off_40_percentage_100_position_41-156 riboswitch,1735,2,1735_2
query_1736,0,genomicbackground,0,genomicbackground,0.0007937296177260578,1736_2_RF01056_2_NC_000913.3_4467215-4467731_ext_120-320_int_165_off_0_percentage_73_position_81-165 genomicbackground,1736,2,1736_2
query_1737,1,riboswitch,0,genomicbackground,0.0008064055000431836,1737_2_RF01056_2_NC_000913.3_4467215-4467731_ext_120-320_int_165_off_5_percentage_78_position_76-165 riboswitch,1737,2,1737_2
query_1738,1,riboswitch,0,genomicbackground,0.0006160935154184699,1738_2_RF01056_2_NC_000913.3_4467215-4467731_ext_120-320_int_165_off_10_percentage_82_position_71-165 riboswitch,1738,2,1738_2
query_1739,1,riboswitch,0,genomicbackground,0.0007666815654374659,1739_2_RF01056_2_NC_000913.3_4467215-4467731_ext_120-320_int_165_off_15_percentage_86_position_66-165 riboswitch,1739,2,1739_2
query_1740,1,riboswitch,0,genomicbackground,0.002557953353971243,1740_2_RF01056_2_NC_000913.3_4467215-4467731_ext_120-320_int_165_off_20_percentage_91_position_61-165 riboswitch,1740,2,1740_2
query_1741,1,riboswitch,0,genomicbackground,0.002091452246531844,1741_2_RF01056_2_NC_000913.3_4467215-4467731_ext_120-320_int_165_off_25_percentage_95_position_56-165 riboswitch,1741,2,1741_2
query_1742,1,riboswitch,0,genomicbackground,0.005109461024403572,1742_2_RF01056_2_NC_000913.3_4467215-4467731_ext_120-320_int_165_off_30_percentage_99_position_51-165 riboswitch,1742,2,1742_2
query_1743,1,riboswitch,0,genomicbackground,0.0013937550829723477,1743_2_RF01056_2_NC_000913.3_4467215-4467731_ext_120-320_int_165_off_35_percentage_100_position_46-161 riboswitch,1743,2,1743_2
query_1744,1,riboswitch,0,genomicbackground,0.0008563426090404391,1744_2_RF01056_2_NC_000913.3_4467215-4467731_ext_120-320_int_170_off_0_percentage_78_position_81-170 riboswitch,1744,2,1744_2
query_1745,1,riboswitch,0,genomicbackground,0.0006032442324794829,1745_2_RF01056_2_NC_000913.3_4467215-4467731_ext_120-320_int_170_off_5_percentage_82_position_76-170 riboswitch,1745,2,1745_2
query_1746,1,riboswitch,0,genomicbackground,0.0008181454613804817,1746_2_RF01056_2_NC_000913.3_4467215-4467731_ext_120-320_int_170_off_10_percentage_86_position_71-170 riboswitch,1746,2,1746_2
query_1747,1,riboswitch,0,genomicbackground,0.0011272401316091418,1747_2_RF01056_2_NC_000913.3_4467215-4467731_ext_120-320_int_170_off_15_percentage_91_position_66-170 riboswitch,1747,2,1747_2
query_1748,1,riboswitch,0,genomicbackground,0.0010704691521823406,1748_2_RF01056_2_NC_000913.3_4467215-4467731_ext_120-320_int_170_off_20_percentage_95_position_61-170 riboswitch,1748,2,1748_2
query_1749,1,riboswitch,0,genomicbackground,0.0027884594164788723,1749_2_RF01056_2_NC_000913.3_4467215-4467731_ext_120-320_int_170_off_25_percentage_99_position_56-170 riboswitch,1749,2,1749_2
query_1750,1,riboswitch,0,genomicbackground,0.005346555728465319,1750_2_RF01056_2_NC_000913.3_4467215-4467731_ext_120-320_int_170_off_30_percentage_100_position_51-166 riboswitch,1750,2,1750_2
query_1751,1,riboswitch,0,genomicbackground,0.0006470223888754845,1751_2_RF01056_2_NC_000913.3_4467215-4467731_ext_120-320_int_175_off_0_percentage_82_position_81-175 riboswitch,1751,2,1751_2
query_1752,1,riboswitch,0,genomicbackground,0.0008364999084733427,1752_2_RF01056_2_NC_000913.3_4467215-4467731_ext_120-320_int_175_off_5_percentage_86_position_76-175 riboswitch,1752,2,1752_2
query_1753,1,riboswitch,0,genomicbackground,0.0008403234533034265,1753_2_RF01056_2_NC_000913.3_4467215-4467731_ext_120-320_int_175_off_10_percentage_91_position_71-175 riboswitch,1753,2,1753_2
query_1754,1,riboswitch,0,genomicbackground,0.001168854651041329,1754_2_RF01056_2_NC_000913.3_4467215-4467731_ext_120-320_int_175_off_15_percentage_95_position_66-175 riboswitch,1754,2,1754_2
query_1755,1,riboswitch,0,genomicbackground,0.001251785783097148,1755_2_RF01056_2_NC_000913.3_4467215-4467731_ext_120-320_int_175_off_20_percentage_99_position_61-175 riboswitch,1755,2,1755_2
query_1756,1,riboswitch,0,genomicbackground,0.002866716356948018,1756_2_RF01056_2_NC_000913.3_4467215-4467731_ext_120-320_int_175_off_25_percentage_100_position_56-171 riboswitch,1756,2,1756_2
query_1757,1,riboswitch,0,genomicbackground,0.0009590765694156289,1757_2_RF01056_2_NC_000913.3_4467215-4467731_ext_120-320_int_180_off_0_percentage_86_position_81-180 riboswitch,1757,2,1757_2
query_1758,1,riboswitch,0,genomicbackground,0.000857438484672457,1758_2_RF01056_2_NC_000913.3_4467215-4467731_ext_120-320_int_180_off_5_percentage_91_position_76-180 riboswitch,1758,2,1758_2
query_1759,1,riboswitch,0,genomicbackground,0.001053109997883439,1759_2_RF01056_2_NC_000913.3_4467215-4467731_ext_120-320_int_180_off_10_percentage_95_position_71-180 riboswitch,1759,2,1759_2
query_1760,1,riboswitch,0,genomicbackground,0.0013763046590611339,1760_2_RF01056_2_NC_000913.3_4467215-4467731_ext_120-320_int_180_off_15_percentage_99_position_66-180 riboswitch,1760,2,1760_2
query_1761,1,riboswitch,0,genomicbackground,0.0012643974041566253,1761_2_RF01056_2_NC_000913.3_4467215-4467731_ext_120-320_int_180_off_20_percentage_100_position_61-176 riboswitch,1761,2,1761_2
query_1762,1,riboswitch,0,genomicbackground,0.0009852683870121837,1762_2_RF01056_2_NC_000913.3_4467215-4467731_ext_120-320_int_185_off_0_percentage_91_position_81-185 riboswitch,1762,2,1762_2
query_1763,1,riboswitch,0,genomicbackground,0.001102615613490343,1763_2_RF01056_2_NC_000913.3_4467215-4467731_ext_120-320_int_185_off_5_percentage_95_position_76-185 riboswitch,1763,2,1763_2
query_1764,1,riboswitch,0,genomicbackground,0.001090614008717239,1764_2_RF01056_2_NC_000913.3_4467215-4467731_ext_120-320_int_185_off_10_percentage_99_position_71-185 riboswitch,1764,2,1764_2
query_1765,1,riboswitch,0,genomicbackground,0.0013811393873766065,1765_2_RF01056_2_NC_000913.3_4467215-4467731_ext_120-320_int_185_off_15_percentage_100_position_66-181 riboswitch,1765,2,1765_2
query_1766,1,riboswitch,0,genomicbackground,0.001322166877798736,1766_2_RF01056_2_NC_000913.3_4467215-4467731_ext_120-320_int_190_off_0_percentage_95_position_81-190 riboswitch,1766,2,1766_2
query_1767,1,riboswitch,0,genomicbackground,0.0011042873375117779,1767_2_RF01056_2_NC_000913.3_4467215-4467731_ext_120-320_int_190_off_5_percentage_99_position_76-190 riboswitch,1767,2,1767_2
query_1768,1,riboswitch,0,genomicbackground,0.0011329997796565294,1768_2_RF01056_2_NC_000913.3_4467215-4467731_ext_120-320_int_190_off_10_percentage_100_position_71-186 riboswitch,1768,2,1768_2
query_1769,1,riboswitch,0,genomicbackground,0.0013016903540119529,1769_2_RF01056_2_NC_000913.3_4467215-4467731_ext_120-320_int_195_off_0_percentage_99_position_81-195 riboswitch,1769,2,1769_2
query_1770,1,riboswitch,0,genomicbackground,0.0011749238474294543,1770_2_RF01056_2_NC_000913.3_4467215-4467731_ext_120-320_int_195_off_5_percentage_100_position_76-191 riboswitch,1770,2,1770_2
query_1771,1,riboswitch,0,genomicbackground,0.005089994985610247,1771_2_RF01056_2_NC_000913.3_4467215-4467731_ext_120-320_int_200_off_0_percentage_100_position_81-196 riboswitch,1771,2,1771_2
query_1772,0,genomicbackground,0,genomicbackground,0.0004815740103367716,1772_2_RF01056_2_NC_000913.3_4467215-4467731_ext_140-340_int_95_off_0_percentage_30_position_61-95 genomicbackground,1772,2,1772_2
query_1773,0,genomicbackground,0,genomicbackground,0.0005004710401408374,1773_2_RF01056_2_NC_000913.3_4467215-4467731_ext_140-340_int_95_off_5_percentage_34_position_56-95 genomicbackground,1773,2,1773_2
query_1774,0,genomicbackground,0,genomicbackground,0.0005447378498502076,1774_2_RF01056_2_NC_000913.3_4467215-4467731_ext_140-340_int_95_off_10_percentage_39_position_51-95 genomicbackground,1774,2,1774_2
query_1775,0,genomicbackground,0,genomicbackground,0.01587821915745735,1775_2_RF01056_2_NC_000913.3_4467215-4467731_ext_140-340_int_95_off_15_percentage_43_position_46-95 genomicbackground,1775,2,1775_2
query_1776,0,genomicbackground,1,riboswitch,0.6488462686538696,1776_2_RF01056_2_NC_000913.3_4467215-4467731_ext_140-340_int_95_off_20_percentage_47_position_41-95 genomicbackground,1776,2,1776_2
query_1777,0,genomicbackground,1,riboswitch,0.9321939945220947,1777_2_RF01056_2_NC_000913.3_4467215-4467731_ext_140-340_int_95_off_25_percentage_52_position_36-95 genomicbackground,1777,2,1777_2
query_1778,0,genomicbackground,0,genomicbackground,0.17834782600402832,1778_2_RF01056_2_NC_000913.3_4467215-4467731_ext_140-340_int_95_off_30_percentage_56_position_31-95 genomicbackground,1778,2,1778_2
query_1779,0,genomicbackground,1,riboswitch,0.874914824962616,1779_2_RF01056_2_NC_000913.3_4467215-4467731_ext_140-340_int_95_off_35_percentage_60_position_26-95 genomicbackground,1779,2,1779_2
query_1780,0,genomicbackground,1,riboswitch,0.9848614931106567,1780_2_RF01056_2_NC_000913.3_4467215-4467731_ext_140-340_int_95_off_40_percentage_65_position_21-95 genomicbackground,1780,2,1780_2
query_1781,0,genomicbackground,1,riboswitch,0.9907662868499756,1781_2_RF01056_2_NC_000913.3_4467215-4467731_ext_140-340_int_95_off_45_percentage_69_position_16-95 genomicbackground,1781,2,1781_2
query_1782,0,genomicbackground,1,riboswitch,0.9940949082374573,1782_2_RF01056_2_NC_000913.3_4467215-4467731_ext_140-340_int_95_off_50_percentage_73_position_11-95 genomicbackground,1782,2,1782_2
query_1783,1,riboswitch,1,riboswitch,0.99591463804245,1783_2_RF01056_2_NC_000913.3_4467215-4467731_ext_140-340_int_95_off_55_percentage_78_position_6-95 riboswitch,1783,2,1783_2
query_1784,1,riboswitch,1,riboswitch,0.984495997428894,1784_2_RF01056_2_NC_000913.3_4467215-4467731_ext_140-340_int_95_off_60_percentage_82_position_1-95 riboswitch,1784,2,1784_2
query_1785,1,riboswitch,1,riboswitch,0.9984710812568665,1785_2_RF01056_2_NC_000913.3_4467215-4467731_ext_140-340_int_95_off_65_percentage_82_position_1-95 riboswitch,1785,2,1785_2
query_1786,1,riboswitch,1,riboswitch,0.9881541728973389,1786_2_RF01056_2_NC_000913.3_4467215-4467731_ext_140-340_int_95_off_70_percentage_82_position_1-95 riboswitch,1786,2,1786_2
query_1787,1,riboswitch,1,riboswitch,0.9974029064178467,1787_2_RF01056_2_NC_000913.3_4467215-4467731_ext_140-340_int_95_off_75_percentage_82_position_1-95 riboswitch,1787,2,1787_2
query_1788,1,riboswitch,1,riboswitch,0.9918088316917419,1788_2_RF01056_2_NC_000913.3_4467215-4467731_ext_140-340_int_95_off_80_percentage_82_position_1-95 riboswitch,1788,2,1788_2
query_1789,1,riboswitch,1,riboswitch,0.9813568592071533,1789_2_RF01056_2_NC_000913.3_4467215-4467731_ext_140-340_int_95_off_85_percentage_78_position_1-91 riboswitch,1789,2,1789_2
query_1790,0,genomicbackground,1,riboswitch,0.9991071820259094,1790_2_RF01056_2_NC_000913.3_4467215-4467731_ext_140-340_int_95_off_90_percentage_74_position_1-86 genomicbackground,1790,2,1790_2
query_1791,0,genomicbackground,1,riboswitch,0.9988842606544495,1791_2_RF01056_2_NC_000913.3_4467215-4467731_ext_140-340_int_95_off_95_percentage_70_position_1-81 genomicbackground,1791,2,1791_2
query_1792,0,genomicbackground,1,riboswitch,0.9965702295303345,1792_2_RF01056_2_NC_000913.3_4467215-4467731_ext_140-340_int_95_off_100_percentage_66_position_1-76 genomicbackground,1792,2,1792_2
query_1793,0,genomicbackground,1,riboswitch,0.9976586103439331,1793_2_RF01056_2_NC_000913.3_4467215-4467731_ext_140-340_int_95_off_105_percentage_61_position_1-71 genomicbackground,1793,2,1793_2
query_1794,0,genomicbackground,0,genomicbackground,0.0004421730409376323,1794_2_RF01056_2_NC_000913.3_4467215-4467731_ext_140-340_int_100_off_0_percentage_34_position_61-100 genomicbackground,1794,2,1794_2
query_1795,0,genomicbackground,0,genomicbackground,0.0005511303897947073,1795_2_RF01056_2_NC_000913.3_4467215-4467731_ext_140-340_int_100_off_5_percentage_39_position_56-100 genomicbackground,1795,2,1795_2
query_1796,0,genomicbackground,0,genomicbackground,0.0005975613021291792,1796_2_RF01056_2_NC_000913.3_4467215-4467731_ext_140-340_int_100_off_10_percentage_43_position_51-100 genomicbackground,1796,2,1796_2
query_1797,0,genomicbackground,0,genomicbackground,0.03154333308339119,1797_2_RF01056_2_NC_000913.3_4467215-4467731_ext_140-340_int_100_off_15_percentage_47_position_46-100 genomicbackground,1797,2,1797_2
query_1798,0,genomicbackground,0,genomicbackground,0.25036343932151794,1798_2_RF01056_2_NC_000913.3_4467215-4467731_ext_140-340_int_100_off_20_percentage_52_position_41-100 genomicbackground,1798,2,1798_2
query_1799,0,genomicbackground,0,genomicbackground,0.28866592049598694,1799_2_RF01056_2_NC_000913.3_4467215-4467731_ext_140-340_int_100_off_25_percentage_56_position_36-100 genomicbackground,1799,2,1799_2
query_1800,0,genomicbackground,1,riboswitch,0.8147590756416321,1800_2_RF01056_2_NC_000913.3_4467215-4467731_ext_140-340_int_100_off_30_percentage_60_position_31-100 genomicbackground,1800,2,1800_2
query_1801,0,genomicbackground,1,riboswitch,0.9567179083824158,1801_2_RF01056_2_NC_000913.3_4467215-4467731_ext_140-340_int_100_off_35_percentage_65_position_26-100 genomicbackground,1801,2,1801_2
query_1802,0,genomicbackground,1,riboswitch,0.9878193140029907,1802_2_RF01056_2_NC_000913.3_4467215-4467731_ext_140-340_int_100_off_40_percentage_69_position_21-100 genomicbackground,1802,2,1802_2
query_1803,0,genomicbackground,1,riboswitch,0.9878465533256531,1803_2_RF01056_2_NC_000913.3_4467215-4467731_ext_140-340_int_100_off_45_percentage_73_position_16-100 genomicbackground,1803,2,1803_2
query_1804,1,riboswitch,1,riboswitch,0.9958063364028931,1804_2_RF01056_2_NC_000913.3_4467215-4467731_ext_140-340_int_100_off_50_percentage_78_position_11-100 riboswitch,1804,2,1804_2
query_1805,1,riboswitch,1,riboswitch,0.9744932055473328,1805_2_RF01056_2_NC_000913.3_4467215-4467731_ext_140-340_int_100_off_55_percentage_82_position_6-100 riboswitch,1805,2,1805_2
query_1806,1,riboswitch,1,riboswitch,0.9934584498405457,1806_2_RF01056_2_NC_000913.3_4467215-4467731_ext_140-340_int_100_off_60_percentage_86_position_1-100 riboswitch,1806,2,1806_2
query_1807,1,riboswitch,1,riboswitch,0.9885733127593994,1807_2_RF01056_2_NC_000913.3_4467215-4467731_ext_140-340_int_100_off_65_percentage_86_position_1-100 riboswitch,1807,2,1807_2
query_1808,1,riboswitch,1,riboswitch,0.9940359592437744,1808_2_RF01056_2_NC_000913.3_4467215-4467731_ext_140-340_int_100_off_70_percentage_86_position_1-100 riboswitch,1808,2,1808_2
query_1809,1,riboswitch,1,riboswitch,0.9973911643028259,1809_2_RF01056_2_NC_000913.3_4467215-4467731_ext_140-340_int_100_off_75_percentage_86_position_1-100 riboswitch,1809,2,1809_2
query_1810,1,riboswitch,1,riboswitch,0.9909451007843018,1810_2_RF01056_2_NC_000913.3_4467215-4467731_ext_140-340_int_100_off_80_percentage_83_position_1-96 riboswitch,1810,2,1810_2
query_1811,1,riboswitch,1,riboswitch,0.9987413287162781,1811_2_RF01056_2_NC_000913.3_4467215-4467731_ext_140-340_int_100_off_85_percentage_78_position_1-91 riboswitch,1811,2,1811_2
query_1812,0,genomicbackground,1,riboswitch,0.9991857409477234,1812_2_RF01056_2_NC_000913.3_4467215-4467731_ext_140-340_int_100_off_90_percentage_74_position_1-86 genomicbackground,1812,2,1812_2
query_1813,0,genomicbackground,1,riboswitch,0.9988396763801575,1813_2_RF01056_2_NC_000913.3_4467215-4467731_ext_140-340_int_100_off_95_percentage_70_position_1-81 genomicbackground,1813,2,1813_2
query_1814,0,genomicbackground,1,riboswitch,0.9980691075325012,1814_2_RF01056_2_NC_000913.3_4467215-4467731_ext_140-340_int_100_off_100_percentage_66_position_1-76 genomicbackground,1814,2,1814_2
query_1815,0,genomicbackground,0,genomicbackground,0.0004839877365157008,1815_2_RF01056_2_NC_000913.3_4467215-4467731_ext_140-340_int_105_off_0_percentage_39_position_61-105 genomicbackground,1815,2,1815_2
query_1816,0,genomicbackground,0,genomicbackground,0.0005915419897064567,1816_2_RF01056_2_NC_000913.3_4467215-4467731_ext_140-340_int_105_off_5_percentage_43_position_56-105 genomicbackground,1816,2,1816_2
query_1817,0,genomicbackground,0,genomicbackground,0.0008308676769956946,1817_2_RF01056_2_NC_000913.3_4467215-4467731_ext_140-340_int_105_off_10_percentage_47_position_51-105 genomicbackground,1817,2,1817_2
query_1818,0,genomicbackground,0,genomicbackground,0.027626674622297287,1818_2_RF01056_2_NC_000913.3_4467215-4467731_ext_140-340_int_105_off_15_percentage_52_position_46-105 genomicbackground,1818,2,1818_2
query_1819,0,genomicbackground,0,genomicbackground,0.03937867283821106,1819_2_RF01056_2_NC_000913.3_4467215-4467731_ext_140-340_int_105_off_20_percentage_56_position_41-105 genomicbackground,1819,2,1819_2
query_1820,0,genomicbackground,1,riboswitch,0.8640634417533875,1820_2_RF01056_2_NC_000913.3_4467215-4467731_ext_140-340_int_105_off_25_percentage_60_position_36-105 genomicbackground,1820,2,1820_2
query_1821,0,genomicbackground,1,riboswitch,0.9412331581115723,1821_2_RF01056_2_NC_000913.3_4467215-4467731_ext_140-340_int_105_off_30_percentage_65_position_31-105 genomicbackground,1821,2,1821_2
query_1822,0,genomicbackground,1,riboswitch,0.9706266522407532,1822_2_RF01056_2_NC_000913.3_4467215-4467731_ext_140-340_int_105_off_35_percentage_69_position_26-105 genomicbackground,1822,2,1822_2
query_1823,0,genomicbackground,1,riboswitch,0.9820317029953003,1823_2_RF01056_2_NC_000913.3_4467215-4467731_ext_140-340_int_105_off_40_percentage_73_position_21-105 genomicbackground,1823,2,1823_2
query_1824,1,riboswitch,1,riboswitch,0.9947863817214966,1824_2_RF01056_2_NC_000913.3_4467215-4467731_ext_140-340_int_105_off_45_percentage_78_position_16-105 riboswitch,1824,2,1824_2
query_1825,1,riboswitch,1,riboswitch,0.9614511132240295,1825_2_RF01056_2_NC_000913.3_4467215-4467731_ext_140-340_int_105_off_50_percentage_82_position_11-105 riboswitch,1825,2,1825_2
query_1826,1,riboswitch,1,riboswitch,0.9926902651786804,1826_2_RF01056_2_NC_000913.3_4467215-4467731_ext_140-340_int_105_off_55_percentage_86_position_6-105 riboswitch,1826,2,1826_2
query_1827,1,riboswitch,1,riboswitch,0.9907317757606506,1827_2_RF01056_2_NC_000913.3_4467215-4467731_ext_140-340_int_105_off_60_percentage_91_position_1-105 riboswitch,1827,2,1827_2
query_1828,1,riboswitch,1,riboswitch,0.9982900023460388,1828_2_RF01056_2_NC_000913.3_4467215-4467731_ext_140-340_int_105_off_65_percentage_91_position_1-105 riboswitch,1828,2,1828_2
query_1829,1,riboswitch,1,riboswitch,0.9942027926445007,1829_2_RF01056_2_NC_000913.3_4467215-4467731_ext_140-340_int_105_off_70_percentage_91_position_1-105 riboswitch,1829,2,1829_2
query_1830,1,riboswitch,1,riboswitch,0.9973005652427673,1830_2_RF01056_2_NC_000913.3_4467215-4467731_ext_140-340_int_105_off_75_percentage_87_position_1-101 riboswitch,1830,2,1830_2
query_1831,1,riboswitch,1,riboswitch,0.9992000460624695,1831_2_RF01056_2_NC_000913.3_4467215-4467731_ext_140-340_int_105_off_80_percentage_83_position_1-96 riboswitch,1831,2,1831_2
query_1832,1,riboswitch,1,riboswitch,0.9987940788269043,1832_2_RF01056_2_NC_000913.3_4467215-4467731_ext_140-340_int_105_off_85_percentage_78_position_1-91 riboswitch,1832,2,1832_2
query_1833,0,genomicbackground,1,riboswitch,0.9992160797119141,1833_2_RF01056_2_NC_000913.3_4467215-4467731_ext_140-340_int_105_off_90_percentage_74_position_1-86 genomicbackground,1833,2,1833_2
query_1834,0,genomicbackground,1,riboswitch,0.999119222164154,1834_2_RF01056_2_NC_000913.3_4467215-4467731_ext_140-340_int_105_off_95_percentage_70_position_1-81 genomicbackground,1834,2,1834_2
query_1835,0,genomicbackground,0,genomicbackground,0.0005187693750485778,1835_2_RF01056_2_NC_000913.3_4467215-4467731_ext_140-340_int_110_off_0_percentage_43_position_61-110 genomicbackground,1835,2,1835_2
query_1836,0,genomicbackground,0,genomicbackground,0.0007919032359495759,1836_2_RF01056_2_NC_000913.3_4467215-4467731_ext_140-340_int_110_off_5_percentage_47_position_56-110 genomicbackground,1836,2,1836_2
query_1837,0,genomicbackground,0,genomicbackground,0.0006883784662932158,1837_2_RF01056_2_NC_000913.3_4467215-4467731_ext_140-340_int_110_off_10_percentage_52_position_51-110 genomicbackground,1837,2,1837_2
query_1838,0,genomicbackground,0,genomicbackground,0.0006325056892819703,1838_2_RF01056_2_NC_000913.3_4467215-4467731_ext_140-340_int_110_off_15_percentage_56_position_46-110 genomicbackground,1838,2,1838_2
query_1839,0,genomicbackground,0,genomicbackground,0.21119335293769836,1839_2_RF01056_2_NC_000913.3_4467215-4467731_ext_140-340_int_110_off_20_percentage_60_position_41-110 genomicbackground,1839,2,1839_2
query_1840,0,genomicbackground,1,riboswitch,0.8572386503219604,1840_2_RF01056_2_NC_000913.3_4467215-4467731_ext_140-340_int_110_off_25_percentage_65_position_36-110 genomicbackground,1840,2,1840_2
query_1841,0,genomicbackground,1,riboswitch,0.9616268873214722,1841_2_RF01056_2_NC_000913.3_4467215-4467731_ext_140-340_int_110_off_30_percentage_69_position_31-110 genomicbackground,1841,2,1841_2
query_1842,0,genomicbackground,1,riboswitch,0.948341429233551,1842_2_RF01056_2_NC_000913.3_4467215-4467731_ext_140-340_int_110_off_35_percentage_73_position_26-110 genomicbackground,1842,2,1842_2
query_1843,1,riboswitch,1,riboswitch,0.9916157126426697,1843_2_RF01056_2_NC_000913.3_4467215-4467731_ext_140-340_int_110_off_40_percentage_78_position_21-110 riboswitch,1843,2,1843_2
query_1844,1,riboswitch,1,riboswitch,0.9112993478775024,1844_2_RF01056_2_NC_000913.3_4467215-4467731_ext_140-340_int_110_off_45_percentage_82_position_16-110 riboswitch,1844,2,1844_2
query_1845,1,riboswitch,1,riboswitch,0.9924005270004272,1845_2_RF01056_2_NC_000913.3_4467215-4467731_ext_140-340_int_110_off_50_percentage_86_position_11-110 riboswitch,1845,2,1845_2
query_1846,1,riboswitch,1,riboswitch,0.9740856289863586,1846_2_RF01056_2_NC_000913.3_4467215-4467731_ext_140-340_int_110_off_55_percentage_91_position_6-110 riboswitch,1846,2,1846_2
query_1847,1,riboswitch,1,riboswitch,0.9939212799072266,1847_2_RF01056_2_NC_000913.3_4467215-4467731_ext_140-340_int_110_off_60_percentage_95_position_1-110 riboswitch,1847,2,1847_2
query_1848,1,riboswitch,1,riboswitch,0.998290479183197,1848_2_RF01056_2_NC_000913.3_4467215-4467731_ext_140-340_int_110_off_65_percentage_95_position_1-110 riboswitch,1848,2,1848_2
query_1849,1,riboswitch,1,riboswitch,0.9925676584243774,1849_2_RF01056_2_NC_000913.3_4467215-4467731_ext_140-340_int_110_off_70_percentage_91_position_1-106 riboswitch,1849,2,1849_2
query_1850,1,riboswitch,1,riboswitch,0.999416708946228,1850_2_RF01056_2_NC_000913.3_4467215-4467731_ext_140-340_int_110_off_75_percentage_87_position_1-101 riboswitch,1850,2,1850_2
query_1851,1,riboswitch,1,riboswitch,0.9992374181747437,1851_2_RF01056_2_NC_000913.3_4467215-4467731_ext_140-340_int_110_off_80_percentage_83_position_1-96 riboswitch,1851,2,1851_2
query_1852,1,riboswitch,1,riboswitch,0.9987995624542236,1852_2_RF01056_2_NC_000913.3_4467215-4467731_ext_140-340_int_110_off_85_percentage_78_position_1-91 riboswitch,1852,2,1852_2
query_1853,0,genomicbackground,1,riboswitch,0.998842716217041,1853_2_RF01056_2_NC_000913.3_4467215-4467731_ext_140-340_int_110_off_90_percentage_74_position_1-86 genomicbackground,1853,2,1853_2
query_1854,0,genomicbackground,0,genomicbackground,0.0006544408388435841,1854_2_RF01056_2_NC_000913.3_4467215-4467731_ext_140-340_int_115_off_0_percentage_47_position_61-115 genomicbackground,1854,2,1854_2
query_1855,0,genomicbackground,0,genomicbackground,0.0006736931391060352,1855_2_RF01056_2_NC_000913.3_4467215-4467731_ext_140-340_int_115_off_5_percentage_52_position_56-115 genomicbackground,1855,2,1855_2
query_1856,0,genomicbackground,0,genomicbackground,0.0009434554376639426,1856_2_RF01056_2_NC_000913.3_4467215-4467731_ext_140-340_int_115_off_10_percentage_56_position_51-115 genomicbackground,1856,2,1856_2
query_1857,0,genomicbackground,0,genomicbackground,0.0007865923107601702,1857_2_RF01056_2_NC_000913.3_4467215-4467731_ext_140-340_int_115_off_15_percentage_60_position_46-115 genomicbackground,1857,2,1857_2
query_1858,0,genomicbackground,0,genomicbackground,0.24409647285938263,1858_2_RF01056_2_NC_000913.3_4467215-4467731_ext_140-340_int_115_off_20_percentage_65_position_41-115 genomicbackground,1858,2,1858_2
query_1859,0,genomicbackground,1,riboswitch,0.9042164087295532,1859_2_RF01056_2_NC_000913.3_4467215-4467731_ext_140-340_int_115_off_25_percentage_69_position_36-115 genomicbackground,1859,2,1859_2
query_1860,0,genomicbackground,1,riboswitch,0.9320966601371765,1860_2_RF01056_2_NC_000913.3_4467215-4467731_ext_140-340_int_115_off_30_percentage_73_position_31-115 genomicbackground,1860,2,1860_2
query_1861,1,riboswitch,1,riboswitch,0.967645525932312,1861_2_RF01056_2_NC_000913.3_4467215-4467731_ext_140-340_int_115_off_35_percentage_78_position_26-115 riboswitch,1861,2,1861_2
query_1862,1,riboswitch,1,riboswitch,0.7270244359970093,1862_2_RF01056_2_NC_000913.3_4467215-4467731_ext_140-340_int_115_off_40_percentage_82_position_21-115 riboswitch,1862,2,1862_2
query_1863,1,riboswitch,1,riboswitch,0.9763047695159912,1863_2_RF01056_2_NC_000913.3_4467215-4467731_ext_140-340_int_115_off_45_percentage_86_position_16-115 riboswitch,1863,2,1863_2
query_1864,1,riboswitch,1,riboswitch,0.9625537991523743,1864_2_RF01056_2_NC_000913.3_4467215-4467731_ext_140-340_int_115_off_50_percentage_91_position_11-115 riboswitch,1864,2,1864_2
query_1865,1,riboswitch,1,riboswitch,0.9951399564743042,1865_2_RF01056_2_NC_000913.3_4467215-4467731_ext_140-340_int_115_off_55_percentage_95_position_6-115 riboswitch,1865,2,1865_2
query_1866,1,riboswitch,1,riboswitch,0.9941219687461853,1866_2_RF01056_2_NC_000913.3_4467215-4467731_ext_140-340_int_115_off_60_percentage_99_position_1-115 riboswitch,1866,2,1866_2
query_1867,1,riboswitch,1,riboswitch,0.9982510209083557,1867_2_RF01056_2_NC_000913.3_4467215-4467731_ext_140-340_int_115_off_65_percentage_96_position_1-111 riboswitch,1867,2,1867_2
query_1868,1,riboswitch,1,riboswitch,0.997421383857727,1868_2_RF01056_2_NC_000913.3_4467215-4467731_ext_140-340_int_115_off_70_percentage_91_position_1-106 riboswitch,1868,2,1868_2
query_1869,1,riboswitch,1,riboswitch,0.9994633793830872,1869_2_RF01056_2_NC_000913.3_4467215-4467731_ext_140-340_int_115_off_75_percentage_87_position_1-101 riboswitch,1869,2,1869_2
query_1870,1,riboswitch,1,riboswitch,0.9992398023605347,1870_2_RF01056_2_NC_000913.3_4467215-4467731_ext_140-340_int_115_off_80_percentage_83_position_1-96 riboswitch,1870,2,1870_2
query_1871,1,riboswitch,1,riboswitch,0.9989277720451355,1871_2_RF01056_2_NC_000913.3_4467215-4467731_ext_140-340_int_115_off_85_percentage_78_position_1-91 riboswitch,1871,2,1871_2
query_1872,0,genomicbackground,0,genomicbackground,0.000588727998547256,1872_2_RF01056_2_NC_000913.3_4467215-4467731_ext_140-340_int_120_off_0_percentage_52_position_61-120 genomicbackground,1872,2,1872_2
query_1873,0,genomicbackground,0,genomicbackground,0.0008029540767893195,1873_2_RF01056_2_NC_000913.3_4467215-4467731_ext_140-340_int_120_off_5_percentage_56_position_56-120 genomicbackground,1873,2,1873_2
query_1874,0,genomicbackground,0,genomicbackground,0.000900199927855283,1874_2_RF01056_2_NC_000913.3_4467215-4467731_ext_140-340_int_120_off_10_percentage_60_position_51-120 genomicbackground,1874,2,1874_2
query_1875,0,genomicbackground,0,genomicbackground,0.0007710855570621789,1875_2_RF01056_2_NC_000913.3_4467215-4467731_ext_140-340_int_120_off_15_percentage_65_position_46-120 genomicbackground,1875,2,1875_2
query_1876,0,genomicbackground,0,genomicbackground,0.33010977506637573,1876_2_RF01056_2_NC_000913.3_4467215-4467731_ext_140-340_int_120_off_20_percentage_69_position_41-120 genomicbackground,1876,2,1876_2
query_1877,0,genomicbackground,1,riboswitch,0.8462104201316833,1877_2_RF01056_2_NC_000913.3_4467215-4467731_ext_140-340_int_120_off_25_percentage_73_position_36-120 genomicbackground,1877,2,1877_2
query_1878,1,riboswitch,1,riboswitch,0.9476106762886047,1878_2_RF01056_2_NC_000913.3_4467215-4467731_ext_140-340_int_120_off_30_percentage_78_position_31-120 riboswitch,1878,2,1878_2
query_1879,1,riboswitch,0,genomicbackground,0.2201545238494873,1879_2_RF01056_2_NC_000913.3_4467215-4467731_ext_140-340_int_120_off_35_percentage_82_position_26-120 riboswitch,1879,2,1879_2
query_1880,1,riboswitch,1,riboswitch,0.9695556163787842,1880_2_RF01056_2_NC_000913.3_4467215-4467731_ext_140-340_int_120_off_40_percentage_86_position_21-120 riboswitch,1880,2,1880_2
query_1881,1,riboswitch,1,riboswitch,0.9703601002693176,1881_2_RF01056_2_NC_000913.3_4467215-4467731_ext_140-340_int_120_off_45_percentage_91_position_16-120 riboswitch,1881,2,1881_2
query_1882,1,riboswitch,1,riboswitch,0.995005190372467,1882_2_RF01056_2_NC_000913.3_4467215-4467731_ext_140-340_int_120_off_50_percentage_95_position_11-120 riboswitch,1882,2,1882_2
query_1883,1,riboswitch,1,riboswitch,0.9951091408729553,1883_2_RF01056_2_NC_000913.3_4467215-4467731_ext_140-340_int_120_off_55_percentage_99_position_6-120 riboswitch,1883,2,1883_2
query_1884,1,riboswitch,1,riboswitch,0.9937719702720642,1884_2_RF01056_2_NC_000913.3_4467215-4467731_ext_140-340_int_120_off_60_percentage_100_position_1-116 riboswitch,1884,2,1884_2
query_1885,1,riboswitch,1,riboswitch,0.9894707202911377,1885_2_RF01056_2_NC_000913.3_4467215-4467731_ext_140-340_int_120_off_65_percentage_96_position_1-111 riboswitch,1885,2,1885_2
query_1886,1,riboswitch,1,riboswitch,0.9993322491645813,1886_2_RF01056_2_NC_000913.3_4467215-4467731_ext_140-340_int_120_off_70_percentage_91_position_1-106 riboswitch,1886,2,1886_2
query_1887,1,riboswitch,1,riboswitch,0.9994693398475647,1887_2_RF01056_2_NC_000913.3_4467215-4467731_ext_140-340_int_120_off_75_percentage_87_position_1-101 riboswitch,1887,2,1887_2
query_1888,1,riboswitch,1,riboswitch,0.9992849230766296,1888_2_RF01056_2_NC_000913.3_4467215-4467731_ext_140-340_int_120_off_80_percentage_83_position_1-96 riboswitch,1888,2,1888_2
query_1889,0,genomicbackground,0,genomicbackground,0.0006117822485975921,1889_2_RF01056_2_NC_000913.3_4467215-4467731_ext_140-340_int_125_off_0_percentage_56_position_61-125 genomicbackground,1889,2,1889_2
query_1890,0,genomicbackground,0,genomicbackground,0.0008438231889158487,1890_2_RF01056_2_NC_000913.3_4467215-4467731_ext_140-340_int_125_off_5_percentage_60_position_56-125 genomicbackground,1890,2,1890_2
query_1891,0,genomicbackground,0,genomicbackground,0.0008560017449781299,1891_2_RF01056_2_NC_000913.3_4467215-4467731_ext_140-340_int_125_off_10_percentage_65_position_51-125 genomicbackground,1891,2,1891_2
query_1892,0,genomicbackground,0,genomicbackground,0.0008056398946791887,1892_2_RF01056_2_NC_000913.3_4467215-4467731_ext_140-340_int_125_off_15_percentage_69_position_46-125 genomicbackground,1892,2,1892_2
query_1893,0,genomicbackground,0,genomicbackground,0.2229190617799759,1893_2_RF01056_2_NC_000913.3_4467215-4467731_ext_140-340_int_125_off_20_percentage_73_position_41-125 genomicbackground,1893,2,1893_2
query_1894,1,riboswitch,1,riboswitch,0.696610689163208,1894_2_RF01056_2_NC_000913.3_4467215-4467731_ext_140-340_int_125_off_25_percentage_78_position_36-125 riboswitch,1894,2,1894_2
query_1895,1,riboswitch,1,riboswitch,0.7223793864250183,1895_2_RF01056_2_NC_000913.3_4467215-4467731_ext_140-340_int_125_off_30_percentage_82_position_31-125 riboswitch,1895,2,1895_2
query_1896,1,riboswitch,1,riboswitch,0.9350088834762573,1896_2_RF01056_2_NC_000913.3_4467215-4467731_ext_140-340_int_125_off_35_percentage_86_position_26-125 riboswitch,1896,2,1896_2
query_1897,1,riboswitch,1,riboswitch,0.9611287713050842,1897_2_RF01056_2_NC_000913.3_4467215-4467731_ext_140-340_int_125_off_40_percentage_91_position_21-125 riboswitch,1897,2,1897_2
query_1898,1,riboswitch,1,riboswitch,0.9864887595176697,1898_2_RF01056_2_NC_000913.3_4467215-4467731_ext_140-340_int_125_off_45_percentage_95_position_16-125 riboswitch,1898,2,1898_2
query_1899,1,riboswitch,1,riboswitch,0.9950157999992371,1899_2_RF01056_2_NC_000913.3_4467215-4467731_ext_140-340_int_125_off_50_percentage_99_position_11-125 riboswitch,1899,2,1899_2
query_1900,1,riboswitch,1,riboswitch,0.9948678016662598,1900_2_RF01056_2_NC_000913.3_4467215-4467731_ext_140-340_int_125_off_55_percentage_100_position_6-121 riboswitch,1900,2,1900_2
query_1901,1,riboswitch,1,riboswitch,0.9939117431640625,1901_2_RF01056_2_NC_000913.3_4467215-4467731_ext_140-340_int_125_off_60_percentage_100_position_1-116 riboswitch,1901,2,1901_2
query_1902,1,riboswitch,1,riboswitch,0.9992467164993286,1902_2_RF01056_2_NC_000913.3_4467215-4467731_ext_140-340_int_125_off_65_percentage_96_position_1-111 riboswitch,1902,2,1902_2
query_1903,1,riboswitch,1,riboswitch,0.9993359446525574,1903_2_RF01056_2_NC_000913.3_4467215-4467731_ext_140-340_int_125_off_70_percentage_91_position_1-106 riboswitch,1903,2,1903_2
query_1904,1,riboswitch,1,riboswitch,0.9994858503341675,1904_2_RF01056_2_NC_000913.3_4467215-4467731_ext_140-340_int_125_off_75_percentage_87_position_1-101 riboswitch,1904,2,1904_2
query_1905,0,genomicbackground,0,genomicbackground,0.000710780790541321,1905_2_RF01056_2_NC_000913.3_4467215-4467731_ext_140-340_int_130_off_0_percentage_60_position_61-130 genomicbackground,1905,2,1905_2
query_1906,0,genomicbackground,0,genomicbackground,0.0008180654840543866,1906_2_RF01056_2_NC_000913.3_4467215-4467731_ext_140-340_int_130_off_5_percentage_65_position_56-130 genomicbackground,1906,2,1906_2
query_1907,0,genomicbackground,0,genomicbackground,0.0009322699625045061,1907_2_RF01056_2_NC_000913.3_4467215-4467731_ext_140-340_int_130_off_10_percentage_69_position_51-130 genomicbackground,1907,2,1907_2
query_1908,0,genomicbackground,0,genomicbackground,0.0007713804370723665,1908_2_RF01056_2_NC_000913.3_4467215-4467731_ext_140-340_int_130_off_15_percentage_73_position_46-130 genomicbackground,1908,2,1908_2
query_1909,1,riboswitch,0,genomicbackground,0.06619194149971008,1909_2_RF01056_2_NC_000913.3_4467215-4467731_ext_140-340_int_130_off_20_percentage_78_position_41-130 riboswitch,1909,2,1909_2
query_1910,1,riboswitch,1,riboswitch,0.7519503831863403,1910_2_RF01056_2_NC_000913.3_4467215-4467731_ext_140-340_int_130_off_25_percentage_82_position_36-130 riboswitch,1910,2,1910_2
query_1911,1,riboswitch,1,riboswitch,0.9632647037506104,1911_2_RF01056_2_NC_000913.3_4467215-4467731_ext_140-340_int_130_off_30_percentage_86_position_31-130 riboswitch,1911,2,1911_2
query_1912,1,riboswitch,1,riboswitch,0.9093623757362366,1912_2_RF01056_2_NC_000913.3_4467215-4467731_ext_140-340_int_130_off_35_percentage_91_position_26-130 riboswitch,1912,2,1912_2
query_1913,1,riboswitch,1,riboswitch,0.9822836518287659,1913_2_RF01056_2_NC_000913.3_4467215-4467731_ext_140-340_int_130_off_40_percentage_95_position_21-130 riboswitch,1913,2,1913_2
query_1914,1,riboswitch,1,riboswitch,0.9882569909095764,1914_2_RF01056_2_NC_000913.3_4467215-4467731_ext_140-340_int_130_off_45_percentage_99_position_16-130 riboswitch,1914,2,1914_2
query_1915,1,riboswitch,1,riboswitch,0.9947429895401001,1915_2_RF01056_2_NC_000913.3_4467215-4467731_ext_140-340_int_130_off_50_percentage_100_position_11-126 riboswitch,1915,2,1915_2
query_1916,1,riboswitch,1,riboswitch,0.9951440095901489,1916_2_RF01056_2_NC_000913.3_4467215-4467731_ext_140-340_int_130_off_55_percentage_100_position_6-121 riboswitch,1916,2,1916_2
query_1917,1,riboswitch,1,riboswitch,0.9989272952079773,1917_2_RF01056_2_NC_000913.3_4467215-4467731_ext_140-340_int_130_off_60_percentage_100_position_1-116 riboswitch,1917,2,1917_2
query_1918,1,riboswitch,1,riboswitch,0.9992700219154358,1918_2_RF01056_2_NC_000913.3_4467215-4467731_ext_140-340_int_130_off_65_percentage_96_position_1-111 riboswitch,1918,2,1918_2
query_1919,1,riboswitch,1,riboswitch,0.999357283115387,1919_2_RF01056_2_NC_000913.3_4467215-4467731_ext_140-340_int_130_off_70_percentage_91_position_1-106 riboswitch,1919,2,1919_2
query_1920,0,genomicbackground,0,genomicbackground,0.0007023897487670183,1920_2_RF01056_2_NC_000913.3_4467215-4467731_ext_140-340_int_135_off_0_percentage_65_position_61-135 genomicbackground,1920,2,1920_2
query_1921,0,genomicbackground,0,genomicbackground,0.0008842322276905179,1921_2_RF01056_2_NC_000913.3_4467215-4467731_ext_140-340_int_135_off_5_percentage_69_position_56-135 genomicbackground,1921,2,1921_2
query_1922,0,genomicbackground,0,genomicbackground,0.0008645117050036788,1922_2_RF01056_2_NC_000913.3_4467215-4467731_ext_140-340_int_135_off_10_percentage_73_position_51-135 genomicbackground,1922,2,1922_2
query_1923,1,riboswitch,0,genomicbackground,0.0007992209284566343,1923_2_RF01056_2_NC_000913.3_4467215-4467731_ext_140-340_int_135_off_15_percentage_78_position_46-135 riboswitch,1923,2,1923_2
query_1924,1,riboswitch,0,genomicbackground,0.09553056210279465,1924_2_RF01056_2_NC_000913.3_4467215-4467731_ext_140-340_int_135_off_20_percentage_82_position_41-135 riboswitch,1924,2,1924_2
query_1925,1,riboswitch,1,riboswitch,0.971817135810852,1925_2_RF01056_2_NC_000913.3_4467215-4467731_ext_140-340_int_135_off_25_percentage_86_position_36-135 riboswitch,1925,2,1925_2
query_1926,1,riboswitch,1,riboswitch,0.9509782791137695,1926_2_RF01056_2_NC_000913.3_4467215-4467731_ext_140-340_int_135_off_30_percentage_91_position_31-135 riboswitch,1926,2,1926_2
query_1927,1,riboswitch,1,riboswitch,0.9668307900428772,1927_2_RF01056_2_NC_000913.3_4467215-4467731_ext_140-340_int_135_off_35_percentage_95_position_26-135 riboswitch,1927,2,1927_2
query_1928,1,riboswitch,1,riboswitch,0.9852345585823059,1928_2_RF01056_2_NC_000913.3_4467215-4467731_ext_140-340_int_135_off_40_percentage_99_position_21-135 riboswitch,1928,2,1928_2
query_1929,1,riboswitch,1,riboswitch,0.9869602918624878,1929_2_RF01056_2_NC_000913.3_4467215-4467731_ext_140-340_int_135_off_45_percentage_100_position_16-131 riboswitch,1929,2,1929_2
query_1930,1,riboswitch,1,riboswitch,0.9947250485420227,1930_2_RF01056_2_NC_000913.3_4467215-4467731_ext_140-340_int_135_off_50_percentage_100_position_11-126 riboswitch,1930,2,1930_2
query_1931,1,riboswitch,1,riboswitch,0.9983014464378357,1931_2_RF01056_2_NC_000913.3_4467215-4467731_ext_140-340_int_135_off_55_percentage_100_position_6-121 riboswitch,1931,2,1931_2
query_1932,1,riboswitch,1,riboswitch,0.9989069700241089,1932_2_RF01056_2_NC_000913.3_4467215-4467731_ext_140-340_int_135_off_60_percentage_100_position_1-116 riboswitch,1932,2,1932_2
query_1933,1,riboswitch,1,riboswitch,0.9992013573646545,1933_2_RF01056_2_NC_000913.3_4467215-4467731_ext_140-340_int_135_off_65_percentage_96_position_1-111 riboswitch,1933,2,1933_2
query_1934,0,genomicbackground,0,genomicbackground,0.000737688154913485,1934_2_RF01056_2_NC_000913.3_4467215-4467731_ext_140-340_int_140_off_0_percentage_69_position_61-140 genomicbackground,1934,2,1934_2
query_1935,0,genomicbackground,0,genomicbackground,0.000833375786896795,1935_2_RF01056_2_NC_000913.3_4467215-4467731_ext_140-340_int_140_off_5_percentage_73_position_56-140 genomicbackground,1935,2,1935_2
query_1936,1,riboswitch,0,genomicbackground,0.0009382360731251538,1936_2_RF01056_2_NC_000913.3_4467215-4467731_ext_140-340_int_140_off_10_percentage_78_position_51-140 riboswitch,1936,2,1936_2
query_1937,1,riboswitch,0,genomicbackground,0.02203117311000824,1937_2_RF01056_2_NC_000913.3_4467215-4467731_ext_140-340_int_140_off_15_percentage_82_position_46-140 riboswitch,1937,2,1937_2
query_1938,1,riboswitch,1,riboswitch,0.7568262815475464,1938_2_RF01056_2_NC_000913.3_4467215-4467731_ext_140-340_int_140_off_20_percentage_86_position_41-140 riboswitch,1938,2,1938_2
query_1939,1,riboswitch,1,riboswitch,0.9618285894393921,1939_2_RF01056_2_NC_000913.3_4467215-4467731_ext_140-340_int_140_off_25_percentage_91_position_36-140 riboswitch,1939,2,1939_2
query_1940,1,riboswitch,1,riboswitch,0.9595171213150024,1940_2_RF01056_2_NC_000913.3_4467215-4467731_ext_140-340_int_140_off_30_percentage_95_position_31-140 riboswitch,1940,2,1940_2
query_1941,1,riboswitch,1,riboswitch,0.9753536581993103,1941_2_RF01056_2_NC_000913.3_4467215-4467731_ext_140-340_int_140_off_35_percentage_99_position_26-140 riboswitch,1941,2,1941_2
query_1942,1,riboswitch,1,riboswitch,0.9833440184593201,1942_2_RF01056_2_NC_000913.3_4467215-4467731_ext_140-340_int_140_off_40_percentage_100_position_21-136 riboswitch,1942,2,1942_2
query_1943,1,riboswitch,1,riboswitch,0.9981744289398193,1943_2_RF01056_2_NC_000913.3_4467215-4467731_ext_140-340_int_140_off_45_percentage_100_position_16-131 riboswitch,1943,2,1943_2
query_1944,1,riboswitch,1,riboswitch,0.9975457787513733,1944_2_RF01056_2_NC_000913.3_4467215-4467731_ext_140-340_int_140_off_50_percentage_100_position_11-126 riboswitch,1944,2,1944_2
query_1945,1,riboswitch,1,riboswitch,0.9980200529098511,1945_2_RF01056_2_NC_000913.3_4467215-4467731_ext_140-340_int_140_off_55_percentage_100_position_6-121 riboswitch,1945,2,1945_2
query_1946,1,riboswitch,1,riboswitch,0.999203622341156,1946_2_RF01056_2_NC_000913.3_4467215-4467731_ext_140-340_int_140_off_60_percentage_100_position_1-116 riboswitch,1946,2,1946_2
query_1947,0,genomicbackground,0,genomicbackground,0.0007086903206072748,1947_2_RF01056_2_NC_000913.3_4467215-4467731_ext_140-340_int_145_off_0_percentage_73_position_61-145 genomicbackground,1947,2,1947_2
query_1948,1,riboswitch,0,genomicbackground,0.0009109567035920918,1948_2_RF01056_2_NC_000913.3_4467215-4467731_ext_140-340_int_145_off_5_percentage_78_position_56-145 riboswitch,1948,2,1948_2
query_1949,1,riboswitch,0,genomicbackground,0.0007683090516366065,1949_2_RF01056_2_NC_000913.3_4467215-4467731_ext_140-340_int_145_off_10_percentage_82_position_51-145 riboswitch,1949,2,1949_2
query_1950,1,riboswitch,0,genomicbackground,0.05794551596045494,1950_2_RF01056_2_NC_000913.3_4467215-4467731_ext_140-340_int_145_off_15_percentage_86_position_46-145 riboswitch,1950,2,1950_2
query_1951,1,riboswitch,1,riboswitch,0.6023236513137817,1951_2_RF01056_2_NC_000913.3_4467215-4467731_ext_140-340_int_145_off_20_percentage_91_position_41-145 riboswitch,1951,2,1951_2
query_1952,1,riboswitch,1,riboswitch,0.9750880002975464,1952_2_RF01056_2_NC_000913.3_4467215-4467731_ext_140-340_int_145_off_25_percentage_95_position_36-145 riboswitch,1952,2,1952_2
query_1953,1,riboswitch,1,riboswitch,0.9708160758018494,1953_2_RF01056_2_NC_000913.3_4467215-4467731_ext_140-340_int_145_off_30_percentage_99_position_31-145 riboswitch,1953,2,1953_2
query_1954,1,riboswitch,1,riboswitch,0.9711858630180359,1954_2_RF01056_2_NC_000913.3_4467215-4467731_ext_140-340_int_145_off_35_percentage_100_position_26-141 riboswitch,1954,2,1954_2
query_1955,1,riboswitch,1,riboswitch,0.9981831908226013,1955_2_RF01056_2_NC_000913.3_4467215-4467731_ext_140-340_int_145_off_40_percentage_100_position_21-136 riboswitch,1955,2,1955_2
query_1956,1,riboswitch,1,riboswitch,0.9980525970458984,1956_2_RF01056_2_NC_000913.3_4467215-4467731_ext_140-340_int_145_off_45_percentage_100_position_16-131 riboswitch,1956,2,1956_2
query_1957,1,riboswitch,1,riboswitch,0.9932169318199158,1957_2_RF01056_2_NC_000913.3_4467215-4467731_ext_140-340_int_145_off_50_percentage_100_position_11-126 riboswitch,1957,2,1957_2
query_1958,1,riboswitch,1,riboswitch,0.998994767665863,1958_2_RF01056_2_NC_000913.3_4467215-4467731_ext_140-340_int_145_off_55_percentage_100_position_6-121 riboswitch,1958,2,1958_2
query_1959,1,riboswitch,0,genomicbackground,0.0007012880523689091,1959_2_RF01056_2_NC_000913.3_4467215-4467731_ext_140-340_int_150_off_0_percentage_78_position_61-150 riboswitch,1959,2,1959_2
query_1960,1,riboswitch,0,genomicbackground,0.0007926724501885474,1960_2_RF01056_2_NC_000913.3_4467215-4467731_ext_140-340_int_150_off_5_percentage_82_position_56-150 riboswitch,1960,2,1960_2
query_1961,1,riboswitch,0,genomicbackground,0.015363059937953949,1961_2_RF01056_2_NC_000913.3_4467215-4467731_ext_140-340_int_150_off_10_percentage_86_position_51-150 riboswitch,1961,2,1961_2
query_1962,1,riboswitch,0,genomicbackground,0.042119089514017105,1962_2_RF01056_2_NC_000913.3_4467215-4467731_ext_140-340_int_150_off_15_percentage_91_position_46-150 riboswitch,1962,2,1962_2
query_1963,1,riboswitch,1,riboswitch,0.8374732732772827,1963_2_RF01056_2_NC_000913.3_4467215-4467731_ext_140-340_int_150_off_20_percentage_95_position_41-150 riboswitch,1963,2,1963_2
query_1964,1,riboswitch,1,riboswitch,0.9777895212173462,1964_2_RF01056_2_NC_000913.3_4467215-4467731_ext_140-340_int_150_off_25_percentage_99_position_36-150 riboswitch,1964,2,1964_2
query_1965,1,riboswitch,1,riboswitch,0.9657217860221863,1965_2_RF01056_2_NC_000913.3_4467215-4467731_ext_140-340_int_150_off_30_percentage_100_position_31-146 riboswitch,1965,2,1965_2
query_1966,1,riboswitch,1,riboswitch,0.9972857236862183,1966_2_RF01056_2_NC_000913.3_4467215-4467731_ext_140-340_int_150_off_35_percentage_100_position_26-141 riboswitch,1966,2,1966_2
query_1967,1,riboswitch,1,riboswitch,0.9981168508529663,1967_2_RF01056_2_NC_000913.3_4467215-4467731_ext_140-340_int_150_off_40_percentage_100_position_21-136 riboswitch,1967,2,1967_2
query_1968,1,riboswitch,1,riboswitch,0.9977280497550964,1968_2_RF01056_2_NC_000913.3_4467215-4467731_ext_140-340_int_150_off_45_percentage_100_position_16-131 riboswitch,1968,2,1968_2
query_1969,1,riboswitch,1,riboswitch,0.9989972710609436,1969_2_RF01056_2_NC_000913.3_4467215-4467731_ext_140-340_int_150_off_50_percentage_100_position_11-126 riboswitch,1969,2,1969_2
query_1970,1,riboswitch,0,genomicbackground,0.0006598687032237649,1970_2_RF01056_2_NC_000913.3_4467215-4467731_ext_140-340_int_155_off_0_percentage_82_position_61-155 riboswitch,1970,2,1970_2
query_1971,1,riboswitch,0,genomicbackground,0.005888024345040321,1971_2_RF01056_2_NC_000913.3_4467215-4467731_ext_140-340_int_155_off_5_percentage_86_position_56-155 riboswitch,1971,2,1971_2
query_1972,1,riboswitch,0,genomicbackground,0.0009535497520118952,1972_2_RF01056_2_NC_000913.3_4467215-4467731_ext_140-340_int_155_off_10_percentage_91_position_51-155 riboswitch,1972,2,1972_2
query_1973,1,riboswitch,0,genomicbackground,0.0011992333456873894,1973_2_RF01056_2_NC_000913.3_4467215-4467731_ext_140-340_int_155_off_15_percentage_95_position_46-155 riboswitch,1973,2,1973_2
query_1974,1,riboswitch,1,riboswitch,0.8523997068405151,1974_2_RF01056_2_NC_000913.3_4467215-4467731_ext_140-340_int_155_off_20_percentage_99_position_41-155 riboswitch,1974,2,1974_2
query_1975,1,riboswitch,1,riboswitch,0.9752251505851746,1975_2_RF01056_2_NC_000913.3_4467215-4467731_ext_140-340_int_155_off_25_percentage_100_position_36-151 riboswitch,1975,2,1975_2
query_1976,1,riboswitch,1,riboswitch,0.9968532919883728,1976_2_RF01056_2_NC_000913.3_4467215-4467731_ext_140-340_int_155_off_30_percentage_100_position_31-146 riboswitch,1976,2,1976_2
query_1977,1,riboswitch,1,riboswitch,0.9971867203712463,1977_2_RF01056_2_NC_000913.3_4467215-4467731_ext_140-340_int_155_off_35_percentage_100_position_26-141 riboswitch,1977,2,1977_2
query_1978,1,riboswitch,1,riboswitch,0.9977468848228455,1978_2_RF01056_2_NC_000913.3_4467215-4467731_ext_140-340_int_155_off_40_percentage_100_position_21-136 riboswitch,1978,2,1978_2
query_1979,1,riboswitch,1,riboswitch,0.9973233342170715,1979_2_RF01056_2_NC_000913.3_4467215-4467731_ext_140-340_int_155_off_45_percentage_100_position_16-131 riboswitch,1979,2,1979_2
query_1980,1,riboswitch,0,genomicbackground,0.0010004066862165928,1980_2_RF01056_2_NC_000913.3_4467215-4467731_ext_140-340_int_160_off_0_percentage_86_position_61-160 riboswitch,1980,2,1980_2
query_1981,1,riboswitch,0,genomicbackground,0.001002347795292735,1981_2_RF01056_2_NC_000913.3_4467215-4467731_ext_140-340_int_160_off_5_percentage_91_position_56-160 riboswitch,1981,2,1981_2
query_1982,1,riboswitch,0,genomicbackground,0.002969474531710148,1982_2_RF01056_2_NC_000913.3_4467215-4467731_ext_140-340_int_160_off_10_percentage_95_position_51-160 riboswitch,1982,2,1982_2
query_1983,1,riboswitch,0,genomicbackground,0.0014214226976037025,1983_2_RF01056_2_NC_000913.3_4467215-4467731_ext_140-340_int_160_off_15_percentage_99_position_46-160 riboswitch,1983,2,1983_2
query_1984,1,riboswitch,1,riboswitch,0.8439688682556152,1984_2_RF01056_2_NC_000913.3_4467215-4467731_ext_140-340_int_160_off_20_percentage_100_position_41-156 riboswitch,1984,2,1984_2
query_1985,1,riboswitch,1,riboswitch,0.995537281036377,1985_2_RF01056_2_NC_000913.3_4467215-4467731_ext_140-340_int_160_off_25_percentage_100_position_36-151 riboswitch,1985,2,1985_2
query_1986,1,riboswitch,1,riboswitch,0.9960615038871765,1986_2_RF01056_2_NC_000913.3_4467215-4467731_ext_140-340_int_160_off_30_percentage_100_position_31-146 riboswitch,1986,2,1986_2
query_1987,1,riboswitch,1,riboswitch,0.9964258074760437,1987_2_RF01056_2_NC_000913.3_4467215-4467731_ext_140-340_int_160_off_35_percentage_100_position_26-141 riboswitch,1987,2,1987_2
query_1988,1,riboswitch,1,riboswitch,0.9971567392349243,1988_2_RF01056_2_NC_000913.3_4467215-4467731_ext_140-340_int_160_off_40_percentage_100_position_21-136 riboswitch,1988,2,1988_2
query_1989,1,riboswitch,0,genomicbackground,0.002557953353971243,1989_2_RF01056_2_NC_000913.3_4467215-4467731_ext_140-340_int_165_off_0_percentage_91_position_61-165 riboswitch,1989,2,1989_2
query_1990,1,riboswitch,0,genomicbackground,0.002091452246531844,1990_2_RF01056_2_NC_000913.3_4467215-4467731_ext_140-340_int_165_off_5_percentage_95_position_56-165 riboswitch,1990,2,1990_2
query_1991,1,riboswitch,0,genomicbackground,0.005109461024403572,1991_2_RF01056_2_NC_000913.3_4467215-4467731_ext_140-340_int_165_off_10_percentage_99_position_51-165 riboswitch,1991,2,1991_2
query_1992,1,riboswitch,0,genomicbackground,0.0013937550829723477,1992_2_RF01056_2_NC_000913.3_4467215-4467731_ext_140-340_int_165_off_15_percentage_100_position_46-161 riboswitch,1992,2,1992_2
query_1993,1,riboswitch,1,riboswitch,0.9790679216384888,1993_2_RF01056_2_NC_000913.3_4467215-4467731_ext_140-340_int_165_off_20_percentage_100_position_41-156 riboswitch,1993,2,1993_2
query_1994,1,riboswitch,1,riboswitch,0.9956730008125305,1994_2_RF01056_2_NC_000913.3_4467215-4467731_ext_140-340_int_165_off_25_percentage_100_position_36-151 riboswitch,1994,2,1994_2
query_1995,1,riboswitch,1,riboswitch,0.995890736579895,1995_2_RF01056_2_NC_000913.3_4467215-4467731_ext_140-340_int_165_off_30_percentage_100_position_31-146 riboswitch,1995,2,1995_2
query_1996,1,riboswitch,1,riboswitch,0.9950616955757141,1996_2_RF01056_2_NC_000913.3_4467215-4467731_ext_140-340_int_165_off_35_percentage_100_position_26-141 riboswitch,1996,2,1996_2
query_1997,1,riboswitch,0,genomicbackground,0.0010704691521823406,1997_2_RF01056_2_NC_000913.3_4467215-4467731_ext_140-340_int_170_off_0_percentage_95_position_61-170 riboswitch,1997,2,1997_2
query_1998,1,riboswitch,0,genomicbackground,0.0027884594164788723,1998_2_RF01056_2_NC_000913.3_4467215-4467731_ext_140-340_int_170_off_5_percentage_99_position_56-170 riboswitch,1998,2,1998_2
query_1999,1,riboswitch,0,genomicbackground,0.005346555728465319,1999_2_RF01056_2_NC_000913.3_4467215-4467731_ext_140-340_int_170_off_10_percentage_100_position_51-166 riboswitch,1999,2,1999_2
query_2000,1,riboswitch,0,genomicbackground,0.0017538313986733556,2000_2_RF01056_2_NC_000913.3_4467215-4467731_ext_140-340_int_170_off_15_percentage_100_position_46-161 riboswitch,2000,2,2000_2
query_2001,1,riboswitch,1,riboswitch,0.9801943302154541,2001_2_RF01056_2_NC_000913.3_4467215-4467731_ext_140-340_int_170_off_20_percentage_100_position_41-156 riboswitch,2001,2,2001_2
query_2002,1,riboswitch,1,riboswitch,0.9955175518989563,2002_2_RF01056_2_NC_000913.3_4467215-4467731_ext_140-340_int_170_off_25_percentage_100_position_36-151 riboswitch,2002,2,2002_2
query_2003,1,riboswitch,1,riboswitch,0.997040331363678,2003_2_RF01056_2_NC_000913.3_4467215-4467731_ext_140-340_int_170_off_30_percentage_100_position_31-146 riboswitch,2003,2,2003_2
query_2004,1,riboswitch,0,genomicbackground,0.001251785783097148,2004_2_RF01056_2_NC_000913.3_4467215-4467731_ext_140-340_int_175_off_0_percentage_99_position_61-175 riboswitch,2004,2,2004_2
query_2005,1,riboswitch,0,genomicbackground,0.002866716356948018,2005_2_RF01056_2_NC_000913.3_4467215-4467731_ext_140-340_int_175_off_5_percentage_100_position_56-171 riboswitch,2005,2,2005_2
query_2006,1,riboswitch,0,genomicbackground,0.0029728265944868326,2006_2_RF01056_2_NC_000913.3_4467215-4467731_ext_140-340_int_175_off_10_percentage_100_position_51-166 riboswitch,2006,2,2006_2
query_2007,1,riboswitch,1,riboswitch,0.6619388461112976,2007_2_RF01056_2_NC_000913.3_4467215-4467731_ext_140-340_int_175_off_15_percentage_100_position_46-161 riboswitch,2007,2,2007_2
query_2008,1,riboswitch,1,riboswitch,0.9787196516990662,2008_2_RF01056_2_NC_000913.3_4467215-4467731_ext_140-340_int_175_off_20_percentage_100_position_41-156 riboswitch,2008,2,2008_2
query_2009,1,riboswitch,1,riboswitch,0.9968047142028809,2009_2_RF01056_2_NC_000913.3_4467215-4467731_ext_140-340_int_175_off_25_percentage_100_position_36-151 riboswitch,2009,2,2009_2
query_2010,1,riboswitch,0,genomicbackground,0.0012643974041566253,2010_2_RF01056_2_NC_000913.3_4467215-4467731_ext_140-340_int_180_off_0_percentage_100_position_61-176 riboswitch,2010,2,2010_2
query_2011,1,riboswitch,0,genomicbackground,0.002232341095805168,2011_2_RF01056_2_NC_000913.3_4467215-4467731_ext_140-340_int_180_off_5_percentage_100_position_56-171 riboswitch,2011,2,2011_2
query_2012,1,riboswitch,0,genomicbackground,0.0034246633294969797,2012_2_RF01056_2_NC_000913.3_4467215-4467731_ext_140-340_int_180_off_10_percentage_100_position_51-166 riboswitch,2012,2,2012_2
query_2013,1,riboswitch,1,riboswitch,0.6201091408729553,2013_2_RF01056_2_NC_000913.3_4467215-4467731_ext_140-340_int_180_off_15_percentage_100_position_46-161 riboswitch,2013,2,2013_2
query_2014,1,riboswitch,1,riboswitch,0.9901509284973145,2014_2_RF01056_2_NC_000913.3_4467215-4467731_ext_140-340_int_180_off_20_percentage_100_position_41-156 riboswitch,2014,2,2014_2
query_2015,1,riboswitch,0,genomicbackground,0.020295070484280586,2015_2_RF01056_2_NC_000913.3_4467215-4467731_ext_140-340_int_185_off_0_percentage_100_position_61-176 riboswitch,2015,2,2015_2
query_2016,1,riboswitch,0,genomicbackground,0.002167117316275835,2016_2_RF01056_2_NC_000913.3_4467215-4467731_ext_140-340_int_185_off_5_percentage_100_position_56-171 riboswitch,2016,2,2016_2
query_2017,1,riboswitch,0,genomicbackground,0.00309597235172987,2017_2_RF01056_2_NC_000913.3_4467215-4467731_ext_140-340_int_185_off_10_percentage_100_position_51-166 riboswitch,2017,2,2017_2
query_2018,1,riboswitch,1,riboswitch,0.9543120265007019,2018_2_RF01056_2_NC_000913.3_4467215-4467731_ext_140-340_int_185_off_15_percentage_100_position_46-161 riboswitch,2018,2,2018_2
query_2019,1,riboswitch,0,genomicbackground,0.0012895413674414158,2019_2_RF01056_2_NC_000913.3_4467215-4467731_ext_140-340_int_190_off_0_percentage_100_position_61-176 riboswitch,2019,2,2019_2
query_2020,1,riboswitch,0,genomicbackground,0.002165231155231595,2020_2_RF01056_2_NC_000913.3_4467215-4467731_ext_140-340_int_190_off_5_percentage_100_position_56-171 riboswitch,2020,2,2020_2
query_2021,1,riboswitch,0,genomicbackground,0.0024636585731059313,2021_2_RF01056_2_NC_000913.3_4467215-4467731_ext_140-340_int_190_off_10_percentage_100_position_51-166 riboswitch,2021,2,2021_2
query_2022,1,riboswitch,0,genomicbackground,0.011226222850382328,2022_2_RF01056_2_NC_000913.3_4467215-4467731_ext_140-340_int_195_off_0_percentage_100_position_61-176 riboswitch,2022,2,2022_2
query_2023,1,riboswitch,1,riboswitch,0.8284918665885925,2023_2_RF01056_2_NC_000913.3_4467215-4467731_ext_140-340_int_195_off_5_percentage_100_position_56-171 riboswitch,2023,2,2023_2
query_2024,1,riboswitch,0,genomicbackground,0.02387836016714573,2024_2_RF01056_2_NC_000913.3_4467215-4467731_ext_140-340_int_200_off_0_percentage_100_position_61-176 riboswitch,2024,2,2024_2
query_2025,0,genomicbackground,1,riboswitch,0.6488462686538696,2025_2_RF01056_2_NC_000913.3_4467215-4467731_ext_160-360_int_95_off_0_percentage_47_position_41-95 genomicbackground,2025,2,2025_2
query_2026,0,genomicbackground,1,riboswitch,0.9321939945220947,2026_2_RF01056_2_NC_000913.3_4467215-4467731_ext_160-360_int_95_off_5_percentage_52_position_36-95 genomicbackground,2026,2,2026_2
query_2027,0,genomicbackground,0,genomicbackground,0.17834782600402832,2027_2_RF01056_2_NC_000913.3_4467215-4467731_ext_160-360_int_95_off_10_percentage_56_position_31-95 genomicbackground,2027,2,2027_2
query_2028,0,genomicbackground,1,riboswitch,0.874914824962616,2028_2_RF01056_2_NC_000913.3_4467215-4467731_ext_160-360_int_95_off_15_percentage_60_position_26-95 genomicbackground,2028,2,2028_2
query_2029,0,genomicbackground,1,riboswitch,0.9848614931106567,2029_2_RF01056_2_NC_000913.3_4467215-4467731_ext_160-360_int_95_off_20_percentage_65_position_21-95 genomicbackground,2029,2,2029_2
query_2030,0,genomicbackground,1,riboswitch,0.9907662868499756,2030_2_RF01056_2_NC_000913.3_4467215-4467731_ext_160-360_int_95_off_25_percentage_69_position_16-95 genomicbackground,2030,2,2030_2
query_2031,0,genomicbackground,1,riboswitch,0.9940949082374573,2031_2_RF01056_2_NC_000913.3_4467215-4467731_ext_160-360_int_95_off_30_percentage_73_position_11-95 genomicbackground,2031,2,2031_2
query_2032,1,riboswitch,1,riboswitch,0.99591463804245,2032_2_RF01056_2_NC_000913.3_4467215-4467731_ext_160-360_int_95_off_35_percentage_78_position_6-95 riboswitch,2032,2,2032_2
query_2033,1,riboswitch,1,riboswitch,0.984495997428894,2033_2_RF01056_2_NC_000913.3_4467215-4467731_ext_160-360_int_95_off_40_percentage_82_position_1-95 riboswitch,2033,2,2033_2
query_2034,1,riboswitch,1,riboswitch,0.9984710812568665,2034_2_RF01056_2_NC_000913.3_4467215-4467731_ext_160-360_int_95_off_45_percentage_82_position_1-95 riboswitch,2034,2,2034_2
query_2035,1,riboswitch,1,riboswitch,0.9881541728973389,2035_2_RF01056_2_NC_000913.3_4467215-4467731_ext_160-360_int_95_off_50_percentage_82_position_1-95 riboswitch,2035,2,2035_2
query_2036,1,riboswitch,1,riboswitch,0.9974029064178467,2036_2_RF01056_2_NC_000913.3_4467215-4467731_ext_160-360_int_95_off_55_percentage_82_position_1-95 riboswitch,2036,2,2036_2
query_2037,1,riboswitch,1,riboswitch,0.9918088316917419,2037_2_RF01056_2_NC_000913.3_4467215-4467731_ext_160-360_int_95_off_60_percentage_82_position_1-95 riboswitch,2037,2,2037_2
query_2038,1,riboswitch,1,riboswitch,0.9813568592071533,2038_2_RF01056_2_NC_000913.3_4467215-4467731_ext_160-360_int_95_off_65_percentage_78_position_1-91 riboswitch,2038,2,2038_2
query_2039,0,genomicbackground,1,riboswitch,0.9991071820259094,2039_2_RF01056_2_NC_000913.3_4467215-4467731_ext_160-360_int_95_off_70_percentage_74_position_1-86 genomicbackground,2039,2,2039_2
query_2040,0,genomicbackground,1,riboswitch,0.9988842606544495,2040_2_RF01056_2_NC_000913.3_4467215-4467731_ext_160-360_int_95_off_75_percentage_70_position_1-81 genomicbackground,2040,2,2040_2
query_2041,0,genomicbackground,1,riboswitch,0.9965702295303345,2041_2_RF01056_2_NC_000913.3_4467215-4467731_ext_160-360_int_95_off_80_percentage_66_position_1-76 genomicbackground,2041,2,2041_2
query_2042,0,genomicbackground,1,riboswitch,0.9976586103439331,2042_2_RF01056_2_NC_000913.3_4467215-4467731_ext_160-360_int_95_off_85_percentage_61_position_1-71 genomicbackground,2042,2,2042_2
query_2043,0,genomicbackground,1,riboswitch,0.9855704307556152,2043_2_RF01056_2_NC_000913.3_4467215-4467731_ext_160-360_int_95_off_90_percentage_57_position_1-66 genomicbackground,2043,2,2043_2
query_2044,0,genomicbackground,1,riboswitch,0.9958928823471069,2044_2_RF01056_2_NC_000913.3_4467215-4467731_ext_160-360_int_95_off_95_percentage_53_position_1-61 genomicbackground,2044,2,2044_2
query_2045,0,genomicbackground,1,riboswitch,0.9930434226989746,2045_2_RF01056_2_NC_000913.3_4467215-4467731_ext_160-360_int_95_off_100_percentage_48_position_1-56 genomicbackground,2045,2,2045_2
query_2046,0,genomicbackground,1,riboswitch,0.8614690899848938,2046_2_RF01056_2_NC_000913.3_4467215-4467731_ext_160-360_int_95_off_105_percentage_44_position_1-51 genomicbackground,2046,2,2046_2
query_2047,0,genomicbackground,0,genomicbackground,0.25036340951919556,2047_2_RF01056_2_NC_000913.3_4467215-4467731_ext_160-360_int_100_off_0_percentage_52_position_41-100 genomicbackground,2047,2,2047_2
query_2048,0,genomicbackground,0,genomicbackground,0.2886658012866974,2048_2_RF01056_2_NC_000913.3_4467215-4467731_ext_160-360_int_100_off_5_percentage_56_position_36-100 genomicbackground,2048,2,2048_2
query_2049,0,genomicbackground,1,riboswitch,0.8147590756416321,2049_2_RF01056_2_NC_000913.3_4467215-4467731_ext_160-360_int_100_off_10_percentage_60_position_31-100 genomicbackground,2049,2,2049_2
query_2050,0,genomicbackground,1,riboswitch,0.9567179083824158,2050_2_RF01056_2_NC_000913.3_4467215-4467731_ext_160-360_int_100_off_15_percentage_65_position_26-100 genomicbackground,2050,2,2050_2
query_2051,0,genomicbackground,1,riboswitch,0.9878193140029907,2051_2_RF01056_2_NC_000913.3_4467215-4467731_ext_160-360_int_100_off_20_percentage_69_position_21-100 genomicbackground,2051,2,2051_2
query_2052,0,genomicbackground,1,riboswitch,0.9878465533256531,2052_2_RF01056_2_NC_000913.3_4467215-4467731_ext_160-360_int_100_off_25_percentage_73_position_16-100 genomicbackground,2052,2,2052_2
query_2053,1,riboswitch,1,riboswitch,0.9958063364028931,2053_2_RF01056_2_NC_000913.3_4467215-4467731_ext_160-360_int_100_off_30_percentage_78_position_11-100 riboswitch,2053,2,2053_2
query_2054,1,riboswitch,1,riboswitch,0.9744932055473328,2054_2_RF01056_2_NC_000913.3_4467215-4467731_ext_160-360_int_100_off_35_percentage_82_position_6-100 riboswitch,2054,2,2054_2
query_2055,1,riboswitch,1,riboswitch,0.9934584498405457,2055_2_RF01056_2_NC_000913.3_4467215-4467731_ext_160-360_int_100_off_40_percentage_86_position_1-100 riboswitch,2055,2,2055_2
query_2056,1,riboswitch,1,riboswitch,0.9885733127593994,2056_2_RF01056_2_NC_000913.3_4467215-4467731_ext_160-360_int_100_off_45_percentage_86_position_1-100 riboswitch,2056,2,2056_2
query_2057,1,riboswitch,1,riboswitch,0.9940359592437744,2057_2_RF01056_2_NC_000913.3_4467215-4467731_ext_160-360_int_100_off_50_percentage_86_position_1-100 riboswitch,2057,2,2057_2
query_2058,1,riboswitch,1,riboswitch,0.9973911643028259,2058_2_RF01056_2_NC_000913.3_4467215-4467731_ext_160-360_int_100_off_55_percentage_86_position_1-100 riboswitch,2058,2,2058_2
query_2059,1,riboswitch,1,riboswitch,0.9909451007843018,2059_2_RF01056_2_NC_000913.3_4467215-4467731_ext_160-360_int_100_off_60_percentage_83_position_1-96 riboswitch,2059,2,2059_2
query_2060,1,riboswitch,1,riboswitch,0.9987413287162781,2060_2_RF01056_2_NC_000913.3_4467215-4467731_ext_160-360_int_100_off_65_percentage_78_position_1-91 riboswitch,2060,2,2060_2
query_2061,0,genomicbackground,1,riboswitch,0.9991857409477234,2061_2_RF01056_2_NC_000913.3_4467215-4467731_ext_160-360_int_100_off_70_percentage_74_position_1-86 genomicbackground,2061,2,2061_2
query_2062,0,genomicbackground,1,riboswitch,0.9988396763801575,2062_2_RF01056_2_NC_000913.3_4467215-4467731_ext_160-360_int_100_off_75_percentage_70_position_1-81 genomicbackground,2062,2,2062_2
query_2063,0,genomicbackground,1,riboswitch,0.9980691075325012,2063_2_RF01056_2_NC_000913.3_4467215-4467731_ext_160-360_int_100_off_80_percentage_66_position_1-76 genomicbackground,2063,2,2063_2
query_2064,0,genomicbackground,1,riboswitch,0.9969459176063538,2064_2_RF01056_2_NC_000913.3_4467215-4467731_ext_160-360_int_100_off_85_percentage_61_position_1-71 genomicbackground,2064,2,2064_2
query_2065,0,genomicbackground,1,riboswitch,0.980072021484375,2065_2_RF01056_2_NC_000913.3_4467215-4467731_ext_160-360_int_100_off_90_percentage_57_position_1-66 genomicbackground,2065,2,2065_2
query_2066,0,genomicbackground,1,riboswitch,0.9884140491485596,2066_2_RF01056_2_NC_000913.3_4467215-4467731_ext_160-360_int_100_off_95_percentage_53_position_1-61 genomicbackground,2066,2,2066_2
query_2067,0,genomicbackground,1,riboswitch,0.9919155836105347,2067_2_RF01056_2_NC_000913.3_4467215-4467731_ext_160-360_int_100_off_100_percentage_48_position_1-56 genomicbackground,2067,2,2067_2
query_2068,0,genomicbackground,0,genomicbackground,0.03937867283821106,2068_2_RF01056_2_NC_000913.3_4467215-4467731_ext_160-360_int_105_off_0_percentage_56_position_41-105 genomicbackground,2068,2,2068_2
query_2069,0,genomicbackground,1,riboswitch,0.8640634417533875,2069_2_RF01056_2_NC_000913.3_4467215-4467731_ext_160-360_int_105_off_5_percentage_60_position_36-105 genomicbackground,2069,2,2069_2
query_2070,0,genomicbackground,1,riboswitch,0.9412331581115723,2070_2_RF01056_2_NC_000913.3_4467215-4467731_ext_160-360_int_105_off_10_percentage_65_position_31-105 genomicbackground,2070,2,2070_2
query_2071,0,genomicbackground,1,riboswitch,0.9706266522407532,2071_2_RF01056_2_NC_000913.3_4467215-4467731_ext_160-360_int_105_off_15_percentage_69_position_26-105 genomicbackground,2071,2,2071_2
query_2072,0,genomicbackground,1,riboswitch,0.9820317029953003,2072_2_RF01056_2_NC_000913.3_4467215-4467731_ext_160-360_int_105_off_20_percentage_73_position_21-105 genomicbackground,2072,2,2072_2
query_2073,1,riboswitch,1,riboswitch,0.9947863817214966,2073_2_RF01056_2_NC_000913.3_4467215-4467731_ext_160-360_int_105_off_25_percentage_78_position_16-105 riboswitch,2073,2,2073_2
query_2074,1,riboswitch,1,riboswitch,0.9614511132240295,2074_2_RF01056_2_NC_000913.3_4467215-4467731_ext_160-360_int_105_off_30_percentage_82_position_11-105 riboswitch,2074,2,2074_2
query_2075,1,riboswitch,1,riboswitch,0.9926902651786804,2075_2_RF01056_2_NC_000913.3_4467215-4467731_ext_160-360_int_105_off_35_percentage_86_position_6-105 riboswitch,2075,2,2075_2
query_2076,1,riboswitch,1,riboswitch,0.9907317757606506,2076_2_RF01056_2_NC_000913.3_4467215-4467731_ext_160-360_int_105_off_40_percentage_91_position_1-105 riboswitch,2076,2,2076_2
query_2077,1,riboswitch,1,riboswitch,0.9982900023460388,2077_2_RF01056_2_NC_000913.3_4467215-4467731_ext_160-360_int_105_off_45_percentage_91_position_1-105 riboswitch,2077,2,2077_2
query_2078,1,riboswitch,1,riboswitch,0.9942027926445007,2078_2_RF01056_2_NC_000913.3_4467215-4467731_ext_160-360_int_105_off_50_percentage_91_position_1-105 riboswitch,2078,2,2078_2
query_2079,1,riboswitch,1,riboswitch,0.9973005652427673,2079_2_RF01056_2_NC_000913.3_4467215-4467731_ext_160-360_int_105_off_55_percentage_87_position_1-101 riboswitch,2079,2,2079_2
query_2080,1,riboswitch,1,riboswitch,0.9992000460624695,2080_2_RF01056_2_NC_000913.3_4467215-4467731_ext_160-360_int_105_off_60_percentage_83_position_1-96 riboswitch,2080,2,2080_2
query_2081,1,riboswitch,1,riboswitch,0.9987940788269043,2081_2_RF01056_2_NC_000913.3_4467215-4467731_ext_160-360_int_105_off_65_percentage_78_position_1-91 riboswitch,2081,2,2081_2
query_2082,0,genomicbackground,1,riboswitch,0.9992160797119141,2082_2_RF01056_2_NC_000913.3_4467215-4467731_ext_160-360_int_105_off_70_percentage_74_position_1-86 genomicbackground,2082,2,2082_2
query_2083,0,genomicbackground,1,riboswitch,0.999119222164154,2083_2_RF01056_2_NC_000913.3_4467215-4467731_ext_160-360_int_105_off_75_percentage_70_position_1-81 genomicbackground,2083,2,2083_2
query_2084,0,genomicbackground,1,riboswitch,0.9973726272583008,2084_2_RF01056_2_NC_000913.3_4467215-4467731_ext_160-360_int_105_off_80_percentage_66_position_1-76 genomicbackground,2084,2,2084_2
query_2085,0,genomicbackground,1,riboswitch,0.9956274032592773,2085_2_RF01056_2_NC_000913.3_4467215-4467731_ext_160-360_int_105_off_85_percentage_61_position_1-71 genomicbackground,2085,2,2085_2
query_2086,0,genomicbackground,1,riboswitch,0.9246511459350586,2086_2_RF01056_2_NC_000913.3_4467215-4467731_ext_160-360_int_105_off_90_percentage_57_position_1-66 genomicbackground,2086,2,2086_2
query_2087,0,genomicbackground,1,riboswitch,0.9805574417114258,2087_2_RF01056_2_NC_000913.3_4467215-4467731_ext_160-360_int_105_off_95_percentage_53_position_1-61 genomicbackground,2087,2,2087_2
query_2088,0,genomicbackground,0,genomicbackground,0.21119335293769836,2088_2_RF01056_2_NC_000913.3_4467215-4467731_ext_160-360_int_110_off_0_percentage_60_position_41-110 genomicbackground,2088,2,2088_2
query_2089,0,genomicbackground,1,riboswitch,0.8572386503219604,2089_2_RF01056_2_NC_000913.3_4467215-4467731_ext_160-360_int_110_off_5_percentage_65_position_36-110 genomicbackground,2089,2,2089_2
query_2090,0,genomicbackground,1,riboswitch,0.9616268873214722,2090_2_RF01056_2_NC_000913.3_4467215-4467731_ext_160-360_int_110_off_10_percentage_69_position_31-110 genomicbackground,2090,2,2090_2
query_2091,0,genomicbackground,1,riboswitch,0.948341429233551,2091_2_RF01056_2_NC_000913.3_4467215-4467731_ext_160-360_int_110_off_15_percentage_73_position_26-110 genomicbackground,2091,2,2091_2
query_2092,1,riboswitch,1,riboswitch,0.9916157126426697,2092_2_RF01056_2_NC_000913.3_4467215-4467731_ext_160-360_int_110_off_20_percentage_78_position_21-110 riboswitch,2092,2,2092_2
query_2093,1,riboswitch,1,riboswitch,0.9112993478775024,2093_2_RF01056_2_NC_000913.3_4467215-4467731_ext_160-360_int_110_off_25_percentage_82_position_16-110 riboswitch,2093,2,2093_2
query_2094,1,riboswitch,1,riboswitch,0.9924005270004272,2094_2_RF01056_2_NC_000913.3_4467215-4467731_ext_160-360_int_110_off_30_percentage_86_position_11-110 riboswitch,2094,2,2094_2
query_2095,1,riboswitch,1,riboswitch,0.9740856289863586,2095_2_RF01056_2_NC_000913.3_4467215-4467731_ext_160-360_int_110_off_35_percentage_91_position_6-110 riboswitch,2095,2,2095_2
query_2096,1,riboswitch,1,riboswitch,0.9939212799072266,2096_2_RF01056_2_NC_000913.3_4467215-4467731_ext_160-360_int_110_off_40_percentage_95_position_1-110 riboswitch,2096,2,2096_2
query_2097,1,riboswitch,1,riboswitch,0.998290479183197,2097_2_RF01056_2_NC_000913.3_4467215-4467731_ext_160-360_int_110_off_45_percentage_95_position_1-110 riboswitch,2097,2,2097_2
query_2098,1,riboswitch,1,riboswitch,0.9925676584243774,2098_2_RF01056_2_NC_000913.3_4467215-4467731_ext_160-360_int_110_off_50_percentage_91_position_1-106 riboswitch,2098,2,2098_2
query_2099,1,riboswitch,1,riboswitch,0.999416708946228,2099_2_RF01056_2_NC_000913.3_4467215-4467731_ext_160-360_int_110_off_55_percentage_87_position_1-101 riboswitch,2099,2,2099_2
query_2100,1,riboswitch,1,riboswitch,0.9992374181747437,2100_2_RF01056_2_NC_000913.3_4467215-4467731_ext_160-360_int_110_off_60_percentage_83_position_1-96 riboswitch,2100,2,2100_2
query_2101,1,riboswitch,1,riboswitch,0.9987995624542236,2101_2_RF01056_2_NC_000913.3_4467215-4467731_ext_160-360_int_110_off_65_percentage_78_position_1-91 riboswitch,2101,2,2101_2
query_2102,0,genomicbackground,1,riboswitch,0.998842716217041,2102_2_RF01056_2_NC_000913.3_4467215-4467731_ext_160-360_int_110_off_70_percentage_74_position_1-86 genomicbackground,2102,2,2102_2
query_2103,0,genomicbackground,1,riboswitch,0.9989638328552246,2103_2_RF01056_2_NC_000913.3_4467215-4467731_ext_160-360_int_110_off_75_percentage_70_position_1-81 genomicbackground,2103,2,2103_2
query_2104,0,genomicbackground,1,riboswitch,0.9969416260719299,2104_2_RF01056_2_NC_000913.3_4467215-4467731_ext_160-360_int_110_off_80_percentage_66_position_1-76 genomicbackground,2104,2,2104_2
query_2105,0,genomicbackground,1,riboswitch,0.983651876449585,2105_2_RF01056_2_NC_000913.3_4467215-4467731_ext_160-360_int_110_off_85_percentage_61_position_1-71 genomicbackground,2105,2,2105_2
query_2106,0,genomicbackground,1,riboswitch,0.9212117195129395,2106_2_RF01056_2_NC_000913.3_4467215-4467731_ext_160-360_int_110_off_90_percentage_57_position_1-66 genomicbackground,2106,2,2106_2
query_2107,0,genomicbackground,0,genomicbackground,0.24409647285938263,2107_2_RF01056_2_NC_000913.3_4467215-4467731_ext_160-360_int_115_off_0_percentage_65_position_41-115 genomicbackground,2107,2,2107_2
query_2108,0,genomicbackground,1,riboswitch,0.9042164087295532,2108_2_RF01056_2_NC_000913.3_4467215-4467731_ext_160-360_int_115_off_5_percentage_69_position_36-115 genomicbackground,2108,2,2108_2
query_2109,0,genomicbackground,1,riboswitch,0.9320966601371765,2109_2_RF01056_2_NC_000913.3_4467215-4467731_ext_160-360_int_115_off_10_percentage_73_position_31-115 genomicbackground,2109,2,2109_2
query_2110,1,riboswitch,1,riboswitch,0.967645525932312,2110_2_RF01056_2_NC_000913.3_4467215-4467731_ext_160-360_int_115_off_15_percentage_78_position_26-115 riboswitch,2110,2,2110_2
query_2111,1,riboswitch,1,riboswitch,0.7270243763923645,2111_2_RF01056_2_NC_000913.3_4467215-4467731_ext_160-360_int_115_off_20_percentage_82_position_21-115 riboswitch,2111,2,2111_2
query_2112,1,riboswitch,1,riboswitch,0.9763047695159912,2112_2_RF01056_2_NC_000913.3_4467215-4467731_ext_160-360_int_115_off_25_percentage_86_position_16-115 riboswitch,2112,2,2112_2
query_2113,1,riboswitch,1,riboswitch,0.9625537991523743,2113_2_RF01056_2_NC_000913.3_4467215-4467731_ext_160-360_int_115_off_30_percentage_91_position_11-115 riboswitch,2113,2,2113_2
query_2114,1,riboswitch,1,riboswitch,0.9951399564743042,2114_2_RF01056_2_NC_000913.3_4467215-4467731_ext_160-360_int_115_off_35_percentage_95_position_6-115 riboswitch,2114,2,2114_2
query_2115,1,riboswitch,1,riboswitch,0.9941219687461853,2115_2_RF01056_2_NC_000913.3_4467215-4467731_ext_160-360_int_115_off_40_percentage_99_position_1-115 riboswitch,2115,2,2115_2
query_2116,1,riboswitch,1,riboswitch,0.9982510209083557,2116_2_RF01056_2_NC_000913.3_4467215-4467731_ext_160-360_int_115_off_45_percentage_96_position_1-111 riboswitch,2116,2,2116_2
query_2117,1,riboswitch,1,riboswitch,0.997421383857727,2117_2_RF01056_2_NC_000913.3_4467215-4467731_ext_160-360_int_115_off_50_percentage_91_position_1-106 riboswitch,2117,2,2117_2
query_2118,1,riboswitch,1,riboswitch,0.9994633793830872,2118_2_RF01056_2_NC_000913.3_4467215-4467731_ext_160-360_int_115_off_55_percentage_87_position_1-101 riboswitch,2118,2,2118_2
query_2119,1,riboswitch,1,riboswitch,0.9992398023605347,2119_2_RF01056_2_NC_000913.3_4467215-4467731_ext_160-360_int_115_off_60_percentage_83_position_1-96 riboswitch,2119,2,2119_2
query_2120,1,riboswitch,1,riboswitch,0.9989277720451355,2120_2_RF01056_2_NC_000913.3_4467215-4467731_ext_160-360_int_115_off_65_percentage_78_position_1-91 riboswitch,2120,2,2120_2
query_2121,0,genomicbackground,1,riboswitch,0.9986032843589783,2121_2_RF01056_2_NC_000913.3_4467215-4467731_ext_160-360_int_115_off_70_percentage_74_position_1-86 genomicbackground,2121,2,2121_2
query_2122,0,genomicbackground,1,riboswitch,0.9987505674362183,2122_2_RF01056_2_NC_000913.3_4467215-4467731_ext_160-360_int_115_off_75_percentage_70_position_1-81 genomicbackground,2122,2,2122_2
query_2123,0,genomicbackground,1,riboswitch,0.9927997589111328,2123_2_RF01056_2_NC_000913.3_4467215-4467731_ext_160-360_int_115_off_80_percentage_66_position_1-76 genomicbackground,2123,2,2123_2
query_2124,0,genomicbackground,1,riboswitch,0.9854514598846436,2124_2_RF01056_2_NC_000913.3_4467215-4467731_ext_160-360_int_115_off_85_percentage_61_position_1-71 genomicbackground,2124,2,2124_2
query_2125,0,genomicbackground,0,genomicbackground,0.33010977506637573,2125_2_RF01056_2_NC_000913.3_4467215-4467731_ext_160-360_int_120_off_0_percentage_69_position_41-120 genomicbackground,2125,2,2125_2
query_2126,0,genomicbackground,1,riboswitch,0.8462104201316833,2126_2_RF01056_2_NC_000913.3_4467215-4467731_ext_160-360_int_120_off_5_percentage_73_position_36-120 genomicbackground,2126,2,2126_2
query_2127,1,riboswitch,1,riboswitch,0.9476106762886047,2127_2_RF01056_2_NC_000913.3_4467215-4467731_ext_160-360_int_120_off_10_percentage_78_position_31-120 riboswitch,2127,2,2127_2
query_2128,1,riboswitch,0,genomicbackground,0.2201545238494873,2128_2_RF01056_2_NC_000913.3_4467215-4467731_ext_160-360_int_120_off_15_percentage_82_position_26-120 riboswitch,2128,2,2128_2
query_2129,1,riboswitch,1,riboswitch,0.9695556163787842,2129_2_RF01056_2_NC_000913.3_4467215-4467731_ext_160-360_int_120_off_20_percentage_86_position_21-120 riboswitch,2129,2,2129_2
query_2130,1,riboswitch,1,riboswitch,0.9703601002693176,2130_2_RF01056_2_NC_000913.3_4467215-4467731_ext_160-360_int_120_off_25_percentage_91_position_16-120 riboswitch,2130,2,2130_2
query_2131,1,riboswitch,1,riboswitch,0.995005190372467,2131_2_RF01056_2_NC_000913.3_4467215-4467731_ext_160-360_int_120_off_30_percentage_95_position_11-120 riboswitch,2131,2,2131_2
query_2132,1,riboswitch,1,riboswitch,0.9951091408729553,2132_2_RF01056_2_NC_000913.3_4467215-4467731_ext_160-360_int_120_off_35_percentage_99_position_6-120 riboswitch,2132,2,2132_2
query_2133,1,riboswitch,1,riboswitch,0.9937719702720642,2133_2_RF01056_2_NC_000913.3_4467215-4467731_ext_160-360_int_120_off_40_percentage_100_position_1-116 riboswitch,2133,2,2133_2
query_2134,1,riboswitch,1,riboswitch,0.9894707202911377,2134_2_RF01056_2_NC_000913.3_4467215-4467731_ext_160-360_int_120_off_45_percentage_96_position_1-111 riboswitch,2134,2,2134_2
query_2135,1,riboswitch,1,riboswitch,0.9993322491645813,2135_2_RF01056_2_NC_000913.3_4467215-4467731_ext_160-360_int_120_off_50_percentage_91_position_1-106 riboswitch,2135,2,2135_2
query_2136,1,riboswitch,1,riboswitch,0.9994693398475647,2136_2_RF01056_2_NC_000913.3_4467215-4467731_ext_160-360_int_120_off_55_percentage_87_position_1-101 riboswitch,2136,2,2136_2
query_2137,1,riboswitch,1,riboswitch,0.9992849230766296,2137_2_RF01056_2_NC_000913.3_4467215-4467731_ext_160-360_int_120_off_60_percentage_83_position_1-96 riboswitch,2137,2,2137_2
query_2138,1,riboswitch,1,riboswitch,0.9986013770103455,2138_2_RF01056_2_NC_000913.3_4467215-4467731_ext_160-360_int_120_off_65_percentage_78_position_1-91 riboswitch,2138,2,2138_2
query_2139,0,genomicbackground,1,riboswitch,0.9990124702453613,2139_2_RF01056_2_NC_000913.3_4467215-4467731_ext_160-360_int_120_off_70_percentage_74_position_1-86 genomicbackground,2139,2,2139_2
query_2140,0,genomicbackground,1,riboswitch,0.9976041913032532,2140_2_RF01056_2_NC_000913.3_4467215-4467731_ext_160-360_int_120_off_75_percentage_70_position_1-81 genomicbackground,2140,2,2140_2
query_2141,0,genomicbackground,1,riboswitch,0.9942889213562012,2141_2_RF01056_2_NC_000913.3_4467215-4467731_ext_160-360_int_120_off_80_percentage_66_position_1-76 genomicbackground,2141,2,2141_2
query_2142,0,genomicbackground,0,genomicbackground,0.2229190617799759,2142_2_RF01056_2_NC_000913.3_4467215-4467731_ext_160-360_int_125_off_0_percentage_73_position_41-125 genomicbackground,2142,2,2142_2
query_2143,1,riboswitch,1,riboswitch,0.6966107487678528,2143_2_RF01056_2_NC_000913.3_4467215-4467731_ext_160-360_int_125_off_5_percentage_78_position_36-125 riboswitch,2143,2,2143_2
query_2144,1,riboswitch,1,riboswitch,0.7223796844482422,2144_2_RF01056_2_NC_000913.3_4467215-4467731_ext_160-360_int_125_off_10_percentage_82_position_31-125 riboswitch,2144,2,2144_2
query_2145,1,riboswitch,1,riboswitch,0.9350088834762573,2145_2_RF01056_2_NC_000913.3_4467215-4467731_ext_160-360_int_125_off_15_percentage_86_position_26-125 riboswitch,2145,2,2145_2
query_2146,1,riboswitch,1,riboswitch,0.9611287713050842,2146_2_RF01056_2_NC_000913.3_4467215-4467731_ext_160-360_int_125_off_20_percentage_91_position_21-125 riboswitch,2146,2,2146_2
query_2147,1,riboswitch,1,riboswitch,0.9864887595176697,2147_2_RF01056_2_NC_000913.3_4467215-4467731_ext_160-360_int_125_off_25_percentage_95_position_16-125 riboswitch,2147,2,2147_2
query_2148,1,riboswitch,1,riboswitch,0.9950157999992371,2148_2_RF01056_2_NC_000913.3_4467215-4467731_ext_160-360_int_125_off_30_percentage_99_position_11-125 riboswitch,2148,2,2148_2
query_2149,1,riboswitch,1,riboswitch,0.9948678016662598,2149_2_RF01056_2_NC_000913.3_4467215-4467731_ext_160-360_int_125_off_35_percentage_100_position_6-121 riboswitch,2149,2,2149_2
query_2150,1,riboswitch,1,riboswitch,0.9939117431640625,2150_2_RF01056_2_NC_000913.3_4467215-4467731_ext_160-360_int_125_off_40_percentage_100_position_1-116 riboswitch,2150,2,2150_2
query_2151,1,riboswitch,1,riboswitch,0.9992467164993286,2151_2_RF01056_2_NC_000913.3_4467215-4467731_ext_160-360_int_125_off_45_percentage_96_position_1-111 riboswitch,2151,2,2151_2
query_2152,1,riboswitch,1,riboswitch,0.9993359446525574,2152_2_RF01056_2_NC_000913.3_4467215-4467731_ext_160-360_int_125_off_50_percentage_91_position_1-106 riboswitch,2152,2,2152_2
query_2153,1,riboswitch,1,riboswitch,0.9994858503341675,2153_2_RF01056_2_NC_000913.3_4467215-4467731_ext_160-360_int_125_off_55_percentage_87_position_1-101 riboswitch,2153,2,2153_2
query_2154,1,riboswitch,1,riboswitch,0.9991239905357361,2154_2_RF01056_2_NC_000913.3_4467215-4467731_ext_160-360_int_125_off_60_percentage_83_position_1-96 riboswitch,2154,2,2154_2
query_2155,1,riboswitch,1,riboswitch,0.998364269733429,2155_2_RF01056_2_NC_000913.3_4467215-4467731_ext_160-360_int_125_off_65_percentage_78_position_1-91 riboswitch,2155,2,2155_2
query_2156,0,genomicbackground,1,riboswitch,0.9992077946662903,2156_2_RF01056_2_NC_000913.3_4467215-4467731_ext_160-360_int_125_off_70_percentage_74_position_1-86 genomicbackground,2156,2,2156_2
query_2157,0,genomicbackground,1,riboswitch,0.9976831674575806,2157_2_RF01056_2_NC_000913.3_4467215-4467731_ext_160-360_int_125_off_75_percentage_70_position_1-81 genomicbackground,2157,2,2157_2
query_2158,1,riboswitch,0,genomicbackground,0.06619194149971008,2158_2_RF01056_2_NC_000913.3_4467215-4467731_ext_160-360_int_130_off_0_percentage_78_position_41-130 riboswitch,2158,2,2158_2
query_2159,1,riboswitch,1,riboswitch,0.7519503831863403,2159_2_RF01056_2_NC_000913.3_4467215-4467731_ext_160-360_int_130_off_5_percentage_82_position_36-130 riboswitch,2159,2,2159_2
query_2160,1,riboswitch,1,riboswitch,0.9632647037506104,2160_2_RF01056_2_NC_000913.3_4467215-4467731_ext_160-360_int_130_off_10_percentage_86_position_31-130 riboswitch,2160,2,2160_2
query_2161,1,riboswitch,1,riboswitch,0.9093623757362366,2161_2_RF01056_2_NC_000913.3_4467215-4467731_ext_160-360_int_130_off_15_percentage_91_position_26-130 riboswitch,2161,2,2161_2
query_2162,1,riboswitch,1,riboswitch,0.9822836518287659,2162_2_RF01056_2_NC_000913.3_4467215-4467731_ext_160-360_int_130_off_20_percentage_95_position_21-130 riboswitch,2162,2,2162_2
query_2163,1,riboswitch,1,riboswitch,0.9882569909095764,2163_2_RF01056_2_NC_000913.3_4467215-4467731_ext_160-360_int_130_off_25_percentage_99_position_16-130 riboswitch,2163,2,2163_2
query_2164,1,riboswitch,1,riboswitch,0.9947429895401001,2164_2_RF01056_2_NC_000913.3_4467215-4467731_ext_160-360_int_130_off_30_percentage_100_position_11-126 riboswitch,2164,2,2164_2
query_2165,1,riboswitch,1,riboswitch,0.9951440095901489,2165_2_RF01056_2_NC_000913.3_4467215-4467731_ext_160-360_int_130_off_35_percentage_100_position_6-121 riboswitch,2165,2,2165_2
query_2166,1,riboswitch,1,riboswitch,0.9989272952079773,2166_2_RF01056_2_NC_000913.3_4467215-4467731_ext_160-360_int_130_off_40_percentage_100_position_1-116 riboswitch,2166,2,2166_2
query_2167,1,riboswitch,1,riboswitch,0.9992700219154358,2167_2_RF01056_2_NC_000913.3_4467215-4467731_ext_160-360_int_130_off_45_percentage_96_position_1-111 riboswitch,2167,2,2167_2
query_2168,1,riboswitch,1,riboswitch,0.999357283115387,2168_2_RF01056_2_NC_000913.3_4467215-4467731_ext_160-360_int_130_off_50_percentage_91_position_1-106 riboswitch,2168,2,2168_2
query_2169,1,riboswitch,1,riboswitch,0.9993962049484253,2169_2_RF01056_2_NC_000913.3_4467215-4467731_ext_160-360_int_130_off_55_percentage_87_position_1-101 riboswitch,2169,2,2169_2
query_2170,1,riboswitch,1,riboswitch,0.9968384504318237,2170_2_RF01056_2_NC_000913.3_4467215-4467731_ext_160-360_int_130_off_60_percentage_83_position_1-96 riboswitch,2170,2,2170_2
query_2171,1,riboswitch,1,riboswitch,0.9977908134460449,2171_2_RF01056_2_NC_000913.3_4467215-4467731_ext_160-360_int_130_off_65_percentage_78_position_1-91 riboswitch,2171,2,2171_2
query_2172,0,genomicbackground,1,riboswitch,0.9980403780937195,2172_2_RF01056_2_NC_000913.3_4467215-4467731_ext_160-360_int_130_off_70_percentage_74_position_1-86 genomicbackground,2172,2,2172_2
query_2173,1,riboswitch,0,genomicbackground,0.09553056210279465,2173_2_RF01056_2_NC_000913.3_4467215-4467731_ext_160-360_int_135_off_0_percentage_82_position_41-135 riboswitch,2173,2,2173_2
query_2174,1,riboswitch,1,riboswitch,0.971817135810852,2174_2_RF01056_2_NC_000913.3_4467215-4467731_ext_160-360_int_135_off_5_percentage_86_position_36-135 riboswitch,2174,2,2174_2
query_2175,1,riboswitch,1,riboswitch,0.9509782791137695,2175_2_RF01056_2_NC_000913.3_4467215-4467731_ext_160-360_int_135_off_10_percentage_91_position_31-135 riboswitch,2175,2,2175_2
query_2176,1,riboswitch,1,riboswitch,0.9668307900428772,2176_2_RF01056_2_NC_000913.3_4467215-4467731_ext_160-360_int_135_off_15_percentage_95_position_26-135 riboswitch,2176,2,2176_2
query_2177,1,riboswitch,1,riboswitch,0.9852345585823059,2177_2_RF01056_2_NC_000913.3_4467215-4467731_ext_160-360_int_135_off_20_percentage_99_position_21-135 riboswitch,2177,2,2177_2
query_2178,1,riboswitch,1,riboswitch,0.9869602918624878,2178_2_RF01056_2_NC_000913.3_4467215-4467731_ext_160-360_int_135_off_25_percentage_100_position_16-131 riboswitch,2178,2,2178_2
query_2179,1,riboswitch,1,riboswitch,0.9947250485420227,2179_2_RF01056_2_NC_000913.3_4467215-4467731_ext_160-360_int_135_off_30_percentage_100_position_11-126 riboswitch,2179,2,2179_2
query_2180,1,riboswitch,1,riboswitch,0.9983014464378357,2180_2_RF01056_2_NC_000913.3_4467215-4467731_ext_160-360_int_135_off_35_percentage_100_position_6-121 riboswitch,2180,2,2180_2
query_2181,1,riboswitch,1,riboswitch,0.9989069700241089,2181_2_RF01056_2_NC_000913.3_4467215-4467731_ext_160-360_int_135_off_40_percentage_100_position_1-116 riboswitch,2181,2,2181_2
query_2182,1,riboswitch,1,riboswitch,0.9992013573646545,2182_2_RF01056_2_NC_000913.3_4467215-4467731_ext_160-360_int_135_off_45_percentage_96_position_1-111 riboswitch,2182,2,2182_2
query_2183,1,riboswitch,1,riboswitch,0.9992350339889526,2183_2_RF01056_2_NC_000913.3_4467215-4467731_ext_160-360_int_135_off_50_percentage_91_position_1-106 riboswitch,2183,2,2183_2
query_2184,1,riboswitch,1,riboswitch,0.9984558820724487,2184_2_RF01056_2_NC_000913.3_4467215-4467731_ext_160-360_int_135_off_55_percentage_87_position_1-101 riboswitch,2184,2,2184_2
query_2185,1,riboswitch,1,riboswitch,0.9984717965126038,2185_2_RF01056_2_NC_000913.3_4467215-4467731_ext_160-360_int_135_off_60_percentage_83_position_1-96 riboswitch,2185,2,2185_2
query_2186,1,riboswitch,1,riboswitch,0.9975169897079468,2186_2_RF01056_2_NC_000913.3_4467215-4467731_ext_160-360_int_135_off_65_percentage_78_position_1-91 riboswitch,2186,2,2186_2
query_2187,1,riboswitch,1,riboswitch,0.7568262815475464,2187_2_RF01056_2_NC_000913.3_4467215-4467731_ext_160-360_int_140_off_0_percentage_86_position_41-140 riboswitch,2187,2,2187_2
query_2188,1,riboswitch,1,riboswitch,0.9618285894393921,2188_2_RF01056_2_NC_000913.3_4467215-4467731_ext_160-360_int_140_off_5_percentage_91_position_36-140 riboswitch,2188,2,2188_2
query_2189,1,riboswitch,1,riboswitch,0.9595171213150024,2189_2_RF01056_2_NC_000913.3_4467215-4467731_ext_160-360_int_140_off_10_percentage_95_position_31-140 riboswitch,2189,2,2189_2
query_2190,1,riboswitch,1,riboswitch,0.9753536581993103,2190_2_RF01056_2_NC_000913.3_4467215-4467731_ext_160-360_int_140_off_15_percentage_99_position_26-140 riboswitch,2190,2,2190_2
query_2191,1,riboswitch,1,riboswitch,0.9833440184593201,2191_2_RF01056_2_NC_000913.3_4467215-4467731_ext_160-360_int_140_off_20_percentage_100_position_21-136 riboswitch,2191,2,2191_2
query_2192,1,riboswitch,1,riboswitch,0.9981744289398193,2192_2_RF01056_2_NC_000913.3_4467215-4467731_ext_160-360_int_140_off_25_percentage_100_position_16-131 riboswitch,2192,2,2192_2
query_2193,1,riboswitch,1,riboswitch,0.9975457787513733,2193_2_RF01056_2_NC_000913.3_4467215-4467731_ext_160-360_int_140_off_30_percentage_100_position_11-126 riboswitch,2193,2,2193_2
query_2194,1,riboswitch,1,riboswitch,0.9980200529098511,2194_2_RF01056_2_NC_000913.3_4467215-4467731_ext_160-360_int_140_off_35_percentage_100_position_6-121 riboswitch,2194,2,2194_2
query_2195,1,riboswitch,1,riboswitch,0.999203622341156,2195_2_RF01056_2_NC_000913.3_4467215-4467731_ext_160-360_int_140_off_40_percentage_100_position_1-116 riboswitch,2195,2,2195_2
query_2196,1,riboswitch,1,riboswitch,0.9990789890289307,2196_2_RF01056_2_NC_000913.3_4467215-4467731_ext_160-360_int_140_off_45_percentage_96_position_1-111 riboswitch,2196,2,2196_2
query_2197,1,riboswitch,1,riboswitch,0.9983945488929749,2197_2_RF01056_2_NC_000913.3_4467215-4467731_ext_160-360_int_140_off_50_percentage_91_position_1-106 riboswitch,2197,2,2197_2
query_2198,1,riboswitch,1,riboswitch,0.9990228414535522,2198_2_RF01056_2_NC_000913.3_4467215-4467731_ext_160-360_int_140_off_55_percentage_87_position_1-101 riboswitch,2198,2,2198_2
query_2199,1,riboswitch,1,riboswitch,0.9961898326873779,2199_2_RF01056_2_NC_000913.3_4467215-4467731_ext_160-360_int_140_off_60_percentage_83_position_1-96 riboswitch,2199,2,2199_2
query_2200,1,riboswitch,1,riboswitch,0.6023240685462952,2200_2_RF01056_2_NC_000913.3_4467215-4467731_ext_160-360_int_145_off_0_percentage_91_position_41-145 riboswitch,2200,2,2200_2
query_2201,1,riboswitch,1,riboswitch,0.9750880002975464,2201_2_RF01056_2_NC_000913.3_4467215-4467731_ext_160-360_int_145_off_5_percentage_95_position_36-145 riboswitch,2201,2,2201_2
query_2202,1,riboswitch,1,riboswitch,0.9708160758018494,2202_2_RF01056_2_NC_000913.3_4467215-4467731_ext_160-360_int_145_off_10_percentage_99_position_31-145 riboswitch,2202,2,2202_2
query_2203,1,riboswitch,1,riboswitch,0.9711858630180359,2203_2_RF01056_2_NC_000913.3_4467215-4467731_ext_160-360_int_145_off_15_percentage_100_position_26-141 riboswitch,2203,2,2203_2
query_2204,1,riboswitch,1,riboswitch,0.9981831908226013,2204_2_RF01056_2_NC_000913.3_4467215-4467731_ext_160-360_int_145_off_20_percentage_100_position_21-136 riboswitch,2204,2,2204_2
query_2205,1,riboswitch,1,riboswitch,0.9980525970458984,2205_2_RF01056_2_NC_000913.3_4467215-4467731_ext_160-360_int_145_off_25_percentage_100_position_16-131 riboswitch,2205,2,2205_2
query_2206,1,riboswitch,1,riboswitch,0.9932169318199158,2206_2_RF01056_2_NC_000913.3_4467215-4467731_ext_160-360_int_145_off_30_percentage_100_position_11-126 riboswitch,2206,2,2206_2
query_2207,1,riboswitch,1,riboswitch,0.998994767665863,2207_2_RF01056_2_NC_000913.3_4467215-4467731_ext_160-360_int_145_off_35_percentage_100_position_6-121 riboswitch,2207,2,2207_2
query_2208,1,riboswitch,1,riboswitch,0.9989563226699829,2208_2_RF01056_2_NC_000913.3_4467215-4467731_ext_160-360_int_145_off_40_percentage_100_position_1-116 riboswitch,2208,2,2208_2
query_2209,1,riboswitch,1,riboswitch,0.9990571141242981,2209_2_RF01056_2_NC_000913.3_4467215-4467731_ext_160-360_int_145_off_45_percentage_96_position_1-111 riboswitch,2209,2,2209_2
query_2210,1,riboswitch,1,riboswitch,0.9987213015556335,2210_2_RF01056_2_NC_000913.3_4467215-4467731_ext_160-360_int_145_off_50_percentage_91_position_1-106 riboswitch,2210,2,2210_2
query_2211,1,riboswitch,1,riboswitch,0.9984098672866821,2211_2_RF01056_2_NC_000913.3_4467215-4467731_ext_160-360_int_145_off_55_percentage_87_position_1-101 riboswitch,2211,2,2211_2
query_2212,1,riboswitch,1,riboswitch,0.8374732732772827,2212_2_RF01056_2_NC_000913.3_4467215-4467731_ext_160-360_int_150_off_0_percentage_95_position_41-150 riboswitch,2212,2,2212_2
query_2213,1,riboswitch,1,riboswitch,0.9777895212173462,2213_2_RF01056_2_NC_000913.3_4467215-4467731_ext_160-360_int_150_off_5_percentage_99_position_36-150 riboswitch,2213,2,2213_2
query_2214,1,riboswitch,1,riboswitch,0.9657217860221863,2214_2_RF01056_2_NC_000913.3_4467215-4467731_ext_160-360_int_150_off_10_percentage_100_position_31-146 riboswitch,2214,2,2214_2
query_2215,1,riboswitch,1,riboswitch,0.9972857236862183,2215_2_RF01056_2_NC_000913.3_4467215-4467731_ext_160-360_int_150_off_15_percentage_100_position_26-141 riboswitch,2215,2,2215_2
query_2216,1,riboswitch,1,riboswitch,0.9981168508529663,2216_2_RF01056_2_NC_000913.3_4467215-4467731_ext_160-360_int_150_off_20_percentage_100_position_21-136 riboswitch,2216,2,2216_2
query_2217,1,riboswitch,1,riboswitch,0.9977280497550964,2217_2_RF01056_2_NC_000913.3_4467215-4467731_ext_160-360_int_150_off_25_percentage_100_position_16-131 riboswitch,2217,2,2217_2
query_2218,1,riboswitch,1,riboswitch,0.9989972710609436,2218_2_RF01056_2_NC_000913.3_4467215-4467731_ext_160-360_int_150_off_30_percentage_100_position_11-126 riboswitch,2218,2,2218_2
query_2219,1,riboswitch,1,riboswitch,0.9986756443977356,2219_2_RF01056_2_NC_000913.3_4467215-4467731_ext_160-360_int_150_off_35_percentage_100_position_6-121 riboswitch,2219,2,2219_2
query_2220,1,riboswitch,1,riboswitch,0.9986855387687683,2220_2_RF01056_2_NC_000913.3_4467215-4467731_ext_160-360_int_150_off_40_percentage_100_position_1-116 riboswitch,2220,2,2220_2
query_2221,1,riboswitch,1,riboswitch,0.9993292093276978,2221_2_RF01056_2_NC_000913.3_4467215-4467731_ext_160-360_int_150_off_45_percentage_96_position_1-111 riboswitch,2221,2,2221_2
query_2222,1,riboswitch,1,riboswitch,0.9983012080192566,2222_2_RF01056_2_NC_000913.3_4467215-4467731_ext_160-360_int_150_off_50_percentage_91_position_1-106 riboswitch,2222,2,2222_2
query_2223,1,riboswitch,1,riboswitch,0.8523997068405151,2223_2_RF01056_2_NC_000913.3_4467215-4467731_ext_160-360_int_155_off_0_percentage_99_position_41-155 riboswitch,2223,2,2223_2
query_2224,1,riboswitch,1,riboswitch,0.9752251505851746,2224_2_RF01056_2_NC_000913.3_4467215-4467731_ext_160-360_int_155_off_5_percentage_100_position_36-151 riboswitch,2224,2,2224_2
query_2225,1,riboswitch,1,riboswitch,0.9968532919883728,2225_2_RF01056_2_NC_000913.3_4467215-4467731_ext_160-360_int_155_off_10_percentage_100_position_31-146 riboswitch,2225,2,2225_2
query_2226,1,riboswitch,1,riboswitch,0.9971867203712463,2226_2_RF01056_2_NC_000913.3_4467215-4467731_ext_160-360_int_155_off_15_percentage_100_position_26-141 riboswitch,2226,2,2226_2
query_2227,1,riboswitch,1,riboswitch,0.9977468848228455,2227_2_RF01056_2_NC_000913.3_4467215-4467731_ext_160-360_int_155_off_20_percentage_100_position_21-136 riboswitch,2227,2,2227_2
query_2228,1,riboswitch,1,riboswitch,0.9973233342170715,2228_2_RF01056_2_NC_000913.3_4467215-4467731_ext_160-360_int_155_off_25_percentage_100_position_16-131 riboswitch,2228,2,2228_2
query_2229,1,riboswitch,1,riboswitch,0.9982799291610718,2229_2_RF01056_2_NC_000913.3_4467215-4467731_ext_160-360_int_155_off_30_percentage_100_position_11-126 riboswitch,2229,2,2229_2
query_2230,1,riboswitch,1,riboswitch,0.9983748197555542,2230_2_RF01056_2_NC_000913.3_4467215-4467731_ext_160-360_int_155_off_35_percentage_100_position_6-121 riboswitch,2230,2,2230_2
query_2231,1,riboswitch,1,riboswitch,0.9987472295761108,2231_2_RF01056_2_NC_000913.3_4467215-4467731_ext_160-360_int_155_off_40_percentage_100_position_1-116 riboswitch,2231,2,2231_2
query_2232,1,riboswitch,1,riboswitch,0.9973565340042114,2232_2_RF01056_2_NC_000913.3_4467215-4467731_ext_160-360_int_155_off_45_percentage_96_position_1-111 riboswitch,2232,2,2232_2
query_2233,1,riboswitch,1,riboswitch,0.8439689874649048,2233_2_RF01056_2_NC_000913.3_4467215-4467731_ext_160-360_int_160_off_0_percentage_100_position_41-156 riboswitch,2233,2,2233_2
query_2234,1,riboswitch,1,riboswitch,0.995537281036377,2234_2_RF01056_2_NC_000913.3_4467215-4467731_ext_160-360_int_160_off_5_percentage_100_position_36-151 riboswitch,2234,2,2234_2
query_2235,1,riboswitch,1,riboswitch,0.9960615038871765,2235_2_RF01056_2_NC_000913.3_4467215-4467731_ext_160-360_int_160_off_10_percentage_100_position_31-146 riboswitch,2235,2,2235_2
query_2236,1,riboswitch,1,riboswitch,0.9964258074760437,2236_2_RF01056_2_NC_000913.3_4467215-4467731_ext_160-360_int_160_off_15_percentage_100_position_26-141 riboswitch,2236,2,2236_2
query_2237,1,riboswitch,1,riboswitch,0.9971567392349243,2237_2_RF01056_2_NC_000913.3_4467215-4467731_ext_160-360_int_160_off_20_percentage_100_position_21-136 riboswitch,2237,2,2237_2
query_2238,1,riboswitch,1,riboswitch,0.9965481162071228,2238_2_RF01056_2_NC_000913.3_4467215-4467731_ext_160-360_int_160_off_25_percentage_100_position_16-131 riboswitch,2238,2,2238_2
query_2239,1,riboswitch,1,riboswitch,0.9978610873222351,2239_2_RF01056_2_NC_000913.3_4467215-4467731_ext_160-360_int_160_off_30_percentage_100_position_11-126 riboswitch,2239,2,2239_2
query_2240,1,riboswitch,1,riboswitch,0.9981936812400818,2240_2_RF01056_2_NC_000913.3_4467215-4467731_ext_160-360_int_160_off_35_percentage_100_position_6-121 riboswitch,2240,2,2240_2
query_2241,1,riboswitch,1,riboswitch,0.9986621141433716,2241_2_RF01056_2_NC_000913.3_4467215-4467731_ext_160-360_int_160_off_40_percentage_100_position_1-116 riboswitch,2241,2,2241_2
query_2242,1,riboswitch,1,riboswitch,0.9790679216384888,2242_2_RF01056_2_NC_000913.3_4467215-4467731_ext_160-360_int_165_off_0_percentage_100_position_41-156 riboswitch,2242,2,2242_2
query_2243,1,riboswitch,1,riboswitch,0.9956730008125305,2243_2_RF01056_2_NC_000913.3_4467215-4467731_ext_160-360_int_165_off_5_percentage_100_position_36-151 riboswitch,2243,2,2243_2
query_2244,1,riboswitch,1,riboswitch,0.995890736579895,2244_2_RF01056_2_NC_000913.3_4467215-4467731_ext_160-360_int_165_off_10_percentage_100_position_31-146 riboswitch,2244,2,2244_2
query_2245,1,riboswitch,1,riboswitch,0.9950616955757141,2245_2_RF01056_2_NC_000913.3_4467215-4467731_ext_160-360_int_165_off_15_percentage_100_position_26-141 riboswitch,2245,2,2245_2
query_2246,1,riboswitch,1,riboswitch,0.9956902861595154,2246_2_RF01056_2_NC_000913.3_4467215-4467731_ext_160-360_int_165_off_20_percentage_100_position_21-136 riboswitch,2246,2,2246_2
query_2247,1,riboswitch,1,riboswitch,0.9977096319198608,2247_2_RF01056_2_NC_000913.3_4467215-4467731_ext_160-360_int_165_off_25_percentage_100_position_16-131 riboswitch,2247,2,2247_2
query_2248,1,riboswitch,1,riboswitch,0.9979210495948792,2248_2_RF01056_2_NC_000913.3_4467215-4467731_ext_160-360_int_165_off_30_percentage_100_position_11-126 riboswitch,2248,2,2248_2
query_2249,1,riboswitch,1,riboswitch,0.998099148273468,2249_2_RF01056_2_NC_000913.3_4467215-4467731_ext_160-360_int_165_off_35_percentage_100_position_6-121 riboswitch,2249,2,2249_2
query_2250,1,riboswitch,1,riboswitch,0.9801943302154541,2250_2_RF01056_2_NC_000913.3_4467215-4467731_ext_160-360_int_170_off_0_percentage_100_position_41-156 riboswitch,2250,2,2250_2
query_2251,1,riboswitch,1,riboswitch,0.9955175518989563,2251_2_RF01056_2_NC_000913.3_4467215-4467731_ext_160-360_int_170_off_5_percentage_100_position_36-151 riboswitch,2251,2,2251_2
query_2252,1,riboswitch,1,riboswitch,0.997040331363678,2252_2_RF01056_2_NC_000913.3_4467215-4467731_ext_160-360_int_170_off_10_percentage_100_position_31-146 riboswitch,2252,2,2252_2
query_2253,1,riboswitch,1,riboswitch,0.9910616874694824,2253_2_RF01056_2_NC_000913.3_4467215-4467731_ext_160-360_int_170_off_15_percentage_100_position_26-141 riboswitch,2253,2,2253_2
query_2254,1,riboswitch,1,riboswitch,0.9971286654472351,2254_2_RF01056_2_NC_000913.3_4467215-4467731_ext_160-360_int_170_off_20_percentage_100_position_21-136 riboswitch,2254,2,2254_2
query_2255,1,riboswitch,1,riboswitch,0.997829020023346,2255_2_RF01056_2_NC_000913.3_4467215-4467731_ext_160-360_int_170_off_25_percentage_100_position_16-131 riboswitch,2255,2,2255_2
query_2256,1,riboswitch,1,riboswitch,0.9977905750274658,2256_2_RF01056_2_NC_000913.3_4467215-4467731_ext_160-360_int_170_off_30_percentage_100_position_11-126 riboswitch,2256,2,2256_2
query_2257,1,riboswitch,1,riboswitch,0.9787196516990662,2257_2_RF01056_2_NC_000913.3_4467215-4467731_ext_160-360_int_175_off_0_percentage_100_position_41-156 riboswitch,2257,2,2257_2
query_2258,1,riboswitch,1,riboswitch,0.9968047142028809,2258_2_RF01056_2_NC_000913.3_4467215-4467731_ext_160-360_int_175_off_5_percentage_100_position_36-151 riboswitch,2258,2,2258_2
query_2259,1,riboswitch,1,riboswitch,0.9954740405082703,2259_2_RF01056_2_NC_000913.3_4467215-4467731_ext_160-360_int_175_off_10_percentage_100_position_31-146 riboswitch,2259,2,2259_2
query_2260,1,riboswitch,1,riboswitch,0.9953656196594238,2260_2_RF01056_2_NC_000913.3_4467215-4467731_ext_160-360_int_175_off_15_percentage_100_position_26-141 riboswitch,2260,2,2260_2
query_2261,1,riboswitch,1,riboswitch,0.9975321292877197,2261_2_RF01056_2_NC_000913.3_4467215-4467731_ext_160-360_int_175_off_20_percentage_100_position_21-136 riboswitch,2261,2,2261_2
query_2262,1,riboswitch,1,riboswitch,0.9963106513023376,2262_2_RF01056_2_NC_000913.3_4467215-4467731_ext_160-360_int_175_off_25_percentage_100_position_16-131 riboswitch,2262,2,2262_2
query_2263,1,riboswitch,1,riboswitch,0.9901509284973145,2263_2_RF01056_2_NC_000913.3_4467215-4467731_ext_160-360_int_180_off_0_percentage_100_position_41-156 riboswitch,2263,2,2263_2
query_2264,1,riboswitch,1,riboswitch,0.9951497912406921,2264_2_RF01056_2_NC_000913.3_4467215-4467731_ext_160-360_int_180_off_5_percentage_100_position_36-151 riboswitch,2264,2,2264_2
query_2265,1,riboswitch,1,riboswitch,0.9946281313896179,2265_2_RF01056_2_NC_000913.3_4467215-4467731_ext_160-360_int_180_off_10_percentage_100_position_31-146 riboswitch,2265,2,2265_2
query_2266,1,riboswitch,1,riboswitch,0.9968185424804688,2266_2_RF01056_2_NC_000913.3_4467215-4467731_ext_160-360_int_180_off_15_percentage_100_position_26-141 riboswitch,2266,2,2266_2
query_2267,1,riboswitch,1,riboswitch,0.9948990941047668,2267_2_RF01056_2_NC_000913.3_4467215-4467731_ext_160-360_int_180_off_20_percentage_100_position_21-136 riboswitch,2267,2,2267_2
query_2268,1,riboswitch,1,riboswitch,0.9797674417495728,2268_2_RF01056_2_NC_000913.3_4467215-4467731_ext_160-360_int_185_off_0_percentage_100_position_41-156 riboswitch,2268,2,2268_2
query_2269,1,riboswitch,1,riboswitch,0.9941290616989136,2269_2_RF01056_2_NC_000913.3_4467215-4467731_ext_160-360_int_185_off_5_percentage_100_position_36-151 riboswitch,2269,2,2269_2
query_2270,1,riboswitch,1,riboswitch,0.9965124726295471,2270_2_RF01056_2_NC_000913.3_4467215-4467731_ext_160-360_int_185_off_10_percentage_100_position_31-146 riboswitch,2270,2,2270_2
query_2271,1,riboswitch,1,riboswitch,0.9924271106719971,2271_2_RF01056_2_NC_000913.3_4467215-4467731_ext_160-360_int_185_off_15_percentage_100_position_26-141 riboswitch,2271,2,2271_2
query_2272,1,riboswitch,1,riboswitch,0.9854456186294556,2272_2_RF01056_2_NC_000913.3_4467215-4467731_ext_160-360_int_190_off_0_percentage_100_position_41-156 riboswitch,2272,2,2272_2
query_2273,1,riboswitch,1,riboswitch,0.9945077300071716,2273_2_RF01056_2_NC_000913.3_4467215-4467731_ext_160-360_int_190_off_5_percentage_100_position_36-151 riboswitch,2273,2,2273_2
query_2274,1,riboswitch,1,riboswitch,0.9912906885147095,2274_2_RF01056_2_NC_000913.3_4467215-4467731_ext_160-360_int_190_off_10_percentage_100_position_31-146 riboswitch,2274,2,2274_2
query_2275,1,riboswitch,1,riboswitch,0.9802752137184143,2275_2_RF01056_2_NC_000913.3_4467215-4467731_ext_160-360_int_195_off_0_percentage_100_position_41-156 riboswitch,2275,2,2275_2
query_2276,1,riboswitch,1,riboswitch,0.9871208071708679,2276_2_RF01056_2_NC_000913.3_4467215-4467731_ext_160-360_int_195_off_5_percentage_100_position_36-151 riboswitch,2276,2,2276_2
query_2277,1,riboswitch,1,riboswitch,0.9702939987182617,2277_2_RF01056_2_NC_000913.3_4467215-4467731_ext_160-360_int_200_off_0_percentage_100_position_41-156 riboswitch,2277,2,2277_2
query_2278,0,genomicbackground,1,riboswitch,0.9848614931106567,2278_2_RF01056_2_NC_000913.3_4467215-4467731_ext_180-380_int_95_off_0_percentage_65_position_21-95 genomicbackground,2278,2,2278_2
query_2279,0,genomicbackground,1,riboswitch,0.9907662868499756,2279_2_RF01056_2_NC_000913.3_4467215-4467731_ext_180-380_int_95_off_5_percentage_69_position_16-95 genomicbackground,2279,2,2279_2
query_2280,0,genomicbackground,1,riboswitch,0.9940949082374573,2280_2_RF01056_2_NC_000913.3_4467215-4467731_ext_180-380_int_95_off_10_percentage_73_position_11-95 genomicbackground,2280,2,2280_2
query_2281,1,riboswitch,1,riboswitch,0.99591463804245,2281_2_RF01056_2_NC_000913.3_4467215-4467731_ext_180-380_int_95_off_15_percentage_78_position_6-95 riboswitch,2281,2,2281_2
query_2282,1,riboswitch,1,riboswitch,0.984495997428894,2282_2_RF01056_2_NC_000913.3_4467215-4467731_ext_180-380_int_95_off_20_percentage_82_position_1-95 riboswitch,2282,2,2282_2
query_2283,1,riboswitch,1,riboswitch,0.9984710812568665,2283_2_RF01056_2_NC_000913.3_4467215-4467731_ext_180-380_int_95_off_25_percentage_82_position_1-95 riboswitch,2283,2,2283_2
query_2284,1,riboswitch,1,riboswitch,0.9881541728973389,2284_2_RF01056_2_NC_000913.3_4467215-4467731_ext_180-380_int_95_off_30_percentage_82_position_1-95 riboswitch,2284,2,2284_2
query_2285,1,riboswitch,1,riboswitch,0.9974029064178467,2285_2_RF01056_2_NC_000913.3_4467215-4467731_ext_180-380_int_95_off_35_percentage_82_position_1-95 riboswitch,2285,2,2285_2
query_2286,1,riboswitch,1,riboswitch,0.9918088316917419,2286_2_RF01056_2_NC_000913.3_4467215-4467731_ext_180-380_int_95_off_40_percentage_82_position_1-95 riboswitch,2286,2,2286_2
query_2287,1,riboswitch,1,riboswitch,0.9813568592071533,2287_2_RF01056_2_NC_000913.3_4467215-4467731_ext_180-380_int_95_off_45_percentage_78_position_1-91 riboswitch,2287,2,2287_2
query_2288,0,genomicbackground,1,riboswitch,0.9991071820259094,2288_2_RF01056_2_NC_000913.3_4467215-4467731_ext_180-380_int_95_off_50_percentage_74_position_1-86 genomicbackground,2288,2,2288_2
query_2289,0,genomicbackground,1,riboswitch,0.9988842606544495,2289_2_RF01056_2_NC_000913.3_4467215-4467731_ext_180-380_int_95_off_55_percentage_70_position_1-81 genomicbackground,2289,2,2289_2
query_2290,0,genomicbackground,1,riboswitch,0.9965702295303345,2290_2_RF01056_2_NC_000913.3_4467215-4467731_ext_180-380_int_95_off_60_percentage_66_position_1-76 genomicbackground,2290,2,2290_2
query_2291,0,genomicbackground,1,riboswitch,0.9976586103439331,2291_2_RF01056_2_NC_000913.3_4467215-4467731_ext_180-380_int_95_off_65_percentage_61_position_1-71 genomicbackground,2291,2,2291_2
query_2292,0,genomicbackground,1,riboswitch,0.9855704307556152,2292_2_RF01056_2_NC_000913.3_4467215-4467731_ext_180-380_int_95_off_70_percentage_57_position_1-66 genomicbackground,2292,2,2292_2
query_2293,0,genomicbackground,1,riboswitch,0.9958928823471069,2293_2_RF01056_2_NC_000913.3_4467215-4467731_ext_180-380_int_95_off_75_percentage_53_position_1-61 genomicbackground,2293,2,2293_2
query_2294,0,genomicbackground,1,riboswitch,0.9930434226989746,2294_2_RF01056_2_NC_000913.3_4467215-4467731_ext_180-380_int_95_off_80_percentage_48_position_1-56 genomicbackground,2294,2,2294_2
query_2295,0,genomicbackground,1,riboswitch,0.8614690899848938,2295_2_RF01056_2_NC_000913.3_4467215-4467731_ext_180-380_int_95_off_85_percentage_44_position_1-51 genomicbackground,2295,2,2295_2
query_2296,0,genomicbackground,1,riboswitch,0.7415441870689392,2296_2_RF01056_2_NC_000913.3_4467215-4467731_ext_180-380_int_95_off_90_percentage_40_position_1-46 genomicbackground,2296,2,2296_2
query_2297,0,genomicbackground,1,riboswitch,0.8206952810287476,2297_2_RF01056_2_NC_000913.3_4467215-4467731_ext_180-380_int_95_off_95_percentage_35_position_1-41 genomicbackground,2297,2,2297_2
query_2298,0,genomicbackground,1,riboswitch,0.9651517868041992,2298_2_RF01056_2_NC_000913.3_4467215-4467731_ext_180-380_int_95_off_100_percentage_31_position_1-36 genomicbackground,2298,2,2298_2
query_2299,0,genomicbackground,1,riboswitch,0.9975576400756836,2299_2_RF01056_2_NC_000913.3_4467215-4467731_ext_180-380_int_95_off_105_percentage_27_position_1-31 genomicbackground,2299,2,2299_2
query_2300,0,genomicbackground,1,riboswitch,0.9878193140029907,2300_2_RF01056_2_NC_000913.3_4467215-4467731_ext_180-380_int_100_off_0_percentage_69_position_21-100 genomicbackground,2300,2,2300_2
query_2301,0,genomicbackground,1,riboswitch,0.9878465533256531,2301_2_RF01056_2_NC_000913.3_4467215-4467731_ext_180-380_int_100_off_5_percentage_73_position_16-100 genomicbackground,2301,2,2301_2
query_2302,1,riboswitch,1,riboswitch,0.9958063364028931,2302_2_RF01056_2_NC_000913.3_4467215-4467731_ext_180-380_int_100_off_10_percentage_78_position_11-100 riboswitch,2302,2,2302_2
query_2303,1,riboswitch,1,riboswitch,0.9744932055473328,2303_2_RF01056_2_NC_000913.3_4467215-4467731_ext_180-380_int_100_off_15_percentage_82_position_6-100 riboswitch,2303,2,2303_2
query_2304,1,riboswitch,1,riboswitch,0.9934584498405457,2304_2_RF01056_2_NC_000913.3_4467215-4467731_ext_180-380_int_100_off_20_percentage_86_position_1-100 riboswitch,2304,2,2304_2
query_2305,1,riboswitch,1,riboswitch,0.9885733127593994,2305_2_RF01056_2_NC_000913.3_4467215-4467731_ext_180-380_int_100_off_25_percentage_86_position_1-100 riboswitch,2305,2,2305_2
query_2306,1,riboswitch,1,riboswitch,0.9940359592437744,2306_2_RF01056_2_NC_000913.3_4467215-4467731_ext_180-380_int_100_off_30_percentage_86_position_1-100 riboswitch,2306,2,2306_2
query_2307,1,riboswitch,1,riboswitch,0.9973911643028259,2307_2_RF01056_2_NC_000913.3_4467215-4467731_ext_180-380_int_100_off_35_percentage_86_position_1-100 riboswitch,2307,2,2307_2
query_2308,1,riboswitch,1,riboswitch,0.9909451007843018,2308_2_RF01056_2_NC_000913.3_4467215-4467731_ext_180-380_int_100_off_40_percentage_83_position_1-96 riboswitch,2308,2,2308_2
query_2309,1,riboswitch,1,riboswitch,0.9987413287162781,2309_2_RF01056_2_NC_000913.3_4467215-4467731_ext_180-380_int_100_off_45_percentage_78_position_1-91 riboswitch,2309,2,2309_2
query_2310,0,genomicbackground,1,riboswitch,0.9991857409477234,2310_2_RF01056_2_NC_000913.3_4467215-4467731_ext_180-380_int_100_off_50_percentage_74_position_1-86 genomicbackground,2310,2,2310_2
query_2311,0,genomicbackground,1,riboswitch,0.9988396763801575,2311_2_RF01056_2_NC_000913.3_4467215-4467731_ext_180-380_int_100_off_55_percentage_70_position_1-81 genomicbackground,2311,2,2311_2
query_2312,0,genomicbackground,1,riboswitch,0.9980691075325012,2312_2_RF01056_2_NC_000913.3_4467215-4467731_ext_180-380_int_100_off_60_percentage_66_position_1-76 genomicbackground,2312,2,2312_2
query_2313,0,genomicbackground,1,riboswitch,0.9969459176063538,2313_2_RF01056_2_NC_000913.3_4467215-4467731_ext_180-380_int_100_off_65_percentage_61_position_1-71 genomicbackground,2313,2,2313_2
query_2314,0,genomicbackground,1,riboswitch,0.980072021484375,2314_2_RF01056_2_NC_000913.3_4467215-4467731_ext_180-380_int_100_off_70_percentage_57_position_1-66 genomicbackground,2314,2,2314_2
query_2315,0,genomicbackground,1,riboswitch,0.9884140491485596,2315_2_RF01056_2_NC_000913.3_4467215-4467731_ext_180-380_int_100_off_75_percentage_53_position_1-61 genomicbackground,2315,2,2315_2
query_2316,0,genomicbackground,1,riboswitch,0.9919155836105347,2316_2_RF01056_2_NC_000913.3_4467215-4467731_ext_180-380_int_100_off_80_percentage_48_position_1-56 genomicbackground,2316,2,2316_2
query_2317,0,genomicbackground,1,riboswitch,0.7408157587051392,2317_2_RF01056_2_NC_000913.3_4467215-4467731_ext_180-380_int_100_off_85_percentage_44_position_1-51 genomicbackground,2317,2,2317_2
query_2318,0,genomicbackground,1,riboswitch,0.8842428922653198,2318_2_RF01056_2_NC_000913.3_4467215-4467731_ext_180-380_int_100_off_90_percentage_40_position_1-46 genomicbackground,2318,2,2318_2
query_2319,0,genomicbackground,1,riboswitch,0.8819344639778137,2319_2_RF01056_2_NC_000913.3_4467215-4467731_ext_180-380_int_100_off_95_percentage_35_position_1-41 genomicbackground,2319,2,2319_2
query_2320,0,genomicbackground,1,riboswitch,0.8827430009841919,2320_2_RF01056_2_NC_000913.3_4467215-4467731_ext_180-380_int_100_off_100_percentage_31_position_1-36 genomicbackground,2320,2,2320_2
query_2321,0,genomicbackground,1,riboswitch,0.9820317029953003,2321_2_RF01056_2_NC_000913.3_4467215-4467731_ext_180-380_int_105_off_0_percentage_73_position_21-105 genomicbackground,2321,2,2321_2
query_2322,1,riboswitch,1,riboswitch,0.9947863817214966,2322_2_RF01056_2_NC_000913.3_4467215-4467731_ext_180-380_int_105_off_5_percentage_78_position_16-105 riboswitch,2322,2,2322_2
query_2323,1,riboswitch,1,riboswitch,0.9614511132240295,2323_2_RF01056_2_NC_000913.3_4467215-4467731_ext_180-380_int_105_off_10_percentage_82_position_11-105 riboswitch,2323,2,2323_2
query_2324,1,riboswitch,1,riboswitch,0.9926902651786804,2324_2_RF01056_2_NC_000913.3_4467215-4467731_ext_180-380_int_105_off_15_percentage_86_position_6-105 riboswitch,2324,2,2324_2
query_2325,1,riboswitch,1,riboswitch,0.9907317757606506,2325_2_RF01056_2_NC_000913.3_4467215-4467731_ext_180-380_int_105_off_20_percentage_91_position_1-105 riboswitch,2325,2,2325_2
query_2326,1,riboswitch,1,riboswitch,0.9982900023460388,2326_2_RF01056_2_NC_000913.3_4467215-4467731_ext_180-380_int_105_off_25_percentage_91_position_1-105 riboswitch,2326,2,2326_2
query_2327,1,riboswitch,1,riboswitch,0.9942027926445007,2327_2_RF01056_2_NC_000913.3_4467215-4467731_ext_180-380_int_105_off_30_percentage_91_position_1-105 riboswitch,2327,2,2327_2
query_2328,1,riboswitch,1,riboswitch,0.9973005652427673,2328_2_RF01056_2_NC_000913.3_4467215-4467731_ext_180-380_int_105_off_35_percentage_87_position_1-101 riboswitch,2328,2,2328_2
query_2329,1,riboswitch,1,riboswitch,0.9992000460624695,2329_2_RF01056_2_NC_000913.3_4467215-4467731_ext_180-380_int_105_off_40_percentage_83_position_1-96 riboswitch,2329,2,2329_2
query_2330,1,riboswitch,1,riboswitch,0.9987940788269043,2330_2_RF01056_2_NC_000913.3_4467215-4467731_ext_180-380_int_105_off_45_percentage_78_position_1-91 riboswitch,2330,2,2330_2
query_2331,0,genomicbackground,1,riboswitch,0.9992160797119141,2331_2_RF01056_2_NC_000913.3_4467215-4467731_ext_180-380_int_105_off_50_percentage_74_position_1-86 genomicbackground,2331,2,2331_2
query_2332,0,genomicbackground,1,riboswitch,0.999119222164154,2332_2_RF01056_2_NC_000913.3_4467215-4467731_ext_180-380_int_105_off_55_percentage_70_position_1-81 genomicbackground,2332,2,2332_2
query_2333,0,genomicbackground,1,riboswitch,0.9973726272583008,2333_2_RF01056_2_NC_000913.3_4467215-4467731_ext_180-380_int_105_off_60_percentage_66_position_1-76 genomicbackground,2333,2,2333_2
query_2334,0,genomicbackground,1,riboswitch,0.9956274032592773,2334_2_RF01056_2_NC_000913.3_4467215-4467731_ext_180-380_int_105_off_65_percentage_61_position_1-71 genomicbackground,2334,2,2334_2
query_2335,0,genomicbackground,1,riboswitch,0.924651026725769,2335_2_RF01056_2_NC_000913.3_4467215-4467731_ext_180-380_int_105_off_70_percentage_57_position_1-66 genomicbackground,2335,2,2335_2
query_2336,0,genomicbackground,1,riboswitch,0.9805574417114258,2336_2_RF01056_2_NC_000913.3_4467215-4467731_ext_180-380_int_105_off_75_percentage_53_position_1-61 genomicbackground,2336,2,2336_2
query_2337,0,genomicbackground,1,riboswitch,0.9923451542854309,2337_2_RF01056_2_NC_000913.3_4467215-4467731_ext_180-380_int_105_off_80_percentage_48_position_1-56 genomicbackground,2337,2,2337_2
query_2338,0,genomicbackground,1,riboswitch,0.9410524964332581,2338_2_RF01056_2_NC_000913.3_4467215-4467731_ext_180-380_int_105_off_85_percentage_44_position_1-51 genomicbackground,2338,2,2338_2
query_2339,0,genomicbackground,1,riboswitch,0.9293965697288513,2339_2_RF01056_2_NC_000913.3_4467215-4467731_ext_180-380_int_105_off_90_percentage_40_position_1-46 genomicbackground,2339,2,2339_2
query_2340,0,genomicbackground,1,riboswitch,0.6958376169204712,2340_2_RF01056_2_NC_000913.3_4467215-4467731_ext_180-380_int_105_off_95_percentage_35_position_1-41 genomicbackground,2340,2,2340_2
query_2341,1,riboswitch,1,riboswitch,0.9916157126426697,2341_2_RF01056_2_NC_000913.3_4467215-4467731_ext_180-380_int_110_off_0_percentage_78_position_21-110 riboswitch,2341,2,2341_2
query_2342,1,riboswitch,1,riboswitch,0.9112993478775024,2342_2_RF01056_2_NC_000913.3_4467215-4467731_ext_180-380_int_110_off_5_percentage_82_position_16-110 riboswitch,2342,2,2342_2
query_2343,1,riboswitch,1,riboswitch,0.9924005270004272,2343_2_RF01056_2_NC_000913.3_4467215-4467731_ext_180-380_int_110_off_10_percentage_86_position_11-110 riboswitch,2343,2,2343_2
query_2344,1,riboswitch,1,riboswitch,0.9740856289863586,2344_2_RF01056_2_NC_000913.3_4467215-4467731_ext_180-380_int_110_off_15_percentage_91_position_6-110 riboswitch,2344,2,2344_2
query_2345,1,riboswitch,1,riboswitch,0.9939212799072266,2345_2_RF01056_2_NC_000913.3_4467215-4467731_ext_180-380_int_110_off_20_percentage_95_position_1-110 riboswitch,2345,2,2345_2
query_2346,1,riboswitch,1,riboswitch,0.998290479183197,2346_2_RF01056_2_NC_000913.3_4467215-4467731_ext_180-380_int_110_off_25_percentage_95_position_1-110 riboswitch,2346,2,2346_2
query_2347,1,riboswitch,1,riboswitch,0.9925676584243774,2347_2_RF01056_2_NC_000913.3_4467215-4467731_ext_180-380_int_110_off_30_percentage_91_position_1-106 riboswitch,2347,2,2347_2
query_2348,1,riboswitch,1,riboswitch,0.999416708946228,2348_2_RF01056_2_NC_000913.3_4467215-4467731_ext_180-380_int_110_off_35_percentage_87_position_1-101 riboswitch,2348,2,2348_2
query_2349,1,riboswitch,1,riboswitch,0.9992374181747437,2349_2_RF01056_2_NC_000913.3_4467215-4467731_ext_180-380_int_110_off_40_percentage_83_position_1-96 riboswitch,2349,2,2349_2
query_2350,1,riboswitch,1,riboswitch,0.9987995624542236,2350_2_RF01056_2_NC_000913.3_4467215-4467731_ext_180-380_int_110_off_45_percentage_78_position_1-91 riboswitch,2350,2,2350_2
query_2351,0,genomicbackground,1,riboswitch,0.998842716217041,2351_2_RF01056_2_NC_000913.3_4467215-4467731_ext_180-380_int_110_off_50_percentage_74_position_1-86 genomicbackground,2351,2,2351_2
query_2352,0,genomicbackground,1,riboswitch,0.9989638328552246,2352_2_RF01056_2_NC_000913.3_4467215-4467731_ext_180-380_int_110_off_55_percentage_70_position_1-81 genomicbackground,2352,2,2352_2
query_2353,0,genomicbackground,1,riboswitch,0.9969416260719299,2353_2_RF01056_2_NC_000913.3_4467215-4467731_ext_180-380_int_110_off_60_percentage_66_position_1-76 genomicbackground,2353,2,2353_2
query_2354,0,genomicbackground,1,riboswitch,0.983651876449585,2354_2_RF01056_2_NC_000913.3_4467215-4467731_ext_180-380_int_110_off_65_percentage_61_position_1-71 genomicbackground,2354,2,2354_2
query_2355,0,genomicbackground,1,riboswitch,0.9212117195129395,2355_2_RF01056_2_NC_000913.3_4467215-4467731_ext_180-380_int_110_off_70_percentage_57_position_1-66 genomicbackground,2355,2,2355_2
query_2356,0,genomicbackground,1,riboswitch,0.972607433795929,2356_2_RF01056_2_NC_000913.3_4467215-4467731_ext_180-380_int_110_off_75_percentage_53_position_1-61 genomicbackground,2356,2,2356_2
query_2357,0,genomicbackground,1,riboswitch,0.998248815536499,2357_2_RF01056_2_NC_000913.3_4467215-4467731_ext_180-380_int_110_off_80_percentage_48_position_1-56 genomicbackground,2357,2,2357_2
query_2358,0,genomicbackground,1,riboswitch,0.9598260521888733,2358_2_RF01056_2_NC_000913.3_4467215-4467731_ext_180-380_int_110_off_85_percentage_44_position_1-51 genomicbackground,2358,2,2358_2
query_2359,0,genomicbackground,1,riboswitch,0.7942659258842468,2359_2_RF01056_2_NC_000913.3_4467215-4467731_ext_180-380_int_110_off_90_percentage_40_position_1-46 genomicbackground,2359,2,2359_2
query_2360,1,riboswitch,1,riboswitch,0.7270244359970093,2360_2_RF01056_2_NC_000913.3_4467215-4467731_ext_180-380_int_115_off_0_percentage_82_position_21-115 riboswitch,2360,2,2360_2
query_2361,1,riboswitch,1,riboswitch,0.9763047695159912,2361_2_RF01056_2_NC_000913.3_4467215-4467731_ext_180-380_int_115_off_5_percentage_86_position_16-115 riboswitch,2361,2,2361_2
query_2362,1,riboswitch,1,riboswitch,0.9625537991523743,2362_2_RF01056_2_NC_000913.3_4467215-4467731_ext_180-380_int_115_off_10_percentage_91_position_11-115 riboswitch,2362,2,2362_2
query_2363,1,riboswitch,1,riboswitch,0.9951399564743042,2363_2_RF01056_2_NC_000913.3_4467215-4467731_ext_180-380_int_115_off_15_percentage_95_position_6-115 riboswitch,2363,2,2363_2
query_2364,1,riboswitch,1,riboswitch,0.9941219687461853,2364_2_RF01056_2_NC_000913.3_4467215-4467731_ext_180-380_int_115_off_20_percentage_99_position_1-115 riboswitch,2364,2,2364_2
query_2365,1,riboswitch,1,riboswitch,0.9982510209083557,2365_2_RF01056_2_NC_000913.3_4467215-4467731_ext_180-380_int_115_off_25_percentage_96_position_1-111 riboswitch,2365,2,2365_2
query_2366,1,riboswitch,1,riboswitch,0.997421383857727,2366_2_RF01056_2_NC_000913.3_4467215-4467731_ext_180-380_int_115_off_30_percentage_91_position_1-106 riboswitch,2366,2,2366_2
query_2367,1,riboswitch,1,riboswitch,0.9994633793830872,2367_2_RF01056_2_NC_000913.3_4467215-4467731_ext_180-380_int_115_off_35_percentage_87_position_1-101 riboswitch,2367,2,2367_2
query_2368,1,riboswitch,1,riboswitch,0.9992398023605347,2368_2_RF01056_2_NC_000913.3_4467215-4467731_ext_180-380_int_115_off_40_percentage_83_position_1-96 riboswitch,2368,2,2368_2
query_2369,1,riboswitch,1,riboswitch,0.9989277720451355,2369_2_RF01056_2_NC_000913.3_4467215-4467731_ext_180-380_int_115_off_45_percentage_78_position_1-91 riboswitch,2369,2,2369_2
query_2370,0,genomicbackground,1,riboswitch,0.9986032843589783,2370_2_RF01056_2_NC_000913.3_4467215-4467731_ext_180-380_int_115_off_50_percentage_74_position_1-86 genomicbackground,2370,2,2370_2
query_2371,0,genomicbackground,1,riboswitch,0.9987505674362183,2371_2_RF01056_2_NC_000913.3_4467215-4467731_ext_180-380_int_115_off_55_percentage_70_position_1-81 genomicbackground,2371,2,2371_2
query_2372,0,genomicbackground,1,riboswitch,0.9927997589111328,2372_2_RF01056_2_NC_000913.3_4467215-4467731_ext_180-380_int_115_off_60_percentage_66_position_1-76 genomicbackground,2372,2,2372_2
query_2373,0,genomicbackground,1,riboswitch,0.9854514598846436,2373_2_RF01056_2_NC_000913.3_4467215-4467731_ext_180-380_int_115_off_65_percentage_61_position_1-71 genomicbackground,2373,2,2373_2
query_2374,0,genomicbackground,1,riboswitch,0.8633993864059448,2374_2_RF01056_2_NC_000913.3_4467215-4467731_ext_180-380_int_115_off_70_percentage_57_position_1-66 genomicbackground,2374,2,2374_2
query_2375,0,genomicbackground,1,riboswitch,0.997154951095581,2375_2_RF01056_2_NC_000913.3_4467215-4467731_ext_180-380_int_115_off_75_percentage_53_position_1-61 genomicbackground,2375,2,2375_2
query_2376,0,genomicbackground,1,riboswitch,0.9984429478645325,2376_2_RF01056_2_NC_000913.3_4467215-4467731_ext_180-380_int_115_off_80_percentage_48_position_1-56 genomicbackground,2376,2,2376_2
query_2377,0,genomicbackground,1,riboswitch,0.9982050657272339,2377_2_RF01056_2_NC_000913.3_4467215-4467731_ext_180-380_int_115_off_85_percentage_44_position_1-51 genomicbackground,2377,2,2377_2
query_2378,1,riboswitch,1,riboswitch,0.9695556163787842,2378_2_RF01056_2_NC_000913.3_4467215-4467731_ext_180-380_int_120_off_0_percentage_86_position_21-120 riboswitch,2378,2,2378_2
query_2379,1,riboswitch,1,riboswitch,0.9703601002693176,2379_2_RF01056_2_NC_000913.3_4467215-4467731_ext_180-380_int_120_off_5_percentage_91_position_16-120 riboswitch,2379,2,2379_2
query_2380,1,riboswitch,1,riboswitch,0.995005190372467,2380_2_RF01056_2_NC_000913.3_4467215-4467731_ext_180-380_int_120_off_10_percentage_95_position_11-120 riboswitch,2380,2,2380_2
query_2381,1,riboswitch,1,riboswitch,0.9951091408729553,2381_2_RF01056_2_NC_000913.3_4467215-4467731_ext_180-380_int_120_off_15_percentage_99_position_6-120 riboswitch,2381,2,2381_2
query_2382,1,riboswitch,1,riboswitch,0.9937719702720642,2382_2_RF01056_2_NC_000913.3_4467215-4467731_ext_180-380_int_120_off_20_percentage_100_position_1-116 riboswitch,2382,2,2382_2
query_2383,1,riboswitch,1,riboswitch,0.9894707202911377,2383_2_RF01056_2_NC_000913.3_4467215-4467731_ext_180-380_int_120_off_25_percentage_96_position_1-111 riboswitch,2383,2,2383_2
query_2384,1,riboswitch,1,riboswitch,0.9993322491645813,2384_2_RF01056_2_NC_000913.3_4467215-4467731_ext_180-380_int_120_off_30_percentage_91_position_1-106 riboswitch,2384,2,2384_2
query_2385,1,riboswitch,1,riboswitch,0.9994693398475647,2385_2_RF01056_2_NC_000913.3_4467215-4467731_ext_180-380_int_120_off_35_percentage_87_position_1-101 riboswitch,2385,2,2385_2
query_2386,1,riboswitch,1,riboswitch,0.9992849230766296,2386_2_RF01056_2_NC_000913.3_4467215-4467731_ext_180-380_int_120_off_40_percentage_83_position_1-96 riboswitch,2386,2,2386_2
query_2387,1,riboswitch,1,riboswitch,0.9986013770103455,2387_2_RF01056_2_NC_000913.3_4467215-4467731_ext_180-380_int_120_off_45_percentage_78_position_1-91 riboswitch,2387,2,2387_2
query_2388,0,genomicbackground,1,riboswitch,0.9990124702453613,2388_2_RF01056_2_NC_000913.3_4467215-4467731_ext_180-380_int_120_off_50_percentage_74_position_1-86 genomicbackground,2388,2,2388_2
query_2389,0,genomicbackground,1,riboswitch,0.9976041913032532,2389_2_RF01056_2_NC_000913.3_4467215-4467731_ext_180-380_int_120_off_55_percentage_70_position_1-81 genomicbackground,2389,2,2389_2
query_2390,0,genomicbackground,1,riboswitch,0.9942889213562012,2390_2_RF01056_2_NC_000913.3_4467215-4467731_ext_180-380_int_120_off_60_percentage_66_position_1-76 genomicbackground,2390,2,2390_2
query_2391,0,genomicbackground,1,riboswitch,0.9973133206367493,2391_2_RF01056_2_NC_000913.3_4467215-4467731_ext_180-380_int_120_off_65_percentage_61_position_1-71 genomicbackground,2391,2,2391_2
query_2392,0,genomicbackground,1,riboswitch,0.9951661825180054,2392_2_RF01056_2_NC_000913.3_4467215-4467731_ext_180-380_int_120_off_70_percentage_57_position_1-66 genomicbackground,2392,2,2392_2
query_2393,0,genomicbackground,1,riboswitch,0.9975855350494385,2393_2_RF01056_2_NC_000913.3_4467215-4467731_ext_180-380_int_120_off_75_percentage_53_position_1-61 genomicbackground,2393,2,2393_2
query_2394,0,genomicbackground,1,riboswitch,0.9979975819587708,2394_2_RF01056_2_NC_000913.3_4467215-4467731_ext_180-380_int_120_off_80_percentage_48_position_1-56 genomicbackground,2394,2,2394_2
query_2395,1,riboswitch,1,riboswitch,0.9611287713050842,2395_2_RF01056_2_NC_000913.3_4467215-4467731_ext_180-380_int_125_off_0_percentage_91_position_21-125 riboswitch,2395,2,2395_2
query_2396,1,riboswitch,1,riboswitch,0.9864887595176697,2396_2_RF01056_2_NC_000913.3_4467215-4467731_ext_180-380_int_125_off_5_percentage_95_position_16-125 riboswitch,2396,2,2396_2
query_2397,1,riboswitch,1,riboswitch,0.9950157999992371,2397_2_RF01056_2_NC_000913.3_4467215-4467731_ext_180-380_int_125_off_10_percentage_99_position_11-125 riboswitch,2397,2,2397_2
query_2398,1,riboswitch,1,riboswitch,0.9948678016662598,2398_2_RF01056_2_NC_000913.3_4467215-4467731_ext_180-380_int_125_off_15_percentage_100_position_6-121 riboswitch,2398,2,2398_2
query_2399,1,riboswitch,1,riboswitch,0.9939117431640625,2399_2_RF01056_2_NC_000913.3_4467215-4467731_ext_180-380_int_125_off_20_percentage_100_position_1-116 riboswitch,2399,2,2399_2
query_2400,1,riboswitch,1,riboswitch,0.9992467164993286,2400_2_RF01056_2_NC_000913.3_4467215-4467731_ext_180-380_int_125_off_25_percentage_96_position_1-111 riboswitch,2400,2,2400_2
query_2401,1,riboswitch,1,riboswitch,0.9993359446525574,2401_2_RF01056_2_NC_000913.3_4467215-4467731_ext_180-380_int_125_off_30_percentage_91_position_1-106 riboswitch,2401,2,2401_2
query_2402,1,riboswitch,1,riboswitch,0.9994858503341675,2402_2_RF01056_2_NC_000913.3_4467215-4467731_ext_180-380_int_125_off_35_percentage_87_position_1-101 riboswitch,2402,2,2402_2
query_2403,1,riboswitch,1,riboswitch,0.9991239905357361,2403_2_RF01056_2_NC_000913.3_4467215-4467731_ext_180-380_int_125_off_40_percentage_83_position_1-96 riboswitch,2403,2,2403_2
query_2404,1,riboswitch,1,riboswitch,0.998364269733429,2404_2_RF01056_2_NC_000913.3_4467215-4467731_ext_180-380_int_125_off_45_percentage_78_position_1-91 riboswitch,2404,2,2404_2
query_2405,0,genomicbackground,1,riboswitch,0.9992077946662903,2405_2_RF01056_2_NC_000913.3_4467215-4467731_ext_180-380_int_125_off_50_percentage_74_position_1-86 genomicbackground,2405,2,2405_2
query_2406,0,genomicbackground,1,riboswitch,0.9976831674575806,2406_2_RF01056_2_NC_000913.3_4467215-4467731_ext_180-380_int_125_off_55_percentage_70_position_1-81 genomicbackground,2406,2,2406_2
query_2407,0,genomicbackground,1,riboswitch,0.9910368919372559,2407_2_RF01056_2_NC_000913.3_4467215-4467731_ext_180-380_int_125_off_60_percentage_66_position_1-76 genomicbackground,2407,2,2407_2
query_2408,0,genomicbackground,1,riboswitch,0.997543454170227,2408_2_RF01056_2_NC_000913.3_4467215-4467731_ext_180-380_int_125_off_65_percentage_61_position_1-71 genomicbackground,2408,2,2408_2
query_2409,0,genomicbackground,1,riboswitch,0.9959627985954285,2409_2_RF01056_2_NC_000913.3_4467215-4467731_ext_180-380_int_125_off_70_percentage_57_position_1-66 genomicbackground,2409,2,2409_2
query_2410,0,genomicbackground,1,riboswitch,0.9966176152229309,2410_2_RF01056_2_NC_000913.3_4467215-4467731_ext_180-380_int_125_off_75_percentage_53_position_1-61 genomicbackground,2410,2,2410_2
query_2411,1,riboswitch,1,riboswitch,0.9822836518287659,2411_2_RF01056_2_NC_000913.3_4467215-4467731_ext_180-380_int_130_off_0_percentage_95_position_21-130 riboswitch,2411,2,2411_2
query_2412,1,riboswitch,1,riboswitch,0.9882569909095764,2412_2_RF01056_2_NC_000913.3_4467215-4467731_ext_180-380_int_130_off_5_percentage_99_position_16-130 riboswitch,2412,2,2412_2
query_2413,1,riboswitch,1,riboswitch,0.9947429895401001,2413_2_RF01056_2_NC_000913.3_4467215-4467731_ext_180-380_int_130_off_10_percentage_100_position_11-126 riboswitch,2413,2,2413_2
query_2414,1,riboswitch,1,riboswitch,0.9951440095901489,2414_2_RF01056_2_NC_000913.3_4467215-4467731_ext_180-380_int_130_off_15_percentage_100_position_6-121 riboswitch,2414,2,2414_2
query_2415,1,riboswitch,1,riboswitch,0.9989272952079773,2415_2_RF01056_2_NC_000913.3_4467215-4467731_ext_180-380_int_130_off_20_percentage_100_position_1-116 riboswitch,2415,2,2415_2
query_2416,1,riboswitch,1,riboswitch,0.9992700219154358,2416_2_RF01056_2_NC_000913.3_4467215-4467731_ext_180-380_int_130_off_25_percentage_96_position_1-111 riboswitch,2416,2,2416_2
query_2417,1,riboswitch,1,riboswitch,0.999357283115387,2417_2_RF01056_2_NC_000913.3_4467215-4467731_ext_180-380_int_130_off_30_percentage_91_position_1-106 riboswitch,2417,2,2417_2
query_2418,1,riboswitch,1,riboswitch,0.9993962049484253,2418_2_RF01056_2_NC_000913.3_4467215-4467731_ext_180-380_int_130_off_35_percentage_87_position_1-101 riboswitch,2418,2,2418_2
query_2419,1,riboswitch,1,riboswitch,0.9968384504318237,2419_2_RF01056_2_NC_000913.3_4467215-4467731_ext_180-380_int_130_off_40_percentage_83_position_1-96 riboswitch,2419,2,2419_2
query_2420,1,riboswitch,1,riboswitch,0.9977908134460449,2420_2_RF01056_2_NC_000913.3_4467215-4467731_ext_180-380_int_130_off_45_percentage_78_position_1-91 riboswitch,2420,2,2420_2
query_2421,0,genomicbackground,1,riboswitch,0.9980403780937195,2421_2_RF01056_2_NC_000913.3_4467215-4467731_ext_180-380_int_130_off_50_percentage_74_position_1-86 genomicbackground,2421,2,2421_2
query_2422,0,genomicbackground,1,riboswitch,0.997252881526947,2422_2_RF01056_2_NC_000913.3_4467215-4467731_ext_180-380_int_130_off_55_percentage_70_position_1-81 genomicbackground,2422,2,2422_2
query_2423,0,genomicbackground,1,riboswitch,0.9981449842453003,2423_2_RF01056_2_NC_000913.3_4467215-4467731_ext_180-380_int_130_off_60_percentage_66_position_1-76 genomicbackground,2423,2,2423_2
query_2424,0,genomicbackground,1,riboswitch,0.9977439641952515,2424_2_RF01056_2_NC_000913.3_4467215-4467731_ext_180-380_int_130_off_65_percentage_61_position_1-71 genomicbackground,2424,2,2424_2
query_2425,0,genomicbackground,1,riboswitch,0.9930833578109741,2425_2_RF01056_2_NC_000913.3_4467215-4467731_ext_180-380_int_130_off_70_percentage_57_position_1-66 genomicbackground,2425,2,2425_2
query_2426,1,riboswitch,1,riboswitch,0.9852345585823059,2426_2_RF01056_2_NC_000913.3_4467215-4467731_ext_180-380_int_135_off_0_percentage_99_position_21-135 riboswitch,2426,2,2426_2
query_2427,1,riboswitch,1,riboswitch,0.9869602918624878,2427_2_RF01056_2_NC_000913.3_4467215-4467731_ext_180-380_int_135_off_5_percentage_100_position_16-131 riboswitch,2427,2,2427_2
query_2428,1,riboswitch,1,riboswitch,0.9947250485420227,2428_2_RF01056_2_NC_000913.3_4467215-4467731_ext_180-380_int_135_off_10_percentage_100_position_11-126 riboswitch,2428,2,2428_2
query_2429,1,riboswitch,1,riboswitch,0.9983014464378357,2429_2_RF01056_2_NC_000913.3_4467215-4467731_ext_180-380_int_135_off_15_percentage_100_position_6-121 riboswitch,2429,2,2429_2
query_2430,1,riboswitch,1,riboswitch,0.9989069700241089,2430_2_RF01056_2_NC_000913.3_4467215-4467731_ext_180-380_int_135_off_20_percentage_100_position_1-116 riboswitch,2430,2,2430_2
query_2431,1,riboswitch,1,riboswitch,0.9992013573646545,2431_2_RF01056_2_NC_000913.3_4467215-4467731_ext_180-380_int_135_off_25_percentage_96_position_1-111 riboswitch,2431,2,2431_2
query_2432,1,riboswitch,1,riboswitch,0.9992350339889526,2432_2_RF01056_2_NC_000913.3_4467215-4467731_ext_180-380_int_135_off_30_percentage_91_position_1-106 riboswitch,2432,2,2432_2
query_2433,1,riboswitch,1,riboswitch,0.9984558820724487,2433_2_RF01056_2_NC_000913.3_4467215-4467731_ext_180-380_int_135_off_35_percentage_87_position_1-101 riboswitch,2433,2,2433_2
query_2434,1,riboswitch,1,riboswitch,0.9984717965126038,2434_2_RF01056_2_NC_000913.3_4467215-4467731_ext_180-380_int_135_off_40_percentage_83_position_1-96 riboswitch,2434,2,2434_2
query_2435,1,riboswitch,1,riboswitch,0.9975169897079468,2435_2_RF01056_2_NC_000913.3_4467215-4467731_ext_180-380_int_135_off_45_percentage_78_position_1-91 riboswitch,2435,2,2435_2
query_2436,0,genomicbackground,1,riboswitch,0.9956497550010681,2436_2_RF01056_2_NC_000913.3_4467215-4467731_ext_180-380_int_135_off_50_percentage_74_position_1-86 genomicbackground,2436,2,2436_2
query_2437,0,genomicbackground,1,riboswitch,0.9988527297973633,2437_2_RF01056_2_NC_000913.3_4467215-4467731_ext_180-380_int_135_off_55_percentage_70_position_1-81 genomicbackground,2437,2,2437_2
query_2438,0,genomicbackground,1,riboswitch,0.998214602470398,2438_2_RF01056_2_NC_000913.3_4467215-4467731_ext_180-380_int_135_off_60_percentage_66_position_1-76 genomicbackground,2438,2,2438_2
query_2439,0,genomicbackground,1,riboswitch,0.9946771860122681,2439_2_RF01056_2_NC_000913.3_4467215-4467731_ext_180-380_int_135_off_65_percentage_61_position_1-71 genomicbackground,2439,2,2439_2
query_2440,1,riboswitch,1,riboswitch,0.9833440184593201,2440_2_RF01056_2_NC_000913.3_4467215-4467731_ext_180-380_int_140_off_0_percentage_100_position_21-136 riboswitch,2440,2,2440_2
query_2441,1,riboswitch,1,riboswitch,0.9981744289398193,2441_2_RF01056_2_NC_000913.3_4467215-4467731_ext_180-380_int_140_off_5_percentage_100_position_16-131 riboswitch,2441,2,2441_2
query_2442,1,riboswitch,1,riboswitch,0.9975457787513733,2442_2_RF01056_2_NC_000913.3_4467215-4467731_ext_180-380_int_140_off_10_percentage_100_position_11-126 riboswitch,2442,2,2442_2
query_2443,1,riboswitch,1,riboswitch,0.9980200529098511,2443_2_RF01056_2_NC_000913.3_4467215-4467731_ext_180-380_int_140_off_15_percentage_100_position_6-121 riboswitch,2443,2,2443_2
query_2444,1,riboswitch,1,riboswitch,0.999203622341156,2444_2_RF01056_2_NC_000913.3_4467215-4467731_ext_180-380_int_140_off_20_percentage_100_position_1-116 riboswitch,2444,2,2444_2
query_2445,1,riboswitch,1,riboswitch,0.9990789890289307,2445_2_RF01056_2_NC_000913.3_4467215-4467731_ext_180-380_int_140_off_25_percentage_96_position_1-111 riboswitch,2445,2,2445_2
query_2446,1,riboswitch,1,riboswitch,0.9983945488929749,2446_2_RF01056_2_NC_000913.3_4467215-4467731_ext_180-380_int_140_off_30_percentage_91_position_1-106 riboswitch,2446,2,2446_2
query_2447,1,riboswitch,1,riboswitch,0.9990228414535522,2447_2_RF01056_2_NC_000913.3_4467215-4467731_ext_180-380_int_140_off_35_percentage_87_position_1-101 riboswitch,2447,2,2447_2
query_2448,1,riboswitch,1,riboswitch,0.9961898326873779,2448_2_RF01056_2_NC_000913.3_4467215-4467731_ext_180-380_int_140_off_40_percentage_83_position_1-96 riboswitch,2448,2,2448_2
query_2449,1,riboswitch,1,riboswitch,0.9944741129875183,2449_2_RF01056_2_NC_000913.3_4467215-4467731_ext_180-380_int_140_off_45_percentage_78_position_1-91 riboswitch,2449,2,2449_2
query_2450,0,genomicbackground,1,riboswitch,0.9985101819038391,2450_2_RF01056_2_NC_000913.3_4467215-4467731_ext_180-380_int_140_off_50_percentage_74_position_1-86 genomicbackground,2450,2,2450_2
query_2451,0,genomicbackground,1,riboswitch,0.9988964796066284,2451_2_RF01056_2_NC_000913.3_4467215-4467731_ext_180-380_int_140_off_55_percentage_70_position_1-81 genomicbackground,2451,2,2451_2
query_2452,0,genomicbackground,1,riboswitch,0.9976086616516113,2452_2_RF01056_2_NC_000913.3_4467215-4467731_ext_180-380_int_140_off_60_percentage_66_position_1-76 genomicbackground,2452,2,2452_2
query_2453,1,riboswitch,1,riboswitch,0.9981831908226013,2453_2_RF01056_2_NC_000913.3_4467215-4467731_ext_180-380_int_145_off_0_percentage_100_position_21-136 riboswitch,2453,2,2453_2
query_2454,1,riboswitch,1,riboswitch,0.9980525970458984,2454_2_RF01056_2_NC_000913.3_4467215-4467731_ext_180-380_int_145_off_5_percentage_100_position_16-131 riboswitch,2454,2,2454_2
query_2455,1,riboswitch,1,riboswitch,0.9932169318199158,2455_2_RF01056_2_NC_000913.3_4467215-4467731_ext_180-380_int_145_off_10_percentage_100_position_11-126 riboswitch,2455,2,2455_2
query_2456,1,riboswitch,1,riboswitch,0.998994767665863,2456_2_RF01056_2_NC_000913.3_4467215-4467731_ext_180-380_int_145_off_15_percentage_100_position_6-121 riboswitch,2456,2,2456_2
query_2457,1,riboswitch,1,riboswitch,0.9989563226699829,2457_2_RF01056_2_NC_000913.3_4467215-4467731_ext_180-380_int_145_off_20_percentage_100_position_1-116 riboswitch,2457,2,2457_2
query_2458,1,riboswitch,1,riboswitch,0.9990571141242981,2458_2_RF01056_2_NC_000913.3_4467215-4467731_ext_180-380_int_145_off_25_percentage_96_position_1-111 riboswitch,2458,2,2458_2
query_2459,1,riboswitch,1,riboswitch,0.9987213015556335,2459_2_RF01056_2_NC_000913.3_4467215-4467731_ext_180-380_int_145_off_30_percentage_91_position_1-106 riboswitch,2459,2,2459_2
query_2460,1,riboswitch,1,riboswitch,0.9984098672866821,2460_2_RF01056_2_NC_000913.3_4467215-4467731_ext_180-380_int_145_off_35_percentage_87_position_1-101 riboswitch,2460,2,2460_2
query_2461,1,riboswitch,1,riboswitch,0.9954388737678528,2461_2_RF01056_2_NC_000913.3_4467215-4467731_ext_180-380_int_145_off_40_percentage_83_position_1-96 riboswitch,2461,2,2461_2
query_2462,1,riboswitch,1,riboswitch,0.9984741806983948,2462_2_RF01056_2_NC_000913.3_4467215-4467731_ext_180-380_int_145_off_45_percentage_78_position_1-91 riboswitch,2462,2,2462_2
query_2463,0,genomicbackground,1,riboswitch,0.998626708984375,2463_2_RF01056_2_NC_000913.3_4467215-4467731_ext_180-380_int_145_off_50_percentage_74_position_1-86 genomicbackground,2463,2,2463_2
query_2464,0,genomicbackground,1,riboswitch,0.9976067543029785,2464_2_RF01056_2_NC_000913.3_4467215-4467731_ext_180-380_int_145_off_55_percentage_70_position_1-81 genomicbackground,2464,2,2464_2
query_2465,1,riboswitch,1,riboswitch,0.9981168508529663,2465_2_RF01056_2_NC_000913.3_4467215-4467731_ext_180-380_int_150_off_0_percentage_100_position_21-136 riboswitch,2465,2,2465_2
query_2466,1,riboswitch,1,riboswitch,0.9977280497550964,2466_2_RF01056_2_NC_000913.3_4467215-4467731_ext_180-380_int_150_off_5_percentage_100_position_16-131 riboswitch,2466,2,2466_2
query_2467,1,riboswitch,1,riboswitch,0.9989972710609436,2467_2_RF01056_2_NC_000913.3_4467215-4467731_ext_180-380_int_150_off_10_percentage_100_position_11-126 riboswitch,2467,2,2467_2
query_2468,1,riboswitch,1,riboswitch,0.9986756443977356,2468_2_RF01056_2_NC_000913.3_4467215-4467731_ext_180-380_int_150_off_15_percentage_100_position_6-121 riboswitch,2468,2,2468_2
query_2469,1,riboswitch,1,riboswitch,0.9986855387687683,2469_2_RF01056_2_NC_000913.3_4467215-4467731_ext_180-380_int_150_off_20_percentage_100_position_1-116 riboswitch,2469,2,2469_2
query_2470,1,riboswitch,1,riboswitch,0.9993292093276978,2470_2_RF01056_2_NC_000913.3_4467215-4467731_ext_180-380_int_150_off_25_percentage_96_position_1-111 riboswitch,2470,2,2470_2
query_2471,1,riboswitch,1,riboswitch,0.9983012080192566,2471_2_RF01056_2_NC_000913.3_4467215-4467731_ext_180-380_int_150_off_30_percentage_91_position_1-106 riboswitch,2471,2,2471_2
query_2472,1,riboswitch,1,riboswitch,0.9982864260673523,2472_2_RF01056_2_NC_000913.3_4467215-4467731_ext_180-380_int_150_off_35_percentage_87_position_1-101 riboswitch,2472,2,2472_2
query_2473,1,riboswitch,1,riboswitch,0.9990056157112122,2473_2_RF01056_2_NC_000913.3_4467215-4467731_ext_180-380_int_150_off_40_percentage_83_position_1-96 riboswitch,2473,2,2473_2
query_2474,1,riboswitch,1,riboswitch,0.9986869692802429,2474_2_RF01056_2_NC_000913.3_4467215-4467731_ext_180-380_int_150_off_45_percentage_78_position_1-91 riboswitch,2474,2,2474_2
query_2475,0,genomicbackground,1,riboswitch,0.9983023405075073,2475_2_RF01056_2_NC_000913.3_4467215-4467731_ext_180-380_int_150_off_50_percentage_74_position_1-86 genomicbackground,2475,2,2475_2
query_2476,1,riboswitch,1,riboswitch,0.9977468848228455,2476_2_RF01056_2_NC_000913.3_4467215-4467731_ext_180-380_int_155_off_0_percentage_100_position_21-136 riboswitch,2476,2,2476_2
query_2477,1,riboswitch,1,riboswitch,0.9973233342170715,2477_2_RF01056_2_NC_000913.3_4467215-4467731_ext_180-380_int_155_off_5_percentage_100_position_16-131 riboswitch,2477,2,2477_2
query_2478,1,riboswitch,1,riboswitch,0.9982799291610718,2478_2_RF01056_2_NC_000913.3_4467215-4467731_ext_180-380_int_155_off_10_percentage_100_position_11-126 riboswitch,2478,2,2478_2
query_2479,1,riboswitch,1,riboswitch,0.9983748197555542,2479_2_RF01056_2_NC_000913.3_4467215-4467731_ext_180-380_int_155_off_15_percentage_100_position_6-121 riboswitch,2479,2,2479_2
query_2480,1,riboswitch,1,riboswitch,0.9987472295761108,2480_2_RF01056_2_NC_000913.3_4467215-4467731_ext_180-380_int_155_off_20_percentage_100_position_1-116 riboswitch,2480,2,2480_2
query_2481,1,riboswitch,1,riboswitch,0.9973565340042114,2481_2_RF01056_2_NC_000913.3_4467215-4467731_ext_180-380_int_155_off_25_percentage_96_position_1-111 riboswitch,2481,2,2481_2
query_2482,1,riboswitch,1,riboswitch,0.9981910586357117,2482_2_RF01056_2_NC_000913.3_4467215-4467731_ext_180-380_int_155_off_30_percentage_91_position_1-106 riboswitch,2482,2,2482_2
query_2483,1,riboswitch,1,riboswitch,0.9993485808372498,2483_2_RF01056_2_NC_000913.3_4467215-4467731_ext_180-380_int_155_off_35_percentage_87_position_1-101 riboswitch,2483,2,2483_2
query_2484,1,riboswitch,1,riboswitch,0.9990735054016113,2484_2_RF01056_2_NC_000913.3_4467215-4467731_ext_180-380_int_155_off_40_percentage_83_position_1-96 riboswitch,2484,2,2484_2
query_2485,1,riboswitch,1,riboswitch,0.9982529282569885,2485_2_RF01056_2_NC_000913.3_4467215-4467731_ext_180-380_int_155_off_45_percentage_78_position_1-91 riboswitch,2485,2,2485_2
query_2486,1,riboswitch,1,riboswitch,0.9971567392349243,2486_2_RF01056_2_NC_000913.3_4467215-4467731_ext_180-380_int_160_off_0_percentage_100_position_21-136 riboswitch,2486,2,2486_2
query_2487,1,riboswitch,1,riboswitch,0.9965481162071228,2487_2_RF01056_2_NC_000913.3_4467215-4467731_ext_180-380_int_160_off_5_percentage_100_position_16-131 riboswitch,2487,2,2487_2
query_2488,1,riboswitch,1,riboswitch,0.9978610873222351,2488_2_RF01056_2_NC_000913.3_4467215-4467731_ext_180-380_int_160_off_10_percentage_100_position_11-126 riboswitch,2488,2,2488_2
query_2489,1,riboswitch,1,riboswitch,0.9981936812400818,2489_2_RF01056_2_NC_000913.3_4467215-4467731_ext_180-380_int_160_off_15_percentage_100_position_6-121 riboswitch,2489,2,2489_2
query_2490,1,riboswitch,1,riboswitch,0.9986621141433716,2490_2_RF01056_2_NC_000913.3_4467215-4467731_ext_180-380_int_160_off_20_percentage_100_position_1-116 riboswitch,2490,2,2490_2
query_2491,1,riboswitch,1,riboswitch,0.9988920092582703,2491_2_RF01056_2_NC_000913.3_4467215-4467731_ext_180-380_int_160_off_25_percentage_96_position_1-111 riboswitch,2491,2,2491_2
query_2492,1,riboswitch,1,riboswitch,0.9991494417190552,2492_2_RF01056_2_NC_000913.3_4467215-4467731_ext_180-380_int_160_off_30_percentage_91_position_1-106 riboswitch,2492,2,2492_2
query_2493,1,riboswitch,1,riboswitch,0.9993652701377869,2493_2_RF01056_2_NC_000913.3_4467215-4467731_ext_180-380_int_160_off_35_percentage_87_position_1-101 riboswitch,2493,2,2493_2
query_2494,1,riboswitch,1,riboswitch,0.998845100402832,2494_2_RF01056_2_NC_000913.3_4467215-4467731_ext_180-380_int_160_off_40_percentage_83_position_1-96 riboswitch,2494,2,2494_2
query_2495,1,riboswitch,1,riboswitch,0.9956902861595154,2495_2_RF01056_2_NC_000913.3_4467215-4467731_ext_180-380_int_165_off_0_percentage_100_position_21-136 riboswitch,2495,2,2495_2
query_2496,1,riboswitch,1,riboswitch,0.9977096319198608,2496_2_RF01056_2_NC_000913.3_4467215-4467731_ext_180-380_int_165_off_5_percentage_100_position_16-131 riboswitch,2496,2,2496_2
query_2497,1,riboswitch,1,riboswitch,0.9979210495948792,2497_2_RF01056_2_NC_000913.3_4467215-4467731_ext_180-380_int_165_off_10_percentage_100_position_11-126 riboswitch,2497,2,2497_2
query_2498,1,riboswitch,1,riboswitch,0.998099148273468,2498_2_RF01056_2_NC_000913.3_4467215-4467731_ext_180-380_int_165_off_15_percentage_100_position_6-121 riboswitch,2498,2,2498_2
query_2499,1,riboswitch,1,riboswitch,0.9985931515693665,2499_2_RF01056_2_NC_000913.3_4467215-4467731_ext_180-380_int_165_off_20_percentage_100_position_1-116 riboswitch,2499,2,2499_2
query_2500,1,riboswitch,1,riboswitch,0.9991443157196045,2500_2_RF01056_2_NC_000913.3_4467215-4467731_ext_180-380_int_165_off_25_percentage_96_position_1-111 riboswitch,2500,2,2500_2
query_2501,1,riboswitch,1,riboswitch,0.9990434050559998,2501_2_RF01056_2_NC_000913.3_4467215-4467731_ext_180-380_int_165_off_30_percentage_91_position_1-106 riboswitch,2501,2,2501_2
query_2502,1,riboswitch,1,riboswitch,0.9981391429901123,2502_2_RF01056_2_NC_000913.3_4467215-4467731_ext_180-380_int_165_off_35_percentage_87_position_1-101 riboswitch,2502,2,2502_2
query_2503,1,riboswitch,1,riboswitch,0.9971286654472351,2503_2_RF01056_2_NC_000913.3_4467215-4467731_ext_180-380_int_170_off_0_percentage_100_position_21-136 riboswitch,2503,2,2503_2
query_2504,1,riboswitch,1,riboswitch,0.997829020023346,2504_2_RF01056_2_NC_000913.3_4467215-4467731_ext_180-380_int_170_off_5_percentage_100_position_16-131 riboswitch,2504,2,2504_2
query_2505,1,riboswitch,1,riboswitch,0.9977905750274658,2505_2_RF01056_2_NC_000913.3_4467215-4467731_ext_180-380_int_170_off_10_percentage_100_position_11-126 riboswitch,2505,2,2505_2
query_2506,1,riboswitch,1,riboswitch,0.998286783695221,2506_2_RF01056_2_NC_000913.3_4467215-4467731_ext_180-380_int_170_off_15_percentage_100_position_6-121 riboswitch,2506,2,2506_2
query_2507,1,riboswitch,1,riboswitch,0.9991059899330139,2507_2_RF01056_2_NC_000913.3_4467215-4467731_ext_180-380_int_170_off_20_percentage_100_position_1-116 riboswitch,2507,2,2507_2
query_2508,1,riboswitch,1,riboswitch,0.9991475343704224,2508_2_RF01056_2_NC_000913.3_4467215-4467731_ext_180-380_int_170_off_25_percentage_96_position_1-111 riboswitch,2508,2,2508_2
query_2509,1,riboswitch,1,riboswitch,0.9983585476875305,2509_2_RF01056_2_NC_000913.3_4467215-4467731_ext_180-380_int_170_off_30_percentage_91_position_1-106 riboswitch,2509,2,2509_2
query_2510,1,riboswitch,1,riboswitch,0.9975321292877197,2510_2_RF01056_2_NC_000913.3_4467215-4467731_ext_180-380_int_175_off_0_percentage_100_position_21-136 riboswitch,2510,2,2510_2
query_2511,1,riboswitch,1,riboswitch,0.9963106513023376,2511_2_RF01056_2_NC_000913.3_4467215-4467731_ext_180-380_int_175_off_5_percentage_100_position_16-131 riboswitch,2511,2,2511_2
query_2512,1,riboswitch,1,riboswitch,0.9978272318840027,2512_2_RF01056_2_NC_000913.3_4467215-4467731_ext_180-380_int_175_off_10_percentage_100_position_11-126 riboswitch,2512,2,2512_2
query_2513,1,riboswitch,1,riboswitch,0.9989314675331116,2513_2_RF01056_2_NC_000913.3_4467215-4467731_ext_180-380_int_175_off_15_percentage_100_position_6-121 riboswitch,2513,2,2513_2
query_2514,1,riboswitch,1,riboswitch,0.9991137385368347,2514_2_RF01056_2_NC_000913.3_4467215-4467731_ext_180-380_int_175_off_20_percentage_100_position_1-116 riboswitch,2514,2,2514_2
query_2515,1,riboswitch,1,riboswitch,0.9985778331756592,2515_2_RF01056_2_NC_000913.3_4467215-4467731_ext_180-380_int_175_off_25_percentage_96_position_1-111 riboswitch,2515,2,2515_2
query_2516,1,riboswitch,1,riboswitch,0.9948990941047668,2516_2_RF01056_2_NC_000913.3_4467215-4467731_ext_180-380_int_180_off_0_percentage_100_position_21-136 riboswitch,2516,2,2516_2
query_2517,1,riboswitch,1,riboswitch,0.9946622252464294,2517_2_RF01056_2_NC_000913.3_4467215-4467731_ext_180-380_int_180_off_5_percentage_100_position_16-131 riboswitch,2517,2,2517_2
query_2518,1,riboswitch,1,riboswitch,0.9990076422691345,2518_2_RF01056_2_NC_000913.3_4467215-4467731_ext_180-380_int_180_off_10_percentage_100_position_11-126 riboswitch,2518,2,2518_2
query_2519,1,riboswitch,1,riboswitch,0.9989438652992249,2519_2_RF01056_2_NC_000913.3_4467215-4467731_ext_180-380_int_180_off_15_percentage_100_position_6-121 riboswitch,2519,2,2519_2
query_2520,1,riboswitch,1,riboswitch,0.9985775947570801,2520_2_RF01056_2_NC_000913.3_4467215-4467731_ext_180-380_int_180_off_20_percentage_100_position_1-116 riboswitch,2520,2,2520_2
query_2521,1,riboswitch,1,riboswitch,0.9946236610412598,2521_2_RF01056_2_NC_000913.3_4467215-4467731_ext_180-380_int_185_off_0_percentage_100_position_21-136 riboswitch,2521,2,2521_2
query_2522,1,riboswitch,1,riboswitch,0.9968295693397522,2522_2_RF01056_2_NC_000913.3_4467215-4467731_ext_180-380_int_185_off_5_percentage_100_position_16-131 riboswitch,2522,2,2522_2
query_2523,1,riboswitch,1,riboswitch,0.9990108013153076,2523_2_RF01056_2_NC_000913.3_4467215-4467731_ext_180-380_int_185_off_10_percentage_100_position_11-126 riboswitch,2523,2,2523_2
query_2524,1,riboswitch,1,riboswitch,0.9982023239135742,2524_2_RF01056_2_NC_000913.3_4467215-4467731_ext_180-380_int_185_off_15_percentage_100_position_6-121 riboswitch,2524,2,2524_2
query_2525,1,riboswitch,1,riboswitch,0.9966005682945251,2525_2_RF01056_2_NC_000913.3_4467215-4467731_ext_180-380_int_190_off_0_percentage_100_position_21-136 riboswitch,2525,2,2525_2
query_2526,1,riboswitch,1,riboswitch,0.9974678754806519,2526_2_RF01056_2_NC_000913.3_4467215-4467731_ext_180-380_int_190_off_5_percentage_100_position_16-131 riboswitch,2526,2,2526_2
query_2527,1,riboswitch,1,riboswitch,0.9980972409248352,2527_2_RF01056_2_NC_000913.3_4467215-4467731_ext_180-380_int_190_off_10_percentage_100_position_11-126 riboswitch,2527,2,2527_2
query_2528,1,riboswitch,1,riboswitch,0.997281551361084,2528_2_RF01056_2_NC_000913.3_4467215-4467731_ext_180-380_int_195_off_0_percentage_100_position_21-136 riboswitch,2528,2,2528_2
query_2529,1,riboswitch,1,riboswitch,0.9965530633926392,2529_2_RF01056_2_NC_000913.3_4467215-4467731_ext_180-380_int_195_off_5_percentage_100_position_16-131 riboswitch,2529,2,2529_2
query_2530,1,riboswitch,1,riboswitch,0.9958635568618774,2530_2_RF01056_2_NC_000913.3_4467215-4467731_ext_180-380_int_200_off_0_percentage_100_position_21-136 riboswitch,2530,2,2530_2
query_2531,1,riboswitch,1,riboswitch,0.984495997428894,2531_2_RF01056_2_NC_000913.3_4467215-4467731_ext_200-400_int_95_off_0_percentage_82_position_1-95 riboswitch,2531,2,2531_2
query_2532,1,riboswitch,1,riboswitch,0.9984710812568665,2532_2_RF01056_2_NC_000913.3_4467215-4467731_ext_200-400_int_95_off_5_percentage_82_position_1-95 riboswitch,2532,2,2532_2
query_2533,1,riboswitch,1,riboswitch,0.9881541728973389,2533_2_RF01056_2_NC_000913.3_4467215-4467731_ext_200-400_int_95_off_10_percentage_82_position_1-95 riboswitch,2533,2,2533_2
query_2534,1,riboswitch,1,riboswitch,0.9974029064178467,2534_2_RF01056_2_NC_000913.3_4467215-4467731_ext_200-400_int_95_off_15_percentage_82_position_1-95 riboswitch,2534,2,2534_2
query_2535,1,riboswitch,1,riboswitch,0.9918088316917419,2535_2_RF01056_2_NC_000913.3_4467215-4467731_ext_200-400_int_95_off_20_percentage_82_position_1-95 riboswitch,2535,2,2535_2
query_2536,1,riboswitch,1,riboswitch,0.9813568592071533,2536_2_RF01056_2_NC_000913.3_4467215-4467731_ext_200-400_int_95_off_25_percentage_78_position_1-91 riboswitch,2536,2,2536_2
query_2537,0,genomicbackground,1,riboswitch,0.9991071820259094,2537_2_RF01056_2_NC_000913.3_4467215-4467731_ext_200-400_int_95_off_30_percentage_74_position_1-86 genomicbackground,2537,2,2537_2
query_2538,0,genomicbackground,1,riboswitch,0.9988842606544495,2538_2_RF01056_2_NC_000913.3_4467215-4467731_ext_200-400_int_95_off_35_percentage_70_position_1-81 genomicbackground,2538,2,2538_2
query_2539,0,genomicbackground,1,riboswitch,0.9965702295303345,2539_2_RF01056_2_NC_000913.3_4467215-4467731_ext_200-400_int_95_off_40_percentage_66_position_1-76 genomicbackground,2539,2,2539_2
query_2540,0,genomicbackground,1,riboswitch,0.9976586103439331,2540_2_RF01056_2_NC_000913.3_4467215-4467731_ext_200-400_int_95_off_45_percentage_61_position_1-71 genomicbackground,2540,2,2540_2
query_2541,0,genomicbackground,1,riboswitch,0.9855704307556152,2541_2_RF01056_2_NC_000913.3_4467215-4467731_ext_200-400_int_95_off_50_percentage_57_position_1-66 genomicbackground,2541,2,2541_2
query_2542,0,genomicbackground,1,riboswitch,0.9958928823471069,2542_2_RF01056_2_NC_000913.3_4467215-4467731_ext_200-400_int_95_off_55_percentage_53_position_1-61 genomicbackground,2542,2,2542_2
query_2543,0,genomicbackground,1,riboswitch,0.9930434226989746,2543_2_RF01056_2_NC_000913.3_4467215-4467731_ext_200-400_int_95_off_60_percentage_48_position_1-56 genomicbackground,2543,2,2543_2
query_2544,0,genomicbackground,1,riboswitch,0.8614690899848938,2544_2_RF01056_2_NC_000913.3_4467215-4467731_ext_200-400_int_95_off_65_percentage_44_position_1-51 genomicbackground,2544,2,2544_2
query_2545,0,genomicbackground,1,riboswitch,0.7415441870689392,2545_2_RF01056_2_NC_000913.3_4467215-4467731_ext_200-400_int_95_off_70_percentage_40_position_1-46 genomicbackground,2545,2,2545_2
query_2546,0,genomicbackground,1,riboswitch,0.8206952810287476,2546_2_RF01056_2_NC_000913.3_4467215-4467731_ext_200-400_int_95_off_75_percentage_35_position_1-41 genomicbackground,2546,2,2546_2
query_2547,0,genomicbackground,1,riboswitch,0.9651517868041992,2547_2_RF01056_2_NC_000913.3_4467215-4467731_ext_200-400_int_95_off_80_percentage_31_position_1-36 genomicbackground,2547,2,2547_2
query_2548,0,genomicbackground,1,riboswitch,0.9975576400756836,2548_2_RF01056_2_NC_000913.3_4467215-4467731_ext_200-400_int_95_off_85_percentage_27_position_1-31 genomicbackground,2548,2,2548_2
query_2549,0,genomicbackground,1,riboswitch,0.9948617815971375,2549_2_RF01056_2_NC_000913.3_4467215-4467731_ext_200-400_int_95_off_90_percentage_22_position_1-26 genomicbackground,2549,2,2549_2
query_2550,0,genomicbackground,1,riboswitch,0.9794875979423523,2550_2_RF01056_2_NC_000913.3_4467215-4467731_ext_200-400_int_95_off_95_percentage_18_position_1-21 genomicbackground,2550,2,2550_2
query_2551,0,genomicbackground,1,riboswitch,0.9717375636100769,2551_2_RF01056_2_NC_000913.3_4467215-4467731_ext_200-400_int_95_off_100_percentage_14_position_1-16 genomicbackground,2551,2,2551_2
query_2552,0,genomicbackground,1,riboswitch,0.7419751882553101,2552_2_RF01056_2_NC_000913.3_4467215-4467731_ext_200-400_int_95_off_105_percentage_9_position_1-11 genomicbackground,2552,2,2552_2
query_2553,1,riboswitch,1,riboswitch,0.9934584498405457,2553_2_RF01056_2_NC_000913.3_4467215-4467731_ext_200-400_int_100_off_0_percentage_86_position_1-100 riboswitch,2553,2,2553_2
query_2554,1,riboswitch,1,riboswitch,0.9885733127593994,2554_2_RF01056_2_NC_000913.3_4467215-4467731_ext_200-400_int_100_off_5_percentage_86_position_1-100 riboswitch,2554,2,2554_2
query_2555,1,riboswitch,1,riboswitch,0.9940359592437744,2555_2_RF01056_2_NC_000913.3_4467215-4467731_ext_200-400_int_100_off_10_percentage_86_position_1-100 riboswitch,2555,2,2555_2
query_2556,1,riboswitch,1,riboswitch,0.9973911643028259,2556_2_RF01056_2_NC_000913.3_4467215-4467731_ext_200-400_int_100_off_15_percentage_86_position_1-100 riboswitch,2556,2,2556_2
query_2557,1,riboswitch,1,riboswitch,0.9909451007843018,2557_2_RF01056_2_NC_000913.3_4467215-4467731_ext_200-400_int_100_off_20_percentage_83_position_1-96 riboswitch,2557,2,2557_2
query_2558,1,riboswitch,1,riboswitch,0.9987413287162781,2558_2_RF01056_2_NC_000913.3_4467215-4467731_ext_200-400_int_100_off_25_percentage_78_position_1-91 riboswitch,2558,2,2558_2
query_2559,0,genomicbackground,1,riboswitch,0.9991857409477234,2559_2_RF01056_2_NC_000913.3_4467215-4467731_ext_200-400_int_100_off_30_percentage_74_position_1-86 genomicbackground,2559,2,2559_2
query_2560,0,genomicbackground,1,riboswitch,0.9988396763801575,2560_2_RF01056_2_NC_000913.3_4467215-4467731_ext_200-400_int_100_off_35_percentage_70_position_1-81 genomicbackground,2560,2,2560_2
query_2561,0,genomicbackground,1,riboswitch,0.9980691075325012,2561_2_RF01056_2_NC_000913.3_4467215-4467731_ext_200-400_int_100_off_40_percentage_66_position_1-76 genomicbackground,2561,2,2561_2
query_2562,0,genomicbackground,1,riboswitch,0.9969459176063538,2562_2_RF01056_2_NC_000913.3_4467215-4467731_ext_200-400_int_100_off_45_percentage_61_position_1-71 genomicbackground,2562,2,2562_2
query_2563,0,genomicbackground,1,riboswitch,0.980072021484375,2563_2_RF01056_2_NC_000913.3_4467215-4467731_ext_200-400_int_100_off_50_percentage_57_position_1-66 genomicbackground,2563,2,2563_2
query_2564,0,genomicbackground,1,riboswitch,0.9884140491485596,2564_2_RF01056_2_NC_000913.3_4467215-4467731_ext_200-400_int_100_off_55_percentage_53_position_1-61 genomicbackground,2564,2,2564_2
query_2565,0,genomicbackground,1,riboswitch,0.9919155836105347,2565_2_RF01056_2_NC_000913.3_4467215-4467731_ext_200-400_int_100_off_60_percentage_48_position_1-56 genomicbackground,2565,2,2565_2
query_2566,0,genomicbackground,1,riboswitch,0.7408157587051392,2566_2_RF01056_2_NC_000913.3_4467215-4467731_ext_200-400_int_100_off_65_percentage_44_position_1-51 genomicbackground,2566,2,2566_2
query_2567,0,genomicbackground,1,riboswitch,0.8842428922653198,2567_2_RF01056_2_NC_000913.3_4467215-4467731_ext_200-400_int_100_off_70_percentage_40_position_1-46 genomicbackground,2567,2,2567_2
query_2568,0,genomicbackground,1,riboswitch,0.8819344639778137,2568_2_RF01056_2_NC_000913.3_4467215-4467731_ext_200-400_int_100_off_75_percentage_35_position_1-41 genomicbackground,2568,2,2568_2
query_2569,0,genomicbackground,1,riboswitch,0.8827430009841919,2569_2_RF01056_2_NC_000913.3_4467215-4467731_ext_200-400_int_100_off_80_percentage_31_position_1-36 genomicbackground,2569,2,2569_2
query_2570,0,genomicbackground,1,riboswitch,0.9947751760482788,2570_2_RF01056_2_NC_000913.3_4467215-4467731_ext_200-400_int_100_off_85_percentage_27_position_1-31 genomicbackground,2570,2,2570_2
query_2571,0,genomicbackground,1,riboswitch,0.9895455241203308,2571_2_RF01056_2_NC_000913.3_4467215-4467731_ext_200-400_int_100_off_90_percentage_22_position_1-26 genomicbackground,2571,2,2571_2
query_2572,0,genomicbackground,1,riboswitch,0.9972353577613831,2572_2_RF01056_2_NC_000913.3_4467215-4467731_ext_200-400_int_100_off_95_percentage_18_position_1-21 genomicbackground,2572,2,2572_2
query_2573,0,genomicbackground,1,riboswitch,0.9084508419036865,2573_2_RF01056_2_NC_000913.3_4467215-4467731_ext_200-400_int_100_off_100_percentage_14_position_1-16 genomicbackground,2573,2,2573_2
query_2574,1,riboswitch,1,riboswitch,0.9907317757606506,2574_2_RF01056_2_NC_000913.3_4467215-4467731_ext_200-400_int_105_off_0_percentage_91_position_1-105 riboswitch,2574,2,2574_2
query_2575,1,riboswitch,1,riboswitch,0.9982900023460388,2575_2_RF01056_2_NC_000913.3_4467215-4467731_ext_200-400_int_105_off_5_percentage_91_position_1-105 riboswitch,2575,2,2575_2
query_2576,1,riboswitch,1,riboswitch,0.9942027926445007,2576_2_RF01056_2_NC_000913.3_4467215-4467731_ext_200-400_int_105_off_10_percentage_91_position_1-105 riboswitch,2576,2,2576_2
query_2577,1,riboswitch,1,riboswitch,0.9973005652427673,2577_2_RF01056_2_NC_000913.3_4467215-4467731_ext_200-400_int_105_off_15_percentage_87_position_1-101 riboswitch,2577,2,2577_2
query_2578,1,riboswitch,1,riboswitch,0.9992000460624695,2578_2_RF01056_2_NC_000913.3_4467215-4467731_ext_200-400_int_105_off_20_percentage_83_position_1-96 riboswitch,2578,2,2578_2
query_2579,1,riboswitch,1,riboswitch,0.9987940788269043,2579_2_RF01056_2_NC_000913.3_4467215-4467731_ext_200-400_int_105_off_25_percentage_78_position_1-91 riboswitch,2579,2,2579_2
query_2580,0,genomicbackground,1,riboswitch,0.9992160797119141,2580_2_RF01056_2_NC_000913.3_4467215-4467731_ext_200-400_int_105_off_30_percentage_74_position_1-86 genomicbackground,2580,2,2580_2
query_2581,0,genomicbackground,1,riboswitch,0.999119222164154,2581_2_RF01056_2_NC_000913.3_4467215-4467731_ext_200-400_int_105_off_35_percentage_70_position_1-81 genomicbackground,2581,2,2581_2
query_2582,0,genomicbackground,1,riboswitch,0.9973726272583008,2582_2_RF01056_2_NC_000913.3_4467215-4467731_ext_200-400_int_105_off_40_percentage_66_position_1-76 genomicbackground,2582,2,2582_2
query_2583,0,genomicbackground,1,riboswitch,0.9956274032592773,2583_2_RF01056_2_NC_000913.3_4467215-4467731_ext_200-400_int_105_off_45_percentage_61_position_1-71 genomicbackground,2583,2,2583_2
query_2584,0,genomicbackground,1,riboswitch,0.9246511459350586,2584_2_RF01056_2_NC_000913.3_4467215-4467731_ext_200-400_int_105_off_50_percentage_57_position_1-66 genomicbackground,2584,2,2584_2
query_2585,0,genomicbackground,1,riboswitch,0.9805574417114258,2585_2_RF01056_2_NC_000913.3_4467215-4467731_ext_200-400_int_105_off_55_percentage_53_position_1-61 genomicbackground,2585,2,2585_2
query_2586,0,genomicbackground,1,riboswitch,0.9923451542854309,2586_2_RF01056_2_NC_000913.3_4467215-4467731_ext_200-400_int_105_off_60_percentage_48_position_1-56 genomicbackground,2586,2,2586_2
query_2587,0,genomicbackground,1,riboswitch,0.9410524964332581,2587_2_RF01056_2_NC_000913.3_4467215-4467731_ext_200-400_int_105_off_65_percentage_44_position_1-51 genomicbackground,2587,2,2587_2
query_2588,0,genomicbackground,1,riboswitch,0.9293965697288513,2588_2_RF01056_2_NC_000913.3_4467215-4467731_ext_200-400_int_105_off_70_percentage_40_position_1-46 genomicbackground,2588,2,2588_2
query_2589,0,genomicbackground,1,riboswitch,0.6958376169204712,2589_2_RF01056_2_NC_000913.3_4467215-4467731_ext_200-400_int_105_off_75_percentage_35_position_1-41 genomicbackground,2589,2,2589_2
query_2590,0,genomicbackground,1,riboswitch,0.8566559553146362,2590_2_RF01056_2_NC_000913.3_4467215-4467731_ext_200-400_int_105_off_80_percentage_31_position_1-36 genomicbackground,2590,2,2590_2
query_2591,0,genomicbackground,1,riboswitch,0.986146867275238,2591_2_RF01056_2_NC_000913.3_4467215-4467731_ext_200-400_int_105_off_85_percentage_27_position_1-31 genomicbackground,2591,2,2591_2
query_2592,0,genomicbackground,1,riboswitch,0.9977678060531616,2592_2_RF01056_2_NC_000913.3_4467215-4467731_ext_200-400_int_105_off_90_percentage_22_position_1-26 genomicbackground,2592,2,2592_2
query_2593,0,genomicbackground,1,riboswitch,0.995549201965332,2593_2_RF01056_2_NC_000913.3_4467215-4467731_ext_200-400_int_105_off_95_percentage_18_position_1-21 genomicbackground,2593,2,2593_2
query_2594,1,riboswitch,1,riboswitch,0.9939212799072266,2594_2_RF01056_2_NC_000913.3_4467215-4467731_ext_200-400_int_110_off_0_percentage_95_position_1-110 riboswitch,2594,2,2594_2
query_2595,1,riboswitch,1,riboswitch,0.998290479183197,2595_2_RF01056_2_NC_000913.3_4467215-4467731_ext_200-400_int_110_off_5_percentage_95_position_1-110 riboswitch,2595,2,2595_2
query_2596,1,riboswitch,1,riboswitch,0.9925676584243774,2596_2_RF01056_2_NC_000913.3_4467215-4467731_ext_200-400_int_110_off_10_percentage_91_position_1-106 riboswitch,2596,2,2596_2
query_2597,1,riboswitch,1,riboswitch,0.999416708946228,2597_2_RF01056_2_NC_000913.3_4467215-4467731_ext_200-400_int_110_off_15_percentage_87_position_1-101 riboswitch,2597,2,2597_2
query_2598,1,riboswitch,1,riboswitch,0.9992374181747437,2598_2_RF01056_2_NC_000913.3_4467215-4467731_ext_200-400_int_110_off_20_percentage_83_position_1-96 riboswitch,2598,2,2598_2
query_2599,1,riboswitch,1,riboswitch,0.9987995624542236,2599_2_RF01056_2_NC_000913.3_4467215-4467731_ext_200-400_int_110_off_25_percentage_78_position_1-91 riboswitch,2599,2,2599_2
query_2600,0,genomicbackground,1,riboswitch,0.998842716217041,2600_2_RF01056_2_NC_000913.3_4467215-4467731_ext_200-400_int_110_off_30_percentage_74_position_1-86 genomicbackground,2600,2,2600_2
query_2601,0,genomicbackground,1,riboswitch,0.9989638328552246,2601_2_RF01056_2_NC_000913.3_4467215-4467731_ext_200-400_int_110_off_35_percentage_70_position_1-81 genomicbackground,2601,2,2601_2
query_2602,0,genomicbackground,1,riboswitch,0.9969416260719299,2602_2_RF01056_2_NC_000913.3_4467215-4467731_ext_200-400_int_110_off_40_percentage_66_position_1-76 genomicbackground,2602,2,2602_2
query_2603,0,genomicbackground,1,riboswitch,0.983651876449585,2603_2_RF01056_2_NC_000913.3_4467215-4467731_ext_200-400_int_110_off_45_percentage_61_position_1-71 genomicbackground,2603,2,2603_2
query_2604,0,genomicbackground,1,riboswitch,0.9212117195129395,2604_2_RF01056_2_NC_000913.3_4467215-4467731_ext_200-400_int_110_off_50_percentage_57_position_1-66 genomicbackground,2604,2,2604_2
query_2605,0,genomicbackground,1,riboswitch,0.972607433795929,2605_2_RF01056_2_NC_000913.3_4467215-4467731_ext_200-400_int_110_off_55_percentage_53_position_1-61 genomicbackground,2605,2,2605_2
query_2606,0,genomicbackground,1,riboswitch,0.998248815536499,2606_2_RF01056_2_NC_000913.3_4467215-4467731_ext_200-400_int_110_off_60_percentage_48_position_1-56 genomicbackground,2606,2,2606_2
query_2607,0,genomicbackground,1,riboswitch,0.9598260521888733,2607_2_RF01056_2_NC_000913.3_4467215-4467731_ext_200-400_int_110_off_65_percentage_44_position_1-51 genomicbackground,2607,2,2607_2
query_2608,0,genomicbackground,1,riboswitch,0.7942659258842468,2608_2_RF01056_2_NC_000913.3_4467215-4467731_ext_200-400_int_110_off_70_percentage_40_position_1-46 genomicbackground,2608,2,2608_2
query_2609,0,genomicbackground,1,riboswitch,0.6613103151321411,2609_2_RF01056_2_NC_000913.3_4467215-4467731_ext_200-400_int_110_off_75_percentage_35_position_1-41 genomicbackground,2609,2,2609_2
query_2610,0,genomicbackground,0,genomicbackground,0.462684690952301,2610_2_RF01056_2_NC_000913.3_4467215-4467731_ext_200-400_int_110_off_80_percentage_31_position_1-36 genomicbackground,2610,2,2610_2
query_2611,0,genomicbackground,1,riboswitch,0.9976934194564819,2611_2_RF01056_2_NC_000913.3_4467215-4467731_ext_200-400_int_110_off_85_percentage_27_position_1-31 genomicbackground,2611,2,2611_2
query_2612,0,genomicbackground,1,riboswitch,0.997222900390625,2612_2_RF01056_2_NC_000913.3_4467215-4467731_ext_200-400_int_110_off_90_percentage_22_position_1-26 genomicbackground,2612,2,2612_2
query_2613,1,riboswitch,1,riboswitch,0.9941219687461853,2613_2_RF01056_2_NC_000913.3_4467215-4467731_ext_200-400_int_115_off_0_percentage_99_position_1-115 riboswitch,2613,2,2613_2
query_2614,1,riboswitch,1,riboswitch,0.9982510209083557,2614_2_RF01056_2_NC_000913.3_4467215-4467731_ext_200-400_int_115_off_5_percentage_96_position_1-111 riboswitch,2614,2,2614_2
query_2615,1,riboswitch,1,riboswitch,0.997421383857727,2615_2_RF01056_2_NC_000913.3_4467215-4467731_ext_200-400_int_115_off_10_percentage_91_position_1-106 riboswitch,2615,2,2615_2
query_2616,1,riboswitch,1,riboswitch,0.9994633793830872,2616_2_RF01056_2_NC_000913.3_4467215-4467731_ext_200-400_int_115_off_15_percentage_87_position_1-101 riboswitch,2616,2,2616_2
query_2617,1,riboswitch,1,riboswitch,0.9992398023605347,2617_2_RF01056_2_NC_000913.3_4467215-4467731_ext_200-400_int_115_off_20_percentage_83_position_1-96 riboswitch,2617,2,2617_2
query_2618,1,riboswitch,1,riboswitch,0.9989277720451355,2618_2_RF01056_2_NC_000913.3_4467215-4467731_ext_200-400_int_115_off_25_percentage_78_position_1-91 riboswitch,2618,2,2618_2
query_2619,0,genomicbackground,1,riboswitch,0.9986032843589783,2619_2_RF01056_2_NC_000913.3_4467215-4467731_ext_200-400_int_115_off_30_percentage_74_position_1-86 genomicbackground,2619,2,2619_2
query_2620,0,genomicbackground,1,riboswitch,0.9987505674362183,2620_2_RF01056_2_NC_000913.3_4467215-4467731_ext_200-400_int_115_off_35_percentage_70_position_1-81 genomicbackground,2620,2,2620_2
query_2621,0,genomicbackground,1,riboswitch,0.9927997589111328,2621_2_RF01056_2_NC_000913.3_4467215-4467731_ext_200-400_int_115_off_40_percentage_66_position_1-76 genomicbackground,2621,2,2621_2
query_2622,0,genomicbackground,1,riboswitch,0.9854514598846436,2622_2_RF01056_2_NC_000913.3_4467215-4467731_ext_200-400_int_115_off_45_percentage_61_position_1-71 genomicbackground,2622,2,2622_2
query_2623,0,genomicbackground,1,riboswitch,0.8633993864059448,2623_2_RF01056_2_NC_000913.3_4467215-4467731_ext_200-400_int_115_off_50_percentage_57_position_1-66 genomicbackground,2623,2,2623_2
query_2624,0,genomicbackground,1,riboswitch,0.997154951095581,2624_2_RF01056_2_NC_000913.3_4467215-4467731_ext_200-400_int_115_off_55_percentage_53_position_1-61 genomicbackground,2624,2,2624_2
query_2625,0,genomicbackground,1,riboswitch,0.9984429478645325,2625_2_RF01056_2_NC_000913.3_4467215-4467731_ext_200-400_int_115_off_60_percentage_48_position_1-56 genomicbackground,2625,2,2625_2
query_2626,0,genomicbackground,1,riboswitch,0.9982050657272339,2626_2_RF01056_2_NC_000913.3_4467215-4467731_ext_200-400_int_115_off_65_percentage_44_position_1-51 genomicbackground,2626,2,2626_2
query_2627,0,genomicbackground,1,riboswitch,0.7645965218544006,2627_2_RF01056_2_NC_000913.3_4467215-4467731_ext_200-400_int_115_off_70_percentage_40_position_1-46 genomicbackground,2627,2,2627_2
query_2628,0,genomicbackground,0,genomicbackground,0.37860092520713806,2628_2_RF01056_2_NC_000913.3_4467215-4467731_ext_200-400_int_115_off_75_percentage_35_position_1-41 genomicbackground,2628,2,2628_2
query_2629,0,genomicbackground,1,riboswitch,0.9696850776672363,2629_2_RF01056_2_NC_000913.3_4467215-4467731_ext_200-400_int_115_off_80_percentage_31_position_1-36 genomicbackground,2629,2,2629_2
query_2630,0,genomicbackground,1,riboswitch,0.9968729615211487,2630_2_RF01056_2_NC_000913.3_4467215-4467731_ext_200-400_int_115_off_85_percentage_27_position_1-31 genomicbackground,2630,2,2630_2
query_2631,1,riboswitch,1,riboswitch,0.9937719702720642,2631_2_RF01056_2_NC_000913.3_4467215-4467731_ext_200-400_int_120_off_0_percentage_100_position_1-116 riboswitch,2631,2,2631_2
query_2632,1,riboswitch,1,riboswitch,0.9894707202911377,2632_2_RF01056_2_NC_000913.3_4467215-4467731_ext_200-400_int_120_off_5_percentage_96_position_1-111 riboswitch,2632,2,2632_2
query_2633,1,riboswitch,1,riboswitch,0.9993322491645813,2633_2_RF01056_2_NC_000913.3_4467215-4467731_ext_200-400_int_120_off_10_percentage_91_position_1-106 riboswitch,2633,2,2633_2
query_2634,1,riboswitch,1,riboswitch,0.9994693398475647,2634_2_RF01056_2_NC_000913.3_4467215-4467731_ext_200-400_int_120_off_15_percentage_87_position_1-101 riboswitch,2634,2,2634_2
query_2635,1,riboswitch,1,riboswitch,0.9992849230766296,2635_2_RF01056_2_NC_000913.3_4467215-4467731_ext_200-400_int_120_off_20_percentage_83_position_1-96 riboswitch,2635,2,2635_2
query_2636,1,riboswitch,1,riboswitch,0.9986013770103455,2636_2_RF01056_2_NC_000913.3_4467215-4467731_ext_200-400_int_120_off_25_percentage_78_position_1-91 riboswitch,2636,2,2636_2
query_2637,0,genomicbackground,1,riboswitch,0.9990124702453613,2637_2_RF01056_2_NC_000913.3_4467215-4467731_ext_200-400_int_120_off_30_percentage_74_position_1-86 genomicbackground,2637,2,2637_2
query_2638,0,genomicbackground,1,riboswitch,0.9976041913032532,2638_2_RF01056_2_NC_000913.3_4467215-4467731_ext_200-400_int_120_off_35_percentage_70_position_1-81 genomicbackground,2638,2,2638_2
query_2639,0,genomicbackground,1,riboswitch,0.9942889213562012,2639_2_RF01056_2_NC_000913.3_4467215-4467731_ext_200-400_int_120_off_40_percentage_66_position_1-76 genomicbackground,2639,2,2639_2
query_2640,0,genomicbackground,1,riboswitch,0.9973133206367493,2640_2_RF01056_2_NC_000913.3_4467215-4467731_ext_200-400_int_120_off_45_percentage_61_position_1-71 genomicbackground,2640,2,2640_2
query_2641,0,genomicbackground,1,riboswitch,0.9951661825180054,2641_2_RF01056_2_NC_000913.3_4467215-4467731_ext_200-400_int_120_off_50_percentage_57_position_1-66 genomicbackground,2641,2,2641_2
query_2642,0,genomicbackground,1,riboswitch,0.9975855350494385,2642_2_RF01056_2_NC_000913.3_4467215-4467731_ext_200-400_int_120_off_55_percentage_53_position_1-61 genomicbackground,2642,2,2642_2
query_2643,0,genomicbackground,1,riboswitch,0.9979975819587708,2643_2_RF01056_2_NC_000913.3_4467215-4467731_ext_200-400_int_120_off_60_percentage_48_position_1-56 genomicbackground,2643,2,2643_2
query_2644,0,genomicbackground,1,riboswitch,0.9966202974319458,2644_2_RF01056_2_NC_000913.3_4467215-4467731_ext_200-400_int_120_off_65_percentage_44_position_1-51 genomicbackground,2644,2,2644_2
query_2645,0,genomicbackground,0,genomicbackground,0.4275379180908203,2645_2_RF01056_2_NC_000913.3_4467215-4467731_ext_200-400_int_120_off_70_percentage_40_position_1-46 genomicbackground,2645,2,2645_2
query_2646,0,genomicbackground,1,riboswitch,0.9307566285133362,2646_2_RF01056_2_NC_000913.3_4467215-4467731_ext_200-400_int_120_off_75_percentage_35_position_1-41 genomicbackground,2646,2,2646_2
query_2647,0,genomicbackground,1,riboswitch,0.8726797699928284,2647_2_RF01056_2_NC_000913.3_4467215-4467731_ext_200-400_int_120_off_80_percentage_31_position_1-36 genomicbackground,2647,2,2647_2
query_2648,1,riboswitch,1,riboswitch,0.9939117431640625,2648_2_RF01056_2_NC_000913.3_4467215-4467731_ext_200-400_int_125_off_0_percentage_100_position_1-116 riboswitch,2648,2,2648_2
query_2649,1,riboswitch,1,riboswitch,0.9992467164993286,2649_2_RF01056_2_NC_000913.3_4467215-4467731_ext_200-400_int_125_off_5_percentage_96_position_1-111 riboswitch,2649,2,2649_2
query_2650,1,riboswitch,1,riboswitch,0.9993359446525574,2650_2_RF01056_2_NC_000913.3_4467215-4467731_ext_200-400_int_125_off_10_percentage_91_position_1-106 riboswitch,2650,2,2650_2
query_2651,1,riboswitch,1,riboswitch,0.9994858503341675,2651_2_RF01056_2_NC_000913.3_4467215-4467731_ext_200-400_int_125_off_15_percentage_87_position_1-101 riboswitch,2651,2,2651_2
query_2652,1,riboswitch,1,riboswitch,0.9991239905357361,2652_2_RF01056_2_NC_000913.3_4467215-4467731_ext_200-400_int_125_off_20_percentage_83_position_1-96 riboswitch,2652,2,2652_2
query_2653,1,riboswitch,1,riboswitch,0.998364269733429,2653_2_RF01056_2_NC_000913.3_4467215-4467731_ext_200-400_int_125_off_25_percentage_78_position_1-91 riboswitch,2653,2,2653_2
query_2654,0,genomicbackground,1,riboswitch,0.9992077946662903,2654_2_RF01056_2_NC_000913.3_4467215-4467731_ext_200-400_int_125_off_30_percentage_74_position_1-86 genomicbackground,2654,2,2654_2
query_2655,0,genomicbackground,1,riboswitch,0.9976831674575806,2655_2_RF01056_2_NC_000913.3_4467215-4467731_ext_200-400_int_125_off_35_percentage_70_position_1-81 genomicbackground,2655,2,2655_2
query_2656,0,genomicbackground,1,riboswitch,0.9910368919372559,2656_2_RF01056_2_NC_000913.3_4467215-4467731_ext_200-400_int_125_off_40_percentage_66_position_1-76 genomicbackground,2656,2,2656_2
query_2657,0,genomicbackground,1,riboswitch,0.997543454170227,2657_2_RF01056_2_NC_000913.3_4467215-4467731_ext_200-400_int_125_off_45_percentage_61_position_1-71 genomicbackground,2657,2,2657_2
query_2658,0,genomicbackground,1,riboswitch,0.9959627985954285,2658_2_RF01056_2_NC_000913.3_4467215-4467731_ext_200-400_int_125_off_50_percentage_57_position_1-66 genomicbackground,2658,2,2658_2
query_2659,0,genomicbackground,1,riboswitch,0.9966176152229309,2659_2_RF01056_2_NC_000913.3_4467215-4467731_ext_200-400_int_125_off_55_percentage_53_position_1-61 genomicbackground,2659,2,2659_2
query_2660,0,genomicbackground,1,riboswitch,0.9977866411209106,2660_2_RF01056_2_NC_000913.3_4467215-4467731_ext_200-400_int_125_off_60_percentage_48_position_1-56 genomicbackground,2660,2,2660_2
query_2661,0,genomicbackground,0,genomicbackground,0.49930307269096375,2661_2_RF01056_2_NC_000913.3_4467215-4467731_ext_200-400_int_125_off_65_percentage_44_position_1-51 genomicbackground,2661,2,2661_2
query_2662,0,genomicbackground,1,riboswitch,0.958884596824646,2662_2_RF01056_2_NC_000913.3_4467215-4467731_ext_200-400_int_125_off_70_percentage_40_position_1-46 genomicbackground,2662,2,2662_2
query_2663,0,genomicbackground,1,riboswitch,0.7892765998840332,2663_2_RF01056_2_NC_000913.3_4467215-4467731_ext_200-400_int_125_off_75_percentage_35_position_1-41 genomicbackground,2663,2,2663_2
query_2664,1,riboswitch,1,riboswitch,0.9989272952079773,2664_2_RF01056_2_NC_000913.3_4467215-4467731_ext_200-400_int_130_off_0_percentage_100_position_1-116 riboswitch,2664,2,2664_2
query_2665,1,riboswitch,1,riboswitch,0.9992700219154358,2665_2_RF01056_2_NC_000913.3_4467215-4467731_ext_200-400_int_130_off_5_percentage_96_position_1-111 riboswitch,2665,2,2665_2
query_2666,1,riboswitch,1,riboswitch,0.999357283115387,2666_2_RF01056_2_NC_000913.3_4467215-4467731_ext_200-400_int_130_off_10_percentage_91_position_1-106 riboswitch,2666,2,2666_2
query_2667,1,riboswitch,1,riboswitch,0.9993962049484253,2667_2_RF01056_2_NC_000913.3_4467215-4467731_ext_200-400_int_130_off_15_percentage_87_position_1-101 riboswitch,2667,2,2667_2
query_2668,1,riboswitch,1,riboswitch,0.9968384504318237,2668_2_RF01056_2_NC_000913.3_4467215-4467731_ext_200-400_int_130_off_20_percentage_83_position_1-96 riboswitch,2668,2,2668_2
query_2669,1,riboswitch,1,riboswitch,0.9977908134460449,2669_2_RF01056_2_NC_000913.3_4467215-4467731_ext_200-400_int_130_off_25_percentage_78_position_1-91 riboswitch,2669,2,2669_2
query_2670,0,genomicbackground,1,riboswitch,0.9980403780937195,2670_2_RF01056_2_NC_000913.3_4467215-4467731_ext_200-400_int_130_off_30_percentage_74_position_1-86 genomicbackground,2670,2,2670_2
query_2671,0,genomicbackground,1,riboswitch,0.997252881526947,2671_2_RF01056_2_NC_000913.3_4467215-4467731_ext_200-400_int_130_off_35_percentage_70_position_1-81 genomicbackground,2671,2,2671_2
query_2672,0,genomicbackground,1,riboswitch,0.9981449842453003,2672_2_RF01056_2_NC_000913.3_4467215-4467731_ext_200-400_int_130_off_40_percentage_66_position_1-76 genomicbackground,2672,2,2672_2
query_2673,0,genomicbackground,1,riboswitch,0.9977439641952515,2673_2_RF01056_2_NC_000913.3_4467215-4467731_ext_200-400_int_130_off_45_percentage_61_position_1-71 genomicbackground,2673,2,2673_2
query_2674,0,genomicbackground,1,riboswitch,0.9930833578109741,2674_2_RF01056_2_NC_000913.3_4467215-4467731_ext_200-400_int_130_off_50_percentage_57_position_1-66 genomicbackground,2674,2,2674_2
query_2675,0,genomicbackground,1,riboswitch,0.9961981177330017,2675_2_RF01056_2_NC_000913.3_4467215-4467731_ext_200-400_int_130_off_55_percentage_53_position_1-61 genomicbackground,2675,2,2675_2
query_2676,0,genomicbackground,1,riboswitch,0.9934296011924744,2676_2_RF01056_2_NC_000913.3_4467215-4467731_ext_200-400_int_130_off_60_percentage_48_position_1-56 genomicbackground,2676,2,2676_2
query_2677,0,genomicbackground,1,riboswitch,0.9981972575187683,2677_2_RF01056_2_NC_000913.3_4467215-4467731_ext_200-400_int_130_off_65_percentage_44_position_1-51 genomicbackground,2677,2,2677_2
query_2678,0,genomicbackground,1,riboswitch,0.8493502736091614,2678_2_RF01056_2_NC_000913.3_4467215-4467731_ext_200-400_int_130_off_70_percentage_40_position_1-46 genomicbackground,2678,2,2678_2
query_2679,1,riboswitch,1,riboswitch,0.9989069700241089,2679_2_RF01056_2_NC_000913.3_4467215-4467731_ext_200-400_int_135_off_0_percentage_100_position_1-116 riboswitch,2679,2,2679_2
query_2680,1,riboswitch,1,riboswitch,0.9992013573646545,2680_2_RF01056_2_NC_000913.3_4467215-4467731_ext_200-400_int_135_off_5_percentage_96_position_1-111 riboswitch,2680,2,2680_2
query_2681,1,riboswitch,1,riboswitch,0.9992350339889526,2681_2_RF01056_2_NC_000913.3_4467215-4467731_ext_200-400_int_135_off_10_percentage_91_position_1-106 riboswitch,2681,2,2681_2
query_2682,1,riboswitch,1,riboswitch,0.9984558820724487,2682_2_RF01056_2_NC_000913.3_4467215-4467731_ext_200-400_int_135_off_15_percentage_87_position_1-101 riboswitch,2682,2,2682_2
query_2683,1,riboswitch,1,riboswitch,0.9984717965126038,2683_2_RF01056_2_NC_000913.3_4467215-4467731_ext_200-400_int_135_off_20_percentage_83_position_1-96 riboswitch,2683,2,2683_2
query_2684,1,riboswitch,1,riboswitch,0.9975169897079468,2684_2_RF01056_2_NC_000913.3_4467215-4467731_ext_200-400_int_135_off_25_percentage_78_position_1-91 riboswitch,2684,2,2684_2
query_2685,0,genomicbackground,1,riboswitch,0.9956497550010681,2685_2_RF01056_2_NC_000913.3_4467215-4467731_ext_200-400_int_135_off_30_percentage_74_position_1-86 genomicbackground,2685,2,2685_2
query_2686,0,genomicbackground,1,riboswitch,0.9988527297973633,2686_2_RF01056_2_NC_000913.3_4467215-4467731_ext_200-400_int_135_off_35_percentage_70_position_1-81 genomicbackground,2686,2,2686_2
query_2687,0,genomicbackground,1,riboswitch,0.998214602470398,2687_2_RF01056_2_NC_000913.3_4467215-4467731_ext_200-400_int_135_off_40_percentage_66_position_1-76 genomicbackground,2687,2,2687_2
query_2688,0,genomicbackground,1,riboswitch,0.9946771860122681,2688_2_RF01056_2_NC_000913.3_4467215-4467731_ext_200-400_int_135_off_45_percentage_61_position_1-71 genomicbackground,2688,2,2688_2
query_2689,0,genomicbackground,1,riboswitch,0.9917368292808533,2689_2_RF01056_2_NC_000913.3_4467215-4467731_ext_200-400_int_135_off_50_percentage_57_position_1-66 genomicbackground,2689,2,2689_2
query_2690,0,genomicbackground,1,riboswitch,0.9824581742286682,2690_2_RF01056_2_NC_000913.3_4467215-4467731_ext_200-400_int_135_off_55_percentage_53_position_1-61 genomicbackground,2690,2,2690_2
query_2691,0,genomicbackground,1,riboswitch,0.9980759620666504,2691_2_RF01056_2_NC_000913.3_4467215-4467731_ext_200-400_int_135_off_60_percentage_48_position_1-56 genomicbackground,2691,2,2691_2
query_2692,0,genomicbackground,1,riboswitch,0.9122794270515442,2692_2_RF01056_2_NC_000913.3_4467215-4467731_ext_200-400_int_135_off_65_percentage_44_position_1-51 genomicbackground,2692,2,2692_2
query_2693,1,riboswitch,1,riboswitch,0.999203622341156,2693_2_RF01056_2_NC_000913.3_4467215-4467731_ext_200-400_int_140_off_0_percentage_100_position_1-116 riboswitch,2693,2,2693_2
query_2694,1,riboswitch,1,riboswitch,0.9990789890289307,2694_2_RF01056_2_NC_000913.3_4467215-4467731_ext_200-400_int_140_off_5_percentage_96_position_1-111 riboswitch,2694,2,2694_2
query_2695,1,riboswitch,1,riboswitch,0.9983945488929749,2695_2_RF01056_2_NC_000913.3_4467215-4467731_ext_200-400_int_140_off_10_percentage_91_position_1-106 riboswitch,2695,2,2695_2
query_2696,1,riboswitch,1,riboswitch,0.9990228414535522,2696_2_RF01056_2_NC_000913.3_4467215-4467731_ext_200-400_int_140_off_15_percentage_87_position_1-101 riboswitch,2696,2,2696_2
query_2697,1,riboswitch,1,riboswitch,0.9961898326873779,2697_2_RF01056_2_NC_000913.3_4467215-4467731_ext_200-400_int_140_off_20_percentage_83_position_1-96 riboswitch,2697,2,2697_2
query_2698,1,riboswitch,1,riboswitch,0.9944741129875183,2698_2_RF01056_2_NC_000913.3_4467215-4467731_ext_200-400_int_140_off_25_percentage_78_position_1-91 riboswitch,2698,2,2698_2
query_2699,0,genomicbackground,1,riboswitch,0.9985101819038391,2699_2_RF01056_2_NC_000913.3_4467215-4467731_ext_200-400_int_140_off_30_percentage_74_position_1-86 genomicbackground,2699,2,2699_2
query_2700,0,genomicbackground,1,riboswitch,0.9988964796066284,2700_2_RF01056_2_NC_000913.3_4467215-4467731_ext_200-400_int_140_off_35_percentage_70_position_1-81 genomicbackground,2700,2,2700_2
query_2701,0,genomicbackground,1,riboswitch,0.9976086616516113,2701_2_RF01056_2_NC_000913.3_4467215-4467731_ext_200-400_int_140_off_40_percentage_66_position_1-76 genomicbackground,2701,2,2701_2
query_2702,0,genomicbackground,1,riboswitch,0.9941880702972412,2702_2_RF01056_2_NC_000913.3_4467215-4467731_ext_200-400_int_140_off_45_percentage_61_position_1-71 genomicbackground,2702,2,2702_2
query_2703,0,genomicbackground,1,riboswitch,0.9409777522087097,2703_2_RF01056_2_NC_000913.3_4467215-4467731_ext_200-400_int_140_off_50_percentage_57_position_1-66 genomicbackground,2703,2,2703_2
query_2704,0,genomicbackground,1,riboswitch,0.9971132278442383,2704_2_RF01056_2_NC_000913.3_4467215-4467731_ext_200-400_int_140_off_55_percentage_53_position_1-61 genomicbackground,2704,2,2704_2
query_2705,0,genomicbackground,1,riboswitch,0.9971109628677368,2705_2_RF01056_2_NC_000913.3_4467215-4467731_ext_200-400_int_140_off_60_percentage_48_position_1-56 genomicbackground,2705,2,2705_2
query_2706,1,riboswitch,1,riboswitch,0.9989563226699829,2706_2_RF01056_2_NC_000913.3_4467215-4467731_ext_200-400_int_145_off_0_percentage_100_position_1-116 riboswitch,2706,2,2706_2
query_2707,1,riboswitch,1,riboswitch,0.9990571141242981,2707_2_RF01056_2_NC_000913.3_4467215-4467731_ext_200-400_int_145_off_5_percentage_96_position_1-111 riboswitch,2707,2,2707_2
query_2708,1,riboswitch,1,riboswitch,0.9987213015556335,2708_2_RF01056_2_NC_000913.3_4467215-4467731_ext_200-400_int_145_off_10_percentage_91_position_1-106 riboswitch,2708,2,2708_2
query_2709,1,riboswitch,1,riboswitch,0.9984098672866821,2709_2_RF01056_2_NC_000913.3_4467215-4467731_ext_200-400_int_145_off_15_percentage_87_position_1-101 riboswitch,2709,2,2709_2
query_2710,1,riboswitch,1,riboswitch,0.9954388737678528,2710_2_RF01056_2_NC_000913.3_4467215-4467731_ext_200-400_int_145_off_20_percentage_83_position_1-96 riboswitch,2710,2,2710_2
query_2711,1,riboswitch,1,riboswitch,0.9984741806983948,2711_2_RF01056_2_NC_000913.3_4467215-4467731_ext_200-400_int_145_off_25_percentage_78_position_1-91 riboswitch,2711,2,2711_2
query_2712,0,genomicbackground,1,riboswitch,0.998626708984375,2712_2_RF01056_2_NC_000913.3_4467215-4467731_ext_200-400_int_145_off_30_percentage_74_position_1-86 genomicbackground,2712,2,2712_2
query_2713,0,genomicbackground,1,riboswitch,0.9976067543029785,2713_2_RF01056_2_NC_000913.3_4467215-4467731_ext_200-400_int_145_off_35_percentage_70_position_1-81 genomicbackground,2713,2,2713_2
query_2714,0,genomicbackground,1,riboswitch,0.9972143173217773,2714_2_RF01056_2_NC_000913.3_4467215-4467731_ext_200-400_int_145_off_40_percentage_66_position_1-76 genomicbackground,2714,2,2714_2
query_2715,0,genomicbackground,1,riboswitch,0.9937595725059509,2715_2_RF01056_2_NC_000913.3_4467215-4467731_ext_200-400_int_145_off_45_percentage_61_position_1-71 genomicbackground,2715,2,2715_2
query_2716,0,genomicbackground,1,riboswitch,0.9949862957000732,2716_2_RF01056_2_NC_000913.3_4467215-4467731_ext_200-400_int_145_off_50_percentage_57_position_1-66 genomicbackground,2716,2,2716_2
query_2717,0,genomicbackground,1,riboswitch,0.9950934648513794,2717_2_RF01056_2_NC_000913.3_4467215-4467731_ext_200-400_int_145_off_55_percentage_53_position_1-61 genomicbackground,2717,2,2717_2
query_2718,1,riboswitch,1,riboswitch,0.9986855387687683,2718_2_RF01056_2_NC_000913.3_4467215-4467731_ext_200-400_int_150_off_0_percentage_100_position_1-116 riboswitch,2718,2,2718_2
query_2719,1,riboswitch,1,riboswitch,0.9993292093276978,2719_2_RF01056_2_NC_000913.3_4467215-4467731_ext_200-400_int_150_off_5_percentage_96_position_1-111 riboswitch,2719,2,2719_2
query_2720,1,riboswitch,1,riboswitch,0.9983012080192566,2720_2_RF01056_2_NC_000913.3_4467215-4467731_ext_200-400_int_150_off_10_percentage_91_position_1-106 riboswitch,2720,2,2720_2
query_2721,1,riboswitch,1,riboswitch,0.9982864260673523,2721_2_RF01056_2_NC_000913.3_4467215-4467731_ext_200-400_int_150_off_15_percentage_87_position_1-101 riboswitch,2721,2,2721_2
query_2722,1,riboswitch,1,riboswitch,0.9990056157112122,2722_2_RF01056_2_NC_000913.3_4467215-4467731_ext_200-400_int_150_off_20_percentage_83_position_1-96 riboswitch,2722,2,2722_2
query_2723,1,riboswitch,1,riboswitch,0.9986869692802429,2723_2_RF01056_2_NC_000913.3_4467215-4467731_ext_200-400_int_150_off_25_percentage_78_position_1-91 riboswitch,2723,2,2723_2
query_2724,0,genomicbackground,1,riboswitch,0.9983023405075073,2724_2_RF01056_2_NC_000913.3_4467215-4467731_ext_200-400_int_150_off_30_percentage_74_position_1-86 genomicbackground,2724,2,2724_2
query_2725,0,genomicbackground,1,riboswitch,0.9972110390663147,2725_2_RF01056_2_NC_000913.3_4467215-4467731_ext_200-400_int_150_off_35_percentage_70_position_1-81 genomicbackground,2725,2,2725_2
query_2726,0,genomicbackground,1,riboswitch,0.9970276951789856,2726_2_RF01056_2_NC_000913.3_4467215-4467731_ext_200-400_int_150_off_40_percentage_66_position_1-76 genomicbackground,2726,2,2726_2
query_2727,0,genomicbackground,1,riboswitch,0.995070219039917,2727_2_RF01056_2_NC_000913.3_4467215-4467731_ext_200-400_int_150_off_45_percentage_61_position_1-71 genomicbackground,2727,2,2727_2
query_2728,0,genomicbackground,1,riboswitch,0.9907938838005066,2728_2_RF01056_2_NC_000913.3_4467215-4467731_ext_200-400_int_150_off_50_percentage_57_position_1-66 genomicbackground,2728,2,2728_2
query_2729,1,riboswitch,1,riboswitch,0.9987472295761108,2729_2_RF01056_2_NC_000913.3_4467215-4467731_ext_200-400_int_155_off_0_percentage_100_position_1-116 riboswitch,2729,2,2729_2
query_2730,1,riboswitch,1,riboswitch,0.9973565340042114,2730_2_RF01056_2_NC_000913.3_4467215-4467731_ext_200-400_int_155_off_5_percentage_96_position_1-111 riboswitch,2730,2,2730_2
query_2731,1,riboswitch,1,riboswitch,0.9981910586357117,2731_2_RF01056_2_NC_000913.3_4467215-4467731_ext_200-400_int_155_off_10_percentage_91_position_1-106 riboswitch,2731,2,2731_2
query_2732,1,riboswitch,1,riboswitch,0.9993485808372498,2732_2_RF01056_2_NC_000913.3_4467215-4467731_ext_200-400_int_155_off_15_percentage_87_position_1-101 riboswitch,2732,2,2732_2
query_2733,1,riboswitch,1,riboswitch,0.9990735054016113,2733_2_RF01056_2_NC_000913.3_4467215-4467731_ext_200-400_int_155_off_20_percentage_83_position_1-96 riboswitch,2733,2,2733_2
query_2734,1,riboswitch,1,riboswitch,0.9982529282569885,2734_2_RF01056_2_NC_000913.3_4467215-4467731_ext_200-400_int_155_off_25_percentage_78_position_1-91 riboswitch,2734,2,2734_2
query_2735,0,genomicbackground,1,riboswitch,0.99814772605896,2735_2_RF01056_2_NC_000913.3_4467215-4467731_ext_200-400_int_155_off_30_percentage_74_position_1-86 genomicbackground,2735,2,2735_2
query_2736,0,genomicbackground,1,riboswitch,0.9970827698707581,2736_2_RF01056_2_NC_000913.3_4467215-4467731_ext_200-400_int_155_off_35_percentage_70_position_1-81 genomicbackground,2736,2,2736_2
query_2737,0,genomicbackground,1,riboswitch,0.9973198771476746,2737_2_RF01056_2_NC_000913.3_4467215-4467731_ext_200-400_int_155_off_40_percentage_66_position_1-76 genomicbackground,2737,2,2737_2
query_2738,0,genomicbackground,1,riboswitch,0.9962052702903748,2738_2_RF01056_2_NC_000913.3_4467215-4467731_ext_200-400_int_155_off_45_percentage_61_position_1-71 genomicbackground,2738,2,2738_2
query_2739,1,riboswitch,1,riboswitch,0.9986621141433716,2739_2_RF01056_2_NC_000913.3_4467215-4467731_ext_200-400_int_160_off_0_percentage_100_position_1-116 riboswitch,2739,2,2739_2
query_2740,1,riboswitch,1,riboswitch,0.9988920092582703,2740_2_RF01056_2_NC_000913.3_4467215-4467731_ext_200-400_int_160_off_5_percentage_96_position_1-111 riboswitch,2740,2,2740_2
query_2741,1,riboswitch,1,riboswitch,0.9991494417190552,2741_2_RF01056_2_NC_000913.3_4467215-4467731_ext_200-400_int_160_off_10_percentage_91_position_1-106 riboswitch,2741,2,2741_2
query_2742,1,riboswitch,1,riboswitch,0.9993652701377869,2742_2_RF01056_2_NC_000913.3_4467215-4467731_ext_200-400_int_160_off_15_percentage_87_position_1-101 riboswitch,2742,2,2742_2
query_2743,1,riboswitch,1,riboswitch,0.998845100402832,2743_2_RF01056_2_NC_000913.3_4467215-4467731_ext_200-400_int_160_off_20_percentage_83_position_1-96 riboswitch,2743,2,2743_2
query_2744,1,riboswitch,1,riboswitch,0.9980621933937073,2744_2_RF01056_2_NC_000913.3_4467215-4467731_ext_200-400_int_160_off_25_percentage_78_position_1-91 riboswitch,2744,2,2744_2
query_2745,0,genomicbackground,1,riboswitch,0.9957327246665955,2745_2_RF01056_2_NC_000913.3_4467215-4467731_ext_200-400_int_160_off_30_percentage_74_position_1-86 genomicbackground,2745,2,2745_2
query_2746,0,genomicbackground,1,riboswitch,0.99847811460495,2746_2_RF01056_2_NC_000913.3_4467215-4467731_ext_200-400_int_160_off_35_percentage_70_position_1-81 genomicbackground,2746,2,2746_2
query_2747,0,genomicbackground,1,riboswitch,0.9970865845680237,2747_2_RF01056_2_NC_000913.3_4467215-4467731_ext_200-400_int_160_off_40_percentage_66_position_1-76 genomicbackground,2747,2,2747_2
query_2748,1,riboswitch,1,riboswitch,0.9985931515693665,2748_2_RF01056_2_NC_000913.3_4467215-4467731_ext_200-400_int_165_off_0_percentage_100_position_1-116 riboswitch,2748,2,2748_2
query_2749,1,riboswitch,1,riboswitch,0.9991443157196045,2749_2_RF01056_2_NC_000913.3_4467215-4467731_ext_200-400_int_165_off_5_percentage_96_position_1-111 riboswitch,2749,2,2749_2
query_2750,1,riboswitch,1,riboswitch,0.9990434050559998,2750_2_RF01056_2_NC_000913.3_4467215-4467731_ext_200-400_int_165_off_10_percentage_91_position_1-106 riboswitch,2750,2,2750_2
query_2751,1,riboswitch,1,riboswitch,0.9981391429901123,2751_2_RF01056_2_NC_000913.3_4467215-4467731_ext_200-400_int_165_off_15_percentage_87_position_1-101 riboswitch,2751,2,2751_2
query_2752,1,riboswitch,1,riboswitch,0.9987245202064514,2752_2_RF01056_2_NC_000913.3_4467215-4467731_ext_200-400_int_165_off_20_percentage_83_position_1-96 riboswitch,2752,2,2752_2
query_2753,1,riboswitch,1,riboswitch,0.9935687780380249,2753_2_RF01056_2_NC_000913.3_4467215-4467731_ext_200-400_int_165_off_25_percentage_78_position_1-91 riboswitch,2753,2,2753_2
query_2754,0,genomicbackground,1,riboswitch,0.9982278943061829,2754_2_RF01056_2_NC_000913.3_4467215-4467731_ext_200-400_int_165_off_30_percentage_74_position_1-86 genomicbackground,2754,2,2754_2
query_2755,0,genomicbackground,1,riboswitch,0.9980137348175049,2755_2_RF01056_2_NC_000913.3_4467215-4467731_ext_200-400_int_165_off_35_percentage_70_position_1-81 genomicbackground,2755,2,2755_2
query_2756,1,riboswitch,1,riboswitch,0.9991059899330139,2756_2_RF01056_2_NC_000913.3_4467215-4467731_ext_200-400_int_170_off_0_percentage_100_position_1-116 riboswitch,2756,2,2756_2
query_2757,1,riboswitch,1,riboswitch,0.9991475343704224,2757_2_RF01056_2_NC_000913.3_4467215-4467731_ext_200-400_int_170_off_5_percentage_96_position_1-111 riboswitch,2757,2,2757_2
query_2758,1,riboswitch,1,riboswitch,0.9983585476875305,2758_2_RF01056_2_NC_000913.3_4467215-4467731_ext_200-400_int_170_off_10_percentage_91_position_1-106 riboswitch,2758,2,2758_2
query_2759,1,riboswitch,1,riboswitch,0.9979046583175659,2759_2_RF01056_2_NC_000913.3_4467215-4467731_ext_200-400_int_170_off_15_percentage_87_position_1-101 riboswitch,2759,2,2759_2
query_2760,1,riboswitch,1,riboswitch,0.9979004859924316,2760_2_RF01056_2_NC_000913.3_4467215-4467731_ext_200-400_int_170_off_20_percentage_83_position_1-96 riboswitch,2760,2,2760_2
query_2761,1,riboswitch,1,riboswitch,0.9957281947135925,2761_2_RF01056_2_NC_000913.3_4467215-4467731_ext_200-400_int_170_off_25_percentage_78_position_1-91 riboswitch,2761,2,2761_2
query_2762,0,genomicbackground,1,riboswitch,0.9975142478942871,2762_2_RF01056_2_NC_000913.3_4467215-4467731_ext_200-400_int_170_off_30_percentage_74_position_1-86 genomicbackground,2762,2,2762_2
query_2763,1,riboswitch,1,riboswitch,0.9991137385368347,2763_2_RF01056_2_NC_000913.3_4467215-4467731_ext_200-400_int_175_off_0_percentage_100_position_1-116 riboswitch,2763,2,2763_2
query_2764,1,riboswitch,1,riboswitch,0.9985778331756592,2764_2_RF01056_2_NC_000913.3_4467215-4467731_ext_200-400_int_175_off_5_percentage_96_position_1-111 riboswitch,2764,2,2764_2
query_2765,1,riboswitch,1,riboswitch,0.9982089996337891,2765_2_RF01056_2_NC_000913.3_4467215-4467731_ext_200-400_int_175_off_10_percentage_91_position_1-106 riboswitch,2765,2,2765_2
query_2766,1,riboswitch,1,riboswitch,0.9971569776535034,2766_2_RF01056_2_NC_000913.3_4467215-4467731_ext_200-400_int_175_off_15_percentage_87_position_1-101 riboswitch,2766,2,2766_2
query_2767,1,riboswitch,1,riboswitch,0.9970146417617798,2767_2_RF01056_2_NC_000913.3_4467215-4467731_ext_200-400_int_175_off_20_percentage_83_position_1-96 riboswitch,2767,2,2767_2
query_2768,1,riboswitch,1,riboswitch,0.9968263506889343,2768_2_RF01056_2_NC_000913.3_4467215-4467731_ext_200-400_int_175_off_25_percentage_78_position_1-91 riboswitch,2768,2,2768_2
query_2769,1,riboswitch,1,riboswitch,0.9985775947570801,2769_2_RF01056_2_NC_000913.3_4467215-4467731_ext_200-400_int_180_off_0_percentage_100_position_1-116 riboswitch,2769,2,2769_2
query_2770,1,riboswitch,1,riboswitch,0.9984263181686401,2770_2_RF01056_2_NC_000913.3_4467215-4467731_ext_200-400_int_180_off_5_percentage_96_position_1-111 riboswitch,2770,2,2770_2
query_2771,1,riboswitch,1,riboswitch,0.9970683455467224,2771_2_RF01056_2_NC_000913.3_4467215-4467731_ext_200-400_int_180_off_10_percentage_91_position_1-106 riboswitch,2771,2,2771_2
query_2772,1,riboswitch,1,riboswitch,0.9979885816574097,2772_2_RF01056_2_NC_000913.3_4467215-4467731_ext_200-400_int_180_off_15_percentage_87_position_1-101 riboswitch,2772,2,2772_2
query_2773,1,riboswitch,1,riboswitch,0.9978740215301514,2773_2_RF01056_2_NC_000913.3_4467215-4467731_ext_200-400_int_180_off_20_percentage_83_position_1-96 riboswitch,2773,2,2773_2
query_2774,1,riboswitch,1,riboswitch,0.9984073042869568,2774_2_RF01056_2_NC_000913.3_4467215-4467731_ext_200-400_int_185_off_0_percentage_100_position_1-116 riboswitch,2774,2,2774_2
query_2775,1,riboswitch,1,riboswitch,0.9983906745910645,2775_2_RF01056_2_NC_000913.3_4467215-4467731_ext_200-400_int_185_off_5_percentage_96_position_1-111 riboswitch,2775,2,2775_2
query_2776,1,riboswitch,1,riboswitch,0.9982137680053711,2776_2_RF01056_2_NC_000913.3_4467215-4467731_ext_200-400_int_185_off_10_percentage_91_position_1-106 riboswitch,2776,2,2776_2
query_2777,1,riboswitch,1,riboswitch,0.9985962510108948,2777_2_RF01056_2_NC_000913.3_4467215-4467731_ext_200-400_int_185_off_15_percentage_87_position_1-101 riboswitch,2777,2,2777_2
query_2778,1,riboswitch,1,riboswitch,0.9983553290367126,2778_2_RF01056_2_NC_000913.3_4467215-4467731_ext_200-400_int_190_off_0_percentage_100_position_1-116 riboswitch,2778,2,2778_2
query_2779,1,riboswitch,1,riboswitch,0.9982592463493347,2779_2_RF01056_2_NC_000913.3_4467215-4467731_ext_200-400_int_190_off_5_percentage_96_position_1-111 riboswitch,2779,2,2779_2
query_2780,1,riboswitch,1,riboswitch,0.9983994364738464,2780_2_RF01056_2_NC_000913.3_4467215-4467731_ext_200-400_int_190_off_10_percentage_91_position_1-106 riboswitch,2780,2,2780_2
query_2781,1,riboswitch,1,riboswitch,0.9982693195343018,2781_2_RF01056_2_NC_000913.3_4467215-4467731_ext_200-400_int_195_off_0_percentage_100_position_1-116 riboswitch,2781,2,2781_2
query_2782,1,riboswitch,1,riboswitch,0.9986823201179504,2782_2_RF01056_2_NC_000913.3_4467215-4467731_ext_200-400_int_195_off_5_percentage_96_position_1-111 riboswitch,2782,2,2782_2
query_2783,1,riboswitch,1,riboswitch,0.9986054301261902,2783_2_RF01056_2_NC_000913.3_4467215-4467731_ext_200-400_int_200_off_0_percentage_100_position_1-116 riboswitch,2783,2,2783_2
query_2784,1,riboswitch,1,riboswitch,0.9918088316917419,2784_2_RF01056_2_NC_000913.3_4467215-4467731_ext_220-420_int_95_off_0_percentage_82_position_1-95 riboswitch,2784,2,2784_2
query_2785,1,riboswitch,1,riboswitch,0.9813568592071533,2785_2_RF01056_2_NC_000913.3_4467215-4467731_ext_220-420_int_95_off_5_percentage_78_position_1-91 riboswitch,2785,2,2785_2
query_2786,0,genomicbackground,1,riboswitch,0.9991071820259094,2786_2_RF01056_2_NC_000913.3_4467215-4467731_ext_220-420_int_95_off_10_percentage_74_position_1-86 genomicbackground,2786,2,2786_2
query_2787,0,genomicbackground,1,riboswitch,0.9988842606544495,2787_2_RF01056_2_NC_000913.3_4467215-4467731_ext_220-420_int_95_off_15_percentage_70_position_1-81 genomicbackground,2787,2,2787_2
query_2788,0,genomicbackground,1,riboswitch,0.9965702295303345,2788_2_RF01056_2_NC_000913.3_4467215-4467731_ext_220-420_int_95_off_20_percentage_66_position_1-76 genomicbackground,2788,2,2788_2
query_2789,0,genomicbackground,1,riboswitch,0.9976586103439331,2789_2_RF01056_2_NC_000913.3_4467215-4467731_ext_220-420_int_95_off_25_percentage_61_position_1-71 genomicbackground,2789,2,2789_2
query_2790,0,genomicbackground,1,riboswitch,0.9855704307556152,2790_2_RF01056_2_NC_000913.3_4467215-4467731_ext_220-420_int_95_off_30_percentage_57_position_1-66 genomicbackground,2790,2,2790_2
query_2791,0,genomicbackground,1,riboswitch,0.9958928823471069,2791_2_RF01056_2_NC_000913.3_4467215-4467731_ext_220-420_int_95_off_35_percentage_53_position_1-61 genomicbackground,2791,2,2791_2
query_2792,0,genomicbackground,1,riboswitch,0.9930434226989746,2792_2_RF01056_2_NC_000913.3_4467215-4467731_ext_220-420_int_95_off_40_percentage_48_position_1-56 genomicbackground,2792,2,2792_2
query_2793,0,genomicbackground,1,riboswitch,0.8614690899848938,2793_2_RF01056_2_NC_000913.3_4467215-4467731_ext_220-420_int_95_off_45_percentage_44_position_1-51 genomicbackground,2793,2,2793_2
query_2794,0,genomicbackground,1,riboswitch,0.7415441870689392,2794_2_RF01056_2_NC_000913.3_4467215-4467731_ext_220-420_int_95_off_50_percentage_40_position_1-46 genomicbackground,2794,2,2794_2
query_2795,0,genomicbackground,1,riboswitch,0.8206952810287476,2795_2_RF01056_2_NC_000913.3_4467215-4467731_ext_220-420_int_95_off_55_percentage_35_position_1-41 genomicbackground,2795,2,2795_2
query_2796,0,genomicbackground,1,riboswitch,0.9651517868041992,2796_2_RF01056_2_NC_000913.3_4467215-4467731_ext_220-420_int_95_off_60_percentage_31_position_1-36 genomicbackground,2796,2,2796_2
query_2797,0,genomicbackground,1,riboswitch,0.9975576400756836,2797_2_RF01056_2_NC_000913.3_4467215-4467731_ext_220-420_int_95_off_65_percentage_27_position_1-31 genomicbackground,2797,2,2797_2
query_2798,0,genomicbackground,1,riboswitch,0.9948617815971375,2798_2_RF01056_2_NC_000913.3_4467215-4467731_ext_220-420_int_95_off_70_percentage_22_position_1-26 genomicbackground,2798,2,2798_2
query_2799,0,genomicbackground,1,riboswitch,0.9794875979423523,2799_2_RF01056_2_NC_000913.3_4467215-4467731_ext_220-420_int_95_off_75_percentage_18_position_1-21 genomicbackground,2799,2,2799_2
query_2800,0,genomicbackground,1,riboswitch,0.9717375636100769,2800_2_RF01056_2_NC_000913.3_4467215-4467731_ext_220-420_int_95_off_80_percentage_14_position_1-16 genomicbackground,2800,2,2800_2
query_2801,0,genomicbackground,1,riboswitch,0.7419751882553101,2801_2_RF01056_2_NC_000913.3_4467215-4467731_ext_220-420_int_95_off_85_percentage_9_position_1-11 genomicbackground,2801,2,2801_2
query_2802,0,genomicbackground,1,riboswitch,0.9908616542816162,2802_2_RF01056_2_NC_000913.3_4467215-4467731_ext_220-420_int_95_off_90_percentage_5_position_1-6 genomicbackground,2802,2,2802_2
query_2803,0,genomicbackground,1,riboswitch,0.9949356317520142,2803_2_RF01056_2_NC_000913.3_4467215-4467731_ext_220-420_int_95_off_95_percentage_1_position_1-1 genomicbackground,2803,2,2803_2
query_2804,0,genomicbackground,1,riboswitch,0.9966631531715393,2804_2_RF01056_2_NC_000913.3_4467215-4467731_ext_220-420_int_95_off_100_percentage_0_position_0-0 genomicbackground,2804,2,2804_2
query_2805,0,genomicbackground,1,riboswitch,0.922956109046936,2805_2_RF01056_2_NC_000913.3_4467215-4467731_ext_220-420_int_95_off_105_percentage_0_position_0-0 genomicbackground,2805,2,2805_2
query_2806,1,riboswitch,1,riboswitch,0.9909451007843018,2806_2_RF01056_2_NC_000913.3_4467215-4467731_ext_220-420_int_100_off_0_percentage_83_position_1-96 riboswitch,2806,2,2806_2
query_2807,1,riboswitch,1,riboswitch,0.9987413287162781,2807_2_RF01056_2_NC_000913.3_4467215-4467731_ext_220-420_int_100_off_5_percentage_78_position_1-91 riboswitch,2807,2,2807_2
query_2808,0,genomicbackground,1,riboswitch,0.9991857409477234,2808_2_RF01056_2_NC_000913.3_4467215-4467731_ext_220-420_int_100_off_10_percentage_74_position_1-86 genomicbackground,2808,2,2808_2
query_2809,0,genomicbackground,1,riboswitch,0.9988396763801575,2809_2_RF01056_2_NC_000913.3_4467215-4467731_ext_220-420_int_100_off_15_percentage_70_position_1-81 genomicbackground,2809,2,2809_2
query_2810,0,genomicbackground,1,riboswitch,0.9980691075325012,2810_2_RF01056_2_NC_000913.3_4467215-4467731_ext_220-420_int_100_off_20_percentage_66_position_1-76 genomicbackground,2810,2,2810_2
query_2811,0,genomicbackground,1,riboswitch,0.9969459176063538,2811_2_RF01056_2_NC_000913.3_4467215-4467731_ext_220-420_int_100_off_25_percentage_61_position_1-71 genomicbackground,2811,2,2811_2
query_2812,0,genomicbackground,1,riboswitch,0.980072021484375,2812_2_RF01056_2_NC_000913.3_4467215-4467731_ext_220-420_int_100_off_30_percentage_57_position_1-66 genomicbackground,2812,2,2812_2
query_2813,0,genomicbackground,1,riboswitch,0.9884140491485596,2813_2_RF01056_2_NC_000913.3_4467215-4467731_ext_220-420_int_100_off_35_percentage_53_position_1-61 genomicbackground,2813,2,2813_2
query_2814,0,genomicbackground,1,riboswitch,0.9919155836105347,2814_2_RF01056_2_NC_000913.3_4467215-4467731_ext_220-420_int_100_off_40_percentage_48_position_1-56 genomicbackground,2814,2,2814_2
query_2815,0,genomicbackground,1,riboswitch,0.7408155202865601,2815_2_RF01056_2_NC_000913.3_4467215-4467731_ext_220-420_int_100_off_45_percentage_44_position_1-51 genomicbackground,2815,2,2815_2
query_2816,0,genomicbackground,1,riboswitch,0.8842428922653198,2816_2_RF01056_2_NC_000913.3_4467215-4467731_ext_220-420_int_100_off_50_percentage_40_position_1-46 genomicbackground,2816,2,2816_2
query_2817,0,genomicbackground,1,riboswitch,0.8819344639778137,2817_2_RF01056_2_NC_000913.3_4467215-4467731_ext_220-420_int_100_off_55_percentage_35_position_1-41 genomicbackground,2817,2,2817_2
query_2818,0,genomicbackground,1,riboswitch,0.8827430009841919,2818_2_RF01056_2_NC_000913.3_4467215-4467731_ext_220-420_int_100_off_60_percentage_31_position_1-36 genomicbackground,2818,2,2818_2
query_2819,0,genomicbackground,1,riboswitch,0.9947751760482788,2819_2_RF01056_2_NC_000913.3_4467215-4467731_ext_220-420_int_100_off_65_percentage_27_position_1-31 genomicbackground,2819,2,2819_2
query_2820,0,genomicbackground,1,riboswitch,0.9895455241203308,2820_2_RF01056_2_NC_000913.3_4467215-4467731_ext_220-420_int_100_off_70_percentage_22_position_1-26 genomicbackground,2820,2,2820_2
query_2821,0,genomicbackground,1,riboswitch,0.9972353577613831,2821_2_RF01056_2_NC_000913.3_4467215-4467731_ext_220-420_int_100_off_75_percentage_18_position_1-21 genomicbackground,2821,2,2821_2
query_2822,0,genomicbackground,1,riboswitch,0.9084508419036865,2822_2_RF01056_2_NC_000913.3_4467215-4467731_ext_220-420_int_100_off_80_percentage_14_position_1-16 genomicbackground,2822,2,2822_2
query_2823,0,genomicbackground,1,riboswitch,0.9963317513465881,2823_2_RF01056_2_NC_000913.3_4467215-4467731_ext_220-420_int_100_off_85_percentage_9_position_1-11 genomicbackground,2823,2,2823_2
query_2824,0,genomicbackground,1,riboswitch,0.9934155941009521,2824_2_RF01056_2_NC_000913.3_4467215-4467731_ext_220-420_int_100_off_90_percentage_5_position_1-6 genomicbackground,2824,2,2824_2
query_2825,0,genomicbackground,1,riboswitch,0.9932479858398438,2825_2_RF01056_2_NC_000913.3_4467215-4467731_ext_220-420_int_100_off_95_percentage_1_position_1-1 genomicbackground,2825,2,2825_2
query_2826,0,genomicbackground,1,riboswitch,0.9954574108123779,2826_2_RF01056_2_NC_000913.3_4467215-4467731_ext_220-420_int_100_off_100_percentage_0_position_0-0 genomicbackground,2826,2,2826_2
query_2827,1,riboswitch,1,riboswitch,0.9992000460624695,2827_2_RF01056_2_NC_000913.3_4467215-4467731_ext_220-420_int_105_off_0_percentage_83_position_1-96 riboswitch,2827,2,2827_2
query_2828,1,riboswitch,1,riboswitch,0.9987940788269043,2828_2_RF01056_2_NC_000913.3_4467215-4467731_ext_220-420_int_105_off_5_percentage_78_position_1-91 riboswitch,2828,2,2828_2
query_2829,0,genomicbackground,1,riboswitch,0.9992160797119141,2829_2_RF01056_2_NC_000913.3_4467215-4467731_ext_220-420_int_105_off_10_percentage_74_position_1-86 genomicbackground,2829,2,2829_2
query_2830,0,genomicbackground,1,riboswitch,0.999119222164154,2830_2_RF01056_2_NC_000913.3_4467215-4467731_ext_220-420_int_105_off_15_percentage_70_position_1-81 genomicbackground,2830,2,2830_2
query_2831,0,genomicbackground,1,riboswitch,0.9973726272583008,2831_2_RF01056_2_NC_000913.3_4467215-4467731_ext_220-420_int_105_off_20_percentage_66_position_1-76 genomicbackground,2831,2,2831_2
query_2832,0,genomicbackground,1,riboswitch,0.9956274032592773,2832_2_RF01056_2_NC_000913.3_4467215-4467731_ext_220-420_int_105_off_25_percentage_61_position_1-71 genomicbackground,2832,2,2832_2
query_2833,0,genomicbackground,1,riboswitch,0.9246511459350586,2833_2_RF01056_2_NC_000913.3_4467215-4467731_ext_220-420_int_105_off_30_percentage_57_position_1-66 genomicbackground,2833,2,2833_2
query_2834,0,genomicbackground,1,riboswitch,0.9805574417114258,2834_2_RF01056_2_NC_000913.3_4467215-4467731_ext_220-420_int_105_off_35_percentage_53_position_1-61 genomicbackground,2834,2,2834_2
query_2835,0,genomicbackground,1,riboswitch,0.9923451542854309,2835_2_RF01056_2_NC_000913.3_4467215-4467731_ext_220-420_int_105_off_40_percentage_48_position_1-56 genomicbackground,2835,2,2835_2
query_2836,0,genomicbackground,1,riboswitch,0.9410524964332581,2836_2_RF01056_2_NC_000913.3_4467215-4467731_ext_220-420_int_105_off_45_percentage_44_position_1-51 genomicbackground,2836,2,2836_2
query_2837,0,genomicbackground,1,riboswitch,0.9293965697288513,2837_2_RF01056_2_NC_000913.3_4467215-4467731_ext_220-420_int_105_off_50_percentage_40_position_1-46 genomicbackground,2837,2,2837_2
query_2838,0,genomicbackground,1,riboswitch,0.6958376169204712,2838_2_RF01056_2_NC_000913.3_4467215-4467731_ext_220-420_int_105_off_55_percentage_35_position_1-41 genomicbackground,2838,2,2838_2
query_2839,0,genomicbackground,1,riboswitch,0.8566559553146362,2839_2_RF01056_2_NC_000913.3_4467215-4467731_ext_220-420_int_105_off_60_percentage_31_position_1-36 genomicbackground,2839,2,2839_2
query_2840,0,genomicbackground,1,riboswitch,0.986146867275238,2840_2_RF01056_2_NC_000913.3_4467215-4467731_ext_220-420_int_105_off_65_percentage_27_position_1-31 genomicbackground,2840,2,2840_2
query_2841,0,genomicbackground,1,riboswitch,0.9977678060531616,2841_2_RF01056_2_NC_000913.3_4467215-4467731_ext_220-420_int_105_off_70_percentage_22_position_1-26 genomicbackground,2841,2,2841_2
query_2842,0,genomicbackground,1,riboswitch,0.995549201965332,2842_2_RF01056_2_NC_000913.3_4467215-4467731_ext_220-420_int_105_off_75_percentage_18_position_1-21 genomicbackground,2842,2,2842_2
query_2843,0,genomicbackground,1,riboswitch,0.9961516261100769,2843_2_RF01056_2_NC_000913.3_4467215-4467731_ext_220-420_int_105_off_80_percentage_14_position_1-16 genomicbackground,2843,2,2843_2
query_2844,0,genomicbackground,1,riboswitch,0.9969493746757507,2844_2_RF01056_2_NC_000913.3_4467215-4467731_ext_220-420_int_105_off_85_percentage_9_position_1-11 genomicbackground,2844,2,2844_2
query_2845,0,genomicbackground,1,riboswitch,0.9911404252052307,2845_2_RF01056_2_NC_000913.3_4467215-4467731_ext_220-420_int_105_off_90_percentage_5_position_1-6 genomicbackground,2845,2,2845_2
query_2846,0,genomicbackground,1,riboswitch,0.9908307790756226,2846_2_RF01056_2_NC_000913.3_4467215-4467731_ext_220-420_int_105_off_95_percentage_1_position_1-1 genomicbackground,2846,2,2846_2
query_2847,1,riboswitch,1,riboswitch,0.9992374181747437,2847_2_RF01056_2_NC_000913.3_4467215-4467731_ext_220-420_int_110_off_0_percentage_83_position_1-96 riboswitch,2847,2,2847_2
query_2848,1,riboswitch,1,riboswitch,0.9987995624542236,2848_2_RF01056_2_NC_000913.3_4467215-4467731_ext_220-420_int_110_off_5_percentage_78_position_1-91 riboswitch,2848,2,2848_2
query_2849,0,genomicbackground,1,riboswitch,0.998842716217041,2849_2_RF01056_2_NC_000913.3_4467215-4467731_ext_220-420_int_110_off_10_percentage_74_position_1-86 genomicbackground,2849,2,2849_2
query_2850,0,genomicbackground,1,riboswitch,0.9989638328552246,2850_2_RF01056_2_NC_000913.3_4467215-4467731_ext_220-420_int_110_off_15_percentage_70_position_1-81 genomicbackground,2850,2,2850_2
query_2851,0,genomicbackground,1,riboswitch,0.9969416260719299,2851_2_RF01056_2_NC_000913.3_4467215-4467731_ext_220-420_int_110_off_20_percentage_66_position_1-76 genomicbackground,2851,2,2851_2
query_2852,0,genomicbackground,1,riboswitch,0.983651876449585,2852_2_RF01056_2_NC_000913.3_4467215-4467731_ext_220-420_int_110_off_25_percentage_61_position_1-71 genomicbackground,2852,2,2852_2
query_2853,0,genomicbackground,1,riboswitch,0.9212117195129395,2853_2_RF01056_2_NC_000913.3_4467215-4467731_ext_220-420_int_110_off_30_percentage_57_position_1-66 genomicbackground,2853,2,2853_2
query_2854,0,genomicbackground,1,riboswitch,0.972607433795929,2854_2_RF01056_2_NC_000913.3_4467215-4467731_ext_220-420_int_110_off_35_percentage_53_position_1-61 genomicbackground,2854,2,2854_2
query_2855,0,genomicbackground,1,riboswitch,0.998248815536499,2855_2_RF01056_2_NC_000913.3_4467215-4467731_ext_220-420_int_110_off_40_percentage_48_position_1-56 genomicbackground,2855,2,2855_2
query_2856,0,genomicbackground,1,riboswitch,0.9598260521888733,2856_2_RF01056_2_NC_000913.3_4467215-4467731_ext_220-420_int_110_off_45_percentage_44_position_1-51 genomicbackground,2856,2,2856_2
query_2857,0,genomicbackground,1,riboswitch,0.7942659258842468,2857_2_RF01056_2_NC_000913.3_4467215-4467731_ext_220-420_int_110_off_50_percentage_40_position_1-46 genomicbackground,2857,2,2857_2
query_2858,0,genomicbackground,1,riboswitch,0.6613103151321411,2858_2_RF01056_2_NC_000913.3_4467215-4467731_ext_220-420_int_110_off_55_percentage_35_position_1-41 genomicbackground,2858,2,2858_2
query_2859,0,genomicbackground,0,genomicbackground,0.462684690952301,2859_2_RF01056_2_NC_000913.3_4467215-4467731_ext_220-420_int_110_off_60_percentage_31_position_1-36 genomicbackground,2859,2,2859_2
query_2860,0,genomicbackground,1,riboswitch,0.9976934194564819,2860_2_RF01056_2_NC_000913.3_4467215-4467731_ext_220-420_int_110_off_65_percentage_27_position_1-31 genomicbackground,2860,2,2860_2
query_2861,0,genomicbackground,1,riboswitch,0.997222900390625,2861_2_RF01056_2_NC_000913.3_4467215-4467731_ext_220-420_int_110_off_70_percentage_22_position_1-26 genomicbackground,2861,2,2861_2
query_2862,0,genomicbackground,1,riboswitch,0.9984305500984192,2862_2_RF01056_2_NC_000913.3_4467215-4467731_ext_220-420_int_110_off_75_percentage_18_position_1-21 genomicbackground,2862,2,2862_2
query_2863,0,genomicbackground,1,riboswitch,0.9966579675674438,2863_2_RF01056_2_NC_000913.3_4467215-4467731_ext_220-420_int_110_off_80_percentage_14_position_1-16 genomicbackground,2863,2,2863_2
query_2864,0,genomicbackground,1,riboswitch,0.997687816619873,2864_2_RF01056_2_NC_000913.3_4467215-4467731_ext_220-420_int_110_off_85_percentage_9_position_1-11 genomicbackground,2864,2,2864_2
query_2865,0,genomicbackground,1,riboswitch,0.9880036115646362,2865_2_RF01056_2_NC_000913.3_4467215-4467731_ext_220-420_int_110_off_90_percentage_5_position_1-6 genomicbackground,2865,2,2865_2
query_2866,1,riboswitch,1,riboswitch,0.9992398023605347,2866_2_RF01056_2_NC_000913.3_4467215-4467731_ext_220-420_int_115_off_0_percentage_83_position_1-96 riboswitch,2866,2,2866_2
query_2867,1,riboswitch,1,riboswitch,0.9989277720451355,2867_2_RF01056_2_NC_000913.3_4467215-4467731_ext_220-420_int_115_off_5_percentage_78_position_1-91 riboswitch,2867,2,2867_2
query_2868,0,genomicbackground,1,riboswitch,0.9986032843589783,2868_2_RF01056_2_NC_000913.3_4467215-4467731_ext_220-420_int_115_off_10_percentage_74_position_1-86 genomicbackground,2868,2,2868_2
query_2869,0,genomicbackground,1,riboswitch,0.9987505674362183,2869_2_RF01056_2_NC_000913.3_4467215-4467731_ext_220-420_int_115_off_15_percentage_70_position_1-81 genomicbackground,2869,2,2869_2
query_2870,0,genomicbackground,1,riboswitch,0.9927997589111328,2870_2_RF01056_2_NC_000913.3_4467215-4467731_ext_220-420_int_115_off_20_percentage_66_position_1-76 genomicbackground,2870,2,2870_2
query_2871,0,genomicbackground,1,riboswitch,0.9854514598846436,2871_2_RF01056_2_NC_000913.3_4467215-4467731_ext_220-420_int_115_off_25_percentage_61_position_1-71 genomicbackground,2871,2,2871_2
query_2872,0,genomicbackground,1,riboswitch,0.8633993864059448,2872_2_RF01056_2_NC_000913.3_4467215-4467731_ext_220-420_int_115_off_30_percentage_57_position_1-66 genomicbackground,2872,2,2872_2
query_2873,0,genomicbackground,1,riboswitch,0.997154951095581,2873_2_RF01056_2_NC_000913.3_4467215-4467731_ext_220-420_int_115_off_35_percentage_53_position_1-61 genomicbackground,2873,2,2873_2
query_2874,0,genomicbackground,1,riboswitch,0.9984429478645325,2874_2_RF01056_2_NC_000913.3_4467215-4467731_ext_220-420_int_115_off_40_percentage_48_position_1-56 genomicbackground,2874,2,2874_2
query_2875,0,genomicbackground,1,riboswitch,0.9982050657272339,2875_2_RF01056_2_NC_000913.3_4467215-4467731_ext_220-420_int_115_off_45_percentage_44_position_1-51 genomicbackground,2875,2,2875_2
query_2876,0,genomicbackground,1,riboswitch,0.7645965218544006,2876_2_RF01056_2_NC_000913.3_4467215-4467731_ext_220-420_int_115_off_50_percentage_40_position_1-46 genomicbackground,2876,2,2876_2
query_2877,0,genomicbackground,0,genomicbackground,0.37860092520713806,2877_2_RF01056_2_NC_000913.3_4467215-4467731_ext_220-420_int_115_off_55_percentage_35_position_1-41 genomicbackground,2877,2,2877_2
query_2878,0,genomicbackground,1,riboswitch,0.9696850776672363,2878_2_RF01056_2_NC_000913.3_4467215-4467731_ext_220-420_int_115_off_60_percentage_31_position_1-36 genomicbackground,2878,2,2878_2
query_2879,0,genomicbackground,1,riboswitch,0.9968729615211487,2879_2_RF01056_2_NC_000913.3_4467215-4467731_ext_220-420_int_115_off_65_percentage_27_position_1-31 genomicbackground,2879,2,2879_2
query_2880,0,genomicbackground,1,riboswitch,0.9983945488929749,2880_2_RF01056_2_NC_000913.3_4467215-4467731_ext_220-420_int_115_off_70_percentage_22_position_1-26 genomicbackground,2880,2,2880_2
query_2881,0,genomicbackground,1,riboswitch,0.9985155463218689,2881_2_RF01056_2_NC_000913.3_4467215-4467731_ext_220-420_int_115_off_75_percentage_18_position_1-21 genomicbackground,2881,2,2881_2
query_2882,0,genomicbackground,1,riboswitch,0.997957706451416,2882_2_RF01056_2_NC_000913.3_4467215-4467731_ext_220-420_int_115_off_80_percentage_14_position_1-16 genomicbackground,2882,2,2882_2
query_2883,0,genomicbackground,1,riboswitch,0.9970977306365967,2883_2_RF01056_2_NC_000913.3_4467215-4467731_ext_220-420_int_115_off_85_percentage_9_position_1-11 genomicbackground,2883,2,2883_2
query_2884,1,riboswitch,1,riboswitch,0.9992849230766296,2884_2_RF01056_2_NC_000913.3_4467215-4467731_ext_220-420_int_120_off_0_percentage_83_position_1-96 riboswitch,2884,2,2884_2
query_2885,1,riboswitch,1,riboswitch,0.9986013770103455,2885_2_RF01056_2_NC_000913.3_4467215-4467731_ext_220-420_int_120_off_5_percentage_78_position_1-91 riboswitch,2885,2,2885_2
query_2886,0,genomicbackground,1,riboswitch,0.9990124702453613,2886_2_RF01056_2_NC_000913.3_4467215-4467731_ext_220-420_int_120_off_10_percentage_74_position_1-86 genomicbackground,2886,2,2886_2
query_2887,0,genomicbackground,1,riboswitch,0.9976041913032532,2887_2_RF01056_2_NC_000913.3_4467215-4467731_ext_220-420_int_120_off_15_percentage_70_position_1-81 genomicbackground,2887,2,2887_2
query_2888,0,genomicbackground,1,riboswitch,0.9942889213562012,2888_2_RF01056_2_NC_000913.3_4467215-4467731_ext_220-420_int_120_off_20_percentage_66_position_1-76 genomicbackground,2888,2,2888_2
query_2889,0,genomicbackground,1,riboswitch,0.9973133206367493,2889_2_RF01056_2_NC_000913.3_4467215-4467731_ext_220-420_int_120_off_25_percentage_61_position_1-71 genomicbackground,2889,2,2889_2
query_2890,0,genomicbackground,1,riboswitch,0.9951661825180054,2890_2_RF01056_2_NC_000913.3_4467215-4467731_ext_220-420_int_120_off_30_percentage_57_position_1-66 genomicbackground,2890,2,2890_2
query_2891,0,genomicbackground,1,riboswitch,0.9975855350494385,2891_2_RF01056_2_NC_000913.3_4467215-4467731_ext_220-420_int_120_off_35_percentage_53_position_1-61 genomicbackground,2891,2,2891_2
query_2892,0,genomicbackground,1,riboswitch,0.9979975819587708,2892_2_RF01056_2_NC_000913.3_4467215-4467731_ext_220-420_int_120_off_40_percentage_48_position_1-56 genomicbackground,2892,2,2892_2
query_2893,0,genomicbackground,1,riboswitch,0.9966202974319458,2893_2_RF01056_2_NC_000913.3_4467215-4467731_ext_220-420_int_120_off_45_percentage_44_position_1-51 genomicbackground,2893,2,2893_2
query_2894,0,genomicbackground,0,genomicbackground,0.4275379180908203,2894_2_RF01056_2_NC_000913.3_4467215-4467731_ext_220-420_int_120_off_50_percentage_40_position_1-46 genomicbackground,2894,2,2894_2
query_2895,0,genomicbackground,1,riboswitch,0.9307566285133362,2895_2_RF01056_2_NC_000913.3_4467215-4467731_ext_220-420_int_120_off_55_percentage_35_position_1-41 genomicbackground,2895,2,2895_2
query_2896,0,genomicbackground,1,riboswitch,0.8726797699928284,2896_2_RF01056_2_NC_000913.3_4467215-4467731_ext_220-420_int_120_off_60_percentage_31_position_1-36 genomicbackground,2896,2,2896_2
query_2897,0,genomicbackground,1,riboswitch,0.9980415105819702,2897_2_RF01056_2_NC_000913.3_4467215-4467731_ext_220-420_int_120_off_65_percentage_27_position_1-31 genomicbackground,2897,2,2897_2
query_2898,0,genomicbackground,1,riboswitch,0.9990876913070679,2898_2_RF01056_2_NC_000913.3_4467215-4467731_ext_220-420_int_120_off_70_percentage_22_position_1-26 genomicbackground,2898,2,2898_2
query_2899,0,genomicbackground,1,riboswitch,0.9963729977607727,2899_2_RF01056_2_NC_000913.3_4467215-4467731_ext_220-420_int_120_off_75_percentage_18_position_1-21 genomicbackground,2899,2,2899_2
query_2900,0,genomicbackground,1,riboswitch,0.9975125789642334,2900_2_RF01056_2_NC_000913.3_4467215-4467731_ext_220-420_int_120_off_80_percentage_14_position_1-16 genomicbackground,2900,2,2900_2
query_2901,1,riboswitch,1,riboswitch,0.9991239905357361,2901_2_RF01056_2_NC_000913.3_4467215-4467731_ext_220-420_int_125_off_0_percentage_83_position_1-96 riboswitch,2901,2,2901_2
query_2902,1,riboswitch,1,riboswitch,0.998364269733429,2902_2_RF01056_2_NC_000913.3_4467215-4467731_ext_220-420_int_125_off_5_percentage_78_position_1-91 riboswitch,2902,2,2902_2
query_2903,0,genomicbackground,1,riboswitch,0.9992077946662903,2903_2_RF01056_2_NC_000913.3_4467215-4467731_ext_220-420_int_125_off_10_percentage_74_position_1-86 genomicbackground,2903,2,2903_2
query_2904,0,genomicbackground,1,riboswitch,0.9976831674575806,2904_2_RF01056_2_NC_000913.3_4467215-4467731_ext_220-420_int_125_off_15_percentage_70_position_1-81 genomicbackground,2904,2,2904_2
query_2905,0,genomicbackground,1,riboswitch,0.9910368919372559,2905_2_RF01056_2_NC_000913.3_4467215-4467731_ext_220-420_int_125_off_20_percentage_66_position_1-76 genomicbackground,2905,2,2905_2
query_2906,0,genomicbackground,1,riboswitch,0.997543454170227,2906_2_RF01056_2_NC_000913.3_4467215-4467731_ext_220-420_int_125_off_25_percentage_61_position_1-71 genomicbackground,2906,2,2906_2
query_2907,0,genomicbackground,1,riboswitch,0.9959627985954285,2907_2_RF01056_2_NC_000913.3_4467215-4467731_ext_220-420_int_125_off_30_percentage_57_position_1-66 genomicbackground,2907,2,2907_2
query_2908,0,genomicbackground,1,riboswitch,0.9966176152229309,2908_2_RF01056_2_NC_000913.3_4467215-4467731_ext_220-420_int_125_off_35_percentage_53_position_1-61 genomicbackground,2908,2,2908_2
query_2909,0,genomicbackground,1,riboswitch,0.9977866411209106,2909_2_RF01056_2_NC_000913.3_4467215-4467731_ext_220-420_int_125_off_40_percentage_48_position_1-56 genomicbackground,2909,2,2909_2
query_2910,0,genomicbackground,0,genomicbackground,0.49930307269096375,2910_2_RF01056_2_NC_000913.3_4467215-4467731_ext_220-420_int_125_off_45_percentage_44_position_1-51 genomicbackground,2910,2,2910_2
query_2911,0,genomicbackground,1,riboswitch,0.958884596824646,2911_2_RF01056_2_NC_000913.3_4467215-4467731_ext_220-420_int_125_off_50_percentage_40_position_1-46 genomicbackground,2911,2,2911_2
query_2912,0,genomicbackground,1,riboswitch,0.7892767190933228,2912_2_RF01056_2_NC_000913.3_4467215-4467731_ext_220-420_int_125_off_55_percentage_35_position_1-41 genomicbackground,2912,2,2912_2
query_2913,0,genomicbackground,1,riboswitch,0.9963945746421814,2913_2_RF01056_2_NC_000913.3_4467215-4467731_ext_220-420_int_125_off_60_percentage_31_position_1-36 genomicbackground,2913,2,2913_2
query_2914,0,genomicbackground,1,riboswitch,0.9981787204742432,2914_2_RF01056_2_NC_000913.3_4467215-4467731_ext_220-420_int_125_off_65_percentage_27_position_1-31 genomicbackground,2914,2,2914_2
query_2915,0,genomicbackground,1,riboswitch,0.9974665641784668,2915_2_RF01056_2_NC_000913.3_4467215-4467731_ext_220-420_int_125_off_70_percentage_22_position_1-26 genomicbackground,2915,2,2915_2
query_2916,0,genomicbackground,1,riboswitch,0.9958676099777222,2916_2_RF01056_2_NC_000913.3_4467215-4467731_ext_220-420_int_125_off_75_percentage_18_position_1-21 genomicbackground,2916,2,2916_2
query_2917,1,riboswitch,1,riboswitch,0.9968384504318237,2917_2_RF01056_2_NC_000913.3_4467215-4467731_ext_220-420_int_130_off_0_percentage_83_position_1-96 riboswitch,2917,2,2917_2
query_2918,1,riboswitch,1,riboswitch,0.9977908134460449,2918_2_RF01056_2_NC_000913.3_4467215-4467731_ext_220-420_int_130_off_5_percentage_78_position_1-91 riboswitch,2918,2,2918_2
query_2919,0,genomicbackground,1,riboswitch,0.9980403780937195,2919_2_RF01056_2_NC_000913.3_4467215-4467731_ext_220-420_int_130_off_10_percentage_74_position_1-86 genomicbackground,2919,2,2919_2
query_2920,0,genomicbackground,1,riboswitch,0.997252881526947,2920_2_RF01056_2_NC_000913.3_4467215-4467731_ext_220-420_int_130_off_15_percentage_70_position_1-81 genomicbackground,2920,2,2920_2
query_2921,0,genomicbackground,1,riboswitch,0.9981449842453003,2921_2_RF01056_2_NC_000913.3_4467215-4467731_ext_220-420_int_130_off_20_percentage_66_position_1-76 genomicbackground,2921,2,2921_2
query_2922,0,genomicbackground,1,riboswitch,0.9977439641952515,2922_2_RF01056_2_NC_000913.3_4467215-4467731_ext_220-420_int_130_off_25_percentage_61_position_1-71 genomicbackground,2922,2,2922_2
query_2923,0,genomicbackground,1,riboswitch,0.9930833578109741,2923_2_RF01056_2_NC_000913.3_4467215-4467731_ext_220-420_int_130_off_30_percentage_57_position_1-66 genomicbackground,2923,2,2923_2
query_2924,0,genomicbackground,1,riboswitch,0.9961981177330017,2924_2_RF01056_2_NC_000913.3_4467215-4467731_ext_220-420_int_130_off_35_percentage_53_position_1-61 genomicbackground,2924,2,2924_2
query_2925,0,genomicbackground,1,riboswitch,0.9934296011924744,2925_2_RF01056_2_NC_000913.3_4467215-4467731_ext_220-420_int_130_off_40_percentage_48_position_1-56 genomicbackground,2925,2,2925_2
query_2926,0,genomicbackground,1,riboswitch,0.9981972575187683,2926_2_RF01056_2_NC_000913.3_4467215-4467731_ext_220-420_int_130_off_45_percentage_44_position_1-51 genomicbackground,2926,2,2926_2
query_2927,0,genomicbackground,1,riboswitch,0.8493502736091614,2927_2_RF01056_2_NC_000913.3_4467215-4467731_ext_220-420_int_130_off_50_percentage_40_position_1-46 genomicbackground,2927,2,2927_2
query_2928,0,genomicbackground,1,riboswitch,0.992923378944397,2928_2_RF01056_2_NC_000913.3_4467215-4467731_ext_220-420_int_130_off_55_percentage_35_position_1-41 genomicbackground,2928,2,2928_2
query_2929,0,genomicbackground,1,riboswitch,0.9967488050460815,2929_2_RF01056_2_NC_000913.3_4467215-4467731_ext_220-420_int_130_off_60_percentage_31_position_1-36 genomicbackground,2929,2,2929_2
query_2930,0,genomicbackground,1,riboswitch,0.9972643852233887,2930_2_RF01056_2_NC_000913.3_4467215-4467731_ext_220-420_int_130_off_65_percentage_27_position_1-31 genomicbackground,2930,2,2930_2
query_2931,0,genomicbackground,1,riboswitch,0.9972137808799744,2931_2_RF01056_2_NC_000913.3_4467215-4467731_ext_220-420_int_130_off_70_percentage_22_position_1-26 genomicbackground,2931,2,2931_2
query_2932,1,riboswitch,1,riboswitch,0.9984717965126038,2932_2_RF01056_2_NC_000913.3_4467215-4467731_ext_220-420_int_135_off_0_percentage_83_position_1-96 riboswitch,2932,2,2932_2
query_2933,1,riboswitch,1,riboswitch,0.9975169897079468,2933_2_RF01056_2_NC_000913.3_4467215-4467731_ext_220-420_int_135_off_5_percentage_78_position_1-91 riboswitch,2933,2,2933_2
query_2934,0,genomicbackground,1,riboswitch,0.9956497550010681,2934_2_RF01056_2_NC_000913.3_4467215-4467731_ext_220-420_int_135_off_10_percentage_74_position_1-86 genomicbackground,2934,2,2934_2
query_2935,0,genomicbackground,1,riboswitch,0.9988527297973633,2935_2_RF01056_2_NC_000913.3_4467215-4467731_ext_220-420_int_135_off_15_percentage_70_position_1-81 genomicbackground,2935,2,2935_2
query_2936,0,genomicbackground,1,riboswitch,0.998214602470398,2936_2_RF01056_2_NC_000913.3_4467215-4467731_ext_220-420_int_135_off_20_percentage_66_position_1-76 genomicbackground,2936,2,2936_2
query_2937,0,genomicbackground,1,riboswitch,0.9946771860122681,2937_2_RF01056_2_NC_000913.3_4467215-4467731_ext_220-420_int_135_off_25_percentage_61_position_1-71 genomicbackground,2937,2,2937_2
query_2938,0,genomicbackground,1,riboswitch,0.9917368292808533,2938_2_RF01056_2_NC_000913.3_4467215-4467731_ext_220-420_int_135_off_30_percentage_57_position_1-66 genomicbackground,2938,2,2938_2
query_2939,0,genomicbackground,1,riboswitch,0.9824581742286682,2939_2_RF01056_2_NC_000913.3_4467215-4467731_ext_220-420_int_135_off_35_percentage_53_position_1-61 genomicbackground,2939,2,2939_2
query_2940,0,genomicbackground,1,riboswitch,0.9980759620666504,2940_2_RF01056_2_NC_000913.3_4467215-4467731_ext_220-420_int_135_off_40_percentage_48_position_1-56 genomicbackground,2940,2,2940_2
query_2941,0,genomicbackground,1,riboswitch,0.9122794270515442,2941_2_RF01056_2_NC_000913.3_4467215-4467731_ext_220-420_int_135_off_45_percentage_44_position_1-51 genomicbackground,2941,2,2941_2
query_2942,0,genomicbackground,1,riboswitch,0.9939754605293274,2942_2_RF01056_2_NC_000913.3_4467215-4467731_ext_220-420_int_135_off_50_percentage_40_position_1-46 genomicbackground,2942,2,2942_2
query_2943,0,genomicbackground,1,riboswitch,0.9940059185028076,2943_2_RF01056_2_NC_000913.3_4467215-4467731_ext_220-420_int_135_off_55_percentage_35_position_1-41 genomicbackground,2943,2,2943_2
query_2944,0,genomicbackground,1,riboswitch,0.9973536729812622,2944_2_RF01056_2_NC_000913.3_4467215-4467731_ext_220-420_int_135_off_60_percentage_31_position_1-36 genomicbackground,2944,2,2944_2
query_2945,0,genomicbackground,1,riboswitch,0.9969981908798218,2945_2_RF01056_2_NC_000913.3_4467215-4467731_ext_220-420_int_135_off_65_percentage_27_position_1-31 genomicbackground,2945,2,2945_2
query_2946,1,riboswitch,1,riboswitch,0.9961898326873779,2946_2_RF01056_2_NC_000913.3_4467215-4467731_ext_220-420_int_140_off_0_percentage_83_position_1-96 riboswitch,2946,2,2946_2
query_2947,1,riboswitch,1,riboswitch,0.9944741129875183,2947_2_RF01056_2_NC_000913.3_4467215-4467731_ext_220-420_int_140_off_5_percentage_78_position_1-91 riboswitch,2947,2,2947_2
query_2948,0,genomicbackground,1,riboswitch,0.9985101819038391,2948_2_RF01056_2_NC_000913.3_4467215-4467731_ext_220-420_int_140_off_10_percentage_74_position_1-86 genomicbackground,2948,2,2948_2
query_2949,0,genomicbackground,1,riboswitch,0.9988964796066284,2949_2_RF01056_2_NC_000913.3_4467215-4467731_ext_220-420_int_140_off_15_percentage_70_position_1-81 genomicbackground,2949,2,2949_2
query_2950,0,genomicbackground,1,riboswitch,0.9976086616516113,2950_2_RF01056_2_NC_000913.3_4467215-4467731_ext_220-420_int_140_off_20_percentage_66_position_1-76 genomicbackground,2950,2,2950_2
query_2951,0,genomicbackground,1,riboswitch,0.9941880702972412,2951_2_RF01056_2_NC_000913.3_4467215-4467731_ext_220-420_int_140_off_25_percentage_61_position_1-71 genomicbackground,2951,2,2951_2
query_2952,0,genomicbackground,1,riboswitch,0.9409777522087097,2952_2_RF01056_2_NC_000913.3_4467215-4467731_ext_220-420_int_140_off_30_percentage_57_position_1-66 genomicbackground,2952,2,2952_2
query_2953,0,genomicbackground,1,riboswitch,0.9971132278442383,2953_2_RF01056_2_NC_000913.3_4467215-4467731_ext_220-420_int_140_off_35_percentage_53_position_1-61 genomicbackground,2953,2,2953_2
query_2954,0,genomicbackground,1,riboswitch,0.9971109628677368,2954_2_RF01056_2_NC_000913.3_4467215-4467731_ext_220-420_int_140_off_40_percentage_48_position_1-56 genomicbackground,2954,2,2954_2
query_2955,0,genomicbackground,1,riboswitch,0.9941133856773376,2955_2_RF01056_2_NC_000913.3_4467215-4467731_ext_220-420_int_140_off_45_percentage_44_position_1-51 genomicbackground,2955,2,2955_2
query_2956,0,genomicbackground,1,riboswitch,0.9947881698608398,2956_2_RF01056_2_NC_000913.3_4467215-4467731_ext_220-420_int_140_off_50_percentage_40_position_1-46 genomicbackground,2956,2,2956_2
query_2957,0,genomicbackground,1,riboswitch,0.9925772547721863,2957_2_RF01056_2_NC_000913.3_4467215-4467731_ext_220-420_int_140_off_55_percentage_35_position_1-41 genomicbackground,2957,2,2957_2
query_2958,0,genomicbackground,1,riboswitch,0.9968882203102112,2958_2_RF01056_2_NC_000913.3_4467215-4467731_ext_220-420_int_140_off_60_percentage_31_position_1-36 genomicbackground,2958,2,2958_2
query_2959,1,riboswitch,1,riboswitch,0.9954388737678528,2959_2_RF01056_2_NC_000913.3_4467215-4467731_ext_220-420_int_145_off_0_percentage_83_position_1-96 riboswitch,2959,2,2959_2
query_2960,1,riboswitch,1,riboswitch,0.9984741806983948,2960_2_RF01056_2_NC_000913.3_4467215-4467731_ext_220-420_int_145_off_5_percentage_78_position_1-91 riboswitch,2960,2,2960_2
query_2961,0,genomicbackground,1,riboswitch,0.998626708984375,2961_2_RF01056_2_NC_000913.3_4467215-4467731_ext_220-420_int_145_off_10_percentage_74_position_1-86 genomicbackground,2961,2,2961_2
query_2962,0,genomicbackground,1,riboswitch,0.9976067543029785,2962_2_RF01056_2_NC_000913.3_4467215-4467731_ext_220-420_int_145_off_15_percentage_70_position_1-81 genomicbackground,2962,2,2962_2
query_2963,0,genomicbackground,1,riboswitch,0.9972143173217773,2963_2_RF01056_2_NC_000913.3_4467215-4467731_ext_220-420_int_145_off_20_percentage_66_position_1-76 genomicbackground,2963,2,2963_2
query_2964,0,genomicbackground,1,riboswitch,0.9937595725059509,2964_2_RF01056_2_NC_000913.3_4467215-4467731_ext_220-420_int_145_off_25_percentage_61_position_1-71 genomicbackground,2964,2,2964_2
query_2965,0,genomicbackground,1,riboswitch,0.9949862957000732,2965_2_RF01056_2_NC_000913.3_4467215-4467731_ext_220-420_int_145_off_30_percentage_57_position_1-66 genomicbackground,2965,2,2965_2
query_2966,0,genomicbackground,1,riboswitch,0.9950934648513794,2966_2_RF01056_2_NC_000913.3_4467215-4467731_ext_220-420_int_145_off_35_percentage_53_position_1-61 genomicbackground,2966,2,2966_2
query_2967,0,genomicbackground,1,riboswitch,0.9984369874000549,2967_2_RF01056_2_NC_000913.3_4467215-4467731_ext_220-420_int_145_off_40_percentage_48_position_1-56 genomicbackground,2967,2,2967_2
query_2968,0,genomicbackground,1,riboswitch,0.9948499798774719,2968_2_RF01056_2_NC_000913.3_4467215-4467731_ext_220-420_int_145_off_45_percentage_44_position_1-51 genomicbackground,2968,2,2968_2
query_2969,0,genomicbackground,1,riboswitch,0.9937493801116943,2969_2_RF01056_2_NC_000913.3_4467215-4467731_ext_220-420_int_145_off_50_percentage_40_position_1-46 genomicbackground,2969,2,2969_2
query_2970,0,genomicbackground,1,riboswitch,0.9908486604690552,2970_2_RF01056_2_NC_000913.3_4467215-4467731_ext_220-420_int_145_off_55_percentage_35_position_1-41 genomicbackground,2970,2,2970_2
query_2971,1,riboswitch,1,riboswitch,0.9990056157112122,2971_2_RF01056_2_NC_000913.3_4467215-4467731_ext_220-420_int_150_off_0_percentage_83_position_1-96 riboswitch,2971,2,2971_2
query_2972,1,riboswitch,1,riboswitch,0.9986869692802429,2972_2_RF01056_2_NC_000913.3_4467215-4467731_ext_220-420_int_150_off_5_percentage_78_position_1-91 riboswitch,2972,2,2972_2
query_2973,0,genomicbackground,1,riboswitch,0.9983023405075073,2973_2_RF01056_2_NC_000913.3_4467215-4467731_ext_220-420_int_150_off_10_percentage_74_position_1-86 genomicbackground,2973,2,2973_2
query_2974,0,genomicbackground,1,riboswitch,0.9972110390663147,2974_2_RF01056_2_NC_000913.3_4467215-4467731_ext_220-420_int_150_off_15_percentage_70_position_1-81 genomicbackground,2974,2,2974_2
query_2975,0,genomicbackground,1,riboswitch,0.9970276951789856,2975_2_RF01056_2_NC_000913.3_4467215-4467731_ext_220-420_int_150_off_20_percentage_66_position_1-76 genomicbackground,2975,2,2975_2
query_2976,0,genomicbackground,1,riboswitch,0.995070219039917,2976_2_RF01056_2_NC_000913.3_4467215-4467731_ext_220-420_int_150_off_25_percentage_61_position_1-71 genomicbackground,2976,2,2976_2
query_2977,0,genomicbackground,1,riboswitch,0.9907938838005066,2977_2_RF01056_2_NC_000913.3_4467215-4467731_ext_220-420_int_150_off_30_percentage_57_position_1-66 genomicbackground,2977,2,2977_2
query_2978,0,genomicbackground,1,riboswitch,0.9979677796363831,2978_2_RF01056_2_NC_000913.3_4467215-4467731_ext_220-420_int_150_off_35_percentage_53_position_1-61 genomicbackground,2978,2,2978_2
query_2979,0,genomicbackground,1,riboswitch,0.9985051155090332,2979_2_RF01056_2_NC_000913.3_4467215-4467731_ext_220-420_int_150_off_40_percentage_48_position_1-56 genomicbackground,2979,2,2979_2
query_2980,0,genomicbackground,1,riboswitch,0.9937764406204224,2980_2_RF01056_2_NC_000913.3_4467215-4467731_ext_220-420_int_150_off_45_percentage_44_position_1-51 genomicbackground,2980,2,2980_2
query_2981,0,genomicbackground,1,riboswitch,0.9924807548522949,2981_2_RF01056_2_NC_000913.3_4467215-4467731_ext_220-420_int_150_off_50_percentage_40_position_1-46 genomicbackground,2981,2,2981_2
query_2982,1,riboswitch,1,riboswitch,0.9990735054016113,2982_2_RF01056_2_NC_000913.3_4467215-4467731_ext_220-420_int_155_off_0_percentage_83_position_1-96 riboswitch,2982,2,2982_2
query_2983,1,riboswitch,1,riboswitch,0.9982529282569885,2983_2_RF01056_2_NC_000913.3_4467215-4467731_ext_220-420_int_155_off_5_percentage_78_position_1-91 riboswitch,2983,2,2983_2
query_2984,0,genomicbackground,1,riboswitch,0.99814772605896,2984_2_RF01056_2_NC_000913.3_4467215-4467731_ext_220-420_int_155_off_10_percentage_74_position_1-86 genomicbackground,2984,2,2984_2
query_2985,0,genomicbackground,1,riboswitch,0.9970827698707581,2985_2_RF01056_2_NC_000913.3_4467215-4467731_ext_220-420_int_155_off_15_percentage_70_position_1-81 genomicbackground,2985,2,2985_2
query_2986,0,genomicbackground,1,riboswitch,0.9973198771476746,2986_2_RF01056_2_NC_000913.3_4467215-4467731_ext_220-420_int_155_off_20_percentage_66_position_1-76 genomicbackground,2986,2,2986_2
query_2987,0,genomicbackground,1,riboswitch,0.9962052702903748,2987_2_RF01056_2_NC_000913.3_4467215-4467731_ext_220-420_int_155_off_25_percentage_61_position_1-71 genomicbackground,2987,2,2987_2
query_2988,0,genomicbackground,1,riboswitch,0.9973934888839722,2988_2_RF01056_2_NC_000913.3_4467215-4467731_ext_220-420_int_155_off_30_percentage_57_position_1-66 genomicbackground,2988,2,2988_2
query_2989,0,genomicbackground,1,riboswitch,0.9980714917182922,2989_2_RF01056_2_NC_000913.3_4467215-4467731_ext_220-420_int_155_off_35_percentage_53_position_1-61 genomicbackground,2989,2,2989_2
query_2990,0,genomicbackground,1,riboswitch,0.9969401359558105,2990_2_RF01056_2_NC_000913.3_4467215-4467731_ext_220-420_int_155_off_40_percentage_48_position_1-56 genomicbackground,2990,2,2990_2
query_2991,0,genomicbackground,1,riboswitch,0.9925627112388611,2991_2_RF01056_2_NC_000913.3_4467215-4467731_ext_220-420_int_155_off_45_percentage_44_position_1-51 genomicbackground,2991,2,2991_2
query_2992,1,riboswitch,1,riboswitch,0.998845100402832,2992_2_RF01056_2_NC_000913.3_4467215-4467731_ext_220-420_int_160_off_0_percentage_83_position_1-96 riboswitch,2992,2,2992_2
query_2993,1,riboswitch,1,riboswitch,0.9980621933937073,2993_2_RF01056_2_NC_000913.3_4467215-4467731_ext_220-420_int_160_off_5_percentage_78_position_1-91 riboswitch,2993,2,2993_2
query_2994,0,genomicbackground,1,riboswitch,0.9957327246665955,2994_2_RF01056_2_NC_000913.3_4467215-4467731_ext_220-420_int_160_off_10_percentage_74_position_1-86 genomicbackground,2994,2,2994_2
query_2995,0,genomicbackground,1,riboswitch,0.99847811460495,2995_2_RF01056_2_NC_000913.3_4467215-4467731_ext_220-420_int_160_off_15_percentage_70_position_1-81 genomicbackground,2995,2,2995_2
query_2996,0,genomicbackground,1,riboswitch,0.9970865845680237,2996_2_RF01056_2_NC_000913.3_4467215-4467731_ext_220-420_int_160_off_20_percentage_66_position_1-76 genomicbackground,2996,2,2996_2
query_2997,0,genomicbackground,1,riboswitch,0.9932818412780762,2997_2_RF01056_2_NC_000913.3_4467215-4467731_ext_220-420_int_160_off_25_percentage_61_position_1-71 genomicbackground,2997,2,2997_2
query_2998,0,genomicbackground,1,riboswitch,0.9975448250770569,2998_2_RF01056_2_NC_000913.3_4467215-4467731_ext_220-420_int_160_off_30_percentage_57_position_1-66 genomicbackground,2998,2,2998_2
query_2999,0,genomicbackground,1,riboswitch,0.9952076077461243,2999_2_RF01056_2_NC_000913.3_4467215-4467731_ext_220-420_int_160_off_35_percentage_53_position_1-61 genomicbackground,2999,2,2999_2
query_3000,0,genomicbackground,1,riboswitch,0.9966651797294617,3000_2_RF01056_2_NC_000913.3_4467215-4467731_ext_220-420_int_160_off_40_percentage_48_position_1-56 genomicbackground,3000,2,3000_2
query_3001,1,riboswitch,1,riboswitch,0.9987245202064514,3001_2_RF01056_2_NC_000913.3_4467215-4467731_ext_220-420_int_165_off_0_percentage_83_position_1-96 riboswitch,3001,2,3001_2
query_3002,1,riboswitch,1,riboswitch,0.9935687780380249,3002_2_RF01056_2_NC_000913.3_4467215-4467731_ext_220-420_int_165_off_5_percentage_78_position_1-91 riboswitch,3002,2,3002_2
query_3003,0,genomicbackground,1,riboswitch,0.9982278943061829,3003_2_RF01056_2_NC_000913.3_4467215-4467731_ext_220-420_int_165_off_10_percentage_74_position_1-86 genomicbackground,3003,2,3003_2
query_3004,0,genomicbackground,1,riboswitch,0.9980137348175049,3004_2_RF01056_2_NC_000913.3_4467215-4467731_ext_220-420_int_165_off_15_percentage_70_position_1-81 genomicbackground,3004,2,3004_2
query_3005,0,genomicbackground,1,riboswitch,0.998439371585846,3005_2_RF01056_2_NC_000913.3_4467215-4467731_ext_220-420_int_165_off_20_percentage_66_position_1-76 genomicbackground,3005,2,3005_2
query_3006,0,genomicbackground,1,riboswitch,0.9988453388214111,3006_2_RF01056_2_NC_000913.3_4467215-4467731_ext_220-420_int_165_off_25_percentage_61_position_1-71 genomicbackground,3006,2,3006_2
query_3007,0,genomicbackground,1,riboswitch,0.9925016164779663,3007_2_RF01056_2_NC_000913.3_4467215-4467731_ext_220-420_int_165_off_30_percentage_57_position_1-66 genomicbackground,3007,2,3007_2
query_3008,0,genomicbackground,1,riboswitch,0.9947240948677063,3008_2_RF01056_2_NC_000913.3_4467215-4467731_ext_220-420_int_165_off_35_percentage_53_position_1-61 genomicbackground,3008,2,3008_2
query_3009,1,riboswitch,1,riboswitch,0.9979004859924316,3009_2_RF01056_2_NC_000913.3_4467215-4467731_ext_220-420_int_170_off_0_percentage_83_position_1-96 riboswitch,3009,2,3009_2
query_3010,1,riboswitch,1,riboswitch,0.9957281947135925,3010_2_RF01056_2_NC_000913.3_4467215-4467731_ext_220-420_int_170_off_5_percentage_78_position_1-91 riboswitch,3010,2,3010_2
query_3011,0,genomicbackground,1,riboswitch,0.9975142478942871,3011_2_RF01056_2_NC_000913.3_4467215-4467731_ext_220-420_int_170_off_10_percentage_74_position_1-86 genomicbackground,3011,2,3011_2
query_3012,0,genomicbackground,1,riboswitch,0.9987333416938782,3012_2_RF01056_2_NC_000913.3_4467215-4467731_ext_220-420_int_170_off_15_percentage_70_position_1-81 genomicbackground,3012,2,3012_2
query_3013,0,genomicbackground,1,riboswitch,0.9986218214035034,3013_2_RF01056_2_NC_000913.3_4467215-4467731_ext_220-420_int_170_off_20_percentage_66_position_1-76 genomicbackground,3013,2,3013_2
query_3014,0,genomicbackground,1,riboswitch,0.9987075328826904,3014_2_RF01056_2_NC_000913.3_4467215-4467731_ext_220-420_int_170_off_25_percentage_61_position_1-71 genomicbackground,3014,2,3014_2
query_3015,0,genomicbackground,1,riboswitch,0.9916248917579651,3015_2_RF01056_2_NC_000913.3_4467215-4467731_ext_220-420_int_170_off_30_percentage_57_position_1-66 genomicbackground,3015,2,3015_2
query_3016,1,riboswitch,1,riboswitch,0.9970146417617798,3016_2_RF01056_2_NC_000913.3_4467215-4467731_ext_220-420_int_175_off_0_percentage_83_position_1-96 riboswitch,3016,2,3016_2
query_3017,1,riboswitch,1,riboswitch,0.9968263506889343,3017_2_RF01056_2_NC_000913.3_4467215-4467731_ext_220-420_int_175_off_5_percentage_78_position_1-91 riboswitch,3017,2,3017_2
query_3018,0,genomicbackground,1,riboswitch,0.9982454776763916,3018_2_RF01056_2_NC_000913.3_4467215-4467731_ext_220-420_int_175_off_10_percentage_74_position_1-86 genomicbackground,3018,2,3018_2
query_3019,0,genomicbackground,1,riboswitch,0.9987736344337463,3019_2_RF01056_2_NC_000913.3_4467215-4467731_ext_220-420_int_175_off_15_percentage_70_position_1-81 genomicbackground,3019,2,3019_2
query_3020,0,genomicbackground,1,riboswitch,0.9973471164703369,3020_2_RF01056_2_NC_000913.3_4467215-4467731_ext_220-420_int_175_off_20_percentage_66_position_1-76 genomicbackground,3020,2,3020_2
query_3021,0,genomicbackground,1,riboswitch,0.9986059069633484,3021_2_RF01056_2_NC_000913.3_4467215-4467731_ext_220-420_int_175_off_25_percentage_61_position_1-71 genomicbackground,3021,2,3021_2
query_3022,1,riboswitch,1,riboswitch,0.9978740215301514,3022_2_RF01056_2_NC_000913.3_4467215-4467731_ext_220-420_int_180_off_0_percentage_83_position_1-96 riboswitch,3022,2,3022_2
query_3023,1,riboswitch,1,riboswitch,0.9988052845001221,3023_2_RF01056_2_NC_000913.3_4467215-4467731_ext_220-420_int_180_off_5_percentage_78_position_1-91 riboswitch,3023,2,3023_2
query_3024,0,genomicbackground,1,riboswitch,0.9983333945274353,3024_2_RF01056_2_NC_000913.3_4467215-4467731_ext_220-420_int_180_off_10_percentage_74_position_1-86 genomicbackground,3024,2,3024_2
query_3025,0,genomicbackground,1,riboswitch,0.9980133771896362,3025_2_RF01056_2_NC_000913.3_4467215-4467731_ext_220-420_int_180_off_15_percentage_70_position_1-81 genomicbackground,3025,2,3025_2
query_3026,0,genomicbackground,1,riboswitch,0.9971524477005005,3026_2_RF01056_2_NC_000913.3_4467215-4467731_ext_220-420_int_180_off_20_percentage_66_position_1-76 genomicbackground,3026,2,3026_2
query_3027,1,riboswitch,1,riboswitch,0.998948872089386,3027_2_RF01056_2_NC_000913.3_4467215-4467731_ext_220-420_int_185_off_0_percentage_83_position_1-96 riboswitch,3027,2,3027_2
query_3028,1,riboswitch,1,riboswitch,0.9988780617713928,3028_2_RF01056_2_NC_000913.3_4467215-4467731_ext_220-420_int_185_off_5_percentage_78_position_1-91 riboswitch,3028,2,3028_2
query_3029,0,genomicbackground,1,riboswitch,0.9974256753921509,3029_2_RF01056_2_NC_000913.3_4467215-4467731_ext_220-420_int_185_off_10_percentage_74_position_1-86 genomicbackground,3029,2,3029_2
query_3030,0,genomicbackground,1,riboswitch,0.9978728294372559,3030_2_RF01056_2_NC_000913.3_4467215-4467731_ext_220-420_int_185_off_15_percentage_70_position_1-81 genomicbackground,3030,2,3030_2
query_3031,1,riboswitch,1,riboswitch,0.9992413520812988,3031_2_RF01056_2_NC_000913.3_4467215-4467731_ext_220-420_int_190_off_0_percentage_83_position_1-96 riboswitch,3031,2,3031_2
query_3032,1,riboswitch,1,riboswitch,0.9987842440605164,3032_2_RF01056_2_NC_000913.3_4467215-4467731_ext_220-420_int_190_off_5_percentage_78_position_1-91 riboswitch,3032,2,3032_2
query_3033,0,genomicbackground,1,riboswitch,0.9972502589225769,3033_2_RF01056_2_NC_000913.3_4467215-4467731_ext_220-420_int_190_off_10_percentage_74_position_1-86 genomicbackground,3033,2,3033_2
query_3034,1,riboswitch,1,riboswitch,0.9992008805274963,3034_2_RF01056_2_NC_000913.3_4467215-4467731_ext_220-420_int_195_off_0_percentage_83_position_1-96 riboswitch,3034,2,3034_2
query_3035,1,riboswitch,1,riboswitch,0.9986853003501892,3035_2_RF01056_2_NC_000913.3_4467215-4467731_ext_220-420_int_195_off_5_percentage_78_position_1-91 riboswitch,3035,2,3035_2
query_3036,1,riboswitch,1,riboswitch,0.9991554021835327,3036_2_RF01056_2_NC_000913.3_4467215-4467731_ext_220-420_int_200_off_0_percentage_83_position_1-96 riboswitch,3036,2,3036_2
query_3037,0,genomicbackground,1,riboswitch,0.9965702295303345,3037_2_RF01056_2_NC_000913.3_4467215-4467731_ext_240-440_int_95_off_0_percentage_66_position_1-76 genomicbackground,3037,2,3037_2
query_3038,0,genomicbackground,1,riboswitch,0.9976586103439331,3038_2_RF01056_2_NC_000913.3_4467215-4467731_ext_240-440_int_95_off_5_percentage_61_position_1-71 genomicbackground,3038,2,3038_2
query_3039,0,genomicbackground,1,riboswitch,0.9855704307556152,3039_2_RF01056_2_NC_000913.3_4467215-4467731_ext_240-440_int_95_off_10_percentage_57_position_1-66 genomicbackground,3039,2,3039_2
query_3040,0,genomicbackground,1,riboswitch,0.9958928823471069,3040_2_RF01056_2_NC_000913.3_4467215-4467731_ext_240-440_int_95_off_15_percentage_53_position_1-61 genomicbackground,3040,2,3040_2
query_3041,0,genomicbackground,1,riboswitch,0.9930434226989746,3041_2_RF01056_2_NC_000913.3_4467215-4467731_ext_240-440_int_95_off_20_percentage_48_position_1-56 genomicbackground,3041,2,3041_2
query_3042,0,genomicbackground,1,riboswitch,0.8614690899848938,3042_2_RF01056_2_NC_000913.3_4467215-4467731_ext_240-440_int_95_off_25_percentage_44_position_1-51 genomicbackground,3042,2,3042_2
query_3043,0,genomicbackground,1,riboswitch,0.7415441870689392,3043_2_RF01056_2_NC_000913.3_4467215-4467731_ext_240-440_int_95_off_30_percentage_40_position_1-46 genomicbackground,3043,2,3043_2
query_3044,0,genomicbackground,1,riboswitch,0.8206952810287476,3044_2_RF01056_2_NC_000913.3_4467215-4467731_ext_240-440_int_95_off_35_percentage_35_position_1-41 genomicbackground,3044,2,3044_2
query_3045,0,genomicbackground,1,riboswitch,0.9651517868041992,3045_2_RF01056_2_NC_000913.3_4467215-4467731_ext_240-440_int_95_off_40_percentage_31_position_1-36 genomicbackground,3045,2,3045_2
query_3046,0,genomicbackground,1,riboswitch,0.9975576400756836,3046_2_RF01056_2_NC_000913.3_4467215-4467731_ext_240-440_int_95_off_45_percentage_27_position_1-31 genomicbackground,3046,2,3046_2
query_3047,0,genomicbackground,1,riboswitch,0.9948617815971375,3047_2_RF01056_2_NC_000913.3_4467215-4467731_ext_240-440_int_95_off_50_percentage_22_position_1-26 genomicbackground,3047,2,3047_2
query_3048,0,genomicbackground,1,riboswitch,0.9794875979423523,3048_2_RF01056_2_NC_000913.3_4467215-4467731_ext_240-440_int_95_off_55_percentage_18_position_1-21 genomicbackground,3048,2,3048_2
query_3049,0,genomicbackground,1,riboswitch,0.9717375636100769,3049_2_RF01056_2_NC_000913.3_4467215-4467731_ext_240-440_int_95_off_60_percentage_14_position_1-16 genomicbackground,3049,2,3049_2
query_3050,0,genomicbackground,1,riboswitch,0.7419751882553101,3050_2_RF01056_2_NC_000913.3_4467215-4467731_ext_240-440_int_95_off_65_percentage_9_position_1-11 genomicbackground,3050,2,3050_2
query_3051,0,genomicbackground,1,riboswitch,0.9908616542816162,3051_2_RF01056_2_NC_000913.3_4467215-4467731_ext_240-440_int_95_off_70_percentage_5_position_1-6 genomicbackground,3051,2,3051_2
query_3052,0,genomicbackground,1,riboswitch,0.9949356317520142,3052_2_RF01056_2_NC_000913.3_4467215-4467731_ext_240-440_int_95_off_75_percentage_1_position_1-1 genomicbackground,3052,2,3052_2
query_3053,0,genomicbackground,1,riboswitch,0.9966631531715393,3053_2_RF01056_2_NC_000913.3_4467215-4467731_ext_240-440_int_95_off_80_percentage_0_position_0-0 genomicbackground,3053,2,3053_2
query_3054,0,genomicbackground,1,riboswitch,0.922956109046936,3054_2_RF01056_2_NC_000913.3_4467215-4467731_ext_240-440_int_95_off_85_percentage_0_position_0-0 genomicbackground,3054,2,3054_2
query_3055,0,genomicbackground,1,riboswitch,0.9599581956863403,3055_2_RF01056_2_NC_000913.3_4467215-4467731_ext_240-440_int_95_off_90_percentage_0_position_0-0 genomicbackground,3055,2,3055_2
query_3056,0,genomicbackground,1,riboswitch,0.6732850670814514,3056_2_RF01056_2_NC_000913.3_4467215-4467731_ext_240-440_int_95_off_95_percentage_0_position_0-0 genomicbackground,3056,2,3056_2
query_3057,0,genomicbackground,1,riboswitch,0.9827756285667419,3057_2_RF01056_2_NC_000913.3_4467215-4467731_ext_240-440_int_95_off_100_percentage_0_position_0-0 genomicbackground,3057,2,3057_2
query_3058,0,genomicbackground,1,riboswitch,0.995428204536438,3058_2_RF01056_2_NC_000913.3_4467215-4467731_ext_240-440_int_95_off_105_percentage_0_position_0-0 genomicbackground,3058,2,3058_2
query_3059,0,genomicbackground,1,riboswitch,0.9980691075325012,3059_2_RF01056_2_NC_000913.3_4467215-4467731_ext_240-440_int_100_off_0_percentage_66_position_1-76 genomicbackground,3059,2,3059_2
query_3060,0,genomicbackground,1,riboswitch,0.9969459176063538,3060_2_RF01056_2_NC_000913.3_4467215-4467731_ext_240-440_int_100_off_5_percentage_61_position_1-71 genomicbackground,3060,2,3060_2
query_3061,0,genomicbackground,1,riboswitch,0.980072021484375,3061_2_RF01056_2_NC_000913.3_4467215-4467731_ext_240-440_int_100_off_10_percentage_57_position_1-66 genomicbackground,3061,2,3061_2
query_3062,0,genomicbackground,1,riboswitch,0.9884140491485596,3062_2_RF01056_2_NC_000913.3_4467215-4467731_ext_240-440_int_100_off_15_percentage_53_position_1-61 genomicbackground,3062,2,3062_2
query_3063,0,genomicbackground,1,riboswitch,0.9919155836105347,3063_2_RF01056_2_NC_000913.3_4467215-4467731_ext_240-440_int_100_off_20_percentage_48_position_1-56 genomicbackground,3063,2,3063_2
query_3064,0,genomicbackground,1,riboswitch,0.7408157587051392,3064_2_RF01056_2_NC_000913.3_4467215-4467731_ext_240-440_int_100_off_25_percentage_44_position_1-51 genomicbackground,3064,2,3064_2
query_3065,0,genomicbackground,1,riboswitch,0.8842428922653198,3065_2_RF01056_2_NC_000913.3_4467215-4467731_ext_240-440_int_100_off_30_percentage_40_position_1-46 genomicbackground,3065,2,3065_2
query_3066,0,genomicbackground,1,riboswitch,0.8819344639778137,3066_2_RF01056_2_NC_000913.3_4467215-4467731_ext_240-440_int_100_off_35_percentage_35_position_1-41 genomicbackground,3066,2,3066_2
query_3067,0,genomicbackground,1,riboswitch,0.8827430009841919,3067_2_RF01056_2_NC_000913.3_4467215-4467731_ext_240-440_int_100_off_40_percentage_31_position_1-36 genomicbackground,3067,2,3067_2
query_3068,0,genomicbackground,1,riboswitch,0.9947751760482788,3068_2_RF01056_2_NC_000913.3_4467215-4467731_ext_240-440_int_100_off_45_percentage_27_position_1-31 genomicbackground,3068,2,3068_2
query_3069,0,genomicbackground,1,riboswitch,0.9895455241203308,3069_2_RF01056_2_NC_000913.3_4467215-4467731_ext_240-440_int_100_off_50_percentage_22_position_1-26 genomicbackground,3069,2,3069_2
query_3070,0,genomicbackground,1,riboswitch,0.9972353577613831,3070_2_RF01056_2_NC_000913.3_4467215-4467731_ext_240-440_int_100_off_55_percentage_18_position_1-21 genomicbackground,3070,2,3070_2
query_3071,0,genomicbackground,1,riboswitch,0.9084509611129761,3071_2_RF01056_2_NC_000913.3_4467215-4467731_ext_240-440_int_100_off_60_percentage_14_position_1-16 genomicbackground,3071,2,3071_2
query_3072,0,genomicbackground,1,riboswitch,0.9963317513465881,3072_2_RF01056_2_NC_000913.3_4467215-4467731_ext_240-440_int_100_off_65_percentage_9_position_1-11 genomicbackground,3072,2,3072_2
query_3073,0,genomicbackground,1,riboswitch,0.9934155941009521,3073_2_RF01056_2_NC_000913.3_4467215-4467731_ext_240-440_int_100_off_70_percentage_5_position_1-6 genomicbackground,3073,2,3073_2
query_3074,0,genomicbackground,1,riboswitch,0.9932479858398438,3074_2_RF01056_2_NC_000913.3_4467215-4467731_ext_240-440_int_100_off_75_percentage_1_position_1-1 genomicbackground,3074,2,3074_2
query_3075,0,genomicbackground,1,riboswitch,0.9954574108123779,3075_2_RF01056_2_NC_000913.3_4467215-4467731_ext_240-440_int_100_off_80_percentage_0_position_0-0 genomicbackground,3075,2,3075_2
query_3076,0,genomicbackground,1,riboswitch,0.9244282841682434,3076_2_RF01056_2_NC_000913.3_4467215-4467731_ext_240-440_int_100_off_85_percentage_0_position_0-0 genomicbackground,3076,2,3076_2
query_3077,0,genomicbackground,1,riboswitch,0.8927685022354126,3077_2_RF01056_2_NC_000913.3_4467215-4467731_ext_240-440_int_100_off_90_percentage_0_position_0-0 genomicbackground,3077,2,3077_2
query_3078,0,genomicbackground,1,riboswitch,0.8834130764007568,3078_2_RF01056_2_NC_000913.3_4467215-4467731_ext_240-440_int_100_off_95_percentage_0_position_0-0 genomicbackground,3078,2,3078_2
query_3079,0,genomicbackground,1,riboswitch,0.9847375750541687,3079_2_RF01056_2_NC_000913.3_4467215-4467731_ext_240-440_int_100_off_100_percentage_0_position_0-0 genomicbackground,3079,2,3079_2
query_3080,0,genomicbackground,1,riboswitch,0.9973726272583008,3080_2_RF01056_2_NC_000913.3_4467215-4467731_ext_240-440_int_105_off_0_percentage_66_position_1-76 genomicbackground,3080,2,3080_2
query_3081,0,genomicbackground,1,riboswitch,0.9956274032592773,3081_2_RF01056_2_NC_000913.3_4467215-4467731_ext_240-440_int_105_off_5_percentage_61_position_1-71 genomicbackground,3081,2,3081_2
query_3082,0,genomicbackground,1,riboswitch,0.9246511459350586,3082_2_RF01056_2_NC_000913.3_4467215-4467731_ext_240-440_int_105_off_10_percentage_57_position_1-66 genomicbackground,3082,2,3082_2
query_3083,0,genomicbackground,1,riboswitch,0.9805574417114258,3083_2_RF01056_2_NC_000913.3_4467215-4467731_ext_240-440_int_105_off_15_percentage_53_position_1-61 genomicbackground,3083,2,3083_2
query_3084,0,genomicbackground,1,riboswitch,0.9923451542854309,3084_2_RF01056_2_NC_000913.3_4467215-4467731_ext_240-440_int_105_off_20_percentage_48_position_1-56 genomicbackground,3084,2,3084_2
query_3085,0,genomicbackground,1,riboswitch,0.9410524964332581,3085_2_RF01056_2_NC_000913.3_4467215-4467731_ext_240-440_int_105_off_25_percentage_44_position_1-51 genomicbackground,3085,2,3085_2
query_3086,0,genomicbackground,1,riboswitch,0.9293965697288513,3086_2_RF01056_2_NC_000913.3_4467215-4467731_ext_240-440_int_105_off_30_percentage_40_position_1-46 genomicbackground,3086,2,3086_2
query_3087,0,genomicbackground,1,riboswitch,0.6958376169204712,3087_2_RF01056_2_NC_000913.3_4467215-4467731_ext_240-440_int_105_off_35_percentage_35_position_1-41 genomicbackground,3087,2,3087_2
query_3088,0,genomicbackground,1,riboswitch,0.8566559553146362,3088_2_RF01056_2_NC_000913.3_4467215-4467731_ext_240-440_int_105_off_40_percentage_31_position_1-36 genomicbackground,3088,2,3088_2
query_3089,0,genomicbackground,1,riboswitch,0.986146867275238,3089_2_RF01056_2_NC_000913.3_4467215-4467731_ext_240-440_int_105_off_45_percentage_27_position_1-31 genomicbackground,3089,2,3089_2
query_3090,0,genomicbackground,1,riboswitch,0.9977678060531616,3090_2_RF01056_2_NC_000913.3_4467215-4467731_ext_240-440_int_105_off_50_percentage_22_position_1-26 genomicbackground,3090,2,3090_2
query_3091,0,genomicbackground,1,riboswitch,0.995549201965332,3091_2_RF01056_2_NC_000913.3_4467215-4467731_ext_240-440_int_105_off_55_percentage_18_position_1-21 genomicbackground,3091,2,3091_2
query_3092,0,genomicbackground,1,riboswitch,0.9961516261100769,3092_2_RF01056_2_NC_000913.3_4467215-4467731_ext_240-440_int_105_off_60_percentage_14_position_1-16 genomicbackground,3092,2,3092_2
query_3093,0,genomicbackground,1,riboswitch,0.9969493746757507,3093_2_RF01056_2_NC_000913.3_4467215-4467731_ext_240-440_int_105_off_65_percentage_9_position_1-11 genomicbackground,3093,2,3093_2
query_3094,0,genomicbackground,1,riboswitch,0.9911404252052307,3094_2_RF01056_2_NC_000913.3_4467215-4467731_ext_240-440_int_105_off_70_percentage_5_position_1-6 genomicbackground,3094,2,3094_2
query_3095,0,genomicbackground,1,riboswitch,0.9908307790756226,3095_2_RF01056_2_NC_000913.3_4467215-4467731_ext_240-440_int_105_off_75_percentage_1_position_1-1 genomicbackground,3095,2,3095_2
query_3096,0,genomicbackground,1,riboswitch,0.9947746396064758,3096_2_RF01056_2_NC_000913.3_4467215-4467731_ext_240-440_int_105_off_80_percentage_0_position_0-0 genomicbackground,3096,2,3096_2
query_3097,0,genomicbackground,1,riboswitch,0.7944355010986328,3097_2_RF01056_2_NC_000913.3_4467215-4467731_ext_240-440_int_105_off_85_percentage_0_position_0-0 genomicbackground,3097,2,3097_2
query_3098,0,genomicbackground,1,riboswitch,0.8499898910522461,3098_2_RF01056_2_NC_000913.3_4467215-4467731_ext_240-440_int_105_off_90_percentage_0_position_0-0 genomicbackground,3098,2,3098_2
query_3099,0,genomicbackground,1,riboswitch,0.8836886286735535,3099_2_RF01056_2_NC_000913.3_4467215-4467731_ext_240-440_int_105_off_95_percentage_0_position_0-0 genomicbackground,3099,2,3099_2
query_3100,0,genomicbackground,1,riboswitch,0.9969416260719299,3100_2_RF01056_2_NC_000913.3_4467215-4467731_ext_240-440_int_110_off_0_percentage_66_position_1-76 genomicbackground,3100,2,3100_2
query_3101,0,genomicbackground,1,riboswitch,0.983651876449585,3101_2_RF01056_2_NC_000913.3_4467215-4467731_ext_240-440_int_110_off_5_percentage_61_position_1-71 genomicbackground,3101,2,3101_2
query_3102,0,genomicbackground,1,riboswitch,0.9212117195129395,3102_2_RF01056_2_NC_000913.3_4467215-4467731_ext_240-440_int_110_off_10_percentage_57_position_1-66 genomicbackground,3102,2,3102_2
query_3103,0,genomicbackground,1,riboswitch,0.972607433795929,3103_2_RF01056_2_NC_000913.3_4467215-4467731_ext_240-440_int_110_off_15_percentage_53_position_1-61 genomicbackground,3103,2,3103_2
query_3104,0,genomicbackground,1,riboswitch,0.998248815536499,3104_2_RF01056_2_NC_000913.3_4467215-4467731_ext_240-440_int_110_off_20_percentage_48_position_1-56 genomicbackground,3104,2,3104_2
query_3105,0,genomicbackground,1,riboswitch,0.9598260521888733,3105_2_RF01056_2_NC_000913.3_4467215-4467731_ext_240-440_int_110_off_25_percentage_44_position_1-51 genomicbackground,3105,2,3105_2
query_3106,0,genomicbackground,1,riboswitch,0.7942659258842468,3106_2_RF01056_2_NC_000913.3_4467215-4467731_ext_240-440_int_110_off_30_percentage_40_position_1-46 genomicbackground,3106,2,3106_2
query_3107,0,genomicbackground,1,riboswitch,0.6613103151321411,3107_2_RF01056_2_NC_000913.3_4467215-4467731_ext_240-440_int_110_off_35_percentage_35_position_1-41 genomicbackground,3107,2,3107_2
query_3108,0,genomicbackground,0,genomicbackground,0.462684690952301,3108_2_RF01056_2_NC_000913.3_4467215-4467731_ext_240-440_int_110_off_40_percentage_31_position_1-36 genomicbackground,3108,2,3108_2
query_3109,0,genomicbackground,1,riboswitch,0.9976934194564819,3109_2_RF01056_2_NC_000913.3_4467215-4467731_ext_240-440_int_110_off_45_percentage_27_position_1-31 genomicbackground,3109,2,3109_2
query_3110,0,genomicbackground,1,riboswitch,0.997222900390625,3110_2_RF01056_2_NC_000913.3_4467215-4467731_ext_240-440_int_110_off_50_percentage_22_position_1-26 genomicbackground,3110,2,3110_2
query_3111,0,genomicbackground,1,riboswitch,0.9984305500984192,3111_2_RF01056_2_NC_000913.3_4467215-4467731_ext_240-440_int_110_off_55_percentage_18_position_1-21 genomicbackground,3111,2,3111_2
query_3112,0,genomicbackground,1,riboswitch,0.9966579675674438,3112_2_RF01056_2_NC_000913.3_4467215-4467731_ext_240-440_int_110_off_60_percentage_14_position_1-16 genomicbackground,3112,2,3112_2
query_3113,0,genomicbackground,1,riboswitch,0.997687816619873,3113_2_RF01056_2_NC_000913.3_4467215-4467731_ext_240-440_int_110_off_65_percentage_9_position_1-11 genomicbackground,3113,2,3113_2
query_3114,0,genomicbackground,1,riboswitch,0.9880036115646362,3114_2_RF01056_2_NC_000913.3_4467215-4467731_ext_240-440_int_110_off_70_percentage_5_position_1-6 genomicbackground,3114,2,3114_2
query_3115,0,genomicbackground,1,riboswitch,0.9896045923233032,3115_2_RF01056_2_NC_000913.3_4467215-4467731_ext_240-440_int_110_off_75_percentage_1_position_1-1 genomicbackground,3115,2,3115_2
query_3116,0,genomicbackground,1,riboswitch,0.9900479316711426,3116_2_RF01056_2_NC_000913.3_4467215-4467731_ext_240-440_int_110_off_80_percentage_0_position_0-0 genomicbackground,3116,2,3116_2
query_3117,0,genomicbackground,1,riboswitch,0.6947658061981201,3117_2_RF01056_2_NC_000913.3_4467215-4467731_ext_240-440_int_110_off_85_percentage_0_position_0-0 genomicbackground,3117,2,3117_2
query_3118,0,genomicbackground,1,riboswitch,0.8503530025482178,3118_2_RF01056_2_NC_000913.3_4467215-4467731_ext_240-440_int_110_off_90_percentage_0_position_0-0 genomicbackground,3118,2,3118_2
query_3119,0,genomicbackground,1,riboswitch,0.9927997589111328,3119_2_RF01056_2_NC_000913.3_4467215-4467731_ext_240-440_int_115_off_0_percentage_66_position_1-76 genomicbackground,3119,2,3119_2
query_3120,0,genomicbackground,1,riboswitch,0.9854514598846436,3120_2_RF01056_2_NC_000913.3_4467215-4467731_ext_240-440_int_115_off_5_percentage_61_position_1-71 genomicbackground,3120,2,3120_2
query_3121,0,genomicbackground,1,riboswitch,0.8633993864059448,3121_2_RF01056_2_NC_000913.3_4467215-4467731_ext_240-440_int_115_off_10_percentage_57_position_1-66 genomicbackground,3121,2,3121_2
query_3122,0,genomicbackground,1,riboswitch,0.997154951095581,3122_2_RF01056_2_NC_000913.3_4467215-4467731_ext_240-440_int_115_off_15_percentage_53_position_1-61 genomicbackground,3122,2,3122_2
query_3123,0,genomicbackground,1,riboswitch,0.9984429478645325,3123_2_RF01056_2_NC_000913.3_4467215-4467731_ext_240-440_int_115_off_20_percentage_48_position_1-56 genomicbackground,3123,2,3123_2
query_3124,0,genomicbackground,1,riboswitch,0.9982050657272339,3124_2_RF01056_2_NC_000913.3_4467215-4467731_ext_240-440_int_115_off_25_percentage_44_position_1-51 genomicbackground,3124,2,3124_2
query_3125,0,genomicbackground,1,riboswitch,0.7645965218544006,3125_2_RF01056_2_NC_000913.3_4467215-4467731_ext_240-440_int_115_off_30_percentage_40_position_1-46 genomicbackground,3125,2,3125_2
query_3126,0,genomicbackground,0,genomicbackground,0.37860092520713806,3126_2_RF01056_2_NC_000913.3_4467215-4467731_ext_240-440_int_115_off_35_percentage_35_position_1-41 genomicbackground,3126,2,3126_2
query_3127,0,genomicbackground,1,riboswitch,0.9696850776672363,3127_2_RF01056_2_NC_000913.3_4467215-4467731_ext_240-440_int_115_off_40_percentage_31_position_1-36 genomicbackground,3127,2,3127_2
query_3128,0,genomicbackground,1,riboswitch,0.9968729615211487,3128_2_RF01056_2_NC_000913.3_4467215-4467731_ext_240-440_int_115_off_45_percentage_27_position_1-31 genomicbackground,3128,2,3128_2
query_3129,0,genomicbackground,1,riboswitch,0.9983945488929749,3129_2_RF01056_2_NC_000913.3_4467215-4467731_ext_240-440_int_115_off_50_percentage_22_position_1-26 genomicbackground,3129,2,3129_2
query_3130,0,genomicbackground,1,riboswitch,0.9985155463218689,3130_2_RF01056_2_NC_000913.3_4467215-4467731_ext_240-440_int_115_off_55_percentage_18_position_1-21 genomicbackground,3130,2,3130_2
query_3131,0,genomicbackground,1,riboswitch,0.997957706451416,3131_2_RF01056_2_NC_000913.3_4467215-4467731_ext_240-440_int_115_off_60_percentage_14_position_1-16 genomicbackground,3131,2,3131_2
query_3132,0,genomicbackground,1,riboswitch,0.9970977306365967,3132_2_RF01056_2_NC_000913.3_4467215-4467731_ext_240-440_int_115_off_65_percentage_9_position_1-11 genomicbackground,3132,2,3132_2
query_3133,0,genomicbackground,1,riboswitch,0.9868823885917664,3133_2_RF01056_2_NC_000913.3_4467215-4467731_ext_240-440_int_115_off_70_percentage_5_position_1-6 genomicbackground,3133,2,3133_2
query_3134,0,genomicbackground,1,riboswitch,0.977202832698822,3134_2_RF01056_2_NC_000913.3_4467215-4467731_ext_240-440_int_115_off_75_percentage_1_position_1-1 genomicbackground,3134,2,3134_2
query_3135,0,genomicbackground,1,riboswitch,0.9914903044700623,3135_2_RF01056_2_NC_000913.3_4467215-4467731_ext_240-440_int_115_off_80_percentage_0_position_0-0 genomicbackground,3135,2,3135_2
query_3136,0,genomicbackground,1,riboswitch,0.6107078790664673,3136_2_RF01056_2_NC_000913.3_4467215-4467731_ext_240-440_int_115_off_85_percentage_0_position_0-0 genomicbackground,3136,2,3136_2
query_3137,0,genomicbackground,1,riboswitch,0.9942889213562012,3137_2_RF01056_2_NC_000913.3_4467215-4467731_ext_240-440_int_120_off_0_percentage_66_position_1-76 genomicbackground,3137,2,3137_2
query_3138,0,genomicbackground,1,riboswitch,0.9973133206367493,3138_2_RF01056_2_NC_000913.3_4467215-4467731_ext_240-440_int_120_off_5_percentage_61_position_1-71 genomicbackground,3138,2,3138_2
query_3139,0,genomicbackground,1,riboswitch,0.9951661825180054,3139_2_RF01056_2_NC_000913.3_4467215-4467731_ext_240-440_int_120_off_10_percentage_57_position_1-66 genomicbackground,3139,2,3139_2
query_3140,0,genomicbackground,1,riboswitch,0.9975855350494385,3140_2_RF01056_2_NC_000913.3_4467215-4467731_ext_240-440_int_120_off_15_percentage_53_position_1-61 genomicbackground,3140,2,3140_2
query_3141,0,genomicbackground,1,riboswitch,0.9979975819587708,3141_2_RF01056_2_NC_000913.3_4467215-4467731_ext_240-440_int_120_off_20_percentage_48_position_1-56 genomicbackground,3141,2,3141_2
query_3142,0,genomicbackground,1,riboswitch,0.9966202974319458,3142_2_RF01056_2_NC_000913.3_4467215-4467731_ext_240-440_int_120_off_25_percentage_44_position_1-51 genomicbackground,3142,2,3142_2
query_3143,0,genomicbackground,0,genomicbackground,0.4275379180908203,3143_2_RF01056_2_NC_000913.3_4467215-4467731_ext_240-440_int_120_off_30_percentage_40_position_1-46 genomicbackground,3143,2,3143_2
query_3144,0,genomicbackground,1,riboswitch,0.9307566285133362,3144_2_RF01056_2_NC_000913.3_4467215-4467731_ext_240-440_int_120_off_35_percentage_35_position_1-41 genomicbackground,3144,2,3144_2
query_3145,0,genomicbackground,1,riboswitch,0.8726797699928284,3145_2_RF01056_2_NC_000913.3_4467215-4467731_ext_240-440_int_120_off_40_percentage_31_position_1-36 genomicbackground,3145,2,3145_2
query_3146,0,genomicbackground,1,riboswitch,0.9980415105819702,3146_2_RF01056_2_NC_000913.3_4467215-4467731_ext_240-440_int_120_off_45_percentage_27_position_1-31 genomicbackground,3146,2,3146_2
query_3147,0,genomicbackground,1,riboswitch,0.9990876913070679,3147_2_RF01056_2_NC_000913.3_4467215-4467731_ext_240-440_int_120_off_50_percentage_22_position_1-26 genomicbackground,3147,2,3147_2
query_3148,0,genomicbackground,1,riboswitch,0.9963729977607727,3148_2_RF01056_2_NC_000913.3_4467215-4467731_ext_240-440_int_120_off_55_percentage_18_position_1-21 genomicbackground,3148,2,3148_2
query_3149,0,genomicbackground,1,riboswitch,0.9975125789642334,3149_2_RF01056_2_NC_000913.3_4467215-4467731_ext_240-440_int_120_off_60_percentage_14_position_1-16 genomicbackground,3149,2,3149_2
query_3150,0,genomicbackground,1,riboswitch,0.9965207576751709,3150_2_RF01056_2_NC_000913.3_4467215-4467731_ext_240-440_int_120_off_65_percentage_9_position_1-11 genomicbackground,3150,2,3150_2
query_3151,0,genomicbackground,1,riboswitch,0.970568835735321,3151_2_RF01056_2_NC_000913.3_4467215-4467731_ext_240-440_int_120_off_70_percentage_5_position_1-6 genomicbackground,3151,2,3151_2
query_3152,0,genomicbackground,1,riboswitch,0.9795138835906982,3152_2_RF01056_2_NC_000913.3_4467215-4467731_ext_240-440_int_120_off_75_percentage_1_position_1-1 genomicbackground,3152,2,3152_2
query_3153,0,genomicbackground,1,riboswitch,0.991292417049408,3153_2_RF01056_2_NC_000913.3_4467215-4467731_ext_240-440_int_120_off_80_percentage_0_position_0-0 genomicbackground,3153,2,3153_2
query_3154,0,genomicbackground,1,riboswitch,0.9910368919372559,3154_2_RF01056_2_NC_000913.3_4467215-4467731_ext_240-440_int_125_off_0_percentage_66_position_1-76 genomicbackground,3154,2,3154_2
query_3155,0,genomicbackground,1,riboswitch,0.997543454170227,3155_2_RF01056_2_NC_000913.3_4467215-4467731_ext_240-440_int_125_off_5_percentage_61_position_1-71 genomicbackground,3155,2,3155_2
query_3156,0,genomicbackground,1,riboswitch,0.9959627985954285,3156_2_RF01056_2_NC_000913.3_4467215-4467731_ext_240-440_int_125_off_10_percentage_57_position_1-66 genomicbackground,3156,2,3156_2
query_3157,0,genomicbackground,1,riboswitch,0.9966176152229309,3157_2_RF01056_2_NC_000913.3_4467215-4467731_ext_240-440_int_125_off_15_percentage_53_position_1-61 genomicbackground,3157,2,3157_2
query_3158,0,genomicbackground,1,riboswitch,0.9977866411209106,3158_2_RF01056_2_NC_000913.3_4467215-4467731_ext_240-440_int_125_off_20_percentage_48_position_1-56 genomicbackground,3158,2,3158_2
query_3159,0,genomicbackground,0,genomicbackground,0.49930307269096375,3159_2_RF01056_2_NC_000913.3_4467215-4467731_ext_240-440_int_125_off_25_percentage_44_position_1-51 genomicbackground,3159,2,3159_2
query_3160,0,genomicbackground,1,riboswitch,0.958884596824646,3160_2_RF01056_2_NC_000913.3_4467215-4467731_ext_240-440_int_125_off_30_percentage_40_position_1-46 genomicbackground,3160,2,3160_2
query_3161,0,genomicbackground,1,riboswitch,0.7892765998840332,3161_2_RF01056_2_NC_000913.3_4467215-4467731_ext_240-440_int_125_off_35_percentage_35_position_1-41 genomicbackground,3161,2,3161_2
query_3162,0,genomicbackground,1,riboswitch,0.9963945746421814,3162_2_RF01056_2_NC_000913.3_4467215-4467731_ext_240-440_int_125_off_40_percentage_31_position_1-36 genomicbackground,3162,2,3162_2
query_3163,0,genomicbackground,1,riboswitch,0.9981787204742432,3163_2_RF01056_2_NC_000913.3_4467215-4467731_ext_240-440_int_125_off_45_percentage_27_position_1-31 genomicbackground,3163,2,3163_2
query_3164,0,genomicbackground,1,riboswitch,0.9974665641784668,3164_2_RF01056_2_NC_000913.3_4467215-4467731_ext_240-440_int_125_off_50_percentage_22_position_1-26 genomicbackground,3164,2,3164_2
query_3165,0,genomicbackground,1,riboswitch,0.9958676099777222,3165_2_RF01056_2_NC_000913.3_4467215-4467731_ext_240-440_int_125_off_55_percentage_18_position_1-21 genomicbackground,3165,2,3165_2
query_3166,0,genomicbackground,1,riboswitch,0.9970670342445374,3166_2_RF01056_2_NC_000913.3_4467215-4467731_ext_240-440_int_125_off_60_percentage_14_position_1-16 genomicbackground,3166,2,3166_2
query_3167,0,genomicbackground,1,riboswitch,0.9943392872810364,3167_2_RF01056_2_NC_000913.3_4467215-4467731_ext_240-440_int_125_off_65_percentage_9_position_1-11 genomicbackground,3167,2,3167_2
query_3168,0,genomicbackground,1,riboswitch,0.9735615253448486,3168_2_RF01056_2_NC_000913.3_4467215-4467731_ext_240-440_int_125_off_70_percentage_5_position_1-6 genomicbackground,3168,2,3168_2
query_3169,0,genomicbackground,1,riboswitch,0.9785273671150208,3169_2_RF01056_2_NC_000913.3_4467215-4467731_ext_240-440_int_125_off_75_percentage_1_position_1-1 genomicbackground,3169,2,3169_2
query_3170,0,genomicbackground,1,riboswitch,0.9981449842453003,3170_2_RF01056_2_NC_000913.3_4467215-4467731_ext_240-440_int_130_off_0_percentage_66_position_1-76 genomicbackground,3170,2,3170_2
query_3171,0,genomicbackground,1,riboswitch,0.9977439641952515,3171_2_RF01056_2_NC_000913.3_4467215-4467731_ext_240-440_int_130_off_5_percentage_61_position_1-71 genomicbackground,3171,2,3171_2
query_3172,0,genomicbackground,1,riboswitch,0.9930833578109741,3172_2_RF01056_2_NC_000913.3_4467215-4467731_ext_240-440_int_130_off_10_percentage_57_position_1-66 genomicbackground,3172,2,3172_2
query_3173,0,genomicbackground,1,riboswitch,0.9961981177330017,3173_2_RF01056_2_NC_000913.3_4467215-4467731_ext_240-440_int_130_off_15_percentage_53_position_1-61 genomicbackground,3173,2,3173_2
query_3174,0,genomicbackground,1,riboswitch,0.9934296011924744,3174_2_RF01056_2_NC_000913.3_4467215-4467731_ext_240-440_int_130_off_20_percentage_48_position_1-56 genomicbackground,3174,2,3174_2
query_3175,0,genomicbackground,1,riboswitch,0.9981972575187683,3175_2_RF01056_2_NC_000913.3_4467215-4467731_ext_240-440_int_130_off_25_percentage_44_position_1-51 genomicbackground,3175,2,3175_2
query_3176,0,genomicbackground,1,riboswitch,0.8493502736091614,3176_2_RF01056_2_NC_000913.3_4467215-4467731_ext_240-440_int_130_off_30_percentage_40_position_1-46 genomicbackground,3176,2,3176_2
query_3177,0,genomicbackground,1,riboswitch,0.992923378944397,3177_2_RF01056_2_NC_000913.3_4467215-4467731_ext_240-440_int_130_off_35_percentage_35_position_1-41 genomicbackground,3177,2,3177_2
query_3178,0,genomicbackground,1,riboswitch,0.9967488050460815,3178_2_RF01056_2_NC_000913.3_4467215-4467731_ext_240-440_int_130_off_40_percentage_31_position_1-36 genomicbackground,3178,2,3178_2
query_3179,0,genomicbackground,1,riboswitch,0.9972643852233887,3179_2_RF01056_2_NC_000913.3_4467215-4467731_ext_240-440_int_130_off_45_percentage_27_position_1-31 genomicbackground,3179,2,3179_2
query_3180,0,genomicbackground,1,riboswitch,0.9972137808799744,3180_2_RF01056_2_NC_000913.3_4467215-4467731_ext_240-440_int_130_off_50_percentage_22_position_1-26 genomicbackground,3180,2,3180_2
query_3181,0,genomicbackground,1,riboswitch,0.995288610458374,3181_2_RF01056_2_NC_000913.3_4467215-4467731_ext_240-440_int_130_off_55_percentage_18_position_1-21 genomicbackground,3181,2,3181_2
query_3182,0,genomicbackground,1,riboswitch,0.9955606460571289,3182_2_RF01056_2_NC_000913.3_4467215-4467731_ext_240-440_int_130_off_60_percentage_14_position_1-16 genomicbackground,3182,2,3182_2
query_3183,0,genomicbackground,1,riboswitch,0.9946886301040649,3183_2_RF01056_2_NC_000913.3_4467215-4467731_ext_240-440_int_130_off_65_percentage_9_position_1-11 genomicbackground,3183,2,3183_2
query_3184,0,genomicbackground,1,riboswitch,0.9720773696899414,3184_2_RF01056_2_NC_000913.3_4467215-4467731_ext_240-440_int_130_off_70_percentage_5_position_1-6 genomicbackground,3184,2,3184_2
query_3185,0,genomicbackground,1,riboswitch,0.998214602470398,3185_2_RF01056_2_NC_000913.3_4467215-4467731_ext_240-440_int_135_off_0_percentage_66_position_1-76 genomicbackground,3185,2,3185_2
query_3186,0,genomicbackground,1,riboswitch,0.9946771860122681,3186_2_RF01056_2_NC_000913.3_4467215-4467731_ext_240-440_int_135_off_5_percentage_61_position_1-71 genomicbackground,3186,2,3186_2
query_3187,0,genomicbackground,1,riboswitch,0.9917368292808533,3187_2_RF01056_2_NC_000913.3_4467215-4467731_ext_240-440_int_135_off_10_percentage_57_position_1-66 genomicbackground,3187,2,3187_2
query_3188,0,genomicbackground,1,riboswitch,0.9824581742286682,3188_2_RF01056_2_NC_000913.3_4467215-4467731_ext_240-440_int_135_off_15_percentage_53_position_1-61 genomicbackground,3188,2,3188_2
query_3189,0,genomicbackground,1,riboswitch,0.9980759620666504,3189_2_RF01056_2_NC_000913.3_4467215-4467731_ext_240-440_int_135_off_20_percentage_48_position_1-56 genomicbackground,3189,2,3189_2
query_3190,0,genomicbackground,1,riboswitch,0.9122794270515442,3190_2_RF01056_2_NC_000913.3_4467215-4467731_ext_240-440_int_135_off_25_percentage_44_position_1-51 genomicbackground,3190,2,3190_2
query_3191,0,genomicbackground,1,riboswitch,0.9939754605293274,3191_2_RF01056_2_NC_000913.3_4467215-4467731_ext_240-440_int_135_off_30_percentage_40_position_1-46 genomicbackground,3191,2,3191_2
query_3192,0,genomicbackground,1,riboswitch,0.9940059185028076,3192_2_RF01056_2_NC_000913.3_4467215-4467731_ext_240-440_int_135_off_35_percentage_35_position_1-41 genomicbackground,3192,2,3192_2
query_3193,0,genomicbackground,1,riboswitch,0.9973536729812622,3193_2_RF01056_2_NC_000913.3_4467215-4467731_ext_240-440_int_135_off_40_percentage_31_position_1-36 genomicbackground,3193,2,3193_2
query_3194,0,genomicbackground,1,riboswitch,0.9969981908798218,3194_2_RF01056_2_NC_000913.3_4467215-4467731_ext_240-440_int_135_off_45_percentage_27_position_1-31 genomicbackground,3194,2,3194_2
query_3195,0,genomicbackground,1,riboswitch,0.9967530369758606,3195_2_RF01056_2_NC_000913.3_4467215-4467731_ext_240-440_int_135_off_50_percentage_22_position_1-26 genomicbackground,3195,2,3195_2
query_3196,0,genomicbackground,1,riboswitch,0.9907634854316711,3196_2_RF01056_2_NC_000913.3_4467215-4467731_ext_240-440_int_135_off_55_percentage_18_position_1-21 genomicbackground,3196,2,3196_2
query_3197,0,genomicbackground,1,riboswitch,0.9927708506584167,3197_2_RF01056_2_NC_000913.3_4467215-4467731_ext_240-440_int_135_off_60_percentage_14_position_1-16 genomicbackground,3197,2,3197_2
query_3198,0,genomicbackground,1,riboswitch,0.9945593476295471,3198_2_RF01056_2_NC_000913.3_4467215-4467731_ext_240-440_int_135_off_65_percentage_9_position_1-11 genomicbackground,3198,2,3198_2
query_3199,0,genomicbackground,1,riboswitch,0.9976086616516113,3199_2_RF01056_2_NC_000913.3_4467215-4467731_ext_240-440_int_140_off_0_percentage_66_position_1-76 genomicbackground,3199,2,3199_2
query_3200,0,genomicbackground,1,riboswitch,0.9941880702972412,3200_2_RF01056_2_NC_000913.3_4467215-4467731_ext_240-440_int_140_off_5_percentage_61_position_1-71 genomicbackground,3200,2,3200_2
query_3201,0,genomicbackground,1,riboswitch,0.9409777522087097,3201_2_RF01056_2_NC_000913.3_4467215-4467731_ext_240-440_int_140_off_10_percentage_57_position_1-66 genomicbackground,3201,2,3201_2
query_3202,0,genomicbackground,1,riboswitch,0.9971132278442383,3202_2_RF01056_2_NC_000913.3_4467215-4467731_ext_240-440_int_140_off_15_percentage_53_position_1-61 genomicbackground,3202,2,3202_2
query_3203,0,genomicbackground,1,riboswitch,0.9971109628677368,3203_2_RF01056_2_NC_000913.3_4467215-4467731_ext_240-440_int_140_off_20_percentage_48_position_1-56 genomicbackground,3203,2,3203_2
query_3204,0,genomicbackground,1,riboswitch,0.9941133856773376,3204_2_RF01056_2_NC_000913.3_4467215-4467731_ext_240-440_int_140_off_25_percentage_44_position_1-51 genomicbackground,3204,2,3204_2
query_3205,0,genomicbackground,1,riboswitch,0.9947881698608398,3205_2_RF01056_2_NC_000913.3_4467215-4467731_ext_240-440_int_140_off_30_percentage_40_position_1-46 genomicbackground,3205,2,3205_2
query_3206,0,genomicbackground,1,riboswitch,0.9925772547721863,3206_2_RF01056_2_NC_000913.3_4467215-4467731_ext_240-440_int_140_off_35_percentage_35_position_1-41 genomicbackground,3206,2,3206_2
query_3207,0,genomicbackground,1,riboswitch,0.9968882203102112,3207_2_RF01056_2_NC_000913.3_4467215-4467731_ext_240-440_int_140_off_40_percentage_31_position_1-36 genomicbackground,3207,2,3207_2
query_3208,0,genomicbackground,1,riboswitch,0.9964323043823242,3208_2_RF01056_2_NC_000913.3_4467215-4467731_ext_240-440_int_140_off_45_percentage_27_position_1-31 genomicbackground,3208,2,3208_2
query_3209,0,genomicbackground,1,riboswitch,0.9946448802947998,3209_2_RF01056_2_NC_000913.3_4467215-4467731_ext_240-440_int_140_off_50_percentage_22_position_1-26 genomicbackground,3209,2,3209_2
query_3210,0,genomicbackground,1,riboswitch,0.9906151294708252,3210_2_RF01056_2_NC_000913.3_4467215-4467731_ext_240-440_int_140_off_55_percentage_18_position_1-21 genomicbackground,3210,2,3210_2
query_3211,0,genomicbackground,1,riboswitch,0.9943892359733582,3211_2_RF01056_2_NC_000913.3_4467215-4467731_ext_240-440_int_140_off_60_percentage_14_position_1-16 genomicbackground,3211,2,3211_2
query_3212,0,genomicbackground,1,riboswitch,0.9972143173217773,3212_2_RF01056_2_NC_000913.3_4467215-4467731_ext_240-440_int_145_off_0_percentage_66_position_1-76 genomicbackground,3212,2,3212_2
query_3213,0,genomicbackground,1,riboswitch,0.9937595725059509,3213_2_RF01056_2_NC_000913.3_4467215-4467731_ext_240-440_int_145_off_5_percentage_61_position_1-71 genomicbackground,3213,2,3213_2
query_3214,0,genomicbackground,1,riboswitch,0.9949862957000732,3214_2_RF01056_2_NC_000913.3_4467215-4467731_ext_240-440_int_145_off_10_percentage_57_position_1-66 genomicbackground,3214,2,3214_2
query_3215,0,genomicbackground,1,riboswitch,0.9950934648513794,3215_2_RF01056_2_NC_000913.3_4467215-4467731_ext_240-440_int_145_off_15_percentage_53_position_1-61 genomicbackground,3215,2,3215_2
query_3216,0,genomicbackground,1,riboswitch,0.9984369874000549,3216_2_RF01056_2_NC_000913.3_4467215-4467731_ext_240-440_int_145_off_20_percentage_48_position_1-56 genomicbackground,3216,2,3216_2
query_3217,0,genomicbackground,1,riboswitch,0.9948499798774719,3217_2_RF01056_2_NC_000913.3_4467215-4467731_ext_240-440_int_145_off_25_percentage_44_position_1-51 genomicbackground,3217,2,3217_2
query_3218,0,genomicbackground,1,riboswitch,0.9937493801116943,3218_2_RF01056_2_NC_000913.3_4467215-4467731_ext_240-440_int_145_off_30_percentage_40_position_1-46 genomicbackground,3218,2,3218_2
query_3219,0,genomicbackground,1,riboswitch,0.9908486604690552,3219_2_RF01056_2_NC_000913.3_4467215-4467731_ext_240-440_int_145_off_35_percentage_35_position_1-41 genomicbackground,3219,2,3219_2
query_3220,0,genomicbackground,1,riboswitch,0.9964190721511841,3220_2_RF01056_2_NC_000913.3_4467215-4467731_ext_240-440_int_145_off_40_percentage_31_position_1-36 genomicbackground,3220,2,3220_2
query_3221,0,genomicbackground,1,riboswitch,0.9939433932304382,3221_2_RF01056_2_NC_000913.3_4467215-4467731_ext_240-440_int_145_off_45_percentage_27_position_1-31 genomicbackground,3221,2,3221_2
query_3222,0,genomicbackground,1,riboswitch,0.995341420173645,3222_2_RF01056_2_NC_000913.3_4467215-4467731_ext_240-440_int_145_off_50_percentage_22_position_1-26 genomicbackground,3222,2,3222_2
query_3223,0,genomicbackground,1,riboswitch,0.9893730282783508,3223_2_RF01056_2_NC_000913.3_4467215-4467731_ext_240-440_int_145_off_55_percentage_18_position_1-21 genomicbackground,3223,2,3223_2
query_3224,0,genomicbackground,1,riboswitch,0.9970276951789856,3224_2_RF01056_2_NC_000913.3_4467215-4467731_ext_240-440_int_150_off_0_percentage_66_position_1-76 genomicbackground,3224,2,3224_2
query_3225,0,genomicbackground,1,riboswitch,0.995070219039917,3225_2_RF01056_2_NC_000913.3_4467215-4467731_ext_240-440_int_150_off_5_percentage_61_position_1-71 genomicbackground,3225,2,3225_2
query_3226,0,genomicbackground,1,riboswitch,0.9907938838005066,3226_2_RF01056_2_NC_000913.3_4467215-4467731_ext_240-440_int_150_off_10_percentage_57_position_1-66 genomicbackground,3226,2,3226_2
query_3227,0,genomicbackground,1,riboswitch,0.9979677796363831,3227_2_RF01056_2_NC_000913.3_4467215-4467731_ext_240-440_int_150_off_15_percentage_53_position_1-61 genomicbackground,3227,2,3227_2
query_3228,0,genomicbackground,1,riboswitch,0.9985051155090332,3228_2_RF01056_2_NC_000913.3_4467215-4467731_ext_240-440_int_150_off_20_percentage_48_position_1-56 genomicbackground,3228,2,3228_2
query_3229,0,genomicbackground,1,riboswitch,0.9937764406204224,3229_2_RF01056_2_NC_000913.3_4467215-4467731_ext_240-440_int_150_off_25_percentage_44_position_1-51 genomicbackground,3229,2,3229_2
query_3230,0,genomicbackground,1,riboswitch,0.9924807548522949,3230_2_RF01056_2_NC_000913.3_4467215-4467731_ext_240-440_int_150_off_30_percentage_40_position_1-46 genomicbackground,3230,2,3230_2
query_3231,0,genomicbackground,1,riboswitch,0.9903157353401184,3231_2_RF01056_2_NC_000913.3_4467215-4467731_ext_240-440_int_150_off_35_percentage_35_position_1-41 genomicbackground,3231,2,3231_2
query_3232,0,genomicbackground,1,riboswitch,0.9946107864379883,3232_2_RF01056_2_NC_000913.3_4467215-4467731_ext_240-440_int_150_off_40_percentage_31_position_1-36 genomicbackground,3232,2,3232_2
query_3233,0,genomicbackground,1,riboswitch,0.9969843029975891,3233_2_RF01056_2_NC_000913.3_4467215-4467731_ext_240-440_int_150_off_45_percentage_27_position_1-31 genomicbackground,3233,2,3233_2
query_3234,0,genomicbackground,1,riboswitch,0.9958668947219849,3234_2_RF01056_2_NC_000913.3_4467215-4467731_ext_240-440_int_150_off_50_percentage_22_position_1-26 genomicbackground,3234,2,3234_2
query_3235,0,genomicbackground,1,riboswitch,0.9973198771476746,3235_2_RF01056_2_NC_000913.3_4467215-4467731_ext_240-440_int_155_off_0_percentage_66_position_1-76 genomicbackground,3235,2,3235_2
query_3236,0,genomicbackground,1,riboswitch,0.9962052702903748,3236_2_RF01056_2_NC_000913.3_4467215-4467731_ext_240-440_int_155_off_5_percentage_61_position_1-71 genomicbackground,3236,2,3236_2
query_3237,0,genomicbackground,1,riboswitch,0.9973934888839722,3237_2_RF01056_2_NC_000913.3_4467215-4467731_ext_240-440_int_155_off_10_percentage_57_position_1-66 genomicbackground,3237,2,3237_2
query_3238,0,genomicbackground,1,riboswitch,0.9980714917182922,3238_2_RF01056_2_NC_000913.3_4467215-4467731_ext_240-440_int_155_off_15_percentage_53_position_1-61 genomicbackground,3238,2,3238_2
query_3239,0,genomicbackground,1,riboswitch,0.9969401359558105,3239_2_RF01056_2_NC_000913.3_4467215-4467731_ext_240-440_int_155_off_20_percentage_48_position_1-56 genomicbackground,3239,2,3239_2
query_3240,0,genomicbackground,1,riboswitch,0.9925627112388611,3240_2_RF01056_2_NC_000913.3_4467215-4467731_ext_240-440_int_155_off_25_percentage_44_position_1-51 genomicbackground,3240,2,3240_2
query_3241,0,genomicbackground,1,riboswitch,0.9923525452613831,3241_2_RF01056_2_NC_000913.3_4467215-4467731_ext_240-440_int_155_off_30_percentage_40_position_1-46 genomicbackground,3241,2,3241_2
query_3242,0,genomicbackground,1,riboswitch,0.9819241166114807,3242_2_RF01056_2_NC_000913.3_4467215-4467731_ext_240-440_int_155_off_35_percentage_35_position_1-41 genomicbackground,3242,2,3242_2
query_3243,0,genomicbackground,1,riboswitch,0.9947255253791809,3243_2_RF01056_2_NC_000913.3_4467215-4467731_ext_240-440_int_155_off_40_percentage_31_position_1-36 genomicbackground,3243,2,3243_2
query_3244,0,genomicbackground,1,riboswitch,0.9972346425056458,3244_2_RF01056_2_NC_000913.3_4467215-4467731_ext_240-440_int_155_off_45_percentage_27_position_1-31 genomicbackground,3244,2,3244_2
query_3245,0,genomicbackground,1,riboswitch,0.9970865845680237,3245_2_RF01056_2_NC_000913.3_4467215-4467731_ext_240-440_int_160_off_0_percentage_66_position_1-76 genomicbackground,3245,2,3245_2
query_3246,0,genomicbackground,1,riboswitch,0.9932818412780762,3246_2_RF01056_2_NC_000913.3_4467215-4467731_ext_240-440_int_160_off_5_percentage_61_position_1-71 genomicbackground,3246,2,3246_2
query_3247,0,genomicbackground,1,riboswitch,0.9975448250770569,3247_2_RF01056_2_NC_000913.3_4467215-4467731_ext_240-440_int_160_off_10_percentage_57_position_1-66 genomicbackground,3247,2,3247_2
query_3248,0,genomicbackground,1,riboswitch,0.9952076077461243,3248_2_RF01056_2_NC_000913.3_4467215-4467731_ext_240-440_int_160_off_15_percentage_53_position_1-61 genomicbackground,3248,2,3248_2
query_3249,0,genomicbackground,1,riboswitch,0.9966651797294617,3249_2_RF01056_2_NC_000913.3_4467215-4467731_ext_240-440_int_160_off_20_percentage_48_position_1-56 genomicbackground,3249,2,3249_2
query_3250,0,genomicbackground,1,riboswitch,0.9923433661460876,3250_2_RF01056_2_NC_000913.3_4467215-4467731_ext_240-440_int_160_off_25_percentage_44_position_1-51 genomicbackground,3250,2,3250_2
query_3251,0,genomicbackground,1,riboswitch,0.9866930842399597,3251_2_RF01056_2_NC_000913.3_4467215-4467731_ext_240-440_int_160_off_30_percentage_40_position_1-46 genomicbackground,3251,2,3251_2
query_3252,0,genomicbackground,1,riboswitch,0.9827492237091064,3252_2_RF01056_2_NC_000913.3_4467215-4467731_ext_240-440_int_160_off_35_percentage_35_position_1-41 genomicbackground,3252,2,3252_2
query_3253,0,genomicbackground,1,riboswitch,0.9943819642066956,3253_2_RF01056_2_NC_000913.3_4467215-4467731_ext_240-440_int_160_off_40_percentage_31_position_1-36 genomicbackground,3253,2,3253_2
query_3254,0,genomicbackground,1,riboswitch,0.998439371585846,3254_2_RF01056_2_NC_000913.3_4467215-4467731_ext_240-440_int_165_off_0_percentage_66_position_1-76 genomicbackground,3254,2,3254_2
query_3255,0,genomicbackground,1,riboswitch,0.9988453388214111,3255_2_RF01056_2_NC_000913.3_4467215-4467731_ext_240-440_int_165_off_5_percentage_61_position_1-71 genomicbackground,3255,2,3255_2
query_3256,0,genomicbackground,1,riboswitch,0.9925016164779663,3256_2_RF01056_2_NC_000913.3_4467215-4467731_ext_240-440_int_165_off_10_percentage_57_position_1-66 genomicbackground,3256,2,3256_2
query_3257,0,genomicbackground,1,riboswitch,0.9947240948677063,3257_2_RF01056_2_NC_000913.3_4467215-4467731_ext_240-440_int_165_off_15_percentage_53_position_1-61 genomicbackground,3257,2,3257_2
query_3258,0,genomicbackground,1,riboswitch,0.9966662526130676,3258_2_RF01056_2_NC_000913.3_4467215-4467731_ext_240-440_int_165_off_20_percentage_48_position_1-56 genomicbackground,3258,2,3258_2
query_3259,0,genomicbackground,1,riboswitch,0.993087112903595,3259_2_RF01056_2_NC_000913.3_4467215-4467731_ext_240-440_int_165_off_25_percentage_44_position_1-51 genomicbackground,3259,2,3259_2
query_3260,0,genomicbackground,1,riboswitch,0.9911501407623291,3260_2_RF01056_2_NC_000913.3_4467215-4467731_ext_240-440_int_165_off_30_percentage_40_position_1-46 genomicbackground,3260,2,3260_2
query_3261,0,genomicbackground,1,riboswitch,0.9808561205863953,3261_2_RF01056_2_NC_000913.3_4467215-4467731_ext_240-440_int_165_off_35_percentage_35_position_1-41 genomicbackground,3261,2,3261_2
query_3262,0,genomicbackground,1,riboswitch,0.9986218214035034,3262_2_RF01056_2_NC_000913.3_4467215-4467731_ext_240-440_int_170_off_0_percentage_66_position_1-76 genomicbackground,3262,2,3262_2
query_3263,0,genomicbackground,1,riboswitch,0.9987075328826904,3263_2_RF01056_2_NC_000913.3_4467215-4467731_ext_240-440_int_170_off_5_percentage_61_position_1-71 genomicbackground,3263,2,3263_2
query_3264,0,genomicbackground,1,riboswitch,0.9916248917579651,3264_2_RF01056_2_NC_000913.3_4467215-4467731_ext_240-440_int_170_off_10_percentage_57_position_1-66 genomicbackground,3264,2,3264_2
query_3265,0,genomicbackground,1,riboswitch,0.9947086572647095,3265_2_RF01056_2_NC_000913.3_4467215-4467731_ext_240-440_int_170_off_15_percentage_53_position_1-61 genomicbackground,3265,2,3265_2
query_3266,0,genomicbackground,1,riboswitch,0.9954231381416321,3266_2_RF01056_2_NC_000913.3_4467215-4467731_ext_240-440_int_170_off_20_percentage_48_position_1-56 genomicbackground,3266,2,3266_2
query_3267,0,genomicbackground,1,riboswitch,0.9906466007232666,3267_2_RF01056_2_NC_000913.3_4467215-4467731_ext_240-440_int_170_off_25_percentage_44_position_1-51 genomicbackground,3267,2,3267_2
query_3268,0,genomicbackground,1,riboswitch,0.9911632537841797,3268_2_RF01056_2_NC_000913.3_4467215-4467731_ext_240-440_int_170_off_30_percentage_40_position_1-46 genomicbackground,3268,2,3268_2
query_3269,0,genomicbackground,1,riboswitch,0.9973471164703369,3269_2_RF01056_2_NC_000913.3_4467215-4467731_ext_240-440_int_175_off_0_percentage_66_position_1-76 genomicbackground,3269,2,3269_2
query_3270,0,genomicbackground,1,riboswitch,0.9986059069633484,3270_2_RF01056_2_NC_000913.3_4467215-4467731_ext_240-440_int_175_off_5_percentage_61_position_1-71 genomicbackground,3270,2,3270_2
query_3271,0,genomicbackground,1,riboswitch,0.9910436868667603,3271_2_RF01056_2_NC_000913.3_4467215-4467731_ext_240-440_int_175_off_10_percentage_57_position_1-66 genomicbackground,3271,2,3271_2
query_3272,0,genomicbackground,1,riboswitch,0.9914239048957825,3272_2_RF01056_2_NC_000913.3_4467215-4467731_ext_240-440_int_175_off_15_percentage_53_position_1-61 genomicbackground,3272,2,3272_2
query_3273,0,genomicbackground,1,riboswitch,0.9953391551971436,3273_2_RF01056_2_NC_000913.3_4467215-4467731_ext_240-440_int_175_off_20_percentage_48_position_1-56 genomicbackground,3273,2,3273_2
query_3274,0,genomicbackground,1,riboswitch,0.9926119446754456,3274_2_RF01056_2_NC_000913.3_4467215-4467731_ext_240-440_int_175_off_25_percentage_44_position_1-51 genomicbackground,3274,2,3274_2
query_3275,0,genomicbackground,1,riboswitch,0.9971524477005005,3275_2_RF01056_2_NC_000913.3_4467215-4467731_ext_240-440_int_180_off_0_percentage_66_position_1-76 genomicbackground,3275,2,3275_2
query_3276,0,genomicbackground,1,riboswitch,0.9984238147735596,3276_2_RF01056_2_NC_000913.3_4467215-4467731_ext_240-440_int_180_off_5_percentage_61_position_1-71 genomicbackground,3276,2,3276_2
query_3277,0,genomicbackground,1,riboswitch,0.9824225902557373,3277_2_RF01056_2_NC_000913.3_4467215-4467731_ext_240-440_int_180_off_10_percentage_57_position_1-66 genomicbackground,3277,2,3277_2
query_3278,0,genomicbackground,1,riboswitch,0.9911869168281555,3278_2_RF01056_2_NC_000913.3_4467215-4467731_ext_240-440_int_180_off_15_percentage_53_position_1-61 genomicbackground,3278,2,3278_2
query_3279,0,genomicbackground,1,riboswitch,0.9948200583457947,3279_2_RF01056_2_NC_000913.3_4467215-4467731_ext_240-440_int_180_off_20_percentage_48_position_1-56 genomicbackground,3279,2,3279_2
query_3280,0,genomicbackground,1,riboswitch,0.9968053102493286,3280_2_RF01056_2_NC_000913.3_4467215-4467731_ext_240-440_int_185_off_0_percentage_66_position_1-76 genomicbackground,3280,2,3280_2
query_3281,0,genomicbackground,1,riboswitch,0.9979494214057922,3281_2_RF01056_2_NC_000913.3_4467215-4467731_ext_240-440_int_185_off_5_percentage_61_position_1-71 genomicbackground,3281,2,3281_2
query_3282,0,genomicbackground,1,riboswitch,0.982168972492218,3282_2_RF01056_2_NC_000913.3_4467215-4467731_ext_240-440_int_185_off_10_percentage_57_position_1-66 genomicbackground,3282,2,3282_2
query_3283,0,genomicbackground,1,riboswitch,0.9898608922958374,3283_2_RF01056_2_NC_000913.3_4467215-4467731_ext_240-440_int_185_off_15_percentage_53_position_1-61 genomicbackground,3283,2,3283_2
query_3284,0,genomicbackground,1,riboswitch,0.9953169822692871,3284_2_RF01056_2_NC_000913.3_4467215-4467731_ext_240-440_int_190_off_0_percentage_66_position_1-76 genomicbackground,3284,2,3284_2
query_3285,0,genomicbackground,1,riboswitch,0.9939551949501038,3285_2_RF01056_2_NC_000913.3_4467215-4467731_ext_240-440_int_190_off_5_percentage_61_position_1-71 genomicbackground,3285,2,3285_2
query_3286,0,genomicbackground,1,riboswitch,0.9797057509422302,3286_2_RF01056_2_NC_000913.3_4467215-4467731_ext_240-440_int_190_off_10_percentage_57_position_1-66 genomicbackground,3286,2,3286_2
query_3287,0,genomicbackground,1,riboswitch,0.9954347014427185,3287_2_RF01056_2_NC_000913.3_4467215-4467731_ext_240-440_int_195_off_0_percentage_66_position_1-76 genomicbackground,3287,2,3287_2
query_3288,0,genomicbackground,1,riboswitch,0.993594229221344,3288_2_RF01056_2_NC_000913.3_4467215-4467731_ext_240-440_int_195_off_5_percentage_61_position_1-71 genomicbackground,3288,2,3288_2
query_3289,0,genomicbackground,1,riboswitch,0.9947222471237183,3289_2_RF01056_2_NC_000913.3_4467215-4467731_ext_240-440_int_200_off_0_percentage_66_position_1-76 genomicbackground,3289,2,3289_2
query_3290,0,genomicbackground,1,riboswitch,0.9930434226989746,3290_2_RF01056_2_NC_000913.3_4467215-4467731_ext_260-460_int_95_off_0_percentage_48_position_1-56 genomicbackground,3290,2,3290_2
query_3291,0,genomicbackground,1,riboswitch,0.8614690899848938,3291_2_RF01056_2_NC_000913.3_4467215-4467731_ext_260-460_int_95_off_5_percentage_44_position_1-51 genomicbackground,3291,2,3291_2
query_3292,0,genomicbackground,1,riboswitch,0.7415441870689392,3292_2_RF01056_2_NC_000913.3_4467215-4467731_ext_260-460_int_95_off_10_percentage_40_position_1-46 genomicbackground,3292,2,3292_2
query_3293,0,genomicbackground,1,riboswitch,0.8206952810287476,3293_2_RF01056_2_NC_000913.3_4467215-4467731_ext_260-460_int_95_off_15_percentage_35_position_1-41 genomicbackground,3293,2,3293_2
query_3294,0,genomicbackground,1,riboswitch,0.9651517868041992,3294_2_RF01056_2_NC_000913.3_4467215-4467731_ext_260-460_int_95_off_20_percentage_31_position_1-36 genomicbackground,3294,2,3294_2
query_3295,0,genomicbackground,1,riboswitch,0.9975576400756836,3295_2_RF01056_2_NC_000913.3_4467215-4467731_ext_260-460_int_95_off_25_percentage_27_position_1-31 genomicbackground,3295,2,3295_2
query_3296,0,genomicbackground,1,riboswitch,0.9948617815971375,3296_2_RF01056_2_NC_000913.3_4467215-4467731_ext_260-460_int_95_off_30_percentage_22_position_1-26 genomicbackground,3296,2,3296_2
query_3297,0,genomicbackground,1,riboswitch,0.9794875979423523,3297_2_RF01056_2_NC_000913.3_4467215-4467731_ext_260-460_int_95_off_35_percentage_18_position_1-21 genomicbackground,3297,2,3297_2
query_3298,0,genomicbackground,1,riboswitch,0.9717375636100769,3298_2_RF01056_2_NC_000913.3_4467215-4467731_ext_260-460_int_95_off_40_percentage_14_position_1-16 genomicbackground,3298,2,3298_2
query_3299,0,genomicbackground,1,riboswitch,0.7419751882553101,3299_2_RF01056_2_NC_000913.3_4467215-4467731_ext_260-460_int_95_off_45_percentage_9_position_1-11 genomicbackground,3299,2,3299_2
query_3300,0,genomicbackground,1,riboswitch,0.9908616542816162,3300_2_RF01056_2_NC_000913.3_4467215-4467731_ext_260-460_int_95_off_50_percentage_5_position_1-6 genomicbackground,3300,2,3300_2
query_3301,0,genomicbackground,1,riboswitch,0.9949356317520142,3301_2_RF01056_2_NC_000913.3_4467215-4467731_ext_260-460_int_95_off_55_percentage_1_position_1-1 genomicbackground,3301,2,3301_2
query_3302,0,genomicbackground,1,riboswitch,0.9966631531715393,3302_2_RF01056_2_NC_000913.3_4467215-4467731_ext_260-460_int_95_off_60_percentage_0_position_0-0 genomicbackground,3302,2,3302_2
query_3303,0,genomicbackground,1,riboswitch,0.922956109046936,3303_2_RF01056_2_NC_000913.3_4467215-4467731_ext_260-460_int_95_off_65_percentage_0_position_0-0 genomicbackground,3303,2,3303_2
query_3304,0,genomicbackground,1,riboswitch,0.9599581956863403,3304_2_RF01056_2_NC_000913.3_4467215-4467731_ext_260-460_int_95_off_70_percentage_0_position_0-0 genomicbackground,3304,2,3304_2
query_3305,0,genomicbackground,1,riboswitch,0.6732850670814514,3305_2_RF01056_2_NC_000913.3_4467215-4467731_ext_260-460_int_95_off_75_percentage_0_position_0-0 genomicbackground,3305,2,3305_2
query_3306,0,genomicbackground,1,riboswitch,0.9827756285667419,3306_2_RF01056_2_NC_000913.3_4467215-4467731_ext_260-460_int_95_off_80_percentage_0_position_0-0 genomicbackground,3306,2,3306_2
query_3307,0,genomicbackground,1,riboswitch,0.995428204536438,3307_2_RF01056_2_NC_000913.3_4467215-4467731_ext_260-460_int_95_off_85_percentage_0_position_0-0 genomicbackground,3307,2,3307_2
query_3308,0,genomicbackground,0,genomicbackground,0.3482844829559326,3308_2_RF01056_2_NC_000913.3_4467215-4467731_ext_260-460_int_95_off_90_percentage_0_position_0-0 genomicbackground,3308,2,3308_2
query_3309,0,genomicbackground,0,genomicbackground,0.11152279376983643,3309_2_RF01056_2_NC_000913.3_4467215-4467731_ext_260-460_int_95_off_95_percentage_0_position_0-0 genomicbackground,3309,2,3309_2
query_3310,0,genomicbackground,1,riboswitch,0.7135385870933533,3310_2_RF01056_2_NC_000913.3_4467215-4467731_ext_260-460_int_95_off_100_percentage_0_position_0-0 genomicbackground,3310,2,3310_2
query_3311,0,genomicbackground,1,riboswitch,0.6648358106613159,3311_2_RF01056_2_NC_000913.3_4467215-4467731_ext_260-460_int_95_off_105_percentage_0_position_0-0 genomicbackground,3311,2,3311_2
query_3312,0,genomicbackground,1,riboswitch,0.9919155836105347,3312_2_RF01056_2_NC_000913.3_4467215-4467731_ext_260-460_int_100_off_0_percentage_48_position_1-56 genomicbackground,3312,2,3312_2
query_3313,0,genomicbackground,1,riboswitch,0.7408157587051392,3313_2_RF01056_2_NC_000913.3_4467215-4467731_ext_260-460_int_100_off_5_percentage_44_position_1-51 genomicbackground,3313,2,3313_2
query_3314,0,genomicbackground,1,riboswitch,0.8842428922653198,3314_2_RF01056_2_NC_000913.3_4467215-4467731_ext_260-460_int_100_off_10_percentage_40_position_1-46 genomicbackground,3314,2,3314_2
query_3315,0,genomicbackground,1,riboswitch,0.8819344639778137,3315_2_RF01056_2_NC_000913.3_4467215-4467731_ext_260-460_int_100_off_15_percentage_35_position_1-41 genomicbackground,3315,2,3315_2
query_3316,0,genomicbackground,1,riboswitch,0.8827430009841919,3316_2_RF01056_2_NC_000913.3_4467215-4467731_ext_260-460_int_100_off_20_percentage_31_position_1-36 genomicbackground,3316,2,3316_2
query_3317,0,genomicbackground,1,riboswitch,0.9947751760482788,3317_2_RF01056_2_NC_000913.3_4467215-4467731_ext_260-460_int_100_off_25_percentage_27_position_1-31 genomicbackground,3317,2,3317_2
query_3318,0,genomicbackground,1,riboswitch,0.9895455241203308,3318_2_RF01056_2_NC_000913.3_4467215-4467731_ext_260-460_int_100_off_30_percentage_22_position_1-26 genomicbackground,3318,2,3318_2
query_3319,0,genomicbackground,1,riboswitch,0.9972353577613831,3319_2_RF01056_2_NC_000913.3_4467215-4467731_ext_260-460_int_100_off_35_percentage_18_position_1-21 genomicbackground,3319,2,3319_2
query_3320,0,genomicbackground,1,riboswitch,0.9084508419036865,3320_2_RF01056_2_NC_000913.3_4467215-4467731_ext_260-460_int_100_off_40_percentage_14_position_1-16 genomicbackground,3320,2,3320_2
query_3321,0,genomicbackground,1,riboswitch,0.9963317513465881,3321_2_RF01056_2_NC_000913.3_4467215-4467731_ext_260-460_int_100_off_45_percentage_9_position_1-11 genomicbackground,3321,2,3321_2
query_3322,0,genomicbackground,1,riboswitch,0.9934155941009521,3322_2_RF01056_2_NC_000913.3_4467215-4467731_ext_260-460_int_100_off_50_percentage_5_position_1-6 genomicbackground,3322,2,3322_2
query_3323,0,genomicbackground,1,riboswitch,0.9932479858398438,3323_2_RF01056_2_NC_000913.3_4467215-4467731_ext_260-460_int_100_off_55_percentage_1_position_1-1 genomicbackground,3323,2,3323_2
query_3324,0,genomicbackground,1,riboswitch,0.9954574108123779,3324_2_RF01056_2_NC_000913.3_4467215-4467731_ext_260-460_int_100_off_60_percentage_0_position_0-0 genomicbackground,3324,2,3324_2
query_3325,0,genomicbackground,1,riboswitch,0.9244282841682434,3325_2_RF01056_2_NC_000913.3_4467215-4467731_ext_260-460_int_100_off_65_percentage_0_position_0-0 genomicbackground,3325,2,3325_2
query_3326,0,genomicbackground,1,riboswitch,0.8927685022354126,3326_2_RF01056_2_NC_000913.3_4467215-4467731_ext_260-460_int_100_off_70_percentage_0_position_0-0 genomicbackground,3326,2,3326_2
query_3327,0,genomicbackground,1,riboswitch,0.8834128975868225,3327_2_RF01056_2_NC_000913.3_4467215-4467731_ext_260-460_int_100_off_75_percentage_0_position_0-0 genomicbackground,3327,2,3327_2
query_3328,0,genomicbackground,1,riboswitch,0.9847375750541687,3328_2_RF01056_2_NC_000913.3_4467215-4467731_ext_260-460_int_100_off_80_percentage_0_position_0-0 genomicbackground,3328,2,3328_2
query_3329,0,genomicbackground,1,riboswitch,0.9946424961090088,3329_2_RF01056_2_NC_000913.3_4467215-4467731_ext_260-460_int_100_off_85_percentage_0_position_0-0 genomicbackground,3329,2,3329_2
query_3330,0,genomicbackground,0,genomicbackground,0.1625521332025528,3330_2_RF01056_2_NC_000913.3_4467215-4467731_ext_260-460_int_100_off_90_percentage_0_position_0-0 genomicbackground,3330,2,3330_2
query_3331,0,genomicbackground,0,genomicbackground,0.4656635522842407,3331_2_RF01056_2_NC_000913.3_4467215-4467731_ext_260-460_int_100_off_95_percentage_0_position_0-0 genomicbackground,3331,2,3331_2
query_3332,0,genomicbackground,1,riboswitch,0.9123041033744812,3332_2_RF01056_2_NC_000913.3_4467215-4467731_ext_260-460_int_100_off_100_percentage_0_position_0-0 genomicbackground,3332,2,3332_2
query_3333,0,genomicbackground,1,riboswitch,0.9923451542854309,3333_2_RF01056_2_NC_000913.3_4467215-4467731_ext_260-460_int_105_off_0_percentage_48_position_1-56 genomicbackground,3333,2,3333_2
query_3334,0,genomicbackground,1,riboswitch,0.9410524964332581,3334_2_RF01056_2_NC_000913.3_4467215-4467731_ext_260-460_int_105_off_5_percentage_44_position_1-51 genomicbackground,3334,2,3334_2
query_3335,0,genomicbackground,1,riboswitch,0.9293965697288513,3335_2_RF01056_2_NC_000913.3_4467215-4467731_ext_260-460_int_105_off_10_percentage_40_position_1-46 genomicbackground,3335,2,3335_2
query_3336,0,genomicbackground,1,riboswitch,0.6958376169204712,3336_2_RF01056_2_NC_000913.3_4467215-4467731_ext_260-460_int_105_off_15_percentage_35_position_1-41 genomicbackground,3336,2,3336_2
query_3337,0,genomicbackground,1,riboswitch,0.8566559553146362,3337_2_RF01056_2_NC_000913.3_4467215-4467731_ext_260-460_int_105_off_20_percentage_31_position_1-36 genomicbackground,3337,2,3337_2
query_3338,0,genomicbackground,1,riboswitch,0.986146867275238,3338_2_RF01056_2_NC_000913.3_4467215-4467731_ext_260-460_int_105_off_25_percentage_27_position_1-31 genomicbackground,3338,2,3338_2
query_3339,0,genomicbackground,1,riboswitch,0.9977678060531616,3339_2_RF01056_2_NC_000913.3_4467215-4467731_ext_260-460_int_105_off_30_percentage_22_position_1-26 genomicbackground,3339,2,3339_2
query_3340,0,genomicbackground,1,riboswitch,0.995549201965332,3340_2_RF01056_2_NC_000913.3_4467215-4467731_ext_260-460_int_105_off_35_percentage_18_position_1-21 genomicbackground,3340,2,3340_2
query_3341,0,genomicbackground,1,riboswitch,0.9961516261100769,3341_2_RF01056_2_NC_000913.3_4467215-4467731_ext_260-460_int_105_off_40_percentage_14_position_1-16 genomicbackground,3341,2,3341_2
query_3342,0,genomicbackground,1,riboswitch,0.9969493746757507,3342_2_RF01056_2_NC_000913.3_4467215-4467731_ext_260-460_int_105_off_45_percentage_9_position_1-11 genomicbackground,3342,2,3342_2
query_3343,0,genomicbackground,1,riboswitch,0.9911404252052307,3343_2_RF01056_2_NC_000913.3_4467215-4467731_ext_260-460_int_105_off_50_percentage_5_position_1-6 genomicbackground,3343,2,3343_2
query_3344,0,genomicbackground,1,riboswitch,0.9908307790756226,3344_2_RF01056_2_NC_000913.3_4467215-4467731_ext_260-460_int_105_off_55_percentage_1_position_1-1 genomicbackground,3344,2,3344_2
query_3345,0,genomicbackground,1,riboswitch,0.9947746396064758,3345_2_RF01056_2_NC_000913.3_4467215-4467731_ext_260-460_int_105_off_60_percentage_0_position_0-0 genomicbackground,3345,2,3345_2
query_3346,0,genomicbackground,1,riboswitch,0.7944355010986328,3346_2_RF01056_2_NC_000913.3_4467215-4467731_ext_260-460_int_105_off_65_percentage_0_position_0-0 genomicbackground,3346,2,3346_2
query_3347,0,genomicbackground,1,riboswitch,0.8499898910522461,3347_2_RF01056_2_NC_000913.3_4467215-4467731_ext_260-460_int_105_off_70_percentage_0_position_0-0 genomicbackground,3347,2,3347_2
query_3348,0,genomicbackground,1,riboswitch,0.8836886286735535,3348_2_RF01056_2_NC_000913.3_4467215-4467731_ext_260-460_int_105_off_75_percentage_0_position_0-0 genomicbackground,3348,2,3348_2
query_3349,0,genomicbackground,1,riboswitch,0.9883987307548523,3349_2_RF01056_2_NC_000913.3_4467215-4467731_ext_260-460_int_105_off_80_percentage_0_position_0-0 genomicbackground,3349,2,3349_2
query_3350,0,genomicbackground,1,riboswitch,0.9894394278526306,3350_2_RF01056_2_NC_000913.3_4467215-4467731_ext_260-460_int_105_off_85_percentage_0_position_0-0 genomicbackground,3350,2,3350_2
query_3351,0,genomicbackground,0,genomicbackground,0.3971078395843506,3351_2_RF01056_2_NC_000913.3_4467215-4467731_ext_260-460_int_105_off_90_percentage_0_position_0-0 genomicbackground,3351,2,3351_2
query_3352,0,genomicbackground,1,riboswitch,0.7664560079574585,3352_2_RF01056_2_NC_000913.3_4467215-4467731_ext_260-460_int_105_off_95_percentage_0_position_0-0 genomicbackground,3352,2,3352_2
query_3353,0,genomicbackground,1,riboswitch,0.998248815536499,3353_2_RF01056_2_NC_000913.3_4467215-4467731_ext_260-460_int_110_off_0_percentage_48_position_1-56 genomicbackground,3353,2,3353_2
query_3354,0,genomicbackground,1,riboswitch,0.9598260521888733,3354_2_RF01056_2_NC_000913.3_4467215-4467731_ext_260-460_int_110_off_5_percentage_44_position_1-51 genomicbackground,3354,2,3354_2
query_3355,0,genomicbackground,1,riboswitch,0.7942659258842468,3355_2_RF01056_2_NC_000913.3_4467215-4467731_ext_260-460_int_110_off_10_percentage_40_position_1-46 genomicbackground,3355,2,3355_2
query_3356,0,genomicbackground,1,riboswitch,0.6613103151321411,3356_2_RF01056_2_NC_000913.3_4467215-4467731_ext_260-460_int_110_off_15_percentage_35_position_1-41 genomicbackground,3356,2,3356_2
query_3357,0,genomicbackground,0,genomicbackground,0.462684690952301,3357_2_RF01056_2_NC_000913.3_4467215-4467731_ext_260-460_int_110_off_20_percentage_31_position_1-36 genomicbackground,3357,2,3357_2
query_3358,0,genomicbackground,1,riboswitch,0.9976934194564819,3358_2_RF01056_2_NC_000913.3_4467215-4467731_ext_260-460_int_110_off_25_percentage_27_position_1-31 genomicbackground,3358,2,3358_2
query_3359,0,genomicbackground,1,riboswitch,0.997222900390625,3359_2_RF01056_2_NC_000913.3_4467215-4467731_ext_260-460_int_110_off_30_percentage_22_position_1-26 genomicbackground,3359,2,3359_2
query_3360,0,genomicbackground,1,riboswitch,0.9984305500984192,3360_2_RF01056_2_NC_000913.3_4467215-4467731_ext_260-460_int_110_off_35_percentage_18_position_1-21 genomicbackground,3360,2,3360_2
query_3361,0,genomicbackground,1,riboswitch,0.9966579675674438,3361_2_RF01056_2_NC_000913.3_4467215-4467731_ext_260-460_int_110_off_40_percentage_14_position_1-16 genomicbackground,3361,2,3361_2
query_3362,0,genomicbackground,1,riboswitch,0.997687816619873,3362_2_RF01056_2_NC_000913.3_4467215-4467731_ext_260-460_int_110_off_45_percentage_9_position_1-11 genomicbackground,3362,2,3362_2
query_3363,0,genomicbackground,1,riboswitch,0.9880036115646362,3363_2_RF01056_2_NC_000913.3_4467215-4467731_ext_260-460_int_110_off_50_percentage_5_position_1-6 genomicbackground,3363,2,3363_2
query_3364,0,genomicbackground,1,riboswitch,0.9896045923233032,3364_2_RF01056_2_NC_000913.3_4467215-4467731_ext_260-460_int_110_off_55_percentage_1_position_1-1 genomicbackground,3364,2,3364_2
query_3365,0,genomicbackground,1,riboswitch,0.9900479316711426,3365_2_RF01056_2_NC_000913.3_4467215-4467731_ext_260-460_int_110_off_60_percentage_0_position_0-0 genomicbackground,3365,2,3365_2
query_3366,0,genomicbackground,1,riboswitch,0.6947658061981201,3366_2_RF01056_2_NC_000913.3_4467215-4467731_ext_260-460_int_110_off_65_percentage_0_position_0-0 genomicbackground,3366,2,3366_2
query_3367,0,genomicbackground,1,riboswitch,0.8503530025482178,3367_2_RF01056_2_NC_000913.3_4467215-4467731_ext_260-460_int_110_off_70_percentage_0_position_0-0 genomicbackground,3367,2,3367_2
query_3368,0,genomicbackground,1,riboswitch,0.9014688730239868,3368_2_RF01056_2_NC_000913.3_4467215-4467731_ext_260-460_int_110_off_75_percentage_0_position_0-0 genomicbackground,3368,2,3368_2
query_3369,0,genomicbackground,1,riboswitch,0.9807860255241394,3369_2_RF01056_2_NC_000913.3_4467215-4467731_ext_260-460_int_110_off_80_percentage_0_position_0-0 genomicbackground,3369,2,3369_2
query_3370,0,genomicbackground,0,genomicbackground,0.4029301106929779,3370_2_RF01056_2_NC_000913.3_4467215-4467731_ext_260-460_int_110_off_85_percentage_0_position_0-0 genomicbackground,3370,2,3370_2
query_3371,0,genomicbackground,1,riboswitch,0.5091546177864075,3371_2_RF01056_2_NC_000913.3_4467215-4467731_ext_260-460_int_110_off_90_percentage_0_position_0-0 genomicbackground,3371,2,3371_2
query_3372,0,genomicbackground,1,riboswitch,0.9984429478645325,3372_2_RF01056_2_NC_000913.3_4467215-4467731_ext_260-460_int_115_off_0_percentage_48_position_1-56 genomicbackground,3372,2,3372_2
query_3373,0,genomicbackground,1,riboswitch,0.9982050657272339,3373_2_RF01056_2_NC_000913.3_4467215-4467731_ext_260-460_int_115_off_5_percentage_44_position_1-51 genomicbackground,3373,2,3373_2
query_3374,0,genomicbackground,1,riboswitch,0.7645965218544006,3374_2_RF01056_2_NC_000913.3_4467215-4467731_ext_260-460_int_115_off_10_percentage_40_position_1-46 genomicbackground,3374,2,3374_2
query_3375,0,genomicbackground,0,genomicbackground,0.37860092520713806,3375_2_RF01056_2_NC_000913.3_4467215-4467731_ext_260-460_int_115_off_15_percentage_35_position_1-41 genomicbackground,3375,2,3375_2
query_3376,0,genomicbackground,1,riboswitch,0.9696850776672363,3376_2_RF01056_2_NC_000913.3_4467215-4467731_ext_260-460_int_115_off_20_percentage_31_position_1-36 genomicbackground,3376,2,3376_2
query_3377,0,genomicbackground,1,riboswitch,0.9968729615211487,3377_2_RF01056_2_NC_000913.3_4467215-4467731_ext_260-460_int_115_off_25_percentage_27_position_1-31 genomicbackground,3377,2,3377_2
query_3378,0,genomicbackground,1,riboswitch,0.9983945488929749,3378_2_RF01056_2_NC_000913.3_4467215-4467731_ext_260-460_int_115_off_30_percentage_22_position_1-26 genomicbackground,3378,2,3378_2
query_3379,0,genomicbackground,1,riboswitch,0.9985155463218689,3379_2_RF01056_2_NC_000913.3_4467215-4467731_ext_260-460_int_115_off_35_percentage_18_position_1-21 genomicbackground,3379,2,3379_2
query_3380,0,genomicbackground,1,riboswitch,0.997957706451416,3380_2_RF01056_2_NC_000913.3_4467215-4467731_ext_260-460_int_115_off_40_percentage_14_position_1-16 genomicbackground,3380,2,3380_2
query_3381,0,genomicbackground,1,riboswitch,0.9970977306365967,3381_2_RF01056_2_NC_000913.3_4467215-4467731_ext_260-460_int_115_off_45_percentage_9_position_1-11 genomicbackground,3381,2,3381_2
query_3382,0,genomicbackground,1,riboswitch,0.9868823885917664,3382_2_RF01056_2_NC_000913.3_4467215-4467731_ext_260-460_int_115_off_50_percentage_5_position_1-6 genomicbackground,3382,2,3382_2
query_3383,0,genomicbackground,1,riboswitch,0.977202832698822,3383_2_RF01056_2_NC_000913.3_4467215-4467731_ext_260-460_int_115_off_55_percentage_1_position_1-1 genomicbackground,3383,2,3383_2
query_3384,0,genomicbackground,1,riboswitch,0.9914903044700623,3384_2_RF01056_2_NC_000913.3_4467215-4467731_ext_260-460_int_115_off_60_percentage_0_position_0-0 genomicbackground,3384,2,3384_2
query_3385,0,genomicbackground,1,riboswitch,0.6107080578804016,3385_2_RF01056_2_NC_000913.3_4467215-4467731_ext_260-460_int_115_off_65_percentage_0_position_0-0 genomicbackground,3385,2,3385_2
query_3386,0,genomicbackground,1,riboswitch,0.8105840682983398,3386_2_RF01056_2_NC_000913.3_4467215-4467731_ext_260-460_int_115_off_70_percentage_0_position_0-0 genomicbackground,3386,2,3386_2
query_3387,0,genomicbackground,1,riboswitch,0.723065972328186,3387_2_RF01056_2_NC_000913.3_4467215-4467731_ext_260-460_int_115_off_75_percentage_0_position_0-0 genomicbackground,3387,2,3387_2
query_3388,0,genomicbackground,1,riboswitch,0.9790584444999695,3388_2_RF01056_2_NC_000913.3_4467215-4467731_ext_260-460_int_115_off_80_percentage_0_position_0-0 genomicbackground,3388,2,3388_2
query_3389,0,genomicbackground,1,riboswitch,0.919870913028717,3389_2_RF01056_2_NC_000913.3_4467215-4467731_ext_260-460_int_115_off_85_percentage_0_position_0-0 genomicbackground,3389,2,3389_2
query_3390,0,genomicbackground,1,riboswitch,0.9979975819587708,3390_2_RF01056_2_NC_000913.3_4467215-4467731_ext_260-460_int_120_off_0_percentage_48_position_1-56 genomicbackground,3390,2,3390_2
query_3391,0,genomicbackground,1,riboswitch,0.9966202974319458,3391_2_RF01056_2_NC_000913.3_4467215-4467731_ext_260-460_int_120_off_5_percentage_44_position_1-51 genomicbackground,3391,2,3391_2
query_3392,0,genomicbackground,0,genomicbackground,0.42753782868385315,3392_2_RF01056_2_NC_000913.3_4467215-4467731_ext_260-460_int_120_off_10_percentage_40_position_1-46 genomicbackground,3392,2,3392_2
query_3393,0,genomicbackground,1,riboswitch,0.9307566285133362,3393_2_RF01056_2_NC_000913.3_4467215-4467731_ext_260-460_int_120_off_15_percentage_35_position_1-41 genomicbackground,3393,2,3393_2
query_3394,0,genomicbackground,1,riboswitch,0.8726797699928284,3394_2_RF01056_2_NC_000913.3_4467215-4467731_ext_260-460_int_120_off_20_percentage_31_position_1-36 genomicbackground,3394,2,3394_2
query_3395,0,genomicbackground,1,riboswitch,0.9980415105819702,3395_2_RF01056_2_NC_000913.3_4467215-4467731_ext_260-460_int_120_off_25_percentage_27_position_1-31 genomicbackground,3395,2,3395_2
query_3396,0,genomicbackground,1,riboswitch,0.9990876913070679,3396_2_RF01056_2_NC_000913.3_4467215-4467731_ext_260-460_int_120_off_30_percentage_22_position_1-26 genomicbackground,3396,2,3396_2
query_3397,0,genomicbackground,1,riboswitch,0.9963729977607727,3397_2_RF01056_2_NC_000913.3_4467215-4467731_ext_260-460_int_120_off_35_percentage_18_position_1-21 genomicbackground,3397,2,3397_2
query_3398,0,genomicbackground,1,riboswitch,0.9975125789642334,3398_2_RF01056_2_NC_000913.3_4467215-4467731_ext_260-460_int_120_off_40_percentage_14_position_1-16 genomicbackground,3398,2,3398_2
query_3399,0,genomicbackground,1,riboswitch,0.9965207576751709,3399_2_RF01056_2_NC_000913.3_4467215-4467731_ext_260-460_int_120_off_45_percentage_9_position_1-11 genomicbackground,3399,2,3399_2
query_3400,0,genomicbackground,1,riboswitch,0.970568835735321,3400_2_RF01056_2_NC_000913.3_4467215-4467731_ext_260-460_int_120_off_50_percentage_5_position_1-6 genomicbackground,3400,2,3400_2
query_3401,0,genomicbackground,1,riboswitch,0.9795138835906982,3401_2_RF01056_2_NC_000913.3_4467215-4467731_ext_260-460_int_120_off_55_percentage_1_position_1-1 genomicbackground,3401,2,3401_2
query_3402,0,genomicbackground,1,riboswitch,0.991292417049408,3402_2_RF01056_2_NC_000913.3_4467215-4467731_ext_260-460_int_120_off_60_percentage_0_position_0-0 genomicbackground,3402,2,3402_2
query_3403,0,genomicbackground,1,riboswitch,0.6255297660827637,3403_2_RF01056_2_NC_000913.3_4467215-4467731_ext_260-460_int_120_off_65_percentage_0_position_0-0 genomicbackground,3403,2,3403_2
query_3404,0,genomicbackground,1,riboswitch,0.6773243546485901,3404_2_RF01056_2_NC_000913.3_4467215-4467731_ext_260-460_int_120_off_70_percentage_0_position_0-0 genomicbackground,3404,2,3404_2
query_3405,0,genomicbackground,1,riboswitch,0.8221526145935059,3405_2_RF01056_2_NC_000913.3_4467215-4467731_ext_260-460_int_120_off_75_percentage_0_position_0-0 genomicbackground,3405,2,3405_2
query_3406,0,genomicbackground,1,riboswitch,0.9886338710784912,3406_2_RF01056_2_NC_000913.3_4467215-4467731_ext_260-460_int_120_off_80_percentage_0_position_0-0 genomicbackground,3406,2,3406_2
query_3407,0,genomicbackground,1,riboswitch,0.9977866411209106,3407_2_RF01056_2_NC_000913.3_4467215-4467731_ext_260-460_int_125_off_0_percentage_48_position_1-56 genomicbackground,3407,2,3407_2
query_3408,0,genomicbackground,0,genomicbackground,0.49930307269096375,3408_2_RF01056_2_NC_000913.3_4467215-4467731_ext_260-460_int_125_off_5_percentage_44_position_1-51 genomicbackground,3408,2,3408_2
query_3409,0,genomicbackground,1,riboswitch,0.958884596824646,3409_2_RF01056_2_NC_000913.3_4467215-4467731_ext_260-460_int_125_off_10_percentage_40_position_1-46 genomicbackground,3409,2,3409_2
query_3410,0,genomicbackground,1,riboswitch,0.7892765998840332,3410_2_RF01056_2_NC_000913.3_4467215-4467731_ext_260-460_int_125_off_15_percentage_35_position_1-41 genomicbackground,3410,2,3410_2
query_3411,0,genomicbackground,1,riboswitch,0.9963945746421814,3411_2_RF01056_2_NC_000913.3_4467215-4467731_ext_260-460_int_125_off_20_percentage_31_position_1-36 genomicbackground,3411,2,3411_2
query_3412,0,genomicbackground,1,riboswitch,0.9981787204742432,3412_2_RF01056_2_NC_000913.3_4467215-4467731_ext_260-460_int_125_off_25_percentage_27_position_1-31 genomicbackground,3412,2,3412_2
query_3413,0,genomicbackground,1,riboswitch,0.9974665641784668,3413_2_RF01056_2_NC_000913.3_4467215-4467731_ext_260-460_int_125_off_30_percentage_22_position_1-26 genomicbackground,3413,2,3413_2
query_3414,0,genomicbackground,1,riboswitch,0.9958676099777222,3414_2_RF01056_2_NC_000913.3_4467215-4467731_ext_260-460_int_125_off_35_percentage_18_position_1-21 genomicbackground,3414,2,3414_2
query_3415,0,genomicbackground,1,riboswitch,0.9970670342445374,3415_2_RF01056_2_NC_000913.3_4467215-4467731_ext_260-460_int_125_off_40_percentage_14_position_1-16 genomicbackground,3415,2,3415_2
query_3416,0,genomicbackground,1,riboswitch,0.9943392872810364,3416_2_RF01056_2_NC_000913.3_4467215-4467731_ext_260-460_int_125_off_45_percentage_9_position_1-11 genomicbackground,3416,2,3416_2
query_3417,0,genomicbackground,1,riboswitch,0.9735615253448486,3417_2_RF01056_2_NC_000913.3_4467215-4467731_ext_260-460_int_125_off_50_percentage_5_position_1-6 genomicbackground,3417,2,3417_2
query_3418,0,genomicbackground,1,riboswitch,0.9785273671150208,3418_2_RF01056_2_NC_000913.3_4467215-4467731_ext_260-460_int_125_off_55_percentage_1_position_1-1 genomicbackground,3418,2,3418_2
query_3419,0,genomicbackground,1,riboswitch,0.9656274914741516,3419_2_RF01056_2_NC_000913.3_4467215-4467731_ext_260-460_int_125_off_60_percentage_0_position_0-0 genomicbackground,3419,2,3419_2
query_3420,0,genomicbackground,0,genomicbackground,0.37311163544654846,3420_2_RF01056_2_NC_000913.3_4467215-4467731_ext_260-460_int_125_off_65_percentage_0_position_0-0 genomicbackground,3420,2,3420_2
query_3421,0,genomicbackground,1,riboswitch,0.7927096486091614,3421_2_RF01056_2_NC_000913.3_4467215-4467731_ext_260-460_int_125_off_70_percentage_0_position_0-0 genomicbackground,3421,2,3421_2
query_3422,0,genomicbackground,1,riboswitch,0.9091182947158813,3422_2_RF01056_2_NC_000913.3_4467215-4467731_ext_260-460_int_125_off_75_percentage_0_position_0-0 genomicbackground,3422,2,3422_2
query_3423,0,genomicbackground,1,riboswitch,0.9934296011924744,3423_2_RF01056_2_NC_000913.3_4467215-4467731_ext_260-460_int_130_off_0_percentage_48_position_1-56 genomicbackground,3423,2,3423_2
query_3424,0,genomicbackground,1,riboswitch,0.9981972575187683,3424_2_RF01056_2_NC_000913.3_4467215-4467731_ext_260-460_int_130_off_5_percentage_44_position_1-51 genomicbackground,3424,2,3424_2
query_3425,0,genomicbackground,1,riboswitch,0.8493502736091614,3425_2_RF01056_2_NC_000913.3_4467215-4467731_ext_260-460_int_130_off_10_percentage_40_position_1-46 genomicbackground,3425,2,3425_2
query_3426,0,genomicbackground,1,riboswitch,0.992923378944397,3426_2_RF01056_2_NC_000913.3_4467215-4467731_ext_260-460_int_130_off_15_percentage_35_position_1-41 genomicbackground,3426,2,3426_2
query_3427,0,genomicbackground,1,riboswitch,0.9967488050460815,3427_2_RF01056_2_NC_000913.3_4467215-4467731_ext_260-460_int_130_off_20_percentage_31_position_1-36 genomicbackground,3427,2,3427_2
query_3428,0,genomicbackground,1,riboswitch,0.9972643852233887,3428_2_RF01056_2_NC_000913.3_4467215-4467731_ext_260-460_int_130_off_25_percentage_27_position_1-31 genomicbackground,3428,2,3428_2
query_3429,0,genomicbackground,1,riboswitch,0.9972137808799744,3429_2_RF01056_2_NC_000913.3_4467215-4467731_ext_260-460_int_130_off_30_percentage_22_position_1-26 genomicbackground,3429,2,3429_2
query_3430,0,genomicbackground,1,riboswitch,0.995288610458374,3430_2_RF01056_2_NC_000913.3_4467215-4467731_ext_260-460_int_130_off_35_percentage_18_position_1-21 genomicbackground,3430,2,3430_2
query_3431,0,genomicbackground,1,riboswitch,0.9955606460571289,3431_2_RF01056_2_NC_000913.3_4467215-4467731_ext_260-460_int_130_off_40_percentage_14_position_1-16 genomicbackground,3431,2,3431_2
query_3432,0,genomicbackground,1,riboswitch,0.9946886301040649,3432_2_RF01056_2_NC_000913.3_4467215-4467731_ext_260-460_int_130_off_45_percentage_9_position_1-11 genomicbackground,3432,2,3432_2
query_3433,0,genomicbackground,1,riboswitch,0.9720773696899414,3433_2_RF01056_2_NC_000913.3_4467215-4467731_ext_260-460_int_130_off_50_percentage_5_position_1-6 genomicbackground,3433,2,3433_2
query_3434,0,genomicbackground,1,riboswitch,0.9093031287193298,3434_2_RF01056_2_NC_000913.3_4467215-4467731_ext_260-460_int_130_off_55_percentage_1_position_1-1 genomicbackground,3434,2,3434_2
query_3435,0,genomicbackground,1,riboswitch,0.9259632229804993,3435_2_RF01056_2_NC_000913.3_4467215-4467731_ext_260-460_int_130_off_60_percentage_0_position_0-0 genomicbackground,3435,2,3435_2
query_3436,0,genomicbackground,1,riboswitch,0.7357004880905151,3436_2_RF01056_2_NC_000913.3_4467215-4467731_ext_260-460_int_130_off_65_percentage_0_position_0-0 genomicbackground,3436,2,3436_2
query_3437,0,genomicbackground,1,riboswitch,0.8807294368743896,3437_2_RF01056_2_NC_000913.3_4467215-4467731_ext_260-460_int_130_off_70_percentage_0_position_0-0 genomicbackground,3437,2,3437_2
query_3438,0,genomicbackground,1,riboswitch,0.9980759620666504,3438_2_RF01056_2_NC_000913.3_4467215-4467731_ext_260-460_int_135_off_0_percentage_48_position_1-56 genomicbackground,3438,2,3438_2
query_3439,0,genomicbackground,1,riboswitch,0.9122794270515442,3439_2_RF01056_2_NC_000913.3_4467215-4467731_ext_260-460_int_135_off_5_percentage_44_position_1-51 genomicbackground,3439,2,3439_2
query_3440,0,genomicbackground,1,riboswitch,0.9939754605293274,3440_2_RF01056_2_NC_000913.3_4467215-4467731_ext_260-460_int_135_off_10_percentage_40_position_1-46 genomicbackground,3440,2,3440_2
query_3441,0,genomicbackground,1,riboswitch,0.9940059185028076,3441_2_RF01056_2_NC_000913.3_4467215-4467731_ext_260-460_int_135_off_15_percentage_35_position_1-41 genomicbackground,3441,2,3441_2
query_3442,0,genomicbackground,1,riboswitch,0.9973536729812622,3442_2_RF01056_2_NC_000913.3_4467215-4467731_ext_260-460_int_135_off_20_percentage_31_position_1-36 genomicbackground,3442,2,3442_2
query_3443,0,genomicbackground,1,riboswitch,0.9969981908798218,3443_2_RF01056_2_NC_000913.3_4467215-4467731_ext_260-460_int_135_off_25_percentage_27_position_1-31 genomicbackground,3443,2,3443_2
query_3444,0,genomicbackground,1,riboswitch,0.9967530369758606,3444_2_RF01056_2_NC_000913.3_4467215-4467731_ext_260-460_int_135_off_30_percentage_22_position_1-26 genomicbackground,3444,2,3444_2
query_3445,0,genomicbackground,1,riboswitch,0.9907634854316711,3445_2_RF01056_2_NC_000913.3_4467215-4467731_ext_260-460_int_135_off_35_percentage_18_position_1-21 genomicbackground,3445,2,3445_2
query_3446,0,genomicbackground,1,riboswitch,0.9927708506584167,3446_2_RF01056_2_NC_000913.3_4467215-4467731_ext_260-460_int_135_off_40_percentage_14_position_1-16 genomicbackground,3446,2,3446_2
query_3447,0,genomicbackground,1,riboswitch,0.9945593476295471,3447_2_RF01056_2_NC_000913.3_4467215-4467731_ext_260-460_int_135_off_45_percentage_9_position_1-11 genomicbackground,3447,2,3447_2
query_3448,0,genomicbackground,1,riboswitch,0.8857318758964539,3448_2_RF01056_2_NC_000913.3_4467215-4467731_ext_260-460_int_135_off_50_percentage_5_position_1-6 genomicbackground,3448,2,3448_2
query_3449,0,genomicbackground,1,riboswitch,0.8170166611671448,3449_2_RF01056_2_NC_000913.3_4467215-4467731_ext_260-460_int_135_off_55_percentage_1_position_1-1 genomicbackground,3449,2,3449_2
query_3450,0,genomicbackground,1,riboswitch,0.9018162488937378,3450_2_RF01056_2_NC_000913.3_4467215-4467731_ext_260-460_int_135_off_60_percentage_0_position_0-0 genomicbackground,3450,2,3450_2
query_3451,0,genomicbackground,1,riboswitch,0.8443703055381775,3451_2_RF01056_2_NC_000913.3_4467215-4467731_ext_260-460_int_135_off_65_percentage_0_position_0-0 genomicbackground,3451,2,3451_2
query_3452,0,genomicbackground,1,riboswitch,0.9971109628677368,3452_2_RF01056_2_NC_000913.3_4467215-4467731_ext_260-460_int_140_off_0_percentage_48_position_1-56 genomicbackground,3452,2,3452_2
query_3453,0,genomicbackground,1,riboswitch,0.9941133856773376,3453_2_RF01056_2_NC_000913.3_4467215-4467731_ext_260-460_int_140_off_5_percentage_44_position_1-51 genomicbackground,3453,2,3453_2
query_3454,0,genomicbackground,1,riboswitch,0.9947881698608398,3454_2_RF01056_2_NC_000913.3_4467215-4467731_ext_260-460_int_140_off_10_percentage_40_position_1-46 genomicbackground,3454,2,3454_2
query_3455,0,genomicbackground,1,riboswitch,0.9925772547721863,3455_2_RF01056_2_NC_000913.3_4467215-4467731_ext_260-460_int_140_off_15_percentage_35_position_1-41 genomicbackground,3455,2,3455_2
query_3456,0,genomicbackground,1,riboswitch,0.9968882203102112,3456_2_RF01056_2_NC_000913.3_4467215-4467731_ext_260-460_int_140_off_20_percentage_31_position_1-36 genomicbackground,3456,2,3456_2
query_3457,0,genomicbackground,1,riboswitch,0.9964323043823242,3457_2_RF01056_2_NC_000913.3_4467215-4467731_ext_260-460_int_140_off_25_percentage_27_position_1-31 genomicbackground,3457,2,3457_2
query_3458,0,genomicbackground,1,riboswitch,0.9946448802947998,3458_2_RF01056_2_NC_000913.3_4467215-4467731_ext_260-460_int_140_off_30_percentage_22_position_1-26 genomicbackground,3458,2,3458_2
query_3459,0,genomicbackground,1,riboswitch,0.9906151294708252,3459_2_RF01056_2_NC_000913.3_4467215-4467731_ext_260-460_int_140_off_35_percentage_18_position_1-21 genomicbackground,3459,2,3459_2
query_3460,0,genomicbackground,1,riboswitch,0.9943892359733582,3460_2_RF01056_2_NC_000913.3_4467215-4467731_ext_260-460_int_140_off_40_percentage_14_position_1-16 genomicbackground,3460,2,3460_2
query_3461,0,genomicbackground,1,riboswitch,0.9851550459861755,3461_2_RF01056_2_NC_000913.3_4467215-4467731_ext_260-460_int_140_off_45_percentage_9_position_1-11 genomicbackground,3461,2,3461_2
query_3462,0,genomicbackground,1,riboswitch,0.7796399593353271,3462_2_RF01056_2_NC_000913.3_4467215-4467731_ext_260-460_int_140_off_50_percentage_5_position_1-6 genomicbackground,3462,2,3462_2
query_3463,0,genomicbackground,1,riboswitch,0.7687565684318542,3463_2_RF01056_2_NC_000913.3_4467215-4467731_ext_260-460_int_140_off_55_percentage_1_position_1-1 genomicbackground,3463,2,3463_2
query_3464,0,genomicbackground,1,riboswitch,0.9303507208824158,3464_2_RF01056_2_NC_000913.3_4467215-4467731_ext_260-460_int_140_off_60_percentage_0_position_0-0 genomicbackground,3464,2,3464_2
query_3465,0,genomicbackground,1,riboswitch,0.9984369874000549,3465_2_RF01056_2_NC_000913.3_4467215-4467731_ext_260-460_int_145_off_0_percentage_48_position_1-56 genomicbackground,3465,2,3465_2
query_3466,0,genomicbackground,1,riboswitch,0.9948499798774719,3466_2_RF01056_2_NC_000913.3_4467215-4467731_ext_260-460_int_145_off_5_percentage_44_position_1-51 genomicbackground,3466,2,3466_2
query_3467,0,genomicbackground,1,riboswitch,0.9937493801116943,3467_2_RF01056_2_NC_000913.3_4467215-4467731_ext_260-460_int_145_off_10_percentage_40_position_1-46 genomicbackground,3467,2,3467_2
query_3468,0,genomicbackground,1,riboswitch,0.9908486604690552,3468_2_RF01056_2_NC_000913.3_4467215-4467731_ext_260-460_int_145_off_15_percentage_35_position_1-41 genomicbackground,3468,2,3468_2
query_3469,0,genomicbackground,1,riboswitch,0.9964190721511841,3469_2_RF01056_2_NC_000913.3_4467215-4467731_ext_260-460_int_145_off_20_percentage_31_position_1-36 genomicbackground,3469,2,3469_2
query_3470,0,genomicbackground,1,riboswitch,0.9939433932304382,3470_2_RF01056_2_NC_000913.3_4467215-4467731_ext_260-460_int_145_off_25_percentage_27_position_1-31 genomicbackground,3470,2,3470_2
query_3471,0,genomicbackground,1,riboswitch,0.995341420173645,3471_2_RF01056_2_NC_000913.3_4467215-4467731_ext_260-460_int_145_off_30_percentage_22_position_1-26 genomicbackground,3471,2,3471_2
query_3472,0,genomicbackground,1,riboswitch,0.9893730282783508,3472_2_RF01056_2_NC_000913.3_4467215-4467731_ext_260-460_int_145_off_35_percentage_18_position_1-21 genomicbackground,3472,2,3472_2
query_3473,0,genomicbackground,1,riboswitch,0.9916983842849731,3473_2_RF01056_2_NC_000913.3_4467215-4467731_ext_260-460_int_145_off_40_percentage_14_position_1-16 genomicbackground,3473,2,3473_2
query_3474,0,genomicbackground,1,riboswitch,0.9718895554542542,3474_2_RF01056_2_NC_000913.3_4467215-4467731_ext_260-460_int_145_off_45_percentage_9_position_1-11 genomicbackground,3474,2,3474_2
query_3475,0,genomicbackground,1,riboswitch,0.730403482913971,3475_2_RF01056_2_NC_000913.3_4467215-4467731_ext_260-460_int_145_off_50_percentage_5_position_1-6 genomicbackground,3475,2,3475_2
query_3476,0,genomicbackground,1,riboswitch,0.8227590918540955,3476_2_RF01056_2_NC_000913.3_4467215-4467731_ext_260-460_int_145_off_55_percentage_1_position_1-1 genomicbackground,3476,2,3476_2
query_3477,0,genomicbackground,1,riboswitch,0.9985051155090332,3477_2_RF01056_2_NC_000913.3_4467215-4467731_ext_260-460_int_150_off_0_percentage_48_position_1-56 genomicbackground,3477,2,3477_2
query_3478,0,genomicbackground,1,riboswitch,0.9937764406204224,3478_2_RF01056_2_NC_000913.3_4467215-4467731_ext_260-460_int_150_off_5_percentage_44_position_1-51 genomicbackground,3478,2,3478_2
query_3479,0,genomicbackground,1,riboswitch,0.9924807548522949,3479_2_RF01056_2_NC_000913.3_4467215-4467731_ext_260-460_int_150_off_10_percentage_40_position_1-46 genomicbackground,3479,2,3479_2
query_3480,0,genomicbackground,1,riboswitch,0.9903157353401184,3480_2_RF01056_2_NC_000913.3_4467215-4467731_ext_260-460_int_150_off_15_percentage_35_position_1-41 genomicbackground,3480,2,3480_2
query_3481,0,genomicbackground,1,riboswitch,0.9946107864379883,3481_2_RF01056_2_NC_000913.3_4467215-4467731_ext_260-460_int_150_off_20_percentage_31_position_1-36 genomicbackground,3481,2,3481_2
query_3482,0,genomicbackground,1,riboswitch,0.9969843029975891,3482_2_RF01056_2_NC_000913.3_4467215-4467731_ext_260-460_int_150_off_25_percentage_27_position_1-31 genomicbackground,3482,2,3482_2
query_3483,0,genomicbackground,1,riboswitch,0.9958668947219849,3483_2_RF01056_2_NC_000913.3_4467215-4467731_ext_260-460_int_150_off_30_percentage_22_position_1-26 genomicbackground,3483,2,3483_2
query_3484,0,genomicbackground,1,riboswitch,0.9664152264595032,3484_2_RF01056_2_NC_000913.3_4467215-4467731_ext_260-460_int_150_off_35_percentage_18_position_1-21 genomicbackground,3484,2,3484_2
query_3485,0,genomicbackground,1,riboswitch,0.9868401288986206,3485_2_RF01056_2_NC_000913.3_4467215-4467731_ext_260-460_int_150_off_40_percentage_14_position_1-16 genomicbackground,3485,2,3485_2
query_3486,0,genomicbackground,1,riboswitch,0.9610174894332886,3486_2_RF01056_2_NC_000913.3_4467215-4467731_ext_260-460_int_150_off_45_percentage_9_position_1-11 genomicbackground,3486,2,3486_2
query_3487,0,genomicbackground,1,riboswitch,0.7893887162208557,3487_2_RF01056_2_NC_000913.3_4467215-4467731_ext_260-460_int_150_off_50_percentage_5_position_1-6 genomicbackground,3487,2,3487_2
query_3488,0,genomicbackground,1,riboswitch,0.9969401359558105,3488_2_RF01056_2_NC_000913.3_4467215-4467731_ext_260-460_int_155_off_0_percentage_48_position_1-56 genomicbackground,3488,2,3488_2
query_3489,0,genomicbackground,1,riboswitch,0.9925627112388611,3489_2_RF01056_2_NC_000913.3_4467215-4467731_ext_260-460_int_155_off_5_percentage_44_position_1-51 genomicbackground,3489,2,3489_2
query_3490,0,genomicbackground,1,riboswitch,0.9923525452613831,3490_2_RF01056_2_NC_000913.3_4467215-4467731_ext_260-460_int_155_off_10_percentage_40_position_1-46 genomicbackground,3490,2,3490_2
query_3491,0,genomicbackground,1,riboswitch,0.9819241166114807,3491_2_RF01056_2_NC_000913.3_4467215-4467731_ext_260-460_int_155_off_15_percentage_35_position_1-41 genomicbackground,3491,2,3491_2
query_3492,0,genomicbackground,1,riboswitch,0.9947255253791809,3492_2_RF01056_2_NC_000913.3_4467215-4467731_ext_260-460_int_155_off_20_percentage_31_position_1-36 genomicbackground,3492,2,3492_2
query_3493,0,genomicbackground,1,riboswitch,0.9972346425056458,3493_2_RF01056_2_NC_000913.3_4467215-4467731_ext_260-460_int_155_off_25_percentage_27_position_1-31 genomicbackground,3493,2,3493_2
query_3494,0,genomicbackground,1,riboswitch,0.9849587678909302,3494_2_RF01056_2_NC_000913.3_4467215-4467731_ext_260-460_int_155_off_30_percentage_22_position_1-26 genomicbackground,3494,2,3494_2
query_3495,0,genomicbackground,1,riboswitch,0.9295046925544739,3495_2_RF01056_2_NC_000913.3_4467215-4467731_ext_260-460_int_155_off_35_percentage_18_position_1-21 genomicbackground,3495,2,3495_2
query_3496,0,genomicbackground,1,riboswitch,0.9531656503677368,3496_2_RF01056_2_NC_000913.3_4467215-4467731_ext_260-460_int_155_off_40_percentage_14_position_1-16 genomicbackground,3496,2,3496_2
query_3497,0,genomicbackground,1,riboswitch,0.929888904094696,3497_2_RF01056_2_NC_000913.3_4467215-4467731_ext_260-460_int_155_off_45_percentage_9_position_1-11 genomicbackground,3497,2,3497_2
query_3498,0,genomicbackground,1,riboswitch,0.9966651797294617,3498_2_RF01056_2_NC_000913.3_4467215-4467731_ext_260-460_int_160_off_0_percentage_48_position_1-56 genomicbackground,3498,2,3498_2
query_3499,0,genomicbackground,1,riboswitch,0.9923433661460876,3499_2_RF01056_2_NC_000913.3_4467215-4467731_ext_260-460_int_160_off_5_percentage_44_position_1-51 genomicbackground,3499,2,3499_2
query_3500,0,genomicbackground,1,riboswitch,0.9866930842399597,3500_2_RF01056_2_NC_000913.3_4467215-4467731_ext_260-460_int_160_off_10_percentage_40_position_1-46 genomicbackground,3500,2,3500_2
query_3501,0,genomicbackground,1,riboswitch,0.9827492237091064,3501_2_RF01056_2_NC_000913.3_4467215-4467731_ext_260-460_int_160_off_15_percentage_35_position_1-41 genomicbackground,3501,2,3501_2
query_3502,0,genomicbackground,1,riboswitch,0.9943819642066956,3502_2_RF01056_2_NC_000913.3_4467215-4467731_ext_260-460_int_160_off_20_percentage_31_position_1-36 genomicbackground,3502,2,3502_2
query_3503,0,genomicbackground,1,riboswitch,0.9833284616470337,3503_2_RF01056_2_NC_000913.3_4467215-4467731_ext_260-460_int_160_off_25_percentage_27_position_1-31 genomicbackground,3503,2,3503_2
query_3504,0,genomicbackground,1,riboswitch,0.9687867164611816,3504_2_RF01056_2_NC_000913.3_4467215-4467731_ext_260-460_int_160_off_30_percentage_22_position_1-26 genomicbackground,3504,2,3504_2
query_3505,0,genomicbackground,1,riboswitch,0.9010421633720398,3505_2_RF01056_2_NC_000913.3_4467215-4467731_ext_260-460_int_160_off_35_percentage_18_position_1-21 genomicbackground,3505,2,3505_2
query_3506,0,genomicbackground,1,riboswitch,0.968695342540741,3506_2_RF01056_2_NC_000913.3_4467215-4467731_ext_260-460_int_160_off_40_percentage_14_position_1-16 genomicbackground,3506,2,3506_2
query_3507,0,genomicbackground,1,riboswitch,0.9966662526130676,3507_2_RF01056_2_NC_000913.3_4467215-4467731_ext_260-460_int_165_off_0_percentage_48_position_1-56 genomicbackground,3507,2,3507_2
query_3508,0,genomicbackground,1,riboswitch,0.993087112903595,3508_2_RF01056_2_NC_000913.3_4467215-4467731_ext_260-460_int_165_off_5_percentage_44_position_1-51 genomicbackground,3508,2,3508_2
query_3509,0,genomicbackground,1,riboswitch,0.9911501407623291,3509_2_RF01056_2_NC_000913.3_4467215-4467731_ext_260-460_int_165_off_10_percentage_40_position_1-46 genomicbackground,3509,2,3509_2
query_3510,0,genomicbackground,1,riboswitch,0.9808561205863953,3510_2_RF01056_2_NC_000913.3_4467215-4467731_ext_260-460_int_165_off_15_percentage_35_position_1-41 genomicbackground,3510,2,3510_2
query_3511,0,genomicbackground,1,riboswitch,0.9883220791816711,3511_2_RF01056_2_NC_000913.3_4467215-4467731_ext_260-460_int_165_off_20_percentage_31_position_1-36 genomicbackground,3511,2,3511_2
query_3512,0,genomicbackground,1,riboswitch,0.9652238488197327,3512_2_RF01056_2_NC_000913.3_4467215-4467731_ext_260-460_int_165_off_25_percentage_27_position_1-31 genomicbackground,3512,2,3512_2
query_3513,0,genomicbackground,1,riboswitch,0.9960507750511169,3513_2_RF01056_2_NC_000913.3_4467215-4467731_ext_260-460_int_165_off_30_percentage_22_position_1-26 genomicbackground,3513,2,3513_2
query_3514,0,genomicbackground,1,riboswitch,0.920917272567749,3514_2_RF01056_2_NC_000913.3_4467215-4467731_ext_260-460_int_165_off_35_percentage_18_position_1-21 genomicbackground,3514,2,3514_2
query_3515,0,genomicbackground,1,riboswitch,0.9954231381416321,3515_2_RF01056_2_NC_000913.3_4467215-4467731_ext_260-460_int_170_off_0_percentage_48_position_1-56 genomicbackground,3515,2,3515_2
query_3516,0,genomicbackground,1,riboswitch,0.9906466007232666,3516_2_RF01056_2_NC_000913.3_4467215-4467731_ext_260-460_int_170_off_5_percentage_44_position_1-51 genomicbackground,3516,2,3516_2
query_3517,0,genomicbackground,1,riboswitch,0.9911632537841797,3517_2_RF01056_2_NC_000913.3_4467215-4467731_ext_260-460_int_170_off_10_percentage_40_position_1-46 genomicbackground,3517,2,3517_2
query_3518,0,genomicbackground,1,riboswitch,0.9420758485794067,3518_2_RF01056_2_NC_000913.3_4467215-4467731_ext_260-460_int_170_off_15_percentage_35_position_1-41 genomicbackground,3518,2,3518_2
query_3519,0,genomicbackground,1,riboswitch,0.9798573851585388,3519_2_RF01056_2_NC_000913.3_4467215-4467731_ext_260-460_int_170_off_20_percentage_31_position_1-36 genomicbackground,3519,2,3519_2
query_3520,0,genomicbackground,1,riboswitch,0.994775652885437,3520_2_RF01056_2_NC_000913.3_4467215-4467731_ext_260-460_int_170_off_25_percentage_27_position_1-31 genomicbackground,3520,2,3520_2
query_3521,0,genomicbackground,1,riboswitch,0.9872526526451111,3521_2_RF01056_2_NC_000913.3_4467215-4467731_ext_260-460_int_170_off_30_percentage_22_position_1-26 genomicbackground,3521,2,3521_2
query_3522,0,genomicbackground,1,riboswitch,0.9953391551971436,3522_2_RF01056_2_NC_000913.3_4467215-4467731_ext_260-460_int_175_off_0_percentage_48_position_1-56 genomicbackground,3522,2,3522_2
query_3523,0,genomicbackground,1,riboswitch,0.9926119446754456,3523_2_RF01056_2_NC_000913.3_4467215-4467731_ext_260-460_int_175_off_5_percentage_44_position_1-51 genomicbackground,3523,2,3523_2
query_3524,0,genomicbackground,1,riboswitch,0.954677402973175,3524_2_RF01056_2_NC_000913.3_4467215-4467731_ext_260-460_int_175_off_10_percentage_40_position_1-46 genomicbackground,3524,2,3524_2
query_3525,0,genomicbackground,1,riboswitch,0.897922933101654,3525_2_RF01056_2_NC_000913.3_4467215-4467731_ext_260-460_int_175_off_15_percentage_35_position_1-41 genomicbackground,3525,2,3525_2
query_3526,0,genomicbackground,1,riboswitch,0.97322016954422,3526_2_RF01056_2_NC_000913.3_4467215-4467731_ext_260-460_int_175_off_20_percentage_31_position_1-36 genomicbackground,3526,2,3526_2
query_3527,0,genomicbackground,1,riboswitch,0.9877198338508606,3527_2_RF01056_2_NC_000913.3_4467215-4467731_ext_260-460_int_175_off_25_percentage_27_position_1-31 genomicbackground,3527,2,3527_2
query_3528,0,genomicbackground,1,riboswitch,0.9948200583457947,3528_2_RF01056_2_NC_000913.3_4467215-4467731_ext_260-460_int_180_off_0_percentage_48_position_1-56 genomicbackground,3528,2,3528_2
query_3529,0,genomicbackground,1,riboswitch,0.9897352457046509,3529_2_RF01056_2_NC_000913.3_4467215-4467731_ext_260-460_int_180_off_5_percentage_44_position_1-51 genomicbackground,3529,2,3529_2
query_3530,0,genomicbackground,1,riboswitch,0.9208709001541138,3530_2_RF01056_2_NC_000913.3_4467215-4467731_ext_260-460_int_180_off_10_percentage_40_position_1-46 genomicbackground,3530,2,3530_2
query_3531,0,genomicbackground,1,riboswitch,0.8725624680519104,3531_2_RF01056_2_NC_000913.3_4467215-4467731_ext_260-460_int_180_off_15_percentage_35_position_1-41 genomicbackground,3531,2,3531_2
query_3532,0,genomicbackground,1,riboswitch,0.9778392314910889,3532_2_RF01056_2_NC_000913.3_4467215-4467731_ext_260-460_int_180_off_20_percentage_31_position_1-36 genomicbackground,3532,2,3532_2
query_3533,0,genomicbackground,1,riboswitch,0.989094078540802,3533_2_RF01056_2_NC_000913.3_4467215-4467731_ext_260-460_int_185_off_0_percentage_48_position_1-56 genomicbackground,3533,2,3533_2
query_3534,0,genomicbackground,1,riboswitch,0.9846103191375732,3534_2_RF01056_2_NC_000913.3_4467215-4467731_ext_260-460_int_185_off_5_percentage_44_position_1-51 genomicbackground,3534,2,3534_2
query_3535,0,genomicbackground,1,riboswitch,0.9004749059677124,3535_2_RF01056_2_NC_000913.3_4467215-4467731_ext_260-460_int_185_off_10_percentage_40_position_1-46 genomicbackground,3535,2,3535_2
query_3536,0,genomicbackground,1,riboswitch,0.8955675959587097,3536_2_RF01056_2_NC_000913.3_4467215-4467731_ext_260-460_int_185_off_15_percentage_35_position_1-41 genomicbackground,3536,2,3536_2
query_3537,0,genomicbackground,1,riboswitch,0.9829697608947754,3537_2_RF01056_2_NC_000913.3_4467215-4467731_ext_260-460_int_190_off_0_percentage_48_position_1-56 genomicbackground,3537,2,3537_2
query_3538,0,genomicbackground,1,riboswitch,0.980278730392456,3538_2_RF01056_2_NC_000913.3_4467215-4467731_ext_260-460_int_190_off_5_percentage_44_position_1-51 genomicbackground,3538,2,3538_2
query_3539,0,genomicbackground,1,riboswitch,0.9174708127975464,3539_2_RF01056_2_NC_000913.3_4467215-4467731_ext_260-460_int_190_off_10_percentage_40_position_1-46 genomicbackground,3539,2,3539_2
query_3540,0,genomicbackground,1,riboswitch,0.9776005148887634,3540_2_RF01056_2_NC_000913.3_4467215-4467731_ext_260-460_int_195_off_0_percentage_48_position_1-56 genomicbackground,3540,2,3540_2
query_3541,0,genomicbackground,1,riboswitch,0.9831467270851135,3541_2_RF01056_2_NC_000913.3_4467215-4467731_ext_260-460_int_195_off_5_percentage_44_position_1-51 genomicbackground,3541,2,3541_2
query_3542,0,genomicbackground,1,riboswitch,0.9801472425460815,3542_2_RF01056_2_NC_000913.3_4467215-4467731_ext_260-460_int_200_off_0_percentage_48_position_1-56 genomicbackground,3542,2,3542_2
query_3543,0,genomicbackground,1,riboswitch,0.9651517868041992,3543_2_RF01056_2_NC_000913.3_4467215-4467731_ext_280-480_int_95_off_0_percentage_31_position_1-36 genomicbackground,3543,2,3543_2
query_3544,0,genomicbackground,1,riboswitch,0.9975576400756836,3544_2_RF01056_2_NC_000913.3_4467215-4467731_ext_280-480_int_95_off_5_percentage_27_position_1-31 genomicbackground,3544,2,3544_2
query_3545,0,genomicbackground,1,riboswitch,0.9948617815971375,3545_2_RF01056_2_NC_000913.3_4467215-4467731_ext_280-480_int_95_off_10_percentage_22_position_1-26 genomicbackground,3545,2,3545_2
query_3546,0,genomicbackground,1,riboswitch,0.9794875979423523,3546_2_RF01056_2_NC_000913.3_4467215-4467731_ext_280-480_int_95_off_15_percentage_18_position_1-21 genomicbackground,3546,2,3546_2
query_3547,0,genomicbackground,1,riboswitch,0.9717375636100769,3547_2_RF01056_2_NC_000913.3_4467215-4467731_ext_280-480_int_95_off_20_percentage_14_position_1-16 genomicbackground,3547,2,3547_2
query_3548,0,genomicbackground,1,riboswitch,0.7419751882553101,3548_2_RF01056_2_NC_000913.3_4467215-4467731_ext_280-480_int_95_off_25_percentage_9_position_1-11 genomicbackground,3548,2,3548_2
query_3549,0,genomicbackground,1,riboswitch,0.9908616542816162,3549_2_RF01056_2_NC_000913.3_4467215-4467731_ext_280-480_int_95_off_30_percentage_5_position_1-6 genomicbackground,3549,2,3549_2
query_3550,0,genomicbackground,1,riboswitch,0.9949356317520142,3550_2_RF01056_2_NC_000913.3_4467215-4467731_ext_280-480_int_95_off_35_percentage_1_position_1-1 genomicbackground,3550,2,3550_2
query_3551,0,genomicbackground,1,riboswitch,0.9966631531715393,3551_2_RF01056_2_NC_000913.3_4467215-4467731_ext_280-480_int_95_off_40_percentage_0_position_0-0 genomicbackground,3551,2,3551_2
query_3552,0,genomicbackground,1,riboswitch,0.922956109046936,3552_2_RF01056_2_NC_000913.3_4467215-4467731_ext_280-480_int_95_off_45_percentage_0_position_0-0 genomicbackground,3552,2,3552_2
query_3553,0,genomicbackground,1,riboswitch,0.9599581956863403,3553_2_RF01056_2_NC_000913.3_4467215-4467731_ext_280-480_int_95_off_50_percentage_0_position_0-0 genomicbackground,3553,2,3553_2
query_3554,0,genomicbackground,1,riboswitch,0.6732850670814514,3554_2_RF01056_2_NC_000913.3_4467215-4467731_ext_280-480_int_95_off_55_percentage_0_position_0-0 genomicbackground,3554,2,3554_2
query_3555,0,genomicbackground,1,riboswitch,0.9827756285667419,3555_2_RF01056_2_NC_000913.3_4467215-4467731_ext_280-480_int_95_off_60_percentage_0_position_0-0 genomicbackground,3555,2,3555_2
query_3556,0,genomicbackground,1,riboswitch,0.995428204536438,3556_2_RF01056_2_NC_000913.3_4467215-4467731_ext_280-480_int_95_off_65_percentage_0_position_0-0 genomicbackground,3556,2,3556_2
query_3557,0,genomicbackground,0,genomicbackground,0.3482844829559326,3557_2_RF01056_2_NC_000913.3_4467215-4467731_ext_280-480_int_95_off_70_percentage_0_position_0-0 genomicbackground,3557,2,3557_2
query_3558,0,genomicbackground,0,genomicbackground,0.11152279376983643,3558_2_RF01056_2_NC_000913.3_4467215-4467731_ext_280-480_int_95_off_75_percentage_0_position_0-0 genomicbackground,3558,2,3558_2
query_3559,0,genomicbackground,1,riboswitch,0.7135385870933533,3559_2_RF01056_2_NC_000913.3_4467215-4467731_ext_280-480_int_95_off_80_percentage_0_position_0-0 genomicbackground,3559,2,3559_2
query_3560,0,genomicbackground,1,riboswitch,0.6648358106613159,3560_2_RF01056_2_NC_000913.3_4467215-4467731_ext_280-480_int_95_off_85_percentage_0_position_0-0 genomicbackground,3560,2,3560_2
query_3561,0,genomicbackground,1,riboswitch,0.7565351724624634,3561_2_RF01056_2_NC_000913.3_4467215-4467731_ext_280-480_int_95_off_90_percentage_0_position_0-0 genomicbackground,3561,2,3561_2
query_3562,0,genomicbackground,1,riboswitch,0.9907761216163635,3562_2_RF01056_2_NC_000913.3_4467215-4467731_ext_280-480_int_95_off_95_percentage_0_position_0-0 genomicbackground,3562,2,3562_2
query_3563,0,genomicbackground,1,riboswitch,0.8053442239761353,3563_2_RF01056_2_NC_000913.3_4467215-4467731_ext_280-480_int_95_off_100_percentage_0_position_0-0 genomicbackground,3563,2,3563_2
query_3564,0,genomicbackground,0,genomicbackground,0.19858698546886444,3564_2_RF01056_2_NC_000913.3_4467215-4467731_ext_280-480_int_95_off_105_percentage_0_position_0-0 genomicbackground,3564,2,3564_2
query_3565,0,genomicbackground,1,riboswitch,0.8827430009841919,3565_2_RF01056_2_NC_000913.3_4467215-4467731_ext_280-480_int_100_off_0_percentage_31_position_1-36 genomicbackground,3565,2,3565_2
query_3566,0,genomicbackground,1,riboswitch,0.9947751760482788,3566_2_RF01056_2_NC_000913.3_4467215-4467731_ext_280-480_int_100_off_5_percentage_27_position_1-31 genomicbackground,3566,2,3566_2
query_3567,0,genomicbackground,1,riboswitch,0.9895455241203308,3567_2_RF01056_2_NC_000913.3_4467215-4467731_ext_280-480_int_100_off_10_percentage_22_position_1-26 genomicbackground,3567,2,3567_2
query_3568,0,genomicbackground,1,riboswitch,0.9972353577613831,3568_2_RF01056_2_NC_000913.3_4467215-4467731_ext_280-480_int_100_off_15_percentage_18_position_1-21 genomicbackground,3568,2,3568_2
query_3569,0,genomicbackground,1,riboswitch,0.9084508419036865,3569_2_RF01056_2_NC_000913.3_4467215-4467731_ext_280-480_int_100_off_20_percentage_14_position_1-16 genomicbackground,3569,2,3569_2
query_3570,0,genomicbackground,1,riboswitch,0.9963317513465881,3570_2_RF01056_2_NC_000913.3_4467215-4467731_ext_280-480_int_100_off_25_percentage_9_position_1-11 genomicbackground,3570,2,3570_2
query_3571,0,genomicbackground,1,riboswitch,0.9934155941009521,3571_2_RF01056_2_NC_000913.3_4467215-4467731_ext_280-480_int_100_off_30_percentage_5_position_1-6 genomicbackground,3571,2,3571_2
query_3572,0,genomicbackground,1,riboswitch,0.9932479858398438,3572_2_RF01056_2_NC_000913.3_4467215-4467731_ext_280-480_int_100_off_35_percentage_1_position_1-1 genomicbackground,3572,2,3572_2
query_3573,0,genomicbackground,1,riboswitch,0.9954574108123779,3573_2_RF01056_2_NC_000913.3_4467215-4467731_ext_280-480_int_100_off_40_percentage_0_position_0-0 genomicbackground,3573,2,3573_2
query_3574,0,genomicbackground,1,riboswitch,0.9244282841682434,3574_2_RF01056_2_NC_000913.3_4467215-4467731_ext_280-480_int_100_off_45_percentage_0_position_0-0 genomicbackground,3574,2,3574_2
query_3575,0,genomicbackground,1,riboswitch,0.8927685022354126,3575_2_RF01056_2_NC_000913.3_4467215-4467731_ext_280-480_int_100_off_50_percentage_0_position_0-0 genomicbackground,3575,2,3575_2
query_3576,0,genomicbackground,1,riboswitch,0.8834130764007568,3576_2_RF01056_2_NC_000913.3_4467215-4467731_ext_280-480_int_100_off_55_percentage_0_position_0-0 genomicbackground,3576,2,3576_2
query_3577,0,genomicbackground,1,riboswitch,0.9847375750541687,3577_2_RF01056_2_NC_000913.3_4467215-4467731_ext_280-480_int_100_off_60_percentage_0_position_0-0 genomicbackground,3577,2,3577_2
query_3578,0,genomicbackground,1,riboswitch,0.9946424961090088,3578_2_RF01056_2_NC_000913.3_4467215-4467731_ext_280-480_int_100_off_65_percentage_0_position_0-0 genomicbackground,3578,2,3578_2
query_3579,0,genomicbackground,0,genomicbackground,0.1625521332025528,3579_2_RF01056_2_NC_000913.3_4467215-4467731_ext_280-480_int_100_off_70_percentage_0_position_0-0 genomicbackground,3579,2,3579_2
query_3580,0,genomicbackground,0,genomicbackground,0.4656635522842407,3580_2_RF01056_2_NC_000913.3_4467215-4467731_ext_280-480_int_100_off_75_percentage_0_position_0-0 genomicbackground,3580,2,3580_2
query_3581,0,genomicbackground,1,riboswitch,0.9123041033744812,3581_2_RF01056_2_NC_000913.3_4467215-4467731_ext_280-480_int_100_off_80_percentage_0_position_0-0 genomicbackground,3581,2,3581_2
query_3582,0,genomicbackground,1,riboswitch,0.7119281888008118,3582_2_RF01056_2_NC_000913.3_4467215-4467731_ext_280-480_int_100_off_85_percentage_0_position_0-0 genomicbackground,3582,2,3582_2
query_3583,0,genomicbackground,1,riboswitch,0.6150715947151184,3583_2_RF01056_2_NC_000913.3_4467215-4467731_ext_280-480_int_100_off_90_percentage_0_position_0-0 genomicbackground,3583,2,3583_2
query_3584,0,genomicbackground,1,riboswitch,0.996582567691803,3584_2_RF01056_2_NC_000913.3_4467215-4467731_ext_280-480_int_100_off_95_percentage_0_position_0-0 genomicbackground,3584,2,3584_2
query_3585,0,genomicbackground,1,riboswitch,0.9230432510375977,3585_2_RF01056_2_NC_000913.3_4467215-4467731_ext_280-480_int_100_off_100_percentage_0_position_0-0 genomicbackground,3585,2,3585_2
query_3586,0,genomicbackground,1,riboswitch,0.8566559553146362,3586_2_RF01056_2_NC_000913.3_4467215-4467731_ext_280-480_int_105_off_0_percentage_31_position_1-36 genomicbackground,3586,2,3586_2
query_3587,0,genomicbackground,1,riboswitch,0.986146867275238,3587_2_RF01056_2_NC_000913.3_4467215-4467731_ext_280-480_int_105_off_5_percentage_27_position_1-31 genomicbackground,3587,2,3587_2
query_3588,0,genomicbackground,1,riboswitch,0.9977678060531616,3588_2_RF01056_2_NC_000913.3_4467215-4467731_ext_280-480_int_105_off_10_percentage_22_position_1-26 genomicbackground,3588,2,3588_2
query_3589,0,genomicbackground,1,riboswitch,0.995549201965332,3589_2_RF01056_2_NC_000913.3_4467215-4467731_ext_280-480_int_105_off_15_percentage_18_position_1-21 genomicbackground,3589,2,3589_2
query_3590,0,genomicbackground,1,riboswitch,0.9961516261100769,3590_2_RF01056_2_NC_000913.3_4467215-4467731_ext_280-480_int_105_off_20_percentage_14_position_1-16 genomicbackground,3590,2,3590_2
query_3591,0,genomicbackground,1,riboswitch,0.9969493746757507,3591_2_RF01056_2_NC_000913.3_4467215-4467731_ext_280-480_int_105_off_25_percentage_9_position_1-11 genomicbackground,3591,2,3591_2
query_3592,0,genomicbackground,1,riboswitch,0.9911404252052307,3592_2_RF01056_2_NC_000913.3_4467215-4467731_ext_280-480_int_105_off_30_percentage_5_position_1-6 genomicbackground,3592,2,3592_2
query_3593,0,genomicbackground,1,riboswitch,0.9908307790756226,3593_2_RF01056_2_NC_000913.3_4467215-4467731_ext_280-480_int_105_off_35_percentage_1_position_1-1 genomicbackground,3593,2,3593_2
query_3594,0,genomicbackground,1,riboswitch,0.9947746396064758,3594_2_RF01056_2_NC_000913.3_4467215-4467731_ext_280-480_int_105_off_40_percentage_0_position_0-0 genomicbackground,3594,2,3594_2
query_3595,0,genomicbackground,1,riboswitch,0.7944355010986328,3595_2_RF01056_2_NC_000913.3_4467215-4467731_ext_280-480_int_105_off_45_percentage_0_position_0-0 genomicbackground,3595,2,3595_2
query_3596,0,genomicbackground,1,riboswitch,0.8499898910522461,3596_2_RF01056_2_NC_000913.3_4467215-4467731_ext_280-480_int_105_off_50_percentage_0_position_0-0 genomicbackground,3596,2,3596_2
query_3597,0,genomicbackground,1,riboswitch,0.8836886286735535,3597_2_RF01056_2_NC_000913.3_4467215-4467731_ext_280-480_int_105_off_55_percentage_0_position_0-0 genomicbackground,3597,2,3597_2
query_3598,0,genomicbackground,1,riboswitch,0.9883987307548523,3598_2_RF01056_2_NC_000913.3_4467215-4467731_ext_280-480_int_105_off_60_percentage_0_position_0-0 genomicbackground,3598,2,3598_2
query_3599,0,genomicbackground,1,riboswitch,0.9894394278526306,3599_2_RF01056_2_NC_000913.3_4467215-4467731_ext_280-480_int_105_off_65_percentage_0_position_0-0 genomicbackground,3599,2,3599_2
query_3600,0,genomicbackground,0,genomicbackground,0.3971078395843506,3600_2_RF01056_2_NC_000913.3_4467215-4467731_ext_280-480_int_105_off_70_percentage_0_position_0-0 genomicbackground,3600,2,3600_2
query_3601,0,genomicbackground,1,riboswitch,0.7664560079574585,3601_2_RF01056_2_NC_000913.3_4467215-4467731_ext_280-480_int_105_off_75_percentage_0_position_0-0 genomicbackground,3601,2,3601_2
query_3602,0,genomicbackground,1,riboswitch,0.9807917475700378,3602_2_RF01056_2_NC_000913.3_4467215-4467731_ext_280-480_int_105_off_80_percentage_0_position_0-0 genomicbackground,3602,2,3602_2
query_3603,0,genomicbackground,1,riboswitch,0.5830990672111511,3603_2_RF01056_2_NC_000913.3_4467215-4467731_ext_280-480_int_105_off_85_percentage_0_position_0-0 genomicbackground,3603,2,3603_2
query_3604,0,genomicbackground,1,riboswitch,0.9276001453399658,3604_2_RF01056_2_NC_000913.3_4467215-4467731_ext_280-480_int_105_off_90_percentage_0_position_0-0 genomicbackground,3604,2,3604_2
query_3605,0,genomicbackground,1,riboswitch,0.9951176643371582,3605_2_RF01056_2_NC_000913.3_4467215-4467731_ext_280-480_int_105_off_95_percentage_0_position_0-0 genomicbackground,3605,2,3605_2
query_3606,0,genomicbackground,0,genomicbackground,0.462684690952301,3606_2_RF01056_2_NC_000913.3_4467215-4467731_ext_280-480_int_110_off_0_percentage_31_position_1-36 genomicbackground,3606,2,3606_2
query_3607,0,genomicbackground,1,riboswitch,0.9976934194564819,3607_2_RF01056_2_NC_000913.3_4467215-4467731_ext_280-480_int_110_off_5_percentage_27_position_1-31 genomicbackground,3607,2,3607_2
query_3608,0,genomicbackground,1,riboswitch,0.997222900390625,3608_2_RF01056_2_NC_000913.3_4467215-4467731_ext_280-480_int_110_off_10_percentage_22_position_1-26 genomicbackground,3608,2,3608_2
query_3609,0,genomicbackground,1,riboswitch,0.9984305500984192,3609_2_RF01056_2_NC_000913.3_4467215-4467731_ext_280-480_int_110_off_15_percentage_18_position_1-21 genomicbackground,3609,2,3609_2
query_3610,0,genomicbackground,1,riboswitch,0.9966579675674438,3610_2_RF01056_2_NC_000913.3_4467215-4467731_ext_280-480_int_110_off_20_percentage_14_position_1-16 genomicbackground,3610,2,3610_2
query_3611,0,genomicbackground,1,riboswitch,0.997687816619873,3611_2_RF01056_2_NC_000913.3_4467215-4467731_ext_280-480_int_110_off_25_percentage_9_position_1-11 genomicbackground,3611,2,3611_2
query_3612,0,genomicbackground,1,riboswitch,0.9880036115646362,3612_2_RF01056_2_NC_000913.3_4467215-4467731_ext_280-480_int_110_off_30_percentage_5_position_1-6 genomicbackground,3612,2,3612_2
query_3613,0,genomicbackground,1,riboswitch,0.9896045923233032,3613_2_RF01056_2_NC_000913.3_4467215-4467731_ext_280-480_int_110_off_35_percentage_1_position_1-1 genomicbackground,3613,2,3613_2
query_3614,0,genomicbackground,1,riboswitch,0.9900479316711426,3614_2_RF01056_2_NC_000913.3_4467215-4467731_ext_280-480_int_110_off_40_percentage_0_position_0-0 genomicbackground,3614,2,3614_2
query_3615,0,genomicbackground,1,riboswitch,0.6947660446166992,3615_2_RF01056_2_NC_000913.3_4467215-4467731_ext_280-480_int_110_off_45_percentage_0_position_0-0 genomicbackground,3615,2,3615_2
query_3616,0,genomicbackground,1,riboswitch,0.8503530025482178,3616_2_RF01056_2_NC_000913.3_4467215-4467731_ext_280-480_int_110_off_50_percentage_0_position_0-0 genomicbackground,3616,2,3616_2
query_3617,0,genomicbackground,1,riboswitch,0.9014688730239868,3617_2_RF01056_2_NC_000913.3_4467215-4467731_ext_280-480_int_110_off_55_percentage_0_position_0-0 genomicbackground,3617,2,3617_2
query_3618,0,genomicbackground,1,riboswitch,0.9807860255241394,3618_2_RF01056_2_NC_000913.3_4467215-4467731_ext_280-480_int_110_off_60_percentage_0_position_0-0 genomicbackground,3618,2,3618_2
query_3619,0,genomicbackground,0,genomicbackground,0.4029301106929779,3619_2_RF01056_2_NC_000913.3_4467215-4467731_ext_280-480_int_110_off_65_percentage_0_position_0-0 genomicbackground,3619,2,3619_2
query_3620,0,genomicbackground,1,riboswitch,0.5091546177864075,3620_2_RF01056_2_NC_000913.3_4467215-4467731_ext_280-480_int_110_off_70_percentage_0_position_0-0 genomicbackground,3620,2,3620_2
query_3621,0,genomicbackground,1,riboswitch,0.9316884875297546,3621_2_RF01056_2_NC_000913.3_4467215-4467731_ext_280-480_int_110_off_75_percentage_0_position_0-0 genomicbackground,3621,2,3621_2
query_3622,0,genomicbackground,1,riboswitch,0.969963014125824,3622_2_RF01056_2_NC_000913.3_4467215-4467731_ext_280-480_int_110_off_80_percentage_0_position_0-0 genomicbackground,3622,2,3622_2
query_3623,0,genomicbackground,1,riboswitch,0.8881263136863708,3623_2_RF01056_2_NC_000913.3_4467215-4467731_ext_280-480_int_110_off_85_percentage_0_position_0-0 genomicbackground,3623,2,3623_2
query_3624,0,genomicbackground,1,riboswitch,0.7881126403808594,3624_2_RF01056_2_NC_000913.3_4467215-4467731_ext_280-480_int_110_off_90_percentage_0_position_0-0 genomicbackground,3624,2,3624_2
query_3625,0,genomicbackground,1,riboswitch,0.9696850776672363,3625_2_RF01056_2_NC_000913.3_4467215-4467731_ext_280-480_int_115_off_0_percentage_31_position_1-36 genomicbackground,3625,2,3625_2
query_3626,0,genomicbackground,1,riboswitch,0.9968729615211487,3626_2_RF01056_2_NC_000913.3_4467215-4467731_ext_280-480_int_115_off_5_percentage_27_position_1-31 genomicbackground,3626,2,3626_2
query_3627,0,genomicbackground,1,riboswitch,0.9983945488929749,3627_2_RF01056_2_NC_000913.3_4467215-4467731_ext_280-480_int_115_off_10_percentage_22_position_1-26 genomicbackground,3627,2,3627_2
query_3628,0,genomicbackground,1,riboswitch,0.9985155463218689,3628_2_RF01056_2_NC_000913.3_4467215-4467731_ext_280-480_int_115_off_15_percentage_18_position_1-21 genomicbackground,3628,2,3628_2
query_3629,0,genomicbackground,1,riboswitch,0.997957706451416,3629_2_RF01056_2_NC_000913.3_4467215-4467731_ext_280-480_int_115_off_20_percentage_14_position_1-16 genomicbackground,3629,2,3629_2
query_3630,0,genomicbackground,1,riboswitch,0.9970977306365967,3630_2_RF01056_2_NC_000913.3_4467215-4467731_ext_280-480_int_115_off_25_percentage_9_position_1-11 genomicbackground,3630,2,3630_2
query_3631,0,genomicbackground,1,riboswitch,0.9868823885917664,3631_2_RF01056_2_NC_000913.3_4467215-4467731_ext_280-480_int_115_off_30_percentage_5_position_1-6 genomicbackground,3631,2,3631_2
query_3632,0,genomicbackground,1,riboswitch,0.977202832698822,3632_2_RF01056_2_NC_000913.3_4467215-4467731_ext_280-480_int_115_off_35_percentage_1_position_1-1 genomicbackground,3632,2,3632_2
query_3633,0,genomicbackground,1,riboswitch,0.9914903044700623,3633_2_RF01056_2_NC_000913.3_4467215-4467731_ext_280-480_int_115_off_40_percentage_0_position_0-0 genomicbackground,3633,2,3633_2
query_3634,0,genomicbackground,1,riboswitch,0.6107080578804016,3634_2_RF01056_2_NC_000913.3_4467215-4467731_ext_280-480_int_115_off_45_percentage_0_position_0-0 genomicbackground,3634,2,3634_2
query_3635,0,genomicbackground,1,riboswitch,0.8105840682983398,3635_2_RF01056_2_NC_000913.3_4467215-4467731_ext_280-480_int_115_off_50_percentage_0_position_0-0 genomicbackground,3635,2,3635_2
query_3636,0,genomicbackground,1,riboswitch,0.723065972328186,3636_2_RF01056_2_NC_000913.3_4467215-4467731_ext_280-480_int_115_off_55_percentage_0_position_0-0 genomicbackground,3636,2,3636_2
query_3637,0,genomicbackground,1,riboswitch,0.9790584444999695,3637_2_RF01056_2_NC_000913.3_4467215-4467731_ext_280-480_int_115_off_60_percentage_0_position_0-0 genomicbackground,3637,2,3637_2
query_3638,0,genomicbackground,1,riboswitch,0.919870913028717,3638_2_RF01056_2_NC_000913.3_4467215-4467731_ext_280-480_int_115_off_65_percentage_0_position_0-0 genomicbackground,3638,2,3638_2
query_3639,0,genomicbackground,1,riboswitch,0.8327970504760742,3639_2_RF01056_2_NC_000913.3_4467215-4467731_ext_280-480_int_115_off_70_percentage_0_position_0-0 genomicbackground,3639,2,3639_2
query_3640,0,genomicbackground,1,riboswitch,0.867286741733551,3640_2_RF01056_2_NC_000913.3_4467215-4467731_ext_280-480_int_115_off_75_percentage_0_position_0-0 genomicbackground,3640,2,3640_2
query_3641,0,genomicbackground,1,riboswitch,0.9758965969085693,3641_2_RF01056_2_NC_000913.3_4467215-4467731_ext_280-480_int_115_off_80_percentage_0_position_0-0 genomicbackground,3641,2,3641_2
query_3642,0,genomicbackground,1,riboswitch,0.763218104839325,3642_2_RF01056_2_NC_000913.3_4467215-4467731_ext_280-480_int_115_off_85_percentage_0_position_0-0 genomicbackground,3642,2,3642_2
query_3643,0,genomicbackground,1,riboswitch,0.8726797699928284,3643_2_RF01056_2_NC_000913.3_4467215-4467731_ext_280-480_int_120_off_0_percentage_31_position_1-36 genomicbackground,3643,2,3643_2
query_3644,0,genomicbackground,1,riboswitch,0.9980415105819702,3644_2_RF01056_2_NC_000913.3_4467215-4467731_ext_280-480_int_120_off_5_percentage_27_position_1-31 genomicbackground,3644,2,3644_2
query_3645,0,genomicbackground,1,riboswitch,0.9990876913070679,3645_2_RF01056_2_NC_000913.3_4467215-4467731_ext_280-480_int_120_off_10_percentage_22_position_1-26 genomicbackground,3645,2,3645_2
query_3646,0,genomicbackground,1,riboswitch,0.9963729977607727,3646_2_RF01056_2_NC_000913.3_4467215-4467731_ext_280-480_int_120_off_15_percentage_18_position_1-21 genomicbackground,3646,2,3646_2
query_3647,0,genomicbackground,1,riboswitch,0.9975125789642334,3647_2_RF01056_2_NC_000913.3_4467215-4467731_ext_280-480_int_120_off_20_percentage_14_position_1-16 genomicbackground,3647,2,3647_2
query_3648,0,genomicbackground,1,riboswitch,0.9965207576751709,3648_2_RF01056_2_NC_000913.3_4467215-4467731_ext_280-480_int_120_off_25_percentage_9_position_1-11 genomicbackground,3648,2,3648_2
query_3649,0,genomicbackground,1,riboswitch,0.970568835735321,3649_2_RF01056_2_NC_000913.3_4467215-4467731_ext_280-480_int_120_off_30_percentage_5_position_1-6 genomicbackground,3649,2,3649_2
query_3650,0,genomicbackground,1,riboswitch,0.9795138835906982,3650_2_RF01056_2_NC_000913.3_4467215-4467731_ext_280-480_int_120_off_35_percentage_1_position_1-1 genomicbackground,3650,2,3650_2
query_3651,0,genomicbackground,1,riboswitch,0.991292417049408,3651_2_RF01056_2_NC_000913.3_4467215-4467731_ext_280-480_int_120_off_40_percentage_0_position_0-0 genomicbackground,3651,2,3651_2
query_3652,0,genomicbackground,1,riboswitch,0.6255297660827637,3652_2_RF01056_2_NC_000913.3_4467215-4467731_ext_280-480_int_120_off_45_percentage_0_position_0-0 genomicbackground,3652,2,3652_2
query_3653,0,genomicbackground,1,riboswitch,0.6773243546485901,3653_2_RF01056_2_NC_000913.3_4467215-4467731_ext_280-480_int_120_off_50_percentage_0_position_0-0 genomicbackground,3653,2,3653_2
query_3654,0,genomicbackground,1,riboswitch,0.8221526145935059,3654_2_RF01056_2_NC_000913.3_4467215-4467731_ext_280-480_int_120_off_55_percentage_0_position_0-0 genomicbackground,3654,2,3654_2
query_3655,0,genomicbackground,1,riboswitch,0.9886338710784912,3655_2_RF01056_2_NC_000913.3_4467215-4467731_ext_280-480_int_120_off_60_percentage_0_position_0-0 genomicbackground,3655,2,3655_2
query_3656,0,genomicbackground,1,riboswitch,0.9345070123672485,3656_2_RF01056_2_NC_000913.3_4467215-4467731_ext_280-480_int_120_off_65_percentage_0_position_0-0 genomicbackground,3656,2,3656_2
query_3657,0,genomicbackground,1,riboswitch,0.7330179214477539,3657_2_RF01056_2_NC_000913.3_4467215-4467731_ext_280-480_int_120_off_70_percentage_0_position_0-0 genomicbackground,3657,2,3657_2
query_3658,0,genomicbackground,0,genomicbackground,0.2756499648094177,3658_2_RF01056_2_NC_000913.3_4467215-4467731_ext_280-480_int_120_off_75_percentage_0_position_0-0 genomicbackground,3658,2,3658_2
query_3659,0,genomicbackground,0,genomicbackground,0.021309804171323776,3659_2_RF01056_2_NC_000913.3_4467215-4467731_ext_280-480_int_120_off_80_percentage_0_position_0-0 genomicbackground,3659,2,3659_2
query_3660,0,genomicbackground,1,riboswitch,0.9963945746421814,3660_2_RF01056_2_NC_000913.3_4467215-4467731_ext_280-480_int_125_off_0_percentage_31_position_1-36 genomicbackground,3660,2,3660_2
query_3661,0,genomicbackground,1,riboswitch,0.9981787204742432,3661_2_RF01056_2_NC_000913.3_4467215-4467731_ext_280-480_int_125_off_5_percentage_27_position_1-31 genomicbackground,3661,2,3661_2
query_3662,0,genomicbackground,1,riboswitch,0.9974665641784668,3662_2_RF01056_2_NC_000913.3_4467215-4467731_ext_280-480_int_125_off_10_percentage_22_position_1-26 genomicbackground,3662,2,3662_2
query_3663,0,genomicbackground,1,riboswitch,0.9958676099777222,3663_2_RF01056_2_NC_000913.3_4467215-4467731_ext_280-480_int_125_off_15_percentage_18_position_1-21 genomicbackground,3663,2,3663_2
query_3664,0,genomicbackground,1,riboswitch,0.9970670342445374,3664_2_RF01056_2_NC_000913.3_4467215-4467731_ext_280-480_int_125_off_20_percentage_14_position_1-16 genomicbackground,3664,2,3664_2
query_3665,0,genomicbackground,1,riboswitch,0.9943392872810364,3665_2_RF01056_2_NC_000913.3_4467215-4467731_ext_280-480_int_125_off_25_percentage_9_position_1-11 genomicbackground,3665,2,3665_2
query_3666,0,genomicbackground,1,riboswitch,0.9735615253448486,3666_2_RF01056_2_NC_000913.3_4467215-4467731_ext_280-480_int_125_off_30_percentage_5_position_1-6 genomicbackground,3666,2,3666_2
query_3667,0,genomicbackground,1,riboswitch,0.9785273671150208,3667_2_RF01056_2_NC_000913.3_4467215-4467731_ext_280-480_int_125_off_35_percentage_1_position_1-1 genomicbackground,3667,2,3667_2
query_3668,0,genomicbackground,1,riboswitch,0.9656274914741516,3668_2_RF01056_2_NC_000913.3_4467215-4467731_ext_280-480_int_125_off_40_percentage_0_position_0-0 genomicbackground,3668,2,3668_2
query_3669,0,genomicbackground,0,genomicbackground,0.37311163544654846,3669_2_RF01056_2_NC_000913.3_4467215-4467731_ext_280-480_int_125_off_45_percentage_0_position_0-0 genomicbackground,3669,2,3669_2
query_3670,0,genomicbackground,1,riboswitch,0.7927096486091614,3670_2_RF01056_2_NC_000913.3_4467215-4467731_ext_280-480_int_125_off_50_percentage_0_position_0-0 genomicbackground,3670,2,3670_2
query_3671,0,genomicbackground,1,riboswitch,0.9091182947158813,3671_2_RF01056_2_NC_000913.3_4467215-4467731_ext_280-480_int_125_off_55_percentage_0_position_0-0 genomicbackground,3671,2,3671_2
query_3672,0,genomicbackground,1,riboswitch,0.9892130494117737,3672_2_RF01056_2_NC_000913.3_4467215-4467731_ext_280-480_int_125_off_60_percentage_0_position_0-0 genomicbackground,3672,2,3672_2
query_3673,0,genomicbackground,1,riboswitch,0.8857489824295044,3673_2_RF01056_2_NC_000913.3_4467215-4467731_ext_280-480_int_125_off_65_percentage_0_position_0-0 genomicbackground,3673,2,3673_2
query_3674,0,genomicbackground,1,riboswitch,0.8225048184394836,3674_2_RF01056_2_NC_000913.3_4467215-4467731_ext_280-480_int_125_off_70_percentage_0_position_0-0 genomicbackground,3674,2,3674_2
query_3675,0,genomicbackground,0,genomicbackground,0.04916687682271004,3675_2_RF01056_2_NC_000913.3_4467215-4467731_ext_280-480_int_125_off_75_percentage_0_position_0-0 genomicbackground,3675,2,3675_2
query_3676,0,genomicbackground,1,riboswitch,0.9967488050460815,3676_2_RF01056_2_NC_000913.3_4467215-4467731_ext_280-480_int_130_off_0_percentage_31_position_1-36 genomicbackground,3676,2,3676_2
query_3677,0,genomicbackground,1,riboswitch,0.9972643852233887,3677_2_RF01056_2_NC_000913.3_4467215-4467731_ext_280-480_int_130_off_5_percentage_27_position_1-31 genomicbackground,3677,2,3677_2
query_3678,0,genomicbackground,1,riboswitch,0.9972137808799744,3678_2_RF01056_2_NC_000913.3_4467215-4467731_ext_280-480_int_130_off_10_percentage_22_position_1-26 genomicbackground,3678,2,3678_2
query_3679,0,genomicbackground,1,riboswitch,0.995288610458374,3679_2_RF01056_2_NC_000913.3_4467215-4467731_ext_280-480_int_130_off_15_percentage_18_position_1-21 genomicbackground,3679,2,3679_2
query_3680,0,genomicbackground,1,riboswitch,0.9955606460571289,3680_2_RF01056_2_NC_000913.3_4467215-4467731_ext_280-480_int_130_off_20_percentage_14_position_1-16 genomicbackground,3680,2,3680_2
query_3681,0,genomicbackground,1,riboswitch,0.9946886301040649,3681_2_RF01056_2_NC_000913.3_4467215-4467731_ext_280-480_int_130_off_25_percentage_9_position_1-11 genomicbackground,3681,2,3681_2
query_3682,0,genomicbackground,1,riboswitch,0.9720773696899414,3682_2_RF01056_2_NC_000913.3_4467215-4467731_ext_280-480_int_130_off_30_percentage_5_position_1-6 genomicbackground,3682,2,3682_2
query_3683,0,genomicbackground,1,riboswitch,0.9093031287193298,3683_2_RF01056_2_NC_000913.3_4467215-4467731_ext_280-480_int_130_off_35_percentage_1_position_1-1 genomicbackground,3683,2,3683_2
query_3684,0,genomicbackground,1,riboswitch,0.9259632229804993,3684_2_RF01056_2_NC_000913.3_4467215-4467731_ext_280-480_int_130_off_40_percentage_0_position_0-0 genomicbackground,3684,2,3684_2
query_3685,0,genomicbackground,1,riboswitch,0.7357004880905151,3685_2_RF01056_2_NC_000913.3_4467215-4467731_ext_280-480_int_130_off_45_percentage_0_position_0-0 genomicbackground,3685,2,3685_2
query_3686,0,genomicbackground,1,riboswitch,0.8807294368743896,3686_2_RF01056_2_NC_000913.3_4467215-4467731_ext_280-480_int_130_off_50_percentage_0_position_0-0 genomicbackground,3686,2,3686_2
query_3687,0,genomicbackground,1,riboswitch,0.9234431982040405,3687_2_RF01056_2_NC_000913.3_4467215-4467731_ext_280-480_int_130_off_55_percentage_0_position_0-0 genomicbackground,3687,2,3687_2
query_3688,0,genomicbackground,1,riboswitch,0.9844948649406433,3688_2_RF01056_2_NC_000913.3_4467215-4467731_ext_280-480_int_130_off_60_percentage_0_position_0-0 genomicbackground,3688,2,3688_2
query_3689,0,genomicbackground,1,riboswitch,0.978329598903656,3689_2_RF01056_2_NC_000913.3_4467215-4467731_ext_280-480_int_130_off_65_percentage_0_position_0-0 genomicbackground,3689,2,3689_2
query_3690,0,genomicbackground,0,genomicbackground,0.05228128656744957,3690_2_RF01056_2_NC_000913.3_4467215-4467731_ext_280-480_int_130_off_70_percentage_0_position_0-0 genomicbackground,3690,2,3690_2
query_3691,0,genomicbackground,1,riboswitch,0.9973536729812622,3691_2_RF01056_2_NC_000913.3_4467215-4467731_ext_280-480_int_135_off_0_percentage_31_position_1-36 genomicbackground,3691,2,3691_2
query_3692,0,genomicbackground,1,riboswitch,0.9969981908798218,3692_2_RF01056_2_NC_000913.3_4467215-4467731_ext_280-480_int_135_off_5_percentage_27_position_1-31 genomicbackground,3692,2,3692_2
query_3693,0,genomicbackground,1,riboswitch,0.9967530369758606,3693_2_RF01056_2_NC_000913.3_4467215-4467731_ext_280-480_int_135_off_10_percentage_22_position_1-26 genomicbackground,3693,2,3693_2
query_3694,0,genomicbackground,1,riboswitch,0.9907634854316711,3694_2_RF01056_2_NC_000913.3_4467215-4467731_ext_280-480_int_135_off_15_percentage_18_position_1-21 genomicbackground,3694,2,3694_2
query_3695,0,genomicbackground,1,riboswitch,0.9927708506584167,3695_2_RF01056_2_NC_000913.3_4467215-4467731_ext_280-480_int_135_off_20_percentage_14_position_1-16 genomicbackground,3695,2,3695_2
query_3696,0,genomicbackground,1,riboswitch,0.9945593476295471,3696_2_RF01056_2_NC_000913.3_4467215-4467731_ext_280-480_int_135_off_25_percentage_9_position_1-11 genomicbackground,3696,2,3696_2
query_3697,0,genomicbackground,1,riboswitch,0.8857318758964539,3697_2_RF01056_2_NC_000913.3_4467215-4467731_ext_280-480_int_135_off_30_percentage_5_position_1-6 genomicbackground,3697,2,3697_2
query_3698,0,genomicbackground,1,riboswitch,0.8170166611671448,3698_2_RF01056_2_NC_000913.3_4467215-4467731_ext_280-480_int_135_off_35_percentage_1_position_1-1 genomicbackground,3698,2,3698_2
query_3699,0,genomicbackground,1,riboswitch,0.9018162488937378,3699_2_RF01056_2_NC_000913.3_4467215-4467731_ext_280-480_int_135_off_40_percentage_0_position_0-0 genomicbackground,3699,2,3699_2
query_3700,0,genomicbackground,1,riboswitch,0.8443703055381775,3700_2_RF01056_2_NC_000913.3_4467215-4467731_ext_280-480_int_135_off_45_percentage_0_position_0-0 genomicbackground,3700,2,3700_2
query_3701,0,genomicbackground,1,riboswitch,0.8939967751502991,3701_2_RF01056_2_NC_000913.3_4467215-4467731_ext_280-480_int_135_off_50_percentage_0_position_0-0 genomicbackground,3701,2,3701_2
query_3702,0,genomicbackground,1,riboswitch,0.871681272983551,3702_2_RF01056_2_NC_000913.3_4467215-4467731_ext_280-480_int_135_off_55_percentage_0_position_0-0 genomicbackground,3702,2,3702_2
query_3703,0,genomicbackground,1,riboswitch,0.99457848072052,3703_2_RF01056_2_NC_000913.3_4467215-4467731_ext_280-480_int_135_off_60_percentage_0_position_0-0 genomicbackground,3703,2,3703_2
query_3704,0,genomicbackground,1,riboswitch,0.981073796749115,3704_2_RF01056_2_NC_000913.3_4467215-4467731_ext_280-480_int_135_off_65_percentage_0_position_0-0 genomicbackground,3704,2,3704_2
query_3705,0,genomicbackground,1,riboswitch,0.9968882203102112,3705_2_RF01056_2_NC_000913.3_4467215-4467731_ext_280-480_int_140_off_0_percentage_31_position_1-36 genomicbackground,3705,2,3705_2
query_3706,0,genomicbackground,1,riboswitch,0.9964323043823242,3706_2_RF01056_2_NC_000913.3_4467215-4467731_ext_280-480_int_140_off_5_percentage_27_position_1-31 genomicbackground,3706,2,3706_2
query_3707,0,genomicbackground,1,riboswitch,0.9946448802947998,3707_2_RF01056_2_NC_000913.3_4467215-4467731_ext_280-480_int_140_off_10_percentage_22_position_1-26 genomicbackground,3707,2,3707_2
query_3708,0,genomicbackground,1,riboswitch,0.9906151294708252,3708_2_RF01056_2_NC_000913.3_4467215-4467731_ext_280-480_int_140_off_15_percentage_18_position_1-21 genomicbackground,3708,2,3708_2
query_3709,0,genomicbackground,1,riboswitch,0.9943892359733582,3709_2_RF01056_2_NC_000913.3_4467215-4467731_ext_280-480_int_140_off_20_percentage_14_position_1-16 genomicbackground,3709,2,3709_2
query_3710,0,genomicbackground,1,riboswitch,0.9851550459861755,3710_2_RF01056_2_NC_000913.3_4467215-4467731_ext_280-480_int_140_off_25_percentage_9_position_1-11 genomicbackground,3710,2,3710_2
query_3711,0,genomicbackground,1,riboswitch,0.7796398401260376,3711_2_RF01056_2_NC_000913.3_4467215-4467731_ext_280-480_int_140_off_30_percentage_5_position_1-6 genomicbackground,3711,2,3711_2
query_3712,0,genomicbackground,1,riboswitch,0.7687568068504333,3712_2_RF01056_2_NC_000913.3_4467215-4467731_ext_280-480_int_140_off_35_percentage_1_position_1-1 genomicbackground,3712,2,3712_2
query_3713,0,genomicbackground,1,riboswitch,0.9303507208824158,3713_2_RF01056_2_NC_000913.3_4467215-4467731_ext_280-480_int_140_off_40_percentage_0_position_0-0 genomicbackground,3713,2,3713_2
query_3714,0,genomicbackground,1,riboswitch,0.858052670955658,3714_2_RF01056_2_NC_000913.3_4467215-4467731_ext_280-480_int_140_off_45_percentage_0_position_0-0 genomicbackground,3714,2,3714_2
query_3715,0,genomicbackground,1,riboswitch,0.835774302482605,3715_2_RF01056_2_NC_000913.3_4467215-4467731_ext_280-480_int_140_off_50_percentage_0_position_0-0 genomicbackground,3715,2,3715_2
query_3716,0,genomicbackground,1,riboswitch,0.9766314625740051,3716_2_RF01056_2_NC_000913.3_4467215-4467731_ext_280-480_int_140_off_55_percentage_0_position_0-0 genomicbackground,3716,2,3716_2
query_3717,0,genomicbackground,1,riboswitch,0.9924960136413574,3717_2_RF01056_2_NC_000913.3_4467215-4467731_ext_280-480_int_140_off_60_percentage_0_position_0-0 genomicbackground,3717,2,3717_2
query_3718,0,genomicbackground,1,riboswitch,0.9964190721511841,3718_2_RF01056_2_NC_000913.3_4467215-4467731_ext_280-480_int_145_off_0_percentage_31_position_1-36 genomicbackground,3718,2,3718_2
query_3719,0,genomicbackground,1,riboswitch,0.9939433932304382,3719_2_RF01056_2_NC_000913.3_4467215-4467731_ext_280-480_int_145_off_5_percentage_27_position_1-31 genomicbackground,3719,2,3719_2
query_3720,0,genomicbackground,1,riboswitch,0.995341420173645,3720_2_RF01056_2_NC_000913.3_4467215-4467731_ext_280-480_int_145_off_10_percentage_22_position_1-26 genomicbackground,3720,2,3720_2
query_3721,0,genomicbackground,1,riboswitch,0.9893730282783508,3721_2_RF01056_2_NC_000913.3_4467215-4467731_ext_280-480_int_145_off_15_percentage_18_position_1-21 genomicbackground,3721,2,3721_2
query_3722,0,genomicbackground,1,riboswitch,0.9916983842849731,3722_2_RF01056_2_NC_000913.3_4467215-4467731_ext_280-480_int_145_off_20_percentage_14_position_1-16 genomicbackground,3722,2,3722_2
query_3723,0,genomicbackground,1,riboswitch,0.9718895554542542,3723_2_RF01056_2_NC_000913.3_4467215-4467731_ext_280-480_int_145_off_25_percentage_9_position_1-11 genomicbackground,3723,2,3723_2
query_3724,0,genomicbackground,1,riboswitch,0.730403482913971,3724_2_RF01056_2_NC_000913.3_4467215-4467731_ext_280-480_int_145_off_30_percentage_5_position_1-6 genomicbackground,3724,2,3724_2
query_3725,0,genomicbackground,1,riboswitch,0.8227590918540955,3725_2_RF01056_2_NC_000913.3_4467215-4467731_ext_280-480_int_145_off_35_percentage_1_position_1-1 genomicbackground,3725,2,3725_2
query_3726,0,genomicbackground,1,riboswitch,0.9238235354423523,3726_2_RF01056_2_NC_000913.3_4467215-4467731_ext_280-480_int_145_off_40_percentage_0_position_0-0 genomicbackground,3726,2,3726_2
query_3727,0,genomicbackground,1,riboswitch,0.7817531228065491,3727_2_RF01056_2_NC_000913.3_4467215-4467731_ext_280-480_int_145_off_45_percentage_0_position_0-0 genomicbackground,3727,2,3727_2
query_3728,0,genomicbackground,1,riboswitch,0.9588887095451355,3728_2_RF01056_2_NC_000913.3_4467215-4467731_ext_280-480_int_145_off_50_percentage_0_position_0-0 genomicbackground,3728,2,3728_2
query_3729,0,genomicbackground,1,riboswitch,0.9476656913757324,3729_2_RF01056_2_NC_000913.3_4467215-4467731_ext_280-480_int_145_off_55_percentage_0_position_0-0 genomicbackground,3729,2,3729_2
query_3730,0,genomicbackground,1,riboswitch,0.9946107864379883,3730_2_RF01056_2_NC_000913.3_4467215-4467731_ext_280-480_int_150_off_0_percentage_31_position_1-36 genomicbackground,3730,2,3730_2
query_3731,0,genomicbackground,1,riboswitch,0.9969843029975891,3731_2_RF01056_2_NC_000913.3_4467215-4467731_ext_280-480_int_150_off_5_percentage_27_position_1-31 genomicbackground,3731,2,3731_2
query_3732,0,genomicbackground,1,riboswitch,0.9958668947219849,3732_2_RF01056_2_NC_000913.3_4467215-4467731_ext_280-480_int_150_off_10_percentage_22_position_1-26 genomicbackground,3732,2,3732_2
query_3733,0,genomicbackground,1,riboswitch,0.9664152264595032,3733_2_RF01056_2_NC_000913.3_4467215-4467731_ext_280-480_int_150_off_15_percentage_18_position_1-21 genomicbackground,3733,2,3733_2
query_3734,0,genomicbackground,1,riboswitch,0.9868401288986206,3734_2_RF01056_2_NC_000913.3_4467215-4467731_ext_280-480_int_150_off_20_percentage_14_position_1-16 genomicbackground,3734,2,3734_2
query_3735,0,genomicbackground,1,riboswitch,0.9610174894332886,3735_2_RF01056_2_NC_000913.3_4467215-4467731_ext_280-480_int_150_off_25_percentage_9_position_1-11 genomicbackground,3735,2,3735_2
query_3736,0,genomicbackground,1,riboswitch,0.7893887162208557,3736_2_RF01056_2_NC_000913.3_4467215-4467731_ext_280-480_int_150_off_30_percentage_5_position_1-6 genomicbackground,3736,2,3736_2
query_3737,0,genomicbackground,1,riboswitch,0.823656439781189,3737_2_RF01056_2_NC_000913.3_4467215-4467731_ext_280-480_int_150_off_35_percentage_1_position_1-1 genomicbackground,3737,2,3737_2
query_3738,0,genomicbackground,1,riboswitch,0.8791313171386719,3738_2_RF01056_2_NC_000913.3_4467215-4467731_ext_280-480_int_150_off_40_percentage_0_position_0-0 genomicbackground,3738,2,3738_2
query_3739,0,genomicbackground,1,riboswitch,0.9430413842201233,3739_2_RF01056_2_NC_000913.3_4467215-4467731_ext_280-480_int_150_off_45_percentage_0_position_0-0 genomicbackground,3739,2,3739_2
query_3740,0,genomicbackground,1,riboswitch,0.8620679378509521,3740_2_RF01056_2_NC_000913.3_4467215-4467731_ext_280-480_int_150_off_50_percentage_0_position_0-0 genomicbackground,3740,2,3740_2
query_3741,0,genomicbackground,1,riboswitch,0.9947255253791809,3741_2_RF01056_2_NC_000913.3_4467215-4467731_ext_280-480_int_155_off_0_percentage_31_position_1-36 genomicbackground,3741,2,3741_2
query_3742,0,genomicbackground,1,riboswitch,0.9972346425056458,3742_2_RF01056_2_NC_000913.3_4467215-4467731_ext_280-480_int_155_off_5_percentage_27_position_1-31 genomicbackground,3742,2,3742_2
query_3743,0,genomicbackground,1,riboswitch,0.9849586486816406,3743_2_RF01056_2_NC_000913.3_4467215-4467731_ext_280-480_int_155_off_10_percentage_22_position_1-26 genomicbackground,3743,2,3743_2
query_3744,0,genomicbackground,1,riboswitch,0.9295046925544739,3744_2_RF01056_2_NC_000913.3_4467215-4467731_ext_280-480_int_155_off_15_percentage_18_position_1-21 genomicbackground,3744,2,3744_2
query_3745,0,genomicbackground,1,riboswitch,0.9531656503677368,3745_2_RF01056_2_NC_000913.3_4467215-4467731_ext_280-480_int_155_off_20_percentage_14_position_1-16 genomicbackground,3745,2,3745_2
query_3746,0,genomicbackground,1,riboswitch,0.929888904094696,3746_2_RF01056_2_NC_000913.3_4467215-4467731_ext_280-480_int_155_off_25_percentage_9_position_1-11 genomicbackground,3746,2,3746_2
query_3747,0,genomicbackground,1,riboswitch,0.7936665415763855,3747_2_RF01056_2_NC_000913.3_4467215-4467731_ext_280-480_int_155_off_30_percentage_5_position_1-6 genomicbackground,3747,2,3747_2
query_3748,0,genomicbackground,1,riboswitch,0.7415362000465393,3748_2_RF01056_2_NC_000913.3_4467215-4467731_ext_280-480_int_155_off_35_percentage_1_position_1-1 genomicbackground,3748,2,3748_2
query_3749,0,genomicbackground,1,riboswitch,0.9451257586479187,3749_2_RF01056_2_NC_000913.3_4467215-4467731_ext_280-480_int_155_off_40_percentage_0_position_0-0 genomicbackground,3749,2,3749_2
query_3750,0,genomicbackground,1,riboswitch,0.7484733462333679,3750_2_RF01056_2_NC_000913.3_4467215-4467731_ext_280-480_int_155_off_45_percentage_0_position_0-0 genomicbackground,3750,2,3750_2
query_3751,0,genomicbackground,1,riboswitch,0.9943819642066956,3751_2_RF01056_2_NC_000913.3_4467215-4467731_ext_280-480_int_160_off_0_percentage_31_position_1-36 genomicbackground,3751,2,3751_2
query_3752,0,genomicbackground,1,riboswitch,0.9833284616470337,3752_2_RF01056_2_NC_000913.3_4467215-4467731_ext_280-480_int_160_off_5_percentage_27_position_1-31 genomicbackground,3752,2,3752_2
query_3753,0,genomicbackground,1,riboswitch,0.9687867164611816,3753_2_RF01056_2_NC_000913.3_4467215-4467731_ext_280-480_int_160_off_10_percentage_22_position_1-26 genomicbackground,3753,2,3753_2
query_3754,0,genomicbackground,1,riboswitch,0.9010421633720398,3754_2_RF01056_2_NC_000913.3_4467215-4467731_ext_280-480_int_160_off_15_percentage_18_position_1-21 genomicbackground,3754,2,3754_2
query_3755,0,genomicbackground,1,riboswitch,0.968695342540741,3755_2_RF01056_2_NC_000913.3_4467215-4467731_ext_280-480_int_160_off_20_percentage_14_position_1-16 genomicbackground,3755,2,3755_2
query_3756,0,genomicbackground,1,riboswitch,0.9242019653320312,3756_2_RF01056_2_NC_000913.3_4467215-4467731_ext_280-480_int_160_off_25_percentage_9_position_1-11 genomicbackground,3756,2,3756_2
query_3757,0,genomicbackground,1,riboswitch,0.7072144150733948,3757_2_RF01056_2_NC_000913.3_4467215-4467731_ext_280-480_int_160_off_30_percentage_5_position_1-6 genomicbackground,3757,2,3757_2
query_3758,0,genomicbackground,1,riboswitch,0.8885599374771118,3758_2_RF01056_2_NC_000913.3_4467215-4467731_ext_280-480_int_160_off_35_percentage_1_position_1-1 genomicbackground,3758,2,3758_2
query_3759,0,genomicbackground,0,genomicbackground,0.36083289980888367,3759_2_RF01056_2_NC_000913.3_4467215-4467731_ext_280-480_int_160_off_40_percentage_0_position_0-0 genomicbackground,3759,2,3759_2
query_3760,0,genomicbackground,1,riboswitch,0.9883220791816711,3760_2_RF01056_2_NC_000913.3_4467215-4467731_ext_280-480_int_165_off_0_percentage_31_position_1-36 genomicbackground,3760,2,3760_2
query_3761,0,genomicbackground,1,riboswitch,0.9652238488197327,3761_2_RF01056_2_NC_000913.3_4467215-4467731_ext_280-480_int_165_off_5_percentage_27_position_1-31 genomicbackground,3761,2,3761_2
query_3762,0,genomicbackground,1,riboswitch,0.9960507750511169,3762_2_RF01056_2_NC_000913.3_4467215-4467731_ext_280-480_int_165_off_10_percentage_22_position_1-26 genomicbackground,3762,2,3762_2
query_3763,0,genomicbackground,1,riboswitch,0.920917272567749,3763_2_RF01056_2_NC_000913.3_4467215-4467731_ext_280-480_int_165_off_15_percentage_18_position_1-21 genomicbackground,3763,2,3763_2
query_3764,0,genomicbackground,1,riboswitch,0.9215929508209229,3764_2_RF01056_2_NC_000913.3_4467215-4467731_ext_280-480_int_165_off_20_percentage_14_position_1-16 genomicbackground,3764,2,3764_2
query_3765,0,genomicbackground,1,riboswitch,0.8884584307670593,3765_2_RF01056_2_NC_000913.3_4467215-4467731_ext_280-480_int_165_off_25_percentage_9_position_1-11 genomicbackground,3765,2,3765_2
query_3766,0,genomicbackground,1,riboswitch,0.866132915019989,3766_2_RF01056_2_NC_000913.3_4467215-4467731_ext_280-480_int_165_off_30_percentage_5_position_1-6 genomicbackground,3766,2,3766_2
query_3767,0,genomicbackground,0,genomicbackground,0.15565337240695953,3767_2_RF01056_2_NC_000913.3_4467215-4467731_ext_280-480_int_165_off_35_percentage_1_position_1-1 genomicbackground,3767,2,3767_2
query_3768,0,genomicbackground,1,riboswitch,0.9798573851585388,3768_2_RF01056_2_NC_000913.3_4467215-4467731_ext_280-480_int_170_off_0_percentage_31_position_1-36 genomicbackground,3768,2,3768_2
query_3769,0,genomicbackground,1,riboswitch,0.994775652885437,3769_2_RF01056_2_NC_000913.3_4467215-4467731_ext_280-480_int_170_off_5_percentage_27_position_1-31 genomicbackground,3769,2,3769_2
query_3770,0,genomicbackground,1,riboswitch,0.9872526526451111,3770_2_RF01056_2_NC_000913.3_4467215-4467731_ext_280-480_int_170_off_10_percentage_22_position_1-26 genomicbackground,3770,2,3770_2
query_3771,0,genomicbackground,1,riboswitch,0.9471245408058167,3771_2_RF01056_2_NC_000913.3_4467215-4467731_ext_280-480_int_170_off_15_percentage_18_position_1-21 genomicbackground,3771,2,3771_2
query_3772,0,genomicbackground,1,riboswitch,0.9039083123207092,3772_2_RF01056_2_NC_000913.3_4467215-4467731_ext_280-480_int_170_off_20_percentage_14_position_1-16 genomicbackground,3772,2,3772_2
query_3773,0,genomicbackground,1,riboswitch,0.9296631217002869,3773_2_RF01056_2_NC_000913.3_4467215-4467731_ext_280-480_int_170_off_25_percentage_9_position_1-11 genomicbackground,3773,2,3773_2
query_3774,0,genomicbackground,0,genomicbackground,0.150788813829422,3774_2_RF01056_2_NC_000913.3_4467215-4467731_ext_280-480_int_170_off_30_percentage_5_position_1-6 genomicbackground,3774,2,3774_2
query_3775,0,genomicbackground,1,riboswitch,0.97322016954422,3775_2_RF01056_2_NC_000913.3_4467215-4467731_ext_280-480_int_175_off_0_percentage_31_position_1-36 genomicbackground,3775,2,3775_2
query_3776,0,genomicbackground,1,riboswitch,0.9877198338508606,3776_2_RF01056_2_NC_000913.3_4467215-4467731_ext_280-480_int_175_off_5_percentage_27_position_1-31 genomicbackground,3776,2,3776_2
query_3777,0,genomicbackground,1,riboswitch,0.981223464012146,3777_2_RF01056_2_NC_000913.3_4467215-4467731_ext_280-480_int_175_off_10_percentage_22_position_1-26 genomicbackground,3777,2,3777_2
query_3778,0,genomicbackground,1,riboswitch,0.9136181473731995,3778_2_RF01056_2_NC_000913.3_4467215-4467731_ext_280-480_int_175_off_15_percentage_18_position_1-21 genomicbackground,3778,2,3778_2
query_3779,0,genomicbackground,1,riboswitch,0.9552366137504578,3779_2_RF01056_2_NC_000913.3_4467215-4467731_ext_280-480_int_175_off_20_percentage_14_position_1-16 genomicbackground,3779,2,3779_2
query_3780,0,genomicbackground,1,riboswitch,0.641371488571167,3780_2_RF01056_2_NC_000913.3_4467215-4467731_ext_280-480_int_175_off_25_percentage_9_position_1-11 genomicbackground,3780,2,3780_2
query_3781,0,genomicbackground,1,riboswitch,0.9778392314910889,3781_2_RF01056_2_NC_000913.3_4467215-4467731_ext_280-480_int_180_off_0_percentage_31_position_1-36 genomicbackground,3781,2,3781_2
query_3782,0,genomicbackground,1,riboswitch,0.990035891532898,3782_2_RF01056_2_NC_000913.3_4467215-4467731_ext_280-480_int_180_off_5_percentage_27_position_1-31 genomicbackground,3782,2,3782_2
query_3783,0,genomicbackground,1,riboswitch,0.9731972217559814,3783_2_RF01056_2_NC_000913.3_4467215-4467731_ext_280-480_int_180_off_10_percentage_22_position_1-26 genomicbackground,3783,2,3783_2
query_3784,0,genomicbackground,1,riboswitch,0.9529008269309998,3784_2_RF01056_2_NC_000913.3_4467215-4467731_ext_280-480_int_180_off_15_percentage_18_position_1-21 genomicbackground,3784,2,3784_2
query_3785,0,genomicbackground,1,riboswitch,0.9081648588180542,3785_2_RF01056_2_NC_000913.3_4467215-4467731_ext_280-480_int_180_off_20_percentage_14_position_1-16 genomicbackground,3785,2,3785_2
query_3786,0,genomicbackground,1,riboswitch,0.9752702713012695,3786_2_RF01056_2_NC_000913.3_4467215-4467731_ext_280-480_int_185_off_0_percentage_31_position_1-36 genomicbackground,3786,2,3786_2
query_3787,0,genomicbackground,1,riboswitch,0.9678471684455872,3787_2_RF01056_2_NC_000913.3_4467215-4467731_ext_280-480_int_185_off_5_percentage_27_position_1-31 genomicbackground,3787,2,3787_2
query_3788,0,genomicbackground,1,riboswitch,0.9813889861106873,3788_2_RF01056_2_NC_000913.3_4467215-4467731_ext_280-480_int_185_off_10_percentage_22_position_1-26 genomicbackground,3788,2,3788_2
query_3789,0,genomicbackground,0,genomicbackground,0.4973868727684021,3789_2_RF01056_2_NC_000913.3_4467215-4467731_ext_280-480_int_185_off_15_percentage_18_position_1-21 genomicbackground,3789,2,3789_2
query_3790,0,genomicbackground,1,riboswitch,0.9719213247299194,3790_2_RF01056_2_NC_000913.3_4467215-4467731_ext_280-480_int_190_off_0_percentage_31_position_1-36 genomicbackground,3790,2,3790_2
query_3791,0,genomicbackground,1,riboswitch,0.9778093695640564,3791_2_RF01056_2_NC_000913.3_4467215-4467731_ext_280-480_int_190_off_5_percentage_27_position_1-31 genomicbackground,3791,2,3791_2
query_3792,0,genomicbackground,1,riboswitch,0.9691956043243408,3792_2_RF01056_2_NC_000913.3_4467215-4467731_ext_280-480_int_190_off_10_percentage_22_position_1-26 genomicbackground,3792,2,3792_2
query_3793,0,genomicbackground,1,riboswitch,0.9718329310417175,3793_2_RF01056_2_NC_000913.3_4467215-4467731_ext_280-480_int_195_off_0_percentage_31_position_1-36 genomicbackground,3793,2,3793_2
query_3794,0,genomicbackground,1,riboswitch,0.9627408981323242,3794_2_RF01056_2_NC_000913.3_4467215-4467731_ext_280-480_int_195_off_5_percentage_27_position_1-31 genomicbackground,3794,2,3794_2
query_3795,0,genomicbackground,1,riboswitch,0.7939925789833069,3795_2_RF01056_2_NC_000913.3_4467215-4467731_ext_280-480_int_200_off_0_percentage_31_position_1-36 genomicbackground,3795,2,3795_2
query_3796,0,genomicbackground,1,riboswitch,0.9717375636100769,3796_2_RF01056_2_NC_000913.3_4467215-4467731_ext_300-500_int_95_off_0_percentage_14_position_1-16 genomicbackground,3796,2,3796_2
query_3797,0,genomicbackground,1,riboswitch,0.7419751882553101,3797_2_RF01056_2_NC_000913.3_4467215-4467731_ext_300-500_int_95_off_5_percentage_9_position_1-11 genomicbackground,3797,2,3797_2
query_3798,0,genomicbackground,1,riboswitch,0.9908616542816162,3798_2_RF01056_2_NC_000913.3_4467215-4467731_ext_300-500_int_95_off_10_percentage_5_position_1-6 genomicbackground,3798,2,3798_2
query_3799,0,genomicbackground,1,riboswitch,0.9949356317520142,3799_2_RF01056_2_NC_000913.3_4467215-4467731_ext_300-500_int_95_off_15_percentage_1_position_1-1 genomicbackground,3799,2,3799_2
query_3800,0,genomicbackground,1,riboswitch,0.9966631531715393,3800_2_RF01056_2_NC_000913.3_4467215-4467731_ext_300-500_int_95_off_20_percentage_0_position_0-0 genomicbackground,3800,2,3800_2
query_3801,0,genomicbackground,1,riboswitch,0.922956109046936,3801_2_RF01056_2_NC_000913.3_4467215-4467731_ext_300-500_int_95_off_25_percentage_0_position_0-0 genomicbackground,3801,2,3801_2
query_3802,0,genomicbackground,1,riboswitch,0.9599581956863403,3802_2_RF01056_2_NC_000913.3_4467215-4467731_ext_300-500_int_95_off_30_percentage_0_position_0-0 genomicbackground,3802,2,3802_2
query_3803,0,genomicbackground,1,riboswitch,0.6732850670814514,3803_2_RF01056_2_NC_000913.3_4467215-4467731_ext_300-500_int_95_off_35_percentage_0_position_0-0 genomicbackground,3803,2,3803_2
query_3804,0,genomicbackground,1,riboswitch,0.9827756285667419,3804_2_RF01056_2_NC_000913.3_4467215-4467731_ext_300-500_int_95_off_40_percentage_0_position_0-0 genomicbackground,3804,2,3804_2
query_3805,0,genomicbackground,1,riboswitch,0.995428204536438,3805_2_RF01056_2_NC_000913.3_4467215-4467731_ext_300-500_int_95_off_45_percentage_0_position_0-0 genomicbackground,3805,2,3805_2
query_3806,0,genomicbackground,0,genomicbackground,0.3482844829559326,3806_2_RF01056_2_NC_000913.3_4467215-4467731_ext_300-500_int_95_off_50_percentage_0_position_0-0 genomicbackground,3806,2,3806_2
query_3807,0,genomicbackground,0,genomicbackground,0.11152292788028717,3807_2_RF01056_2_NC_000913.3_4467215-4467731_ext_300-500_int_95_off_55_percentage_0_position_0-0 genomicbackground,3807,2,3807_2
query_3808,0,genomicbackground,1,riboswitch,0.7135387063026428,3808_2_RF01056_2_NC_000913.3_4467215-4467731_ext_300-500_int_95_off_60_percentage_0_position_0-0 genomicbackground,3808,2,3808_2
query_3809,0,genomicbackground,1,riboswitch,0.6648358106613159,3809_2_RF01056_2_NC_000913.3_4467215-4467731_ext_300-500_int_95_off_65_percentage_0_position_0-0 genomicbackground,3809,2,3809_2
query_3810,0,genomicbackground,1,riboswitch,0.7565351724624634,3810_2_RF01056_2_NC_000913.3_4467215-4467731_ext_300-500_int_95_off_70_percentage_0_position_0-0 genomicbackground,3810,2,3810_2
query_3811,0,genomicbackground,1,riboswitch,0.9907761216163635,3811_2_RF01056_2_NC_000913.3_4467215-4467731_ext_300-500_int_95_off_75_percentage_0_position_0-0 genomicbackground,3811,2,3811_2
query_3812,0,genomicbackground,1,riboswitch,0.8053442239761353,3812_2_RF01056_2_NC_000913.3_4467215-4467731_ext_300-500_int_95_off_80_percentage_0_position_0-0 genomicbackground,3812,2,3812_2
query_3813,0,genomicbackground,0,genomicbackground,0.19858698546886444,3813_2_RF01056_2_NC_000913.3_4467215-4467731_ext_300-500_int_95_off_85_percentage_0_position_0-0 genomicbackground,3813,2,3813_2
query_3814,0,genomicbackground,1,riboswitch,0.8606645464897156,3814_2_RF01056_2_NC_000913.3_4467215-4467731_ext_300-500_int_95_off_90_percentage_0_position_0-0 genomicbackground,3814,2,3814_2
query_3815,0,genomicbackground,1,riboswitch,0.6946960687637329,3815_2_RF01056_2_NC_000913.3_4467215-4467731_ext_300-500_int_95_off_95_percentage_0_position_0-0 genomicbackground,3815,2,3815_2
query_3816,0,genomicbackground,0,genomicbackground,0.007198564242571592,3816_2_RF01056_2_NC_000913.3_4467215-4467731_ext_300-500_int_95_off_100_percentage_0_position_0-0 genomicbackground,3816,2,3816_2
query_3817,0,genomicbackground,0,genomicbackground,0.0057040611281991005,3817_2_RF01056_2_NC_000913.3_4467215-4467731_ext_300-500_int_95_off_105_percentage_0_position_0-0 genomicbackground,3817,2,3817_2
query_3818,0,genomicbackground,1,riboswitch,0.9084508419036865,3818_2_RF01056_2_NC_000913.3_4467215-4467731_ext_300-500_int_100_off_0_percentage_14_position_1-16 genomicbackground,3818,2,3818_2
query_3819,0,genomicbackground,1,riboswitch,0.9963317513465881,3819_2_RF01056_2_NC_000913.3_4467215-4467731_ext_300-500_int_100_off_5_percentage_9_position_1-11 genomicbackground,3819,2,3819_2
query_3820,0,genomicbackground,1,riboswitch,0.9934155941009521,3820_2_RF01056_2_NC_000913.3_4467215-4467731_ext_300-500_int_100_off_10_percentage_5_position_1-6 genomicbackground,3820,2,3820_2
query_3821,0,genomicbackground,1,riboswitch,0.9932479858398438,3821_2_RF01056_2_NC_000913.3_4467215-4467731_ext_300-500_int_100_off_15_percentage_1_position_1-1 genomicbackground,3821,2,3821_2
query_3822,0,genomicbackground,1,riboswitch,0.9954574108123779,3822_2_RF01056_2_NC_000913.3_4467215-4467731_ext_300-500_int_100_off_20_percentage_0_position_0-0 genomicbackground,3822,2,3822_2
query_3823,0,genomicbackground,1,riboswitch,0.9244282841682434,3823_2_RF01056_2_NC_000913.3_4467215-4467731_ext_300-500_int_100_off_25_percentage_0_position_0-0 genomicbackground,3823,2,3823_2
query_3824,0,genomicbackground,1,riboswitch,0.8927685022354126,3824_2_RF01056_2_NC_000913.3_4467215-4467731_ext_300-500_int_100_off_30_percentage_0_position_0-0 genomicbackground,3824,2,3824_2
query_3825,0,genomicbackground,1,riboswitch,0.8834130764007568,3825_2_RF01056_2_NC_000913.3_4467215-4467731_ext_300-500_int_100_off_35_percentage_0_position_0-0 genomicbackground,3825,2,3825_2
query_3826,0,genomicbackground,1,riboswitch,0.9847375750541687,3826_2_RF01056_2_NC_000913.3_4467215-4467731_ext_300-500_int_100_off_40_percentage_0_position_0-0 genomicbackground,3826,2,3826_2
query_3827,0,genomicbackground,1,riboswitch,0.9946424961090088,3827_2_RF01056_2_NC_000913.3_4467215-4467731_ext_300-500_int_100_off_45_percentage_0_position_0-0 genomicbackground,3827,2,3827_2
query_3828,0,genomicbackground,0,genomicbackground,0.1625521332025528,3828_2_RF01056_2_NC_000913.3_4467215-4467731_ext_300-500_int_100_off_50_percentage_0_position_0-0 genomicbackground,3828,2,3828_2
query_3829,0,genomicbackground,0,genomicbackground,0.4656635522842407,3829_2_RF01056_2_NC_000913.3_4467215-4467731_ext_300-500_int_100_off_55_percentage_0_position_0-0 genomicbackground,3829,2,3829_2
query_3830,0,genomicbackground,1,riboswitch,0.9123041033744812,3830_2_RF01056_2_NC_000913.3_4467215-4467731_ext_300-500_int_100_off_60_percentage_0_position_0-0 genomicbackground,3830,2,3830_2
query_3831,0,genomicbackground,1,riboswitch,0.7119281888008118,3831_2_RF01056_2_NC_000913.3_4467215-4467731_ext_300-500_int_100_off_65_percentage_0_position_0-0 genomicbackground,3831,2,3831_2
query_3832,0,genomicbackground,1,riboswitch,0.6150713562965393,3832_2_RF01056_2_NC_000913.3_4467215-4467731_ext_300-500_int_100_off_70_percentage_0_position_0-0 genomicbackground,3832,2,3832_2
query_3833,0,genomicbackground,1,riboswitch,0.996582567691803,3833_2_RF01056_2_NC_000913.3_4467215-4467731_ext_300-500_int_100_off_75_percentage_0_position_0-0 genomicbackground,3833,2,3833_2
query_3834,0,genomicbackground,1,riboswitch,0.9230432510375977,3834_2_RF01056_2_NC_000913.3_4467215-4467731_ext_300-500_int_100_off_80_percentage_0_position_0-0 genomicbackground,3834,2,3834_2
query_3835,0,genomicbackground,0,genomicbackground,0.019956344738602638,3835_2_RF01056_2_NC_000913.3_4467215-4467731_ext_300-500_int_100_off_85_percentage_0_position_0-0 genomicbackground,3835,2,3835_2
query_3836,0,genomicbackground,0,genomicbackground,0.008006570860743523,3836_2_RF01056_2_NC_000913.3_4467215-4467731_ext_300-500_int_100_off_90_percentage_0_position_0-0 genomicbackground,3836,2,3836_2
query_3837,0,genomicbackground,0,genomicbackground,0.13312426209449768,3837_2_RF01056_2_NC_000913.3_4467215-4467731_ext_300-500_int_100_off_95_percentage_0_position_0-0 genomicbackground,3837,2,3837_2
query_3838,0,genomicbackground,0,genomicbackground,0.007340441923588514,3838_2_RF01056_2_NC_000913.3_4467215-4467731_ext_300-500_int_100_off_100_percentage_0_position_0-0 genomicbackground,3838,2,3838_2
query_3839,0,genomicbackground,1,riboswitch,0.9961516261100769,3839_2_RF01056_2_NC_000913.3_4467215-4467731_ext_300-500_int_105_off_0_percentage_14_position_1-16 genomicbackground,3839,2,3839_2
query_3840,0,genomicbackground,1,riboswitch,0.9969493746757507,3840_2_RF01056_2_NC_000913.3_4467215-4467731_ext_300-500_int_105_off_5_percentage_9_position_1-11 genomicbackground,3840,2,3840_2
query_3841,0,genomicbackground,1,riboswitch,0.9911404252052307,3841_2_RF01056_2_NC_000913.3_4467215-4467731_ext_300-500_int_105_off_10_percentage_5_position_1-6 genomicbackground,3841,2,3841_2
query_3842,0,genomicbackground,1,riboswitch,0.9908307790756226,3842_2_RF01056_2_NC_000913.3_4467215-4467731_ext_300-500_int_105_off_15_percentage_1_position_1-1 genomicbackground,3842,2,3842_2
query_3843,0,genomicbackground,1,riboswitch,0.9947746396064758,3843_2_RF01056_2_NC_000913.3_4467215-4467731_ext_300-500_int_105_off_20_percentage_0_position_0-0 genomicbackground,3843,2,3843_2
query_3844,0,genomicbackground,1,riboswitch,0.7944355010986328,3844_2_RF01056_2_NC_000913.3_4467215-4467731_ext_300-500_int_105_off_25_percentage_0_position_0-0 genomicbackground,3844,2,3844_2
query_3845,0,genomicbackground,1,riboswitch,0.8499898910522461,3845_2_RF01056_2_NC_000913.3_4467215-4467731_ext_300-500_int_105_off_30_percentage_0_position_0-0 genomicbackground,3845,2,3845_2
query_3846,0,genomicbackground,1,riboswitch,0.8836886286735535,3846_2_RF01056_2_NC_000913.3_4467215-4467731_ext_300-500_int_105_off_35_percentage_0_position_0-0 genomicbackground,3846,2,3846_2
query_3847,0,genomicbackground,1,riboswitch,0.9883987307548523,3847_2_RF01056_2_NC_000913.3_4467215-4467731_ext_300-500_int_105_off_40_percentage_0_position_0-0 genomicbackground,3847,2,3847_2
query_3848,0,genomicbackground,1,riboswitch,0.9894394278526306,3848_2_RF01056_2_NC_000913.3_4467215-4467731_ext_300-500_int_105_off_45_percentage_0_position_0-0 genomicbackground,3848,2,3848_2
query_3849,0,genomicbackground,0,genomicbackground,0.3971078395843506,3849_2_RF01056_2_NC_000913.3_4467215-4467731_ext_300-500_int_105_off_50_percentage_0_position_0-0 genomicbackground,3849,2,3849_2
query_3850,0,genomicbackground,1,riboswitch,0.7664560079574585,3850_2_RF01056_2_NC_000913.3_4467215-4467731_ext_300-500_int_105_off_55_percentage_0_position_0-0 genomicbackground,3850,2,3850_2
query_3851,0,genomicbackground,1,riboswitch,0.9807917475700378,3851_2_RF01056_2_NC_000913.3_4467215-4467731_ext_300-500_int_105_off_60_percentage_0_position_0-0 genomicbackground,3851,2,3851_2
query_3852,0,genomicbackground,1,riboswitch,0.5830990672111511,3852_2_RF01056_2_NC_000913.3_4467215-4467731_ext_300-500_int_105_off_65_percentage_0_position_0-0 genomicbackground,3852,2,3852_2
query_3853,0,genomicbackground,1,riboswitch,0.9276001453399658,3853_2_RF01056_2_NC_000913.3_4467215-4467731_ext_300-500_int_105_off_70_percentage_0_position_0-0 genomicbackground,3853,2,3853_2
query_3854,0,genomicbackground,1,riboswitch,0.9951176643371582,3854_2_RF01056_2_NC_000913.3_4467215-4467731_ext_300-500_int_105_off_75_percentage_0_position_0-0 genomicbackground,3854,2,3854_2
query_3855,0,genomicbackground,1,riboswitch,0.8975239396095276,3855_2_RF01056_2_NC_000913.3_4467215-4467731_ext_300-500_int_105_off_80_percentage_0_position_0-0 genomicbackground,3855,2,3855_2
query_3856,0,genomicbackground,0,genomicbackground,0.013501151464879513,3856_2_RF01056_2_NC_000913.3_4467215-4467731_ext_300-500_int_105_off_85_percentage_0_position_0-0 genomicbackground,3856,2,3856_2
query_3857,0,genomicbackground,0,genomicbackground,0.00705934502184391,3857_2_RF01056_2_NC_000913.3_4467215-4467731_ext_300-500_int_105_off_90_percentage_0_position_0-0 genomicbackground,3857,2,3857_2
query_3858,0,genomicbackground,0,genomicbackground,0.17393113672733307,3858_2_RF01056_2_NC_000913.3_4467215-4467731_ext_300-500_int_105_off_95_percentage_0_position_0-0 genomicbackground,3858,2,3858_2
query_3859,0,genomicbackground,1,riboswitch,0.9966579675674438,3859_2_RF01056_2_NC_000913.3_4467215-4467731_ext_300-500_int_110_off_0_percentage_14_position_1-16 genomicbackground,3859,2,3859_2
query_3860,0,genomicbackground,1,riboswitch,0.997687816619873,3860_2_RF01056_2_NC_000913.3_4467215-4467731_ext_300-500_int_110_off_5_percentage_9_position_1-11 genomicbackground,3860,2,3860_2
query_3861,0,genomicbackground,1,riboswitch,0.9880036115646362,3861_2_RF01056_2_NC_000913.3_4467215-4467731_ext_300-500_int_110_off_10_percentage_5_position_1-6 genomicbackground,3861,2,3861_2
query_3862,0,genomicbackground,1,riboswitch,0.9896045923233032,3862_2_RF01056_2_NC_000913.3_4467215-4467731_ext_300-500_int_110_off_15_percentage_1_position_1-1 genomicbackground,3862,2,3862_2
query_3863,0,genomicbackground,1,riboswitch,0.9900479316711426,3863_2_RF01056_2_NC_000913.3_4467215-4467731_ext_300-500_int_110_off_20_percentage_0_position_0-0 genomicbackground,3863,2,3863_2
query_3864,0,genomicbackground,1,riboswitch,0.6947658061981201,3864_2_RF01056_2_NC_000913.3_4467215-4467731_ext_300-500_int_110_off_25_percentage_0_position_0-0 genomicbackground,3864,2,3864_2
query_3865,0,genomicbackground,1,riboswitch,0.8503530025482178,3865_2_RF01056_2_NC_000913.3_4467215-4467731_ext_300-500_int_110_off_30_percentage_0_position_0-0 genomicbackground,3865,2,3865_2
query_3866,0,genomicbackground,1,riboswitch,0.9014688730239868,3866_2_RF01056_2_NC_000913.3_4467215-4467731_ext_300-500_int_110_off_35_percentage_0_position_0-0 genomicbackground,3866,2,3866_2
query_3867,0,genomicbackground,1,riboswitch,0.9807860255241394,3867_2_RF01056_2_NC_000913.3_4467215-4467731_ext_300-500_int_110_off_40_percentage_0_position_0-0 genomicbackground,3867,2,3867_2
query_3868,0,genomicbackground,0,genomicbackground,0.4029301106929779,3868_2_RF01056_2_NC_000913.3_4467215-4467731_ext_300-500_int_110_off_45_percentage_0_position_0-0 genomicbackground,3868,2,3868_2
query_3869,0,genomicbackground,1,riboswitch,0.5091546177864075,3869_2_RF01056_2_NC_000913.3_4467215-4467731_ext_300-500_int_110_off_50_percentage_0_position_0-0 genomicbackground,3869,2,3869_2
query_3870,0,genomicbackground,1,riboswitch,0.9316884875297546,3870_2_RF01056_2_NC_000913.3_4467215-4467731_ext_300-500_int_110_off_55_percentage_0_position_0-0 genomicbackground,3870,2,3870_2
query_3871,0,genomicbackground,1,riboswitch,0.9699629545211792,3871_2_RF01056_2_NC_000913.3_4467215-4467731_ext_300-500_int_110_off_60_percentage_0_position_0-0 genomicbackground,3871,2,3871_2
query_3872,0,genomicbackground,1,riboswitch,0.8881262540817261,3872_2_RF01056_2_NC_000913.3_4467215-4467731_ext_300-500_int_110_off_65_percentage_0_position_0-0 genomicbackground,3872,2,3872_2
query_3873,0,genomicbackground,1,riboswitch,0.7881126403808594,3873_2_RF01056_2_NC_000913.3_4467215-4467731_ext_300-500_int_110_off_70_percentage_0_position_0-0 genomicbackground,3873,2,3873_2
query_3874,0,genomicbackground,0,genomicbackground,0.03762831166386604,3874_2_RF01056_2_NC_000913.3_4467215-4467731_ext_300-500_int_110_off_75_percentage_0_position_0-0 genomicbackground,3874,2,3874_2
query_3875,0,genomicbackground,0,genomicbackground,0.07941275089979172,3875_2_RF01056_2_NC_000913.3_4467215-4467731_ext_300-500_int_110_off_80_percentage_0_position_0-0 genomicbackground,3875,2,3875_2
query_3876,0,genomicbackground,0,genomicbackground,0.01014407817274332,3876_2_RF01056_2_NC_000913.3_4467215-4467731_ext_300-500_int_110_off_85_percentage_0_position_0-0 genomicbackground,3876,2,3876_2
query_3877,0,genomicbackground,0,genomicbackground,0.023441802710294724,3877_2_RF01056_2_NC_000913.3_4467215-4467731_ext_300-500_int_110_off_90_percentage_0_position_0-0 genomicbackground,3877,2,3877_2
query_3878,0,genomicbackground,1,riboswitch,0.997957706451416,3878_2_RF01056_2_NC_000913.3_4467215-4467731_ext_300-500_int_115_off_0_percentage_14_position_1-16 genomicbackground,3878,2,3878_2
query_3879,0,genomicbackground,1,riboswitch,0.9970977306365967,3879_2_RF01056_2_NC_000913.3_4467215-4467731_ext_300-500_int_115_off_5_percentage_9_position_1-11 genomicbackground,3879,2,3879_2
query_3880,0,genomicbackground,1,riboswitch,0.9868823885917664,3880_2_RF01056_2_NC_000913.3_4467215-4467731_ext_300-500_int_115_off_10_percentage_5_position_1-6 genomicbackground,3880,2,3880_2
query_3881,0,genomicbackground,1,riboswitch,0.977202832698822,3881_2_RF01056_2_NC_000913.3_4467215-4467731_ext_300-500_int_115_off_15_percentage_1_position_1-1 genomicbackground,3881,2,3881_2
query_3882,0,genomicbackground,1,riboswitch,0.9914903044700623,3882_2_RF01056_2_NC_000913.3_4467215-4467731_ext_300-500_int_115_off_20_percentage_0_position_0-0 genomicbackground,3882,2,3882_2
query_3883,0,genomicbackground,1,riboswitch,0.6107080578804016,3883_2_RF01056_2_NC_000913.3_4467215-4467731_ext_300-500_int_115_off_25_percentage_0_position_0-0 genomicbackground,3883,2,3883_2
query_3884,0,genomicbackground,1,riboswitch,0.8105840682983398,3884_2_RF01056_2_NC_000913.3_4467215-4467731_ext_300-500_int_115_off_30_percentage_0_position_0-0 genomicbackground,3884,2,3884_2
query_3885,0,genomicbackground,1,riboswitch,0.723065972328186,3885_2_RF01056_2_NC_000913.3_4467215-4467731_ext_300-500_int_115_off_35_percentage_0_position_0-0 genomicbackground,3885,2,3885_2
query_3886,0,genomicbackground,1,riboswitch,0.9790584444999695,3886_2_RF01056_2_NC_000913.3_4467215-4467731_ext_300-500_int_115_off_40_percentage_0_position_0-0 genomicbackground,3886,2,3886_2
query_3887,0,genomicbackground,1,riboswitch,0.919870913028717,3887_2_RF01056_2_NC_000913.3_4467215-4467731_ext_300-500_int_115_off_45_percentage_0_position_0-0 genomicbackground,3887,2,3887_2
query_3888,0,genomicbackground,1,riboswitch,0.8327970504760742,3888_2_RF01056_2_NC_000913.3_4467215-4467731_ext_300-500_int_115_off_50_percentage_0_position_0-0 genomicbackground,3888,2,3888_2
query_3889,0,genomicbackground,1,riboswitch,0.867286741733551,3889_2_RF01056_2_NC_000913.3_4467215-4467731_ext_300-500_int_115_off_55_percentage_0_position_0-0 genomicbackground,3889,2,3889_2
query_3890,0,genomicbackground,1,riboswitch,0.9758965969085693,3890_2_RF01056_2_NC_000913.3_4467215-4467731_ext_300-500_int_115_off_60_percentage_0_position_0-0 genomicbackground,3890,2,3890_2
query_3891,0,genomicbackground,1,riboswitch,0.763218104839325,3891_2_RF01056_2_NC_000913.3_4467215-4467731_ext_300-500_int_115_off_65_percentage_0_position_0-0 genomicbackground,3891,2,3891_2
query_3892,0,genomicbackground,0,genomicbackground,0.016646595671772957,3892_2_RF01056_2_NC_000913.3_4467215-4467731_ext_300-500_int_115_off_70_percentage_0_position_0-0 genomicbackground,3892,2,3892_2
query_3893,0,genomicbackground,0,genomicbackground,0.02738087810575962,3893_2_RF01056_2_NC_000913.3_4467215-4467731_ext_300-500_int_115_off_75_percentage_0_position_0-0 genomicbackground,3893,2,3893_2
query_3894,0,genomicbackground,0,genomicbackground,0.01586177386343479,3894_2_RF01056_2_NC_000913.3_4467215-4467731_ext_300-500_int_115_off_80_percentage_0_position_0-0 genomicbackground,3894,2,3894_2
query_3895,0,genomicbackground,0,genomicbackground,0.060774222016334534,3895_2_RF01056_2_NC_000913.3_4467215-4467731_ext_300-500_int_115_off_85_percentage_0_position_0-0 genomicbackground,3895,2,3895_2
query_3896,0,genomicbackground,1,riboswitch,0.9975125789642334,3896_2_RF01056_2_NC_000913.3_4467215-4467731_ext_300-500_int_120_off_0_percentage_14_position_1-16 genomicbackground,3896,2,3896_2
query_3897,0,genomicbackground,1,riboswitch,0.9965207576751709,3897_2_RF01056_2_NC_000913.3_4467215-4467731_ext_300-500_int_120_off_5_percentage_9_position_1-11 genomicbackground,3897,2,3897_2
query_3898,0,genomicbackground,1,riboswitch,0.970568835735321,3898_2_RF01056_2_NC_000913.3_4467215-4467731_ext_300-500_int_120_off_10_percentage_5_position_1-6 genomicbackground,3898,2,3898_2
query_3899,0,genomicbackground,1,riboswitch,0.9795138835906982,3899_2_RF01056_2_NC_000913.3_4467215-4467731_ext_300-500_int_120_off_15_percentage_1_position_1-1 genomicbackground,3899,2,3899_2
query_3900,0,genomicbackground,1,riboswitch,0.991292417049408,3900_2_RF01056_2_NC_000913.3_4467215-4467731_ext_300-500_int_120_off_20_percentage_0_position_0-0 genomicbackground,3900,2,3900_2
query_3901,0,genomicbackground,1,riboswitch,0.6255297660827637,3901_2_RF01056_2_NC_000913.3_4467215-4467731_ext_300-500_int_120_off_25_percentage_0_position_0-0 genomicbackground,3901,2,3901_2
query_3902,0,genomicbackground,1,riboswitch,0.6773243546485901,3902_2_RF01056_2_NC_000913.3_4467215-4467731_ext_300-500_int_120_off_30_percentage_0_position_0-0 genomicbackground,3902,2,3902_2
query_3903,0,genomicbackground,1,riboswitch,0.8221527934074402,3903_2_RF01056_2_NC_000913.3_4467215-4467731_ext_300-500_int_120_off_35_percentage_0_position_0-0 genomicbackground,3903,2,3903_2
query_3904,0,genomicbackground,1,riboswitch,0.9886338710784912,3904_2_RF01056_2_NC_000913.3_4467215-4467731_ext_300-500_int_120_off_40_percentage_0_position_0-0 genomicbackground,3904,2,3904_2
query_3905,0,genomicbackground,1,riboswitch,0.9345070123672485,3905_2_RF01056_2_NC_000913.3_4467215-4467731_ext_300-500_int_120_off_45_percentage_0_position_0-0 genomicbackground,3905,2,3905_2
query_3906,0,genomicbackground,1,riboswitch,0.7330179214477539,3906_2_RF01056_2_NC_000913.3_4467215-4467731_ext_300-500_int_120_off_50_percentage_0_position_0-0 genomicbackground,3906,2,3906_2
query_3907,0,genomicbackground,0,genomicbackground,0.2756499648094177,3907_2_RF01056_2_NC_000913.3_4467215-4467731_ext_300-500_int_120_off_55_percentage_0_position_0-0 genomicbackground,3907,2,3907_2
query_3908,0,genomicbackground,0,genomicbackground,0.021309804171323776,3908_2_RF01056_2_NC_000913.3_4467215-4467731_ext_300-500_int_120_off_60_percentage_0_position_0-0 genomicbackground,3908,2,3908_2
query_3909,0,genomicbackground,0,genomicbackground,0.03436001390218735,3909_2_RF01056_2_NC_000913.3_4467215-4467731_ext_300-500_int_120_off_65_percentage_0_position_0-0 genomicbackground,3909,2,3909_2
query_3910,0,genomicbackground,0,genomicbackground,0.015304697677493095,3910_2_RF01056_2_NC_000913.3_4467215-4467731_ext_300-500_int_120_off_70_percentage_0_position_0-0 genomicbackground,3910,2,3910_2
query_3911,0,genomicbackground,1,riboswitch,0.9402981996536255,3911_2_RF01056_2_NC_000913.3_4467215-4467731_ext_300-500_int_120_off_75_percentage_0_position_0-0 genomicbackground,3911,2,3911_2
query_3912,0,genomicbackground,0,genomicbackground,0.14882661402225494,3912_2_RF01056_2_NC_000913.3_4467215-4467731_ext_300-500_int_120_off_80_percentage_0_position_0-0 genomicbackground,3912,2,3912_2
query_3913,0,genomicbackground,1,riboswitch,0.9970670342445374,3913_2_RF01056_2_NC_000913.3_4467215-4467731_ext_300-500_int_125_off_0_percentage_14_position_1-16 genomicbackground,3913,2,3913_2
query_3914,0,genomicbackground,1,riboswitch,0.9943392872810364,3914_2_RF01056_2_NC_000913.3_4467215-4467731_ext_300-500_int_125_off_5_percentage_9_position_1-11 genomicbackground,3914,2,3914_2
query_3915,0,genomicbackground,1,riboswitch,0.9735615253448486,3915_2_RF01056_2_NC_000913.3_4467215-4467731_ext_300-500_int_125_off_10_percentage_5_position_1-6 genomicbackground,3915,2,3915_2
query_3916,0,genomicbackground,1,riboswitch,0.9785273671150208,3916_2_RF01056_2_NC_000913.3_4467215-4467731_ext_300-500_int_125_off_15_percentage_1_position_1-1 genomicbackground,3916,2,3916_2
query_3917,0,genomicbackground,1,riboswitch,0.9656274914741516,3917_2_RF01056_2_NC_000913.3_4467215-4467731_ext_300-500_int_125_off_20_percentage_0_position_0-0 genomicbackground,3917,2,3917_2
query_3918,0,genomicbackground,0,genomicbackground,0.37311163544654846,3918_2_RF01056_2_NC_000913.3_4467215-4467731_ext_300-500_int_125_off_25_percentage_0_position_0-0 genomicbackground,3918,2,3918_2
query_3919,0,genomicbackground,1,riboswitch,0.7927096486091614,3919_2_RF01056_2_NC_000913.3_4467215-4467731_ext_300-500_int_125_off_30_percentage_0_position_0-0 genomicbackground,3919,2,3919_2
query_3920,0,genomicbackground,1,riboswitch,0.9091182947158813,3920_2_RF01056_2_NC_000913.3_4467215-4467731_ext_300-500_int_125_off_35_percentage_0_position_0-0 genomicbackground,3920,2,3920_2
query_3921,0,genomicbackground,1,riboswitch,0.9892130494117737,3921_2_RF01056_2_NC_000913.3_4467215-4467731_ext_300-500_int_125_off_40_percentage_0_position_0-0 genomicbackground,3921,2,3921_2
query_3922,0,genomicbackground,1,riboswitch,0.8857489824295044,3922_2_RF01056_2_NC_000913.3_4467215-4467731_ext_300-500_int_125_off_45_percentage_0_position_0-0 genomicbackground,3922,2,3922_2
query_3923,0,genomicbackground,1,riboswitch,0.8225048184394836,3923_2_RF01056_2_NC_000913.3_4467215-4467731_ext_300-500_int_125_off_50_percentage_0_position_0-0 genomicbackground,3923,2,3923_2
query_3924,0,genomicbackground,0,genomicbackground,0.04916687682271004,3924_2_RF01056_2_NC_000913.3_4467215-4467731_ext_300-500_int_125_off_55_percentage_0_position_0-0 genomicbackground,3924,2,3924_2
query_3925,0,genomicbackground,0,genomicbackground,0.12545791268348694,3925_2_RF01056_2_NC_000913.3_4467215-4467731_ext_300-500_int_125_off_60_percentage_0_position_0-0 genomicbackground,3925,2,3925_2
query_3926,0,genomicbackground,0,genomicbackground,0.02598700486123562,3926_2_RF01056_2_NC_000913.3_4467215-4467731_ext_300-500_int_125_off_65_percentage_0_position_0-0 genomicbackground,3926,2,3926_2
query_3927,0,genomicbackground,0,genomicbackground,0.2733229696750641,3927_2_RF01056_2_NC_000913.3_4467215-4467731_ext_300-500_int_125_off_70_percentage_0_position_0-0 genomicbackground,3927,2,3927_2
query_3928,0,genomicbackground,1,riboswitch,0.959775984287262,3928_2_RF01056_2_NC_000913.3_4467215-4467731_ext_300-500_int_125_off_75_percentage_0_position_0-0 genomicbackground,3928,2,3928_2
query_3929,0,genomicbackground,1,riboswitch,0.9955606460571289,3929_2_RF01056_2_NC_000913.3_4467215-4467731_ext_300-500_int_130_off_0_percentage_14_position_1-16 genomicbackground,3929,2,3929_2
query_3930,0,genomicbackground,1,riboswitch,0.9946886301040649,3930_2_RF01056_2_NC_000913.3_4467215-4467731_ext_300-500_int_130_off_5_percentage_9_position_1-11 genomicbackground,3930,2,3930_2
query_3931,0,genomicbackground,1,riboswitch,0.9720773696899414,3931_2_RF01056_2_NC_000913.3_4467215-4467731_ext_300-500_int_130_off_10_percentage_5_position_1-6 genomicbackground,3931,2,3931_2
query_3932,0,genomicbackground,1,riboswitch,0.9093031287193298,3932_2_RF01056_2_NC_000913.3_4467215-4467731_ext_300-500_int_130_off_15_percentage_1_position_1-1 genomicbackground,3932,2,3932_2
query_3933,0,genomicbackground,1,riboswitch,0.9259632229804993,3933_2_RF01056_2_NC_000913.3_4467215-4467731_ext_300-500_int_130_off_20_percentage_0_position_0-0 genomicbackground,3933,2,3933_2
query_3934,0,genomicbackground,1,riboswitch,0.7357004880905151,3934_2_RF01056_2_NC_000913.3_4467215-4467731_ext_300-500_int_130_off_25_percentage_0_position_0-0 genomicbackground,3934,2,3934_2
query_3935,0,genomicbackground,1,riboswitch,0.8807295560836792,3935_2_RF01056_2_NC_000913.3_4467215-4467731_ext_300-500_int_130_off_30_percentage_0_position_0-0 genomicbackground,3935,2,3935_2
query_3936,0,genomicbackground,1,riboswitch,0.9234431982040405,3936_2_RF01056_2_NC_000913.3_4467215-4467731_ext_300-500_int_130_off_35_percentage_0_position_0-0 genomicbackground,3936,2,3936_2
query_3937,0,genomicbackground,1,riboswitch,0.9844948649406433,3937_2_RF01056_2_NC_000913.3_4467215-4467731_ext_300-500_int_130_off_40_percentage_0_position_0-0 genomicbackground,3937,2,3937_2
query_3938,0,genomicbackground,1,riboswitch,0.978329598903656,3938_2_RF01056_2_NC_000913.3_4467215-4467731_ext_300-500_int_130_off_45_percentage_0_position_0-0 genomicbackground,3938,2,3938_2
query_3939,0,genomicbackground,0,genomicbackground,0.05228128656744957,3939_2_RF01056_2_NC_000913.3_4467215-4467731_ext_300-500_int_130_off_50_percentage_0_position_0-0 genomicbackground,3939,2,3939_2
query_3940,0,genomicbackground,1,riboswitch,0.8121236562728882,3940_2_RF01056_2_NC_000913.3_4467215-4467731_ext_300-500_int_130_off_55_percentage_0_position_0-0 genomicbackground,3940,2,3940_2
query_3941,0,genomicbackground,0,genomicbackground,0.032725974917411804,3941_2_RF01056_2_NC_000913.3_4467215-4467731_ext_300-500_int_130_off_60_percentage_0_position_0-0 genomicbackground,3941,2,3941_2
query_3942,0,genomicbackground,0,genomicbackground,0.1441056728363037,3942_2_RF01056_2_NC_000913.3_4467215-4467731_ext_300-500_int_130_off_65_percentage_0_position_0-0 genomicbackground,3942,2,3942_2
query_3943,0,genomicbackground,0,genomicbackground,0.43301281332969666,3943_2_RF01056_2_NC_000913.3_4467215-4467731_ext_300-500_int_130_off_70_percentage_0_position_0-0 genomicbackground,3943,2,3943_2
query_3944,0,genomicbackground,1,riboswitch,0.9927708506584167,3944_2_RF01056_2_NC_000913.3_4467215-4467731_ext_300-500_int_135_off_0_percentage_14_position_1-16 genomicbackground,3944,2,3944_2
query_3945,0,genomicbackground,1,riboswitch,0.9945593476295471,3945_2_RF01056_2_NC_000913.3_4467215-4467731_ext_300-500_int_135_off_5_percentage_9_position_1-11 genomicbackground,3945,2,3945_2
query_3946,0,genomicbackground,1,riboswitch,0.8857318758964539,3946_2_RF01056_2_NC_000913.3_4467215-4467731_ext_300-500_int_135_off_10_percentage_5_position_1-6 genomicbackground,3946,2,3946_2
query_3947,0,genomicbackground,1,riboswitch,0.8170166611671448,3947_2_RF01056_2_NC_000913.3_4467215-4467731_ext_300-500_int_135_off_15_percentage_1_position_1-1 genomicbackground,3947,2,3947_2
query_3948,0,genomicbackground,1,riboswitch,0.9018162488937378,3948_2_RF01056_2_NC_000913.3_4467215-4467731_ext_300-500_int_135_off_20_percentage_0_position_0-0 genomicbackground,3948,2,3948_2
query_3949,0,genomicbackground,1,riboswitch,0.8443703055381775,3949_2_RF01056_2_NC_000913.3_4467215-4467731_ext_300-500_int_135_off_25_percentage_0_position_0-0 genomicbackground,3949,2,3949_2
query_3950,0,genomicbackground,1,riboswitch,0.8939967751502991,3950_2_RF01056_2_NC_000913.3_4467215-4467731_ext_300-500_int_135_off_30_percentage_0_position_0-0 genomicbackground,3950,2,3950_2
query_3951,0,genomicbackground,1,riboswitch,0.871681272983551,3951_2_RF01056_2_NC_000913.3_4467215-4467731_ext_300-500_int_135_off_35_percentage_0_position_0-0 genomicbackground,3951,2,3951_2
query_3952,0,genomicbackground,1,riboswitch,0.99457848072052,3952_2_RF01056_2_NC_000913.3_4467215-4467731_ext_300-500_int_135_off_40_percentage_0_position_0-0 genomicbackground,3952,2,3952_2
query_3953,0,genomicbackground,1,riboswitch,0.981073796749115,3953_2_RF01056_2_NC_000913.3_4467215-4467731_ext_300-500_int_135_off_45_percentage_0_position_0-0 genomicbackground,3953,2,3953_2
query_3954,0,genomicbackground,1,riboswitch,0.7619526386260986,3954_2_RF01056_2_NC_000913.3_4467215-4467731_ext_300-500_int_135_off_50_percentage_0_position_0-0 genomicbackground,3954,2,3954_2
query_3955,0,genomicbackground,1,riboswitch,0.7054552435874939,3955_2_RF01056_2_NC_000913.3_4467215-4467731_ext_300-500_int_135_off_55_percentage_0_position_0-0 genomicbackground,3955,2,3955_2
query_3956,0,genomicbackground,0,genomicbackground,0.2296908050775528,3956_2_RF01056_2_NC_000913.3_4467215-4467731_ext_300-500_int_135_off_60_percentage_0_position_0-0 genomicbackground,3956,2,3956_2
query_3957,0,genomicbackground,0,genomicbackground,0.16293849050998688,3957_2_RF01056_2_NC_000913.3_4467215-4467731_ext_300-500_int_135_off_65_percentage_0_position_0-0 genomicbackground,3957,2,3957_2
query_3958,0,genomicbackground,1,riboswitch,0.9943892359733582,3958_2_RF01056_2_NC_000913.3_4467215-4467731_ext_300-500_int_140_off_0_percentage_14_position_1-16 genomicbackground,3958,2,3958_2
query_3959,0,genomicbackground,1,riboswitch,0.9851550459861755,3959_2_RF01056_2_NC_000913.3_4467215-4467731_ext_300-500_int_140_off_5_percentage_9_position_1-11 genomicbackground,3959,2,3959_2
query_3960,0,genomicbackground,1,riboswitch,0.7796399593353271,3960_2_RF01056_2_NC_000913.3_4467215-4467731_ext_300-500_int_140_off_10_percentage_5_position_1-6 genomicbackground,3960,2,3960_2
query_3961,0,genomicbackground,1,riboswitch,0.7687565684318542,3961_2_RF01056_2_NC_000913.3_4467215-4467731_ext_300-500_int_140_off_15_percentage_1_position_1-1 genomicbackground,3961,2,3961_2
query_3962,0,genomicbackground,1,riboswitch,0.9303507208824158,3962_2_RF01056_2_NC_000913.3_4467215-4467731_ext_300-500_int_140_off_20_percentage_0_position_0-0 genomicbackground,3962,2,3962_2
query_3963,0,genomicbackground,1,riboswitch,0.858052670955658,3963_2_RF01056_2_NC_000913.3_4467215-4467731_ext_300-500_int_140_off_25_percentage_0_position_0-0 genomicbackground,3963,2,3963_2
query_3964,0,genomicbackground,1,riboswitch,0.835774302482605,3964_2_RF01056_2_NC_000913.3_4467215-4467731_ext_300-500_int_140_off_30_percentage_0_position_0-0 genomicbackground,3964,2,3964_2
query_3965,0,genomicbackground,1,riboswitch,0.9766314625740051,3965_2_RF01056_2_NC_000913.3_4467215-4467731_ext_300-500_int_140_off_35_percentage_0_position_0-0 genomicbackground,3965,2,3965_2
query_3966,0,genomicbackground,1,riboswitch,0.9924960136413574,3966_2_RF01056_2_NC_000913.3_4467215-4467731_ext_300-500_int_140_off_40_percentage_0_position_0-0 genomicbackground,3966,2,3966_2
query_3967,0,genomicbackground,1,riboswitch,0.9832114577293396,3967_2_RF01056_2_NC_000913.3_4467215-4467731_ext_300-500_int_140_off_45_percentage_0_position_0-0 genomicbackground,3967,2,3967_2
query_3968,0,genomicbackground,1,riboswitch,0.6417365074157715,3968_2_RF01056_2_NC_000913.3_4467215-4467731_ext_300-500_int_140_off_50_percentage_0_position_0-0 genomicbackground,3968,2,3968_2
query_3969,0,genomicbackground,0,genomicbackground,0.010601789690554142,3969_2_RF01056_2_NC_000913.3_4467215-4467731_ext_300-500_int_140_off_55_percentage_0_position_0-0 genomicbackground,3969,2,3969_2
query_3970,0,genomicbackground,0,genomicbackground,0.063482865691185,3970_2_RF01056_2_NC_000913.3_4467215-4467731_ext_300-500_int_140_off_60_percentage_0_position_0-0 genomicbackground,3970,2,3970_2
query_3971,0,genomicbackground,1,riboswitch,0.9916983842849731,3971_2_RF01056_2_NC_000913.3_4467215-4467731_ext_300-500_int_145_off_0_percentage_14_position_1-16 genomicbackground,3971,2,3971_2
query_3972,0,genomicbackground,1,riboswitch,0.9718895554542542,3972_2_RF01056_2_NC_000913.3_4467215-4467731_ext_300-500_int_145_off_5_percentage_9_position_1-11 genomicbackground,3972,2,3972_2
query_3973,0,genomicbackground,1,riboswitch,0.730403482913971,3973_2_RF01056_2_NC_000913.3_4467215-4467731_ext_300-500_int_145_off_10_percentage_5_position_1-6 genomicbackground,3973,2,3973_2
query_3974,0,genomicbackground,1,riboswitch,0.8227590918540955,3974_2_RF01056_2_NC_000913.3_4467215-4467731_ext_300-500_int_145_off_15_percentage_1_position_1-1 genomicbackground,3974,2,3974_2
query_3975,0,genomicbackground,1,riboswitch,0.9238235354423523,3975_2_RF01056_2_NC_000913.3_4467215-4467731_ext_300-500_int_145_off_20_percentage_0_position_0-0 genomicbackground,3975,2,3975_2
query_3976,0,genomicbackground,1,riboswitch,0.7817531228065491,3976_2_RF01056_2_NC_000913.3_4467215-4467731_ext_300-500_int_145_off_25_percentage_0_position_0-0 genomicbackground,3976,2,3976_2
query_3977,0,genomicbackground,1,riboswitch,0.9588887095451355,3977_2_RF01056_2_NC_000913.3_4467215-4467731_ext_300-500_int_145_off_30_percentage_0_position_0-0 genomicbackground,3977,2,3977_2
query_3978,0,genomicbackground,1,riboswitch,0.9476656913757324,3978_2_RF01056_2_NC_000913.3_4467215-4467731_ext_300-500_int_145_off_35_percentage_0_position_0-0 genomicbackground,3978,2,3978_2
query_3979,0,genomicbackground,0,genomicbackground,0.3930148780345917,3979_2_RF01056_2_NC_000913.3_4467215-4467731_ext_300-500_int_145_off_40_percentage_0_position_0-0 genomicbackground,3979,2,3979_2
query_3980,0,genomicbackground,1,riboswitch,0.855467677116394,3980_2_RF01056_2_NC_000913.3_4467215-4467731_ext_300-500_int_145_off_45_percentage_0_position_0-0 genomicbackground,3980,2,3980_2
query_3981,0,genomicbackground,0,genomicbackground,0.17815040051937103,3981_2_RF01056_2_NC_000913.3_4467215-4467731_ext_300-500_int_145_off_50_percentage_0_position_0-0 genomicbackground,3981,2,3981_2
query_3982,0,genomicbackground,0,genomicbackground,0.0247267447412014,3982_2_RF01056_2_NC_000913.3_4467215-4467731_ext_300-500_int_145_off_55_percentage_0_position_0-0 genomicbackground,3982,2,3982_2
query_3983,0,genomicbackground,1,riboswitch,0.9868401288986206,3983_2_RF01056_2_NC_000913.3_4467215-4467731_ext_300-500_int_150_off_0_percentage_14_position_1-16 genomicbackground,3983,2,3983_2
query_3984,0,genomicbackground,1,riboswitch,0.9610174894332886,3984_2_RF01056_2_NC_000913.3_4467215-4467731_ext_300-500_int_150_off_5_percentage_9_position_1-11 genomicbackground,3984,2,3984_2
query_3985,0,genomicbackground,1,riboswitch,0.7893887162208557,3985_2_RF01056_2_NC_000913.3_4467215-4467731_ext_300-500_int_150_off_10_percentage_5_position_1-6 genomicbackground,3985,2,3985_2
query_3986,0,genomicbackground,1,riboswitch,0.823656439781189,3986_2_RF01056_2_NC_000913.3_4467215-4467731_ext_300-500_int_150_off_15_percentage_1_position_1-1 genomicbackground,3986,2,3986_2
query_3987,0,genomicbackground,1,riboswitch,0.8791313171386719,3987_2_RF01056_2_NC_000913.3_4467215-4467731_ext_300-500_int_150_off_20_percentage_0_position_0-0 genomicbackground,3987,2,3987_2
query_3988,0,genomicbackground,1,riboswitch,0.9430413842201233,3988_2_RF01056_2_NC_000913.3_4467215-4467731_ext_300-500_int_150_off_25_percentage_0_position_0-0 genomicbackground,3988,2,3988_2
query_3989,0,genomicbackground,1,riboswitch,0.8620679378509521,3989_2_RF01056_2_NC_000913.3_4467215-4467731_ext_300-500_int_150_off_30_percentage_0_position_0-0 genomicbackground,3989,2,3989_2
query_3990,0,genomicbackground,0,genomicbackground,0.042091261595487595,3990_2_RF01056_2_NC_000913.3_4467215-4467731_ext_300-500_int_150_off_35_percentage_0_position_0-0 genomicbackground,3990,2,3990_2
query_3991,0,genomicbackground,0,genomicbackground,0.38408952951431274,3991_2_RF01056_2_NC_000913.3_4467215-4467731_ext_300-500_int_150_off_40_percentage_0_position_0-0 genomicbackground,3991,2,3991_2
query_3992,0,genomicbackground,0,genomicbackground,0.4212779700756073,3992_2_RF01056_2_NC_000913.3_4467215-4467731_ext_300-500_int_150_off_45_percentage_0_position_0-0 genomicbackground,3992,2,3992_2
query_3993,0,genomicbackground,0,genomicbackground,0.2284836322069168,3993_2_RF01056_2_NC_000913.3_4467215-4467731_ext_300-500_int_150_off_50_percentage_0_position_0-0 genomicbackground,3993,2,3993_2
query_3994,0,genomicbackground,1,riboswitch,0.9531656503677368,3994_2_RF01056_2_NC_000913.3_4467215-4467731_ext_300-500_int_155_off_0_percentage_14_position_1-16 genomicbackground,3994,2,3994_2
query_3995,0,genomicbackground,1,riboswitch,0.929888904094696,3995_2_RF01056_2_NC_000913.3_4467215-4467731_ext_300-500_int_155_off_5_percentage_9_position_1-11 genomicbackground,3995,2,3995_2
query_3996,0,genomicbackground,1,riboswitch,0.7936665415763855,3996_2_RF01056_2_NC_000913.3_4467215-4467731_ext_300-500_int_155_off_10_percentage_5_position_1-6 genomicbackground,3996,2,3996_2
query_3997,0,genomicbackground,1,riboswitch,0.7415362000465393,3997_2_RF01056_2_NC_000913.3_4467215-4467731_ext_300-500_int_155_off_15_percentage_1_position_1-1 genomicbackground,3997,2,3997_2
query_3998,0,genomicbackground,1,riboswitch,0.9451257586479187,3998_2_RF01056_2_NC_000913.3_4467215-4467731_ext_300-500_int_155_off_20_percentage_0_position_0-0 genomicbackground,3998,2,3998_2
query_3999,0,genomicbackground,1,riboswitch,0.7484731674194336,3999_2_RF01056_2_NC_000913.3_4467215-4467731_ext_300-500_int_155_off_25_percentage_0_position_0-0 genomicbackground,3999,2,3999_2
query_4000,0,genomicbackground,0,genomicbackground,0.1442771703004837,4000_2_RF01056_2_NC_000913.3_4467215-4467731_ext_300-500_int_155_off_30_percentage_0_position_0-0 genomicbackground,4000,2,4000_2
query_4001,0,genomicbackground,0,genomicbackground,0.03783183544874191,4001_2_RF01056_2_NC_000913.3_4467215-4467731_ext_300-500_int_155_off_35_percentage_0_position_0-0 genomicbackground,4001,2,4001_2
query_4002,0,genomicbackground,1,riboswitch,0.9659308195114136,4002_2_RF01056_2_NC_000913.3_4467215-4467731_ext_300-500_int_155_off_40_percentage_0_position_0-0 genomicbackground,4002,2,4002_2
query_4003,0,genomicbackground,1,riboswitch,0.5050646066665649,4003_2_RF01056_2_NC_000913.3_4467215-4467731_ext_300-500_int_155_off_45_percentage_0_position_0-0 genomicbackground,4003,2,4003_2
query_4004,0,genomicbackground,1,riboswitch,0.968695342540741,4004_2_RF01056_2_NC_000913.3_4467215-4467731_ext_300-500_int_160_off_0_percentage_14_position_1-16 genomicbackground,4004,2,4004_2
query_4005,0,genomicbackground,1,riboswitch,0.9242019653320312,4005_2_RF01056_2_NC_000913.3_4467215-4467731_ext_300-500_int_160_off_5_percentage_9_position_1-11 genomicbackground,4005,2,4005_2
query_4006,0,genomicbackground,1,riboswitch,0.7072144150733948,4006_2_RF01056_2_NC_000913.3_4467215-4467731_ext_300-500_int_160_off_10_percentage_5_position_1-6 genomicbackground,4006,2,4006_2
query_4007,0,genomicbackground,1,riboswitch,0.8885599374771118,4007_2_RF01056_2_NC_000913.3_4467215-4467731_ext_300-500_int_160_off_15_percentage_1_position_1-1 genomicbackground,4007,2,4007_2
query_4008,0,genomicbackground,0,genomicbackground,0.36083289980888367,4008_2_RF01056_2_NC_000913.3_4467215-4467731_ext_300-500_int_160_off_20_percentage_0_position_0-0 genomicbackground,4008,2,4008_2
query_4009,0,genomicbackground,1,riboswitch,0.8333488702774048,4009_2_RF01056_2_NC_000913.3_4467215-4467731_ext_300-500_int_160_off_25_percentage_0_position_0-0 genomicbackground,4009,2,4009_2
query_4010,0,genomicbackground,0,genomicbackground,0.05880032479763031,4010_2_RF01056_2_NC_000913.3_4467215-4467731_ext_300-500_int_160_off_30_percentage_0_position_0-0 genomicbackground,4010,2,4010_2
query_4011,0,genomicbackground,1,riboswitch,0.7020866274833679,4011_2_RF01056_2_NC_000913.3_4467215-4467731_ext_300-500_int_160_off_35_percentage_0_position_0-0 genomicbackground,4011,2,4011_2
query_4012,0,genomicbackground,1,riboswitch,0.9802125692367554,4012_2_RF01056_2_NC_000913.3_4467215-4467731_ext_300-500_int_160_off_40_percentage_0_position_0-0 genomicbackground,4012,2,4012_2
query_4013,0,genomicbackground,1,riboswitch,0.9215929508209229,4013_2_RF01056_2_NC_000913.3_4467215-4467731_ext_300-500_int_165_off_0_percentage_14_position_1-16 genomicbackground,4013,2,4013_2
query_4014,0,genomicbackground,1,riboswitch,0.8884584307670593,4014_2_RF01056_2_NC_000913.3_4467215-4467731_ext_300-500_int_165_off_5_percentage_9_position_1-11 genomicbackground,4014,2,4014_2
query_4015,0,genomicbackground,1,riboswitch,0.866132915019989,4015_2_RF01056_2_NC_000913.3_4467215-4467731_ext_300-500_int_165_off_10_percentage_5_position_1-6 genomicbackground,4015,2,4015_2
query_4016,0,genomicbackground,0,genomicbackground,0.15565337240695953,4016_2_RF01056_2_NC_000913.3_4467215-4467731_ext_300-500_int_165_off_15_percentage_1_position_1-1 genomicbackground,4016,2,4016_2
query_4017,0,genomicbackground,0,genomicbackground,0.3916657865047455,4017_2_RF01056_2_NC_000913.3_4467215-4467731_ext_300-500_int_165_off_20_percentage_0_position_0-0 genomicbackground,4017,2,4017_2
query_4018,0,genomicbackground,1,riboswitch,0.7580628991127014,4018_2_RF01056_2_NC_000913.3_4467215-4467731_ext_300-500_int_165_off_25_percentage_0_position_0-0 genomicbackground,4018,2,4018_2
query_4019,0,genomicbackground,1,riboswitch,0.6188017129898071,4019_2_RF01056_2_NC_000913.3_4467215-4467731_ext_300-500_int_165_off_30_percentage_0_position_0-0 genomicbackground,4019,2,4019_2
query_4020,0,genomicbackground,1,riboswitch,0.9444683194160461,4020_2_RF01056_2_NC_000913.3_4467215-4467731_ext_300-500_int_165_off_35_percentage_0_position_0-0 genomicbackground,4020,2,4020_2
query_4021,0,genomicbackground,1,riboswitch,0.9039083123207092,4021_2_RF01056_2_NC_000913.3_4467215-4467731_ext_300-500_int_170_off_0_percentage_14_position_1-16 genomicbackground,4021,2,4021_2
query_4022,0,genomicbackground,1,riboswitch,0.9296631217002869,4022_2_RF01056_2_NC_000913.3_4467215-4467731_ext_300-500_int_170_off_5_percentage_9_position_1-11 genomicbackground,4022,2,4022_2
query_4023,0,genomicbackground,0,genomicbackground,0.150788813829422,4023_2_RF01056_2_NC_000913.3_4467215-4467731_ext_300-500_int_170_off_10_percentage_5_position_1-6 genomicbackground,4023,2,4023_2
query_4024,0,genomicbackground,0,genomicbackground,0.1816750019788742,4024_2_RF01056_2_NC_000913.3_4467215-4467731_ext_300-500_int_170_off_15_percentage_1_position_1-1 genomicbackground,4024,2,4024_2
query_4025,0,genomicbackground,0,genomicbackground,0.05621260777115822,4025_2_RF01056_2_NC_000913.3_4467215-4467731_ext_300-500_int_170_off_20_percentage_0_position_0-0 genomicbackground,4025,2,4025_2
query_4026,0,genomicbackground,0,genomicbackground,0.023114219307899475,4026_2_RF01056_2_NC_000913.3_4467215-4467731_ext_300-500_int_170_off_25_percentage_0_position_0-0 genomicbackground,4026,2,4026_2
query_4027,0,genomicbackground,1,riboswitch,0.8098285794258118,4027_2_RF01056_2_NC_000913.3_4467215-4467731_ext_300-500_int_170_off_30_percentage_0_position_0-0 genomicbackground,4027,2,4027_2
query_4028,0,genomicbackground,1,riboswitch,0.9552366137504578,4028_2_RF01056_2_NC_000913.3_4467215-4467731_ext_300-500_int_175_off_0_percentage_14_position_1-16 genomicbackground,4028,2,4028_2
query_4029,0,genomicbackground,1,riboswitch,0.641371488571167,4029_2_RF01056_2_NC_000913.3_4467215-4467731_ext_300-500_int_175_off_5_percentage_9_position_1-11 genomicbackground,4029,2,4029_2
query_4030,0,genomicbackground,0,genomicbackground,0.17551803588867188,4030_2_RF01056_2_NC_000913.3_4467215-4467731_ext_300-500_int_175_off_10_percentage_5_position_1-6 genomicbackground,4030,2,4030_2
query_4031,0,genomicbackground,0,genomicbackground,0.17050762474536896,4031_2_RF01056_2_NC_000913.3_4467215-4467731_ext_300-500_int_175_off_15_percentage_1_position_1-1 genomicbackground,4031,2,4031_2
query_4032,0,genomicbackground,0,genomicbackground,0.038275640457868576,4032_2_RF01056_2_NC_000913.3_4467215-4467731_ext_300-500_int_175_off_20_percentage_0_position_0-0 genomicbackground,4032,2,4032_2
query_4033,0,genomicbackground,0,genomicbackground,0.02701537497341633,4033_2_RF01056_2_NC_000913.3_4467215-4467731_ext_300-500_int_175_off_25_percentage_0_position_0-0 genomicbackground,4033,2,4033_2
query_4034,0,genomicbackground,1,riboswitch,0.9081648588180542,4034_2_RF01056_2_NC_000913.3_4467215-4467731_ext_300-500_int_180_off_0_percentage_14_position_1-16 genomicbackground,4034,2,4034_2
query_4035,0,genomicbackground,1,riboswitch,0.6547042727470398,4035_2_RF01056_2_NC_000913.3_4467215-4467731_ext_300-500_int_180_off_5_percentage_9_position_1-11 genomicbackground,4035,2,4035_2
query_4036,0,genomicbackground,0,genomicbackground,0.16492128372192383,4036_2_RF01056_2_NC_000913.3_4467215-4467731_ext_300-500_int_180_off_10_percentage_5_position_1-6 genomicbackground,4036,2,4036_2
query_4037,0,genomicbackground,0,genomicbackground,0.03049655258655548,4037_2_RF01056_2_NC_000913.3_4467215-4467731_ext_300-500_int_180_off_15_percentage_1_position_1-1 genomicbackground,4037,2,4037_2
query_4038,0,genomicbackground,0,genomicbackground,0.04042283445596695,4038_2_RF01056_2_NC_000913.3_4467215-4467731_ext_300-500_int_180_off_20_percentage_0_position_0-0 genomicbackground,4038,2,4038_2
query_4039,0,genomicbackground,1,riboswitch,0.7568688988685608,4039_2_RF01056_2_NC_000913.3_4467215-4467731_ext_300-500_int_185_off_0_percentage_14_position_1-16 genomicbackground,4039,2,4039_2
query_4040,0,genomicbackground,0,genomicbackground,0.14197413623332977,4040_2_RF01056_2_NC_000913.3_4467215-4467731_ext_300-500_int_185_off_5_percentage_9_position_1-11 genomicbackground,4040,2,4040_2
query_4041,0,genomicbackground,0,genomicbackground,0.032290421426296234,4041_2_RF01056_2_NC_000913.3_4467215-4467731_ext_300-500_int_185_off_10_percentage_5_position_1-6 genomicbackground,4041,2,4041_2
query_4042,0,genomicbackground,0,genomicbackground,0.0315060168504715,4042_2_RF01056_2_NC_000913.3_4467215-4467731_ext_300-500_int_185_off_15_percentage_1_position_1-1 genomicbackground,4042,2,4042_2
query_4043,0,genomicbackground,1,riboswitch,0.8620197176933289,4043_2_RF01056_2_NC_000913.3_4467215-4467731_ext_300-500_int_190_off_0_percentage_14_position_1-16 genomicbackground,4043,2,4043_2
query_4044,0,genomicbackground,0,genomicbackground,0.07484342902898788,4044_2_RF01056_2_NC_000913.3_4467215-4467731_ext_300-500_int_190_off_5_percentage_9_position_1-11 genomicbackground,4044,2,4044_2
query_4045,0,genomicbackground,0,genomicbackground,0.03320983797311783,4045_2_RF01056_2_NC_000913.3_4467215-4467731_ext_300-500_int_190_off_10_percentage_5_position_1-6 genomicbackground,4045,2,4045_2
query_4046,0,genomicbackground,0,genomicbackground,0.10282082110643387,4046_2_RF01056_2_NC_000913.3_4467215-4467731_ext_300-500_int_195_off_0_percentage_14_position_1-16 genomicbackground,4046,2,4046_2
query_4047,0,genomicbackground,0,genomicbackground,0.0812477245926857,4047_2_RF01056_2_NC_000913.3_4467215-4467731_ext_300-500_int_195_off_5_percentage_9_position_1-11 genomicbackground,4047,2,4047_2
query_4048,0,genomicbackground,0,genomicbackground,0.11155135184526443,4048_2_RF01056_2_NC_000913.3_4467215-4467731_ext_300-500_int_200_off_0_percentage_14_position_1-16 genomicbackground,4048,2,4048_2
