qseqid,y_true_idx,y_true_name,y_pred_idx,y_pred_name,p_riboswitch,qseqid_full,id_global,group_id,qid_short
query_1,0,genomicbackground,1,riboswitch,0.8972368240356445,1_3_RF00059_3_NC_000913.3_2185135-2185632_ext_0-200_int_95_off_0_percentage_0_position_0-0 genomicbackground,1,3,1_3
query_2,0,genomicbackground,1,riboswitch,0.9473718404769897,2_3_RF00059_3_NC_000913.3_2185135-2185632_ext_0-200_int_95_off_5_percentage_0_position_0-0 genomicbackground,2,3,2_3
query_3,0,genomicbackground,1,riboswitch,0.9416466355323792,3_3_RF00059_3_NC_000913.3_2185135-2185632_ext_0-200_int_95_off_10_percentage_0_position_0-0 genomicbackground,3,3,3_3
query_4,0,genomicbackground,1,riboswitch,0.9613443613052368,4_3_RF00059_3_NC_000913.3_2185135-2185632_ext_0-200_int_95_off_15_percentage_0_position_0-0 genomicbackground,4,3,4_3
query_5,0,genomicbackground,0,genomicbackground,0.23276136815547943,5_3_RF00059_3_NC_000913.3_2185135-2185632_ext_0-200_int_95_off_20_percentage_0_position_0-0 genomicbackground,5,3,5_3
query_6,0,genomicbackground,0,genomicbackground,0.03894583135843277,6_3_RF00059_3_NC_000913.3_2185135-2185632_ext_0-200_int_95_off_25_percentage_0_position_0-0 genomicbackground,6,3,6_3
query_7,0,genomicbackground,0,genomicbackground,0.08039801567792892,7_3_RF00059_3_NC_000913.3_2185135-2185632_ext_0-200_int_95_off_30_percentage_0_position_0-0 genomicbackground,7,3,7_3
query_8,0,genomicbackground,0,genomicbackground,0.009203816764056683,8_3_RF00059_3_NC_000913.3_2185135-2185632_ext_0-200_int_95_off_35_percentage_0_position_0-0 genomicbackground,8,3,8_3
query_9,0,genomicbackground,0,genomicbackground,0.0068082562647759914,9_3_RF00059_3_NC_000913.3_2185135-2185632_ext_0-200_int_95_off_40_percentage_0_position_0-0 genomicbackground,9,3,9_3
query_10,0,genomicbackground,0,genomicbackground,0.0033744301181286573,10_3_RF00059_3_NC_000913.3_2185135-2185632_ext_0-200_int_95_off_45_percentage_0_position_0-0 genomicbackground,10,3,10_3
query_11,0,genomicbackground,0,genomicbackground,0.013872831128537655,11_3_RF00059_3_NC_000913.3_2185135-2185632_ext_0-200_int_95_off_50_percentage_0_position_0-0 genomicbackground,11,3,11_3
query_12,0,genomicbackground,0,genomicbackground,0.05093357712030411,12_3_RF00059_3_NC_000913.3_2185135-2185632_ext_0-200_int_95_off_55_percentage_0_position_0-0 genomicbackground,12,3,12_3
query_13,0,genomicbackground,0,genomicbackground,0.02880793623626232,13_3_RF00059_3_NC_000913.3_2185135-2185632_ext_0-200_int_95_off_60_percentage_0_position_0-0 genomicbackground,13,3,13_3
query_14,0,genomicbackground,0,genomicbackground,0.004483511671423912,14_3_RF00059_3_NC_000913.3_2185135-2185632_ext_0-200_int_95_off_65_percentage_0_position_0-0 genomicbackground,14,3,14_3
query_15,0,genomicbackground,0,genomicbackground,0.008031103760004044,15_3_RF00059_3_NC_000913.3_2185135-2185632_ext_0-200_int_95_off_70_percentage_0_position_0-0 genomicbackground,15,3,15_3
query_16,0,genomicbackground,0,genomicbackground,0.008044153451919556,16_3_RF00059_3_NC_000913.3_2185135-2185632_ext_0-200_int_95_off_75_percentage_0_position_0-0 genomicbackground,16,3,16_3
query_17,0,genomicbackground,0,genomicbackground,0.008320539258420467,17_3_RF00059_3_NC_000913.3_2185135-2185632_ext_0-200_int_95_off_80_percentage_0_position_0-0 genomicbackground,17,3,17_3
query_18,0,genomicbackground,0,genomicbackground,0.0074684093706309795,18_3_RF00059_3_NC_000913.3_2185135-2185632_ext_0-200_int_95_off_85_percentage_0_position_0-0 genomicbackground,18,3,18_3
query_19,0,genomicbackground,0,genomicbackground,0.0028822815511375666,19_3_RF00059_3_NC_000913.3_2185135-2185632_ext_0-200_int_95_off_90_percentage_0_position_0-0 genomicbackground,19,3,19_3
query_20,0,genomicbackground,0,genomicbackground,0.0025673515629023314,20_3_RF00059_3_NC_000913.3_2185135-2185632_ext_0-200_int_95_off_95_percentage_0_position_0-0 genomicbackground,20,3,20_3
query_21,0,genomicbackground,0,genomicbackground,0.0026499975938349962,21_3_RF00059_3_NC_000913.3_2185135-2185632_ext_0-200_int_95_off_100_percentage_0_position_0-0 genomicbackground,21,3,21_3
query_22,0,genomicbackground,0,genomicbackground,0.0029213009402155876,22_3_RF00059_3_NC_000913.3_2185135-2185632_ext_0-200_int_95_off_105_percentage_0_position_0-0 genomicbackground,22,3,22_3
query_23,0,genomicbackground,1,riboswitch,0.8057736158370972,23_3_RF00059_3_NC_000913.3_2185135-2185632_ext_0-200_int_100_off_0_percentage_0_position_0-0 genomicbackground,23,3,23_3
query_24,0,genomicbackground,1,riboswitch,0.9066380858421326,24_3_RF00059_3_NC_000913.3_2185135-2185632_ext_0-200_int_100_off_5_percentage_0_position_0-0 genomicbackground,24,3,24_3
query_25,0,genomicbackground,1,riboswitch,0.8919223546981812,25_3_RF00059_3_NC_000913.3_2185135-2185632_ext_0-200_int_100_off_10_percentage_0_position_0-0 genomicbackground,25,3,25_3
query_26,0,genomicbackground,1,riboswitch,0.9329519867897034,26_3_RF00059_3_NC_000913.3_2185135-2185632_ext_0-200_int_100_off_15_percentage_0_position_0-0 genomicbackground,26,3,26_3
query_27,0,genomicbackground,0,genomicbackground,0.2149420827627182,27_3_RF00059_3_NC_000913.3_2185135-2185632_ext_0-200_int_100_off_20_percentage_0_position_0-0 genomicbackground,27,3,27_3
query_28,0,genomicbackground,0,genomicbackground,0.026506459340453148,28_3_RF00059_3_NC_000913.3_2185135-2185632_ext_0-200_int_100_off_25_percentage_0_position_0-0 genomicbackground,28,3,28_3
query_29,0,genomicbackground,0,genomicbackground,0.05723737180233002,29_3_RF00059_3_NC_000913.3_2185135-2185632_ext_0-200_int_100_off_30_percentage_0_position_0-0 genomicbackground,29,3,29_3
query_30,0,genomicbackground,0,genomicbackground,0.009028979577124119,30_3_RF00059_3_NC_000913.3_2185135-2185632_ext_0-200_int_100_off_35_percentage_0_position_0-0 genomicbackground,30,3,30_3
query_31,0,genomicbackground,0,genomicbackground,0.0065228743478655815,31_3_RF00059_3_NC_000913.3_2185135-2185632_ext_0-200_int_100_off_40_percentage_0_position_0-0 genomicbackground,31,3,31_3
query_32,0,genomicbackground,0,genomicbackground,0.015684867277741432,32_3_RF00059_3_NC_000913.3_2185135-2185632_ext_0-200_int_100_off_45_percentage_0_position_0-0 genomicbackground,32,3,32_3
query_33,0,genomicbackground,0,genomicbackground,0.014978235587477684,33_3_RF00059_3_NC_000913.3_2185135-2185632_ext_0-200_int_100_off_50_percentage_0_position_0-0 genomicbackground,33,3,33_3
query_34,0,genomicbackground,0,genomicbackground,0.05259160324931145,34_3_RF00059_3_NC_000913.3_2185135-2185632_ext_0-200_int_100_off_55_percentage_0_position_0-0 genomicbackground,34,3,34_3
query_35,0,genomicbackground,0,genomicbackground,0.007904225960373878,35_3_RF00059_3_NC_000913.3_2185135-2185632_ext_0-200_int_100_off_60_percentage_0_position_0-0 genomicbackground,35,3,35_3
query_36,0,genomicbackground,0,genomicbackground,0.008532054722309113,36_3_RF00059_3_NC_000913.3_2185135-2185632_ext_0-200_int_100_off_65_percentage_0_position_0-0 genomicbackground,36,3,36_3
query_37,0,genomicbackground,0,genomicbackground,0.010081179440021515,37_3_RF00059_3_NC_000913.3_2185135-2185632_ext_0-200_int_100_off_70_percentage_0_position_0-0 genomicbackground,37,3,37_3
query_38,0,genomicbackground,0,genomicbackground,0.0070779407396912575,38_3_RF00059_3_NC_000913.3_2185135-2185632_ext_0-200_int_100_off_75_percentage_0_position_0-0 genomicbackground,38,3,38_3
query_39,0,genomicbackground,0,genomicbackground,0.009118793532252312,39_3_RF00059_3_NC_000913.3_2185135-2185632_ext_0-200_int_100_off_80_percentage_0_position_0-0 genomicbackground,39,3,39_3
query_40,0,genomicbackground,0,genomicbackground,0.007515773177146912,40_3_RF00059_3_NC_000913.3_2185135-2185632_ext_0-200_int_100_off_85_percentage_0_position_0-0 genomicbackground,40,3,40_3
query_41,0,genomicbackground,0,genomicbackground,0.002802211092785001,41_3_RF00059_3_NC_000913.3_2185135-2185632_ext_0-200_int_100_off_90_percentage_0_position_0-0 genomicbackground,41,3,41_3
query_42,0,genomicbackground,0,genomicbackground,0.00252082129009068,42_3_RF00059_3_NC_000913.3_2185135-2185632_ext_0-200_int_100_off_95_percentage_0_position_0-0 genomicbackground,42,3,42_3
query_43,0,genomicbackground,0,genomicbackground,0.0031082259956747293,43_3_RF00059_3_NC_000913.3_2185135-2185632_ext_0-200_int_100_off_100_percentage_0_position_0-0 genomicbackground,43,3,43_3
query_44,0,genomicbackground,1,riboswitch,0.8039882183074951,44_3_RF00059_3_NC_000913.3_2185135-2185632_ext_0-200_int_105_off_0_percentage_0_position_0-0 genomicbackground,44,3,44_3
query_45,0,genomicbackground,1,riboswitch,0.8176246881484985,45_3_RF00059_3_NC_000913.3_2185135-2185632_ext_0-200_int_105_off_5_percentage_0_position_0-0 genomicbackground,45,3,45_3
query_46,0,genomicbackground,1,riboswitch,0.829109787940979,46_3_RF00059_3_NC_000913.3_2185135-2185632_ext_0-200_int_105_off_10_percentage_0_position_0-0 genomicbackground,46,3,46_3
query_47,0,genomicbackground,1,riboswitch,0.9035900831222534,47_3_RF00059_3_NC_000913.3_2185135-2185632_ext_0-200_int_105_off_15_percentage_0_position_0-0 genomicbackground,47,3,47_3
query_48,0,genomicbackground,0,genomicbackground,0.17060810327529907,48_3_RF00059_3_NC_000913.3_2185135-2185632_ext_0-200_int_105_off_20_percentage_0_position_0-0 genomicbackground,48,3,48_3
query_49,0,genomicbackground,0,genomicbackground,0.39482906460762024,49_3_RF00059_3_NC_000913.3_2185135-2185632_ext_0-200_int_105_off_25_percentage_0_position_0-0 genomicbackground,49,3,49_3
query_50,0,genomicbackground,0,genomicbackground,0.03263326361775398,50_3_RF00059_3_NC_000913.3_2185135-2185632_ext_0-200_int_105_off_30_percentage_0_position_0-0 genomicbackground,50,3,50_3
query_51,0,genomicbackground,0,genomicbackground,0.0015954006230458617,51_3_RF00059_3_NC_000913.3_2185135-2185632_ext_0-200_int_105_off_35_percentage_0_position_0-0 genomicbackground,51,3,51_3
query_52,0,genomicbackground,0,genomicbackground,0.037500329315662384,52_3_RF00059_3_NC_000913.3_2185135-2185632_ext_0-200_int_105_off_40_percentage_0_position_0-0 genomicbackground,52,3,52_3
query_53,0,genomicbackground,0,genomicbackground,0.014822748489677906,53_3_RF00059_3_NC_000913.3_2185135-2185632_ext_0-200_int_105_off_45_percentage_0_position_0-0 genomicbackground,53,3,53_3
query_54,0,genomicbackground,0,genomicbackground,0.015973394736647606,54_3_RF00059_3_NC_000913.3_2185135-2185632_ext_0-200_int_105_off_50_percentage_0_position_0-0 genomicbackground,54,3,54_3
query_55,0,genomicbackground,0,genomicbackground,0.016024591401219368,55_3_RF00059_3_NC_000913.3_2185135-2185632_ext_0-200_int_105_off_55_percentage_0_position_0-0 genomicbackground,55,3,55_3
query_56,0,genomicbackground,0,genomicbackground,0.016114642843604088,56_3_RF00059_3_NC_000913.3_2185135-2185632_ext_0-200_int_105_off_60_percentage_0_position_0-0 genomicbackground,56,3,56_3
query_57,0,genomicbackground,0,genomicbackground,0.008680302649736404,57_3_RF00059_3_NC_000913.3_2185135-2185632_ext_0-200_int_105_off_65_percentage_0_position_0-0 genomicbackground,57,3,57_3
query_58,0,genomicbackground,0,genomicbackground,0.009271001443266869,58_3_RF00059_3_NC_000913.3_2185135-2185632_ext_0-200_int_105_off_70_percentage_0_position_0-0 genomicbackground,58,3,58_3
query_59,0,genomicbackground,0,genomicbackground,0.006465098820626736,59_3_RF00059_3_NC_000913.3_2185135-2185632_ext_0-200_int_105_off_75_percentage_0_position_0-0 genomicbackground,59,3,59_3
query_60,0,genomicbackground,0,genomicbackground,0.009105350822210312,60_3_RF00059_3_NC_000913.3_2185135-2185632_ext_0-200_int_105_off_80_percentage_0_position_0-0 genomicbackground,60,3,60_3
query_61,0,genomicbackground,0,genomicbackground,0.00750671187415719,61_3_RF00059_3_NC_000913.3_2185135-2185632_ext_0-200_int_105_off_85_percentage_0_position_0-0 genomicbackground,61,3,61_3
query_62,0,genomicbackground,0,genomicbackground,0.0027348946314305067,62_3_RF00059_3_NC_000913.3_2185135-2185632_ext_0-200_int_105_off_90_percentage_0_position_0-0 genomicbackground,62,3,62_3
query_63,0,genomicbackground,0,genomicbackground,0.0029403071384876966,63_3_RF00059_3_NC_000913.3_2185135-2185632_ext_0-200_int_105_off_95_percentage_0_position_0-0 genomicbackground,63,3,63_3
query_64,0,genomicbackground,1,riboswitch,0.6639844179153442,64_3_RF00059_3_NC_000913.3_2185135-2185632_ext_0-200_int_110_off_0_percentage_0_position_0-0 genomicbackground,64,3,64_3
query_65,0,genomicbackground,1,riboswitch,0.7029623985290527,65_3_RF00059_3_NC_000913.3_2185135-2185632_ext_0-200_int_110_off_5_percentage_0_position_0-0 genomicbackground,65,3,65_3
query_66,0,genomicbackground,1,riboswitch,0.7777366042137146,66_3_RF00059_3_NC_000913.3_2185135-2185632_ext_0-200_int_110_off_10_percentage_0_position_0-0 genomicbackground,66,3,66_3
query_67,0,genomicbackground,1,riboswitch,0.8071319460868835,67_3_RF00059_3_NC_000913.3_2185135-2185632_ext_0-200_int_110_off_15_percentage_0_position_0-0 genomicbackground,67,3,67_3
query_68,0,genomicbackground,0,genomicbackground,0.1450248807668686,68_3_RF00059_3_NC_000913.3_2185135-2185632_ext_0-200_int_110_off_20_percentage_0_position_0-0 genomicbackground,68,3,68_3
query_69,0,genomicbackground,0,genomicbackground,0.02106357179582119,69_3_RF00059_3_NC_000913.3_2185135-2185632_ext_0-200_int_110_off_25_percentage_0_position_0-0 genomicbackground,69,3,69_3
query_70,0,genomicbackground,0,genomicbackground,0.03043409436941147,70_3_RF00059_3_NC_000913.3_2185135-2185632_ext_0-200_int_110_off_30_percentage_0_position_0-0 genomicbackground,70,3,70_3
query_71,0,genomicbackground,0,genomicbackground,0.08744098246097565,71_3_RF00059_3_NC_000913.3_2185135-2185632_ext_0-200_int_110_off_35_percentage_0_position_0-0 genomicbackground,71,3,71_3
query_72,0,genomicbackground,0,genomicbackground,0.03568633273243904,72_3_RF00059_3_NC_000913.3_2185135-2185632_ext_0-200_int_110_off_40_percentage_0_position_0-0 genomicbackground,72,3,72_3
query_73,0,genomicbackground,0,genomicbackground,0.015376845374703407,73_3_RF00059_3_NC_000913.3_2185135-2185632_ext_0-200_int_110_off_45_percentage_0_position_0-0 genomicbackground,73,3,73_3
query_74,0,genomicbackground,0,genomicbackground,0.010971440002322197,74_3_RF00059_3_NC_000913.3_2185135-2185632_ext_0-200_int_110_off_50_percentage_0_position_0-0 genomicbackground,74,3,74_3
query_75,0,genomicbackground,0,genomicbackground,0.012708590365946293,75_3_RF00059_3_NC_000913.3_2185135-2185632_ext_0-200_int_110_off_55_percentage_0_position_0-0 genomicbackground,75,3,75_3
query_76,0,genomicbackground,0,genomicbackground,0.01130465604364872,76_3_RF00059_3_NC_000913.3_2185135-2185632_ext_0-200_int_110_off_60_percentage_0_position_0-0 genomicbackground,76,3,76_3
query_77,0,genomicbackground,0,genomicbackground,0.00851346179842949,77_3_RF00059_3_NC_000913.3_2185135-2185632_ext_0-200_int_110_off_65_percentage_0_position_0-0 genomicbackground,77,3,77_3
query_78,0,genomicbackground,0,genomicbackground,0.007359644398093224,78_3_RF00059_3_NC_000913.3_2185135-2185632_ext_0-200_int_110_off_70_percentage_0_position_0-0 genomicbackground,78,3,78_3
query_79,0,genomicbackground,0,genomicbackground,0.006422083359211683,79_3_RF00059_3_NC_000913.3_2185135-2185632_ext_0-200_int_110_off_75_percentage_0_position_0-0 genomicbackground,79,3,79_3
query_80,0,genomicbackground,0,genomicbackground,0.009160937741398811,80_3_RF00059_3_NC_000913.3_2185135-2185632_ext_0-200_int_110_off_80_percentage_0_position_0-0 genomicbackground,80,3,80_3
query_81,0,genomicbackground,0,genomicbackground,0.007523614913225174,81_3_RF00059_3_NC_000913.3_2185135-2185632_ext_0-200_int_110_off_85_percentage_0_position_0-0 genomicbackground,81,3,81_3
query_82,0,genomicbackground,0,genomicbackground,0.0023098099045455456,82_3_RF00059_3_NC_000913.3_2185135-2185632_ext_0-200_int_110_off_90_percentage_0_position_0-0 genomicbackground,82,3,82_3
query_83,0,genomicbackground,1,riboswitch,0.5112600326538086,83_3_RF00059_3_NC_000913.3_2185135-2185632_ext_0-200_int_115_off_0_percentage_0_position_0-0 genomicbackground,83,3,83_3
query_84,0,genomicbackground,1,riboswitch,0.6154812574386597,84_3_RF00059_3_NC_000913.3_2185135-2185632_ext_0-200_int_115_off_5_percentage_0_position_0-0 genomicbackground,84,3,84_3
query_85,0,genomicbackground,1,riboswitch,0.6462474465370178,85_3_RF00059_3_NC_000913.3_2185135-2185632_ext_0-200_int_115_off_10_percentage_0_position_0-0 genomicbackground,85,3,85_3
query_86,0,genomicbackground,1,riboswitch,0.6990013718605042,86_3_RF00059_3_NC_000913.3_2185135-2185632_ext_0-200_int_115_off_15_percentage_0_position_0-0 genomicbackground,86,3,86_3
query_87,0,genomicbackground,0,genomicbackground,0.07273319363594055,87_3_RF00059_3_NC_000913.3_2185135-2185632_ext_0-200_int_115_off_20_percentage_0_position_0-0 genomicbackground,87,3,87_3
query_88,0,genomicbackground,0,genomicbackground,0.01989857666194439,88_3_RF00059_3_NC_000913.3_2185135-2185632_ext_0-200_int_115_off_25_percentage_0_position_0-0 genomicbackground,88,3,88_3
query_89,0,genomicbackground,0,genomicbackground,0.025223808363080025,89_3_RF00059_3_NC_000913.3_2185135-2185632_ext_0-200_int_115_off_30_percentage_0_position_0-0 genomicbackground,89,3,89_3
query_90,0,genomicbackground,0,genomicbackground,0.05008604750037193,90_3_RF00059_3_NC_000913.3_2185135-2185632_ext_0-200_int_115_off_35_percentage_0_position_0-0 genomicbackground,90,3,90_3
query_91,0,genomicbackground,0,genomicbackground,0.03741110861301422,91_3_RF00059_3_NC_000913.3_2185135-2185632_ext_0-200_int_115_off_40_percentage_0_position_0-0 genomicbackground,91,3,91_3
query_92,0,genomicbackground,0,genomicbackground,0.003367222845554352,92_3_RF00059_3_NC_000913.3_2185135-2185632_ext_0-200_int_115_off_45_percentage_0_position_0-0 genomicbackground,92,3,92_3
query_93,0,genomicbackground,0,genomicbackground,0.00936934631317854,93_3_RF00059_3_NC_000913.3_2185135-2185632_ext_0-200_int_115_off_50_percentage_0_position_0-0 genomicbackground,93,3,93_3
query_94,0,genomicbackground,0,genomicbackground,0.014263071119785309,94_3_RF00059_3_NC_000913.3_2185135-2185632_ext_0-200_int_115_off_55_percentage_0_position_0-0 genomicbackground,94,3,94_3
query_95,0,genomicbackground,0,genomicbackground,0.010671147145330906,95_3_RF00059_3_NC_000913.3_2185135-2185632_ext_0-200_int_115_off_60_percentage_0_position_0-0 genomicbackground,95,3,95_3
query_96,0,genomicbackground,0,genomicbackground,0.007805149536579847,96_3_RF00059_3_NC_000913.3_2185135-2185632_ext_0-200_int_115_off_65_percentage_0_position_0-0 genomicbackground,96,3,96_3
query_97,0,genomicbackground,0,genomicbackground,0.007228007074445486,97_3_RF00059_3_NC_000913.3_2185135-2185632_ext_0-200_int_115_off_70_percentage_0_position_0-0 genomicbackground,97,3,97_3
query_98,0,genomicbackground,0,genomicbackground,0.006466550752520561,98_3_RF00059_3_NC_000913.3_2185135-2185632_ext_0-200_int_115_off_75_percentage_0_position_0-0 genomicbackground,98,3,98_3
query_99,0,genomicbackground,0,genomicbackground,0.008905676193535328,99_3_RF00059_3_NC_000913.3_2185135-2185632_ext_0-200_int_115_off_80_percentage_0_position_0-0 genomicbackground,99,3,99_3
query_100,0,genomicbackground,0,genomicbackground,0.00581236882135272,100_3_RF00059_3_NC_000913.3_2185135-2185632_ext_0-200_int_115_off_85_percentage_0_position_0-0 genomicbackground,100,3,100_3
query_101,0,genomicbackground,0,genomicbackground,0.4265526533126831,101_3_RF00059_3_NC_000913.3_2185135-2185632_ext_0-200_int_120_off_0_percentage_0_position_0-0 genomicbackground,101,3,101_3
query_102,0,genomicbackground,0,genomicbackground,0.4720155596733093,102_3_RF00059_3_NC_000913.3_2185135-2185632_ext_0-200_int_120_off_5_percentage_0_position_0-0 genomicbackground,102,3,102_3
query_103,0,genomicbackground,1,riboswitch,0.5360804200172424,103_3_RF00059_3_NC_000913.3_2185135-2185632_ext_0-200_int_120_off_10_percentage_0_position_0-0 genomicbackground,103,3,103_3
query_104,0,genomicbackground,0,genomicbackground,0.2812132239341736,104_3_RF00059_3_NC_000913.3_2185135-2185632_ext_0-200_int_120_off_15_percentage_0_position_0-0 genomicbackground,104,3,104_3
query_105,0,genomicbackground,0,genomicbackground,0.06732657551765442,105_3_RF00059_3_NC_000913.3_2185135-2185632_ext_0-200_int_120_off_20_percentage_0_position_0-0 genomicbackground,105,3,105_3
query_106,0,genomicbackground,0,genomicbackground,0.024076784029603004,106_3_RF00059_3_NC_000913.3_2185135-2185632_ext_0-200_int_120_off_25_percentage_0_position_0-0 genomicbackground,106,3,106_3
query_107,0,genomicbackground,0,genomicbackground,0.025731179863214493,107_3_RF00059_3_NC_000913.3_2185135-2185632_ext_0-200_int_120_off_30_percentage_0_position_0-0 genomicbackground,107,3,107_3
query_108,0,genomicbackground,0,genomicbackground,0.05203844979405403,108_3_RF00059_3_NC_000913.3_2185135-2185632_ext_0-200_int_120_off_35_percentage_0_position_0-0 genomicbackground,108,3,108_3
query_109,0,genomicbackground,0,genomicbackground,0.006509240251034498,109_3_RF00059_3_NC_000913.3_2185135-2185632_ext_0-200_int_120_off_40_percentage_0_position_0-0 genomicbackground,109,3,109_3
query_110,0,genomicbackground,0,genomicbackground,0.002900573192164302,110_3_RF00059_3_NC_000913.3_2185135-2185632_ext_0-200_int_120_off_45_percentage_0_position_0-0 genomicbackground,110,3,110_3
query_111,0,genomicbackground,0,genomicbackground,0.015970857813954353,111_3_RF00059_3_NC_000913.3_2185135-2185632_ext_0-200_int_120_off_50_percentage_0_position_0-0 genomicbackground,111,3,111_3
query_112,0,genomicbackground,0,genomicbackground,0.009858201257884502,112_3_RF00059_3_NC_000913.3_2185135-2185632_ext_0-200_int_120_off_55_percentage_0_position_0-0 genomicbackground,112,3,112_3
query_113,0,genomicbackground,0,genomicbackground,0.010026637464761734,113_3_RF00059_3_NC_000913.3_2185135-2185632_ext_0-200_int_120_off_60_percentage_0_position_0-0 genomicbackground,113,3,113_3
query_114,0,genomicbackground,0,genomicbackground,0.007639730349183083,114_3_RF00059_3_NC_000913.3_2185135-2185632_ext_0-200_int_120_off_65_percentage_0_position_0-0 genomicbackground,114,3,114_3
query_115,0,genomicbackground,0,genomicbackground,0.007261405698955059,115_3_RF00059_3_NC_000913.3_2185135-2185632_ext_0-200_int_120_off_70_percentage_0_position_0-0 genomicbackground,115,3,115_3
query_116,0,genomicbackground,0,genomicbackground,0.006312182638794184,116_3_RF00059_3_NC_000913.3_2185135-2185632_ext_0-200_int_120_off_75_percentage_0_position_0-0 genomicbackground,116,3,116_3
query_117,0,genomicbackground,0,genomicbackground,0.007362185977399349,117_3_RF00059_3_NC_000913.3_2185135-2185632_ext_0-200_int_120_off_80_percentage_0_position_0-0 genomicbackground,117,3,117_3
query_118,0,genomicbackground,0,genomicbackground,0.280361145734787,118_3_RF00059_3_NC_000913.3_2185135-2185632_ext_0-200_int_125_off_0_percentage_0_position_0-0 genomicbackground,118,3,118_3
query_119,0,genomicbackground,0,genomicbackground,0.38886427879333496,119_3_RF00059_3_NC_000913.3_2185135-2185632_ext_0-200_int_125_off_5_percentage_0_position_0-0 genomicbackground,119,3,119_3
query_120,0,genomicbackground,0,genomicbackground,0.20633120834827423,120_3_RF00059_3_NC_000913.3_2185135-2185632_ext_0-200_int_125_off_10_percentage_0_position_0-0 genomicbackground,120,3,120_3
query_121,0,genomicbackground,0,genomicbackground,0.2142416387796402,121_3_RF00059_3_NC_000913.3_2185135-2185632_ext_0-200_int_125_off_15_percentage_0_position_0-0 genomicbackground,121,3,121_3
query_122,0,genomicbackground,0,genomicbackground,0.05503430217504501,122_3_RF00059_3_NC_000913.3_2185135-2185632_ext_0-200_int_125_off_20_percentage_0_position_0-0 genomicbackground,122,3,122_3
query_123,0,genomicbackground,0,genomicbackground,0.016949918121099472,123_3_RF00059_3_NC_000913.3_2185135-2185632_ext_0-200_int_125_off_25_percentage_0_position_0-0 genomicbackground,123,3,123_3
query_124,0,genomicbackground,0,genomicbackground,0.028030624613165855,124_3_RF00059_3_NC_000913.3_2185135-2185632_ext_0-200_int_125_off_30_percentage_0_position_0-0 genomicbackground,124,3,124_3
query_125,0,genomicbackground,0,genomicbackground,0.008567392826080322,125_3_RF00059_3_NC_000913.3_2185135-2185632_ext_0-200_int_125_off_35_percentage_0_position_0-0 genomicbackground,125,3,125_3
query_126,0,genomicbackground,0,genomicbackground,0.005428972654044628,126_3_RF00059_3_NC_000913.3_2185135-2185632_ext_0-200_int_125_off_40_percentage_0_position_0-0 genomicbackground,126,3,126_3
query_127,0,genomicbackground,0,genomicbackground,0.01778748445212841,127_3_RF00059_3_NC_000913.3_2185135-2185632_ext_0-200_int_125_off_45_percentage_0_position_0-0 genomicbackground,127,3,127_3
query_128,0,genomicbackground,0,genomicbackground,0.013842361979186535,128_3_RF00059_3_NC_000913.3_2185135-2185632_ext_0-200_int_125_off_50_percentage_0_position_0-0 genomicbackground,128,3,128_3
query_129,0,genomicbackground,0,genomicbackground,0.011938598938286304,129_3_RF00059_3_NC_000913.3_2185135-2185632_ext_0-200_int_125_off_55_percentage_0_position_0-0 genomicbackground,129,3,129_3
query_130,0,genomicbackground,0,genomicbackground,0.012774103321135044,130_3_RF00059_3_NC_000913.3_2185135-2185632_ext_0-200_int_125_off_60_percentage_0_position_0-0 genomicbackground,130,3,130_3
query_131,0,genomicbackground,0,genomicbackground,0.0076439096592366695,131_3_RF00059_3_NC_000913.3_2185135-2185632_ext_0-200_int_125_off_65_percentage_0_position_0-0 genomicbackground,131,3,131_3
query_132,0,genomicbackground,0,genomicbackground,0.010397620499134064,132_3_RF00059_3_NC_000913.3_2185135-2185632_ext_0-200_int_125_off_70_percentage_0_position_0-0 genomicbackground,132,3,132_3
query_133,0,genomicbackground,0,genomicbackground,0.005474089179188013,133_3_RF00059_3_NC_000913.3_2185135-2185632_ext_0-200_int_125_off_75_percentage_0_position_0-0 genomicbackground,133,3,133_3
query_134,0,genomicbackground,0,genomicbackground,0.22102153301239014,134_3_RF00059_3_NC_000913.3_2185135-2185632_ext_0-200_int_130_off_0_percentage_0_position_0-0 genomicbackground,134,3,134_3
query_135,0,genomicbackground,0,genomicbackground,0.1907043755054474,135_3_RF00059_3_NC_000913.3_2185135-2185632_ext_0-200_int_130_off_5_percentage_0_position_0-0 genomicbackground,135,3,135_3
query_136,0,genomicbackground,0,genomicbackground,0.16443327069282532,136_3_RF00059_3_NC_000913.3_2185135-2185632_ext_0-200_int_130_off_10_percentage_0_position_0-0 genomicbackground,136,3,136_3
query_137,0,genomicbackground,0,genomicbackground,0.10156449675559998,137_3_RF00059_3_NC_000913.3_2185135-2185632_ext_0-200_int_130_off_15_percentage_0_position_0-0 genomicbackground,137,3,137_3
query_138,0,genomicbackground,0,genomicbackground,0.07150868326425552,138_3_RF00059_3_NC_000913.3_2185135-2185632_ext_0-200_int_130_off_20_percentage_0_position_0-0 genomicbackground,138,3,138_3
query_139,0,genomicbackground,0,genomicbackground,0.017940256744623184,139_3_RF00059_3_NC_000913.3_2185135-2185632_ext_0-200_int_130_off_25_percentage_0_position_0-0 genomicbackground,139,3,139_3
query_140,0,genomicbackground,0,genomicbackground,0.016631916165351868,140_3_RF00059_3_NC_000913.3_2185135-2185632_ext_0-200_int_130_off_30_percentage_0_position_0-0 genomicbackground,140,3,140_3
query_141,0,genomicbackground,0,genomicbackground,0.005961496848613024,141_3_RF00059_3_NC_000913.3_2185135-2185632_ext_0-200_int_130_off_35_percentage_0_position_0-0 genomicbackground,141,3,141_3
query_142,0,genomicbackground,0,genomicbackground,0.005789923947304487,142_3_RF00059_3_NC_000913.3_2185135-2185632_ext_0-200_int_130_off_40_percentage_0_position_0-0 genomicbackground,142,3,142_3
query_143,0,genomicbackground,0,genomicbackground,0.0024473904632031918,143_3_RF00059_3_NC_000913.3_2185135-2185632_ext_0-200_int_130_off_45_percentage_0_position_0-0 genomicbackground,143,3,143_3
query_144,0,genomicbackground,0,genomicbackground,0.011363370344042778,144_3_RF00059_3_NC_000913.3_2185135-2185632_ext_0-200_int_130_off_50_percentage_0_position_0-0 genomicbackground,144,3,144_3
query_145,0,genomicbackground,0,genomicbackground,0.015133094973862171,145_3_RF00059_3_NC_000913.3_2185135-2185632_ext_0-200_int_130_off_55_percentage_0_position_0-0 genomicbackground,145,3,145_3
query_146,0,genomicbackground,0,genomicbackground,0.012408319860696793,146_3_RF00059_3_NC_000913.3_2185135-2185632_ext_0-200_int_130_off_60_percentage_0_position_0-0 genomicbackground,146,3,146_3
query_147,0,genomicbackground,0,genomicbackground,0.007200984749943018,147_3_RF00059_3_NC_000913.3_2185135-2185632_ext_0-200_int_130_off_65_percentage_0_position_0-0 genomicbackground,147,3,147_3
query_148,0,genomicbackground,0,genomicbackground,0.006099916994571686,148_3_RF00059_3_NC_000913.3_2185135-2185632_ext_0-200_int_130_off_70_percentage_0_position_0-0 genomicbackground,148,3,148_3
query_149,0,genomicbackground,0,genomicbackground,0.1251876801252365,149_3_RF00059_3_NC_000913.3_2185135-2185632_ext_0-200_int_135_off_0_percentage_0_position_0-0 genomicbackground,149,3,149_3
query_150,0,genomicbackground,0,genomicbackground,0.15720640122890472,150_3_RF00059_3_NC_000913.3_2185135-2185632_ext_0-200_int_135_off_5_percentage_0_position_0-0 genomicbackground,150,3,150_3
query_151,0,genomicbackground,0,genomicbackground,0.11667145043611526,151_3_RF00059_3_NC_000913.3_2185135-2185632_ext_0-200_int_135_off_10_percentage_0_position_0-0 genomicbackground,151,3,151_3
query_152,0,genomicbackground,0,genomicbackground,0.1511443853378296,152_3_RF00059_3_NC_000913.3_2185135-2185632_ext_0-200_int_135_off_15_percentage_0_position_0-0 genomicbackground,152,3,152_3
query_153,0,genomicbackground,0,genomicbackground,0.07381360977888107,153_3_RF00059_3_NC_000913.3_2185135-2185632_ext_0-200_int_135_off_20_percentage_0_position_0-0 genomicbackground,153,3,153_3
query_154,0,genomicbackground,0,genomicbackground,0.010500377975404263,154_3_RF00059_3_NC_000913.3_2185135-2185632_ext_0-200_int_135_off_25_percentage_0_position_0-0 genomicbackground,154,3,154_3
query_155,0,genomicbackground,0,genomicbackground,0.013474415987730026,155_3_RF00059_3_NC_000913.3_2185135-2185632_ext_0-200_int_135_off_30_percentage_0_position_0-0 genomicbackground,155,3,155_3
query_156,0,genomicbackground,0,genomicbackground,0.0062839859165251255,156_3_RF00059_3_NC_000913.3_2185135-2185632_ext_0-200_int_135_off_35_percentage_0_position_0-0 genomicbackground,156,3,156_3
query_157,0,genomicbackground,0,genomicbackground,0.014965549111366272,157_3_RF00059_3_NC_000913.3_2185135-2185632_ext_0-200_int_135_off_40_percentage_0_position_0-0 genomicbackground,157,3,157_3
query_158,0,genomicbackground,0,genomicbackground,0.01272787619382143,158_3_RF00059_3_NC_000913.3_2185135-2185632_ext_0-200_int_135_off_45_percentage_0_position_0-0 genomicbackground,158,3,158_3
query_159,0,genomicbackground,0,genomicbackground,0.013846970163285732,159_3_RF00059_3_NC_000913.3_2185135-2185632_ext_0-200_int_135_off_50_percentage_0_position_0-0 genomicbackground,159,3,159_3
query_160,0,genomicbackground,0,genomicbackground,0.021463211625814438,160_3_RF00059_3_NC_000913.3_2185135-2185632_ext_0-200_int_135_off_55_percentage_0_position_0-0 genomicbackground,160,3,160_3
query_161,0,genomicbackground,0,genomicbackground,0.01118104811757803,161_3_RF00059_3_NC_000913.3_2185135-2185632_ext_0-200_int_135_off_60_percentage_0_position_0-0 genomicbackground,161,3,161_3
query_162,0,genomicbackground,0,genomicbackground,0.006481816526502371,162_3_RF00059_3_NC_000913.3_2185135-2185632_ext_0-200_int_135_off_65_percentage_0_position_0-0 genomicbackground,162,3,162_3
query_163,0,genomicbackground,0,genomicbackground,0.10773494839668274,163_3_RF00059_3_NC_000913.3_2185135-2185632_ext_0-200_int_140_off_0_percentage_0_position_0-0 genomicbackground,163,3,163_3
query_164,0,genomicbackground,0,genomicbackground,0.11437707394361496,164_3_RF00059_3_NC_000913.3_2185135-2185632_ext_0-200_int_140_off_5_percentage_0_position_0-0 genomicbackground,164,3,164_3
query_165,0,genomicbackground,0,genomicbackground,0.1337566375732422,165_3_RF00059_3_NC_000913.3_2185135-2185632_ext_0-200_int_140_off_10_percentage_0_position_0-0 genomicbackground,165,3,165_3
query_166,0,genomicbackground,0,genomicbackground,0.1521035134792328,166_3_RF00059_3_NC_000913.3_2185135-2185632_ext_0-200_int_140_off_15_percentage_0_position_0-0 genomicbackground,166,3,166_3
query_167,0,genomicbackground,0,genomicbackground,0.03894864395260811,167_3_RF00059_3_NC_000913.3_2185135-2185632_ext_0-200_int_140_off_20_percentage_0_position_0-0 genomicbackground,167,3,167_3
query_168,0,genomicbackground,0,genomicbackground,0.010948059149086475,168_3_RF00059_3_NC_000913.3_2185135-2185632_ext_0-200_int_140_off_25_percentage_0_position_0-0 genomicbackground,168,3,168_3
query_169,0,genomicbackground,0,genomicbackground,0.044973861426115036,169_3_RF00059_3_NC_000913.3_2185135-2185632_ext_0-200_int_140_off_30_percentage_0_position_0-0 genomicbackground,169,3,169_3
query_170,0,genomicbackground,0,genomicbackground,0.004902916960418224,170_3_RF00059_3_NC_000913.3_2185135-2185632_ext_0-200_int_140_off_35_percentage_0_position_0-0 genomicbackground,170,3,170_3
query_171,0,genomicbackground,0,genomicbackground,0.02754134312272072,171_3_RF00059_3_NC_000913.3_2185135-2185632_ext_0-200_int_140_off_40_percentage_0_position_0-0 genomicbackground,171,3,171_3
query_172,0,genomicbackground,0,genomicbackground,0.015423490665853024,172_3_RF00059_3_NC_000913.3_2185135-2185632_ext_0-200_int_140_off_45_percentage_0_position_0-0 genomicbackground,172,3,172_3
query_173,0,genomicbackground,0,genomicbackground,0.017965776845812798,173_3_RF00059_3_NC_000913.3_2185135-2185632_ext_0-200_int_140_off_50_percentage_0_position_0-0 genomicbackground,173,3,173_3
query_174,0,genomicbackground,0,genomicbackground,0.015638453885912895,174_3_RF00059_3_NC_000913.3_2185135-2185632_ext_0-200_int_140_off_55_percentage_0_position_0-0 genomicbackground,174,3,174_3
query_175,0,genomicbackground,0,genomicbackground,0.008798141032457352,175_3_RF00059_3_NC_000913.3_2185135-2185632_ext_0-200_int_140_off_60_percentage_0_position_0-0 genomicbackground,175,3,175_3
query_176,0,genomicbackground,0,genomicbackground,0.08253637701272964,176_3_RF00059_3_NC_000913.3_2185135-2185632_ext_0-200_int_145_off_0_percentage_0_position_0-0 genomicbackground,176,3,176_3
query_177,0,genomicbackground,0,genomicbackground,0.12179011106491089,177_3_RF00059_3_NC_000913.3_2185135-2185632_ext_0-200_int_145_off_5_percentage_0_position_0-0 genomicbackground,177,3,177_3
query_178,0,genomicbackground,0,genomicbackground,0.13525867462158203,178_3_RF00059_3_NC_000913.3_2185135-2185632_ext_0-200_int_145_off_10_percentage_0_position_0-0 genomicbackground,178,3,178_3
query_179,0,genomicbackground,0,genomicbackground,0.08677851408720016,179_3_RF00059_3_NC_000913.3_2185135-2185632_ext_0-200_int_145_off_15_percentage_0_position_0-0 genomicbackground,179,3,179_3
query_180,0,genomicbackground,0,genomicbackground,0.046128999441862106,180_3_RF00059_3_NC_000913.3_2185135-2185632_ext_0-200_int_145_off_20_percentage_0_position_0-0 genomicbackground,180,3,180_3
query_181,0,genomicbackground,0,genomicbackground,0.024474598467350006,181_3_RF00059_3_NC_000913.3_2185135-2185632_ext_0-200_int_145_off_25_percentage_0_position_0-0 genomicbackground,181,3,181_3
query_182,0,genomicbackground,0,genomicbackground,0.030171066522598267,182_3_RF00059_3_NC_000913.3_2185135-2185632_ext_0-200_int_145_off_30_percentage_0_position_0-0 genomicbackground,182,3,182_3
query_183,0,genomicbackground,0,genomicbackground,0.06853307783603668,183_3_RF00059_3_NC_000913.3_2185135-2185632_ext_0-200_int_145_off_35_percentage_0_position_0-0 genomicbackground,183,3,183_3
query_184,0,genomicbackground,0,genomicbackground,0.02727503329515457,184_3_RF00059_3_NC_000913.3_2185135-2185632_ext_0-200_int_145_off_40_percentage_0_position_0-0 genomicbackground,184,3,184_3
query_185,0,genomicbackground,0,genomicbackground,0.019089989364147186,185_3_RF00059_3_NC_000913.3_2185135-2185632_ext_0-200_int_145_off_45_percentage_0_position_0-0 genomicbackground,185,3,185_3
query_186,0,genomicbackground,0,genomicbackground,0.014137843623757362,186_3_RF00059_3_NC_000913.3_2185135-2185632_ext_0-200_int_145_off_50_percentage_0_position_0-0 genomicbackground,186,3,186_3
query_187,0,genomicbackground,0,genomicbackground,0.010263403877615929,187_3_RF00059_3_NC_000913.3_2185135-2185632_ext_0-200_int_145_off_55_percentage_0_position_0-0 genomicbackground,187,3,187_3
query_188,0,genomicbackground,0,genomicbackground,0.08503147214651108,188_3_RF00059_3_NC_000913.3_2185135-2185632_ext_0-200_int_150_off_0_percentage_0_position_0-0 genomicbackground,188,3,188_3
query_189,0,genomicbackground,0,genomicbackground,0.12109431624412537,189_3_RF00059_3_NC_000913.3_2185135-2185632_ext_0-200_int_150_off_5_percentage_0_position_0-0 genomicbackground,189,3,189_3
query_190,0,genomicbackground,0,genomicbackground,0.07275138795375824,190_3_RF00059_3_NC_000913.3_2185135-2185632_ext_0-200_int_150_off_10_percentage_0_position_0-0 genomicbackground,190,3,190_3
query_191,0,genomicbackground,0,genomicbackground,0.08087225258350372,191_3_RF00059_3_NC_000913.3_2185135-2185632_ext_0-200_int_150_off_15_percentage_0_position_0-0 genomicbackground,191,3,191_3
query_192,0,genomicbackground,0,genomicbackground,0.05955054983496666,192_3_RF00059_3_NC_000913.3_2185135-2185632_ext_0-200_int_150_off_20_percentage_0_position_0-0 genomicbackground,192,3,192_3
query_193,0,genomicbackground,0,genomicbackground,0.019536783918738365,193_3_RF00059_3_NC_000913.3_2185135-2185632_ext_0-200_int_150_off_25_percentage_0_position_0-0 genomicbackground,193,3,193_3
query_194,0,genomicbackground,0,genomicbackground,0.08128790557384491,194_3_RF00059_3_NC_000913.3_2185135-2185632_ext_0-200_int_150_off_30_percentage_0_position_0-0 genomicbackground,194,3,194_3
query_195,0,genomicbackground,0,genomicbackground,0.07733720541000366,195_3_RF00059_3_NC_000913.3_2185135-2185632_ext_0-200_int_150_off_35_percentage_0_position_0-0 genomicbackground,195,3,195_3
query_196,0,genomicbackground,0,genomicbackground,0.02696097269654274,196_3_RF00059_3_NC_000913.3_2185135-2185632_ext_0-200_int_150_off_40_percentage_0_position_0-0 genomicbackground,196,3,196_3
query_197,0,genomicbackground,0,genomicbackground,0.04232524335384369,197_3_RF00059_3_NC_000913.3_2185135-2185632_ext_0-200_int_150_off_45_percentage_0_position_0-0 genomicbackground,197,3,197_3
query_198,0,genomicbackground,0,genomicbackground,0.009999746456742287,198_3_RF00059_3_NC_000913.3_2185135-2185632_ext_0-200_int_150_off_50_percentage_0_position_0-0 genomicbackground,198,3,198_3
query_199,0,genomicbackground,0,genomicbackground,0.08764500916004181,199_3_RF00059_3_NC_000913.3_2185135-2185632_ext_0-200_int_155_off_0_percentage_0_position_0-0 genomicbackground,199,3,199_3
query_200,0,genomicbackground,0,genomicbackground,0.08277545869350433,200_3_RF00059_3_NC_000913.3_2185135-2185632_ext_0-200_int_155_off_5_percentage_0_position_0-0 genomicbackground,200,3,200_3
query_201,0,genomicbackground,0,genomicbackground,0.04942429065704346,201_3_RF00059_3_NC_000913.3_2185135-2185632_ext_0-200_int_155_off_10_percentage_0_position_0-0 genomicbackground,201,3,201_3
query_202,0,genomicbackground,0,genomicbackground,0.12082207947969437,202_3_RF00059_3_NC_000913.3_2185135-2185632_ext_0-200_int_155_off_15_percentage_0_position_0-0 genomicbackground,202,3,202_3
query_203,0,genomicbackground,0,genomicbackground,0.051350947469472885,203_3_RF00059_3_NC_000913.3_2185135-2185632_ext_0-200_int_155_off_20_percentage_0_position_0-0 genomicbackground,203,3,203_3
query_204,0,genomicbackground,0,genomicbackground,0.06268283724784851,204_3_RF00059_3_NC_000913.3_2185135-2185632_ext_0-200_int_155_off_25_percentage_0_position_0-0 genomicbackground,204,3,204_3
query_205,0,genomicbackground,0,genomicbackground,0.08560597896575928,205_3_RF00059_3_NC_000913.3_2185135-2185632_ext_0-200_int_155_off_30_percentage_0_position_0-0 genomicbackground,205,3,205_3
query_206,0,genomicbackground,0,genomicbackground,0.07400960475206375,206_3_RF00059_3_NC_000913.3_2185135-2185632_ext_0-200_int_155_off_35_percentage_0_position_0-0 genomicbackground,206,3,206_3
query_207,0,genomicbackground,0,genomicbackground,0.07635418325662613,207_3_RF00059_3_NC_000913.3_2185135-2185632_ext_0-200_int_155_off_40_percentage_0_position_0-0 genomicbackground,207,3,207_3
query_208,0,genomicbackground,0,genomicbackground,0.011026640422642231,208_3_RF00059_3_NC_000913.3_2185135-2185632_ext_0-200_int_155_off_45_percentage_0_position_0-0 genomicbackground,208,3,208_3
query_209,0,genomicbackground,0,genomicbackground,0.051912710070610046,209_3_RF00059_3_NC_000913.3_2185135-2185632_ext_0-200_int_160_off_0_percentage_0_position_0-0 genomicbackground,209,3,209_3
query_210,0,genomicbackground,0,genomicbackground,0.059221092611551285,210_3_RF00059_3_NC_000913.3_2185135-2185632_ext_0-200_int_160_off_5_percentage_0_position_0-0 genomicbackground,210,3,210_3
query_211,0,genomicbackground,0,genomicbackground,0.06600380688905716,211_3_RF00059_3_NC_000913.3_2185135-2185632_ext_0-200_int_160_off_10_percentage_0_position_0-0 genomicbackground,211,3,211_3
query_212,0,genomicbackground,0,genomicbackground,0.08321259915828705,212_3_RF00059_3_NC_000913.3_2185135-2185632_ext_0-200_int_160_off_15_percentage_0_position_0-0 genomicbackground,212,3,212_3
query_213,0,genomicbackground,0,genomicbackground,0.04975683242082596,213_3_RF00059_3_NC_000913.3_2185135-2185632_ext_0-200_int_160_off_20_percentage_0_position_0-0 genomicbackground,213,3,213_3
query_214,0,genomicbackground,0,genomicbackground,0.06574495881795883,214_3_RF00059_3_NC_000913.3_2185135-2185632_ext_0-200_int_160_off_25_percentage_0_position_0-0 genomicbackground,214,3,214_3
query_215,0,genomicbackground,0,genomicbackground,0.05873139202594757,215_3_RF00059_3_NC_000913.3_2185135-2185632_ext_0-200_int_160_off_30_percentage_0_position_0-0 genomicbackground,215,3,215_3
query_216,0,genomicbackground,0,genomicbackground,0.05731772258877754,216_3_RF00059_3_NC_000913.3_2185135-2185632_ext_0-200_int_160_off_35_percentage_0_position_0-0 genomicbackground,216,3,216_3
query_217,0,genomicbackground,0,genomicbackground,0.020294547080993652,217_3_RF00059_3_NC_000913.3_2185135-2185632_ext_0-200_int_160_off_40_percentage_0_position_0-0 genomicbackground,217,3,217_3
query_218,0,genomicbackground,0,genomicbackground,0.038062676787376404,218_3_RF00059_3_NC_000913.3_2185135-2185632_ext_0-200_int_165_off_0_percentage_0_position_0-0 genomicbackground,218,3,218_3
query_219,0,genomicbackground,0,genomicbackground,0.0776153951883316,219_3_RF00059_3_NC_000913.3_2185135-2185632_ext_0-200_int_165_off_5_percentage_0_position_0-0 genomicbackground,219,3,219_3
query_220,0,genomicbackground,0,genomicbackground,0.031118491664528847,220_3_RF00059_3_NC_000913.3_2185135-2185632_ext_0-200_int_165_off_10_percentage_0_position_0-0 genomicbackground,220,3,220_3
query_221,0,genomicbackground,0,genomicbackground,0.08765947073698044,221_3_RF00059_3_NC_000913.3_2185135-2185632_ext_0-200_int_165_off_15_percentage_0_position_0-0 genomicbackground,221,3,221_3
query_222,0,genomicbackground,0,genomicbackground,0.0602981373667717,222_3_RF00059_3_NC_000913.3_2185135-2185632_ext_0-200_int_165_off_20_percentage_0_position_0-0 genomicbackground,222,3,222_3
query_223,0,genomicbackground,0,genomicbackground,0.05125506594777107,223_3_RF00059_3_NC_000913.3_2185135-2185632_ext_0-200_int_165_off_25_percentage_0_position_0-0 genomicbackground,223,3,223_3
query_224,0,genomicbackground,0,genomicbackground,0.04691479355096817,224_3_RF00059_3_NC_000913.3_2185135-2185632_ext_0-200_int_165_off_30_percentage_0_position_0-0 genomicbackground,224,3,224_3
query_225,0,genomicbackground,0,genomicbackground,0.049072522670030594,225_3_RF00059_3_NC_000913.3_2185135-2185632_ext_0-200_int_165_off_35_percentage_0_position_0-0 genomicbackground,225,3,225_3
query_226,0,genomicbackground,0,genomicbackground,0.048575833439826965,226_3_RF00059_3_NC_000913.3_2185135-2185632_ext_0-200_int_170_off_0_percentage_0_position_0-0 genomicbackground,226,3,226_3
query_227,0,genomicbackground,0,genomicbackground,0.03610018268227577,227_3_RF00059_3_NC_000913.3_2185135-2185632_ext_0-200_int_170_off_5_percentage_0_position_0-0 genomicbackground,227,3,227_3
query_228,0,genomicbackground,0,genomicbackground,0.04354821518063545,228_3_RF00059_3_NC_000913.3_2185135-2185632_ext_0-200_int_170_off_10_percentage_0_position_0-0 genomicbackground,228,3,228_3
query_229,0,genomicbackground,0,genomicbackground,0.08709825575351715,229_3_RF00059_3_NC_000913.3_2185135-2185632_ext_0-200_int_170_off_15_percentage_0_position_0-0 genomicbackground,229,3,229_3
query_230,0,genomicbackground,0,genomicbackground,0.05358045548200607,230_3_RF00059_3_NC_000913.3_2185135-2185632_ext_0-200_int_170_off_20_percentage_0_position_0-0 genomicbackground,230,3,230_3
query_231,0,genomicbackground,0,genomicbackground,0.03851979598402977,231_3_RF00059_3_NC_000913.3_2185135-2185632_ext_0-200_int_170_off_25_percentage_0_position_0-0 genomicbackground,231,3,231_3
query_232,0,genomicbackground,0,genomicbackground,0.05308273434638977,232_3_RF00059_3_NC_000913.3_2185135-2185632_ext_0-200_int_170_off_30_percentage_0_position_0-0 genomicbackground,232,3,232_3
query_233,0,genomicbackground,0,genomicbackground,0.02580893784761429,233_3_RF00059_3_NC_000913.3_2185135-2185632_ext_0-200_int_175_off_0_percentage_0_position_0-0 genomicbackground,233,3,233_3
query_234,0,genomicbackground,0,genomicbackground,0.0386807844042778,234_3_RF00059_3_NC_000913.3_2185135-2185632_ext_0-200_int_175_off_5_percentage_0_position_0-0 genomicbackground,234,3,234_3
query_235,0,genomicbackground,0,genomicbackground,0.07953305542469025,235_3_RF00059_3_NC_000913.3_2185135-2185632_ext_0-200_int_175_off_10_percentage_0_position_0-0 genomicbackground,235,3,235_3
query_236,0,genomicbackground,0,genomicbackground,0.07963302731513977,236_3_RF00059_3_NC_000913.3_2185135-2185632_ext_0-200_int_175_off_15_percentage_0_position_0-0 genomicbackground,236,3,236_3
query_237,0,genomicbackground,0,genomicbackground,0.04056914523243904,237_3_RF00059_3_NC_000913.3_2185135-2185632_ext_0-200_int_175_off_20_percentage_0_position_0-0 genomicbackground,237,3,237_3
query_238,0,genomicbackground,0,genomicbackground,0.042117029428482056,238_3_RF00059_3_NC_000913.3_2185135-2185632_ext_0-200_int_175_off_25_percentage_0_position_0-0 genomicbackground,238,3,238_3
query_239,0,genomicbackground,0,genomicbackground,0.025755951181054115,239_3_RF00059_3_NC_000913.3_2185135-2185632_ext_0-200_int_180_off_0_percentage_0_position_0-0 genomicbackground,239,3,239_3
query_240,0,genomicbackground,0,genomicbackground,0.03957729786634445,240_3_RF00059_3_NC_000913.3_2185135-2185632_ext_0-200_int_180_off_5_percentage_0_position_0-0 genomicbackground,240,3,240_3
query_241,0,genomicbackground,0,genomicbackground,0.06669709086418152,241_3_RF00059_3_NC_000913.3_2185135-2185632_ext_0-200_int_180_off_10_percentage_0_position_0-0 genomicbackground,241,3,241_3
query_242,0,genomicbackground,0,genomicbackground,0.05841962620615959,242_3_RF00059_3_NC_000913.3_2185135-2185632_ext_0-200_int_180_off_15_percentage_0_position_0-0 genomicbackground,242,3,242_3
query_243,0,genomicbackground,0,genomicbackground,0.04098813980817795,243_3_RF00059_3_NC_000913.3_2185135-2185632_ext_0-200_int_180_off_20_percentage_0_position_0-0 genomicbackground,243,3,243_3
query_244,0,genomicbackground,0,genomicbackground,0.022308414801955223,244_3_RF00059_3_NC_000913.3_2185135-2185632_ext_0-200_int_185_off_0_percentage_0_position_0-0 genomicbackground,244,3,244_3
query_245,0,genomicbackground,0,genomicbackground,0.07587291300296783,245_3_RF00059_3_NC_000913.3_2185135-2185632_ext_0-200_int_185_off_5_percentage_0_position_0-0 genomicbackground,245,3,245_3
query_246,0,genomicbackground,0,genomicbackground,0.0494401790201664,246_3_RF00059_3_NC_000913.3_2185135-2185632_ext_0-200_int_185_off_10_percentage_0_position_0-0 genomicbackground,246,3,246_3
query_247,0,genomicbackground,0,genomicbackground,0.05694881081581116,247_3_RF00059_3_NC_000913.3_2185135-2185632_ext_0-200_int_185_off_15_percentage_0_position_0-0 genomicbackground,247,3,247_3
query_248,0,genomicbackground,0,genomicbackground,0.01853347383439541,248_3_RF00059_3_NC_000913.3_2185135-2185632_ext_0-200_int_190_off_0_percentage_0_position_0-0 genomicbackground,248,3,248_3
query_249,0,genomicbackground,0,genomicbackground,0.05790133774280548,249_3_RF00059_3_NC_000913.3_2185135-2185632_ext_0-200_int_190_off_5_percentage_0_position_0-0 genomicbackground,249,3,249_3
query_250,0,genomicbackground,0,genomicbackground,0.05168808624148369,250_3_RF00059_3_NC_000913.3_2185135-2185632_ext_0-200_int_190_off_10_percentage_0_position_0-0 genomicbackground,250,3,250_3
query_251,0,genomicbackground,0,genomicbackground,0.015209930017590523,251_3_RF00059_3_NC_000913.3_2185135-2185632_ext_0-200_int_195_off_0_percentage_0_position_0-0 genomicbackground,251,3,251_3
query_252,0,genomicbackground,0,genomicbackground,0.0241122804582119,252_3_RF00059_3_NC_000913.3_2185135-2185632_ext_0-200_int_195_off_5_percentage_0_position_0-0 genomicbackground,252,3,252_3
query_253,0,genomicbackground,0,genomicbackground,0.01596653275191784,253_3_RF00059_3_NC_000913.3_2185135-2185632_ext_0-200_int_200_off_0_percentage_0_position_0-0 genomicbackground,253,3,253_3
query_254,0,genomicbackground,0,genomicbackground,0.23276136815547943,254_3_RF00059_3_NC_000913.3_2185135-2185632_ext_20-220_int_95_off_0_percentage_0_position_0-0 genomicbackground,254,3,254_3
query_255,0,genomicbackground,0,genomicbackground,0.038945842534303665,255_3_RF00059_3_NC_000913.3_2185135-2185632_ext_20-220_int_95_off_5_percentage_0_position_0-0 genomicbackground,255,3,255_3
query_256,0,genomicbackground,0,genomicbackground,0.08039801567792892,256_3_RF00059_3_NC_000913.3_2185135-2185632_ext_20-220_int_95_off_10_percentage_0_position_0-0 genomicbackground,256,3,256_3
query_257,0,genomicbackground,0,genomicbackground,0.009203816764056683,257_3_RF00059_3_NC_000913.3_2185135-2185632_ext_20-220_int_95_off_15_percentage_0_position_0-0 genomicbackground,257,3,257_3
query_258,0,genomicbackground,0,genomicbackground,0.0068082562647759914,258_3_RF00059_3_NC_000913.3_2185135-2185632_ext_20-220_int_95_off_20_percentage_0_position_0-0 genomicbackground,258,3,258_3
query_259,0,genomicbackground,0,genomicbackground,0.0033744301181286573,259_3_RF00059_3_NC_000913.3_2185135-2185632_ext_20-220_int_95_off_25_percentage_0_position_0-0 genomicbackground,259,3,259_3
query_260,0,genomicbackground,0,genomicbackground,0.013872831128537655,260_3_RF00059_3_NC_000913.3_2185135-2185632_ext_20-220_int_95_off_30_percentage_0_position_0-0 genomicbackground,260,3,260_3
query_261,0,genomicbackground,0,genomicbackground,0.05093357712030411,261_3_RF00059_3_NC_000913.3_2185135-2185632_ext_20-220_int_95_off_35_percentage_0_position_0-0 genomicbackground,261,3,261_3
query_262,0,genomicbackground,0,genomicbackground,0.02880793623626232,262_3_RF00059_3_NC_000913.3_2185135-2185632_ext_20-220_int_95_off_40_percentage_0_position_0-0 genomicbackground,262,3,262_3
query_263,0,genomicbackground,0,genomicbackground,0.004483511671423912,263_3_RF00059_3_NC_000913.3_2185135-2185632_ext_20-220_int_95_off_45_percentage_0_position_0-0 genomicbackground,263,3,263_3
query_264,0,genomicbackground,0,genomicbackground,0.008031103760004044,264_3_RF00059_3_NC_000913.3_2185135-2185632_ext_20-220_int_95_off_50_percentage_0_position_0-0 genomicbackground,264,3,264_3
query_265,0,genomicbackground,0,genomicbackground,0.008044153451919556,265_3_RF00059_3_NC_000913.3_2185135-2185632_ext_20-220_int_95_off_55_percentage_0_position_0-0 genomicbackground,265,3,265_3
query_266,0,genomicbackground,0,genomicbackground,0.008320539258420467,266_3_RF00059_3_NC_000913.3_2185135-2185632_ext_20-220_int_95_off_60_percentage_0_position_0-0 genomicbackground,266,3,266_3
query_267,0,genomicbackground,0,genomicbackground,0.0074684093706309795,267_3_RF00059_3_NC_000913.3_2185135-2185632_ext_20-220_int_95_off_65_percentage_0_position_0-0 genomicbackground,267,3,267_3
query_268,0,genomicbackground,0,genomicbackground,0.0028822815511375666,268_3_RF00059_3_NC_000913.3_2185135-2185632_ext_20-220_int_95_off_70_percentage_0_position_0-0 genomicbackground,268,3,268_3
query_269,0,genomicbackground,0,genomicbackground,0.0025673515629023314,269_3_RF00059_3_NC_000913.3_2185135-2185632_ext_20-220_int_95_off_75_percentage_0_position_0-0 genomicbackground,269,3,269_3
query_270,0,genomicbackground,0,genomicbackground,0.0026499975938349962,270_3_RF00059_3_NC_000913.3_2185135-2185632_ext_20-220_int_95_off_80_percentage_0_position_0-0 genomicbackground,270,3,270_3
query_271,0,genomicbackground,0,genomicbackground,0.0029213009402155876,271_3_RF00059_3_NC_000913.3_2185135-2185632_ext_20-220_int_95_off_85_percentage_0_position_0-0 genomicbackground,271,3,271_3
query_272,0,genomicbackground,0,genomicbackground,0.0029508285224437714,272_3_RF00059_3_NC_000913.3_2185135-2185632_ext_20-220_int_95_off_90_percentage_5_position_91-95 genomicbackground,272,3,272_3
query_273,0,genomicbackground,0,genomicbackground,0.00569832231849432,273_3_RF00059_3_NC_000913.3_2185135-2185632_ext_20-220_int_95_off_95_percentage_10_position_86-95 genomicbackground,273,3,273_3
query_274,0,genomicbackground,0,genomicbackground,0.01452254131436348,274_3_RF00059_3_NC_000913.3_2185135-2185632_ext_20-220_int_95_off_100_percentage_15_position_81-95 genomicbackground,274,3,274_3
query_275,0,genomicbackground,0,genomicbackground,0.011922760866582394,275_3_RF00059_3_NC_000913.3_2185135-2185632_ext_20-220_int_95_off_105_percentage_21_position_76-95 genomicbackground,275,3,275_3
query_276,0,genomicbackground,0,genomicbackground,0.2149420827627182,276_3_RF00059_3_NC_000913.3_2185135-2185632_ext_20-220_int_100_off_0_percentage_0_position_0-0 genomicbackground,276,3,276_3
query_277,0,genomicbackground,0,genomicbackground,0.026506459340453148,277_3_RF00059_3_NC_000913.3_2185135-2185632_ext_20-220_int_100_off_5_percentage_0_position_0-0 genomicbackground,277,3,277_3
query_278,0,genomicbackground,0,genomicbackground,0.05723737180233002,278_3_RF00059_3_NC_000913.3_2185135-2185632_ext_20-220_int_100_off_10_percentage_0_position_0-0 genomicbackground,278,3,278_3
query_279,0,genomicbackground,0,genomicbackground,0.009028979577124119,279_3_RF00059_3_NC_000913.3_2185135-2185632_ext_20-220_int_100_off_15_percentage_0_position_0-0 genomicbackground,279,3,279_3
query_280,0,genomicbackground,0,genomicbackground,0.006522867828607559,280_3_RF00059_3_NC_000913.3_2185135-2185632_ext_20-220_int_100_off_20_percentage_0_position_0-0 genomicbackground,280,3,280_3
query_281,0,genomicbackground,0,genomicbackground,0.015684859827160835,281_3_RF00059_3_NC_000913.3_2185135-2185632_ext_20-220_int_100_off_25_percentage_0_position_0-0 genomicbackground,281,3,281_3
query_282,0,genomicbackground,0,genomicbackground,0.014978235587477684,282_3_RF00059_3_NC_000913.3_2185135-2185632_ext_20-220_int_100_off_30_percentage_0_position_0-0 genomicbackground,282,3,282_3
query_283,0,genomicbackground,0,genomicbackground,0.05259160324931145,283_3_RF00059_3_NC_000913.3_2185135-2185632_ext_20-220_int_100_off_35_percentage_0_position_0-0 genomicbackground,283,3,283_3
query_284,0,genomicbackground,0,genomicbackground,0.007904225960373878,284_3_RF00059_3_NC_000913.3_2185135-2185632_ext_20-220_int_100_off_40_percentage_0_position_0-0 genomicbackground,284,3,284_3
query_285,0,genomicbackground,0,genomicbackground,0.008532054722309113,285_3_RF00059_3_NC_000913.3_2185135-2185632_ext_20-220_int_100_off_45_percentage_0_position_0-0 genomicbackground,285,3,285_3
query_286,0,genomicbackground,0,genomicbackground,0.010081179440021515,286_3_RF00059_3_NC_000913.3_2185135-2185632_ext_20-220_int_100_off_50_percentage_0_position_0-0 genomicbackground,286,3,286_3
query_287,0,genomicbackground,0,genomicbackground,0.0070779407396912575,287_3_RF00059_3_NC_000913.3_2185135-2185632_ext_20-220_int_100_off_55_percentage_0_position_0-0 genomicbackground,287,3,287_3
query_288,0,genomicbackground,0,genomicbackground,0.00911878515034914,288_3_RF00059_3_NC_000913.3_2185135-2185632_ext_20-220_int_100_off_60_percentage_0_position_0-0 genomicbackground,288,3,288_3
query_289,0,genomicbackground,0,genomicbackground,0.007515773177146912,289_3_RF00059_3_NC_000913.3_2185135-2185632_ext_20-220_int_100_off_65_percentage_0_position_0-0 genomicbackground,289,3,289_3
query_290,0,genomicbackground,0,genomicbackground,0.002802211092785001,290_3_RF00059_3_NC_000913.3_2185135-2185632_ext_20-220_int_100_off_70_percentage_0_position_0-0 genomicbackground,290,3,290_3
query_291,0,genomicbackground,0,genomicbackground,0.00252082129009068,291_3_RF00059_3_NC_000913.3_2185135-2185632_ext_20-220_int_100_off_75_percentage_0_position_0-0 genomicbackground,291,3,291_3
query_292,0,genomicbackground,0,genomicbackground,0.0031082259956747293,292_3_RF00059_3_NC_000913.3_2185135-2185632_ext_20-220_int_100_off_80_percentage_0_position_0-0 genomicbackground,292,3,292_3
query_293,0,genomicbackground,0,genomicbackground,0.0035019421484321356,293_3_RF00059_3_NC_000913.3_2185135-2185632_ext_20-220_int_100_off_85_percentage_5_position_96-100 genomicbackground,293,3,293_3
query_294,0,genomicbackground,0,genomicbackground,0.0030296670738607645,294_3_RF00059_3_NC_000913.3_2185135-2185632_ext_20-220_int_100_off_90_percentage_10_position_91-100 genomicbackground,294,3,294_3
query_295,0,genomicbackground,0,genomicbackground,0.006067811511456966,295_3_RF00059_3_NC_000913.3_2185135-2185632_ext_20-220_int_100_off_95_percentage_15_position_86-100 genomicbackground,295,3,295_3
query_296,0,genomicbackground,0,genomicbackground,0.009939785115420818,296_3_RF00059_3_NC_000913.3_2185135-2185632_ext_20-220_int_100_off_100_percentage_21_position_81-100 genomicbackground,296,3,296_3
query_297,0,genomicbackground,0,genomicbackground,0.17060810327529907,297_3_RF00059_3_NC_000913.3_2185135-2185632_ext_20-220_int_105_off_0_percentage_0_position_0-0 genomicbackground,297,3,297_3
query_298,0,genomicbackground,0,genomicbackground,0.39482906460762024,298_3_RF00059_3_NC_000913.3_2185135-2185632_ext_20-220_int_105_off_5_percentage_0_position_0-0 genomicbackground,298,3,298_3
query_299,0,genomicbackground,0,genomicbackground,0.03263326361775398,299_3_RF00059_3_NC_000913.3_2185135-2185632_ext_20-220_int_105_off_10_percentage_0_position_0-0 genomicbackground,299,3,299_3
query_300,0,genomicbackground,0,genomicbackground,0.0015954006230458617,300_3_RF00059_3_NC_000913.3_2185135-2185632_ext_20-220_int_105_off_15_percentage_0_position_0-0 genomicbackground,300,3,300_3
query_301,0,genomicbackground,0,genomicbackground,0.037500329315662384,301_3_RF00059_3_NC_000913.3_2185135-2185632_ext_20-220_int_105_off_20_percentage_0_position_0-0 genomicbackground,301,3,301_3
query_302,0,genomicbackground,0,genomicbackground,0.014822748489677906,302_3_RF00059_3_NC_000913.3_2185135-2185632_ext_20-220_int_105_off_25_percentage_0_position_0-0 genomicbackground,302,3,302_3
query_303,0,genomicbackground,0,genomicbackground,0.015973394736647606,303_3_RF00059_3_NC_000913.3_2185135-2185632_ext_20-220_int_105_off_30_percentage_0_position_0-0 genomicbackground,303,3,303_3
query_304,0,genomicbackground,0,genomicbackground,0.016024591401219368,304_3_RF00059_3_NC_000913.3_2185135-2185632_ext_20-220_int_105_off_35_percentage_0_position_0-0 genomicbackground,304,3,304_3
query_305,0,genomicbackground,0,genomicbackground,0.016114642843604088,305_3_RF00059_3_NC_000913.3_2185135-2185632_ext_20-220_int_105_off_40_percentage_0_position_0-0 genomicbackground,305,3,305_3
query_306,0,genomicbackground,0,genomicbackground,0.008680302649736404,306_3_RF00059_3_NC_000913.3_2185135-2185632_ext_20-220_int_105_off_45_percentage_0_position_0-0 genomicbackground,306,3,306_3
query_307,0,genomicbackground,0,genomicbackground,0.009271001443266869,307_3_RF00059_3_NC_000913.3_2185135-2185632_ext_20-220_int_105_off_50_percentage_0_position_0-0 genomicbackground,307,3,307_3
query_308,0,genomicbackground,0,genomicbackground,0.006465098820626736,308_3_RF00059_3_NC_000913.3_2185135-2185632_ext_20-220_int_105_off_55_percentage_0_position_0-0 genomicbackground,308,3,308_3
query_309,0,genomicbackground,0,genomicbackground,0.009105350822210312,309_3_RF00059_3_NC_000913.3_2185135-2185632_ext_20-220_int_105_off_60_percentage_0_position_0-0 genomicbackground,309,3,309_3
query_310,0,genomicbackground,0,genomicbackground,0.00750671187415719,310_3_RF00059_3_NC_000913.3_2185135-2185632_ext_20-220_int_105_off_65_percentage_0_position_0-0 genomicbackground,310,3,310_3
query_311,0,genomicbackground,0,genomicbackground,0.0027348946314305067,311_3_RF00059_3_NC_000913.3_2185135-2185632_ext_20-220_int_105_off_70_percentage_0_position_0-0 genomicbackground,311,3,311_3
query_312,0,genomicbackground,0,genomicbackground,0.0029403071384876966,312_3_RF00059_3_NC_000913.3_2185135-2185632_ext_20-220_int_105_off_75_percentage_0_position_0-0 genomicbackground,312,3,312_3
query_313,0,genomicbackground,0,genomicbackground,0.0035975337959825993,313_3_RF00059_3_NC_000913.3_2185135-2185632_ext_20-220_int_105_off_80_percentage_5_position_101-105 genomicbackground,313,3,313_3
query_314,0,genomicbackground,0,genomicbackground,0.0034545711241662502,314_3_RF00059_3_NC_000913.3_2185135-2185632_ext_20-220_int_105_off_85_percentage_10_position_96-105 genomicbackground,314,3,314_3
query_315,0,genomicbackground,0,genomicbackground,0.003677752334624529,315_3_RF00059_3_NC_000913.3_2185135-2185632_ext_20-220_int_105_off_90_percentage_15_position_91-105 genomicbackground,315,3,315_3
query_316,0,genomicbackground,0,genomicbackground,0.007116703782230616,316_3_RF00059_3_NC_000913.3_2185135-2185632_ext_20-220_int_105_off_95_percentage_21_position_86-105 genomicbackground,316,3,316_3
query_317,0,genomicbackground,0,genomicbackground,0.1450248807668686,317_3_RF00059_3_NC_000913.3_2185135-2185632_ext_20-220_int_110_off_0_percentage_0_position_0-0 genomicbackground,317,3,317_3
query_318,0,genomicbackground,0,genomicbackground,0.02106357179582119,318_3_RF00059_3_NC_000913.3_2185135-2185632_ext_20-220_int_110_off_5_percentage_0_position_0-0 genomicbackground,318,3,318_3
query_319,0,genomicbackground,0,genomicbackground,0.030434101819992065,319_3_RF00059_3_NC_000913.3_2185135-2185632_ext_20-220_int_110_off_10_percentage_0_position_0-0 genomicbackground,319,3,319_3
query_320,0,genomicbackground,0,genomicbackground,0.08744102716445923,320_3_RF00059_3_NC_000913.3_2185135-2185632_ext_20-220_int_110_off_15_percentage_0_position_0-0 genomicbackground,320,3,320_3
query_321,0,genomicbackground,0,genomicbackground,0.03568633273243904,321_3_RF00059_3_NC_000913.3_2185135-2185632_ext_20-220_int_110_off_20_percentage_0_position_0-0 genomicbackground,321,3,321_3
query_322,0,genomicbackground,0,genomicbackground,0.015376845374703407,322_3_RF00059_3_NC_000913.3_2185135-2185632_ext_20-220_int_110_off_25_percentage_0_position_0-0 genomicbackground,322,3,322_3
query_323,0,genomicbackground,0,genomicbackground,0.010971440002322197,323_3_RF00059_3_NC_000913.3_2185135-2185632_ext_20-220_int_110_off_30_percentage_0_position_0-0 genomicbackground,323,3,323_3
query_324,0,genomicbackground,0,genomicbackground,0.012708590365946293,324_3_RF00059_3_NC_000913.3_2185135-2185632_ext_20-220_int_110_off_35_percentage_0_position_0-0 genomicbackground,324,3,324_3
query_325,0,genomicbackground,0,genomicbackground,0.01130465604364872,325_3_RF00059_3_NC_000913.3_2185135-2185632_ext_20-220_int_110_off_40_percentage_0_position_0-0 genomicbackground,325,3,325_3
query_326,0,genomicbackground,0,genomicbackground,0.00851346179842949,326_3_RF00059_3_NC_000913.3_2185135-2185632_ext_20-220_int_110_off_45_percentage_0_position_0-0 genomicbackground,326,3,326_3
query_327,0,genomicbackground,0,genomicbackground,0.007359644398093224,327_3_RF00059_3_NC_000913.3_2185135-2185632_ext_20-220_int_110_off_50_percentage_0_position_0-0 genomicbackground,327,3,327_3
query_328,0,genomicbackground,0,genomicbackground,0.006422083359211683,328_3_RF00059_3_NC_000913.3_2185135-2185632_ext_20-220_int_110_off_55_percentage_0_position_0-0 genomicbackground,328,3,328_3
query_329,0,genomicbackground,0,genomicbackground,0.009160937741398811,329_3_RF00059_3_NC_000913.3_2185135-2185632_ext_20-220_int_110_off_60_percentage_0_position_0-0 genomicbackground,329,3,329_3
query_330,0,genomicbackground,0,genomicbackground,0.007523614913225174,330_3_RF00059_3_NC_000913.3_2185135-2185632_ext_20-220_int_110_off_65_percentage_0_position_0-0 genomicbackground,330,3,330_3
query_331,0,genomicbackground,0,genomicbackground,0.0023098099045455456,331_3_RF00059_3_NC_000913.3_2185135-2185632_ext_20-220_int_110_off_70_percentage_0_position_0-0 genomicbackground,331,3,331_3
query_332,0,genomicbackground,0,genomicbackground,0.003388813463971019,332_3_RF00059_3_NC_000913.3_2185135-2185632_ext_20-220_int_110_off_75_percentage_5_position_106-110 genomicbackground,332,3,332_3
query_333,0,genomicbackground,0,genomicbackground,0.00357191264629364,333_3_RF00059_3_NC_000913.3_2185135-2185632_ext_20-220_int_110_off_80_percentage_10_position_101-110 genomicbackground,333,3,333_3
query_334,0,genomicbackground,0,genomicbackground,0.0041734687983989716,334_3_RF00059_3_NC_000913.3_2185135-2185632_ext_20-220_int_110_off_85_percentage_15_position_96-110 genomicbackground,334,3,334_3
query_335,0,genomicbackground,0,genomicbackground,0.003819562727585435,335_3_RF00059_3_NC_000913.3_2185135-2185632_ext_20-220_int_110_off_90_percentage_21_position_91-110 genomicbackground,335,3,335_3
query_336,0,genomicbackground,0,genomicbackground,0.07273319363594055,336_3_RF00059_3_NC_000913.3_2185135-2185632_ext_20-220_int_115_off_0_percentage_0_position_0-0 genomicbackground,336,3,336_3
query_337,0,genomicbackground,0,genomicbackground,0.01989857666194439,337_3_RF00059_3_NC_000913.3_2185135-2185632_ext_20-220_int_115_off_5_percentage_0_position_0-0 genomicbackground,337,3,337_3
query_338,0,genomicbackground,0,genomicbackground,0.025223808363080025,338_3_RF00059_3_NC_000913.3_2185135-2185632_ext_20-220_int_115_off_10_percentage_0_position_0-0 genomicbackground,338,3,338_3
query_339,0,genomicbackground,0,genomicbackground,0.05008604750037193,339_3_RF00059_3_NC_000913.3_2185135-2185632_ext_20-220_int_115_off_15_percentage_0_position_0-0 genomicbackground,339,3,339_3
query_340,0,genomicbackground,0,genomicbackground,0.03741110861301422,340_3_RF00059_3_NC_000913.3_2185135-2185632_ext_20-220_int_115_off_20_percentage_0_position_0-0 genomicbackground,340,3,340_3
query_341,0,genomicbackground,0,genomicbackground,0.003367222845554352,341_3_RF00059_3_NC_000913.3_2185135-2185632_ext_20-220_int_115_off_25_percentage_0_position_0-0 genomicbackground,341,3,341_3
query_342,0,genomicbackground,0,genomicbackground,0.00936934631317854,342_3_RF00059_3_NC_000913.3_2185135-2185632_ext_20-220_int_115_off_30_percentage_0_position_0-0 genomicbackground,342,3,342_3
query_343,0,genomicbackground,0,genomicbackground,0.014263071119785309,343_3_RF00059_3_NC_000913.3_2185135-2185632_ext_20-220_int_115_off_35_percentage_0_position_0-0 genomicbackground,343,3,343_3
query_344,0,genomicbackground,0,genomicbackground,0.010671142488718033,344_3_RF00059_3_NC_000913.3_2185135-2185632_ext_20-220_int_115_off_40_percentage_0_position_0-0 genomicbackground,344,3,344_3
query_345,0,genomicbackground,0,genomicbackground,0.007805149536579847,345_3_RF00059_3_NC_000913.3_2185135-2185632_ext_20-220_int_115_off_45_percentage_0_position_0-0 genomicbackground,345,3,345_3
query_346,0,genomicbackground,0,genomicbackground,0.007228007074445486,346_3_RF00059_3_NC_000913.3_2185135-2185632_ext_20-220_int_115_off_50_percentage_0_position_0-0 genomicbackground,346,3,346_3
query_347,0,genomicbackground,0,genomicbackground,0.006466550752520561,347_3_RF00059_3_NC_000913.3_2185135-2185632_ext_20-220_int_115_off_55_percentage_0_position_0-0 genomicbackground,347,3,347_3
query_348,0,genomicbackground,0,genomicbackground,0.008905676193535328,348_3_RF00059_3_NC_000913.3_2185135-2185632_ext_20-220_int_115_off_60_percentage_0_position_0-0 genomicbackground,348,3,348_3
query_349,0,genomicbackground,0,genomicbackground,0.00581236882135272,349_3_RF00059_3_NC_000913.3_2185135-2185632_ext_20-220_int_115_off_65_percentage_0_position_0-0 genomicbackground,349,3,349_3
query_350,0,genomicbackground,0,genomicbackground,0.002510238206014037,350_3_RF00059_3_NC_000913.3_2185135-2185632_ext_20-220_int_115_off_70_percentage_5_position_111-115 genomicbackground,350,3,350_3
query_351,0,genomicbackground,0,genomicbackground,0.0034216926433146,351_3_RF00059_3_NC_000913.3_2185135-2185632_ext_20-220_int_115_off_75_percentage_10_position_106-115 genomicbackground,351,3,351_3
query_352,0,genomicbackground,0,genomicbackground,0.004202493000775576,352_3_RF00059_3_NC_000913.3_2185135-2185632_ext_20-220_int_115_off_80_percentage_15_position_101-115 genomicbackground,352,3,352_3
query_353,0,genomicbackground,0,genomicbackground,0.004257266875356436,353_3_RF00059_3_NC_000913.3_2185135-2185632_ext_20-220_int_115_off_85_percentage_21_position_96-115 genomicbackground,353,3,353_3
query_354,0,genomicbackground,0,genomicbackground,0.06732657551765442,354_3_RF00059_3_NC_000913.3_2185135-2185632_ext_20-220_int_120_off_0_percentage_0_position_0-0 genomicbackground,354,3,354_3
query_355,0,genomicbackground,0,genomicbackground,0.024076784029603004,355_3_RF00059_3_NC_000913.3_2185135-2185632_ext_20-220_int_120_off_5_percentage_0_position_0-0 genomicbackground,355,3,355_3
query_356,0,genomicbackground,0,genomicbackground,0.025731179863214493,356_3_RF00059_3_NC_000913.3_2185135-2185632_ext_20-220_int_120_off_10_percentage_0_position_0-0 genomicbackground,356,3,356_3
query_357,0,genomicbackground,0,genomicbackground,0.05203844979405403,357_3_RF00059_3_NC_000913.3_2185135-2185632_ext_20-220_int_120_off_15_percentage_0_position_0-0 genomicbackground,357,3,357_3
query_358,0,genomicbackground,0,genomicbackground,0.006509240251034498,358_3_RF00059_3_NC_000913.3_2185135-2185632_ext_20-220_int_120_off_20_percentage_0_position_0-0 genomicbackground,358,3,358_3
query_359,0,genomicbackground,0,genomicbackground,0.002900573192164302,359_3_RF00059_3_NC_000913.3_2185135-2185632_ext_20-220_int_120_off_25_percentage_0_position_0-0 genomicbackground,359,3,359_3
query_360,0,genomicbackground,0,genomicbackground,0.015970857813954353,360_3_RF00059_3_NC_000913.3_2185135-2185632_ext_20-220_int_120_off_30_percentage_0_position_0-0 genomicbackground,360,3,360_3
query_361,0,genomicbackground,0,genomicbackground,0.009858201257884502,361_3_RF00059_3_NC_000913.3_2185135-2185632_ext_20-220_int_120_off_35_percentage_0_position_0-0 genomicbackground,361,3,361_3
query_362,0,genomicbackground,0,genomicbackground,0.010026637464761734,362_3_RF00059_3_NC_000913.3_2185135-2185632_ext_20-220_int_120_off_40_percentage_0_position_0-0 genomicbackground,362,3,362_3
query_363,0,genomicbackground,0,genomicbackground,0.007639730349183083,363_3_RF00059_3_NC_000913.3_2185135-2185632_ext_20-220_int_120_off_45_percentage_0_position_0-0 genomicbackground,363,3,363_3
query_364,0,genomicbackground,0,genomicbackground,0.007261405698955059,364_3_RF00059_3_NC_000913.3_2185135-2185632_ext_20-220_int_120_off_50_percentage_0_position_0-0 genomicbackground,364,3,364_3
query_365,0,genomicbackground,0,genomicbackground,0.006312182638794184,365_3_RF00059_3_NC_000913.3_2185135-2185632_ext_20-220_int_120_off_55_percentage_0_position_0-0 genomicbackground,365,3,365_3
query_366,0,genomicbackground,0,genomicbackground,0.007362185977399349,366_3_RF00059_3_NC_000913.3_2185135-2185632_ext_20-220_int_120_off_60_percentage_0_position_0-0 genomicbackground,366,3,366_3
query_367,0,genomicbackground,0,genomicbackground,0.005540330428630114,367_3_RF00059_3_NC_000913.3_2185135-2185632_ext_20-220_int_120_off_65_percentage_5_position_116-120 genomicbackground,367,3,367_3
query_368,0,genomicbackground,0,genomicbackground,0.0026047106366604567,368_3_RF00059_3_NC_000913.3_2185135-2185632_ext_20-220_int_120_off_70_percentage_10_position_111-120 genomicbackground,368,3,368_3
query_369,0,genomicbackground,0,genomicbackground,0.003999934997409582,369_3_RF00059_3_NC_000913.3_2185135-2185632_ext_20-220_int_120_off_75_percentage_15_position_106-120 genomicbackground,369,3,369_3
query_370,0,genomicbackground,0,genomicbackground,0.0042719305492937565,370_3_RF00059_3_NC_000913.3_2185135-2185632_ext_20-220_int_120_off_80_percentage_21_position_101-120 genomicbackground,370,3,370_3
query_371,0,genomicbackground,0,genomicbackground,0.05503430217504501,371_3_RF00059_3_NC_000913.3_2185135-2185632_ext_20-220_int_125_off_0_percentage_0_position_0-0 genomicbackground,371,3,371_3
query_372,0,genomicbackground,0,genomicbackground,0.016949918121099472,372_3_RF00059_3_NC_000913.3_2185135-2185632_ext_20-220_int_125_off_5_percentage_0_position_0-0 genomicbackground,372,3,372_3
query_373,0,genomicbackground,0,genomicbackground,0.028030624613165855,373_3_RF00059_3_NC_000913.3_2185135-2185632_ext_20-220_int_125_off_10_percentage_0_position_0-0 genomicbackground,373,3,373_3
query_374,0,genomicbackground,0,genomicbackground,0.008567392826080322,374_3_RF00059_3_NC_000913.3_2185135-2185632_ext_20-220_int_125_off_15_percentage_0_position_0-0 genomicbackground,374,3,374_3
query_375,0,genomicbackground,0,genomicbackground,0.005428972654044628,375_3_RF00059_3_NC_000913.3_2185135-2185632_ext_20-220_int_125_off_20_percentage_0_position_0-0 genomicbackground,375,3,375_3
query_376,0,genomicbackground,0,genomicbackground,0.017787477001547813,376_3_RF00059_3_NC_000913.3_2185135-2185632_ext_20-220_int_125_off_25_percentage_0_position_0-0 genomicbackground,376,3,376_3
query_377,0,genomicbackground,0,genomicbackground,0.013842355459928513,377_3_RF00059_3_NC_000913.3_2185135-2185632_ext_20-220_int_125_off_30_percentage_0_position_0-0 genomicbackground,377,3,377_3
query_378,0,genomicbackground,0,genomicbackground,0.011938598938286304,378_3_RF00059_3_NC_000913.3_2185135-2185632_ext_20-220_int_125_off_35_percentage_0_position_0-0 genomicbackground,378,3,378_3
query_379,0,genomicbackground,0,genomicbackground,0.012774103321135044,379_3_RF00059_3_NC_000913.3_2185135-2185632_ext_20-220_int_125_off_40_percentage_0_position_0-0 genomicbackground,379,3,379_3
query_380,0,genomicbackground,0,genomicbackground,0.0076439096592366695,380_3_RF00059_3_NC_000913.3_2185135-2185632_ext_20-220_int_125_off_45_percentage_0_position_0-0 genomicbackground,380,3,380_3
query_381,0,genomicbackground,0,genomicbackground,0.010397620499134064,381_3_RF00059_3_NC_000913.3_2185135-2185632_ext_20-220_int_125_off_50_percentage_0_position_0-0 genomicbackground,381,3,381_3
query_382,0,genomicbackground,0,genomicbackground,0.005474089179188013,382_3_RF00059_3_NC_000913.3_2185135-2185632_ext_20-220_int_125_off_55_percentage_0_position_0-0 genomicbackground,382,3,382_3
query_383,0,genomicbackground,0,genomicbackground,0.006907715927809477,383_3_RF00059_3_NC_000913.3_2185135-2185632_ext_20-220_int_125_off_60_percentage_5_position_121-125 genomicbackground,383,3,383_3
query_384,0,genomicbackground,0,genomicbackground,0.005917727947235107,384_3_RF00059_3_NC_000913.3_2185135-2185632_ext_20-220_int_125_off_65_percentage_10_position_116-125 genomicbackground,384,3,384_3
query_385,0,genomicbackground,0,genomicbackground,0.003229306312277913,385_3_RF00059_3_NC_000913.3_2185135-2185632_ext_20-220_int_125_off_70_percentage_15_position_111-125 genomicbackground,385,3,385_3
query_386,0,genomicbackground,0,genomicbackground,0.0041101290844380856,386_3_RF00059_3_NC_000913.3_2185135-2185632_ext_20-220_int_125_off_75_percentage_21_position_106-125 genomicbackground,386,3,386_3
query_387,0,genomicbackground,0,genomicbackground,0.07150868326425552,387_3_RF00059_3_NC_000913.3_2185135-2185632_ext_20-220_int_130_off_0_percentage_0_position_0-0 genomicbackground,387,3,387_3
query_388,0,genomicbackground,0,genomicbackground,0.017940256744623184,388_3_RF00059_3_NC_000913.3_2185135-2185632_ext_20-220_int_130_off_5_percentage_0_position_0-0 genomicbackground,388,3,388_3
query_389,0,genomicbackground,0,genomicbackground,0.016631916165351868,389_3_RF00059_3_NC_000913.3_2185135-2185632_ext_20-220_int_130_off_10_percentage_0_position_0-0 genomicbackground,389,3,389_3
query_390,0,genomicbackground,0,genomicbackground,0.005961496848613024,390_3_RF00059_3_NC_000913.3_2185135-2185632_ext_20-220_int_130_off_15_percentage_0_position_0-0 genomicbackground,390,3,390_3
query_391,0,genomicbackground,0,genomicbackground,0.005789923947304487,391_3_RF00059_3_NC_000913.3_2185135-2185632_ext_20-220_int_130_off_20_percentage_0_position_0-0 genomicbackground,391,3,391_3
query_392,0,genomicbackground,0,genomicbackground,0.0024473904632031918,392_3_RF00059_3_NC_000913.3_2185135-2185632_ext_20-220_int_130_off_25_percentage_0_position_0-0 genomicbackground,392,3,392_3
query_393,0,genomicbackground,0,genomicbackground,0.011363370344042778,393_3_RF00059_3_NC_000913.3_2185135-2185632_ext_20-220_int_130_off_30_percentage_0_position_0-0 genomicbackground,393,3,393_3
query_394,0,genomicbackground,0,genomicbackground,0.015133094973862171,394_3_RF00059_3_NC_000913.3_2185135-2185632_ext_20-220_int_130_off_35_percentage_0_position_0-0 genomicbackground,394,3,394_3
query_395,0,genomicbackground,0,genomicbackground,0.012408319860696793,395_3_RF00059_3_NC_000913.3_2185135-2185632_ext_20-220_int_130_off_40_percentage_0_position_0-0 genomicbackground,395,3,395_3
query_396,0,genomicbackground,0,genomicbackground,0.007200984749943018,396_3_RF00059_3_NC_000913.3_2185135-2185632_ext_20-220_int_130_off_45_percentage_0_position_0-0 genomicbackground,396,3,396_3
query_397,0,genomicbackground,0,genomicbackground,0.006099916994571686,397_3_RF00059_3_NC_000913.3_2185135-2185632_ext_20-220_int_130_off_50_percentage_0_position_0-0 genomicbackground,397,3,397_3
query_398,0,genomicbackground,0,genomicbackground,0.00539214164018631,398_3_RF00059_3_NC_000913.3_2185135-2185632_ext_20-220_int_130_off_55_percentage_5_position_126-130 genomicbackground,398,3,398_3
query_399,0,genomicbackground,0,genomicbackground,0.00713128037750721,399_3_RF00059_3_NC_000913.3_2185135-2185632_ext_20-220_int_130_off_60_percentage_10_position_121-130 genomicbackground,399,3,399_3
query_400,0,genomicbackground,0,genomicbackground,0.0058635869063436985,400_3_RF00059_3_NC_000913.3_2185135-2185632_ext_20-220_int_130_off_65_percentage_15_position_116-130 genomicbackground,400,3,400_3
query_401,0,genomicbackground,0,genomicbackground,0.003312339074909687,401_3_RF00059_3_NC_000913.3_2185135-2185632_ext_20-220_int_130_off_70_percentage_21_position_111-130 genomicbackground,401,3,401_3
query_402,0,genomicbackground,0,genomicbackground,0.07381360977888107,402_3_RF00059_3_NC_000913.3_2185135-2185632_ext_20-220_int_135_off_0_percentage_0_position_0-0 genomicbackground,402,3,402_3
query_403,0,genomicbackground,0,genomicbackground,0.010500377975404263,403_3_RF00059_3_NC_000913.3_2185135-2185632_ext_20-220_int_135_off_5_percentage_0_position_0-0 genomicbackground,403,3,403_3
query_404,0,genomicbackground,0,genomicbackground,0.013474415987730026,404_3_RF00059_3_NC_000913.3_2185135-2185632_ext_20-220_int_135_off_10_percentage_0_position_0-0 genomicbackground,404,3,404_3
query_405,0,genomicbackground,0,genomicbackground,0.0062839859165251255,405_3_RF00059_3_NC_000913.3_2185135-2185632_ext_20-220_int_135_off_15_percentage_0_position_0-0 genomicbackground,405,3,405_3
query_406,0,genomicbackground,0,genomicbackground,0.014965549111366272,406_3_RF00059_3_NC_000913.3_2185135-2185632_ext_20-220_int_135_off_20_percentage_0_position_0-0 genomicbackground,406,3,406_3
query_407,0,genomicbackground,0,genomicbackground,0.01272787619382143,407_3_RF00059_3_NC_000913.3_2185135-2185632_ext_20-220_int_135_off_25_percentage_0_position_0-0 genomicbackground,407,3,407_3
query_408,0,genomicbackground,0,genomicbackground,0.013846983201801777,408_3_RF00059_3_NC_000913.3_2185135-2185632_ext_20-220_int_135_off_30_percentage_0_position_0-0 genomicbackground,408,3,408_3
query_409,0,genomicbackground,0,genomicbackground,0.021463200449943542,409_3_RF00059_3_NC_000913.3_2185135-2185632_ext_20-220_int_135_off_35_percentage_0_position_0-0 genomicbackground,409,3,409_3
query_410,0,genomicbackground,0,genomicbackground,0.01118104811757803,410_3_RF00059_3_NC_000913.3_2185135-2185632_ext_20-220_int_135_off_40_percentage_0_position_0-0 genomicbackground,410,3,410_3
query_411,0,genomicbackground,0,genomicbackground,0.006481816526502371,411_3_RF00059_3_NC_000913.3_2185135-2185632_ext_20-220_int_135_off_45_percentage_0_position_0-0 genomicbackground,411,3,411_3
query_412,0,genomicbackground,0,genomicbackground,0.005798632744699717,412_3_RF00059_3_NC_000913.3_2185135-2185632_ext_20-220_int_135_off_50_percentage_5_position_131-135 genomicbackground,412,3,412_3
query_413,0,genomicbackground,0,genomicbackground,0.007723215967416763,413_3_RF00059_3_NC_000913.3_2185135-2185632_ext_20-220_int_135_off_55_percentage_10_position_126-135 genomicbackground,413,3,413_3
query_414,0,genomicbackground,0,genomicbackground,0.007093219086527824,414_3_RF00059_3_NC_000913.3_2185135-2185632_ext_20-220_int_135_off_60_percentage_15_position_121-135 genomicbackground,414,3,414_3
query_415,0,genomicbackground,0,genomicbackground,0.006183951627463102,415_3_RF00059_3_NC_000913.3_2185135-2185632_ext_20-220_int_135_off_65_percentage_21_position_116-135 genomicbackground,415,3,415_3
query_416,0,genomicbackground,0,genomicbackground,0.03894864395260811,416_3_RF00059_3_NC_000913.3_2185135-2185632_ext_20-220_int_140_off_0_percentage_0_position_0-0 genomicbackground,416,3,416_3
query_417,0,genomicbackground,0,genomicbackground,0.010948059149086475,417_3_RF00059_3_NC_000913.3_2185135-2185632_ext_20-220_int_140_off_5_percentage_0_position_0-0 genomicbackground,417,3,417_3
query_418,0,genomicbackground,0,genomicbackground,0.044973861426115036,418_3_RF00059_3_NC_000913.3_2185135-2185632_ext_20-220_int_140_off_10_percentage_0_position_0-0 genomicbackground,418,3,418_3
query_419,0,genomicbackground,0,genomicbackground,0.004902916960418224,419_3_RF00059_3_NC_000913.3_2185135-2185632_ext_20-220_int_140_off_15_percentage_0_position_0-0 genomicbackground,419,3,419_3
query_420,0,genomicbackground,0,genomicbackground,0.02754134312272072,420_3_RF00059_3_NC_000913.3_2185135-2185632_ext_20-220_int_140_off_20_percentage_0_position_0-0 genomicbackground,420,3,420_3
query_421,0,genomicbackground,0,genomicbackground,0.015423490665853024,421_3_RF00059_3_NC_000913.3_2185135-2185632_ext_20-220_int_140_off_25_percentage_0_position_0-0 genomicbackground,421,3,421_3
query_422,0,genomicbackground,0,genomicbackground,0.017965776845812798,422_3_RF00059_3_NC_000913.3_2185135-2185632_ext_20-220_int_140_off_30_percentage_0_position_0-0 genomicbackground,422,3,422_3
query_423,0,genomicbackground,0,genomicbackground,0.015638453885912895,423_3_RF00059_3_NC_000913.3_2185135-2185632_ext_20-220_int_140_off_35_percentage_0_position_0-0 genomicbackground,423,3,423_3
query_424,0,genomicbackground,0,genomicbackground,0.008798141032457352,424_3_RF00059_3_NC_000913.3_2185135-2185632_ext_20-220_int_140_off_40_percentage_0_position_0-0 genomicbackground,424,3,424_3
query_425,0,genomicbackground,0,genomicbackground,0.006123852450400591,425_3_RF00059_3_NC_000913.3_2185135-2185632_ext_20-220_int_140_off_45_percentage_5_position_136-140 genomicbackground,425,3,425_3
query_426,0,genomicbackground,0,genomicbackground,0.008321444503962994,426_3_RF00059_3_NC_000913.3_2185135-2185632_ext_20-220_int_140_off_50_percentage_10_position_131-140 genomicbackground,426,3,426_3
query_427,0,genomicbackground,0,genomicbackground,0.007118584122508764,427_3_RF00059_3_NC_000913.3_2185135-2185632_ext_20-220_int_140_off_55_percentage_15_position_126-140 genomicbackground,427,3,427_3
query_428,0,genomicbackground,0,genomicbackground,0.004012552555650473,428_3_RF00059_3_NC_000913.3_2185135-2185632_ext_20-220_int_140_off_60_percentage_21_position_121-140 genomicbackground,428,3,428_3
query_429,0,genomicbackground,0,genomicbackground,0.046128999441862106,429_3_RF00059_3_NC_000913.3_2185135-2185632_ext_20-220_int_145_off_0_percentage_0_position_0-0 genomicbackground,429,3,429_3
query_430,0,genomicbackground,0,genomicbackground,0.024474598467350006,430_3_RF00059_3_NC_000913.3_2185135-2185632_ext_20-220_int_145_off_5_percentage_0_position_0-0 genomicbackground,430,3,430_3
query_431,0,genomicbackground,0,genomicbackground,0.030171066522598267,431_3_RF00059_3_NC_000913.3_2185135-2185632_ext_20-220_int_145_off_10_percentage_0_position_0-0 genomicbackground,431,3,431_3
query_432,0,genomicbackground,0,genomicbackground,0.06853307783603668,432_3_RF00059_3_NC_000913.3_2185135-2185632_ext_20-220_int_145_off_15_percentage_0_position_0-0 genomicbackground,432,3,432_3
query_433,0,genomicbackground,0,genomicbackground,0.02727503329515457,433_3_RF00059_3_NC_000913.3_2185135-2185632_ext_20-220_int_145_off_20_percentage_0_position_0-0 genomicbackground,433,3,433_3
query_434,0,genomicbackground,0,genomicbackground,0.019089989364147186,434_3_RF00059_3_NC_000913.3_2185135-2185632_ext_20-220_int_145_off_25_percentage_0_position_0-0 genomicbackground,434,3,434_3
query_435,0,genomicbackground,0,genomicbackground,0.014137843623757362,435_3_RF00059_3_NC_000913.3_2185135-2185632_ext_20-220_int_145_off_30_percentage_0_position_0-0 genomicbackground,435,3,435_3
query_436,0,genomicbackground,0,genomicbackground,0.010263403877615929,436_3_RF00059_3_NC_000913.3_2185135-2185632_ext_20-220_int_145_off_35_percentage_0_position_0-0 genomicbackground,436,3,436_3
query_437,0,genomicbackground,0,genomicbackground,0.007982702925801277,437_3_RF00059_3_NC_000913.3_2185135-2185632_ext_20-220_int_145_off_40_percentage_5_position_141-145 genomicbackground,437,3,437_3
query_438,0,genomicbackground,0,genomicbackground,0.007992328144609928,438_3_RF00059_3_NC_000913.3_2185135-2185632_ext_20-220_int_145_off_45_percentage_10_position_136-145 genomicbackground,438,3,438_3
query_439,0,genomicbackground,0,genomicbackground,0.008481128141283989,439_3_RF00059_3_NC_000913.3_2185135-2185632_ext_20-220_int_145_off_50_percentage_15_position_131-145 genomicbackground,439,3,439_3
query_440,0,genomicbackground,0,genomicbackground,0.006912160664796829,440_3_RF00059_3_NC_000913.3_2185135-2185632_ext_20-220_int_145_off_55_percentage_21_position_126-145 genomicbackground,440,3,440_3
query_441,0,genomicbackground,0,genomicbackground,0.05955057591199875,441_3_RF00059_3_NC_000913.3_2185135-2185632_ext_20-220_int_150_off_0_percentage_0_position_0-0 genomicbackground,441,3,441_3
query_442,0,genomicbackground,0,genomicbackground,0.019536783918738365,442_3_RF00059_3_NC_000913.3_2185135-2185632_ext_20-220_int_150_off_5_percentage_0_position_0-0 genomicbackground,442,3,442_3
query_443,0,genomicbackground,0,genomicbackground,0.08128790557384491,443_3_RF00059_3_NC_000913.3_2185135-2185632_ext_20-220_int_150_off_10_percentage_0_position_0-0 genomicbackground,443,3,443_3
query_444,0,genomicbackground,0,genomicbackground,0.07733720541000366,444_3_RF00059_3_NC_000913.3_2185135-2185632_ext_20-220_int_150_off_15_percentage_0_position_0-0 genomicbackground,444,3,444_3
query_445,0,genomicbackground,0,genomicbackground,0.02696097269654274,445_3_RF00059_3_NC_000913.3_2185135-2185632_ext_20-220_int_150_off_20_percentage_0_position_0-0 genomicbackground,445,3,445_3
query_446,0,genomicbackground,0,genomicbackground,0.04232524335384369,446_3_RF00059_3_NC_000913.3_2185135-2185632_ext_20-220_int_150_off_25_percentage_0_position_0-0 genomicbackground,446,3,446_3
query_447,0,genomicbackground,0,genomicbackground,0.009999741800129414,447_3_RF00059_3_NC_000913.3_2185135-2185632_ext_20-220_int_150_off_30_percentage_0_position_0-0 genomicbackground,447,3,447_3
query_448,0,genomicbackground,0,genomicbackground,0.009237328544259071,448_3_RF00059_3_NC_000913.3_2185135-2185632_ext_20-220_int_150_off_35_percentage_5_position_146-150 genomicbackground,448,3,448_3
query_449,0,genomicbackground,0,genomicbackground,0.007890676148235798,449_3_RF00059_3_NC_000913.3_2185135-2185632_ext_20-220_int_150_off_40_percentage_10_position_141-150 genomicbackground,449,3,449_3
query_450,0,genomicbackground,0,genomicbackground,0.0085312370210886,450_3_RF00059_3_NC_000913.3_2185135-2185632_ext_20-220_int_150_off_45_percentage_15_position_136-150 genomicbackground,450,3,450_3
query_451,0,genomicbackground,0,genomicbackground,0.013948780484497547,451_3_RF00059_3_NC_000913.3_2185135-2185632_ext_20-220_int_150_off_50_percentage_21_position_131-150 genomicbackground,451,3,451_3
query_452,0,genomicbackground,0,genomicbackground,0.051350947469472885,452_3_RF00059_3_NC_000913.3_2185135-2185632_ext_20-220_int_155_off_0_percentage_0_position_0-0 genomicbackground,452,3,452_3
query_453,0,genomicbackground,0,genomicbackground,0.06268283724784851,453_3_RF00059_3_NC_000913.3_2185135-2185632_ext_20-220_int_155_off_5_percentage_0_position_0-0 genomicbackground,453,3,453_3
query_454,0,genomicbackground,0,genomicbackground,0.08560597896575928,454_3_RF00059_3_NC_000913.3_2185135-2185632_ext_20-220_int_155_off_10_percentage_0_position_0-0 genomicbackground,454,3,454_3
query_455,0,genomicbackground,0,genomicbackground,0.07400960475206375,455_3_RF00059_3_NC_000913.3_2185135-2185632_ext_20-220_int_155_off_15_percentage_0_position_0-0 genomicbackground,455,3,455_3
query_456,0,genomicbackground,0,genomicbackground,0.07635418325662613,456_3_RF00059_3_NC_000913.3_2185135-2185632_ext_20-220_int_155_off_20_percentage_0_position_0-0 genomicbackground,456,3,456_3
query_457,0,genomicbackground,0,genomicbackground,0.011026640422642231,457_3_RF00059_3_NC_000913.3_2185135-2185632_ext_20-220_int_155_off_25_percentage_0_position_0-0 genomicbackground,457,3,457_3
query_458,0,genomicbackground,0,genomicbackground,0.009214640595018864,458_3_RF00059_3_NC_000913.3_2185135-2185632_ext_20-220_int_155_off_30_percentage_5_position_151-155 genomicbackground,458,3,458_3
query_459,0,genomicbackground,0,genomicbackground,0.0089976005256176,459_3_RF00059_3_NC_000913.3_2185135-2185632_ext_20-220_int_155_off_35_percentage_10_position_146-155 genomicbackground,459,3,459_3
query_460,0,genomicbackground,0,genomicbackground,0.010531251318752766,460_3_RF00059_3_NC_000913.3_2185135-2185632_ext_20-220_int_155_off_40_percentage_15_position_141-155 genomicbackground,460,3,460_3
query_461,0,genomicbackground,0,genomicbackground,0.012808436527848244,461_3_RF00059_3_NC_000913.3_2185135-2185632_ext_20-220_int_155_off_45_percentage_21_position_136-155 genomicbackground,461,3,461_3
query_462,0,genomicbackground,0,genomicbackground,0.04975683242082596,462_3_RF00059_3_NC_000913.3_2185135-2185632_ext_20-220_int_160_off_0_percentage_0_position_0-0 genomicbackground,462,3,462_3
query_463,0,genomicbackground,0,genomicbackground,0.06574495881795883,463_3_RF00059_3_NC_000913.3_2185135-2185632_ext_20-220_int_160_off_5_percentage_0_position_0-0 genomicbackground,463,3,463_3
query_464,0,genomicbackground,0,genomicbackground,0.05873139202594757,464_3_RF00059_3_NC_000913.3_2185135-2185632_ext_20-220_int_160_off_10_percentage_0_position_0-0 genomicbackground,464,3,464_3
query_465,0,genomicbackground,0,genomicbackground,0.05731772258877754,465_3_RF00059_3_NC_000913.3_2185135-2185632_ext_20-220_int_160_off_15_percentage_0_position_0-0 genomicbackground,465,3,465_3
query_466,0,genomicbackground,0,genomicbackground,0.020294547080993652,466_3_RF00059_3_NC_000913.3_2185135-2185632_ext_20-220_int_160_off_20_percentage_0_position_0-0 genomicbackground,466,3,466_3
query_467,0,genomicbackground,0,genomicbackground,0.010182489641010761,467_3_RF00059_3_NC_000913.3_2185135-2185632_ext_20-220_int_160_off_25_percentage_5_position_156-160 genomicbackground,467,3,467_3
query_468,0,genomicbackground,0,genomicbackground,0.009072097018361092,468_3_RF00059_3_NC_000913.3_2185135-2185632_ext_20-220_int_160_off_30_percentage_10_position_151-160 genomicbackground,468,3,468_3
query_469,0,genomicbackground,0,genomicbackground,0.012397426180541515,469_3_RF00059_3_NC_000913.3_2185135-2185632_ext_20-220_int_160_off_35_percentage_15_position_146-160 genomicbackground,469,3,469_3
query_470,0,genomicbackground,0,genomicbackground,0.013661692850291729,470_3_RF00059_3_NC_000913.3_2185135-2185632_ext_20-220_int_160_off_40_percentage_21_position_141-160 genomicbackground,470,3,470_3
query_471,0,genomicbackground,0,genomicbackground,0.0602981373667717,471_3_RF00059_3_NC_000913.3_2185135-2185632_ext_20-220_int_165_off_0_percentage_0_position_0-0 genomicbackground,471,3,471_3
query_472,0,genomicbackground,0,genomicbackground,0.05125506594777107,472_3_RF00059_3_NC_000913.3_2185135-2185632_ext_20-220_int_165_off_5_percentage_0_position_0-0 genomicbackground,472,3,472_3
query_473,0,genomicbackground,0,genomicbackground,0.046914827078580856,473_3_RF00059_3_NC_000913.3_2185135-2185632_ext_20-220_int_165_off_10_percentage_0_position_0-0 genomicbackground,473,3,473_3
query_474,0,genomicbackground,0,genomicbackground,0.049072522670030594,474_3_RF00059_3_NC_000913.3_2185135-2185632_ext_20-220_int_165_off_15_percentage_0_position_0-0 genomicbackground,474,3,474_3
query_475,0,genomicbackground,0,genomicbackground,0.017195526510477066,475_3_RF00059_3_NC_000913.3_2185135-2185632_ext_20-220_int_165_off_20_percentage_5_position_161-165 genomicbackground,475,3,475_3
query_476,0,genomicbackground,0,genomicbackground,0.009994512423872948,476_3_RF00059_3_NC_000913.3_2185135-2185632_ext_20-220_int_165_off_25_percentage_10_position_156-165 genomicbackground,476,3,476_3
query_477,0,genomicbackground,0,genomicbackground,0.011873418465256691,477_3_RF00059_3_NC_000913.3_2185135-2185632_ext_20-220_int_165_off_30_percentage_15_position_151-165 genomicbackground,477,3,477_3
query_478,0,genomicbackground,0,genomicbackground,0.016411293298006058,478_3_RF00059_3_NC_000913.3_2185135-2185632_ext_20-220_int_165_off_35_percentage_21_position_146-165 genomicbackground,478,3,478_3
query_479,0,genomicbackground,0,genomicbackground,0.05358047038316727,479_3_RF00059_3_NC_000913.3_2185135-2185632_ext_20-220_int_170_off_0_percentage_0_position_0-0 genomicbackground,479,3,479_3
query_480,0,genomicbackground,0,genomicbackground,0.038519807159900665,480_3_RF00059_3_NC_000913.3_2185135-2185632_ext_20-220_int_170_off_5_percentage_0_position_0-0 genomicbackground,480,3,480_3
query_481,0,genomicbackground,0,genomicbackground,0.05308273434638977,481_3_RF00059_3_NC_000913.3_2185135-2185632_ext_20-220_int_170_off_10_percentage_0_position_0-0 genomicbackground,481,3,481_3
query_482,0,genomicbackground,0,genomicbackground,0.03682951256632805,482_3_RF00059_3_NC_000913.3_2185135-2185632_ext_20-220_int_170_off_15_percentage_5_position_166-170 genomicbackground,482,3,482_3
query_483,0,genomicbackground,0,genomicbackground,0.01583154872059822,483_3_RF00059_3_NC_000913.3_2185135-2185632_ext_20-220_int_170_off_20_percentage_10_position_161-170 genomicbackground,483,3,483_3
query_484,0,genomicbackground,0,genomicbackground,0.013024820014834404,484_3_RF00059_3_NC_000913.3_2185135-2185632_ext_20-220_int_170_off_25_percentage_15_position_156-170 genomicbackground,484,3,484_3
query_485,0,genomicbackground,0,genomicbackground,0.015175584703683853,485_3_RF00059_3_NC_000913.3_2185135-2185632_ext_20-220_int_170_off_30_percentage_21_position_151-170 genomicbackground,485,3,485_3
query_486,0,genomicbackground,0,genomicbackground,0.04056914523243904,486_3_RF00059_3_NC_000913.3_2185135-2185632_ext_20-220_int_175_off_0_percentage_0_position_0-0 genomicbackground,486,3,486_3
query_487,0,genomicbackground,0,genomicbackground,0.042117029428482056,487_3_RF00059_3_NC_000913.3_2185135-2185632_ext_20-220_int_175_off_5_percentage_0_position_0-0 genomicbackground,487,3,487_3
query_488,0,genomicbackground,0,genomicbackground,0.03936592489480972,488_3_RF00059_3_NC_000913.3_2185135-2185632_ext_20-220_int_175_off_10_percentage_5_position_171-175 genomicbackground,488,3,488_3
query_489,0,genomicbackground,0,genomicbackground,0.030675571411848068,489_3_RF00059_3_NC_000913.3_2185135-2185632_ext_20-220_int_175_off_15_percentage_10_position_166-175 genomicbackground,489,3,489_3
query_490,0,genomicbackground,0,genomicbackground,0.015550404787063599,490_3_RF00059_3_NC_000913.3_2185135-2185632_ext_20-220_int_175_off_20_percentage_15_position_161-175 genomicbackground,490,3,490_3
query_491,0,genomicbackground,0,genomicbackground,0.016747837886214256,491_3_RF00059_3_NC_000913.3_2185135-2185632_ext_20-220_int_175_off_25_percentage_21_position_156-175 genomicbackground,491,3,491_3
query_492,0,genomicbackground,0,genomicbackground,0.04098813980817795,492_3_RF00059_3_NC_000913.3_2185135-2185632_ext_20-220_int_180_off_0_percentage_0_position_0-0 genomicbackground,492,3,492_3
query_493,0,genomicbackground,0,genomicbackground,0.03238134831190109,493_3_RF00059_3_NC_000913.3_2185135-2185632_ext_20-220_int_180_off_5_percentage_5_position_176-180 genomicbackground,493,3,493_3
query_494,0,genomicbackground,0,genomicbackground,0.048755038529634476,494_3_RF00059_3_NC_000913.3_2185135-2185632_ext_20-220_int_180_off_10_percentage_10_position_171-180 genomicbackground,494,3,494_3
query_495,0,genomicbackground,0,genomicbackground,0.028777511790394783,495_3_RF00059_3_NC_000913.3_2185135-2185632_ext_20-220_int_180_off_15_percentage_15_position_166-180 genomicbackground,495,3,495_3
query_496,0,genomicbackground,0,genomicbackground,0.029361290857195854,496_3_RF00059_3_NC_000913.3_2185135-2185632_ext_20-220_int_180_off_20_percentage_21_position_161-180 genomicbackground,496,3,496_3
query_497,0,genomicbackground,0,genomicbackground,0.032380081713199615,497_3_RF00059_3_NC_000913.3_2185135-2185632_ext_20-220_int_185_off_0_percentage_5_position_181-185 genomicbackground,497,3,497_3
query_498,0,genomicbackground,0,genomicbackground,0.021787073463201523,498_3_RF00059_3_NC_000913.3_2185135-2185632_ext_20-220_int_185_off_5_percentage_10_position_176-185 genomicbackground,498,3,498_3
query_499,0,genomicbackground,0,genomicbackground,0.0195933748036623,499_3_RF00059_3_NC_000913.3_2185135-2185632_ext_20-220_int_185_off_10_percentage_15_position_171-185 genomicbackground,499,3,499_3
query_500,0,genomicbackground,0,genomicbackground,0.046360645443201065,500_3_RF00059_3_NC_000913.3_2185135-2185632_ext_20-220_int_185_off_15_percentage_21_position_166-185 genomicbackground,500,3,500_3
query_501,0,genomicbackground,0,genomicbackground,0.02801487036049366,501_3_RF00059_3_NC_000913.3_2185135-2185632_ext_20-220_int_190_off_0_percentage_10_position_181-190 genomicbackground,501,3,501_3
query_502,0,genomicbackground,0,genomicbackground,0.018559593707323074,502_3_RF00059_3_NC_000913.3_2185135-2185632_ext_20-220_int_190_off_5_percentage_15_position_176-190 genomicbackground,502,3,502_3
query_503,0,genomicbackground,0,genomicbackground,0.05208159610629082,503_3_RF00059_3_NC_000913.3_2185135-2185632_ext_20-220_int_190_off_10_percentage_21_position_171-190 genomicbackground,503,3,503_3
query_504,0,genomicbackground,0,genomicbackground,0.026583297178149223,504_3_RF00059_3_NC_000913.3_2185135-2185632_ext_20-220_int_195_off_0_percentage_15_position_181-195 genomicbackground,504,3,504_3
query_505,0,genomicbackground,0,genomicbackground,0.041459765285253525,505_3_RF00059_3_NC_000913.3_2185135-2185632_ext_20-220_int_195_off_5_percentage_21_position_176-195 genomicbackground,505,3,505_3
query_506,0,genomicbackground,0,genomicbackground,0.015116889029741287,506_3_RF00059_3_NC_000913.3_2185135-2185632_ext_20-220_int_200_off_0_percentage_21_position_181-200 genomicbackground,506,3,506_3
query_507,0,genomicbackground,0,genomicbackground,0.0068082562647759914,507_3_RF00059_3_NC_000913.3_2185135-2185632_ext_40-240_int_95_off_0_percentage_0_position_0-0 genomicbackground,507,3,507_3
query_508,0,genomicbackground,0,genomicbackground,0.0033744301181286573,508_3_RF00059_3_NC_000913.3_2185135-2185632_ext_40-240_int_95_off_5_percentage_0_position_0-0 genomicbackground,508,3,508_3
query_509,0,genomicbackground,0,genomicbackground,0.013872831128537655,509_3_RF00059_3_NC_000913.3_2185135-2185632_ext_40-240_int_95_off_10_percentage_0_position_0-0 genomicbackground,509,3,509_3
query_510,0,genomicbackground,0,genomicbackground,0.05093357712030411,510_3_RF00059_3_NC_000913.3_2185135-2185632_ext_40-240_int_95_off_15_percentage_0_position_0-0 genomicbackground,510,3,510_3
query_511,0,genomicbackground,0,genomicbackground,0.02880793623626232,511_3_RF00059_3_NC_000913.3_2185135-2185632_ext_40-240_int_95_off_20_percentage_0_position_0-0 genomicbackground,511,3,511_3
query_512,0,genomicbackground,0,genomicbackground,0.004483513999730349,512_3_RF00059_3_NC_000913.3_2185135-2185632_ext_40-240_int_95_off_25_percentage_0_position_0-0 genomicbackground,512,3,512_3
query_513,0,genomicbackground,0,genomicbackground,0.008031103760004044,513_3_RF00059_3_NC_000913.3_2185135-2185632_ext_40-240_int_95_off_30_percentage_0_position_0-0 genomicbackground,513,3,513_3
query_514,0,genomicbackground,0,genomicbackground,0.008044153451919556,514_3_RF00059_3_NC_000913.3_2185135-2185632_ext_40-240_int_95_off_35_percentage_0_position_0-0 genomicbackground,514,3,514_3
query_515,0,genomicbackground,0,genomicbackground,0.008320539258420467,515_3_RF00059_3_NC_000913.3_2185135-2185632_ext_40-240_int_95_off_40_percentage_0_position_0-0 genomicbackground,515,3,515_3
query_516,0,genomicbackground,0,genomicbackground,0.0074684093706309795,516_3_RF00059_3_NC_000913.3_2185135-2185632_ext_40-240_int_95_off_45_percentage_0_position_0-0 genomicbackground,516,3,516_3
query_517,0,genomicbackground,0,genomicbackground,0.0028822815511375666,517_3_RF00059_3_NC_000913.3_2185135-2185632_ext_40-240_int_95_off_50_percentage_0_position_0-0 genomicbackground,517,3,517_3
query_518,0,genomicbackground,0,genomicbackground,0.0025673515629023314,518_3_RF00059_3_NC_000913.3_2185135-2185632_ext_40-240_int_95_off_55_percentage_0_position_0-0 genomicbackground,518,3,518_3
query_519,0,genomicbackground,0,genomicbackground,0.0026499975938349962,519_3_RF00059_3_NC_000913.3_2185135-2185632_ext_40-240_int_95_off_60_percentage_0_position_0-0 genomicbackground,519,3,519_3
query_520,0,genomicbackground,0,genomicbackground,0.0029213009402155876,520_3_RF00059_3_NC_000913.3_2185135-2185632_ext_40-240_int_95_off_65_percentage_0_position_0-0 genomicbackground,520,3,520_3
query_521,0,genomicbackground,0,genomicbackground,0.0029508285224437714,521_3_RF00059_3_NC_000913.3_2185135-2185632_ext_40-240_int_95_off_70_percentage_5_position_91-95 genomicbackground,521,3,521_3
query_522,0,genomicbackground,0,genomicbackground,0.00569832231849432,522_3_RF00059_3_NC_000913.3_2185135-2185632_ext_40-240_int_95_off_75_percentage_10_position_86-95 genomicbackground,522,3,522_3
query_523,0,genomicbackground,0,genomicbackground,0.01452254131436348,523_3_RF00059_3_NC_000913.3_2185135-2185632_ext_40-240_int_95_off_80_percentage_15_position_81-95 genomicbackground,523,3,523_3
query_524,0,genomicbackground,0,genomicbackground,0.011922760866582394,524_3_RF00059_3_NC_000913.3_2185135-2185632_ext_40-240_int_95_off_85_percentage_21_position_76-95 genomicbackground,524,3,524_3
query_525,0,genomicbackground,0,genomicbackground,0.018628861755132675,525_3_RF00059_3_NC_000913.3_2185135-2185632_ext_40-240_int_95_off_90_percentage_26_position_71-95 genomicbackground,525,3,525_3
query_526,0,genomicbackground,0,genomicbackground,0.00986188743263483,526_3_RF00059_3_NC_000913.3_2185135-2185632_ext_40-240_int_95_off_95_percentage_31_position_66-95 genomicbackground,526,3,526_3
query_527,0,genomicbackground,0,genomicbackground,0.007252736948430538,527_3_RF00059_3_NC_000913.3_2185135-2185632_ext_40-240_int_95_off_100_percentage_36_position_61-95 genomicbackground,527,3,527_3
query_528,0,genomicbackground,1,riboswitch,0.5612254738807678,528_3_RF00059_3_NC_000913.3_2185135-2185632_ext_40-240_int_95_off_105_percentage_41_position_56-95 genomicbackground,528,3,528_3
query_529,0,genomicbackground,0,genomicbackground,0.006522867828607559,529_3_RF00059_3_NC_000913.3_2185135-2185632_ext_40-240_int_100_off_0_percentage_0_position_0-0 genomicbackground,529,3,529_3
query_530,0,genomicbackground,0,genomicbackground,0.015684859827160835,530_3_RF00059_3_NC_000913.3_2185135-2185632_ext_40-240_int_100_off_5_percentage_0_position_0-0 genomicbackground,530,3,530_3
query_531,0,genomicbackground,0,genomicbackground,0.014978235587477684,531_3_RF00059_3_NC_000913.3_2185135-2185632_ext_40-240_int_100_off_10_percentage_0_position_0-0 genomicbackground,531,3,531_3
query_532,0,genomicbackground,0,genomicbackground,0.05259160324931145,532_3_RF00059_3_NC_000913.3_2185135-2185632_ext_40-240_int_100_off_15_percentage_0_position_0-0 genomicbackground,532,3,532_3
query_533,0,genomicbackground,0,genomicbackground,0.007904225960373878,533_3_RF00059_3_NC_000913.3_2185135-2185632_ext_40-240_int_100_off_20_percentage_0_position_0-0 genomicbackground,533,3,533_3
query_534,0,genomicbackground,0,genomicbackground,0.008532054722309113,534_3_RF00059_3_NC_000913.3_2185135-2185632_ext_40-240_int_100_off_25_percentage_0_position_0-0 genomicbackground,534,3,534_3
query_535,0,genomicbackground,0,genomicbackground,0.010081179440021515,535_3_RF00059_3_NC_000913.3_2185135-2185632_ext_40-240_int_100_off_30_percentage_0_position_0-0 genomicbackground,535,3,535_3
query_536,0,genomicbackground,0,genomicbackground,0.0070779407396912575,536_3_RF00059_3_NC_000913.3_2185135-2185632_ext_40-240_int_100_off_35_percentage_0_position_0-0 genomicbackground,536,3,536_3
query_537,0,genomicbackground,0,genomicbackground,0.009118793532252312,537_3_RF00059_3_NC_000913.3_2185135-2185632_ext_40-240_int_100_off_40_percentage_0_position_0-0 genomicbackground,537,3,537_3
query_538,0,genomicbackground,0,genomicbackground,0.007515773177146912,538_3_RF00059_3_NC_000913.3_2185135-2185632_ext_40-240_int_100_off_45_percentage_0_position_0-0 genomicbackground,538,3,538_3
query_539,0,genomicbackground,0,genomicbackground,0.002802211092785001,539_3_RF00059_3_NC_000913.3_2185135-2185632_ext_40-240_int_100_off_50_percentage_0_position_0-0 genomicbackground,539,3,539_3
query_540,0,genomicbackground,0,genomicbackground,0.00252082129009068,540_3_RF00059_3_NC_000913.3_2185135-2185632_ext_40-240_int_100_off_55_percentage_0_position_0-0 genomicbackground,540,3,540_3
query_541,0,genomicbackground,0,genomicbackground,0.0031082259956747293,541_3_RF00059_3_NC_000913.3_2185135-2185632_ext_40-240_int_100_off_60_percentage_0_position_0-0 genomicbackground,541,3,541_3
query_542,0,genomicbackground,0,genomicbackground,0.0035019421484321356,542_3_RF00059_3_NC_000913.3_2185135-2185632_ext_40-240_int_100_off_65_percentage_5_position_96-100 genomicbackground,542,3,542_3
query_543,0,genomicbackground,0,genomicbackground,0.0030296684708446264,543_3_RF00059_3_NC_000913.3_2185135-2185632_ext_40-240_int_100_off_70_percentage_10_position_91-100 genomicbackground,543,3,543_3
query_544,0,genomicbackground,0,genomicbackground,0.006067811511456966,544_3_RF00059_3_NC_000913.3_2185135-2185632_ext_40-240_int_100_off_75_percentage_15_position_86-100 genomicbackground,544,3,544_3
query_545,0,genomicbackground,0,genomicbackground,0.009939785115420818,545_3_RF00059_3_NC_000913.3_2185135-2185632_ext_40-240_int_100_off_80_percentage_21_position_81-100 genomicbackground,545,3,545_3
query_546,0,genomicbackground,0,genomicbackground,0.02399170771241188,546_3_RF00059_3_NC_000913.3_2185135-2185632_ext_40-240_int_100_off_85_percentage_26_position_76-100 genomicbackground,546,3,546_3
query_547,0,genomicbackground,0,genomicbackground,0.0017257295548915863,547_3_RF00059_3_NC_000913.3_2185135-2185632_ext_40-240_int_100_off_90_percentage_31_position_71-100 genomicbackground,547,3,547_3
query_548,0,genomicbackground,0,genomicbackground,0.0075903902761638165,548_3_RF00059_3_NC_000913.3_2185135-2185632_ext_40-240_int_100_off_95_percentage_36_position_66-100 genomicbackground,548,3,548_3
query_549,0,genomicbackground,0,genomicbackground,0.03219693526625633,549_3_RF00059_3_NC_000913.3_2185135-2185632_ext_40-240_int_100_off_100_percentage_41_position_61-100 genomicbackground,549,3,549_3
query_550,0,genomicbackground,0,genomicbackground,0.037500329315662384,550_3_RF00059_3_NC_000913.3_2185135-2185632_ext_40-240_int_105_off_0_percentage_0_position_0-0 genomicbackground,550,3,550_3
query_551,0,genomicbackground,0,genomicbackground,0.014822748489677906,551_3_RF00059_3_NC_000913.3_2185135-2185632_ext_40-240_int_105_off_5_percentage_0_position_0-0 genomicbackground,551,3,551_3
query_552,0,genomicbackground,0,genomicbackground,0.015973394736647606,552_3_RF00059_3_NC_000913.3_2185135-2185632_ext_40-240_int_105_off_10_percentage_0_position_0-0 genomicbackground,552,3,552_3
query_553,0,genomicbackground,0,genomicbackground,0.016024591401219368,553_3_RF00059_3_NC_000913.3_2185135-2185632_ext_40-240_int_105_off_15_percentage_0_position_0-0 genomicbackground,553,3,553_3
query_554,0,genomicbackground,0,genomicbackground,0.016114642843604088,554_3_RF00059_3_NC_000913.3_2185135-2185632_ext_40-240_int_105_off_20_percentage_0_position_0-0 genomicbackground,554,3,554_3
query_555,0,genomicbackground,0,genomicbackground,0.008680302649736404,555_3_RF00059_3_NC_000913.3_2185135-2185632_ext_40-240_int_105_off_25_percentage_0_position_0-0 genomicbackground,555,3,555_3
query_556,0,genomicbackground,0,genomicbackground,0.009271001443266869,556_3_RF00059_3_NC_000913.3_2185135-2185632_ext_40-240_int_105_off_30_percentage_0_position_0-0 genomicbackground,556,3,556_3
query_557,0,genomicbackground,0,genomicbackground,0.006465098820626736,557_3_RF00059_3_NC_000913.3_2185135-2185632_ext_40-240_int_105_off_35_percentage_0_position_0-0 genomicbackground,557,3,557_3
query_558,0,genomicbackground,0,genomicbackground,0.009105350822210312,558_3_RF00059_3_NC_000913.3_2185135-2185632_ext_40-240_int_105_off_40_percentage_0_position_0-0 genomicbackground,558,3,558_3
query_559,0,genomicbackground,0,genomicbackground,0.00750671187415719,559_3_RF00059_3_NC_000913.3_2185135-2185632_ext_40-240_int_105_off_45_percentage_0_position_0-0 genomicbackground,559,3,559_3
query_560,0,genomicbackground,0,genomicbackground,0.0027348946314305067,560_3_RF00059_3_NC_000913.3_2185135-2185632_ext_40-240_int_105_off_50_percentage_0_position_0-0 genomicbackground,560,3,560_3
query_561,0,genomicbackground,0,genomicbackground,0.0029403071384876966,561_3_RF00059_3_NC_000913.3_2185135-2185632_ext_40-240_int_105_off_55_percentage_0_position_0-0 genomicbackground,561,3,561_3
query_562,0,genomicbackground,0,genomicbackground,0.0035975337959825993,562_3_RF00059_3_NC_000913.3_2185135-2185632_ext_40-240_int_105_off_60_percentage_5_position_101-105 genomicbackground,562,3,562_3
query_563,0,genomicbackground,0,genomicbackground,0.0034545711241662502,563_3_RF00059_3_NC_000913.3_2185135-2185632_ext_40-240_int_105_off_65_percentage_10_position_96-105 genomicbackground,563,3,563_3
query_564,0,genomicbackground,0,genomicbackground,0.003677752334624529,564_3_RF00059_3_NC_000913.3_2185135-2185632_ext_40-240_int_105_off_70_percentage_15_position_91-105 genomicbackground,564,3,564_3
query_565,0,genomicbackground,0,genomicbackground,0.007116703782230616,565_3_RF00059_3_NC_000913.3_2185135-2185632_ext_40-240_int_105_off_75_percentage_21_position_86-105 genomicbackground,565,3,565_3
query_566,0,genomicbackground,0,genomicbackground,0.01939607784152031,566_3_RF00059_3_NC_000913.3_2185135-2185632_ext_40-240_int_105_off_80_percentage_26_position_81-105 genomicbackground,566,3,566_3
query_567,0,genomicbackground,0,genomicbackground,0.012611267156898975,567_3_RF00059_3_NC_000913.3_2185135-2185632_ext_40-240_int_105_off_85_percentage_31_position_76-105 genomicbackground,567,3,567_3
query_568,0,genomicbackground,0,genomicbackground,0.0070144860073924065,568_3_RF00059_3_NC_000913.3_2185135-2185632_ext_40-240_int_105_off_90_percentage_36_position_71-105 genomicbackground,568,3,568_3
query_569,0,genomicbackground,0,genomicbackground,0.03571586683392525,569_3_RF00059_3_NC_000913.3_2185135-2185632_ext_40-240_int_105_off_95_percentage_41_position_66-105 genomicbackground,569,3,569_3
query_570,0,genomicbackground,0,genomicbackground,0.03568633273243904,570_3_RF00059_3_NC_000913.3_2185135-2185632_ext_40-240_int_110_off_0_percentage_0_position_0-0 genomicbackground,570,3,570_3
query_571,0,genomicbackground,0,genomicbackground,0.015376845374703407,571_3_RF00059_3_NC_000913.3_2185135-2185632_ext_40-240_int_110_off_5_percentage_0_position_0-0 genomicbackground,571,3,571_3
query_572,0,genomicbackground,0,genomicbackground,0.010971440002322197,572_3_RF00059_3_NC_000913.3_2185135-2185632_ext_40-240_int_110_off_10_percentage_0_position_0-0 genomicbackground,572,3,572_3
query_573,0,genomicbackground,0,genomicbackground,0.012708590365946293,573_3_RF00059_3_NC_000913.3_2185135-2185632_ext_40-240_int_110_off_15_percentage_0_position_0-0 genomicbackground,573,3,573_3
query_574,0,genomicbackground,0,genomicbackground,0.01130465604364872,574_3_RF00059_3_NC_000913.3_2185135-2185632_ext_40-240_int_110_off_20_percentage_0_position_0-0 genomicbackground,574,3,574_3
query_575,0,genomicbackground,0,genomicbackground,0.00851345807313919,575_3_RF00059_3_NC_000913.3_2185135-2185632_ext_40-240_int_110_off_25_percentage_0_position_0-0 genomicbackground,575,3,575_3
query_576,0,genomicbackground,0,genomicbackground,0.007359637413173914,576_3_RF00059_3_NC_000913.3_2185135-2185632_ext_40-240_int_110_off_30_percentage_0_position_0-0 genomicbackground,576,3,576_3
query_577,0,genomicbackground,0,genomicbackground,0.006422083359211683,577_3_RF00059_3_NC_000913.3_2185135-2185632_ext_40-240_int_110_off_35_percentage_0_position_0-0 genomicbackground,577,3,577_3
query_578,0,genomicbackground,0,genomicbackground,0.009160937741398811,578_3_RF00059_3_NC_000913.3_2185135-2185632_ext_40-240_int_110_off_40_percentage_0_position_0-0 genomicbackground,578,3,578_3
query_579,0,genomicbackground,0,genomicbackground,0.007523614913225174,579_3_RF00059_3_NC_000913.3_2185135-2185632_ext_40-240_int_110_off_45_percentage_0_position_0-0 genomicbackground,579,3,579_3
query_580,0,genomicbackground,0,genomicbackground,0.0023098099045455456,580_3_RF00059_3_NC_000913.3_2185135-2185632_ext_40-240_int_110_off_50_percentage_0_position_0-0 genomicbackground,580,3,580_3
query_581,0,genomicbackground,0,genomicbackground,0.003388813463971019,581_3_RF00059_3_NC_000913.3_2185135-2185632_ext_40-240_int_110_off_55_percentage_5_position_106-110 genomicbackground,581,3,581_3
query_582,0,genomicbackground,0,genomicbackground,0.00357191264629364,582_3_RF00059_3_NC_000913.3_2185135-2185632_ext_40-240_int_110_off_60_percentage_10_position_101-110 genomicbackground,582,3,582_3
query_583,0,genomicbackground,0,genomicbackground,0.0041734687983989716,583_3_RF00059_3_NC_000913.3_2185135-2185632_ext_40-240_int_110_off_65_percentage_15_position_96-110 genomicbackground,583,3,583_3
query_584,0,genomicbackground,0,genomicbackground,0.003819562727585435,584_3_RF00059_3_NC_000913.3_2185135-2185632_ext_40-240_int_110_off_70_percentage_21_position_91-110 genomicbackground,584,3,584_3
query_585,0,genomicbackground,0,genomicbackground,0.007115292362868786,585_3_RF00059_3_NC_000913.3_2185135-2185632_ext_40-240_int_110_off_75_percentage_26_position_86-110 genomicbackground,585,3,585_3
query_586,0,genomicbackground,0,genomicbackground,0.009846883825957775,586_3_RF00059_3_NC_000913.3_2185135-2185632_ext_40-240_int_110_off_80_percentage_31_position_81-110 genomicbackground,586,3,586_3
query_587,0,genomicbackground,0,genomicbackground,0.0121334008872509,587_3_RF00059_3_NC_000913.3_2185135-2185632_ext_40-240_int_110_off_85_percentage_36_position_76-110 genomicbackground,587,3,587_3
query_588,0,genomicbackground,0,genomicbackground,0.04031224176287651,588_3_RF00059_3_NC_000913.3_2185135-2185632_ext_40-240_int_110_off_90_percentage_41_position_71-110 genomicbackground,588,3,588_3
query_589,0,genomicbackground,0,genomicbackground,0.03741110861301422,589_3_RF00059_3_NC_000913.3_2185135-2185632_ext_40-240_int_115_off_0_percentage_0_position_0-0 genomicbackground,589,3,589_3
query_590,0,genomicbackground,0,genomicbackground,0.003367222845554352,590_3_RF00059_3_NC_000913.3_2185135-2185632_ext_40-240_int_115_off_5_percentage_0_position_0-0 genomicbackground,590,3,590_3
query_591,0,genomicbackground,0,genomicbackground,0.00936934631317854,591_3_RF00059_3_NC_000913.3_2185135-2185632_ext_40-240_int_115_off_10_percentage_0_position_0-0 genomicbackground,591,3,591_3
query_592,0,genomicbackground,0,genomicbackground,0.014263071119785309,592_3_RF00059_3_NC_000913.3_2185135-2185632_ext_40-240_int_115_off_15_percentage_0_position_0-0 genomicbackground,592,3,592_3
query_593,0,genomicbackground,0,genomicbackground,0.010671142488718033,593_3_RF00059_3_NC_000913.3_2185135-2185632_ext_40-240_int_115_off_20_percentage_0_position_0-0 genomicbackground,593,3,593_3
query_594,0,genomicbackground,0,genomicbackground,0.007805149536579847,594_3_RF00059_3_NC_000913.3_2185135-2185632_ext_40-240_int_115_off_25_percentage_0_position_0-0 genomicbackground,594,3,594_3
query_595,0,genomicbackground,0,genomicbackground,0.007228007074445486,595_3_RF00059_3_NC_000913.3_2185135-2185632_ext_40-240_int_115_off_30_percentage_0_position_0-0 genomicbackground,595,3,595_3
query_596,0,genomicbackground,0,genomicbackground,0.006466550752520561,596_3_RF00059_3_NC_000913.3_2185135-2185632_ext_40-240_int_115_off_35_percentage_0_position_0-0 genomicbackground,596,3,596_3
query_597,0,genomicbackground,0,genomicbackground,0.008905676193535328,597_3_RF00059_3_NC_000913.3_2185135-2185632_ext_40-240_int_115_off_40_percentage_0_position_0-0 genomicbackground,597,3,597_3
query_598,0,genomicbackground,0,genomicbackground,0.00581236882135272,598_3_RF00059_3_NC_000913.3_2185135-2185632_ext_40-240_int_115_off_45_percentage_0_position_0-0 genomicbackground,598,3,598_3
query_599,0,genomicbackground,0,genomicbackground,0.002510238206014037,599_3_RF00059_3_NC_000913.3_2185135-2185632_ext_40-240_int_115_off_50_percentage_5_position_111-115 genomicbackground,599,3,599_3
query_600,0,genomicbackground,0,genomicbackground,0.0034216926433146,600_3_RF00059_3_NC_000913.3_2185135-2185632_ext_40-240_int_115_off_55_percentage_10_position_106-115 genomicbackground,600,3,600_3
query_601,0,genomicbackground,0,genomicbackground,0.004202494863420725,601_3_RF00059_3_NC_000913.3_2185135-2185632_ext_40-240_int_115_off_60_percentage_15_position_101-115 genomicbackground,601,3,601_3
query_602,0,genomicbackground,0,genomicbackground,0.004257266875356436,602_3_RF00059_3_NC_000913.3_2185135-2185632_ext_40-240_int_115_off_65_percentage_21_position_96-115 genomicbackground,602,3,602_3
query_603,0,genomicbackground,0,genomicbackground,0.004149589221924543,603_3_RF00059_3_NC_000913.3_2185135-2185632_ext_40-240_int_115_off_70_percentage_26_position_91-115 genomicbackground,603,3,603_3
query_604,0,genomicbackground,0,genomicbackground,0.005765956826508045,604_3_RF00059_3_NC_000913.3_2185135-2185632_ext_40-240_int_115_off_75_percentage_31_position_86-115 genomicbackground,604,3,604_3
query_605,0,genomicbackground,0,genomicbackground,0.01095785666257143,605_3_RF00059_3_NC_000913.3_2185135-2185632_ext_40-240_int_115_off_80_percentage_36_position_81-115 genomicbackground,605,3,605_3
query_606,0,genomicbackground,0,genomicbackground,0.07840114086866379,606_3_RF00059_3_NC_000913.3_2185135-2185632_ext_40-240_int_115_off_85_percentage_41_position_76-115 genomicbackground,606,3,606_3
query_607,0,genomicbackground,0,genomicbackground,0.006509240251034498,607_3_RF00059_3_NC_000913.3_2185135-2185632_ext_40-240_int_120_off_0_percentage_0_position_0-0 genomicbackground,607,3,607_3
query_608,0,genomicbackground,0,genomicbackground,0.0029005706310272217,608_3_RF00059_3_NC_000913.3_2185135-2185632_ext_40-240_int_120_off_5_percentage_0_position_0-0 genomicbackground,608,3,608_3
query_609,0,genomicbackground,0,genomicbackground,0.015970857813954353,609_3_RF00059_3_NC_000913.3_2185135-2185632_ext_40-240_int_120_off_10_percentage_0_position_0-0 genomicbackground,609,3,609_3
query_610,0,genomicbackground,0,genomicbackground,0.009858201257884502,610_3_RF00059_3_NC_000913.3_2185135-2185632_ext_40-240_int_120_off_15_percentage_0_position_0-0 genomicbackground,610,3,610_3
query_611,0,genomicbackground,0,genomicbackground,0.010026637464761734,611_3_RF00059_3_NC_000913.3_2185135-2185632_ext_40-240_int_120_off_20_percentage_0_position_0-0 genomicbackground,611,3,611_3
query_612,0,genomicbackground,0,genomicbackground,0.007639730349183083,612_3_RF00059_3_NC_000913.3_2185135-2185632_ext_40-240_int_120_off_25_percentage_0_position_0-0 genomicbackground,612,3,612_3
query_613,0,genomicbackground,0,genomicbackground,0.007261405698955059,613_3_RF00059_3_NC_000913.3_2185135-2185632_ext_40-240_int_120_off_30_percentage_0_position_0-0 genomicbackground,613,3,613_3
query_614,0,genomicbackground,0,genomicbackground,0.006312182638794184,614_3_RF00059_3_NC_000913.3_2185135-2185632_ext_40-240_int_120_off_35_percentage_0_position_0-0 genomicbackground,614,3,614_3
query_615,0,genomicbackground,0,genomicbackground,0.007362185977399349,615_3_RF00059_3_NC_000913.3_2185135-2185632_ext_40-240_int_120_off_40_percentage_0_position_0-0 genomicbackground,615,3,615_3
query_616,0,genomicbackground,0,genomicbackground,0.005540330428630114,616_3_RF00059_3_NC_000913.3_2185135-2185632_ext_40-240_int_120_off_45_percentage_5_position_116-120 genomicbackground,616,3,616_3
query_617,0,genomicbackground,0,genomicbackground,0.0026047106366604567,617_3_RF00059_3_NC_000913.3_2185135-2185632_ext_40-240_int_120_off_50_percentage_10_position_111-120 genomicbackground,617,3,617_3
query_618,0,genomicbackground,0,genomicbackground,0.003999934997409582,618_3_RF00059_3_NC_000913.3_2185135-2185632_ext_40-240_int_120_off_55_percentage_15_position_106-120 genomicbackground,618,3,618_3
query_619,0,genomicbackground,0,genomicbackground,0.0042719305492937565,619_3_RF00059_3_NC_000913.3_2185135-2185632_ext_40-240_int_120_off_60_percentage_21_position_101-120 genomicbackground,619,3,619_3
query_620,0,genomicbackground,0,genomicbackground,0.004600091837346554,620_3_RF00059_3_NC_000913.3_2185135-2185632_ext_40-240_int_120_off_65_percentage_26_position_96-120 genomicbackground,620,3,620_3
query_621,0,genomicbackground,0,genomicbackground,0.004041615407913923,621_3_RF00059_3_NC_000913.3_2185135-2185632_ext_40-240_int_120_off_70_percentage_31_position_91-120 genomicbackground,621,3,621_3
query_622,0,genomicbackground,0,genomicbackground,0.0075345938093960285,622_3_RF00059_3_NC_000913.3_2185135-2185632_ext_40-240_int_120_off_75_percentage_36_position_86-120 genomicbackground,622,3,622_3
query_623,0,genomicbackground,0,genomicbackground,0.02628958970308304,623_3_RF00059_3_NC_000913.3_2185135-2185632_ext_40-240_int_120_off_80_percentage_41_position_81-120 genomicbackground,623,3,623_3
query_624,0,genomicbackground,0,genomicbackground,0.005428972654044628,624_3_RF00059_3_NC_000913.3_2185135-2185632_ext_40-240_int_125_off_0_percentage_0_position_0-0 genomicbackground,624,3,624_3
query_625,0,genomicbackground,0,genomicbackground,0.017787477001547813,625_3_RF00059_3_NC_000913.3_2185135-2185632_ext_40-240_int_125_off_5_percentage_0_position_0-0 genomicbackground,625,3,625_3
query_626,0,genomicbackground,0,genomicbackground,0.013842355459928513,626_3_RF00059_3_NC_000913.3_2185135-2185632_ext_40-240_int_125_off_10_percentage_0_position_0-0 genomicbackground,626,3,626_3
query_627,0,genomicbackground,0,genomicbackground,0.011938598938286304,627_3_RF00059_3_NC_000913.3_2185135-2185632_ext_40-240_int_125_off_15_percentage_0_position_0-0 genomicbackground,627,3,627_3
query_628,0,genomicbackground,0,genomicbackground,0.012774103321135044,628_3_RF00059_3_NC_000913.3_2185135-2185632_ext_40-240_int_125_off_20_percentage_0_position_0-0 genomicbackground,628,3,628_3
query_629,0,genomicbackground,0,genomicbackground,0.0076439096592366695,629_3_RF00059_3_NC_000913.3_2185135-2185632_ext_40-240_int_125_off_25_percentage_0_position_0-0 genomicbackground,629,3,629_3
query_630,0,genomicbackground,0,genomicbackground,0.010397620499134064,630_3_RF00059_3_NC_000913.3_2185135-2185632_ext_40-240_int_125_off_30_percentage_0_position_0-0 genomicbackground,630,3,630_3
query_631,0,genomicbackground,0,genomicbackground,0.005474089179188013,631_3_RF00059_3_NC_000913.3_2185135-2185632_ext_40-240_int_125_off_35_percentage_0_position_0-0 genomicbackground,631,3,631_3
query_632,0,genomicbackground,0,genomicbackground,0.006907715927809477,632_3_RF00059_3_NC_000913.3_2185135-2185632_ext_40-240_int_125_off_40_percentage_5_position_121-125 genomicbackground,632,3,632_3
query_633,0,genomicbackground,0,genomicbackground,0.005917727947235107,633_3_RF00059_3_NC_000913.3_2185135-2185632_ext_40-240_int_125_off_45_percentage_10_position_116-125 genomicbackground,633,3,633_3
query_634,0,genomicbackground,0,genomicbackground,0.003229306312277913,634_3_RF00059_3_NC_000913.3_2185135-2185632_ext_40-240_int_125_off_50_percentage_15_position_111-125 genomicbackground,634,3,634_3
query_635,0,genomicbackground,0,genomicbackground,0.0041101290844380856,635_3_RF00059_3_NC_000913.3_2185135-2185632_ext_40-240_int_125_off_55_percentage_21_position_106-125 genomicbackground,635,3,635_3
query_636,0,genomicbackground,0,genomicbackground,0.004588325507938862,636_3_RF00059_3_NC_000913.3_2185135-2185632_ext_40-240_int_125_off_60_percentage_26_position_101-125 genomicbackground,636,3,636_3
query_637,0,genomicbackground,0,genomicbackground,0.004942381754517555,637_3_RF00059_3_NC_000913.3_2185135-2185632_ext_40-240_int_125_off_65_percentage_31_position_96-125 genomicbackground,637,3,637_3
query_638,0,genomicbackground,0,genomicbackground,0.00473887100815773,638_3_RF00059_3_NC_000913.3_2185135-2185632_ext_40-240_int_125_off_70_percentage_36_position_91-125 genomicbackground,638,3,638_3
query_639,0,genomicbackground,0,genomicbackground,0.00873585231602192,639_3_RF00059_3_NC_000913.3_2185135-2185632_ext_40-240_int_125_off_75_percentage_41_position_86-125 genomicbackground,639,3,639_3
query_640,0,genomicbackground,0,genomicbackground,0.005789923947304487,640_3_RF00059_3_NC_000913.3_2185135-2185632_ext_40-240_int_130_off_0_percentage_0_position_0-0 genomicbackground,640,3,640_3
query_641,0,genomicbackground,0,genomicbackground,0.0024473904632031918,641_3_RF00059_3_NC_000913.3_2185135-2185632_ext_40-240_int_130_off_5_percentage_0_position_0-0 genomicbackground,641,3,641_3
query_642,0,genomicbackground,0,genomicbackground,0.011363370344042778,642_3_RF00059_3_NC_000913.3_2185135-2185632_ext_40-240_int_130_off_10_percentage_0_position_0-0 genomicbackground,642,3,642_3
query_643,0,genomicbackground,0,genomicbackground,0.015133094973862171,643_3_RF00059_3_NC_000913.3_2185135-2185632_ext_40-240_int_130_off_15_percentage_0_position_0-0 genomicbackground,643,3,643_3
query_644,0,genomicbackground,0,genomicbackground,0.012408319860696793,644_3_RF00059_3_NC_000913.3_2185135-2185632_ext_40-240_int_130_off_20_percentage_0_position_0-0 genomicbackground,644,3,644_3
query_645,0,genomicbackground,0,genomicbackground,0.007200984749943018,645_3_RF00059_3_NC_000913.3_2185135-2185632_ext_40-240_int_130_off_25_percentage_0_position_0-0 genomicbackground,645,3,645_3
query_646,0,genomicbackground,0,genomicbackground,0.006099916994571686,646_3_RF00059_3_NC_000913.3_2185135-2185632_ext_40-240_int_130_off_30_percentage_0_position_0-0 genomicbackground,646,3,646_3
query_647,0,genomicbackground,0,genomicbackground,0.00539214164018631,647_3_RF00059_3_NC_000913.3_2185135-2185632_ext_40-240_int_130_off_35_percentage_5_position_126-130 genomicbackground,647,3,647_3
query_648,0,genomicbackground,0,genomicbackground,0.00713128037750721,648_3_RF00059_3_NC_000913.3_2185135-2185632_ext_40-240_int_130_off_40_percentage_10_position_121-130 genomicbackground,648,3,648_3
query_649,0,genomicbackground,0,genomicbackground,0.0058635869063436985,649_3_RF00059_3_NC_000913.3_2185135-2185632_ext_40-240_int_130_off_45_percentage_15_position_116-130 genomicbackground,649,3,649_3
query_650,0,genomicbackground,0,genomicbackground,0.003312339074909687,650_3_RF00059_3_NC_000913.3_2185135-2185632_ext_40-240_int_130_off_50_percentage_21_position_111-130 genomicbackground,650,3,650_3
query_651,0,genomicbackground,0,genomicbackground,0.004407594911754131,651_3_RF00059_3_NC_000913.3_2185135-2185632_ext_40-240_int_130_off_55_percentage_26_position_106-130 genomicbackground,651,3,651_3
query_652,0,genomicbackground,0,genomicbackground,0.005029512103646994,652_3_RF00059_3_NC_000913.3_2185135-2185632_ext_40-240_int_130_off_60_percentage_31_position_101-130 genomicbackground,652,3,652_3
query_653,0,genomicbackground,0,genomicbackground,0.00523108197376132,653_3_RF00059_3_NC_000913.3_2185135-2185632_ext_40-240_int_130_off_65_percentage_36_position_96-130 genomicbackground,653,3,653_3
query_654,0,genomicbackground,0,genomicbackground,0.0050554657354950905,654_3_RF00059_3_NC_000913.3_2185135-2185632_ext_40-240_int_130_off_70_percentage_41_position_91-130 genomicbackground,654,3,654_3
query_655,0,genomicbackground,0,genomicbackground,0.014965549111366272,655_3_RF00059_3_NC_000913.3_2185135-2185632_ext_40-240_int_135_off_0_percentage_0_position_0-0 genomicbackground,655,3,655_3
query_656,0,genomicbackground,0,genomicbackground,0.01272787619382143,656_3_RF00059_3_NC_000913.3_2185135-2185632_ext_40-240_int_135_off_5_percentage_0_position_0-0 genomicbackground,656,3,656_3
query_657,0,genomicbackground,0,genomicbackground,0.013846983201801777,657_3_RF00059_3_NC_000913.3_2185135-2185632_ext_40-240_int_135_off_10_percentage_0_position_0-0 genomicbackground,657,3,657_3
query_658,0,genomicbackground,0,genomicbackground,0.021463200449943542,658_3_RF00059_3_NC_000913.3_2185135-2185632_ext_40-240_int_135_off_15_percentage_0_position_0-0 genomicbackground,658,3,658_3
query_659,0,genomicbackground,0,genomicbackground,0.01118104811757803,659_3_RF00059_3_NC_000913.3_2185135-2185632_ext_40-240_int_135_off_20_percentage_0_position_0-0 genomicbackground,659,3,659_3
query_660,0,genomicbackground,0,genomicbackground,0.006481816526502371,660_3_RF00059_3_NC_000913.3_2185135-2185632_ext_40-240_int_135_off_25_percentage_0_position_0-0 genomicbackground,660,3,660_3
query_661,0,genomicbackground,0,genomicbackground,0.005798632744699717,661_3_RF00059_3_NC_000913.3_2185135-2185632_ext_40-240_int_135_off_30_percentage_5_position_131-135 genomicbackground,661,3,661_3
query_662,0,genomicbackground,0,genomicbackground,0.007723215967416763,662_3_RF00059_3_NC_000913.3_2185135-2185632_ext_40-240_int_135_off_35_percentage_10_position_126-135 genomicbackground,662,3,662_3
query_663,0,genomicbackground,0,genomicbackground,0.007093219086527824,663_3_RF00059_3_NC_000913.3_2185135-2185632_ext_40-240_int_135_off_40_percentage_15_position_121-135 genomicbackground,663,3,663_3
query_664,0,genomicbackground,0,genomicbackground,0.006183954421430826,664_3_RF00059_3_NC_000913.3_2185135-2185632_ext_40-240_int_135_off_45_percentage_21_position_116-135 genomicbackground,664,3,664_3
query_665,0,genomicbackground,0,genomicbackground,0.00346185639500618,665_3_RF00059_3_NC_000913.3_2185135-2185632_ext_40-240_int_135_off_50_percentage_26_position_111-135 genomicbackground,665,3,665_3
query_666,0,genomicbackground,0,genomicbackground,0.0047601754777133465,666_3_RF00059_3_NC_000913.3_2185135-2185632_ext_40-240_int_135_off_55_percentage_31_position_106-135 genomicbackground,666,3,666_3
query_667,0,genomicbackground,0,genomicbackground,0.005220977123826742,667_3_RF00059_3_NC_000913.3_2185135-2185632_ext_40-240_int_135_off_60_percentage_36_position_101-135 genomicbackground,667,3,667_3
query_668,0,genomicbackground,0,genomicbackground,0.005452501121908426,668_3_RF00059_3_NC_000913.3_2185135-2185632_ext_40-240_int_135_off_65_percentage_41_position_96-135 genomicbackground,668,3,668_3
query_669,0,genomicbackground,0,genomicbackground,0.02754134312272072,669_3_RF00059_3_NC_000913.3_2185135-2185632_ext_40-240_int_140_off_0_percentage_0_position_0-0 genomicbackground,669,3,669_3
query_670,0,genomicbackground,0,genomicbackground,0.015423490665853024,670_3_RF00059_3_NC_000913.3_2185135-2185632_ext_40-240_int_140_off_5_percentage_0_position_0-0 genomicbackground,670,3,670_3
query_671,0,genomicbackground,0,genomicbackground,0.017965784296393394,671_3_RF00059_3_NC_000913.3_2185135-2185632_ext_40-240_int_140_off_10_percentage_0_position_0-0 genomicbackground,671,3,671_3
query_672,0,genomicbackground,0,genomicbackground,0.0156384464353323,672_3_RF00059_3_NC_000913.3_2185135-2185632_ext_40-240_int_140_off_15_percentage_0_position_0-0 genomicbackground,672,3,672_3
query_673,0,genomicbackground,0,genomicbackground,0.008798141032457352,673_3_RF00059_3_NC_000913.3_2185135-2185632_ext_40-240_int_140_off_20_percentage_0_position_0-0 genomicbackground,673,3,673_3
query_674,0,genomicbackground,0,genomicbackground,0.006123852450400591,674_3_RF00059_3_NC_000913.3_2185135-2185632_ext_40-240_int_140_off_25_percentage_5_position_136-140 genomicbackground,674,3,674_3
query_675,0,genomicbackground,0,genomicbackground,0.008321444503962994,675_3_RF00059_3_NC_000913.3_2185135-2185632_ext_40-240_int_140_off_30_percentage_10_position_131-140 genomicbackground,675,3,675_3
query_676,0,genomicbackground,0,genomicbackground,0.007118584122508764,676_3_RF00059_3_NC_000913.3_2185135-2185632_ext_40-240_int_140_off_35_percentage_15_position_126-140 genomicbackground,676,3,676_3
query_677,0,genomicbackground,0,genomicbackground,0.004012552555650473,677_3_RF00059_3_NC_000913.3_2185135-2185632_ext_40-240_int_140_off_40_percentage_21_position_121-140 genomicbackground,677,3,677_3
query_678,0,genomicbackground,0,genomicbackground,0.007210478186607361,678_3_RF00059_3_NC_000913.3_2185135-2185632_ext_40-240_int_140_off_45_percentage_26_position_116-140 genomicbackground,678,3,678_3
query_679,0,genomicbackground,0,genomicbackground,0.004063595086336136,679_3_RF00059_3_NC_000913.3_2185135-2185632_ext_40-240_int_140_off_50_percentage_31_position_111-140 genomicbackground,679,3,679_3
query_680,0,genomicbackground,0,genomicbackground,0.005011776927858591,680_3_RF00059_3_NC_000913.3_2185135-2185632_ext_40-240_int_140_off_55_percentage_36_position_106-140 genomicbackground,680,3,680_3
query_681,0,genomicbackground,0,genomicbackground,0.005407894961535931,681_3_RF00059_3_NC_000913.3_2185135-2185632_ext_40-240_int_140_off_60_percentage_41_position_101-140 genomicbackground,681,3,681_3
query_682,0,genomicbackground,0,genomicbackground,0.02727503329515457,682_3_RF00059_3_NC_000913.3_2185135-2185632_ext_40-240_int_145_off_0_percentage_0_position_0-0 genomicbackground,682,3,682_3
query_683,0,genomicbackground,0,genomicbackground,0.019089989364147186,683_3_RF00059_3_NC_000913.3_2185135-2185632_ext_40-240_int_145_off_5_percentage_0_position_0-0 genomicbackground,683,3,683_3
query_684,0,genomicbackground,0,genomicbackground,0.014137843623757362,684_3_RF00059_3_NC_000913.3_2185135-2185632_ext_40-240_int_145_off_10_percentage_0_position_0-0 genomicbackground,684,3,684_3
query_685,0,genomicbackground,0,genomicbackground,0.010263403877615929,685_3_RF00059_3_NC_000913.3_2185135-2185632_ext_40-240_int_145_off_15_percentage_0_position_0-0 genomicbackground,685,3,685_3
query_686,0,genomicbackground,0,genomicbackground,0.007982702925801277,686_3_RF00059_3_NC_000913.3_2185135-2185632_ext_40-240_int_145_off_20_percentage_5_position_141-145 genomicbackground,686,3,686_3
query_687,0,genomicbackground,0,genomicbackground,0.007992328144609928,687_3_RF00059_3_NC_000913.3_2185135-2185632_ext_40-240_int_145_off_25_percentage_10_position_136-145 genomicbackground,687,3,687_3
query_688,0,genomicbackground,0,genomicbackground,0.008481128141283989,688_3_RF00059_3_NC_000913.3_2185135-2185632_ext_40-240_int_145_off_30_percentage_15_position_131-145 genomicbackground,688,3,688_3
query_689,0,genomicbackground,0,genomicbackground,0.006912160664796829,689_3_RF00059_3_NC_000913.3_2185135-2185632_ext_40-240_int_145_off_35_percentage_21_position_126-145 genomicbackground,689,3,689_3
query_690,0,genomicbackground,0,genomicbackground,0.0038518391083925962,690_3_RF00059_3_NC_000913.3_2185135-2185632_ext_40-240_int_145_off_40_percentage_26_position_121-145 genomicbackground,690,3,690_3
query_691,0,genomicbackground,0,genomicbackground,0.004391900263726711,691_3_RF00059_3_NC_000913.3_2185135-2185632_ext_40-240_int_145_off_45_percentage_31_position_116-145 genomicbackground,691,3,691_3
query_692,0,genomicbackground,0,genomicbackground,0.00404342170804739,692_3_RF00059_3_NC_000913.3_2185135-2185632_ext_40-240_int_145_off_50_percentage_36_position_111-145 genomicbackground,692,3,692_3
query_693,0,genomicbackground,0,genomicbackground,0.005240629427134991,693_3_RF00059_3_NC_000913.3_2185135-2185632_ext_40-240_int_145_off_55_percentage_41_position_106-145 genomicbackground,693,3,693_3
query_694,0,genomicbackground,0,genomicbackground,0.02696097269654274,694_3_RF00059_3_NC_000913.3_2185135-2185632_ext_40-240_int_150_off_0_percentage_0_position_0-0 genomicbackground,694,3,694_3
query_695,0,genomicbackground,0,genomicbackground,0.04232524335384369,695_3_RF00059_3_NC_000913.3_2185135-2185632_ext_40-240_int_150_off_5_percentage_0_position_0-0 genomicbackground,695,3,695_3
query_696,0,genomicbackground,0,genomicbackground,0.009999746456742287,696_3_RF00059_3_NC_000913.3_2185135-2185632_ext_40-240_int_150_off_10_percentage_0_position_0-0 genomicbackground,696,3,696_3
query_697,0,genomicbackground,0,genomicbackground,0.009237336926162243,697_3_RF00059_3_NC_000913.3_2185135-2185632_ext_40-240_int_150_off_15_percentage_5_position_146-150 genomicbackground,697,3,697_3
query_698,0,genomicbackground,0,genomicbackground,0.007890676148235798,698_3_RF00059_3_NC_000913.3_2185135-2185632_ext_40-240_int_150_off_20_percentage_10_position_141-150 genomicbackground,698,3,698_3
query_699,0,genomicbackground,0,genomicbackground,0.0085312370210886,699_3_RF00059_3_NC_000913.3_2185135-2185632_ext_40-240_int_150_off_25_percentage_15_position_136-150 genomicbackground,699,3,699_3
query_700,0,genomicbackground,0,genomicbackground,0.013948780484497547,700_3_RF00059_3_NC_000913.3_2185135-2185632_ext_40-240_int_150_off_30_percentage_21_position_131-150 genomicbackground,700,3,700_3
query_701,0,genomicbackground,0,genomicbackground,0.004078357946127653,701_3_RF00059_3_NC_000913.3_2185135-2185632_ext_40-240_int_150_off_35_percentage_26_position_126-150 genomicbackground,701,3,701_3
query_702,0,genomicbackground,0,genomicbackground,0.0038297027349472046,702_3_RF00059_3_NC_000913.3_2185135-2185632_ext_40-240_int_150_off_40_percentage_31_position_121-150 genomicbackground,702,3,702_3
query_703,0,genomicbackground,0,genomicbackground,0.006894809193909168,703_3_RF00059_3_NC_000913.3_2185135-2185632_ext_40-240_int_150_off_45_percentage_36_position_116-150 genomicbackground,703,3,703_3
query_704,0,genomicbackground,0,genomicbackground,0.004226475954055786,704_3_RF00059_3_NC_000913.3_2185135-2185632_ext_40-240_int_150_off_50_percentage_41_position_111-150 genomicbackground,704,3,704_3
query_705,0,genomicbackground,0,genomicbackground,0.07635418325662613,705_3_RF00059_3_NC_000913.3_2185135-2185632_ext_40-240_int_155_off_0_percentage_0_position_0-0 genomicbackground,705,3,705_3
query_706,0,genomicbackground,0,genomicbackground,0.011026640422642231,706_3_RF00059_3_NC_000913.3_2185135-2185632_ext_40-240_int_155_off_5_percentage_0_position_0-0 genomicbackground,706,3,706_3
query_707,0,genomicbackground,0,genomicbackground,0.009214640595018864,707_3_RF00059_3_NC_000913.3_2185135-2185632_ext_40-240_int_155_off_10_percentage_5_position_151-155 genomicbackground,707,3,707_3
query_708,0,genomicbackground,0,genomicbackground,0.0089976005256176,708_3_RF00059_3_NC_000913.3_2185135-2185632_ext_40-240_int_155_off_15_percentage_10_position_146-155 genomicbackground,708,3,708_3
query_709,0,genomicbackground,0,genomicbackground,0.010531251318752766,709_3_RF00059_3_NC_000913.3_2185135-2185632_ext_40-240_int_155_off_20_percentage_15_position_141-155 genomicbackground,709,3,709_3
query_710,0,genomicbackground,0,genomicbackground,0.012808436527848244,710_3_RF00059_3_NC_000913.3_2185135-2185632_ext_40-240_int_155_off_25_percentage_21_position_136-155 genomicbackground,710,3,710_3
query_711,0,genomicbackground,0,genomicbackground,0.014179539866745472,711_3_RF00059_3_NC_000913.3_2185135-2185632_ext_40-240_int_155_off_30_percentage_26_position_131-155 genomicbackground,711,3,711_3
query_712,0,genomicbackground,0,genomicbackground,0.0036763513926416636,712_3_RF00059_3_NC_000913.3_2185135-2185632_ext_40-240_int_155_off_35_percentage_31_position_126-155 genomicbackground,712,3,712_3
query_713,0,genomicbackground,0,genomicbackground,0.00427113426849246,713_3_RF00059_3_NC_000913.3_2185135-2185632_ext_40-240_int_155_off_40_percentage_36_position_121-155 genomicbackground,713,3,713_3
query_714,0,genomicbackground,0,genomicbackground,0.00784022081643343,714_3_RF00059_3_NC_000913.3_2185135-2185632_ext_40-240_int_155_off_45_percentage_41_position_116-155 genomicbackground,714,3,714_3
query_715,0,genomicbackground,0,genomicbackground,0.020294547080993652,715_3_RF00059_3_NC_000913.3_2185135-2185632_ext_40-240_int_160_off_0_percentage_0_position_0-0 genomicbackground,715,3,715_3
query_716,0,genomicbackground,0,genomicbackground,0.010182489641010761,716_3_RF00059_3_NC_000913.3_2185135-2185632_ext_40-240_int_160_off_5_percentage_5_position_156-160 genomicbackground,716,3,716_3
query_717,0,genomicbackground,0,genomicbackground,0.009072097018361092,717_3_RF00059_3_NC_000913.3_2185135-2185632_ext_40-240_int_160_off_10_percentage_10_position_151-160 genomicbackground,717,3,717_3
query_718,0,genomicbackground,0,genomicbackground,0.012397426180541515,718_3_RF00059_3_NC_000913.3_2185135-2185632_ext_40-240_int_160_off_15_percentage_15_position_146-160 genomicbackground,718,3,718_3
query_719,0,genomicbackground,0,genomicbackground,0.013661692850291729,719_3_RF00059_3_NC_000913.3_2185135-2185632_ext_40-240_int_160_off_20_percentage_21_position_141-160 genomicbackground,719,3,719_3
query_720,0,genomicbackground,0,genomicbackground,0.012062301859259605,720_3_RF00059_3_NC_000913.3_2185135-2185632_ext_40-240_int_160_off_25_percentage_26_position_136-160 genomicbackground,720,3,720_3
query_721,0,genomicbackground,0,genomicbackground,0.01419498398900032,721_3_RF00059_3_NC_000913.3_2185135-2185632_ext_40-240_int_160_off_30_percentage_31_position_131-160 genomicbackground,721,3,721_3
query_722,0,genomicbackground,0,genomicbackground,0.00773279694840312,722_3_RF00059_3_NC_000913.3_2185135-2185632_ext_40-240_int_160_off_35_percentage_36_position_126-160 genomicbackground,722,3,722_3
query_723,0,genomicbackground,0,genomicbackground,0.010101457126438618,723_3_RF00059_3_NC_000913.3_2185135-2185632_ext_40-240_int_160_off_40_percentage_41_position_121-160 genomicbackground,723,3,723_3
query_724,0,genomicbackground,0,genomicbackground,0.017195526510477066,724_3_RF00059_3_NC_000913.3_2185135-2185632_ext_40-240_int_165_off_0_percentage_5_position_161-165 genomicbackground,724,3,724_3
query_725,0,genomicbackground,0,genomicbackground,0.009994512423872948,725_3_RF00059_3_NC_000913.3_2185135-2185632_ext_40-240_int_165_off_5_percentage_10_position_156-165 genomicbackground,725,3,725_3
query_726,0,genomicbackground,0,genomicbackground,0.011873418465256691,726_3_RF00059_3_NC_000913.3_2185135-2185632_ext_40-240_int_165_off_10_percentage_15_position_151-165 genomicbackground,726,3,726_3
query_727,0,genomicbackground,0,genomicbackground,0.016411293298006058,727_3_RF00059_3_NC_000913.3_2185135-2185632_ext_40-240_int_165_off_15_percentage_21_position_146-165 genomicbackground,727,3,727_3
query_728,0,genomicbackground,0,genomicbackground,0.018239805474877357,728_3_RF00059_3_NC_000913.3_2185135-2185632_ext_40-240_int_165_off_20_percentage_26_position_141-165 genomicbackground,728,3,728_3
query_729,0,genomicbackground,0,genomicbackground,0.011205899529159069,729_3_RF00059_3_NC_000913.3_2185135-2185632_ext_40-240_int_165_off_25_percentage_31_position_136-165 genomicbackground,729,3,729_3
query_730,0,genomicbackground,0,genomicbackground,0.011114893481135368,730_3_RF00059_3_NC_000913.3_2185135-2185632_ext_40-240_int_165_off_30_percentage_36_position_131-165 genomicbackground,730,3,730_3
query_731,0,genomicbackground,0,genomicbackground,0.012824447825551033,731_3_RF00059_3_NC_000913.3_2185135-2185632_ext_40-240_int_165_off_35_percentage_41_position_126-165 genomicbackground,731,3,731_3
query_732,0,genomicbackground,0,genomicbackground,0.01583154872059822,732_3_RF00059_3_NC_000913.3_2185135-2185632_ext_40-240_int_170_off_0_percentage_10_position_161-170 genomicbackground,732,3,732_3
query_733,0,genomicbackground,0,genomicbackground,0.013024820014834404,733_3_RF00059_3_NC_000913.3_2185135-2185632_ext_40-240_int_170_off_5_percentage_15_position_156-170 genomicbackground,733,3,733_3
query_734,0,genomicbackground,0,genomicbackground,0.015175584703683853,734_3_RF00059_3_NC_000913.3_2185135-2185632_ext_40-240_int_170_off_10_percentage_21_position_151-170 genomicbackground,734,3,734_3
query_735,0,genomicbackground,0,genomicbackground,0.017845161259174347,735_3_RF00059_3_NC_000913.3_2185135-2185632_ext_40-240_int_170_off_15_percentage_26_position_146-170 genomicbackground,735,3,735_3
query_736,0,genomicbackground,0,genomicbackground,0.017163241282105446,736_3_RF00059_3_NC_000913.3_2185135-2185632_ext_40-240_int_170_off_20_percentage_31_position_141-170 genomicbackground,736,3,736_3
query_737,0,genomicbackground,0,genomicbackground,0.015216807834804058,737_3_RF00059_3_NC_000913.3_2185135-2185632_ext_40-240_int_170_off_25_percentage_36_position_136-170 genomicbackground,737,3,737_3
query_738,0,genomicbackground,0,genomicbackground,0.014770354144275188,738_3_RF00059_3_NC_000913.3_2185135-2185632_ext_40-240_int_170_off_30_percentage_41_position_131-170 genomicbackground,738,3,738_3
query_739,0,genomicbackground,0,genomicbackground,0.015550404787063599,739_3_RF00059_3_NC_000913.3_2185135-2185632_ext_40-240_int_175_off_0_percentage_15_position_161-175 genomicbackground,739,3,739_3
query_740,0,genomicbackground,0,genomicbackground,0.016747837886214256,740_3_RF00059_3_NC_000913.3_2185135-2185632_ext_40-240_int_175_off_5_percentage_21_position_156-175 genomicbackground,740,3,740_3
query_741,0,genomicbackground,0,genomicbackground,0.016298774629831314,741_3_RF00059_3_NC_000913.3_2185135-2185632_ext_40-240_int_175_off_10_percentage_26_position_151-175 genomicbackground,741,3,741_3
query_742,0,genomicbackground,0,genomicbackground,0.015386424958705902,742_3_RF00059_3_NC_000913.3_2185135-2185632_ext_40-240_int_175_off_15_percentage_31_position_146-175 genomicbackground,742,3,742_3
query_743,0,genomicbackground,0,genomicbackground,0.016621680930256844,743_3_RF00059_3_NC_000913.3_2185135-2185632_ext_40-240_int_175_off_20_percentage_36_position_141-175 genomicbackground,743,3,743_3
query_744,0,genomicbackground,0,genomicbackground,0.020742148160934448,744_3_RF00059_3_NC_000913.3_2185135-2185632_ext_40-240_int_175_off_25_percentage_41_position_136-175 genomicbackground,744,3,744_3
query_745,0,genomicbackground,0,genomicbackground,0.029361290857195854,745_3_RF00059_3_NC_000913.3_2185135-2185632_ext_40-240_int_180_off_0_percentage_21_position_161-180 genomicbackground,745,3,745_3
query_746,0,genomicbackground,0,genomicbackground,0.017981871962547302,746_3_RF00059_3_NC_000913.3_2185135-2185632_ext_40-240_int_180_off_5_percentage_26_position_156-180 genomicbackground,746,3,746_3
query_747,0,genomicbackground,0,genomicbackground,0.015103587880730629,747_3_RF00059_3_NC_000913.3_2185135-2185632_ext_40-240_int_180_off_10_percentage_31_position_151-180 genomicbackground,747,3,747_3
query_748,0,genomicbackground,0,genomicbackground,0.017364803701639175,748_3_RF00059_3_NC_000913.3_2185135-2185632_ext_40-240_int_180_off_15_percentage_36_position_146-180 genomicbackground,748,3,748_3
query_749,0,genomicbackground,0,genomicbackground,0.021452022716403008,749_3_RF00059_3_NC_000913.3_2185135-2185632_ext_40-240_int_180_off_20_percentage_41_position_141-180 genomicbackground,749,3,749_3
query_750,0,genomicbackground,0,genomicbackground,0.028288990259170532,750_3_RF00059_3_NC_000913.3_2185135-2185632_ext_40-240_int_185_off_0_percentage_26_position_161-185 genomicbackground,750,3,750_3
query_751,0,genomicbackground,0,genomicbackground,0.01645227149128914,751_3_RF00059_3_NC_000913.3_2185135-2185632_ext_40-240_int_185_off_5_percentage_31_position_156-185 genomicbackground,751,3,751_3
query_752,0,genomicbackground,0,genomicbackground,0.01646599918603897,752_3_RF00059_3_NC_000913.3_2185135-2185632_ext_40-240_int_185_off_10_percentage_36_position_151-185 genomicbackground,752,3,752_3
query_753,0,genomicbackground,0,genomicbackground,0.021515440195798874,753_3_RF00059_3_NC_000913.3_2185135-2185632_ext_40-240_int_185_off_15_percentage_41_position_146-185 genomicbackground,753,3,753_3
query_754,0,genomicbackground,0,genomicbackground,0.025783352553844452,754_3_RF00059_3_NC_000913.3_2185135-2185632_ext_40-240_int_190_off_0_percentage_31_position_161-190 genomicbackground,754,3,754_3
query_755,0,genomicbackground,0,genomicbackground,0.02002841979265213,755_3_RF00059_3_NC_000913.3_2185135-2185632_ext_40-240_int_190_off_5_percentage_36_position_156-190 genomicbackground,755,3,755_3
query_756,0,genomicbackground,0,genomicbackground,0.02035471796989441,756_3_RF00059_3_NC_000913.3_2185135-2185632_ext_40-240_int_190_off_10_percentage_41_position_151-190 genomicbackground,756,3,756_3
query_757,0,genomicbackground,0,genomicbackground,0.03053712286055088,757_3_RF00059_3_NC_000913.3_2185135-2185632_ext_40-240_int_195_off_0_percentage_36_position_161-195 genomicbackground,757,3,757_3
query_758,0,genomicbackground,0,genomicbackground,0.024011703208088875,758_3_RF00059_3_NC_000913.3_2185135-2185632_ext_40-240_int_195_off_5_percentage_41_position_156-195 genomicbackground,758,3,758_3
query_759,0,genomicbackground,0,genomicbackground,0.03733433783054352,759_3_RF00059_3_NC_000913.3_2185135-2185632_ext_40-240_int_200_off_0_percentage_41_position_161-200 genomicbackground,759,3,759_3
query_760,0,genomicbackground,0,genomicbackground,0.02880793623626232,760_3_RF00059_3_NC_000913.3_2185135-2185632_ext_60-260_int_95_off_0_percentage_0_position_0-0 genomicbackground,760,3,760_3
query_761,0,genomicbackground,0,genomicbackground,0.004483511671423912,761_3_RF00059_3_NC_000913.3_2185135-2185632_ext_60-260_int_95_off_5_percentage_0_position_0-0 genomicbackground,761,3,761_3
query_762,0,genomicbackground,0,genomicbackground,0.008031103760004044,762_3_RF00059_3_NC_000913.3_2185135-2185632_ext_60-260_int_95_off_10_percentage_0_position_0-0 genomicbackground,762,3,762_3
query_763,0,genomicbackground,0,genomicbackground,0.008044153451919556,763_3_RF00059_3_NC_000913.3_2185135-2185632_ext_60-260_int_95_off_15_percentage_0_position_0-0 genomicbackground,763,3,763_3
query_764,0,genomicbackground,0,genomicbackground,0.008320539258420467,764_3_RF00059_3_NC_000913.3_2185135-2185632_ext_60-260_int_95_off_20_percentage_0_position_0-0 genomicbackground,764,3,764_3
query_765,0,genomicbackground,0,genomicbackground,0.0074684093706309795,765_3_RF00059_3_NC_000913.3_2185135-2185632_ext_60-260_int_95_off_25_percentage_0_position_0-0 genomicbackground,765,3,765_3
query_766,0,genomicbackground,0,genomicbackground,0.0028822815511375666,766_3_RF00059_3_NC_000913.3_2185135-2185632_ext_60-260_int_95_off_30_percentage_0_position_0-0 genomicbackground,766,3,766_3
query_767,0,genomicbackground,0,genomicbackground,0.002567353891208768,767_3_RF00059_3_NC_000913.3_2185135-2185632_ext_60-260_int_95_off_35_percentage_0_position_0-0 genomicbackground,767,3,767_3
query_768,0,genomicbackground,0,genomicbackground,0.002649996429681778,768_3_RF00059_3_NC_000913.3_2185135-2185632_ext_60-260_int_95_off_40_percentage_0_position_0-0 genomicbackground,768,3,768_3
query_769,0,genomicbackground,0,genomicbackground,0.0029213009402155876,769_3_RF00059_3_NC_000913.3_2185135-2185632_ext_60-260_int_95_off_45_percentage_0_position_0-0 genomicbackground,769,3,769_3
query_770,0,genomicbackground,0,genomicbackground,0.0029508285224437714,770_3_RF00059_3_NC_000913.3_2185135-2185632_ext_60-260_int_95_off_50_percentage_5_position_91-95 genomicbackground,770,3,770_3
query_771,0,genomicbackground,0,genomicbackground,0.00569832231849432,771_3_RF00059_3_NC_000913.3_2185135-2185632_ext_60-260_int_95_off_55_percentage_10_position_86-95 genomicbackground,771,3,771_3
query_772,0,genomicbackground,0,genomicbackground,0.01452254131436348,772_3_RF00059_3_NC_000913.3_2185135-2185632_ext_60-260_int_95_off_60_percentage_15_position_81-95 genomicbackground,772,3,772_3
query_773,0,genomicbackground,0,genomicbackground,0.011922760866582394,773_3_RF00059_3_NC_000913.3_2185135-2185632_ext_60-260_int_95_off_65_percentage_21_position_76-95 genomicbackground,773,3,773_3
query_774,0,genomicbackground,0,genomicbackground,0.018628861755132675,774_3_RF00059_3_NC_000913.3_2185135-2185632_ext_60-260_int_95_off_70_percentage_26_position_71-95 genomicbackground,774,3,774_3
query_775,0,genomicbackground,0,genomicbackground,0.00986188743263483,775_3_RF00059_3_NC_000913.3_2185135-2185632_ext_60-260_int_95_off_75_percentage_31_position_66-95 genomicbackground,775,3,775_3
query_776,0,genomicbackground,0,genomicbackground,0.007252736948430538,776_3_RF00059_3_NC_000913.3_2185135-2185632_ext_60-260_int_95_off_80_percentage_36_position_61-95 genomicbackground,776,3,776_3
query_777,0,genomicbackground,1,riboswitch,0.5612254738807678,777_3_RF00059_3_NC_000913.3_2185135-2185632_ext_60-260_int_95_off_85_percentage_41_position_56-95 genomicbackground,777,3,777_3
query_778,0,genomicbackground,0,genomicbackground,0.0191777553409338,778_3_RF00059_3_NC_000913.3_2185135-2185632_ext_60-260_int_95_off_90_percentage_46_position_51-95 genomicbackground,778,3,778_3
query_779,0,genomicbackground,0,genomicbackground,0.015502983704209328,779_3_RF00059_3_NC_000913.3_2185135-2185632_ext_60-260_int_95_off_95_percentage_52_position_46-95 genomicbackground,779,3,779_3
query_780,0,genomicbackground,1,riboswitch,0.9870917797088623,780_3_RF00059_3_NC_000913.3_2185135-2185632_ext_60-260_int_95_off_100_percentage_57_position_41-95 genomicbackground,780,3,780_3
query_781,0,genomicbackground,1,riboswitch,0.9910219311714172,781_3_RF00059_3_NC_000913.3_2185135-2185632_ext_60-260_int_95_off_105_percentage_62_position_36-95 genomicbackground,781,3,781_3
query_782,0,genomicbackground,0,genomicbackground,0.007904225960373878,782_3_RF00059_3_NC_000913.3_2185135-2185632_ext_60-260_int_100_off_0_percentage_0_position_0-0 genomicbackground,782,3,782_3
query_783,0,genomicbackground,0,genomicbackground,0.008532054722309113,783_3_RF00059_3_NC_000913.3_2185135-2185632_ext_60-260_int_100_off_5_percentage_0_position_0-0 genomicbackground,783,3,783_3
query_784,0,genomicbackground,0,genomicbackground,0.010081179440021515,784_3_RF00059_3_NC_000913.3_2185135-2185632_ext_60-260_int_100_off_10_percentage_0_position_0-0 genomicbackground,784,3,784_3
query_785,0,genomicbackground,0,genomicbackground,0.0070779407396912575,785_3_RF00059_3_NC_000913.3_2185135-2185632_ext_60-260_int_100_off_15_percentage_0_position_0-0 genomicbackground,785,3,785_3
query_786,0,genomicbackground,0,genomicbackground,0.009118793532252312,786_3_RF00059_3_NC_000913.3_2185135-2185632_ext_60-260_int_100_off_20_percentage_0_position_0-0 genomicbackground,786,3,786_3
query_787,0,genomicbackground,0,genomicbackground,0.007515773177146912,787_3_RF00059_3_NC_000913.3_2185135-2185632_ext_60-260_int_100_off_25_percentage_0_position_0-0 genomicbackground,787,3,787_3
query_788,0,genomicbackground,0,genomicbackground,0.002802211092785001,788_3_RF00059_3_NC_000913.3_2185135-2185632_ext_60-260_int_100_off_30_percentage_0_position_0-0 genomicbackground,788,3,788_3
query_789,0,genomicbackground,0,genomicbackground,0.00252082129009068,789_3_RF00059_3_NC_000913.3_2185135-2185632_ext_60-260_int_100_off_35_percentage_0_position_0-0 genomicbackground,789,3,789_3
query_790,0,genomicbackground,0,genomicbackground,0.0031082259956747293,790_3_RF00059_3_NC_000913.3_2185135-2185632_ext_60-260_int_100_off_40_percentage_0_position_0-0 genomicbackground,790,3,790_3
query_791,0,genomicbackground,0,genomicbackground,0.0035019421484321356,791_3_RF00059_3_NC_000913.3_2185135-2185632_ext_60-260_int_100_off_45_percentage_5_position_96-100 genomicbackground,791,3,791_3
query_792,0,genomicbackground,0,genomicbackground,0.0030296670738607645,792_3_RF00059_3_NC_000913.3_2185135-2185632_ext_60-260_int_100_off_50_percentage_10_position_91-100 genomicbackground,792,3,792_3
query_793,0,genomicbackground,0,genomicbackground,0.006067811511456966,793_3_RF00059_3_NC_000913.3_2185135-2185632_ext_60-260_int_100_off_55_percentage_15_position_86-100 genomicbackground,793,3,793_3
query_794,0,genomicbackground,0,genomicbackground,0.009939785115420818,794_3_RF00059_3_NC_000913.3_2185135-2185632_ext_60-260_int_100_off_60_percentage_21_position_81-100 genomicbackground,794,3,794_3
query_795,0,genomicbackground,0,genomicbackground,0.02399170771241188,795_3_RF00059_3_NC_000913.3_2185135-2185632_ext_60-260_int_100_off_65_percentage_26_position_76-100 genomicbackground,795,3,795_3
query_796,0,genomicbackground,0,genomicbackground,0.0017257295548915863,796_3_RF00059_3_NC_000913.3_2185135-2185632_ext_60-260_int_100_off_70_percentage_31_position_71-100 genomicbackground,796,3,796_3
query_797,0,genomicbackground,0,genomicbackground,0.0075903902761638165,797_3_RF00059_3_NC_000913.3_2185135-2185632_ext_60-260_int_100_off_75_percentage_36_position_66-100 genomicbackground,797,3,797_3
query_798,0,genomicbackground,0,genomicbackground,0.03219693526625633,798_3_RF00059_3_NC_000913.3_2185135-2185632_ext_60-260_int_100_off_80_percentage_41_position_61-100 genomicbackground,798,3,798_3
query_799,0,genomicbackground,0,genomicbackground,0.3793642222881317,799_3_RF00059_3_NC_000913.3_2185135-2185632_ext_60-260_int_100_off_85_percentage_46_position_56-100 genomicbackground,799,3,799_3
query_800,0,genomicbackground,0,genomicbackground,0.02995212934911251,800_3_RF00059_3_NC_000913.3_2185135-2185632_ext_60-260_int_100_off_90_percentage_52_position_51-100 genomicbackground,800,3,800_3
query_801,0,genomicbackground,1,riboswitch,0.9875698685646057,801_3_RF00059_3_NC_000913.3_2185135-2185632_ext_60-260_int_100_off_95_percentage_57_position_46-100 genomicbackground,801,3,801_3
query_802,0,genomicbackground,1,riboswitch,0.9980573058128357,802_3_RF00059_3_NC_000913.3_2185135-2185632_ext_60-260_int_100_off_100_percentage_62_position_41-100 genomicbackground,802,3,802_3
query_803,0,genomicbackground,0,genomicbackground,0.016114642843604088,803_3_RF00059_3_NC_000913.3_2185135-2185632_ext_60-260_int_105_off_0_percentage_0_position_0-0 genomicbackground,803,3,803_3
query_804,0,genomicbackground,0,genomicbackground,0.008680302649736404,804_3_RF00059_3_NC_000913.3_2185135-2185632_ext_60-260_int_105_off_5_percentage_0_position_0-0 genomicbackground,804,3,804_3
query_805,0,genomicbackground,0,genomicbackground,0.009271001443266869,805_3_RF00059_3_NC_000913.3_2185135-2185632_ext_60-260_int_105_off_10_percentage_0_position_0-0 genomicbackground,805,3,805_3
query_806,0,genomicbackground,0,genomicbackground,0.006465098820626736,806_3_RF00059_3_NC_000913.3_2185135-2185632_ext_60-260_int_105_off_15_percentage_0_position_0-0 genomicbackground,806,3,806_3
query_807,0,genomicbackground,0,genomicbackground,0.009105350822210312,807_3_RF00059_3_NC_000913.3_2185135-2185632_ext_60-260_int_105_off_20_percentage_0_position_0-0 genomicbackground,807,3,807_3
query_808,0,genomicbackground,0,genomicbackground,0.00750671187415719,808_3_RF00059_3_NC_000913.3_2185135-2185632_ext_60-260_int_105_off_25_percentage_0_position_0-0 genomicbackground,808,3,808_3
query_809,0,genomicbackground,0,genomicbackground,0.0027348946314305067,809_3_RF00059_3_NC_000913.3_2185135-2185632_ext_60-260_int_105_off_30_percentage_0_position_0-0 genomicbackground,809,3,809_3
query_810,0,genomicbackground,0,genomicbackground,0.0029403071384876966,810_3_RF00059_3_NC_000913.3_2185135-2185632_ext_60-260_int_105_off_35_percentage_0_position_0-0 genomicbackground,810,3,810_3
query_811,0,genomicbackground,0,genomicbackground,0.0035975337959825993,811_3_RF00059_3_NC_000913.3_2185135-2185632_ext_60-260_int_105_off_40_percentage_5_position_101-105 genomicbackground,811,3,811_3
query_812,0,genomicbackground,0,genomicbackground,0.0034545711241662502,812_3_RF00059_3_NC_000913.3_2185135-2185632_ext_60-260_int_105_off_45_percentage_10_position_96-105 genomicbackground,812,3,812_3
query_813,0,genomicbackground,0,genomicbackground,0.003677752334624529,813_3_RF00059_3_NC_000913.3_2185135-2185632_ext_60-260_int_105_off_50_percentage_15_position_91-105 genomicbackground,813,3,813_3
query_814,0,genomicbackground,0,genomicbackground,0.007116703782230616,814_3_RF00059_3_NC_000913.3_2185135-2185632_ext_60-260_int_105_off_55_percentage_21_position_86-105 genomicbackground,814,3,814_3
query_815,0,genomicbackground,0,genomicbackground,0.01939607784152031,815_3_RF00059_3_NC_000913.3_2185135-2185632_ext_60-260_int_105_off_60_percentage_26_position_81-105 genomicbackground,815,3,815_3
query_816,0,genomicbackground,0,genomicbackground,0.012611267156898975,816_3_RF00059_3_NC_000913.3_2185135-2185632_ext_60-260_int_105_off_65_percentage_31_position_76-105 genomicbackground,816,3,816_3
query_817,0,genomicbackground,0,genomicbackground,0.0070144860073924065,817_3_RF00059_3_NC_000913.3_2185135-2185632_ext_60-260_int_105_off_70_percentage_36_position_71-105 genomicbackground,817,3,817_3
query_818,0,genomicbackground,0,genomicbackground,0.03571586683392525,818_3_RF00059_3_NC_000913.3_2185135-2185632_ext_60-260_int_105_off_75_percentage_41_position_66-105 genomicbackground,818,3,818_3
query_819,0,genomicbackground,0,genomicbackground,0.08869685232639313,819_3_RF00059_3_NC_000913.3_2185135-2185632_ext_60-260_int_105_off_80_percentage_46_position_61-105 genomicbackground,819,3,819_3
query_820,0,genomicbackground,0,genomicbackground,0.05125284194946289,820_3_RF00059_3_NC_000913.3_2185135-2185632_ext_60-260_int_105_off_85_percentage_52_position_56-105 genomicbackground,820,3,820_3
query_821,0,genomicbackground,1,riboswitch,0.9899965524673462,821_3_RF00059_3_NC_000913.3_2185135-2185632_ext_60-260_int_105_off_90_percentage_57_position_51-105 genomicbackground,821,3,821_3
query_822,0,genomicbackground,1,riboswitch,0.9983093738555908,822_3_RF00059_3_NC_000913.3_2185135-2185632_ext_60-260_int_105_off_95_percentage_62_position_46-105 genomicbackground,822,3,822_3
query_823,0,genomicbackground,0,genomicbackground,0.01130465604364872,823_3_RF00059_3_NC_000913.3_2185135-2185632_ext_60-260_int_110_off_0_percentage_0_position_0-0 genomicbackground,823,3,823_3
query_824,0,genomicbackground,0,genomicbackground,0.00851346179842949,824_3_RF00059_3_NC_000913.3_2185135-2185632_ext_60-260_int_110_off_5_percentage_0_position_0-0 genomicbackground,824,3,824_3
query_825,0,genomicbackground,0,genomicbackground,0.007359644398093224,825_3_RF00059_3_NC_000913.3_2185135-2185632_ext_60-260_int_110_off_10_percentage_0_position_0-0 genomicbackground,825,3,825_3
query_826,0,genomicbackground,0,genomicbackground,0.006422083359211683,826_3_RF00059_3_NC_000913.3_2185135-2185632_ext_60-260_int_110_off_15_percentage_0_position_0-0 genomicbackground,826,3,826_3
query_827,0,genomicbackground,0,genomicbackground,0.009160937741398811,827_3_RF00059_3_NC_000913.3_2185135-2185632_ext_60-260_int_110_off_20_percentage_0_position_0-0 genomicbackground,827,3,827_3
query_828,0,genomicbackground,0,genomicbackground,0.007523614913225174,828_3_RF00059_3_NC_000913.3_2185135-2185632_ext_60-260_int_110_off_25_percentage_0_position_0-0 genomicbackground,828,3,828_3
query_829,0,genomicbackground,0,genomicbackground,0.0023098099045455456,829_3_RF00059_3_NC_000913.3_2185135-2185632_ext_60-260_int_110_off_30_percentage_0_position_0-0 genomicbackground,829,3,829_3
query_830,0,genomicbackground,0,genomicbackground,0.003388813463971019,830_3_RF00059_3_NC_000913.3_2185135-2185632_ext_60-260_int_110_off_35_percentage_5_position_106-110 genomicbackground,830,3,830_3
query_831,0,genomicbackground,0,genomicbackground,0.0035719145089387894,831_3_RF00059_3_NC_000913.3_2185135-2185632_ext_60-260_int_110_off_40_percentage_10_position_101-110 genomicbackground,831,3,831_3
query_832,0,genomicbackground,0,genomicbackground,0.004173472989350557,832_3_RF00059_3_NC_000913.3_2185135-2185632_ext_60-260_int_110_off_45_percentage_15_position_96-110 genomicbackground,832,3,832_3
query_833,0,genomicbackground,0,genomicbackground,0.003819562727585435,833_3_RF00059_3_NC_000913.3_2185135-2185632_ext_60-260_int_110_off_50_percentage_21_position_91-110 genomicbackground,833,3,833_3
query_834,0,genomicbackground,0,genomicbackground,0.007115292362868786,834_3_RF00059_3_NC_000913.3_2185135-2185632_ext_60-260_int_110_off_55_percentage_26_position_86-110 genomicbackground,834,3,834_3
query_835,0,genomicbackground,0,genomicbackground,0.009846883825957775,835_3_RF00059_3_NC_000913.3_2185135-2185632_ext_60-260_int_110_off_60_percentage_31_position_81-110 genomicbackground,835,3,835_3
query_836,0,genomicbackground,0,genomicbackground,0.0121334008872509,836_3_RF00059_3_NC_000913.3_2185135-2185632_ext_60-260_int_110_off_65_percentage_36_position_76-110 genomicbackground,836,3,836_3
query_837,0,genomicbackground,0,genomicbackground,0.04031224176287651,837_3_RF00059_3_NC_000913.3_2185135-2185632_ext_60-260_int_110_off_70_percentage_41_position_71-110 genomicbackground,837,3,837_3
query_838,0,genomicbackground,0,genomicbackground,0.06758534908294678,838_3_RF00059_3_NC_000913.3_2185135-2185632_ext_60-260_int_110_off_75_percentage_46_position_66-110 genomicbackground,838,3,838_3
query_839,0,genomicbackground,1,riboswitch,0.854049026966095,839_3_RF00059_3_NC_000913.3_2185135-2185632_ext_60-260_int_110_off_80_percentage_52_position_61-110 genomicbackground,839,3,839_3
query_840,0,genomicbackground,1,riboswitch,0.996539831161499,840_3_RF00059_3_NC_000913.3_2185135-2185632_ext_60-260_int_110_off_85_percentage_57_position_56-110 genomicbackground,840,3,840_3
query_841,0,genomicbackground,1,riboswitch,0.9980024695396423,841_3_RF00059_3_NC_000913.3_2185135-2185632_ext_60-260_int_110_off_90_percentage_62_position_51-110 genomicbackground,841,3,841_3
query_842,0,genomicbackground,0,genomicbackground,0.010671142488718033,842_3_RF00059_3_NC_000913.3_2185135-2185632_ext_60-260_int_115_off_0_percentage_0_position_0-0 genomicbackground,842,3,842_3
query_843,0,genomicbackground,0,genomicbackground,0.007805149536579847,843_3_RF00059_3_NC_000913.3_2185135-2185632_ext_60-260_int_115_off_5_percentage_0_position_0-0 genomicbackground,843,3,843_3
query_844,0,genomicbackground,0,genomicbackground,0.007228007074445486,844_3_RF00059_3_NC_000913.3_2185135-2185632_ext_60-260_int_115_off_10_percentage_0_position_0-0 genomicbackground,844,3,844_3
query_845,0,genomicbackground,0,genomicbackground,0.006466550752520561,845_3_RF00059_3_NC_000913.3_2185135-2185632_ext_60-260_int_115_off_15_percentage_0_position_0-0 genomicbackground,845,3,845_3
query_846,0,genomicbackground,0,genomicbackground,0.008905676193535328,846_3_RF00059_3_NC_000913.3_2185135-2185632_ext_60-260_int_115_off_20_percentage_0_position_0-0 genomicbackground,846,3,846_3
query_847,0,genomicbackground,0,genomicbackground,0.00581236882135272,847_3_RF00059_3_NC_000913.3_2185135-2185632_ext_60-260_int_115_off_25_percentage_0_position_0-0 genomicbackground,847,3,847_3
query_848,0,genomicbackground,0,genomicbackground,0.002510238206014037,848_3_RF00059_3_NC_000913.3_2185135-2185632_ext_60-260_int_115_off_30_percentage_5_position_111-115 genomicbackground,848,3,848_3
query_849,0,genomicbackground,0,genomicbackground,0.0034216926433146,849_3_RF00059_3_NC_000913.3_2185135-2185632_ext_60-260_int_115_off_35_percentage_10_position_106-115 genomicbackground,849,3,849_3
query_850,0,genomicbackground,0,genomicbackground,0.004202494863420725,850_3_RF00059_3_NC_000913.3_2185135-2185632_ext_60-260_int_115_off_40_percentage_15_position_101-115 genomicbackground,850,3,850_3
query_851,0,genomicbackground,0,genomicbackground,0.004257266875356436,851_3_RF00059_3_NC_000913.3_2185135-2185632_ext_60-260_int_115_off_45_percentage_21_position_96-115 genomicbackground,851,3,851_3
query_852,0,genomicbackground,0,genomicbackground,0.004149589221924543,852_3_RF00059_3_NC_000913.3_2185135-2185632_ext_60-260_int_115_off_50_percentage_26_position_91-115 genomicbackground,852,3,852_3
query_853,0,genomicbackground,0,genomicbackground,0.005765956826508045,853_3_RF00059_3_NC_000913.3_2185135-2185632_ext_60-260_int_115_off_55_percentage_31_position_86-115 genomicbackground,853,3,853_3
query_854,0,genomicbackground,0,genomicbackground,0.01095785666257143,854_3_RF00059_3_NC_000913.3_2185135-2185632_ext_60-260_int_115_off_60_percentage_36_position_81-115 genomicbackground,854,3,854_3
query_855,0,genomicbackground,0,genomicbackground,0.07840114086866379,855_3_RF00059_3_NC_000913.3_2185135-2185632_ext_60-260_int_115_off_65_percentage_41_position_76-115 genomicbackground,855,3,855_3
query_856,0,genomicbackground,0,genomicbackground,0.11957742273807526,856_3_RF00059_3_NC_000913.3_2185135-2185632_ext_60-260_int_115_off_70_percentage_46_position_71-115 genomicbackground,856,3,856_3
query_857,0,genomicbackground,1,riboswitch,0.7187243103981018,857_3_RF00059_3_NC_000913.3_2185135-2185632_ext_60-260_int_115_off_75_percentage_52_position_66-115 genomicbackground,857,3,857_3
query_858,0,genomicbackground,1,riboswitch,0.7531105875968933,858_3_RF00059_3_NC_000913.3_2185135-2185632_ext_60-260_int_115_off_80_percentage_57_position_61-115 genomicbackground,858,3,858_3
query_859,0,genomicbackground,1,riboswitch,0.9984636306762695,859_3_RF00059_3_NC_000913.3_2185135-2185632_ext_60-260_int_115_off_85_percentage_62_position_56-115 genomicbackground,859,3,859_3
query_860,0,genomicbackground,0,genomicbackground,0.010026637464761734,860_3_RF00059_3_NC_000913.3_2185135-2185632_ext_60-260_int_120_off_0_percentage_0_position_0-0 genomicbackground,860,3,860_3
query_861,0,genomicbackground,0,genomicbackground,0.007639730349183083,861_3_RF00059_3_NC_000913.3_2185135-2185632_ext_60-260_int_120_off_5_percentage_0_position_0-0 genomicbackground,861,3,861_3
query_862,0,genomicbackground,0,genomicbackground,0.007261405698955059,862_3_RF00059_3_NC_000913.3_2185135-2185632_ext_60-260_int_120_off_10_percentage_0_position_0-0 genomicbackground,862,3,862_3
query_863,0,genomicbackground,0,genomicbackground,0.006312176585197449,863_3_RF00059_3_NC_000913.3_2185135-2185632_ext_60-260_int_120_off_15_percentage_0_position_0-0 genomicbackground,863,3,863_3
query_864,0,genomicbackground,0,genomicbackground,0.007362185977399349,864_3_RF00059_3_NC_000913.3_2185135-2185632_ext_60-260_int_120_off_20_percentage_0_position_0-0 genomicbackground,864,3,864_3
query_865,0,genomicbackground,0,genomicbackground,0.005540330428630114,865_3_RF00059_3_NC_000913.3_2185135-2185632_ext_60-260_int_120_off_25_percentage_5_position_116-120 genomicbackground,865,3,865_3
query_866,0,genomicbackground,0,genomicbackground,0.0026047106366604567,866_3_RF00059_3_NC_000913.3_2185135-2185632_ext_60-260_int_120_off_30_percentage_10_position_111-120 genomicbackground,866,3,866_3
query_867,0,genomicbackground,0,genomicbackground,0.003999934997409582,867_3_RF00059_3_NC_000913.3_2185135-2185632_ext_60-260_int_120_off_35_percentage_15_position_106-120 genomicbackground,867,3,867_3
query_868,0,genomicbackground,0,genomicbackground,0.0042719305492937565,868_3_RF00059_3_NC_000913.3_2185135-2185632_ext_60-260_int_120_off_40_percentage_21_position_101-120 genomicbackground,868,3,868_3
query_869,0,genomicbackground,0,genomicbackground,0.004600091837346554,869_3_RF00059_3_NC_000913.3_2185135-2185632_ext_60-260_int_120_off_45_percentage_26_position_96-120 genomicbackground,869,3,869_3
query_870,0,genomicbackground,0,genomicbackground,0.004041615407913923,870_3_RF00059_3_NC_000913.3_2185135-2185632_ext_60-260_int_120_off_50_percentage_31_position_91-120 genomicbackground,870,3,870_3
query_871,0,genomicbackground,0,genomicbackground,0.0075345938093960285,871_3_RF00059_3_NC_000913.3_2185135-2185632_ext_60-260_int_120_off_55_percentage_36_position_86-120 genomicbackground,871,3,871_3
query_872,0,genomicbackground,0,genomicbackground,0.02628958970308304,872_3_RF00059_3_NC_000913.3_2185135-2185632_ext_60-260_int_120_off_60_percentage_41_position_81-120 genomicbackground,872,3,872_3
query_873,0,genomicbackground,0,genomicbackground,0.06238001212477684,873_3_RF00059_3_NC_000913.3_2185135-2185632_ext_60-260_int_120_off_65_percentage_46_position_76-120 genomicbackground,873,3,873_3
query_874,0,genomicbackground,1,riboswitch,0.817419707775116,874_3_RF00059_3_NC_000913.3_2185135-2185632_ext_60-260_int_120_off_70_percentage_52_position_71-120 genomicbackground,874,3,874_3
query_875,0,genomicbackground,1,riboswitch,0.5777685046195984,875_3_RF00059_3_NC_000913.3_2185135-2185632_ext_60-260_int_120_off_75_percentage_57_position_66-120 genomicbackground,875,3,875_3
query_876,0,genomicbackground,1,riboswitch,0.9495196342468262,876_3_RF00059_3_NC_000913.3_2185135-2185632_ext_60-260_int_120_off_80_percentage_62_position_61-120 genomicbackground,876,3,876_3
query_877,0,genomicbackground,0,genomicbackground,0.012774103321135044,877_3_RF00059_3_NC_000913.3_2185135-2185632_ext_60-260_int_125_off_0_percentage_0_position_0-0 genomicbackground,877,3,877_3
query_878,0,genomicbackground,0,genomicbackground,0.0076439096592366695,878_3_RF00059_3_NC_000913.3_2185135-2185632_ext_60-260_int_125_off_5_percentage_0_position_0-0 genomicbackground,878,3,878_3
query_879,0,genomicbackground,0,genomicbackground,0.010397620499134064,879_3_RF00059_3_NC_000913.3_2185135-2185632_ext_60-260_int_125_off_10_percentage_0_position_0-0 genomicbackground,879,3,879_3
query_880,0,genomicbackground,0,genomicbackground,0.005474089179188013,880_3_RF00059_3_NC_000913.3_2185135-2185632_ext_60-260_int_125_off_15_percentage_0_position_0-0 genomicbackground,880,3,880_3
query_881,0,genomicbackground,0,genomicbackground,0.006907715927809477,881_3_RF00059_3_NC_000913.3_2185135-2185632_ext_60-260_int_125_off_20_percentage_5_position_121-125 genomicbackground,881,3,881_3
query_882,0,genomicbackground,0,genomicbackground,0.005917727947235107,882_3_RF00059_3_NC_000913.3_2185135-2185632_ext_60-260_int_125_off_25_percentage_10_position_116-125 genomicbackground,882,3,882_3
query_883,0,genomicbackground,0,genomicbackground,0.003229306312277913,883_3_RF00059_3_NC_000913.3_2185135-2185632_ext_60-260_int_125_off_30_percentage_15_position_111-125 genomicbackground,883,3,883_3
query_884,0,genomicbackground,0,genomicbackground,0.0041101290844380856,884_3_RF00059_3_NC_000913.3_2185135-2185632_ext_60-260_int_125_off_35_percentage_21_position_106-125 genomicbackground,884,3,884_3
query_885,0,genomicbackground,0,genomicbackground,0.004588325507938862,885_3_RF00059_3_NC_000913.3_2185135-2185632_ext_60-260_int_125_off_40_percentage_26_position_101-125 genomicbackground,885,3,885_3
query_886,0,genomicbackground,0,genomicbackground,0.004942381754517555,886_3_RF00059_3_NC_000913.3_2185135-2185632_ext_60-260_int_125_off_45_percentage_31_position_96-125 genomicbackground,886,3,886_3
query_887,0,genomicbackground,0,genomicbackground,0.00473887100815773,887_3_RF00059_3_NC_000913.3_2185135-2185632_ext_60-260_int_125_off_50_percentage_36_position_91-125 genomicbackground,887,3,887_3
query_888,0,genomicbackground,0,genomicbackground,0.00873585231602192,888_3_RF00059_3_NC_000913.3_2185135-2185632_ext_60-260_int_125_off_55_percentage_41_position_86-125 genomicbackground,888,3,888_3
query_889,0,genomicbackground,0,genomicbackground,0.024902300909161568,889_3_RF00059_3_NC_000913.3_2185135-2185632_ext_60-260_int_125_off_60_percentage_46_position_81-125 genomicbackground,889,3,889_3
query_890,0,genomicbackground,0,genomicbackground,0.33943411707878113,890_3_RF00059_3_NC_000913.3_2185135-2185632_ext_60-260_int_125_off_65_percentage_52_position_76-125 genomicbackground,890,3,890_3
query_891,0,genomicbackground,1,riboswitch,0.7152237296104431,891_3_RF00059_3_NC_000913.3_2185135-2185632_ext_60-260_int_125_off_70_percentage_57_position_71-125 genomicbackground,891,3,891_3
query_892,0,genomicbackground,1,riboswitch,0.88736891746521,892_3_RF00059_3_NC_000913.3_2185135-2185632_ext_60-260_int_125_off_75_percentage_62_position_66-125 genomicbackground,892,3,892_3
query_893,0,genomicbackground,0,genomicbackground,0.012408319860696793,893_3_RF00059_3_NC_000913.3_2185135-2185632_ext_60-260_int_130_off_0_percentage_0_position_0-0 genomicbackground,893,3,893_3
query_894,0,genomicbackground,0,genomicbackground,0.007200984749943018,894_3_RF00059_3_NC_000913.3_2185135-2185632_ext_60-260_int_130_off_5_percentage_0_position_0-0 genomicbackground,894,3,894_3
query_895,0,genomicbackground,0,genomicbackground,0.00609991978853941,895_3_RF00059_3_NC_000913.3_2185135-2185632_ext_60-260_int_130_off_10_percentage_0_position_0-0 genomicbackground,895,3,895_3
query_896,0,genomicbackground,0,genomicbackground,0.005392133723944426,896_3_RF00059_3_NC_000913.3_2185135-2185632_ext_60-260_int_130_off_15_percentage_5_position_126-130 genomicbackground,896,3,896_3
query_897,0,genomicbackground,0,genomicbackground,0.00713128037750721,897_3_RF00059_3_NC_000913.3_2185135-2185632_ext_60-260_int_130_off_20_percentage_10_position_121-130 genomicbackground,897,3,897_3
query_898,0,genomicbackground,0,genomicbackground,0.0058635869063436985,898_3_RF00059_3_NC_000913.3_2185135-2185632_ext_60-260_int_130_off_25_percentage_15_position_116-130 genomicbackground,898,3,898_3
query_899,0,genomicbackground,0,genomicbackground,0.003312339074909687,899_3_RF00059_3_NC_000913.3_2185135-2185632_ext_60-260_int_130_off_30_percentage_21_position_111-130 genomicbackground,899,3,899_3
query_900,0,genomicbackground,0,genomicbackground,0.004407594911754131,900_3_RF00059_3_NC_000913.3_2185135-2185632_ext_60-260_int_130_off_35_percentage_26_position_106-130 genomicbackground,900,3,900_3
query_901,0,genomicbackground,0,genomicbackground,0.005029512103646994,901_3_RF00059_3_NC_000913.3_2185135-2185632_ext_60-260_int_130_off_40_percentage_31_position_101-130 genomicbackground,901,3,901_3
query_902,0,genomicbackground,0,genomicbackground,0.00523108197376132,902_3_RF00059_3_NC_000913.3_2185135-2185632_ext_60-260_int_130_off_45_percentage_36_position_96-130 genomicbackground,902,3,902_3
query_903,0,genomicbackground,0,genomicbackground,0.0050554657354950905,903_3_RF00059_3_NC_000913.3_2185135-2185632_ext_60-260_int_130_off_50_percentage_41_position_91-130 genomicbackground,903,3,903_3
query_904,0,genomicbackground,0,genomicbackground,0.009972980245947838,904_3_RF00059_3_NC_000913.3_2185135-2185632_ext_60-260_int_130_off_55_percentage_46_position_86-130 genomicbackground,904,3,904_3
query_905,0,genomicbackground,0,genomicbackground,0.06995323300361633,905_3_RF00059_3_NC_000913.3_2185135-2185632_ext_60-260_int_130_off_60_percentage_52_position_81-130 genomicbackground,905,3,905_3
query_906,0,genomicbackground,0,genomicbackground,0.2471798062324524,906_3_RF00059_3_NC_000913.3_2185135-2185632_ext_60-260_int_130_off_65_percentage_57_position_76-130 genomicbackground,906,3,906_3
query_907,0,genomicbackground,1,riboswitch,0.9370499849319458,907_3_RF00059_3_NC_000913.3_2185135-2185632_ext_60-260_int_130_off_70_percentage_62_position_71-130 genomicbackground,907,3,907_3
query_908,0,genomicbackground,0,genomicbackground,0.01118104811757803,908_3_RF00059_3_NC_000913.3_2185135-2185632_ext_60-260_int_135_off_0_percentage_0_position_0-0 genomicbackground,908,3,908_3
query_909,0,genomicbackground,0,genomicbackground,0.006481816526502371,909_3_RF00059_3_NC_000913.3_2185135-2185632_ext_60-260_int_135_off_5_percentage_0_position_0-0 genomicbackground,909,3,909_3
query_910,0,genomicbackground,0,genomicbackground,0.005798632744699717,910_3_RF00059_3_NC_000913.3_2185135-2185632_ext_60-260_int_135_off_10_percentage_5_position_131-135 genomicbackground,910,3,910_3
query_911,0,genomicbackground,0,genomicbackground,0.007723215967416763,911_3_RF00059_3_NC_000913.3_2185135-2185632_ext_60-260_int_135_off_15_percentage_10_position_126-135 genomicbackground,911,3,911_3
query_912,0,genomicbackground,0,genomicbackground,0.007093219086527824,912_3_RF00059_3_NC_000913.3_2185135-2185632_ext_60-260_int_135_off_20_percentage_15_position_121-135 genomicbackground,912,3,912_3
query_913,0,genomicbackground,0,genomicbackground,0.006183954421430826,913_3_RF00059_3_NC_000913.3_2185135-2185632_ext_60-260_int_135_off_25_percentage_21_position_116-135 genomicbackground,913,3,913_3
query_914,0,genomicbackground,0,genomicbackground,0.00346185639500618,914_3_RF00059_3_NC_000913.3_2185135-2185632_ext_60-260_int_135_off_30_percentage_26_position_111-135 genomicbackground,914,3,914_3
query_915,0,genomicbackground,0,genomicbackground,0.0047601754777133465,915_3_RF00059_3_NC_000913.3_2185135-2185632_ext_60-260_int_135_off_35_percentage_31_position_106-135 genomicbackground,915,3,915_3
query_916,0,genomicbackground,0,genomicbackground,0.005220977123826742,916_3_RF00059_3_NC_000913.3_2185135-2185632_ext_60-260_int_135_off_40_percentage_36_position_101-135 genomicbackground,916,3,916_3
query_917,0,genomicbackground,0,genomicbackground,0.005452501121908426,917_3_RF00059_3_NC_000913.3_2185135-2185632_ext_60-260_int_135_off_45_percentage_41_position_96-135 genomicbackground,917,3,917_3
query_918,0,genomicbackground,0,genomicbackground,0.0054235574789345264,918_3_RF00059_3_NC_000913.3_2185135-2185632_ext_60-260_int_135_off_50_percentage_46_position_91-135 genomicbackground,918,3,918_3
query_919,0,genomicbackground,0,genomicbackground,0.012038398534059525,919_3_RF00059_3_NC_000913.3_2185135-2185632_ext_60-260_int_135_off_55_percentage_52_position_86-135 genomicbackground,919,3,919_3
query_920,0,genomicbackground,1,riboswitch,0.9573734998703003,920_3_RF00059_3_NC_000913.3_2185135-2185632_ext_60-260_int_135_off_60_percentage_57_position_81-135 genomicbackground,920,3,920_3
query_921,0,genomicbackground,0,genomicbackground,0.4221213161945343,921_3_RF00059_3_NC_000913.3_2185135-2185632_ext_60-260_int_135_off_65_percentage_62_position_76-135 genomicbackground,921,3,921_3
query_922,0,genomicbackground,0,genomicbackground,0.008798141032457352,922_3_RF00059_3_NC_000913.3_2185135-2185632_ext_60-260_int_140_off_0_percentage_0_position_0-0 genomicbackground,922,3,922_3
query_923,0,genomicbackground,0,genomicbackground,0.006123852450400591,923_3_RF00059_3_NC_000913.3_2185135-2185632_ext_60-260_int_140_off_5_percentage_5_position_136-140 genomicbackground,923,3,923_3
query_924,0,genomicbackground,0,genomicbackground,0.008321444503962994,924_3_RF00059_3_NC_000913.3_2185135-2185632_ext_60-260_int_140_off_10_percentage_10_position_131-140 genomicbackground,924,3,924_3
query_925,0,genomicbackground,0,genomicbackground,0.007118584122508764,925_3_RF00059_3_NC_000913.3_2185135-2185632_ext_60-260_int_140_off_15_percentage_15_position_126-140 genomicbackground,925,3,925_3
query_926,0,genomicbackground,0,genomicbackground,0.004012552555650473,926_3_RF00059_3_NC_000913.3_2185135-2185632_ext_60-260_int_140_off_20_percentage_21_position_121-140 genomicbackground,926,3,926_3
query_927,0,genomicbackground,0,genomicbackground,0.007210478186607361,927_3_RF00059_3_NC_000913.3_2185135-2185632_ext_60-260_int_140_off_25_percentage_26_position_116-140 genomicbackground,927,3,927_3
query_928,0,genomicbackground,0,genomicbackground,0.004063595086336136,928_3_RF00059_3_NC_000913.3_2185135-2185632_ext_60-260_int_140_off_30_percentage_31_position_111-140 genomicbackground,928,3,928_3
query_929,0,genomicbackground,0,genomicbackground,0.005011776927858591,929_3_RF00059_3_NC_000913.3_2185135-2185632_ext_60-260_int_140_off_35_percentage_36_position_106-140 genomicbackground,929,3,929_3
query_930,0,genomicbackground,0,genomicbackground,0.005407894961535931,930_3_RF00059_3_NC_000913.3_2185135-2185632_ext_60-260_int_140_off_40_percentage_41_position_101-140 genomicbackground,930,3,930_3
query_931,0,genomicbackground,0,genomicbackground,0.00565981213003397,931_3_RF00059_3_NC_000913.3_2185135-2185632_ext_60-260_int_140_off_45_percentage_46_position_96-140 genomicbackground,931,3,931_3
query_932,0,genomicbackground,0,genomicbackground,0.006255981046706438,932_3_RF00059_3_NC_000913.3_2185135-2185632_ext_60-260_int_140_off_50_percentage_52_position_91-140 genomicbackground,932,3,932_3
query_933,0,genomicbackground,0,genomicbackground,0.010069318115711212,933_3_RF00059_3_NC_000913.3_2185135-2185632_ext_60-260_int_140_off_55_percentage_57_position_86-140 genomicbackground,933,3,933_3
query_934,0,genomicbackground,0,genomicbackground,0.025837067514657974,934_3_RF00059_3_NC_000913.3_2185135-2185632_ext_60-260_int_140_off_60_percentage_62_position_81-140 genomicbackground,934,3,934_3
query_935,0,genomicbackground,0,genomicbackground,0.007982702925801277,935_3_RF00059_3_NC_000913.3_2185135-2185632_ext_60-260_int_145_off_0_percentage_5_position_141-145 genomicbackground,935,3,935_3
query_936,0,genomicbackground,0,genomicbackground,0.007992328144609928,936_3_RF00059_3_NC_000913.3_2185135-2185632_ext_60-260_int_145_off_5_percentage_10_position_136-145 genomicbackground,936,3,936_3
query_937,0,genomicbackground,0,genomicbackground,0.008481128141283989,937_3_RF00059_3_NC_000913.3_2185135-2185632_ext_60-260_int_145_off_10_percentage_15_position_131-145 genomicbackground,937,3,937_3
query_938,0,genomicbackground,0,genomicbackground,0.006912160664796829,938_3_RF00059_3_NC_000913.3_2185135-2185632_ext_60-260_int_145_off_15_percentage_21_position_126-145 genomicbackground,938,3,938_3
query_939,0,genomicbackground,0,genomicbackground,0.0038518391083925962,939_3_RF00059_3_NC_000913.3_2185135-2185632_ext_60-260_int_145_off_20_percentage_26_position_121-145 genomicbackground,939,3,939_3
query_940,0,genomicbackground,0,genomicbackground,0.004391900263726711,940_3_RF00059_3_NC_000913.3_2185135-2185632_ext_60-260_int_145_off_25_percentage_31_position_116-145 genomicbackground,940,3,940_3
query_941,0,genomicbackground,0,genomicbackground,0.00404342170804739,941_3_RF00059_3_NC_000913.3_2185135-2185632_ext_60-260_int_145_off_30_percentage_36_position_111-145 genomicbackground,941,3,941_3
query_942,0,genomicbackground,0,genomicbackground,0.005240629427134991,942_3_RF00059_3_NC_000913.3_2185135-2185632_ext_60-260_int_145_off_35_percentage_41_position_106-145 genomicbackground,942,3,942_3
query_943,0,genomicbackground,0,genomicbackground,0.005601010285317898,943_3_RF00059_3_NC_000913.3_2185135-2185632_ext_60-260_int_145_off_40_percentage_46_position_101-145 genomicbackground,943,3,943_3
query_944,0,genomicbackground,0,genomicbackground,0.0062082260847091675,944_3_RF00059_3_NC_000913.3_2185135-2185632_ext_60-260_int_145_off_45_percentage_52_position_96-145 genomicbackground,944,3,944_3
query_945,0,genomicbackground,0,genomicbackground,0.00550219789147377,945_3_RF00059_3_NC_000913.3_2185135-2185632_ext_60-260_int_145_off_50_percentage_57_position_91-145 genomicbackground,945,3,945_3
query_946,0,genomicbackground,0,genomicbackground,0.01348175574094057,946_3_RF00059_3_NC_000913.3_2185135-2185632_ext_60-260_int_145_off_55_percentage_62_position_86-145 genomicbackground,946,3,946_3
query_947,0,genomicbackground,0,genomicbackground,0.007890676148235798,947_3_RF00059_3_NC_000913.3_2185135-2185632_ext_60-260_int_150_off_0_percentage_10_position_141-150 genomicbackground,947,3,947_3
query_948,0,genomicbackground,0,genomicbackground,0.0085312370210886,948_3_RF00059_3_NC_000913.3_2185135-2185632_ext_60-260_int_150_off_5_percentage_15_position_136-150 genomicbackground,948,3,948_3
query_949,0,genomicbackground,0,genomicbackground,0.013948780484497547,949_3_RF00059_3_NC_000913.3_2185135-2185632_ext_60-260_int_150_off_10_percentage_21_position_131-150 genomicbackground,949,3,949_3
query_950,0,genomicbackground,0,genomicbackground,0.004078357946127653,950_3_RF00059_3_NC_000913.3_2185135-2185632_ext_60-260_int_150_off_15_percentage_26_position_126-150 genomicbackground,950,3,950_3
query_951,0,genomicbackground,0,genomicbackground,0.0038297027349472046,951_3_RF00059_3_NC_000913.3_2185135-2185632_ext_60-260_int_150_off_20_percentage_31_position_121-150 genomicbackground,951,3,951_3
query_952,0,genomicbackground,0,genomicbackground,0.006894809193909168,952_3_RF00059_3_NC_000913.3_2185135-2185632_ext_60-260_int_150_off_25_percentage_36_position_116-150 genomicbackground,952,3,952_3
query_953,0,genomicbackground,0,genomicbackground,0.0042264717631042,953_3_RF00059_3_NC_000913.3_2185135-2185632_ext_60-260_int_150_off_30_percentage_41_position_111-150 genomicbackground,953,3,953_3
query_954,0,genomicbackground,0,genomicbackground,0.005509210284799337,954_3_RF00059_3_NC_000913.3_2185135-2185632_ext_60-260_int_150_off_35_percentage_46_position_106-150 genomicbackground,954,3,954_3
query_955,0,genomicbackground,0,genomicbackground,0.006010872777551413,955_3_RF00059_3_NC_000913.3_2185135-2185632_ext_60-260_int_150_off_40_percentage_52_position_101-150 genomicbackground,955,3,955_3
query_956,0,genomicbackground,0,genomicbackground,0.005248051602393389,956_3_RF00059_3_NC_000913.3_2185135-2185632_ext_60-260_int_150_off_45_percentage_57_position_96-150 genomicbackground,956,3,956_3
query_957,0,genomicbackground,0,genomicbackground,0.006538179237395525,957_3_RF00059_3_NC_000913.3_2185135-2185632_ext_60-260_int_150_off_50_percentage_62_position_91-150 genomicbackground,957,3,957_3
query_958,0,genomicbackground,0,genomicbackground,0.010531251318752766,958_3_RF00059_3_NC_000913.3_2185135-2185632_ext_60-260_int_155_off_0_percentage_15_position_141-155 genomicbackground,958,3,958_3
query_959,0,genomicbackground,0,genomicbackground,0.012808436527848244,959_3_RF00059_3_NC_000913.3_2185135-2185632_ext_60-260_int_155_off_5_percentage_21_position_136-155 genomicbackground,959,3,959_3
query_960,0,genomicbackground,0,genomicbackground,0.014179539866745472,960_3_RF00059_3_NC_000913.3_2185135-2185632_ext_60-260_int_155_off_10_percentage_26_position_131-155 genomicbackground,960,3,960_3
query_961,0,genomicbackground,0,genomicbackground,0.0036763513926416636,961_3_RF00059_3_NC_000913.3_2185135-2185632_ext_60-260_int_155_off_15_percentage_31_position_126-155 genomicbackground,961,3,961_3
query_962,0,genomicbackground,0,genomicbackground,0.00427113426849246,962_3_RF00059_3_NC_000913.3_2185135-2185632_ext_60-260_int_155_off_20_percentage_36_position_121-155 genomicbackground,962,3,962_3
query_963,0,genomicbackground,0,genomicbackground,0.00784022081643343,963_3_RF00059_3_NC_000913.3_2185135-2185632_ext_60-260_int_155_off_25_percentage_41_position_116-155 genomicbackground,963,3,963_3
query_964,0,genomicbackground,0,genomicbackground,0.004487903323024511,964_3_RF00059_3_NC_000913.3_2185135-2185632_ext_60-260_int_155_off_30_percentage_46_position_111-155 genomicbackground,964,3,964_3
query_965,0,genomicbackground,0,genomicbackground,0.005929882638156414,965_3_RF00059_3_NC_000913.3_2185135-2185632_ext_60-260_int_155_off_35_percentage_52_position_106-155 genomicbackground,965,3,965_3
query_966,0,genomicbackground,0,genomicbackground,0.004945354536175728,966_3_RF00059_3_NC_000913.3_2185135-2185632_ext_60-260_int_155_off_40_percentage_57_position_101-155 genomicbackground,966,3,966_3
query_967,0,genomicbackground,0,genomicbackground,0.005876854993402958,967_3_RF00059_3_NC_000913.3_2185135-2185632_ext_60-260_int_155_off_45_percentage_62_position_96-155 genomicbackground,967,3,967_3
query_968,0,genomicbackground,0,genomicbackground,0.013661692850291729,968_3_RF00059_3_NC_000913.3_2185135-2185632_ext_60-260_int_160_off_0_percentage_21_position_141-160 genomicbackground,968,3,968_3
query_969,0,genomicbackground,0,genomicbackground,0.012062301859259605,969_3_RF00059_3_NC_000913.3_2185135-2185632_ext_60-260_int_160_off_5_percentage_26_position_136-160 genomicbackground,969,3,969_3
query_970,0,genomicbackground,0,genomicbackground,0.01419498398900032,970_3_RF00059_3_NC_000913.3_2185135-2185632_ext_60-260_int_160_off_10_percentage_31_position_131-160 genomicbackground,970,3,970_3
query_971,0,genomicbackground,0,genomicbackground,0.00773279694840312,971_3_RF00059_3_NC_000913.3_2185135-2185632_ext_60-260_int_160_off_15_percentage_36_position_126-160 genomicbackground,971,3,971_3
query_972,0,genomicbackground,0,genomicbackground,0.010101457126438618,972_3_RF00059_3_NC_000913.3_2185135-2185632_ext_60-260_int_160_off_20_percentage_41_position_121-160 genomicbackground,972,3,972_3
query_973,0,genomicbackground,0,genomicbackground,0.00876681599766016,973_3_RF00059_3_NC_000913.3_2185135-2185632_ext_60-260_int_160_off_25_percentage_46_position_116-160 genomicbackground,973,3,973_3
query_974,0,genomicbackground,0,genomicbackground,0.004284797236323357,974_3_RF00059_3_NC_000913.3_2185135-2185632_ext_60-260_int_160_off_30_percentage_52_position_111-160 genomicbackground,974,3,974_3
query_975,0,genomicbackground,0,genomicbackground,0.004933050833642483,975_3_RF00059_3_NC_000913.3_2185135-2185632_ext_60-260_int_160_off_35_percentage_57_position_106-160 genomicbackground,975,3,975_3
query_976,0,genomicbackground,0,genomicbackground,0.005563171114772558,976_3_RF00059_3_NC_000913.3_2185135-2185632_ext_60-260_int_160_off_40_percentage_62_position_101-160 genomicbackground,976,3,976_3
query_977,0,genomicbackground,0,genomicbackground,0.018239805474877357,977_3_RF00059_3_NC_000913.3_2185135-2185632_ext_60-260_int_165_off_0_percentage_26_position_141-165 genomicbackground,977,3,977_3
query_978,0,genomicbackground,0,genomicbackground,0.011205899529159069,978_3_RF00059_3_NC_000913.3_2185135-2185632_ext_60-260_int_165_off_5_percentage_31_position_136-165 genomicbackground,978,3,978_3
query_979,0,genomicbackground,0,genomicbackground,0.011114893481135368,979_3_RF00059_3_NC_000913.3_2185135-2185632_ext_60-260_int_165_off_10_percentage_36_position_131-165 genomicbackground,979,3,979_3
query_980,0,genomicbackground,0,genomicbackground,0.012824447825551033,980_3_RF00059_3_NC_000913.3_2185135-2185632_ext_60-260_int_165_off_15_percentage_41_position_126-165 genomicbackground,980,3,980_3
query_981,0,genomicbackground,0,genomicbackground,0.011134754866361618,981_3_RF00059_3_NC_000913.3_2185135-2185632_ext_60-260_int_165_off_20_percentage_46_position_121-165 genomicbackground,981,3,981_3
query_982,0,genomicbackground,0,genomicbackground,0.010659603402018547,982_3_RF00059_3_NC_000913.3_2185135-2185632_ext_60-260_int_165_off_25_percentage_52_position_116-165 genomicbackground,982,3,982_3
query_983,0,genomicbackground,0,genomicbackground,0.004926872905343771,983_3_RF00059_3_NC_000913.3_2185135-2185632_ext_60-260_int_165_off_30_percentage_57_position_111-165 genomicbackground,983,3,983_3
query_984,0,genomicbackground,0,genomicbackground,0.005232164636254311,984_3_RF00059_3_NC_000913.3_2185135-2185632_ext_60-260_int_165_off_35_percentage_62_position_106-165 genomicbackground,984,3,984_3
query_985,0,genomicbackground,0,genomicbackground,0.017163241282105446,985_3_RF00059_3_NC_000913.3_2185135-2185632_ext_60-260_int_170_off_0_percentage_31_position_141-170 genomicbackground,985,3,985_3
query_986,0,genomicbackground,0,genomicbackground,0.015216807834804058,986_3_RF00059_3_NC_000913.3_2185135-2185632_ext_60-260_int_170_off_5_percentage_36_position_136-170 genomicbackground,986,3,986_3
query_987,0,genomicbackground,0,genomicbackground,0.014770354144275188,987_3_RF00059_3_NC_000913.3_2185135-2185632_ext_60-260_int_170_off_10_percentage_41_position_131-170 genomicbackground,987,3,987_3
query_988,0,genomicbackground,0,genomicbackground,0.014104969799518585,988_3_RF00059_3_NC_000913.3_2185135-2185632_ext_60-260_int_170_off_15_percentage_46_position_126-170 genomicbackground,988,3,988_3
query_989,0,genomicbackground,0,genomicbackground,0.014405492693185806,989_3_RF00059_3_NC_000913.3_2185135-2185632_ext_60-260_int_170_off_20_percentage_52_position_121-170 genomicbackground,989,3,989_3
query_990,0,genomicbackground,0,genomicbackground,0.009188507683575153,990_3_RF00059_3_NC_000913.3_2185135-2185632_ext_60-260_int_170_off_25_percentage_57_position_116-170 genomicbackground,990,3,990_3
query_991,0,genomicbackground,0,genomicbackground,0.003927851095795631,991_3_RF00059_3_NC_000913.3_2185135-2185632_ext_60-260_int_170_off_30_percentage_62_position_111-170 genomicbackground,991,3,991_3
query_992,0,genomicbackground,0,genomicbackground,0.016621680930256844,992_3_RF00059_3_NC_000913.3_2185135-2185632_ext_60-260_int_175_off_0_percentage_36_position_141-175 genomicbackground,992,3,992_3
query_993,0,genomicbackground,0,genomicbackground,0.020742148160934448,993_3_RF00059_3_NC_000913.3_2185135-2185632_ext_60-260_int_175_off_5_percentage_41_position_136-175 genomicbackground,993,3,993_3
query_994,0,genomicbackground,0,genomicbackground,0.016933979466557503,994_3_RF00059_3_NC_000913.3_2185135-2185632_ext_60-260_int_175_off_10_percentage_46_position_131-175 genomicbackground,994,3,994_3
query_995,0,genomicbackground,0,genomicbackground,0.023152420297265053,995_3_RF00059_3_NC_000913.3_2185135-2185632_ext_60-260_int_175_off_15_percentage_52_position_126-175 genomicbackground,995,3,995_3
query_996,0,genomicbackground,0,genomicbackground,0.005320949479937553,996_3_RF00059_3_NC_000913.3_2185135-2185632_ext_60-260_int_175_off_20_percentage_57_position_121-175 genomicbackground,996,3,996_3
query_997,0,genomicbackground,0,genomicbackground,0.011144757270812988,997_3_RF00059_3_NC_000913.3_2185135-2185632_ext_60-260_int_175_off_25_percentage_62_position_116-175 genomicbackground,997,3,997_3
query_998,0,genomicbackground,0,genomicbackground,0.021452022716403008,998_3_RF00059_3_NC_000913.3_2185135-2185632_ext_60-260_int_180_off_0_percentage_41_position_141-180 genomicbackground,998,3,998_3
query_999,0,genomicbackground,0,genomicbackground,0.02379355952143669,999_3_RF00059_3_NC_000913.3_2185135-2185632_ext_60-260_int_180_off_5_percentage_46_position_136-180 genomicbackground,999,3,999_3
query_1000,0,genomicbackground,0,genomicbackground,0.029376009479165077,1000_3_RF00059_3_NC_000913.3_2185135-2185632_ext_60-260_int_180_off_10_percentage_52_position_131-180 genomicbackground,1000,3,1000_3
query_1001,0,genomicbackground,0,genomicbackground,0.005659849848598242,1001_3_RF00059_3_NC_000913.3_2185135-2185632_ext_60-260_int_180_off_15_percentage_57_position_126-180 genomicbackground,1001,3,1001_3
query_1002,0,genomicbackground,0,genomicbackground,0.005811168812215328,1002_3_RF00059_3_NC_000913.3_2185135-2185632_ext_60-260_int_180_off_20_percentage_62_position_121-180 genomicbackground,1002,3,1002_3
query_1003,0,genomicbackground,0,genomicbackground,0.023695338517427444,1003_3_RF00059_3_NC_000913.3_2185135-2185632_ext_60-260_int_185_off_0_percentage_46_position_141-185 genomicbackground,1003,3,1003_3
query_1004,0,genomicbackground,0,genomicbackground,0.031449731439352036,1004_3_RF00059_3_NC_000913.3_2185135-2185632_ext_60-260_int_185_off_5_percentage_52_position_136-185 genomicbackground,1004,3,1004_3
query_1005,0,genomicbackground,0,genomicbackground,0.028639189898967743,1005_3_RF00059_3_NC_000913.3_2185135-2185632_ext_60-260_int_185_off_10_percentage_57_position_131-185 genomicbackground,1005,3,1005_3
query_1006,0,genomicbackground,0,genomicbackground,0.006307560950517654,1006_3_RF00059_3_NC_000913.3_2185135-2185632_ext_60-260_int_185_off_15_percentage_62_position_126-185 genomicbackground,1006,3,1006_3
query_1007,0,genomicbackground,0,genomicbackground,0.024128146469593048,1007_3_RF00059_3_NC_000913.3_2185135-2185632_ext_60-260_int_190_off_0_percentage_52_position_141-190 genomicbackground,1007,3,1007_3
query_1008,0,genomicbackground,0,genomicbackground,0.014525352977216244,1008_3_RF00059_3_NC_000913.3_2185135-2185632_ext_60-260_int_190_off_5_percentage_57_position_136-190 genomicbackground,1008,3,1008_3
query_1009,0,genomicbackground,0,genomicbackground,0.03497721999883652,1009_3_RF00059_3_NC_000913.3_2185135-2185632_ext_60-260_int_190_off_10_percentage_62_position_131-190 genomicbackground,1009,3,1009_3
query_1010,0,genomicbackground,0,genomicbackground,0.022033320739865303,1010_3_RF00059_3_NC_000913.3_2185135-2185632_ext_60-260_int_195_off_0_percentage_57_position_141-195 genomicbackground,1010,3,1010_3
query_1011,0,genomicbackground,0,genomicbackground,0.01735835336148739,1011_3_RF00059_3_NC_000913.3_2185135-2185632_ext_60-260_int_195_off_5_percentage_62_position_136-195 genomicbackground,1011,3,1011_3
query_1012,0,genomicbackground,0,genomicbackground,0.034564778208732605,1012_3_RF00059_3_NC_000913.3_2185135-2185632_ext_60-260_int_200_off_0_percentage_62_position_141-200 genomicbackground,1012,3,1012_3
query_1013,0,genomicbackground,0,genomicbackground,0.008320539258420467,1013_3_RF00059_3_NC_000913.3_2185135-2185632_ext_80-280_int_95_off_0_percentage_0_position_0-0 genomicbackground,1013,3,1013_3
query_1014,0,genomicbackground,0,genomicbackground,0.0074684093706309795,1014_3_RF00059_3_NC_000913.3_2185135-2185632_ext_80-280_int_95_off_5_percentage_0_position_0-0 genomicbackground,1014,3,1014_3
query_1015,0,genomicbackground,0,genomicbackground,0.0028822815511375666,1015_3_RF00059_3_NC_000913.3_2185135-2185632_ext_80-280_int_95_off_10_percentage_0_position_0-0 genomicbackground,1015,3,1015_3
query_1016,0,genomicbackground,0,genomicbackground,0.0025673515629023314,1016_3_RF00059_3_NC_000913.3_2185135-2185632_ext_80-280_int_95_off_15_percentage_0_position_0-0 genomicbackground,1016,3,1016_3
query_1017,0,genomicbackground,0,genomicbackground,0.0026499975938349962,1017_3_RF00059_3_NC_000913.3_2185135-2185632_ext_80-280_int_95_off_20_percentage_0_position_0-0 genomicbackground,1017,3,1017_3
query_1018,0,genomicbackground,0,genomicbackground,0.0029213009402155876,1018_3_RF00059_3_NC_000913.3_2185135-2185632_ext_80-280_int_95_off_25_percentage_0_position_0-0 genomicbackground,1018,3,1018_3
query_1019,0,genomicbackground,0,genomicbackground,0.0029508285224437714,1019_3_RF00059_3_NC_000913.3_2185135-2185632_ext_80-280_int_95_off_30_percentage_5_position_91-95 genomicbackground,1019,3,1019_3
query_1020,0,genomicbackground,0,genomicbackground,0.00569832231849432,1020_3_RF00059_3_NC_000913.3_2185135-2185632_ext_80-280_int_95_off_35_percentage_10_position_86-95 genomicbackground,1020,3,1020_3
query_1021,0,genomicbackground,0,genomicbackground,0.01452254131436348,1021_3_RF00059_3_NC_000913.3_2185135-2185632_ext_80-280_int_95_off_40_percentage_15_position_81-95 genomicbackground,1021,3,1021_3
query_1022,0,genomicbackground,0,genomicbackground,0.011922760866582394,1022_3_RF00059_3_NC_000913.3_2185135-2185632_ext_80-280_int_95_off_45_percentage_21_position_76-95 genomicbackground,1022,3,1022_3
query_1023,0,genomicbackground,0,genomicbackground,0.01862887106835842,1023_3_RF00059_3_NC_000913.3_2185135-2185632_ext_80-280_int_95_off_50_percentage_26_position_71-95 genomicbackground,1023,3,1023_3
query_1024,0,genomicbackground,0,genomicbackground,0.009861882776021957,1024_3_RF00059_3_NC_000913.3_2185135-2185632_ext_80-280_int_95_off_55_percentage_31_position_66-95 genomicbackground,1024,3,1024_3
query_1025,0,genomicbackground,0,genomicbackground,0.007252736948430538,1025_3_RF00059_3_NC_000913.3_2185135-2185632_ext_80-280_int_95_off_60_percentage_36_position_61-95 genomicbackground,1025,3,1025_3
query_1026,0,genomicbackground,1,riboswitch,0.5612254738807678,1026_3_RF00059_3_NC_000913.3_2185135-2185632_ext_80-280_int_95_off_65_percentage_41_position_56-95 genomicbackground,1026,3,1026_3
query_1027,0,genomicbackground,0,genomicbackground,0.0191777553409338,1027_3_RF00059_3_NC_000913.3_2185135-2185632_ext_80-280_int_95_off_70_percentage_46_position_51-95 genomicbackground,1027,3,1027_3
query_1028,0,genomicbackground,0,genomicbackground,0.015502983704209328,1028_3_RF00059_3_NC_000913.3_2185135-2185632_ext_80-280_int_95_off_75_percentage_52_position_46-95 genomicbackground,1028,3,1028_3
query_1029,0,genomicbackground,1,riboswitch,0.9870917797088623,1029_3_RF00059_3_NC_000913.3_2185135-2185632_ext_80-280_int_95_off_80_percentage_57_position_41-95 genomicbackground,1029,3,1029_3
query_1030,0,genomicbackground,1,riboswitch,0.9910219311714172,1030_3_RF00059_3_NC_000913.3_2185135-2185632_ext_80-280_int_95_off_85_percentage_62_position_36-95 genomicbackground,1030,3,1030_3
query_1031,0,genomicbackground,1,riboswitch,0.9984234571456909,1031_3_RF00059_3_NC_000913.3_2185135-2185632_ext_80-280_int_95_off_90_percentage_67_position_31-95 genomicbackground,1031,3,1031_3
query_1032,0,genomicbackground,1,riboswitch,0.9969417452812195,1032_3_RF00059_3_NC_000913.3_2185135-2185632_ext_80-280_int_95_off_95_percentage_72_position_26-95 genomicbackground,1032,3,1032_3
query_1033,1,riboswitch,1,riboswitch,0.9996633529663086,1033_3_RF00059_3_NC_000913.3_2185135-2185632_ext_80-280_int_95_off_100_percentage_77_position_21-95 riboswitch,1033,3,1033_3
query_1034,1,riboswitch,1,riboswitch,0.9996905326843262,1034_3_RF00059_3_NC_000913.3_2185135-2185632_ext_80-280_int_95_off_105_percentage_82_position_16-95 riboswitch,1034,3,1034_3
query_1035,0,genomicbackground,0,genomicbackground,0.009118793532252312,1035_3_RF00059_3_NC_000913.3_2185135-2185632_ext_80-280_int_100_off_0_percentage_0_position_0-0 genomicbackground,1035,3,1035_3
query_1036,0,genomicbackground,0,genomicbackground,0.007515773177146912,1036_3_RF00059_3_NC_000913.3_2185135-2185632_ext_80-280_int_100_off_5_percentage_0_position_0-0 genomicbackground,1036,3,1036_3
query_1037,0,genomicbackground,0,genomicbackground,0.002802211092785001,1037_3_RF00059_3_NC_000913.3_2185135-2185632_ext_80-280_int_100_off_10_percentage_0_position_0-0 genomicbackground,1037,3,1037_3
query_1038,0,genomicbackground,0,genomicbackground,0.00252082129009068,1038_3_RF00059_3_NC_000913.3_2185135-2185632_ext_80-280_int_100_off_15_percentage_0_position_0-0 genomicbackground,1038,3,1038_3
query_1039,0,genomicbackground,0,genomicbackground,0.0031082259956747293,1039_3_RF00059_3_NC_000913.3_2185135-2185632_ext_80-280_int_100_off_20_percentage_0_position_0-0 genomicbackground,1039,3,1039_3
query_1040,0,genomicbackground,0,genomicbackground,0.0035019421484321356,1040_3_RF00059_3_NC_000913.3_2185135-2185632_ext_80-280_int_100_off_25_percentage_5_position_96-100 genomicbackground,1040,3,1040_3
query_1041,0,genomicbackground,0,genomicbackground,0.0030296670738607645,1041_3_RF00059_3_NC_000913.3_2185135-2185632_ext_80-280_int_100_off_30_percentage_10_position_91-100 genomicbackground,1041,3,1041_3
query_1042,0,genomicbackground,0,genomicbackground,0.006067811511456966,1042_3_RF00059_3_NC_000913.3_2185135-2185632_ext_80-280_int_100_off_35_percentage_15_position_86-100 genomicbackground,1042,3,1042_3
query_1043,0,genomicbackground,0,genomicbackground,0.009939785115420818,1043_3_RF00059_3_NC_000913.3_2185135-2185632_ext_80-280_int_100_off_40_percentage_21_position_81-100 genomicbackground,1043,3,1043_3
query_1044,0,genomicbackground,0,genomicbackground,0.02399170771241188,1044_3_RF00059_3_NC_000913.3_2185135-2185632_ext_80-280_int_100_off_45_percentage_26_position_76-100 genomicbackground,1044,3,1044_3
query_1045,0,genomicbackground,0,genomicbackground,0.0017257295548915863,1045_3_RF00059_3_NC_000913.3_2185135-2185632_ext_80-280_int_100_off_50_percentage_31_position_71-100 genomicbackground,1045,3,1045_3
query_1046,0,genomicbackground,0,genomicbackground,0.0075903902761638165,1046_3_RF00059_3_NC_000913.3_2185135-2185632_ext_80-280_int_100_off_55_percentage_36_position_66-100 genomicbackground,1046,3,1046_3
query_1047,0,genomicbackground,0,genomicbackground,0.03219693526625633,1047_3_RF00059_3_NC_000913.3_2185135-2185632_ext_80-280_int_100_off_60_percentage_41_position_61-100 genomicbackground,1047,3,1047_3
query_1048,0,genomicbackground,0,genomicbackground,0.3793645203113556,1048_3_RF00059_3_NC_000913.3_2185135-2185632_ext_80-280_int_100_off_65_percentage_46_position_56-100 genomicbackground,1048,3,1048_3
query_1049,0,genomicbackground,0,genomicbackground,0.029952114447951317,1049_3_RF00059_3_NC_000913.3_2185135-2185632_ext_80-280_int_100_off_70_percentage_52_position_51-100 genomicbackground,1049,3,1049_3
query_1050,0,genomicbackground,1,riboswitch,0.9875698685646057,1050_3_RF00059_3_NC_000913.3_2185135-2185632_ext_80-280_int_100_off_75_percentage_57_position_46-100 genomicbackground,1050,3,1050_3
query_1051,0,genomicbackground,1,riboswitch,0.9980573058128357,1051_3_RF00059_3_NC_000913.3_2185135-2185632_ext_80-280_int_100_off_80_percentage_62_position_41-100 genomicbackground,1051,3,1051_3
query_1052,0,genomicbackground,1,riboswitch,0.9930758476257324,1052_3_RF00059_3_NC_000913.3_2185135-2185632_ext_80-280_int_100_off_85_percentage_67_position_36-100 genomicbackground,1052,3,1052_3
query_1053,0,genomicbackground,1,riboswitch,0.9997420907020569,1053_3_RF00059_3_NC_000913.3_2185135-2185632_ext_80-280_int_100_off_90_percentage_72_position_31-100 genomicbackground,1053,3,1053_3
query_1054,1,riboswitch,1,riboswitch,0.999718964099884,1054_3_RF00059_3_NC_000913.3_2185135-2185632_ext_80-280_int_100_off_95_percentage_77_position_26-100 riboswitch,1054,3,1054_3
query_1055,1,riboswitch,1,riboswitch,0.9994192123413086,1055_3_RF00059_3_NC_000913.3_2185135-2185632_ext_80-280_int_100_off_100_percentage_82_position_21-100 riboswitch,1055,3,1055_3
query_1056,0,genomicbackground,0,genomicbackground,0.009105350822210312,1056_3_RF00059_3_NC_000913.3_2185135-2185632_ext_80-280_int_105_off_0_percentage_0_position_0-0 genomicbackground,1056,3,1056_3
query_1057,0,genomicbackground,0,genomicbackground,0.00750671187415719,1057_3_RF00059_3_NC_000913.3_2185135-2185632_ext_80-280_int_105_off_5_percentage_0_position_0-0 genomicbackground,1057,3,1057_3
query_1058,0,genomicbackground,0,genomicbackground,0.0027348946314305067,1058_3_RF00059_3_NC_000913.3_2185135-2185632_ext_80-280_int_105_off_10_percentage_0_position_0-0 genomicbackground,1058,3,1058_3
query_1059,0,genomicbackground,0,genomicbackground,0.0029403071384876966,1059_3_RF00059_3_NC_000913.3_2185135-2185632_ext_80-280_int_105_off_15_percentage_0_position_0-0 genomicbackground,1059,3,1059_3
query_1060,0,genomicbackground,0,genomicbackground,0.0035975337959825993,1060_3_RF00059_3_NC_000913.3_2185135-2185632_ext_80-280_int_105_off_20_percentage_5_position_101-105 genomicbackground,1060,3,1060_3
query_1061,0,genomicbackground,0,genomicbackground,0.0034545711241662502,1061_3_RF00059_3_NC_000913.3_2185135-2185632_ext_80-280_int_105_off_25_percentage_10_position_96-105 genomicbackground,1061,3,1061_3
query_1062,0,genomicbackground,0,genomicbackground,0.003677752334624529,1062_3_RF00059_3_NC_000913.3_2185135-2185632_ext_80-280_int_105_off_30_percentage_15_position_91-105 genomicbackground,1062,3,1062_3
query_1063,0,genomicbackground,0,genomicbackground,0.007116703782230616,1063_3_RF00059_3_NC_000913.3_2185135-2185632_ext_80-280_int_105_off_35_percentage_21_position_86-105 genomicbackground,1063,3,1063_3
query_1064,0,genomicbackground,0,genomicbackground,0.01939607784152031,1064_3_RF00059_3_NC_000913.3_2185135-2185632_ext_80-280_int_105_off_40_percentage_26_position_81-105 genomicbackground,1064,3,1064_3
query_1065,0,genomicbackground,0,genomicbackground,0.012611267156898975,1065_3_RF00059_3_NC_000913.3_2185135-2185632_ext_80-280_int_105_off_45_percentage_31_position_76-105 genomicbackground,1065,3,1065_3
query_1066,0,genomicbackground,0,genomicbackground,0.0070144860073924065,1066_3_RF00059_3_NC_000913.3_2185135-2185632_ext_80-280_int_105_off_50_percentage_36_position_71-105 genomicbackground,1066,3,1066_3
query_1067,0,genomicbackground,0,genomicbackground,0.03571586683392525,1067_3_RF00059_3_NC_000913.3_2185135-2185632_ext_80-280_int_105_off_55_percentage_41_position_66-105 genomicbackground,1067,3,1067_3
query_1068,0,genomicbackground,0,genomicbackground,0.08869685232639313,1068_3_RF00059_3_NC_000913.3_2185135-2185632_ext_80-280_int_105_off_60_percentage_46_position_61-105 genomicbackground,1068,3,1068_3
query_1069,0,genomicbackground,0,genomicbackground,0.05125284194946289,1069_3_RF00059_3_NC_000913.3_2185135-2185632_ext_80-280_int_105_off_65_percentage_52_position_56-105 genomicbackground,1069,3,1069_3
query_1070,0,genomicbackground,1,riboswitch,0.9899965524673462,1070_3_RF00059_3_NC_000913.3_2185135-2185632_ext_80-280_int_105_off_70_percentage_57_position_51-105 genomicbackground,1070,3,1070_3
query_1071,0,genomicbackground,1,riboswitch,0.9983093738555908,1071_3_RF00059_3_NC_000913.3_2185135-2185632_ext_80-280_int_105_off_75_percentage_62_position_46-105 genomicbackground,1071,3,1071_3
query_1072,0,genomicbackground,1,riboswitch,0.8982257843017578,1072_3_RF00059_3_NC_000913.3_2185135-2185632_ext_80-280_int_105_off_80_percentage_67_position_41-105 genomicbackground,1072,3,1072_3
query_1073,0,genomicbackground,1,riboswitch,0.9982163310050964,1073_3_RF00059_3_NC_000913.3_2185135-2185632_ext_80-280_int_105_off_85_percentage_72_position_36-105 genomicbackground,1073,3,1073_3
query_1074,1,riboswitch,1,riboswitch,0.9994088411331177,1074_3_RF00059_3_NC_000913.3_2185135-2185632_ext_80-280_int_105_off_90_percentage_77_position_31-105 riboswitch,1074,3,1074_3
query_1075,1,riboswitch,1,riboswitch,0.9995205402374268,1075_3_RF00059_3_NC_000913.3_2185135-2185632_ext_80-280_int_105_off_95_percentage_82_position_26-105 riboswitch,1075,3,1075_3
query_1076,0,genomicbackground,0,genomicbackground,0.009160937741398811,1076_3_RF00059_3_NC_000913.3_2185135-2185632_ext_80-280_int_110_off_0_percentage_0_position_0-0 genomicbackground,1076,3,1076_3
query_1077,0,genomicbackground,0,genomicbackground,0.007523614913225174,1077_3_RF00059_3_NC_000913.3_2185135-2185632_ext_80-280_int_110_off_5_percentage_0_position_0-0 genomicbackground,1077,3,1077_3
query_1078,0,genomicbackground,0,genomicbackground,0.0023098099045455456,1078_3_RF00059_3_NC_000913.3_2185135-2185632_ext_80-280_int_110_off_10_percentage_0_position_0-0 genomicbackground,1078,3,1078_3
query_1079,0,genomicbackground,0,genomicbackground,0.003388813463971019,1079_3_RF00059_3_NC_000913.3_2185135-2185632_ext_80-280_int_110_off_15_percentage_5_position_106-110 genomicbackground,1079,3,1079_3
query_1080,0,genomicbackground,0,genomicbackground,0.00357191264629364,1080_3_RF00059_3_NC_000913.3_2185135-2185632_ext_80-280_int_110_off_20_percentage_10_position_101-110 genomicbackground,1080,3,1080_3
query_1081,0,genomicbackground,0,genomicbackground,0.0041734687983989716,1081_3_RF00059_3_NC_000913.3_2185135-2185632_ext_80-280_int_110_off_25_percentage_15_position_96-110 genomicbackground,1081,3,1081_3
query_1082,0,genomicbackground,0,genomicbackground,0.003819562727585435,1082_3_RF00059_3_NC_000913.3_2185135-2185632_ext_80-280_int_110_off_30_percentage_21_position_91-110 genomicbackground,1082,3,1082_3
query_1083,0,genomicbackground,0,genomicbackground,0.007115292362868786,1083_3_RF00059_3_NC_000913.3_2185135-2185632_ext_80-280_int_110_off_35_percentage_26_position_86-110 genomicbackground,1083,3,1083_3
query_1084,0,genomicbackground,0,genomicbackground,0.009846883825957775,1084_3_RF00059_3_NC_000913.3_2185135-2185632_ext_80-280_int_110_off_40_percentage_31_position_81-110 genomicbackground,1084,3,1084_3
query_1085,0,genomicbackground,0,genomicbackground,0.0121334008872509,1085_3_RF00059_3_NC_000913.3_2185135-2185632_ext_80-280_int_110_off_45_percentage_36_position_76-110 genomicbackground,1085,3,1085_3
query_1086,0,genomicbackground,0,genomicbackground,0.04031224176287651,1086_3_RF00059_3_NC_000913.3_2185135-2185632_ext_80-280_int_110_off_50_percentage_41_position_71-110 genomicbackground,1086,3,1086_3
query_1087,0,genomicbackground,0,genomicbackground,0.06758534908294678,1087_3_RF00059_3_NC_000913.3_2185135-2185632_ext_80-280_int_110_off_55_percentage_46_position_66-110 genomicbackground,1087,3,1087_3
query_1088,0,genomicbackground,1,riboswitch,0.8540488481521606,1088_3_RF00059_3_NC_000913.3_2185135-2185632_ext_80-280_int_110_off_60_percentage_52_position_61-110 genomicbackground,1088,3,1088_3
query_1089,0,genomicbackground,1,riboswitch,0.996539831161499,1089_3_RF00059_3_NC_000913.3_2185135-2185632_ext_80-280_int_110_off_65_percentage_57_position_56-110 genomicbackground,1089,3,1089_3
query_1090,0,genomicbackground,1,riboswitch,0.9980024695396423,1090_3_RF00059_3_NC_000913.3_2185135-2185632_ext_80-280_int_110_off_70_percentage_62_position_51-110 genomicbackground,1090,3,1090_3
query_1091,0,genomicbackground,0,genomicbackground,0.10820311307907104,1091_3_RF00059_3_NC_000913.3_2185135-2185632_ext_80-280_int_110_off_75_percentage_67_position_46-110 genomicbackground,1091,3,1091_3
query_1092,0,genomicbackground,1,riboswitch,0.9986792206764221,1092_3_RF00059_3_NC_000913.3_2185135-2185632_ext_80-280_int_110_off_80_percentage_72_position_41-110 genomicbackground,1092,3,1092_3
query_1093,1,riboswitch,1,riboswitch,0.9978694915771484,1093_3_RF00059_3_NC_000913.3_2185135-2185632_ext_80-280_int_110_off_85_percentage_77_position_36-110 riboswitch,1093,3,1093_3
query_1094,1,riboswitch,1,riboswitch,0.9972227811813354,1094_3_RF00059_3_NC_000913.3_2185135-2185632_ext_80-280_int_110_off_90_percentage_82_position_31-110 riboswitch,1094,3,1094_3
query_1095,0,genomicbackground,0,genomicbackground,0.008905676193535328,1095_3_RF00059_3_NC_000913.3_2185135-2185632_ext_80-280_int_115_off_0_percentage_0_position_0-0 genomicbackground,1095,3,1095_3
query_1096,0,genomicbackground,0,genomicbackground,0.00581236882135272,1096_3_RF00059_3_NC_000913.3_2185135-2185632_ext_80-280_int_115_off_5_percentage_0_position_0-0 genomicbackground,1096,3,1096_3
query_1097,0,genomicbackground,0,genomicbackground,0.002510238206014037,1097_3_RF00059_3_NC_000913.3_2185135-2185632_ext_80-280_int_115_off_10_percentage_5_position_111-115 genomicbackground,1097,3,1097_3
query_1098,0,genomicbackground,0,genomicbackground,0.0034216926433146,1098_3_RF00059_3_NC_000913.3_2185135-2185632_ext_80-280_int_115_off_15_percentage_10_position_106-115 genomicbackground,1098,3,1098_3
query_1099,0,genomicbackground,0,genomicbackground,0.004202494863420725,1099_3_RF00059_3_NC_000913.3_2185135-2185632_ext_80-280_int_115_off_20_percentage_15_position_101-115 genomicbackground,1099,3,1099_3
query_1100,0,genomicbackground,0,genomicbackground,0.004257266875356436,1100_3_RF00059_3_NC_000913.3_2185135-2185632_ext_80-280_int_115_off_25_percentage_21_position_96-115 genomicbackground,1100,3,1100_3
query_1101,0,genomicbackground,0,genomicbackground,0.004149589221924543,1101_3_RF00059_3_NC_000913.3_2185135-2185632_ext_80-280_int_115_off_30_percentage_26_position_91-115 genomicbackground,1101,3,1101_3
query_1102,0,genomicbackground,0,genomicbackground,0.005765956826508045,1102_3_RF00059_3_NC_000913.3_2185135-2185632_ext_80-280_int_115_off_35_percentage_31_position_86-115 genomicbackground,1102,3,1102_3
query_1103,0,genomicbackground,0,genomicbackground,0.01095785666257143,1103_3_RF00059_3_NC_000913.3_2185135-2185632_ext_80-280_int_115_off_40_percentage_36_position_81-115 genomicbackground,1103,3,1103_3
query_1104,0,genomicbackground,0,genomicbackground,0.07840114086866379,1104_3_RF00059_3_NC_000913.3_2185135-2185632_ext_80-280_int_115_off_45_percentage_41_position_76-115 genomicbackground,1104,3,1104_3
query_1105,0,genomicbackground,0,genomicbackground,0.11957742273807526,1105_3_RF00059_3_NC_000913.3_2185135-2185632_ext_80-280_int_115_off_50_percentage_46_position_71-115 genomicbackground,1105,3,1105_3
query_1106,0,genomicbackground,1,riboswitch,0.7187243103981018,1106_3_RF00059_3_NC_000913.3_2185135-2185632_ext_80-280_int_115_off_55_percentage_52_position_66-115 genomicbackground,1106,3,1106_3
query_1107,0,genomicbackground,1,riboswitch,0.7531105875968933,1107_3_RF00059_3_NC_000913.3_2185135-2185632_ext_80-280_int_115_off_60_percentage_57_position_61-115 genomicbackground,1107,3,1107_3
query_1108,0,genomicbackground,1,riboswitch,0.9984636306762695,1108_3_RF00059_3_NC_000913.3_2185135-2185632_ext_80-280_int_115_off_65_percentage_62_position_56-115 genomicbackground,1108,3,1108_3
query_1109,0,genomicbackground,1,riboswitch,0.8940796852111816,1109_3_RF00059_3_NC_000913.3_2185135-2185632_ext_80-280_int_115_off_70_percentage_67_position_51-115 genomicbackground,1109,3,1109_3
query_1110,0,genomicbackground,1,riboswitch,0.9985107779502869,1110_3_RF00059_3_NC_000913.3_2185135-2185632_ext_80-280_int_115_off_75_percentage_72_position_46-115 genomicbackground,1110,3,1110_3
query_1111,1,riboswitch,1,riboswitch,0.9970595240592957,1111_3_RF00059_3_NC_000913.3_2185135-2185632_ext_80-280_int_115_off_80_percentage_77_position_41-115 riboswitch,1111,3,1111_3
query_1112,1,riboswitch,1,riboswitch,0.976115882396698,1112_3_RF00059_3_NC_000913.3_2185135-2185632_ext_80-280_int_115_off_85_percentage_82_position_36-115 riboswitch,1112,3,1112_3
query_1113,0,genomicbackground,0,genomicbackground,0.007362185977399349,1113_3_RF00059_3_NC_000913.3_2185135-2185632_ext_80-280_int_120_off_0_percentage_0_position_0-0 genomicbackground,1113,3,1113_3
query_1114,0,genomicbackground,0,genomicbackground,0.005540330428630114,1114_3_RF00059_3_NC_000913.3_2185135-2185632_ext_80-280_int_120_off_5_percentage_5_position_116-120 genomicbackground,1114,3,1114_3
query_1115,0,genomicbackground,0,genomicbackground,0.0026047106366604567,1115_3_RF00059_3_NC_000913.3_2185135-2185632_ext_80-280_int_120_off_10_percentage_10_position_111-120 genomicbackground,1115,3,1115_3
query_1116,0,genomicbackground,0,genomicbackground,0.003999934997409582,1116_3_RF00059_3_NC_000913.3_2185135-2185632_ext_80-280_int_120_off_15_percentage_15_position_106-120 genomicbackground,1116,3,1116_3
query_1117,0,genomicbackground,0,genomicbackground,0.0042719305492937565,1117_3_RF00059_3_NC_000913.3_2185135-2185632_ext_80-280_int_120_off_20_percentage_21_position_101-120 genomicbackground,1117,3,1117_3
query_1118,0,genomicbackground,0,genomicbackground,0.004600091837346554,1118_3_RF00059_3_NC_000913.3_2185135-2185632_ext_80-280_int_120_off_25_percentage_26_position_96-120 genomicbackground,1118,3,1118_3
query_1119,0,genomicbackground,0,genomicbackground,0.004041615407913923,1119_3_RF00059_3_NC_000913.3_2185135-2185632_ext_80-280_int_120_off_30_percentage_31_position_91-120 genomicbackground,1119,3,1119_3
query_1120,0,genomicbackground,0,genomicbackground,0.0075345938093960285,1120_3_RF00059_3_NC_000913.3_2185135-2185632_ext_80-280_int_120_off_35_percentage_36_position_86-120 genomicbackground,1120,3,1120_3
query_1121,0,genomicbackground,0,genomicbackground,0.02628958970308304,1121_3_RF00059_3_NC_000913.3_2185135-2185632_ext_80-280_int_120_off_40_percentage_41_position_81-120 genomicbackground,1121,3,1121_3
query_1122,0,genomicbackground,0,genomicbackground,0.06238001212477684,1122_3_RF00059_3_NC_000913.3_2185135-2185632_ext_80-280_int_120_off_45_percentage_46_position_76-120 genomicbackground,1122,3,1122_3
query_1123,0,genomicbackground,1,riboswitch,0.817419707775116,1123_3_RF00059_3_NC_000913.3_2185135-2185632_ext_80-280_int_120_off_50_percentage_52_position_71-120 genomicbackground,1123,3,1123_3
query_1124,0,genomicbackground,1,riboswitch,0.5777685046195984,1124_3_RF00059_3_NC_000913.3_2185135-2185632_ext_80-280_int_120_off_55_percentage_57_position_66-120 genomicbackground,1124,3,1124_3
query_1125,0,genomicbackground,1,riboswitch,0.9495196342468262,1125_3_RF00059_3_NC_000913.3_2185135-2185632_ext_80-280_int_120_off_60_percentage_62_position_61-120 genomicbackground,1125,3,1125_3
query_1126,0,genomicbackground,1,riboswitch,0.9397578239440918,1126_3_RF00059_3_NC_000913.3_2185135-2185632_ext_80-280_int_120_off_65_percentage_67_position_56-120 genomicbackground,1126,3,1126_3
query_1127,0,genomicbackground,1,riboswitch,0.9994664788246155,1127_3_RF00059_3_NC_000913.3_2185135-2185632_ext_80-280_int_120_off_70_percentage_72_position_51-120 genomicbackground,1127,3,1127_3
query_1128,1,riboswitch,1,riboswitch,0.9949138164520264,1128_3_RF00059_3_NC_000913.3_2185135-2185632_ext_80-280_int_120_off_75_percentage_77_position_46-120 riboswitch,1128,3,1128_3
query_1129,1,riboswitch,1,riboswitch,0.9978596568107605,1129_3_RF00059_3_NC_000913.3_2185135-2185632_ext_80-280_int_120_off_80_percentage_82_position_41-120 riboswitch,1129,3,1129_3
query_1130,0,genomicbackground,0,genomicbackground,0.006907715927809477,1130_3_RF00059_3_NC_000913.3_2185135-2185632_ext_80-280_int_125_off_0_percentage_5_position_121-125 genomicbackground,1130,3,1130_3
query_1131,0,genomicbackground,0,genomicbackground,0.005917727947235107,1131_3_RF00059_3_NC_000913.3_2185135-2185632_ext_80-280_int_125_off_5_percentage_10_position_116-125 genomicbackground,1131,3,1131_3
query_1132,0,genomicbackground,0,genomicbackground,0.003229306312277913,1132_3_RF00059_3_NC_000913.3_2185135-2185632_ext_80-280_int_125_off_10_percentage_15_position_111-125 genomicbackground,1132,3,1132_3
query_1133,0,genomicbackground,0,genomicbackground,0.0041101290844380856,1133_3_RF00059_3_NC_000913.3_2185135-2185632_ext_80-280_int_125_off_15_percentage_21_position_106-125 genomicbackground,1133,3,1133_3
query_1134,0,genomicbackground,0,genomicbackground,0.004588325507938862,1134_3_RF00059_3_NC_000913.3_2185135-2185632_ext_80-280_int_125_off_20_percentage_26_position_101-125 genomicbackground,1134,3,1134_3
query_1135,0,genomicbackground,0,genomicbackground,0.004942381754517555,1135_3_RF00059_3_NC_000913.3_2185135-2185632_ext_80-280_int_125_off_25_percentage_31_position_96-125 genomicbackground,1135,3,1135_3
query_1136,0,genomicbackground,0,genomicbackground,0.00473887100815773,1136_3_RF00059_3_NC_000913.3_2185135-2185632_ext_80-280_int_125_off_30_percentage_36_position_91-125 genomicbackground,1136,3,1136_3
query_1137,0,genomicbackground,0,genomicbackground,0.00873585231602192,1137_3_RF00059_3_NC_000913.3_2185135-2185632_ext_80-280_int_125_off_35_percentage_41_position_86-125 genomicbackground,1137,3,1137_3
query_1138,0,genomicbackground,0,genomicbackground,0.024902300909161568,1138_3_RF00059_3_NC_000913.3_2185135-2185632_ext_80-280_int_125_off_40_percentage_46_position_81-125 genomicbackground,1138,3,1138_3
query_1139,0,genomicbackground,0,genomicbackground,0.33943411707878113,1139_3_RF00059_3_NC_000913.3_2185135-2185632_ext_80-280_int_125_off_45_percentage_52_position_76-125 genomicbackground,1139,3,1139_3
query_1140,0,genomicbackground,1,riboswitch,0.7152237296104431,1140_3_RF00059_3_NC_000913.3_2185135-2185632_ext_80-280_int_125_off_50_percentage_57_position_71-125 genomicbackground,1140,3,1140_3
query_1141,0,genomicbackground,1,riboswitch,0.88736891746521,1141_3_RF00059_3_NC_000913.3_2185135-2185632_ext_80-280_int_125_off_55_percentage_62_position_66-125 genomicbackground,1141,3,1141_3
query_1142,0,genomicbackground,1,riboswitch,0.9917588829994202,1142_3_RF00059_3_NC_000913.3_2185135-2185632_ext_80-280_int_125_off_60_percentage_67_position_61-125 genomicbackground,1142,3,1142_3
query_1143,0,genomicbackground,1,riboswitch,0.9994114637374878,1143_3_RF00059_3_NC_000913.3_2185135-2185632_ext_80-280_int_125_off_65_percentage_72_position_56-125 genomicbackground,1143,3,1143_3
query_1144,1,riboswitch,1,riboswitch,0.9813266396522522,1144_3_RF00059_3_NC_000913.3_2185135-2185632_ext_80-280_int_125_off_70_percentage_77_position_51-125 riboswitch,1144,3,1144_3
query_1145,1,riboswitch,1,riboswitch,0.9513651728630066,1145_3_RF00059_3_NC_000913.3_2185135-2185632_ext_80-280_int_125_off_75_percentage_82_position_46-125 riboswitch,1145,3,1145_3
query_1146,0,genomicbackground,0,genomicbackground,0.00713128037750721,1146_3_RF00059_3_NC_000913.3_2185135-2185632_ext_80-280_int_130_off_0_percentage_10_position_121-130 genomicbackground,1146,3,1146_3
query_1147,0,genomicbackground,0,genomicbackground,0.0058635869063436985,1147_3_RF00059_3_NC_000913.3_2185135-2185632_ext_80-280_int_130_off_5_percentage_15_position_116-130 genomicbackground,1147,3,1147_3
query_1148,0,genomicbackground,0,genomicbackground,0.003312339074909687,1148_3_RF00059_3_NC_000913.3_2185135-2185632_ext_80-280_int_130_off_10_percentage_21_position_111-130 genomicbackground,1148,3,1148_3
query_1149,0,genomicbackground,0,genomicbackground,0.004407594911754131,1149_3_RF00059_3_NC_000913.3_2185135-2185632_ext_80-280_int_130_off_15_percentage_26_position_106-130 genomicbackground,1149,3,1149_3
query_1150,0,genomicbackground,0,genomicbackground,0.005029512103646994,1150_3_RF00059_3_NC_000913.3_2185135-2185632_ext_80-280_int_130_off_20_percentage_31_position_101-130 genomicbackground,1150,3,1150_3
query_1151,0,genomicbackground,0,genomicbackground,0.00523108197376132,1151_3_RF00059_3_NC_000913.3_2185135-2185632_ext_80-280_int_130_off_25_percentage_36_position_96-130 genomicbackground,1151,3,1151_3
query_1152,0,genomicbackground,0,genomicbackground,0.0050554657354950905,1152_3_RF00059_3_NC_000913.3_2185135-2185632_ext_80-280_int_130_off_30_percentage_41_position_91-130 genomicbackground,1152,3,1152_3
query_1153,0,genomicbackground,0,genomicbackground,0.009972980245947838,1153_3_RF00059_3_NC_000913.3_2185135-2185632_ext_80-280_int_130_off_35_percentage_46_position_86-130 genomicbackground,1153,3,1153_3
query_1154,0,genomicbackground,0,genomicbackground,0.06995323300361633,1154_3_RF00059_3_NC_000913.3_2185135-2185632_ext_80-280_int_130_off_40_percentage_52_position_81-130 genomicbackground,1154,3,1154_3
query_1155,0,genomicbackground,0,genomicbackground,0.2471798062324524,1155_3_RF00059_3_NC_000913.3_2185135-2185632_ext_80-280_int_130_off_45_percentage_57_position_76-130 genomicbackground,1155,3,1155_3
query_1156,0,genomicbackground,1,riboswitch,0.9370499849319458,1156_3_RF00059_3_NC_000913.3_2185135-2185632_ext_80-280_int_130_off_50_percentage_62_position_71-130 genomicbackground,1156,3,1156_3
query_1157,0,genomicbackground,1,riboswitch,0.9874711632728577,1157_3_RF00059_3_NC_000913.3_2185135-2185632_ext_80-280_int_130_off_55_percentage_67_position_66-130 genomicbackground,1157,3,1157_3
query_1158,0,genomicbackground,1,riboswitch,0.9843496680259705,1158_3_RF00059_3_NC_000913.3_2185135-2185632_ext_80-280_int_130_off_60_percentage_72_position_61-130 genomicbackground,1158,3,1158_3
query_1159,1,riboswitch,1,riboswitch,0.9837125539779663,1159_3_RF00059_3_NC_000913.3_2185135-2185632_ext_80-280_int_130_off_65_percentage_77_position_56-130 riboswitch,1159,3,1159_3
query_1160,1,riboswitch,0,genomicbackground,0.10826362669467926,1160_3_RF00059_3_NC_000913.3_2185135-2185632_ext_80-280_int_130_off_70_percentage_82_position_51-130 riboswitch,1160,3,1160_3
query_1161,0,genomicbackground,0,genomicbackground,0.007093219086527824,1161_3_RF00059_3_NC_000913.3_2185135-2185632_ext_80-280_int_135_off_0_percentage_15_position_121-135 genomicbackground,1161,3,1161_3
query_1162,0,genomicbackground,0,genomicbackground,0.006183954421430826,1162_3_RF00059_3_NC_000913.3_2185135-2185632_ext_80-280_int_135_off_5_percentage_21_position_116-135 genomicbackground,1162,3,1162_3
query_1163,0,genomicbackground,0,genomicbackground,0.00346185639500618,1163_3_RF00059_3_NC_000913.3_2185135-2185632_ext_80-280_int_135_off_10_percentage_26_position_111-135 genomicbackground,1163,3,1163_3
query_1164,0,genomicbackground,0,genomicbackground,0.0047601754777133465,1164_3_RF00059_3_NC_000913.3_2185135-2185632_ext_80-280_int_135_off_15_percentage_31_position_106-135 genomicbackground,1164,3,1164_3
query_1165,0,genomicbackground,0,genomicbackground,0.005220977123826742,1165_3_RF00059_3_NC_000913.3_2185135-2185632_ext_80-280_int_135_off_20_percentage_36_position_101-135 genomicbackground,1165,3,1165_3
query_1166,0,genomicbackground,0,genomicbackground,0.005452501121908426,1166_3_RF00059_3_NC_000913.3_2185135-2185632_ext_80-280_int_135_off_25_percentage_41_position_96-135 genomicbackground,1166,3,1166_3
query_1167,0,genomicbackground,0,genomicbackground,0.0054235574789345264,1167_3_RF00059_3_NC_000913.3_2185135-2185632_ext_80-280_int_135_off_30_percentage_46_position_91-135 genomicbackground,1167,3,1167_3
query_1168,0,genomicbackground,0,genomicbackground,0.012038398534059525,1168_3_RF00059_3_NC_000913.3_2185135-2185632_ext_80-280_int_135_off_35_percentage_52_position_86-135 genomicbackground,1168,3,1168_3
query_1169,0,genomicbackground,1,riboswitch,0.9573734998703003,1169_3_RF00059_3_NC_000913.3_2185135-2185632_ext_80-280_int_135_off_40_percentage_57_position_81-135 genomicbackground,1169,3,1169_3
query_1170,0,genomicbackground,0,genomicbackground,0.4221213161945343,1170_3_RF00059_3_NC_000913.3_2185135-2185632_ext_80-280_int_135_off_45_percentage_62_position_76-135 genomicbackground,1170,3,1170_3
query_1171,0,genomicbackground,1,riboswitch,0.9901208877563477,1171_3_RF00059_3_NC_000913.3_2185135-2185632_ext_80-280_int_135_off_50_percentage_67_position_71-135 genomicbackground,1171,3,1171_3
query_1172,0,genomicbackground,1,riboswitch,0.9942492246627808,1172_3_RF00059_3_NC_000913.3_2185135-2185632_ext_80-280_int_135_off_55_percentage_72_position_66-135 genomicbackground,1172,3,1172_3
query_1173,1,riboswitch,1,riboswitch,0.9904432892799377,1173_3_RF00059_3_NC_000913.3_2185135-2185632_ext_80-280_int_135_off_60_percentage_77_position_61-135 riboswitch,1173,3,1173_3
query_1174,1,riboswitch,0,genomicbackground,0.3792814612388611,1174_3_RF00059_3_NC_000913.3_2185135-2185632_ext_80-280_int_135_off_65_percentage_82_position_56-135 riboswitch,1174,3,1174_3
query_1175,0,genomicbackground,0,genomicbackground,0.004012552555650473,1175_3_RF00059_3_NC_000913.3_2185135-2185632_ext_80-280_int_140_off_0_percentage_21_position_121-140 genomicbackground,1175,3,1175_3
query_1176,0,genomicbackground,0,genomicbackground,0.007210478186607361,1176_3_RF00059_3_NC_000913.3_2185135-2185632_ext_80-280_int_140_off_5_percentage_26_position_116-140 genomicbackground,1176,3,1176_3
query_1177,0,genomicbackground,0,genomicbackground,0.004063595086336136,1177_3_RF00059_3_NC_000913.3_2185135-2185632_ext_80-280_int_140_off_10_percentage_31_position_111-140 genomicbackground,1177,3,1177_3
query_1178,0,genomicbackground,0,genomicbackground,0.005011776927858591,1178_3_RF00059_3_NC_000913.3_2185135-2185632_ext_80-280_int_140_off_15_percentage_36_position_106-140 genomicbackground,1178,3,1178_3
query_1179,0,genomicbackground,0,genomicbackground,0.005407894961535931,1179_3_RF00059_3_NC_000913.3_2185135-2185632_ext_80-280_int_140_off_20_percentage_41_position_101-140 genomicbackground,1179,3,1179_3
query_1180,0,genomicbackground,0,genomicbackground,0.00565981213003397,1180_3_RF00059_3_NC_000913.3_2185135-2185632_ext_80-280_int_140_off_25_percentage_46_position_96-140 genomicbackground,1180,3,1180_3
query_1181,0,genomicbackground,0,genomicbackground,0.006255981046706438,1181_3_RF00059_3_NC_000913.3_2185135-2185632_ext_80-280_int_140_off_30_percentage_52_position_91-140 genomicbackground,1181,3,1181_3
query_1182,0,genomicbackground,0,genomicbackground,0.010069318115711212,1182_3_RF00059_3_NC_000913.3_2185135-2185632_ext_80-280_int_140_off_35_percentage_57_position_86-140 genomicbackground,1182,3,1182_3
query_1183,0,genomicbackground,0,genomicbackground,0.02583705633878708,1183_3_RF00059_3_NC_000913.3_2185135-2185632_ext_80-280_int_140_off_40_percentage_62_position_81-140 genomicbackground,1183,3,1183_3
query_1184,0,genomicbackground,1,riboswitch,0.9608904123306274,1184_3_RF00059_3_NC_000913.3_2185135-2185632_ext_80-280_int_140_off_45_percentage_67_position_76-140 genomicbackground,1184,3,1184_3
query_1185,0,genomicbackground,1,riboswitch,0.9676308035850525,1185_3_RF00059_3_NC_000913.3_2185135-2185632_ext_80-280_int_140_off_50_percentage_72_position_71-140 genomicbackground,1185,3,1185_3
query_1186,1,riboswitch,1,riboswitch,0.9854925274848938,1186_3_RF00059_3_NC_000913.3_2185135-2185632_ext_80-280_int_140_off_55_percentage_77_position_66-140 riboswitch,1186,3,1186_3
query_1187,1,riboswitch,1,riboswitch,0.9523317813873291,1187_3_RF00059_3_NC_000913.3_2185135-2185632_ext_80-280_int_140_off_60_percentage_82_position_61-140 riboswitch,1187,3,1187_3
query_1188,0,genomicbackground,0,genomicbackground,0.0038518391083925962,1188_3_RF00059_3_NC_000913.3_2185135-2185632_ext_80-280_int_145_off_0_percentage_26_position_121-145 genomicbackground,1188,3,1188_3
query_1189,0,genomicbackground,0,genomicbackground,0.004391900263726711,1189_3_RF00059_3_NC_000913.3_2185135-2185632_ext_80-280_int_145_off_5_percentage_31_position_116-145 genomicbackground,1189,3,1189_3
query_1190,0,genomicbackground,0,genomicbackground,0.00404342170804739,1190_3_RF00059_3_NC_000913.3_2185135-2185632_ext_80-280_int_145_off_10_percentage_36_position_111-145 genomicbackground,1190,3,1190_3
query_1191,0,genomicbackground,0,genomicbackground,0.005240629427134991,1191_3_RF00059_3_NC_000913.3_2185135-2185632_ext_80-280_int_145_off_15_percentage_41_position_106-145 genomicbackground,1191,3,1191_3
query_1192,0,genomicbackground,0,genomicbackground,0.005601010285317898,1192_3_RF00059_3_NC_000913.3_2185135-2185632_ext_80-280_int_145_off_20_percentage_46_position_101-145 genomicbackground,1192,3,1192_3
query_1193,0,genomicbackground,0,genomicbackground,0.0062082260847091675,1193_3_RF00059_3_NC_000913.3_2185135-2185632_ext_80-280_int_145_off_25_percentage_52_position_96-145 genomicbackground,1193,3,1193_3
query_1194,0,genomicbackground,0,genomicbackground,0.00550219789147377,1194_3_RF00059_3_NC_000913.3_2185135-2185632_ext_80-280_int_145_off_30_percentage_57_position_91-145 genomicbackground,1194,3,1194_3
query_1195,0,genomicbackground,0,genomicbackground,0.01348175574094057,1195_3_RF00059_3_NC_000913.3_2185135-2185632_ext_80-280_int_145_off_35_percentage_62_position_86-145 genomicbackground,1195,3,1195_3
query_1196,0,genomicbackground,0,genomicbackground,0.21880386769771576,1196_3_RF00059_3_NC_000913.3_2185135-2185632_ext_80-280_int_145_off_40_percentage_67_position_81-145 genomicbackground,1196,3,1196_3
query_1197,0,genomicbackground,1,riboswitch,0.984327495098114,1197_3_RF00059_3_NC_000913.3_2185135-2185632_ext_80-280_int_145_off_45_percentage_72_position_76-145 genomicbackground,1197,3,1197_3
query_1198,1,riboswitch,1,riboswitch,0.9946527481079102,1198_3_RF00059_3_NC_000913.3_2185135-2185632_ext_80-280_int_145_off_50_percentage_77_position_71-145 riboswitch,1198,3,1198_3
query_1199,1,riboswitch,1,riboswitch,0.7090733647346497,1199_3_RF00059_3_NC_000913.3_2185135-2185632_ext_80-280_int_145_off_55_percentage_82_position_66-145 riboswitch,1199,3,1199_3
query_1200,0,genomicbackground,0,genomicbackground,0.0038297027349472046,1200_3_RF00059_3_NC_000913.3_2185135-2185632_ext_80-280_int_150_off_0_percentage_31_position_121-150 genomicbackground,1200,3,1200_3
query_1201,0,genomicbackground,0,genomicbackground,0.006894809193909168,1201_3_RF00059_3_NC_000913.3_2185135-2185632_ext_80-280_int_150_off_5_percentage_36_position_116-150 genomicbackground,1201,3,1201_3
query_1202,0,genomicbackground,0,genomicbackground,0.0042264717631042,1202_3_RF00059_3_NC_000913.3_2185135-2185632_ext_80-280_int_150_off_10_percentage_41_position_111-150 genomicbackground,1202,3,1202_3
query_1203,0,genomicbackground,0,genomicbackground,0.005509210284799337,1203_3_RF00059_3_NC_000913.3_2185135-2185632_ext_80-280_int_150_off_15_percentage_46_position_106-150 genomicbackground,1203,3,1203_3
query_1204,0,genomicbackground,0,genomicbackground,0.006010872777551413,1204_3_RF00059_3_NC_000913.3_2185135-2185632_ext_80-280_int_150_off_20_percentage_52_position_101-150 genomicbackground,1204,3,1204_3
query_1205,0,genomicbackground,0,genomicbackground,0.005248051602393389,1205_3_RF00059_3_NC_000913.3_2185135-2185632_ext_80-280_int_150_off_25_percentage_57_position_96-150 genomicbackground,1205,3,1205_3
query_1206,0,genomicbackground,0,genomicbackground,0.006538179237395525,1206_3_RF00059_3_NC_000913.3_2185135-2185632_ext_80-280_int_150_off_30_percentage_62_position_91-150 genomicbackground,1206,3,1206_3
query_1207,0,genomicbackground,0,genomicbackground,0.0134787792339921,1207_3_RF00059_3_NC_000913.3_2185135-2185632_ext_80-280_int_150_off_35_percentage_67_position_86-150 genomicbackground,1207,3,1207_3
query_1208,0,genomicbackground,0,genomicbackground,0.24743245542049408,1208_3_RF00059_3_NC_000913.3_2185135-2185632_ext_80-280_int_150_off_40_percentage_72_position_81-150 genomicbackground,1208,3,1208_3
query_1209,1,riboswitch,1,riboswitch,0.9954588413238525,1209_3_RF00059_3_NC_000913.3_2185135-2185632_ext_80-280_int_150_off_45_percentage_77_position_76-150 riboswitch,1209,3,1209_3
query_1210,1,riboswitch,1,riboswitch,0.6295758485794067,1210_3_RF00059_3_NC_000913.3_2185135-2185632_ext_80-280_int_150_off_50_percentage_82_position_71-150 riboswitch,1210,3,1210_3
query_1211,0,genomicbackground,0,genomicbackground,0.00427113426849246,1211_3_RF00059_3_NC_000913.3_2185135-2185632_ext_80-280_int_155_off_0_percentage_36_position_121-155 genomicbackground,1211,3,1211_3
query_1212,0,genomicbackground,0,genomicbackground,0.00784022081643343,1212_3_RF00059_3_NC_000913.3_2185135-2185632_ext_80-280_int_155_off_5_percentage_41_position_116-155 genomicbackground,1212,3,1212_3
query_1213,0,genomicbackground,0,genomicbackground,0.004487903323024511,1213_3_RF00059_3_NC_000913.3_2185135-2185632_ext_80-280_int_155_off_10_percentage_46_position_111-155 genomicbackground,1213,3,1213_3
query_1214,0,genomicbackground,0,genomicbackground,0.005929882638156414,1214_3_RF00059_3_NC_000913.3_2185135-2185632_ext_80-280_int_155_off_15_percentage_52_position_106-155 genomicbackground,1214,3,1214_3
query_1215,0,genomicbackground,0,genomicbackground,0.004945354536175728,1215_3_RF00059_3_NC_000913.3_2185135-2185632_ext_80-280_int_155_off_20_percentage_57_position_101-155 genomicbackground,1215,3,1215_3
query_1216,0,genomicbackground,0,genomicbackground,0.005876852199435234,1216_3_RF00059_3_NC_000913.3_2185135-2185632_ext_80-280_int_155_off_25_percentage_62_position_96-155 genomicbackground,1216,3,1216_3
query_1217,0,genomicbackground,0,genomicbackground,0.006857777945697308,1217_3_RF00059_3_NC_000913.3_2185135-2185632_ext_80-280_int_155_off_30_percentage_67_position_91-155 genomicbackground,1217,3,1217_3
query_1218,0,genomicbackground,0,genomicbackground,0.031839512288570404,1218_3_RF00059_3_NC_000913.3_2185135-2185632_ext_80-280_int_155_off_35_percentage_72_position_86-155 genomicbackground,1218,3,1218_3
query_1219,1,riboswitch,0,genomicbackground,0.08986213058233261,1219_3_RF00059_3_NC_000913.3_2185135-2185632_ext_80-280_int_155_off_40_percentage_77_position_81-155 riboswitch,1219,3,1219_3
query_1220,1,riboswitch,1,riboswitch,0.9399836659431458,1220_3_RF00059_3_NC_000913.3_2185135-2185632_ext_80-280_int_155_off_45_percentage_82_position_76-155 riboswitch,1220,3,1220_3
query_1221,0,genomicbackground,0,genomicbackground,0.010101457126438618,1221_3_RF00059_3_NC_000913.3_2185135-2185632_ext_80-280_int_160_off_0_percentage_41_position_121-160 genomicbackground,1221,3,1221_3
query_1222,0,genomicbackground,0,genomicbackground,0.00876681599766016,1222_3_RF00059_3_NC_000913.3_2185135-2185632_ext_80-280_int_160_off_5_percentage_46_position_116-160 genomicbackground,1222,3,1222_3
query_1223,0,genomicbackground,0,genomicbackground,0.004284797236323357,1223_3_RF00059_3_NC_000913.3_2185135-2185632_ext_80-280_int_160_off_10_percentage_52_position_111-160 genomicbackground,1223,3,1223_3
query_1224,0,genomicbackground,0,genomicbackground,0.004933050833642483,1224_3_RF00059_3_NC_000913.3_2185135-2185632_ext_80-280_int_160_off_15_percentage_57_position_106-160 genomicbackground,1224,3,1224_3
query_1225,0,genomicbackground,0,genomicbackground,0.005563171114772558,1225_3_RF00059_3_NC_000913.3_2185135-2185632_ext_80-280_int_160_off_20_percentage_62_position_101-160 genomicbackground,1225,3,1225_3
query_1226,0,genomicbackground,0,genomicbackground,0.00673249363899231,1226_3_RF00059_3_NC_000913.3_2185135-2185632_ext_80-280_int_160_off_25_percentage_67_position_96-160 genomicbackground,1226,3,1226_3
query_1227,0,genomicbackground,0,genomicbackground,0.011799988336861134,1227_3_RF00059_3_NC_000913.3_2185135-2185632_ext_80-280_int_160_off_30_percentage_72_position_91-160 genomicbackground,1227,3,1227_3
query_1228,1,riboswitch,0,genomicbackground,0.025957394391298294,1228_3_RF00059_3_NC_000913.3_2185135-2185632_ext_80-280_int_160_off_35_percentage_77_position_86-160 riboswitch,1228,3,1228_3
query_1229,1,riboswitch,0,genomicbackground,0.02274796925485134,1229_3_RF00059_3_NC_000913.3_2185135-2185632_ext_80-280_int_160_off_40_percentage_82_position_81-160 riboswitch,1229,3,1229_3
query_1230,0,genomicbackground,0,genomicbackground,0.011134754866361618,1230_3_RF00059_3_NC_000913.3_2185135-2185632_ext_80-280_int_165_off_0_percentage_46_position_121-165 genomicbackground,1230,3,1230_3
query_1231,0,genomicbackground,0,genomicbackground,0.010659603402018547,1231_3_RF00059_3_NC_000913.3_2185135-2185632_ext_80-280_int_165_off_5_percentage_52_position_116-165 genomicbackground,1231,3,1231_3
query_1232,0,genomicbackground,0,genomicbackground,0.004926872905343771,1232_3_RF00059_3_NC_000913.3_2185135-2185632_ext_80-280_int_165_off_10_percentage_57_position_111-165 genomicbackground,1232,3,1232_3
query_1233,0,genomicbackground,0,genomicbackground,0.005232164636254311,1233_3_RF00059_3_NC_000913.3_2185135-2185632_ext_80-280_int_165_off_15_percentage_62_position_106-165 genomicbackground,1233,3,1233_3
query_1234,0,genomicbackground,0,genomicbackground,0.006508206482976675,1234_3_RF00059_3_NC_000913.3_2185135-2185632_ext_80-280_int_165_off_20_percentage_67_position_101-165 genomicbackground,1234,3,1234_3
query_1235,0,genomicbackground,0,genomicbackground,0.007984088733792305,1235_3_RF00059_3_NC_000913.3_2185135-2185632_ext_80-280_int_165_off_25_percentage_72_position_96-165 genomicbackground,1235,3,1235_3
query_1236,1,riboswitch,0,genomicbackground,0.010993224568665028,1236_3_RF00059_3_NC_000913.3_2185135-2185632_ext_80-280_int_165_off_30_percentage_77_position_91-165 riboswitch,1236,3,1236_3
query_1237,1,riboswitch,0,genomicbackground,0.020207688212394714,1237_3_RF00059_3_NC_000913.3_2185135-2185632_ext_80-280_int_165_off_35_percentage_82_position_86-165 riboswitch,1237,3,1237_3
query_1238,0,genomicbackground,0,genomicbackground,0.014405492693185806,1238_3_RF00059_3_NC_000913.3_2185135-2185632_ext_80-280_int_170_off_0_percentage_52_position_121-170 genomicbackground,1238,3,1238_3
query_1239,0,genomicbackground,0,genomicbackground,0.009188507683575153,1239_3_RF00059_3_NC_000913.3_2185135-2185632_ext_80-280_int_170_off_5_percentage_57_position_116-170 genomicbackground,1239,3,1239_3
query_1240,0,genomicbackground,0,genomicbackground,0.003927851095795631,1240_3_RF00059_3_NC_000913.3_2185135-2185632_ext_80-280_int_170_off_10_percentage_62_position_111-170 genomicbackground,1240,3,1240_3
query_1241,0,genomicbackground,0,genomicbackground,0.006434641778469086,1241_3_RF00059_3_NC_000913.3_2185135-2185632_ext_80-280_int_170_off_15_percentage_67_position_106-170 genomicbackground,1241,3,1241_3
query_1242,0,genomicbackground,0,genomicbackground,0.006760339718312025,1242_3_RF00059_3_NC_000913.3_2185135-2185632_ext_80-280_int_170_off_20_percentage_72_position_101-170 genomicbackground,1242,3,1242_3
query_1243,1,riboswitch,0,genomicbackground,0.007871262729167938,1243_3_RF00059_3_NC_000913.3_2185135-2185632_ext_80-280_int_170_off_25_percentage_77_position_96-170 riboswitch,1243,3,1243_3
query_1244,1,riboswitch,0,genomicbackground,0.009722266346216202,1244_3_RF00059_3_NC_000913.3_2185135-2185632_ext_80-280_int_170_off_30_percentage_82_position_91-170 riboswitch,1244,3,1244_3
query_1245,0,genomicbackground,0,genomicbackground,0.005320949479937553,1245_3_RF00059_3_NC_000913.3_2185135-2185632_ext_80-280_int_175_off_0_percentage_57_position_121-175 genomicbackground,1245,3,1245_3
query_1246,0,genomicbackground,0,genomicbackground,0.011144757270812988,1246_3_RF00059_3_NC_000913.3_2185135-2185632_ext_80-280_int_175_off_5_percentage_62_position_116-175 genomicbackground,1246,3,1246_3
query_1247,0,genomicbackground,0,genomicbackground,0.0053817895241081715,1247_3_RF00059_3_NC_000913.3_2185135-2185632_ext_80-280_int_175_off_10_percentage_67_position_111-175 genomicbackground,1247,3,1247_3
query_1248,0,genomicbackground,0,genomicbackground,0.006878898944705725,1248_3_RF00059_3_NC_000913.3_2185135-2185632_ext_80-280_int_175_off_15_percentage_72_position_106-175 genomicbackground,1248,3,1248_3
query_1249,1,riboswitch,0,genomicbackground,0.0067497133277356625,1249_3_RF00059_3_NC_000913.3_2185135-2185632_ext_80-280_int_175_off_20_percentage_77_position_101-175 riboswitch,1249,3,1249_3
query_1250,1,riboswitch,0,genomicbackground,0.007558037061244249,1250_3_RF00059_3_NC_000913.3_2185135-2185632_ext_80-280_int_175_off_25_percentage_82_position_96-175 riboswitch,1250,3,1250_3
query_1251,0,genomicbackground,0,genomicbackground,0.005811168812215328,1251_3_RF00059_3_NC_000913.3_2185135-2185632_ext_80-280_int_180_off_0_percentage_62_position_121-180 genomicbackground,1251,3,1251_3
query_1252,0,genomicbackground,0,genomicbackground,0.005042847245931625,1252_3_RF00059_3_NC_000913.3_2185135-2185632_ext_80-280_int_180_off_5_percentage_67_position_116-180 genomicbackground,1252,3,1252_3
query_1253,0,genomicbackground,0,genomicbackground,0.006783993449062109,1253_3_RF00059_3_NC_000913.3_2185135-2185632_ext_80-280_int_180_off_10_percentage_72_position_111-180 genomicbackground,1253,3,1253_3
query_1254,1,riboswitch,0,genomicbackground,0.006812169216573238,1254_3_RF00059_3_NC_000913.3_2185135-2185632_ext_80-280_int_180_off_15_percentage_77_position_106-180 riboswitch,1254,3,1254_3
query_1255,1,riboswitch,0,genomicbackground,0.0066327922977507114,1255_3_RF00059_3_NC_000913.3_2185135-2185632_ext_80-280_int_180_off_20_percentage_82_position_101-180 riboswitch,1255,3,1255_3
query_1256,0,genomicbackground,0,genomicbackground,0.005948622245341539,1256_3_RF00059_3_NC_000913.3_2185135-2185632_ext_80-280_int_185_off_0_percentage_67_position_121-185 genomicbackground,1256,3,1256_3
query_1257,0,genomicbackground,0,genomicbackground,0.014829790219664574,1257_3_RF00059_3_NC_000913.3_2185135-2185632_ext_80-280_int_185_off_5_percentage_72_position_116-185 genomicbackground,1257,3,1257_3
query_1258,1,riboswitch,0,genomicbackground,0.006903748027980328,1258_3_RF00059_3_NC_000913.3_2185135-2185632_ext_80-280_int_185_off_10_percentage_77_position_111-185 riboswitch,1258,3,1258_3
query_1259,1,riboswitch,0,genomicbackground,0.006678422447293997,1259_3_RF00059_3_NC_000913.3_2185135-2185632_ext_80-280_int_185_off_15_percentage_82_position_106-185 riboswitch,1259,3,1259_3
query_1260,0,genomicbackground,0,genomicbackground,0.02169065549969673,1260_3_RF00059_3_NC_000913.3_2185135-2185632_ext_80-280_int_190_off_0_percentage_72_position_121-190 genomicbackground,1260,3,1260_3
query_1261,1,riboswitch,0,genomicbackground,0.006837426219135523,1261_3_RF00059_3_NC_000913.3_2185135-2185632_ext_80-280_int_190_off_5_percentage_77_position_116-190 riboswitch,1261,3,1261_3
query_1262,1,riboswitch,0,genomicbackground,0.006778877694159746,1262_3_RF00059_3_NC_000913.3_2185135-2185632_ext_80-280_int_190_off_10_percentage_82_position_111-190 riboswitch,1262,3,1262_3
query_1263,1,riboswitch,0,genomicbackground,0.008665927685797215,1263_3_RF00059_3_NC_000913.3_2185135-2185632_ext_80-280_int_195_off_0_percentage_77_position_121-195 riboswitch,1263,3,1263_3
query_1264,1,riboswitch,0,genomicbackground,0.006698183249682188,1264_3_RF00059_3_NC_000913.3_2185135-2185632_ext_80-280_int_195_off_5_percentage_82_position_116-195 riboswitch,1264,3,1264_3
query_1265,1,riboswitch,0,genomicbackground,0.008373767137527466,1265_3_RF00059_3_NC_000913.3_2185135-2185632_ext_80-280_int_200_off_0_percentage_82_position_121-200 riboswitch,1265,3,1265_3
query_1266,0,genomicbackground,0,genomicbackground,0.0026499975938349962,1266_3_RF00059_3_NC_000913.3_2185135-2185632_ext_100-300_int_95_off_0_percentage_0_position_0-0 genomicbackground,1266,3,1266_3
query_1267,0,genomicbackground,0,genomicbackground,0.0029213009402155876,1267_3_RF00059_3_NC_000913.3_2185135-2185632_ext_100-300_int_95_off_5_percentage_0_position_0-0 genomicbackground,1267,3,1267_3
query_1268,0,genomicbackground,0,genomicbackground,0.0029508285224437714,1268_3_RF00059_3_NC_000913.3_2185135-2185632_ext_100-300_int_95_off_10_percentage_5_position_91-95 genomicbackground,1268,3,1268_3
query_1269,0,genomicbackground,0,genomicbackground,0.00569832231849432,1269_3_RF00059_3_NC_000913.3_2185135-2185632_ext_100-300_int_95_off_15_percentage_10_position_86-95 genomicbackground,1269,3,1269_3
query_1270,0,genomicbackground,0,genomicbackground,0.01452254131436348,1270_3_RF00059_3_NC_000913.3_2185135-2185632_ext_100-300_int_95_off_20_percentage_15_position_81-95 genomicbackground,1270,3,1270_3
query_1271,0,genomicbackground,0,genomicbackground,0.011922760866582394,1271_3_RF00059_3_NC_000913.3_2185135-2185632_ext_100-300_int_95_off_25_percentage_21_position_76-95 genomicbackground,1271,3,1271_3
query_1272,0,genomicbackground,0,genomicbackground,0.018628861755132675,1272_3_RF00059_3_NC_000913.3_2185135-2185632_ext_100-300_int_95_off_30_percentage_26_position_71-95 genomicbackground,1272,3,1272_3
query_1273,0,genomicbackground,0,genomicbackground,0.00986188743263483,1273_3_RF00059_3_NC_000913.3_2185135-2185632_ext_100-300_int_95_off_35_percentage_31_position_66-95 genomicbackground,1273,3,1273_3
query_1274,0,genomicbackground,0,genomicbackground,0.007252736948430538,1274_3_RF00059_3_NC_000913.3_2185135-2185632_ext_100-300_int_95_off_40_percentage_36_position_61-95 genomicbackground,1274,3,1274_3
query_1275,0,genomicbackground,1,riboswitch,0.5612254738807678,1275_3_RF00059_3_NC_000913.3_2185135-2185632_ext_100-300_int_95_off_45_percentage_41_position_56-95 genomicbackground,1275,3,1275_3
query_1276,0,genomicbackground,0,genomicbackground,0.0191777553409338,1276_3_RF00059_3_NC_000913.3_2185135-2185632_ext_100-300_int_95_off_50_percentage_46_position_51-95 genomicbackground,1276,3,1276_3
query_1277,0,genomicbackground,0,genomicbackground,0.015502983704209328,1277_3_RF00059_3_NC_000913.3_2185135-2185632_ext_100-300_int_95_off_55_percentage_52_position_46-95 genomicbackground,1277,3,1277_3
query_1278,0,genomicbackground,1,riboswitch,0.9870917797088623,1278_3_RF00059_3_NC_000913.3_2185135-2185632_ext_100-300_int_95_off_60_percentage_57_position_41-95 genomicbackground,1278,3,1278_3
query_1279,0,genomicbackground,1,riboswitch,0.9910219311714172,1279_3_RF00059_3_NC_000913.3_2185135-2185632_ext_100-300_int_95_off_65_percentage_62_position_36-95 genomicbackground,1279,3,1279_3
query_1280,0,genomicbackground,1,riboswitch,0.9984234571456909,1280_3_RF00059_3_NC_000913.3_2185135-2185632_ext_100-300_int_95_off_70_percentage_67_position_31-95 genomicbackground,1280,3,1280_3
query_1281,0,genomicbackground,1,riboswitch,0.9969417452812195,1281_3_RF00059_3_NC_000913.3_2185135-2185632_ext_100-300_int_95_off_75_percentage_72_position_26-95 genomicbackground,1281,3,1281_3
query_1282,1,riboswitch,1,riboswitch,0.9996633529663086,1282_3_RF00059_3_NC_000913.3_2185135-2185632_ext_100-300_int_95_off_80_percentage_77_position_21-95 riboswitch,1282,3,1282_3
query_1283,1,riboswitch,1,riboswitch,0.9996905326843262,1283_3_RF00059_3_NC_000913.3_2185135-2185632_ext_100-300_int_95_off_85_percentage_82_position_16-95 riboswitch,1283,3,1283_3
query_1284,1,riboswitch,1,riboswitch,0.9985652565956116,1284_3_RF00059_3_NC_000913.3_2185135-2185632_ext_100-300_int_95_off_90_percentage_88_position_11-95 riboswitch,1284,3,1284_3
query_1285,1,riboswitch,1,riboswitch,0.9992780089378357,1285_3_RF00059_3_NC_000913.3_2185135-2185632_ext_100-300_int_95_off_95_percentage_93_position_6-95 riboswitch,1285,3,1285_3
query_1286,1,riboswitch,1,riboswitch,0.9993062019348145,1286_3_RF00059_3_NC_000913.3_2185135-2185632_ext_100-300_int_95_off_100_percentage_98_position_1-95 riboswitch,1286,3,1286_3
query_1287,1,riboswitch,1,riboswitch,0.999823272228241,1287_3_RF00059_3_NC_000913.3_2185135-2185632_ext_100-300_int_95_off_105_percentage_95_position_1-92 riboswitch,1287,3,1287_3
query_1288,0,genomicbackground,0,genomicbackground,0.0031082259956747293,1288_3_RF00059_3_NC_000913.3_2185135-2185632_ext_100-300_int_100_off_0_percentage_0_position_0-0 genomicbackground,1288,3,1288_3
query_1289,0,genomicbackground,0,genomicbackground,0.0035019421484321356,1289_3_RF00059_3_NC_000913.3_2185135-2185632_ext_100-300_int_100_off_5_percentage_5_position_96-100 genomicbackground,1289,3,1289_3
query_1290,0,genomicbackground,0,genomicbackground,0.0030296670738607645,1290_3_RF00059_3_NC_000913.3_2185135-2185632_ext_100-300_int_100_off_10_percentage_10_position_91-100 genomicbackground,1290,3,1290_3
query_1291,0,genomicbackground,0,genomicbackground,0.006067811511456966,1291_3_RF00059_3_NC_000913.3_2185135-2185632_ext_100-300_int_100_off_15_percentage_15_position_86-100 genomicbackground,1291,3,1291_3
query_1292,0,genomicbackground,0,genomicbackground,0.009939785115420818,1292_3_RF00059_3_NC_000913.3_2185135-2185632_ext_100-300_int_100_off_20_percentage_21_position_81-100 genomicbackground,1292,3,1292_3
query_1293,0,genomicbackground,0,genomicbackground,0.02399170771241188,1293_3_RF00059_3_NC_000913.3_2185135-2185632_ext_100-300_int_100_off_25_percentage_26_position_76-100 genomicbackground,1293,3,1293_3
query_1294,0,genomicbackground,0,genomicbackground,0.0017257295548915863,1294_3_RF00059_3_NC_000913.3_2185135-2185632_ext_100-300_int_100_off_30_percentage_31_position_71-100 genomicbackground,1294,3,1294_3
query_1295,0,genomicbackground,0,genomicbackground,0.0075903902761638165,1295_3_RF00059_3_NC_000913.3_2185135-2185632_ext_100-300_int_100_off_35_percentage_36_position_66-100 genomicbackground,1295,3,1295_3
query_1296,0,genomicbackground,0,genomicbackground,0.03219693526625633,1296_3_RF00059_3_NC_000913.3_2185135-2185632_ext_100-300_int_100_off_40_percentage_41_position_61-100 genomicbackground,1296,3,1296_3
query_1297,0,genomicbackground,0,genomicbackground,0.3793645203113556,1297_3_RF00059_3_NC_000913.3_2185135-2185632_ext_100-300_int_100_off_45_percentage_46_position_56-100 genomicbackground,1297,3,1297_3
query_1298,0,genomicbackground,0,genomicbackground,0.029952114447951317,1298_3_RF00059_3_NC_000913.3_2185135-2185632_ext_100-300_int_100_off_50_percentage_52_position_51-100 genomicbackground,1298,3,1298_3
query_1299,0,genomicbackground,1,riboswitch,0.9875698685646057,1299_3_RF00059_3_NC_000913.3_2185135-2185632_ext_100-300_int_100_off_55_percentage_57_position_46-100 genomicbackground,1299,3,1299_3
query_1300,0,genomicbackground,1,riboswitch,0.9980573058128357,1300_3_RF00059_3_NC_000913.3_2185135-2185632_ext_100-300_int_100_off_60_percentage_62_position_41-100 genomicbackground,1300,3,1300_3
query_1301,0,genomicbackground,1,riboswitch,0.9930758476257324,1301_3_RF00059_3_NC_000913.3_2185135-2185632_ext_100-300_int_100_off_65_percentage_67_position_36-100 genomicbackground,1301,3,1301_3
query_1302,0,genomicbackground,1,riboswitch,0.9997420907020569,1302_3_RF00059_3_NC_000913.3_2185135-2185632_ext_100-300_int_100_off_70_percentage_72_position_31-100 genomicbackground,1302,3,1302_3
query_1303,1,riboswitch,1,riboswitch,0.999718964099884,1303_3_RF00059_3_NC_000913.3_2185135-2185632_ext_100-300_int_100_off_75_percentage_77_position_26-100 riboswitch,1303,3,1303_3
query_1304,1,riboswitch,1,riboswitch,0.9994192123413086,1304_3_RF00059_3_NC_000913.3_2185135-2185632_ext_100-300_int_100_off_80_percentage_82_position_21-100 riboswitch,1304,3,1304_3
query_1305,1,riboswitch,1,riboswitch,0.999711811542511,1305_3_RF00059_3_NC_000913.3_2185135-2185632_ext_100-300_int_100_off_85_percentage_88_position_16-100 riboswitch,1305,3,1305_3
query_1306,1,riboswitch,1,riboswitch,0.9990845918655396,1306_3_RF00059_3_NC_000913.3_2185135-2185632_ext_100-300_int_100_off_90_percentage_93_position_11-100 riboswitch,1306,3,1306_3
query_1307,1,riboswitch,1,riboswitch,0.9992251396179199,1307_3_RF00059_3_NC_000913.3_2185135-2185632_ext_100-300_int_100_off_95_percentage_98_position_6-100 riboswitch,1307,3,1307_3
query_1308,1,riboswitch,1,riboswitch,0.9998260140419006,1308_3_RF00059_3_NC_000913.3_2185135-2185632_ext_100-300_int_100_off_100_percentage_100_position_1-97 riboswitch,1308,3,1308_3
query_1309,0,genomicbackground,0,genomicbackground,0.0035975337959825993,1309_3_RF00059_3_NC_000913.3_2185135-2185632_ext_100-300_int_105_off_0_percentage_5_position_101-105 genomicbackground,1309,3,1309_3
query_1310,0,genomicbackground,0,genomicbackground,0.0034545711241662502,1310_3_RF00059_3_NC_000913.3_2185135-2185632_ext_100-300_int_105_off_5_percentage_10_position_96-105 genomicbackground,1310,3,1310_3
query_1311,0,genomicbackground,0,genomicbackground,0.003677754197269678,1311_3_RF00059_3_NC_000913.3_2185135-2185632_ext_100-300_int_105_off_10_percentage_15_position_91-105 genomicbackground,1311,3,1311_3
query_1312,0,genomicbackground,0,genomicbackground,0.007116710767149925,1312_3_RF00059_3_NC_000913.3_2185135-2185632_ext_100-300_int_105_off_15_percentage_21_position_86-105 genomicbackground,1312,3,1312_3
query_1313,0,genomicbackground,0,genomicbackground,0.01939607784152031,1313_3_RF00059_3_NC_000913.3_2185135-2185632_ext_100-300_int_105_off_20_percentage_26_position_81-105 genomicbackground,1313,3,1313_3
query_1314,0,genomicbackground,0,genomicbackground,0.012611267156898975,1314_3_RF00059_3_NC_000913.3_2185135-2185632_ext_100-300_int_105_off_25_percentage_31_position_76-105 genomicbackground,1314,3,1314_3
query_1315,0,genomicbackground,0,genomicbackground,0.0070144860073924065,1315_3_RF00059_3_NC_000913.3_2185135-2185632_ext_100-300_int_105_off_30_percentage_36_position_71-105 genomicbackground,1315,3,1315_3
query_1316,0,genomicbackground,0,genomicbackground,0.03571586683392525,1316_3_RF00059_3_NC_000913.3_2185135-2185632_ext_100-300_int_105_off_35_percentage_41_position_66-105 genomicbackground,1316,3,1316_3
query_1317,0,genomicbackground,0,genomicbackground,0.08869685232639313,1317_3_RF00059_3_NC_000913.3_2185135-2185632_ext_100-300_int_105_off_40_percentage_46_position_61-105 genomicbackground,1317,3,1317_3
query_1318,0,genomicbackground,0,genomicbackground,0.05125284194946289,1318_3_RF00059_3_NC_000913.3_2185135-2185632_ext_100-300_int_105_off_45_percentage_52_position_56-105 genomicbackground,1318,3,1318_3
query_1319,0,genomicbackground,1,riboswitch,0.9899965524673462,1319_3_RF00059_3_NC_000913.3_2185135-2185632_ext_100-300_int_105_off_50_percentage_57_position_51-105 genomicbackground,1319,3,1319_3
query_1320,0,genomicbackground,1,riboswitch,0.9983093738555908,1320_3_RF00059_3_NC_000913.3_2185135-2185632_ext_100-300_int_105_off_55_percentage_62_position_46-105 genomicbackground,1320,3,1320_3
query_1321,0,genomicbackground,1,riboswitch,0.8982257843017578,1321_3_RF00059_3_NC_000913.3_2185135-2185632_ext_100-300_int_105_off_60_percentage_67_position_41-105 genomicbackground,1321,3,1321_3
query_1322,0,genomicbackground,1,riboswitch,0.9982163310050964,1322_3_RF00059_3_NC_000913.3_2185135-2185632_ext_100-300_int_105_off_65_percentage_72_position_36-105 genomicbackground,1322,3,1322_3
query_1323,1,riboswitch,1,riboswitch,0.9994088411331177,1323_3_RF00059_3_NC_000913.3_2185135-2185632_ext_100-300_int_105_off_70_percentage_77_position_31-105 riboswitch,1323,3,1323_3
query_1324,1,riboswitch,1,riboswitch,0.9995205402374268,1324_3_RF00059_3_NC_000913.3_2185135-2185632_ext_100-300_int_105_off_75_percentage_82_position_26-105 riboswitch,1324,3,1324_3
query_1325,1,riboswitch,1,riboswitch,0.9952347874641418,1325_3_RF00059_3_NC_000913.3_2185135-2185632_ext_100-300_int_105_off_80_percentage_88_position_21-105 riboswitch,1325,3,1325_3
query_1326,1,riboswitch,1,riboswitch,0.9989984631538391,1326_3_RF00059_3_NC_000913.3_2185135-2185632_ext_100-300_int_105_off_85_percentage_93_position_16-105 riboswitch,1326,3,1326_3
query_1327,1,riboswitch,1,riboswitch,0.9988370537757874,1327_3_RF00059_3_NC_000913.3_2185135-2185632_ext_100-300_int_105_off_90_percentage_98_position_11-105 riboswitch,1327,3,1327_3
query_1328,1,riboswitch,1,riboswitch,0.9998161196708679,1328_3_RF00059_3_NC_000913.3_2185135-2185632_ext_100-300_int_105_off_95_percentage_100_position_6-102 riboswitch,1328,3,1328_3
query_1329,0,genomicbackground,0,genomicbackground,0.00357191264629364,1329_3_RF00059_3_NC_000913.3_2185135-2185632_ext_100-300_int_110_off_0_percentage_10_position_101-110 genomicbackground,1329,3,1329_3
query_1330,0,genomicbackground,0,genomicbackground,0.0041734687983989716,1330_3_RF00059_3_NC_000913.3_2185135-2185632_ext_100-300_int_110_off_5_percentage_15_position_96-110 genomicbackground,1330,3,1330_3
query_1331,0,genomicbackground,0,genomicbackground,0.003819562727585435,1331_3_RF00059_3_NC_000913.3_2185135-2185632_ext_100-300_int_110_off_10_percentage_21_position_91-110 genomicbackground,1331,3,1331_3
query_1332,0,genomicbackground,0,genomicbackground,0.007115292362868786,1332_3_RF00059_3_NC_000913.3_2185135-2185632_ext_100-300_int_110_off_15_percentage_26_position_86-110 genomicbackground,1332,3,1332_3
query_1333,0,genomicbackground,0,genomicbackground,0.009846883825957775,1333_3_RF00059_3_NC_000913.3_2185135-2185632_ext_100-300_int_110_off_20_percentage_31_position_81-110 genomicbackground,1333,3,1333_3
query_1334,0,genomicbackground,0,genomicbackground,0.0121334008872509,1334_3_RF00059_3_NC_000913.3_2185135-2185632_ext_100-300_int_110_off_25_percentage_36_position_76-110 genomicbackground,1334,3,1334_3
query_1335,0,genomicbackground,0,genomicbackground,0.04031224176287651,1335_3_RF00059_3_NC_000913.3_2185135-2185632_ext_100-300_int_110_off_30_percentage_41_position_71-110 genomicbackground,1335,3,1335_3
query_1336,0,genomicbackground,0,genomicbackground,0.06758534908294678,1336_3_RF00059_3_NC_000913.3_2185135-2185632_ext_100-300_int_110_off_35_percentage_46_position_66-110 genomicbackground,1336,3,1336_3
query_1337,0,genomicbackground,1,riboswitch,0.854049026966095,1337_3_RF00059_3_NC_000913.3_2185135-2185632_ext_100-300_int_110_off_40_percentage_52_position_61-110 genomicbackground,1337,3,1337_3
query_1338,0,genomicbackground,1,riboswitch,0.996539831161499,1338_3_RF00059_3_NC_000913.3_2185135-2185632_ext_100-300_int_110_off_45_percentage_57_position_56-110 genomicbackground,1338,3,1338_3
query_1339,0,genomicbackground,1,riboswitch,0.9980024695396423,1339_3_RF00059_3_NC_000913.3_2185135-2185632_ext_100-300_int_110_off_50_percentage_62_position_51-110 genomicbackground,1339,3,1339_3
query_1340,0,genomicbackground,0,genomicbackground,0.10820311307907104,1340_3_RF00059_3_NC_000913.3_2185135-2185632_ext_100-300_int_110_off_55_percentage_67_position_46-110 genomicbackground,1340,3,1340_3
query_1341,0,genomicbackground,1,riboswitch,0.9986792206764221,1341_3_RF00059_3_NC_000913.3_2185135-2185632_ext_100-300_int_110_off_60_percentage_72_position_41-110 genomicbackground,1341,3,1341_3
query_1342,1,riboswitch,1,riboswitch,0.9978694915771484,1342_3_RF00059_3_NC_000913.3_2185135-2185632_ext_100-300_int_110_off_65_percentage_77_position_36-110 riboswitch,1342,3,1342_3
query_1343,1,riboswitch,1,riboswitch,0.9972227811813354,1343_3_RF00059_3_NC_000913.3_2185135-2185632_ext_100-300_int_110_off_70_percentage_82_position_31-110 riboswitch,1343,3,1343_3
query_1344,1,riboswitch,1,riboswitch,0.9966952800750732,1344_3_RF00059_3_NC_000913.3_2185135-2185632_ext_100-300_int_110_off_75_percentage_88_position_26-110 riboswitch,1344,3,1344_3
query_1345,1,riboswitch,1,riboswitch,0.9977516531944275,1345_3_RF00059_3_NC_000913.3_2185135-2185632_ext_100-300_int_110_off_80_percentage_93_position_21-110 riboswitch,1345,3,1345_3
query_1346,1,riboswitch,1,riboswitch,0.9986169338226318,1346_3_RF00059_3_NC_000913.3_2185135-2185632_ext_100-300_int_110_off_85_percentage_98_position_16-110 riboswitch,1346,3,1346_3
query_1347,1,riboswitch,1,riboswitch,0.9997997879981995,1347_3_RF00059_3_NC_000913.3_2185135-2185632_ext_100-300_int_110_off_90_percentage_100_position_11-107 riboswitch,1347,3,1347_3
query_1348,0,genomicbackground,0,genomicbackground,0.004202494863420725,1348_3_RF00059_3_NC_000913.3_2185135-2185632_ext_100-300_int_115_off_0_percentage_15_position_101-115 genomicbackground,1348,3,1348_3
query_1349,0,genomicbackground,0,genomicbackground,0.004257266875356436,1349_3_RF00059_3_NC_000913.3_2185135-2185632_ext_100-300_int_115_off_5_percentage_21_position_96-115 genomicbackground,1349,3,1349_3
query_1350,0,genomicbackground,0,genomicbackground,0.004149589221924543,1350_3_RF00059_3_NC_000913.3_2185135-2185632_ext_100-300_int_115_off_10_percentage_26_position_91-115 genomicbackground,1350,3,1350_3
query_1351,0,genomicbackground,0,genomicbackground,0.005765956826508045,1351_3_RF00059_3_NC_000913.3_2185135-2185632_ext_100-300_int_115_off_15_percentage_31_position_86-115 genomicbackground,1351,3,1351_3
query_1352,0,genomicbackground,0,genomicbackground,0.01095785666257143,1352_3_RF00059_3_NC_000913.3_2185135-2185632_ext_100-300_int_115_off_20_percentage_36_position_81-115 genomicbackground,1352,3,1352_3
query_1353,0,genomicbackground,0,genomicbackground,0.07840114086866379,1353_3_RF00059_3_NC_000913.3_2185135-2185632_ext_100-300_int_115_off_25_percentage_41_position_76-115 genomicbackground,1353,3,1353_3
query_1354,0,genomicbackground,0,genomicbackground,0.11957742273807526,1354_3_RF00059_3_NC_000913.3_2185135-2185632_ext_100-300_int_115_off_30_percentage_46_position_71-115 genomicbackground,1354,3,1354_3
query_1355,0,genomicbackground,1,riboswitch,0.7187243103981018,1355_3_RF00059_3_NC_000913.3_2185135-2185632_ext_100-300_int_115_off_35_percentage_52_position_66-115 genomicbackground,1355,3,1355_3
query_1356,0,genomicbackground,1,riboswitch,0.7531105875968933,1356_3_RF00059_3_NC_000913.3_2185135-2185632_ext_100-300_int_115_off_40_percentage_57_position_61-115 genomicbackground,1356,3,1356_3
query_1357,0,genomicbackground,1,riboswitch,0.9984636306762695,1357_3_RF00059_3_NC_000913.3_2185135-2185632_ext_100-300_int_115_off_45_percentage_62_position_56-115 genomicbackground,1357,3,1357_3
query_1358,0,genomicbackground,1,riboswitch,0.8940796852111816,1358_3_RF00059_3_NC_000913.3_2185135-2185632_ext_100-300_int_115_off_50_percentage_67_position_51-115 genomicbackground,1358,3,1358_3
query_1359,0,genomicbackground,1,riboswitch,0.9985107779502869,1359_3_RF00059_3_NC_000913.3_2185135-2185632_ext_100-300_int_115_off_55_percentage_72_position_46-115 genomicbackground,1359,3,1359_3
query_1360,1,riboswitch,1,riboswitch,0.9970595240592957,1360_3_RF00059_3_NC_000913.3_2185135-2185632_ext_100-300_int_115_off_60_percentage_77_position_41-115 riboswitch,1360,3,1360_3
query_1361,1,riboswitch,1,riboswitch,0.976115882396698,1361_3_RF00059_3_NC_000913.3_2185135-2185632_ext_100-300_int_115_off_65_percentage_82_position_36-115 riboswitch,1361,3,1361_3
query_1362,1,riboswitch,1,riboswitch,0.933232843875885,1362_3_RF00059_3_NC_000913.3_2185135-2185632_ext_100-300_int_115_off_70_percentage_88_position_31-115 riboswitch,1362,3,1362_3
query_1363,1,riboswitch,1,riboswitch,0.9979053735733032,1363_3_RF00059_3_NC_000913.3_2185135-2185632_ext_100-300_int_115_off_75_percentage_93_position_26-115 riboswitch,1363,3,1363_3
query_1364,1,riboswitch,1,riboswitch,0.996243953704834,1364_3_RF00059_3_NC_000913.3_2185135-2185632_ext_100-300_int_115_off_80_percentage_98_position_21-115 riboswitch,1364,3,1364_3
query_1365,1,riboswitch,1,riboswitch,0.9997908473014832,1365_3_RF00059_3_NC_000913.3_2185135-2185632_ext_100-300_int_115_off_85_percentage_100_position_16-112 riboswitch,1365,3,1365_3
query_1366,0,genomicbackground,0,genomicbackground,0.0042719305492937565,1366_3_RF00059_3_NC_000913.3_2185135-2185632_ext_100-300_int_120_off_0_percentage_21_position_101-120 genomicbackground,1366,3,1366_3
query_1367,0,genomicbackground,0,genomicbackground,0.004600091837346554,1367_3_RF00059_3_NC_000913.3_2185135-2185632_ext_100-300_int_120_off_5_percentage_26_position_96-120 genomicbackground,1367,3,1367_3
query_1368,0,genomicbackground,0,genomicbackground,0.004041615407913923,1368_3_RF00059_3_NC_000913.3_2185135-2185632_ext_100-300_int_120_off_10_percentage_31_position_91-120 genomicbackground,1368,3,1368_3
query_1369,0,genomicbackground,0,genomicbackground,0.0075345938093960285,1369_3_RF00059_3_NC_000913.3_2185135-2185632_ext_100-300_int_120_off_15_percentage_36_position_86-120 genomicbackground,1369,3,1369_3
query_1370,0,genomicbackground,0,genomicbackground,0.02628958970308304,1370_3_RF00059_3_NC_000913.3_2185135-2185632_ext_100-300_int_120_off_20_percentage_41_position_81-120 genomicbackground,1370,3,1370_3
query_1371,0,genomicbackground,0,genomicbackground,0.06238001212477684,1371_3_RF00059_3_NC_000913.3_2185135-2185632_ext_100-300_int_120_off_25_percentage_46_position_76-120 genomicbackground,1371,3,1371_3
query_1372,0,genomicbackground,1,riboswitch,0.817419707775116,1372_3_RF00059_3_NC_000913.3_2185135-2185632_ext_100-300_int_120_off_30_percentage_52_position_71-120 genomicbackground,1372,3,1372_3
query_1373,0,genomicbackground,1,riboswitch,0.5777685046195984,1373_3_RF00059_3_NC_000913.3_2185135-2185632_ext_100-300_int_120_off_35_percentage_57_position_66-120 genomicbackground,1373,3,1373_3
query_1374,0,genomicbackground,1,riboswitch,0.9495196342468262,1374_3_RF00059_3_NC_000913.3_2185135-2185632_ext_100-300_int_120_off_40_percentage_62_position_61-120 genomicbackground,1374,3,1374_3
query_1375,0,genomicbackground,1,riboswitch,0.9397578239440918,1375_3_RF00059_3_NC_000913.3_2185135-2185632_ext_100-300_int_120_off_45_percentage_67_position_56-120 genomicbackground,1375,3,1375_3
query_1376,0,genomicbackground,1,riboswitch,0.9994664788246155,1376_3_RF00059_3_NC_000913.3_2185135-2185632_ext_100-300_int_120_off_50_percentage_72_position_51-120 genomicbackground,1376,3,1376_3
query_1377,1,riboswitch,1,riboswitch,0.9949138164520264,1377_3_RF00059_3_NC_000913.3_2185135-2185632_ext_100-300_int_120_off_55_percentage_77_position_46-120 riboswitch,1377,3,1377_3
query_1378,1,riboswitch,1,riboswitch,0.9978596568107605,1378_3_RF00059_3_NC_000913.3_2185135-2185632_ext_100-300_int_120_off_60_percentage_82_position_41-120 riboswitch,1378,3,1378_3
query_1379,1,riboswitch,1,riboswitch,0.6800549626350403,1379_3_RF00059_3_NC_000913.3_2185135-2185632_ext_100-300_int_120_off_65_percentage_88_position_36-120 riboswitch,1379,3,1379_3
query_1380,1,riboswitch,1,riboswitch,0.9864075183868408,1380_3_RF00059_3_NC_000913.3_2185135-2185632_ext_100-300_int_120_off_70_percentage_93_position_31-120 riboswitch,1380,3,1380_3
query_1381,1,riboswitch,1,riboswitch,0.9966734647750854,1381_3_RF00059_3_NC_000913.3_2185135-2185632_ext_100-300_int_120_off_75_percentage_98_position_26-120 riboswitch,1381,3,1381_3
query_1382,1,riboswitch,1,riboswitch,0.9997416138648987,1382_3_RF00059_3_NC_000913.3_2185135-2185632_ext_100-300_int_120_off_80_percentage_100_position_21-117 riboswitch,1382,3,1382_3
query_1383,0,genomicbackground,0,genomicbackground,0.004588325507938862,1383_3_RF00059_3_NC_000913.3_2185135-2185632_ext_100-300_int_125_off_0_percentage_26_position_101-125 genomicbackground,1383,3,1383_3
query_1384,0,genomicbackground,0,genomicbackground,0.004942381754517555,1384_3_RF00059_3_NC_000913.3_2185135-2185632_ext_100-300_int_125_off_5_percentage_31_position_96-125 genomicbackground,1384,3,1384_3
query_1385,0,genomicbackground,0,genomicbackground,0.00473887100815773,1385_3_RF00059_3_NC_000913.3_2185135-2185632_ext_100-300_int_125_off_10_percentage_36_position_91-125 genomicbackground,1385,3,1385_3
query_1386,0,genomicbackground,0,genomicbackground,0.00873585231602192,1386_3_RF00059_3_NC_000913.3_2185135-2185632_ext_100-300_int_125_off_15_percentage_41_position_86-125 genomicbackground,1386,3,1386_3
query_1387,0,genomicbackground,0,genomicbackground,0.024902300909161568,1387_3_RF00059_3_NC_000913.3_2185135-2185632_ext_100-300_int_125_off_20_percentage_46_position_81-125 genomicbackground,1387,3,1387_3
query_1388,0,genomicbackground,0,genomicbackground,0.33943411707878113,1388_3_RF00059_3_NC_000913.3_2185135-2185632_ext_100-300_int_125_off_25_percentage_52_position_76-125 genomicbackground,1388,3,1388_3
query_1389,0,genomicbackground,1,riboswitch,0.7152237296104431,1389_3_RF00059_3_NC_000913.3_2185135-2185632_ext_100-300_int_125_off_30_percentage_57_position_71-125 genomicbackground,1389,3,1389_3
query_1390,0,genomicbackground,1,riboswitch,0.88736891746521,1390_3_RF00059_3_NC_000913.3_2185135-2185632_ext_100-300_int_125_off_35_percentage_62_position_66-125 genomicbackground,1390,3,1390_3
query_1391,0,genomicbackground,1,riboswitch,0.9917588829994202,1391_3_RF00059_3_NC_000913.3_2185135-2185632_ext_100-300_int_125_off_40_percentage_67_position_61-125 genomicbackground,1391,3,1391_3
query_1392,0,genomicbackground,1,riboswitch,0.9994114637374878,1392_3_RF00059_3_NC_000913.3_2185135-2185632_ext_100-300_int_125_off_45_percentage_72_position_56-125 genomicbackground,1392,3,1392_3
query_1393,1,riboswitch,1,riboswitch,0.9813266396522522,1393_3_RF00059_3_NC_000913.3_2185135-2185632_ext_100-300_int_125_off_50_percentage_77_position_51-125 riboswitch,1393,3,1393_3
query_1394,1,riboswitch,1,riboswitch,0.9513651728630066,1394_3_RF00059_3_NC_000913.3_2185135-2185632_ext_100-300_int_125_off_55_percentage_82_position_46-125 riboswitch,1394,3,1394_3
query_1395,1,riboswitch,1,riboswitch,0.9995379447937012,1395_3_RF00059_3_NC_000913.3_2185135-2185632_ext_100-300_int_125_off_60_percentage_88_position_41-125 riboswitch,1395,3,1395_3
query_1396,1,riboswitch,1,riboswitch,0.9488418102264404,1396_3_RF00059_3_NC_000913.3_2185135-2185632_ext_100-300_int_125_off_65_percentage_93_position_36-125 riboswitch,1396,3,1396_3
query_1397,1,riboswitch,1,riboswitch,0.9306976795196533,1397_3_RF00059_3_NC_000913.3_2185135-2185632_ext_100-300_int_125_off_70_percentage_98_position_31-125 riboswitch,1397,3,1397_3
query_1398,1,riboswitch,1,riboswitch,0.9997473359107971,1398_3_RF00059_3_NC_000913.3_2185135-2185632_ext_100-300_int_125_off_75_percentage_100_position_26-122 riboswitch,1398,3,1398_3
query_1399,0,genomicbackground,0,genomicbackground,0.005029512103646994,1399_3_RF00059_3_NC_000913.3_2185135-2185632_ext_100-300_int_130_off_0_percentage_31_position_101-130 genomicbackground,1399,3,1399_3
query_1400,0,genomicbackground,0,genomicbackground,0.00523108197376132,1400_3_RF00059_3_NC_000913.3_2185135-2185632_ext_100-300_int_130_off_5_percentage_36_position_96-130 genomicbackground,1400,3,1400_3
query_1401,0,genomicbackground,0,genomicbackground,0.0050554657354950905,1401_3_RF00059_3_NC_000913.3_2185135-2185632_ext_100-300_int_130_off_10_percentage_41_position_91-130 genomicbackground,1401,3,1401_3
query_1402,0,genomicbackground,0,genomicbackground,0.009972980245947838,1402_3_RF00059_3_NC_000913.3_2185135-2185632_ext_100-300_int_130_off_15_percentage_46_position_86-130 genomicbackground,1402,3,1402_3
query_1403,0,genomicbackground,0,genomicbackground,0.06995323300361633,1403_3_RF00059_3_NC_000913.3_2185135-2185632_ext_100-300_int_130_off_20_percentage_52_position_81-130 genomicbackground,1403,3,1403_3
query_1404,0,genomicbackground,0,genomicbackground,0.2471798062324524,1404_3_RF00059_3_NC_000913.3_2185135-2185632_ext_100-300_int_130_off_25_percentage_57_position_76-130 genomicbackground,1404,3,1404_3
query_1405,0,genomicbackground,1,riboswitch,0.9370499849319458,1405_3_RF00059_3_NC_000913.3_2185135-2185632_ext_100-300_int_130_off_30_percentage_62_position_71-130 genomicbackground,1405,3,1405_3
query_1406,0,genomicbackground,1,riboswitch,0.9874711632728577,1406_3_RF00059_3_NC_000913.3_2185135-2185632_ext_100-300_int_130_off_35_percentage_67_position_66-130 genomicbackground,1406,3,1406_3
query_1407,0,genomicbackground,1,riboswitch,0.9843496680259705,1407_3_RF00059_3_NC_000913.3_2185135-2185632_ext_100-300_int_130_off_40_percentage_72_position_61-130 genomicbackground,1407,3,1407_3
query_1408,1,riboswitch,1,riboswitch,0.9837125539779663,1408_3_RF00059_3_NC_000913.3_2185135-2185632_ext_100-300_int_130_off_45_percentage_77_position_56-130 riboswitch,1408,3,1408_3
query_1409,1,riboswitch,0,genomicbackground,0.10826362669467926,1409_3_RF00059_3_NC_000913.3_2185135-2185632_ext_100-300_int_130_off_50_percentage_82_position_51-130 riboswitch,1409,3,1409_3
query_1410,1,riboswitch,1,riboswitch,0.9985306262969971,1410_3_RF00059_3_NC_000913.3_2185135-2185632_ext_100-300_int_130_off_55_percentage_88_position_46-130 riboswitch,1410,3,1410_3
query_1411,1,riboswitch,1,riboswitch,0.9995063543319702,1411_3_RF00059_3_NC_000913.3_2185135-2185632_ext_100-300_int_130_off_60_percentage_93_position_41-130 riboswitch,1411,3,1411_3
query_1412,1,riboswitch,1,riboswitch,0.7170426845550537,1412_3_RF00059_3_NC_000913.3_2185135-2185632_ext_100-300_int_130_off_65_percentage_98_position_36-130 riboswitch,1412,3,1412_3
query_1413,1,riboswitch,1,riboswitch,0.9996656179428101,1413_3_RF00059_3_NC_000913.3_2185135-2185632_ext_100-300_int_130_off_70_percentage_100_position_31-127 riboswitch,1413,3,1413_3
query_1414,0,genomicbackground,0,genomicbackground,0.005220977123826742,1414_3_RF00059_3_NC_000913.3_2185135-2185632_ext_100-300_int_135_off_0_percentage_36_position_101-135 genomicbackground,1414,3,1414_3
query_1415,0,genomicbackground,0,genomicbackground,0.005452501121908426,1415_3_RF00059_3_NC_000913.3_2185135-2185632_ext_100-300_int_135_off_5_percentage_41_position_96-135 genomicbackground,1415,3,1415_3
query_1416,0,genomicbackground,0,genomicbackground,0.0054235574789345264,1416_3_RF00059_3_NC_000913.3_2185135-2185632_ext_100-300_int_135_off_10_percentage_46_position_91-135 genomicbackground,1416,3,1416_3
query_1417,0,genomicbackground,0,genomicbackground,0.012038398534059525,1417_3_RF00059_3_NC_000913.3_2185135-2185632_ext_100-300_int_135_off_15_percentage_52_position_86-135 genomicbackground,1417,3,1417_3
query_1418,0,genomicbackground,1,riboswitch,0.9573734998703003,1418_3_RF00059_3_NC_000913.3_2185135-2185632_ext_100-300_int_135_off_20_percentage_57_position_81-135 genomicbackground,1418,3,1418_3
query_1419,0,genomicbackground,0,genomicbackground,0.4221213161945343,1419_3_RF00059_3_NC_000913.3_2185135-2185632_ext_100-300_int_135_off_25_percentage_62_position_76-135 genomicbackground,1419,3,1419_3
query_1420,0,genomicbackground,1,riboswitch,0.9901208877563477,1420_3_RF00059_3_NC_000913.3_2185135-2185632_ext_100-300_int_135_off_30_percentage_67_position_71-135 genomicbackground,1420,3,1420_3
query_1421,0,genomicbackground,1,riboswitch,0.9942492246627808,1421_3_RF00059_3_NC_000913.3_2185135-2185632_ext_100-300_int_135_off_35_percentage_72_position_66-135 genomicbackground,1421,3,1421_3
query_1422,1,riboswitch,1,riboswitch,0.9904432892799377,1422_3_RF00059_3_NC_000913.3_2185135-2185632_ext_100-300_int_135_off_40_percentage_77_position_61-135 riboswitch,1422,3,1422_3
query_1423,1,riboswitch,0,genomicbackground,0.3792814612388611,1423_3_RF00059_3_NC_000913.3_2185135-2185632_ext_100-300_int_135_off_45_percentage_82_position_56-135 riboswitch,1423,3,1423_3
query_1424,1,riboswitch,1,riboswitch,0.9894090890884399,1424_3_RF00059_3_NC_000913.3_2185135-2185632_ext_100-300_int_135_off_50_percentage_88_position_51-135 riboswitch,1424,3,1424_3
query_1425,1,riboswitch,1,riboswitch,0.9984275102615356,1425_3_RF00059_3_NC_000913.3_2185135-2185632_ext_100-300_int_135_off_55_percentage_93_position_46-135 riboswitch,1425,3,1425_3
query_1426,1,riboswitch,1,riboswitch,0.9996689558029175,1426_3_RF00059_3_NC_000913.3_2185135-2185632_ext_100-300_int_135_off_60_percentage_98_position_41-135 riboswitch,1426,3,1426_3
query_1427,1,riboswitch,1,riboswitch,0.9995860457420349,1427_3_RF00059_3_NC_000913.3_2185135-2185632_ext_100-300_int_135_off_65_percentage_100_position_36-132 riboswitch,1427,3,1427_3
query_1428,0,genomicbackground,0,genomicbackground,0.005407894961535931,1428_3_RF00059_3_NC_000913.3_2185135-2185632_ext_100-300_int_140_off_0_percentage_41_position_101-140 genomicbackground,1428,3,1428_3
query_1429,0,genomicbackground,0,genomicbackground,0.00565981213003397,1429_3_RF00059_3_NC_000913.3_2185135-2185632_ext_100-300_int_140_off_5_percentage_46_position_96-140 genomicbackground,1429,3,1429_3
query_1430,0,genomicbackground,0,genomicbackground,0.006255981046706438,1430_3_RF00059_3_NC_000913.3_2185135-2185632_ext_100-300_int_140_off_10_percentage_52_position_91-140 genomicbackground,1430,3,1430_3
query_1431,0,genomicbackground,0,genomicbackground,0.010069318115711212,1431_3_RF00059_3_NC_000913.3_2185135-2185632_ext_100-300_int_140_off_15_percentage_57_position_86-140 genomicbackground,1431,3,1431_3
query_1432,0,genomicbackground,0,genomicbackground,0.025837067514657974,1432_3_RF00059_3_NC_000913.3_2185135-2185632_ext_100-300_int_140_off_20_percentage_62_position_81-140 genomicbackground,1432,3,1432_3
query_1433,0,genomicbackground,1,riboswitch,0.9608904123306274,1433_3_RF00059_3_NC_000913.3_2185135-2185632_ext_100-300_int_140_off_25_percentage_67_position_76-140 genomicbackground,1433,3,1433_3
query_1434,0,genomicbackground,1,riboswitch,0.9676308035850525,1434_3_RF00059_3_NC_000913.3_2185135-2185632_ext_100-300_int_140_off_30_percentage_72_position_71-140 genomicbackground,1434,3,1434_3
query_1435,1,riboswitch,1,riboswitch,0.9854925274848938,1435_3_RF00059_3_NC_000913.3_2185135-2185632_ext_100-300_int_140_off_35_percentage_77_position_66-140 riboswitch,1435,3,1435_3
query_1436,1,riboswitch,1,riboswitch,0.9523317813873291,1436_3_RF00059_3_NC_000913.3_2185135-2185632_ext_100-300_int_140_off_40_percentage_82_position_61-140 riboswitch,1436,3,1436_3
query_1437,1,riboswitch,1,riboswitch,0.9926827549934387,1437_3_RF00059_3_NC_000913.3_2185135-2185632_ext_100-300_int_140_off_45_percentage_88_position_56-140 riboswitch,1437,3,1437_3
query_1438,1,riboswitch,1,riboswitch,0.989300012588501,1438_3_RF00059_3_NC_000913.3_2185135-2185632_ext_100-300_int_140_off_50_percentage_93_position_51-140 riboswitch,1438,3,1438_3
query_1439,1,riboswitch,1,riboswitch,0.9995388984680176,1439_3_RF00059_3_NC_000913.3_2185135-2185632_ext_100-300_int_140_off_55_percentage_98_position_46-140 riboswitch,1439,3,1439_3
query_1440,1,riboswitch,1,riboswitch,0.9992480874061584,1440_3_RF00059_3_NC_000913.3_2185135-2185632_ext_100-300_int_140_off_60_percentage_100_position_41-137 riboswitch,1440,3,1440_3
query_1441,0,genomicbackground,0,genomicbackground,0.005601010285317898,1441_3_RF00059_3_NC_000913.3_2185135-2185632_ext_100-300_int_145_off_0_percentage_46_position_101-145 genomicbackground,1441,3,1441_3
query_1442,0,genomicbackground,0,genomicbackground,0.0062082260847091675,1442_3_RF00059_3_NC_000913.3_2185135-2185632_ext_100-300_int_145_off_5_percentage_52_position_96-145 genomicbackground,1442,3,1442_3
query_1443,0,genomicbackground,0,genomicbackground,0.00550219789147377,1443_3_RF00059_3_NC_000913.3_2185135-2185632_ext_100-300_int_145_off_10_percentage_57_position_91-145 genomicbackground,1443,3,1443_3
query_1444,0,genomicbackground,0,genomicbackground,0.01348175574094057,1444_3_RF00059_3_NC_000913.3_2185135-2185632_ext_100-300_int_145_off_15_percentage_62_position_86-145 genomicbackground,1444,3,1444_3
query_1445,0,genomicbackground,0,genomicbackground,0.21880386769771576,1445_3_RF00059_3_NC_000913.3_2185135-2185632_ext_100-300_int_145_off_20_percentage_67_position_81-145 genomicbackground,1445,3,1445_3
query_1446,0,genomicbackground,1,riboswitch,0.984327495098114,1446_3_RF00059_3_NC_000913.3_2185135-2185632_ext_100-300_int_145_off_25_percentage_72_position_76-145 genomicbackground,1446,3,1446_3
query_1447,1,riboswitch,1,riboswitch,0.9946527481079102,1447_3_RF00059_3_NC_000913.3_2185135-2185632_ext_100-300_int_145_off_30_percentage_77_position_71-145 riboswitch,1447,3,1447_3
query_1448,1,riboswitch,1,riboswitch,0.7090733647346497,1448_3_RF00059_3_NC_000913.3_2185135-2185632_ext_100-300_int_145_off_35_percentage_82_position_66-145 riboswitch,1448,3,1448_3
query_1449,1,riboswitch,1,riboswitch,0.9960032105445862,1449_3_RF00059_3_NC_000913.3_2185135-2185632_ext_100-300_int_145_off_40_percentage_88_position_61-145 riboswitch,1449,3,1449_3
query_1450,1,riboswitch,1,riboswitch,0.9583665132522583,1450_3_RF00059_3_NC_000913.3_2185135-2185632_ext_100-300_int_145_off_45_percentage_93_position_56-145 riboswitch,1450,3,1450_3
query_1451,1,riboswitch,1,riboswitch,0.9992732405662537,1451_3_RF00059_3_NC_000913.3_2185135-2185632_ext_100-300_int_145_off_50_percentage_98_position_51-145 riboswitch,1451,3,1451_3
query_1452,1,riboswitch,1,riboswitch,0.995186984539032,1452_3_RF00059_3_NC_000913.3_2185135-2185632_ext_100-300_int_145_off_55_percentage_100_position_46-142 riboswitch,1452,3,1452_3
query_1453,0,genomicbackground,0,genomicbackground,0.006010872777551413,1453_3_RF00059_3_NC_000913.3_2185135-2185632_ext_100-300_int_150_off_0_percentage_52_position_101-150 genomicbackground,1453,3,1453_3
query_1454,0,genomicbackground,0,genomicbackground,0.005248051602393389,1454_3_RF00059_3_NC_000913.3_2185135-2185632_ext_100-300_int_150_off_5_percentage_57_position_96-150 genomicbackground,1454,3,1454_3
query_1455,0,genomicbackground,0,genomicbackground,0.006538179237395525,1455_3_RF00059_3_NC_000913.3_2185135-2185632_ext_100-300_int_150_off_10_percentage_62_position_91-150 genomicbackground,1455,3,1455_3
query_1456,0,genomicbackground,0,genomicbackground,0.0134787792339921,1456_3_RF00059_3_NC_000913.3_2185135-2185632_ext_100-300_int_150_off_15_percentage_67_position_86-150 genomicbackground,1456,3,1456_3
query_1457,0,genomicbackground,0,genomicbackground,0.24743245542049408,1457_3_RF00059_3_NC_000913.3_2185135-2185632_ext_100-300_int_150_off_20_percentage_72_position_81-150 genomicbackground,1457,3,1457_3
query_1458,1,riboswitch,1,riboswitch,0.9954588413238525,1458_3_RF00059_3_NC_000913.3_2185135-2185632_ext_100-300_int_150_off_25_percentage_77_position_76-150 riboswitch,1458,3,1458_3
query_1459,1,riboswitch,1,riboswitch,0.6295758485794067,1459_3_RF00059_3_NC_000913.3_2185135-2185632_ext_100-300_int_150_off_30_percentage_82_position_71-150 riboswitch,1459,3,1459_3
query_1460,1,riboswitch,1,riboswitch,0.9744029641151428,1460_3_RF00059_3_NC_000913.3_2185135-2185632_ext_100-300_int_150_off_35_percentage_88_position_66-150 riboswitch,1460,3,1460_3
query_1461,1,riboswitch,1,riboswitch,0.9877524375915527,1461_3_RF00059_3_NC_000913.3_2185135-2185632_ext_100-300_int_150_off_40_percentage_93_position_61-150 riboswitch,1461,3,1461_3
query_1462,1,riboswitch,1,riboswitch,0.9991676807403564,1462_3_RF00059_3_NC_000913.3_2185135-2185632_ext_100-300_int_150_off_45_percentage_98_position_56-150 riboswitch,1462,3,1462_3
query_1463,1,riboswitch,1,riboswitch,0.9368314146995544,1463_3_RF00059_3_NC_000913.3_2185135-2185632_ext_100-300_int_150_off_50_percentage_100_position_51-147 riboswitch,1463,3,1463_3
query_1464,0,genomicbackground,0,genomicbackground,0.004945354536175728,1464_3_RF00059_3_NC_000913.3_2185135-2185632_ext_100-300_int_155_off_0_percentage_57_position_101-155 genomicbackground,1464,3,1464_3
query_1465,0,genomicbackground,0,genomicbackground,0.005876854993402958,1465_3_RF00059_3_NC_000913.3_2185135-2185632_ext_100-300_int_155_off_5_percentage_62_position_96-155 genomicbackground,1465,3,1465_3
query_1466,0,genomicbackground,0,genomicbackground,0.006857777945697308,1466_3_RF00059_3_NC_000913.3_2185135-2185632_ext_100-300_int_155_off_10_percentage_67_position_91-155 genomicbackground,1466,3,1466_3
query_1467,0,genomicbackground,0,genomicbackground,0.031839512288570404,1467_3_RF00059_3_NC_000913.3_2185135-2185632_ext_100-300_int_155_off_15_percentage_72_position_86-155 genomicbackground,1467,3,1467_3
query_1468,1,riboswitch,0,genomicbackground,0.08986213058233261,1468_3_RF00059_3_NC_000913.3_2185135-2185632_ext_100-300_int_155_off_20_percentage_77_position_81-155 riboswitch,1468,3,1468_3
query_1469,1,riboswitch,1,riboswitch,0.9399836659431458,1469_3_RF00059_3_NC_000913.3_2185135-2185632_ext_100-300_int_155_off_25_percentage_82_position_76-155 riboswitch,1469,3,1469_3
query_1470,1,riboswitch,1,riboswitch,0.9766156673431396,1470_3_RF00059_3_NC_000913.3_2185135-2185632_ext_100-300_int_155_off_30_percentage_88_position_71-155 riboswitch,1470,3,1470_3
query_1471,1,riboswitch,1,riboswitch,0.9827002286911011,1471_3_RF00059_3_NC_000913.3_2185135-2185632_ext_100-300_int_155_off_35_percentage_93_position_66-155 riboswitch,1471,3,1471_3
query_1472,1,riboswitch,1,riboswitch,0.9989500641822815,1472_3_RF00059_3_NC_000913.3_2185135-2185632_ext_100-300_int_155_off_40_percentage_98_position_61-155 riboswitch,1472,3,1472_3
query_1473,1,riboswitch,1,riboswitch,0.9606505632400513,1473_3_RF00059_3_NC_000913.3_2185135-2185632_ext_100-300_int_155_off_45_percentage_100_position_56-152 riboswitch,1473,3,1473_3
query_1474,0,genomicbackground,0,genomicbackground,0.005563171114772558,1474_3_RF00059_3_NC_000913.3_2185135-2185632_ext_100-300_int_160_off_0_percentage_62_position_101-160 genomicbackground,1474,3,1474_3
query_1475,0,genomicbackground,0,genomicbackground,0.00673249363899231,1475_3_RF00059_3_NC_000913.3_2185135-2185632_ext_100-300_int_160_off_5_percentage_67_position_96-160 genomicbackground,1475,3,1475_3
query_1476,0,genomicbackground,0,genomicbackground,0.011799988336861134,1476_3_RF00059_3_NC_000913.3_2185135-2185632_ext_100-300_int_160_off_10_percentage_72_position_91-160 genomicbackground,1476,3,1476_3
query_1477,1,riboswitch,0,genomicbackground,0.025957394391298294,1477_3_RF00059_3_NC_000913.3_2185135-2185632_ext_100-300_int_160_off_15_percentage_77_position_86-160 riboswitch,1477,3,1477_3
query_1478,1,riboswitch,0,genomicbackground,0.02274796925485134,1478_3_RF00059_3_NC_000913.3_2185135-2185632_ext_100-300_int_160_off_20_percentage_82_position_81-160 riboswitch,1478,3,1478_3
query_1479,1,riboswitch,1,riboswitch,0.9769600629806519,1479_3_RF00059_3_NC_000913.3_2185135-2185632_ext_100-300_int_160_off_25_percentage_88_position_76-160 riboswitch,1479,3,1479_3
query_1480,1,riboswitch,1,riboswitch,0.9713488817214966,1480_3_RF00059_3_NC_000913.3_2185135-2185632_ext_100-300_int_160_off_30_percentage_93_position_71-160 riboswitch,1480,3,1480_3
query_1481,1,riboswitch,1,riboswitch,0.9907369017601013,1481_3_RF00059_3_NC_000913.3_2185135-2185632_ext_100-300_int_160_off_35_percentage_98_position_66-160 riboswitch,1481,3,1481_3
query_1482,1,riboswitch,1,riboswitch,0.9952419996261597,1482_3_RF00059_3_NC_000913.3_2185135-2185632_ext_100-300_int_160_off_40_percentage_100_position_61-157 riboswitch,1482,3,1482_3
query_1483,0,genomicbackground,0,genomicbackground,0.006508206482976675,1483_3_RF00059_3_NC_000913.3_2185135-2185632_ext_100-300_int_165_off_0_percentage_67_position_101-165 genomicbackground,1483,3,1483_3
query_1484,0,genomicbackground,0,genomicbackground,0.007984088733792305,1484_3_RF00059_3_NC_000913.3_2185135-2185632_ext_100-300_int_165_off_5_percentage_72_position_96-165 genomicbackground,1484,3,1484_3
query_1485,1,riboswitch,0,genomicbackground,0.010993224568665028,1485_3_RF00059_3_NC_000913.3_2185135-2185632_ext_100-300_int_165_off_10_percentage_77_position_91-165 riboswitch,1485,3,1485_3
query_1486,1,riboswitch,0,genomicbackground,0.020207688212394714,1486_3_RF00059_3_NC_000913.3_2185135-2185632_ext_100-300_int_165_off_15_percentage_82_position_86-165 riboswitch,1486,3,1486_3
query_1487,1,riboswitch,1,riboswitch,0.9379782676696777,1487_3_RF00059_3_NC_000913.3_2185135-2185632_ext_100-300_int_165_off_20_percentage_88_position_81-165 riboswitch,1487,3,1487_3
query_1488,1,riboswitch,1,riboswitch,0.9787429571151733,1488_3_RF00059_3_NC_000913.3_2185135-2185632_ext_100-300_int_165_off_25_percentage_93_position_76-165 riboswitch,1488,3,1488_3
query_1489,1,riboswitch,1,riboswitch,0.9500759243965149,1489_3_RF00059_3_NC_000913.3_2185135-2185632_ext_100-300_int_165_off_30_percentage_98_position_71-165 riboswitch,1489,3,1489_3
query_1490,1,riboswitch,1,riboswitch,0.9856480360031128,1490_3_RF00059_3_NC_000913.3_2185135-2185632_ext_100-300_int_165_off_35_percentage_100_position_66-162 riboswitch,1490,3,1490_3
query_1491,0,genomicbackground,0,genomicbackground,0.006760339718312025,1491_3_RF00059_3_NC_000913.3_2185135-2185632_ext_100-300_int_170_off_0_percentage_72_position_101-170 genomicbackground,1491,3,1491_3
query_1492,1,riboswitch,0,genomicbackground,0.007871262729167938,1492_3_RF00059_3_NC_000913.3_2185135-2185632_ext_100-300_int_170_off_5_percentage_77_position_96-170 riboswitch,1492,3,1492_3
query_1493,1,riboswitch,0,genomicbackground,0.009722266346216202,1493_3_RF00059_3_NC_000913.3_2185135-2185632_ext_100-300_int_170_off_10_percentage_82_position_91-170 riboswitch,1493,3,1493_3
query_1494,1,riboswitch,0,genomicbackground,0.2650788724422455,1494_3_RF00059_3_NC_000913.3_2185135-2185632_ext_100-300_int_170_off_15_percentage_88_position_86-170 riboswitch,1494,3,1494_3
query_1495,1,riboswitch,1,riboswitch,0.9653522372245789,1495_3_RF00059_3_NC_000913.3_2185135-2185632_ext_100-300_int_170_off_20_percentage_93_position_81-170 riboswitch,1495,3,1495_3
query_1496,1,riboswitch,1,riboswitch,0.9645757079124451,1496_3_RF00059_3_NC_000913.3_2185135-2185632_ext_100-300_int_170_off_25_percentage_98_position_76-170 riboswitch,1496,3,1496_3
query_1497,1,riboswitch,1,riboswitch,0.9797884821891785,1497_3_RF00059_3_NC_000913.3_2185135-2185632_ext_100-300_int_170_off_30_percentage_100_position_71-167 riboswitch,1497,3,1497_3
query_1498,1,riboswitch,0,genomicbackground,0.0067497133277356625,1498_3_RF00059_3_NC_000913.3_2185135-2185632_ext_100-300_int_175_off_0_percentage_77_position_101-175 riboswitch,1498,3,1498_3
query_1499,1,riboswitch,0,genomicbackground,0.007558037061244249,1499_3_RF00059_3_NC_000913.3_2185135-2185632_ext_100-300_int_175_off_5_percentage_82_position_96-175 riboswitch,1499,3,1499_3
query_1500,1,riboswitch,0,genomicbackground,0.06614240258932114,1500_3_RF00059_3_NC_000913.3_2185135-2185632_ext_100-300_int_175_off_10_percentage_88_position_91-175 riboswitch,1500,3,1500_3
query_1501,1,riboswitch,0,genomicbackground,0.29565224051475525,1501_3_RF00059_3_NC_000913.3_2185135-2185632_ext_100-300_int_175_off_15_percentage_93_position_86-175 riboswitch,1501,3,1501_3
query_1502,1,riboswitch,1,riboswitch,0.9124394655227661,1502_3_RF00059_3_NC_000913.3_2185135-2185632_ext_100-300_int_175_off_20_percentage_98_position_81-175 riboswitch,1502,3,1502_3
query_1503,1,riboswitch,1,riboswitch,0.9786459803581238,1503_3_RF00059_3_NC_000913.3_2185135-2185632_ext_100-300_int_175_off_25_percentage_100_position_76-172 riboswitch,1503,3,1503_3
query_1504,1,riboswitch,0,genomicbackground,0.0066327890381217,1504_3_RF00059_3_NC_000913.3_2185135-2185632_ext_100-300_int_180_off_0_percentage_82_position_101-180 riboswitch,1504,3,1504_3
query_1505,1,riboswitch,0,genomicbackground,0.01662561297416687,1505_3_RF00059_3_NC_000913.3_2185135-2185632_ext_100-300_int_180_off_5_percentage_88_position_96-180 riboswitch,1505,3,1505_3
query_1506,1,riboswitch,0,genomicbackground,0.07208501547574997,1506_3_RF00059_3_NC_000913.3_2185135-2185632_ext_100-300_int_180_off_10_percentage_93_position_91-180 riboswitch,1506,3,1506_3
query_1507,1,riboswitch,1,riboswitch,0.9749084711074829,1507_3_RF00059_3_NC_000913.3_2185135-2185632_ext_100-300_int_180_off_15_percentage_98_position_86-180 riboswitch,1507,3,1507_3
query_1508,1,riboswitch,1,riboswitch,0.9480864405632019,1508_3_RF00059_3_NC_000913.3_2185135-2185632_ext_100-300_int_180_off_20_percentage_100_position_81-177 riboswitch,1508,3,1508_3
query_1509,1,riboswitch,0,genomicbackground,0.01109904795885086,1509_3_RF00059_3_NC_000913.3_2185135-2185632_ext_100-300_int_185_off_0_percentage_88_position_101-185 riboswitch,1509,3,1509_3
query_1510,1,riboswitch,0,genomicbackground,0.017227575182914734,1510_3_RF00059_3_NC_000913.3_2185135-2185632_ext_100-300_int_185_off_5_percentage_93_position_96-185 riboswitch,1510,3,1510_3
query_1511,1,riboswitch,1,riboswitch,0.9345620274543762,1511_3_RF00059_3_NC_000913.3_2185135-2185632_ext_100-300_int_185_off_10_percentage_98_position_91-185 riboswitch,1511,3,1511_3
query_1512,1,riboswitch,0,genomicbackground,0.09290635585784912,1512_3_RF00059_3_NC_000913.3_2185135-2185632_ext_100-300_int_185_off_15_percentage_100_position_86-182 riboswitch,1512,3,1512_3
query_1513,1,riboswitch,0,genomicbackground,0.011402776464819908,1513_3_RF00059_3_NC_000913.3_2185135-2185632_ext_100-300_int_190_off_0_percentage_93_position_101-190 riboswitch,1513,3,1513_3
query_1514,1,riboswitch,0,genomicbackground,0.22407762706279755,1514_3_RF00059_3_NC_000913.3_2185135-2185632_ext_100-300_int_190_off_5_percentage_98_position_96-190 riboswitch,1514,3,1514_3
query_1515,1,riboswitch,0,genomicbackground,0.03248587250709534,1515_3_RF00059_3_NC_000913.3_2185135-2185632_ext_100-300_int_190_off_10_percentage_100_position_91-187 riboswitch,1515,3,1515_3
query_1516,1,riboswitch,0,genomicbackground,0.041549112647771835,1516_3_RF00059_3_NC_000913.3_2185135-2185632_ext_100-300_int_195_off_0_percentage_98_position_101-195 riboswitch,1516,3,1516_3
query_1517,1,riboswitch,0,genomicbackground,0.014320513233542442,1517_3_RF00059_3_NC_000913.3_2185135-2185632_ext_100-300_int_195_off_5_percentage_100_position_96-192 riboswitch,1517,3,1517_3
query_1518,1,riboswitch,0,genomicbackground,0.010583116672933102,1518_3_RF00059_3_NC_000913.3_2185135-2185632_ext_100-300_int_200_off_0_percentage_100_position_101-197 riboswitch,1518,3,1518_3
query_1519,0,genomicbackground,0,genomicbackground,0.01452254131436348,1519_3_RF00059_3_NC_000913.3_2185135-2185632_ext_120-320_int_95_off_0_percentage_15_position_81-95 genomicbackground,1519,3,1519_3
query_1520,0,genomicbackground,0,genomicbackground,0.011922760866582394,1520_3_RF00059_3_NC_000913.3_2185135-2185632_ext_120-320_int_95_off_5_percentage_21_position_76-95 genomicbackground,1520,3,1520_3
query_1521,0,genomicbackground,0,genomicbackground,0.018628861755132675,1521_3_RF00059_3_NC_000913.3_2185135-2185632_ext_120-320_int_95_off_10_percentage_26_position_71-95 genomicbackground,1521,3,1521_3
query_1522,0,genomicbackground,0,genomicbackground,0.00986188743263483,1522_3_RF00059_3_NC_000913.3_2185135-2185632_ext_120-320_int_95_off_15_percentage_31_position_66-95 genomicbackground,1522,3,1522_3
query_1523,0,genomicbackground,0,genomicbackground,0.007252736948430538,1523_3_RF00059_3_NC_000913.3_2185135-2185632_ext_120-320_int_95_off_20_percentage_36_position_61-95 genomicbackground,1523,3,1523_3
query_1524,0,genomicbackground,1,riboswitch,0.5612254738807678,1524_3_RF00059_3_NC_000913.3_2185135-2185632_ext_120-320_int_95_off_25_percentage_41_position_56-95 genomicbackground,1524,3,1524_3
query_1525,0,genomicbackground,0,genomicbackground,0.0191777553409338,1525_3_RF00059_3_NC_000913.3_2185135-2185632_ext_120-320_int_95_off_30_percentage_46_position_51-95 genomicbackground,1525,3,1525_3
query_1526,0,genomicbackground,0,genomicbackground,0.015502983704209328,1526_3_RF00059_3_NC_000913.3_2185135-2185632_ext_120-320_int_95_off_35_percentage_52_position_46-95 genomicbackground,1526,3,1526_3
query_1527,0,genomicbackground,1,riboswitch,0.9870917797088623,1527_3_RF00059_3_NC_000913.3_2185135-2185632_ext_120-320_int_95_off_40_percentage_57_position_41-95 genomicbackground,1527,3,1527_3
query_1528,0,genomicbackground,1,riboswitch,0.9910219311714172,1528_3_RF00059_3_NC_000913.3_2185135-2185632_ext_120-320_int_95_off_45_percentage_62_position_36-95 genomicbackground,1528,3,1528_3
query_1529,0,genomicbackground,1,riboswitch,0.9984234571456909,1529_3_RF00059_3_NC_000913.3_2185135-2185632_ext_120-320_int_95_off_50_percentage_67_position_31-95 genomicbackground,1529,3,1529_3
query_1530,0,genomicbackground,1,riboswitch,0.9969417452812195,1530_3_RF00059_3_NC_000913.3_2185135-2185632_ext_120-320_int_95_off_55_percentage_72_position_26-95 genomicbackground,1530,3,1530_3
query_1531,1,riboswitch,1,riboswitch,0.9996633529663086,1531_3_RF00059_3_NC_000913.3_2185135-2185632_ext_120-320_int_95_off_60_percentage_77_position_21-95 riboswitch,1531,3,1531_3
query_1532,1,riboswitch,1,riboswitch,0.9996905326843262,1532_3_RF00059_3_NC_000913.3_2185135-2185632_ext_120-320_int_95_off_65_percentage_82_position_16-95 riboswitch,1532,3,1532_3
query_1533,1,riboswitch,1,riboswitch,0.9985652565956116,1533_3_RF00059_3_NC_000913.3_2185135-2185632_ext_120-320_int_95_off_70_percentage_88_position_11-95 riboswitch,1533,3,1533_3
query_1534,1,riboswitch,1,riboswitch,0.9992780089378357,1534_3_RF00059_3_NC_000913.3_2185135-2185632_ext_120-320_int_95_off_75_percentage_93_position_6-95 riboswitch,1534,3,1534_3
query_1535,1,riboswitch,1,riboswitch,0.9993062019348145,1535_3_RF00059_3_NC_000913.3_2185135-2185632_ext_120-320_int_95_off_80_percentage_98_position_1-95 riboswitch,1535,3,1535_3
query_1536,1,riboswitch,1,riboswitch,0.999823272228241,1536_3_RF00059_3_NC_000913.3_2185135-2185632_ext_120-320_int_95_off_85_percentage_95_position_1-92 riboswitch,1536,3,1536_3
query_1537,1,riboswitch,1,riboswitch,0.998977541923523,1537_3_RF00059_3_NC_000913.3_2185135-2185632_ext_120-320_int_95_off_90_percentage_90_position_1-87 riboswitch,1537,3,1537_3
query_1538,1,riboswitch,1,riboswitch,0.9997047781944275,1538_3_RF00059_3_NC_000913.3_2185135-2185632_ext_120-320_int_95_off_95_percentage_85_position_1-82 riboswitch,1538,3,1538_3
query_1539,1,riboswitch,1,riboswitch,0.9129024744033813,1539_3_RF00059_3_NC_000913.3_2185135-2185632_ext_120-320_int_95_off_100_percentage_79_position_1-77 riboswitch,1539,3,1539_3
query_1540,0,genomicbackground,1,riboswitch,0.9990026354789734,1540_3_RF00059_3_NC_000913.3_2185135-2185632_ext_120-320_int_95_off_105_percentage_74_position_1-72 genomicbackground,1540,3,1540_3
query_1541,0,genomicbackground,0,genomicbackground,0.009939785115420818,1541_3_RF00059_3_NC_000913.3_2185135-2185632_ext_120-320_int_100_off_0_percentage_21_position_81-100 genomicbackground,1541,3,1541_3
query_1542,0,genomicbackground,0,genomicbackground,0.02399170771241188,1542_3_RF00059_3_NC_000913.3_2185135-2185632_ext_120-320_int_100_off_5_percentage_26_position_76-100 genomicbackground,1542,3,1542_3
query_1543,0,genomicbackground,0,genomicbackground,0.0017257295548915863,1543_3_RF00059_3_NC_000913.3_2185135-2185632_ext_120-320_int_100_off_10_percentage_31_position_71-100 genomicbackground,1543,3,1543_3
query_1544,0,genomicbackground,0,genomicbackground,0.0075903902761638165,1544_3_RF00059_3_NC_000913.3_2185135-2185632_ext_120-320_int_100_off_15_percentage_36_position_66-100 genomicbackground,1544,3,1544_3
query_1545,0,genomicbackground,0,genomicbackground,0.03219693526625633,1545_3_RF00059_3_NC_000913.3_2185135-2185632_ext_120-320_int_100_off_20_percentage_41_position_61-100 genomicbackground,1545,3,1545_3
query_1546,0,genomicbackground,0,genomicbackground,0.3793645203113556,1546_3_RF00059_3_NC_000913.3_2185135-2185632_ext_120-320_int_100_off_25_percentage_46_position_56-100 genomicbackground,1546,3,1546_3
query_1547,0,genomicbackground,0,genomicbackground,0.029952114447951317,1547_3_RF00059_3_NC_000913.3_2185135-2185632_ext_120-320_int_100_off_30_percentage_52_position_51-100 genomicbackground,1547,3,1547_3
query_1548,0,genomicbackground,1,riboswitch,0.9875698685646057,1548_3_RF00059_3_NC_000913.3_2185135-2185632_ext_120-320_int_100_off_35_percentage_57_position_46-100 genomicbackground,1548,3,1548_3
query_1549,0,genomicbackground,1,riboswitch,0.9980573058128357,1549_3_RF00059_3_NC_000913.3_2185135-2185632_ext_120-320_int_100_off_40_percentage_62_position_41-100 genomicbackground,1549,3,1549_3
query_1550,0,genomicbackground,1,riboswitch,0.9930758476257324,1550_3_RF00059_3_NC_000913.3_2185135-2185632_ext_120-320_int_100_off_45_percentage_67_position_36-100 genomicbackground,1550,3,1550_3
query_1551,0,genomicbackground,1,riboswitch,0.9997420907020569,1551_3_RF00059_3_NC_000913.3_2185135-2185632_ext_120-320_int_100_off_50_percentage_72_position_31-100 genomicbackground,1551,3,1551_3
query_1552,1,riboswitch,1,riboswitch,0.999718964099884,1552_3_RF00059_3_NC_000913.3_2185135-2185632_ext_120-320_int_100_off_55_percentage_77_position_26-100 riboswitch,1552,3,1552_3
query_1553,1,riboswitch,1,riboswitch,0.9994192123413086,1553_3_RF00059_3_NC_000913.3_2185135-2185632_ext_120-320_int_100_off_60_percentage_82_position_21-100 riboswitch,1553,3,1553_3
query_1554,1,riboswitch,1,riboswitch,0.999711811542511,1554_3_RF00059_3_NC_000913.3_2185135-2185632_ext_120-320_int_100_off_65_percentage_88_position_16-100 riboswitch,1554,3,1554_3
query_1555,1,riboswitch,1,riboswitch,0.9990845918655396,1555_3_RF00059_3_NC_000913.3_2185135-2185632_ext_120-320_int_100_off_70_percentage_93_position_11-100 riboswitch,1555,3,1555_3
query_1556,1,riboswitch,1,riboswitch,0.9992251396179199,1556_3_RF00059_3_NC_000913.3_2185135-2185632_ext_120-320_int_100_off_75_percentage_98_position_6-100 riboswitch,1556,3,1556_3
query_1557,1,riboswitch,1,riboswitch,0.9998260140419006,1557_3_RF00059_3_NC_000913.3_2185135-2185632_ext_120-320_int_100_off_80_percentage_100_position_1-97 riboswitch,1557,3,1557_3
query_1558,1,riboswitch,1,riboswitch,0.9998136162757874,1558_3_RF00059_3_NC_000913.3_2185135-2185632_ext_120-320_int_100_off_85_percentage_95_position_1-92 riboswitch,1558,3,1558_3
query_1559,1,riboswitch,1,riboswitch,0.9842939972877502,1559_3_RF00059_3_NC_000913.3_2185135-2185632_ext_120-320_int_100_off_90_percentage_90_position_1-87 riboswitch,1559,3,1559_3
query_1560,1,riboswitch,1,riboswitch,0.9996906518936157,1560_3_RF00059_3_NC_000913.3_2185135-2185632_ext_120-320_int_100_off_95_percentage_85_position_1-82 riboswitch,1560,3,1560_3
query_1561,1,riboswitch,1,riboswitch,0.9987313151359558,1561_3_RF00059_3_NC_000913.3_2185135-2185632_ext_120-320_int_100_off_100_percentage_79_position_1-77 riboswitch,1561,3,1561_3
query_1562,0,genomicbackground,0,genomicbackground,0.01939607784152031,1562_3_RF00059_3_NC_000913.3_2185135-2185632_ext_120-320_int_105_off_0_percentage_26_position_81-105 genomicbackground,1562,3,1562_3
query_1563,0,genomicbackground,0,genomicbackground,0.012611267156898975,1563_3_RF00059_3_NC_000913.3_2185135-2185632_ext_120-320_int_105_off_5_percentage_31_position_76-105 genomicbackground,1563,3,1563_3
query_1564,0,genomicbackground,0,genomicbackground,0.0070144860073924065,1564_3_RF00059_3_NC_000913.3_2185135-2185632_ext_120-320_int_105_off_10_percentage_36_position_71-105 genomicbackground,1564,3,1564_3
query_1565,0,genomicbackground,0,genomicbackground,0.03571586683392525,1565_3_RF00059_3_NC_000913.3_2185135-2185632_ext_120-320_int_105_off_15_percentage_41_position_66-105 genomicbackground,1565,3,1565_3
query_1566,0,genomicbackground,0,genomicbackground,0.08869685232639313,1566_3_RF00059_3_NC_000913.3_2185135-2185632_ext_120-320_int_105_off_20_percentage_46_position_61-105 genomicbackground,1566,3,1566_3
query_1567,0,genomicbackground,0,genomicbackground,0.051252830773591995,1567_3_RF00059_3_NC_000913.3_2185135-2185632_ext_120-320_int_105_off_25_percentage_52_position_56-105 genomicbackground,1567,3,1567_3
query_1568,0,genomicbackground,1,riboswitch,0.9899965524673462,1568_3_RF00059_3_NC_000913.3_2185135-2185632_ext_120-320_int_105_off_30_percentage_57_position_51-105 genomicbackground,1568,3,1568_3
query_1569,0,genomicbackground,1,riboswitch,0.9983093738555908,1569_3_RF00059_3_NC_000913.3_2185135-2185632_ext_120-320_int_105_off_35_percentage_62_position_46-105 genomicbackground,1569,3,1569_3
query_1570,0,genomicbackground,1,riboswitch,0.8982257843017578,1570_3_RF00059_3_NC_000913.3_2185135-2185632_ext_120-320_int_105_off_40_percentage_67_position_41-105 genomicbackground,1570,3,1570_3
query_1571,0,genomicbackground,1,riboswitch,0.9982163310050964,1571_3_RF00059_3_NC_000913.3_2185135-2185632_ext_120-320_int_105_off_45_percentage_72_position_36-105 genomicbackground,1571,3,1571_3
query_1572,1,riboswitch,1,riboswitch,0.9994088411331177,1572_3_RF00059_3_NC_000913.3_2185135-2185632_ext_120-320_int_105_off_50_percentage_77_position_31-105 riboswitch,1572,3,1572_3
query_1573,1,riboswitch,1,riboswitch,0.9995205402374268,1573_3_RF00059_3_NC_000913.3_2185135-2185632_ext_120-320_int_105_off_55_percentage_82_position_26-105 riboswitch,1573,3,1573_3
query_1574,1,riboswitch,1,riboswitch,0.9952347874641418,1574_3_RF00059_3_NC_000913.3_2185135-2185632_ext_120-320_int_105_off_60_percentage_88_position_21-105 riboswitch,1574,3,1574_3
query_1575,1,riboswitch,1,riboswitch,0.9989984631538391,1575_3_RF00059_3_NC_000913.3_2185135-2185632_ext_120-320_int_105_off_65_percentage_93_position_16-105 riboswitch,1575,3,1575_3
query_1576,1,riboswitch,1,riboswitch,0.9988370537757874,1576_3_RF00059_3_NC_000913.3_2185135-2185632_ext_120-320_int_105_off_70_percentage_98_position_11-105 riboswitch,1576,3,1576_3
query_1577,1,riboswitch,1,riboswitch,0.9998161196708679,1577_3_RF00059_3_NC_000913.3_2185135-2185632_ext_120-320_int_105_off_75_percentage_100_position_6-102 riboswitch,1577,3,1577_3
query_1578,1,riboswitch,1,riboswitch,0.999816358089447,1578_3_RF00059_3_NC_000913.3_2185135-2185632_ext_120-320_int_105_off_80_percentage_100_position_1-97 riboswitch,1578,3,1578_3
query_1579,1,riboswitch,1,riboswitch,0.9998308420181274,1579_3_RF00059_3_NC_000913.3_2185135-2185632_ext_120-320_int_105_off_85_percentage_95_position_1-92 riboswitch,1579,3,1579_3
query_1580,1,riboswitch,1,riboswitch,0.9861846566200256,1580_3_RF00059_3_NC_000913.3_2185135-2185632_ext_120-320_int_105_off_90_percentage_90_position_1-87 riboswitch,1580,3,1580_3
query_1581,1,riboswitch,1,riboswitch,0.9996304512023926,1581_3_RF00059_3_NC_000913.3_2185135-2185632_ext_120-320_int_105_off_95_percentage_85_position_1-82 riboswitch,1581,3,1581_3
query_1582,0,genomicbackground,0,genomicbackground,0.009846883825957775,1582_3_RF00059_3_NC_000913.3_2185135-2185632_ext_120-320_int_110_off_0_percentage_31_position_81-110 genomicbackground,1582,3,1582_3
query_1583,0,genomicbackground,0,genomicbackground,0.0121334008872509,1583_3_RF00059_3_NC_000913.3_2185135-2185632_ext_120-320_int_110_off_5_percentage_36_position_76-110 genomicbackground,1583,3,1583_3
query_1584,0,genomicbackground,0,genomicbackground,0.04031224176287651,1584_3_RF00059_3_NC_000913.3_2185135-2185632_ext_120-320_int_110_off_10_percentage_41_position_71-110 genomicbackground,1584,3,1584_3
query_1585,0,genomicbackground,0,genomicbackground,0.06758534908294678,1585_3_RF00059_3_NC_000913.3_2185135-2185632_ext_120-320_int_110_off_15_percentage_46_position_66-110 genomicbackground,1585,3,1585_3
query_1586,0,genomicbackground,1,riboswitch,0.854049026966095,1586_3_RF00059_3_NC_000913.3_2185135-2185632_ext_120-320_int_110_off_20_percentage_52_position_61-110 genomicbackground,1586,3,1586_3
query_1587,0,genomicbackground,1,riboswitch,0.996539831161499,1587_3_RF00059_3_NC_000913.3_2185135-2185632_ext_120-320_int_110_off_25_percentage_57_position_56-110 genomicbackground,1587,3,1587_3
query_1588,0,genomicbackground,1,riboswitch,0.9980024695396423,1588_3_RF00059_3_NC_000913.3_2185135-2185632_ext_120-320_int_110_off_30_percentage_62_position_51-110 genomicbackground,1588,3,1588_3
query_1589,0,genomicbackground,0,genomicbackground,0.10820311307907104,1589_3_RF00059_3_NC_000913.3_2185135-2185632_ext_120-320_int_110_off_35_percentage_67_position_46-110 genomicbackground,1589,3,1589_3
query_1590,0,genomicbackground,1,riboswitch,0.9986792206764221,1590_3_RF00059_3_NC_000913.3_2185135-2185632_ext_120-320_int_110_off_40_percentage_72_position_41-110 genomicbackground,1590,3,1590_3
query_1591,1,riboswitch,1,riboswitch,0.9978694915771484,1591_3_RF00059_3_NC_000913.3_2185135-2185632_ext_120-320_int_110_off_45_percentage_77_position_36-110 riboswitch,1591,3,1591_3
query_1592,1,riboswitch,1,riboswitch,0.9972227811813354,1592_3_RF00059_3_NC_000913.3_2185135-2185632_ext_120-320_int_110_off_50_percentage_82_position_31-110 riboswitch,1592,3,1592_3
query_1593,1,riboswitch,1,riboswitch,0.9966952800750732,1593_3_RF00059_3_NC_000913.3_2185135-2185632_ext_120-320_int_110_off_55_percentage_88_position_26-110 riboswitch,1593,3,1593_3
query_1594,1,riboswitch,1,riboswitch,0.9977516531944275,1594_3_RF00059_3_NC_000913.3_2185135-2185632_ext_120-320_int_110_off_60_percentage_93_position_21-110 riboswitch,1594,3,1594_3
query_1595,1,riboswitch,1,riboswitch,0.9986169338226318,1595_3_RF00059_3_NC_000913.3_2185135-2185632_ext_120-320_int_110_off_65_percentage_98_position_16-110 riboswitch,1595,3,1595_3
query_1596,1,riboswitch,1,riboswitch,0.9997997879981995,1596_3_RF00059_3_NC_000913.3_2185135-2185632_ext_120-320_int_110_off_70_percentage_100_position_11-107 riboswitch,1596,3,1596_3
query_1597,1,riboswitch,1,riboswitch,0.9997697472572327,1597_3_RF00059_3_NC_000913.3_2185135-2185632_ext_120-320_int_110_off_75_percentage_100_position_6-102 riboswitch,1597,3,1597_3
query_1598,1,riboswitch,1,riboswitch,0.9998247027397156,1598_3_RF00059_3_NC_000913.3_2185135-2185632_ext_120-320_int_110_off_80_percentage_100_position_1-97 riboswitch,1598,3,1598_3
query_1599,1,riboswitch,1,riboswitch,0.9998395442962646,1599_3_RF00059_3_NC_000913.3_2185135-2185632_ext_120-320_int_110_off_85_percentage_95_position_1-92 riboswitch,1599,3,1599_3
query_1600,1,riboswitch,1,riboswitch,0.9989769458770752,1600_3_RF00059_3_NC_000913.3_2185135-2185632_ext_120-320_int_110_off_90_percentage_90_position_1-87 riboswitch,1600,3,1600_3
query_1601,0,genomicbackground,0,genomicbackground,0.01095785666257143,1601_3_RF00059_3_NC_000913.3_2185135-2185632_ext_120-320_int_115_off_0_percentage_36_position_81-115 genomicbackground,1601,3,1601_3
query_1602,0,genomicbackground,0,genomicbackground,0.07840114086866379,1602_3_RF00059_3_NC_000913.3_2185135-2185632_ext_120-320_int_115_off_5_percentage_41_position_76-115 genomicbackground,1602,3,1602_3
query_1603,0,genomicbackground,0,genomicbackground,0.11957742273807526,1603_3_RF00059_3_NC_000913.3_2185135-2185632_ext_120-320_int_115_off_10_percentage_46_position_71-115 genomicbackground,1603,3,1603_3
query_1604,0,genomicbackground,1,riboswitch,0.7187243103981018,1604_3_RF00059_3_NC_000913.3_2185135-2185632_ext_120-320_int_115_off_15_percentage_52_position_66-115 genomicbackground,1604,3,1604_3
query_1605,0,genomicbackground,1,riboswitch,0.7531105875968933,1605_3_RF00059_3_NC_000913.3_2185135-2185632_ext_120-320_int_115_off_20_percentage_57_position_61-115 genomicbackground,1605,3,1605_3
query_1606,0,genomicbackground,1,riboswitch,0.9984636306762695,1606_3_RF00059_3_NC_000913.3_2185135-2185632_ext_120-320_int_115_off_25_percentage_62_position_56-115 genomicbackground,1606,3,1606_3
query_1607,0,genomicbackground,1,riboswitch,0.8940796852111816,1607_3_RF00059_3_NC_000913.3_2185135-2185632_ext_120-320_int_115_off_30_percentage_67_position_51-115 genomicbackground,1607,3,1607_3
query_1608,0,genomicbackground,1,riboswitch,0.9985107779502869,1608_3_RF00059_3_NC_000913.3_2185135-2185632_ext_120-320_int_115_off_35_percentage_72_position_46-115 genomicbackground,1608,3,1608_3
query_1609,1,riboswitch,1,riboswitch,0.9970595240592957,1609_3_RF00059_3_NC_000913.3_2185135-2185632_ext_120-320_int_115_off_40_percentage_77_position_41-115 riboswitch,1609,3,1609_3
query_1610,1,riboswitch,1,riboswitch,0.976115882396698,1610_3_RF00059_3_NC_000913.3_2185135-2185632_ext_120-320_int_115_off_45_percentage_82_position_36-115 riboswitch,1610,3,1610_3
query_1611,1,riboswitch,1,riboswitch,0.933232843875885,1611_3_RF00059_3_NC_000913.3_2185135-2185632_ext_120-320_int_115_off_50_percentage_88_position_31-115 riboswitch,1611,3,1611_3
query_1612,1,riboswitch,1,riboswitch,0.9979053735733032,1612_3_RF00059_3_NC_000913.3_2185135-2185632_ext_120-320_int_115_off_55_percentage_93_position_26-115 riboswitch,1612,3,1612_3
query_1613,1,riboswitch,1,riboswitch,0.996243953704834,1613_3_RF00059_3_NC_000913.3_2185135-2185632_ext_120-320_int_115_off_60_percentage_98_position_21-115 riboswitch,1613,3,1613_3
query_1614,1,riboswitch,1,riboswitch,0.9997908473014832,1614_3_RF00059_3_NC_000913.3_2185135-2185632_ext_120-320_int_115_off_65_percentage_100_position_16-112 riboswitch,1614,3,1614_3
query_1615,1,riboswitch,1,riboswitch,0.9997109770774841,1615_3_RF00059_3_NC_000913.3_2185135-2185632_ext_120-320_int_115_off_70_percentage_100_position_11-107 riboswitch,1615,3,1615_3
query_1616,1,riboswitch,1,riboswitch,0.9998070597648621,1616_3_RF00059_3_NC_000913.3_2185135-2185632_ext_120-320_int_115_off_75_percentage_100_position_6-102 riboswitch,1616,3,1616_3
query_1617,1,riboswitch,1,riboswitch,0.9998308420181274,1617_3_RF00059_3_NC_000913.3_2185135-2185632_ext_120-320_int_115_off_80_percentage_100_position_1-97 riboswitch,1617,3,1617_3
query_1618,1,riboswitch,1,riboswitch,0.9993425011634827,1618_3_RF00059_3_NC_000913.3_2185135-2185632_ext_120-320_int_115_off_85_percentage_95_position_1-92 riboswitch,1618,3,1618_3
query_1619,0,genomicbackground,0,genomicbackground,0.02628958970308304,1619_3_RF00059_3_NC_000913.3_2185135-2185632_ext_120-320_int_120_off_0_percentage_41_position_81-120 genomicbackground,1619,3,1619_3
query_1620,0,genomicbackground,0,genomicbackground,0.06238001212477684,1620_3_RF00059_3_NC_000913.3_2185135-2185632_ext_120-320_int_120_off_5_percentage_46_position_76-120 genomicbackground,1620,3,1620_3
query_1621,0,genomicbackground,1,riboswitch,0.817419707775116,1621_3_RF00059_3_NC_000913.3_2185135-2185632_ext_120-320_int_120_off_10_percentage_52_position_71-120 genomicbackground,1621,3,1621_3
query_1622,0,genomicbackground,1,riboswitch,0.5777685046195984,1622_3_RF00059_3_NC_000913.3_2185135-2185632_ext_120-320_int_120_off_15_percentage_57_position_66-120 genomicbackground,1622,3,1622_3
query_1623,0,genomicbackground,1,riboswitch,0.9495196342468262,1623_3_RF00059_3_NC_000913.3_2185135-2185632_ext_120-320_int_120_off_20_percentage_62_position_61-120 genomicbackground,1623,3,1623_3
query_1624,0,genomicbackground,1,riboswitch,0.9397578239440918,1624_3_RF00059_3_NC_000913.3_2185135-2185632_ext_120-320_int_120_off_25_percentage_67_position_56-120 genomicbackground,1624,3,1624_3
query_1625,0,genomicbackground,1,riboswitch,0.9994664788246155,1625_3_RF00059_3_NC_000913.3_2185135-2185632_ext_120-320_int_120_off_30_percentage_72_position_51-120 genomicbackground,1625,3,1625_3
query_1626,1,riboswitch,1,riboswitch,0.9949138164520264,1626_3_RF00059_3_NC_000913.3_2185135-2185632_ext_120-320_int_120_off_35_percentage_77_position_46-120 riboswitch,1626,3,1626_3
query_1627,1,riboswitch,1,riboswitch,0.9978596568107605,1627_3_RF00059_3_NC_000913.3_2185135-2185632_ext_120-320_int_120_off_40_percentage_82_position_41-120 riboswitch,1627,3,1627_3
query_1628,1,riboswitch,1,riboswitch,0.6800549626350403,1628_3_RF00059_3_NC_000913.3_2185135-2185632_ext_120-320_int_120_off_45_percentage_88_position_36-120 riboswitch,1628,3,1628_3
query_1629,1,riboswitch,1,riboswitch,0.9864075183868408,1629_3_RF00059_3_NC_000913.3_2185135-2185632_ext_120-320_int_120_off_50_percentage_93_position_31-120 riboswitch,1629,3,1629_3
query_1630,1,riboswitch,1,riboswitch,0.9966734647750854,1630_3_RF00059_3_NC_000913.3_2185135-2185632_ext_120-320_int_120_off_55_percentage_98_position_26-120 riboswitch,1630,3,1630_3
query_1631,1,riboswitch,1,riboswitch,0.9997416138648987,1631_3_RF00059_3_NC_000913.3_2185135-2185632_ext_120-320_int_120_off_60_percentage_100_position_21-117 riboswitch,1631,3,1631_3
query_1632,1,riboswitch,1,riboswitch,0.9996371269226074,1632_3_RF00059_3_NC_000913.3_2185135-2185632_ext_120-320_int_120_off_65_percentage_100_position_16-112 riboswitch,1632,3,1632_3
query_1633,1,riboswitch,1,riboswitch,0.9997774958610535,1633_3_RF00059_3_NC_000913.3_2185135-2185632_ext_120-320_int_120_off_70_percentage_100_position_11-107 riboswitch,1633,3,1633_3
query_1634,1,riboswitch,1,riboswitch,0.9998169541358948,1634_3_RF00059_3_NC_000913.3_2185135-2185632_ext_120-320_int_120_off_75_percentage_100_position_6-102 riboswitch,1634,3,1634_3
query_1635,1,riboswitch,1,riboswitch,0.9993170499801636,1635_3_RF00059_3_NC_000913.3_2185135-2185632_ext_120-320_int_120_off_80_percentage_100_position_1-97 riboswitch,1635,3,1635_3
query_1636,0,genomicbackground,0,genomicbackground,0.024902300909161568,1636_3_RF00059_3_NC_000913.3_2185135-2185632_ext_120-320_int_125_off_0_percentage_46_position_81-125 genomicbackground,1636,3,1636_3
query_1637,0,genomicbackground,0,genomicbackground,0.33943411707878113,1637_3_RF00059_3_NC_000913.3_2185135-2185632_ext_120-320_int_125_off_5_percentage_52_position_76-125 genomicbackground,1637,3,1637_3
query_1638,0,genomicbackground,1,riboswitch,0.7152237296104431,1638_3_RF00059_3_NC_000913.3_2185135-2185632_ext_120-320_int_125_off_10_percentage_57_position_71-125 genomicbackground,1638,3,1638_3
query_1639,0,genomicbackground,1,riboswitch,0.88736891746521,1639_3_RF00059_3_NC_000913.3_2185135-2185632_ext_120-320_int_125_off_15_percentage_62_position_66-125 genomicbackground,1639,3,1639_3
query_1640,0,genomicbackground,1,riboswitch,0.9917588829994202,1640_3_RF00059_3_NC_000913.3_2185135-2185632_ext_120-320_int_125_off_20_percentage_67_position_61-125 genomicbackground,1640,3,1640_3
query_1641,0,genomicbackground,1,riboswitch,0.9994114637374878,1641_3_RF00059_3_NC_000913.3_2185135-2185632_ext_120-320_int_125_off_25_percentage_72_position_56-125 genomicbackground,1641,3,1641_3
query_1642,1,riboswitch,1,riboswitch,0.9813266396522522,1642_3_RF00059_3_NC_000913.3_2185135-2185632_ext_120-320_int_125_off_30_percentage_77_position_51-125 riboswitch,1642,3,1642_3
query_1643,1,riboswitch,1,riboswitch,0.9513651728630066,1643_3_RF00059_3_NC_000913.3_2185135-2185632_ext_120-320_int_125_off_35_percentage_82_position_46-125 riboswitch,1643,3,1643_3
query_1644,1,riboswitch,1,riboswitch,0.9995379447937012,1644_3_RF00059_3_NC_000913.3_2185135-2185632_ext_120-320_int_125_off_40_percentage_88_position_41-125 riboswitch,1644,3,1644_3
query_1645,1,riboswitch,1,riboswitch,0.9488418102264404,1645_3_RF00059_3_NC_000913.3_2185135-2185632_ext_120-320_int_125_off_45_percentage_93_position_36-125 riboswitch,1645,3,1645_3
query_1646,1,riboswitch,1,riboswitch,0.9306976795196533,1646_3_RF00059_3_NC_000913.3_2185135-2185632_ext_120-320_int_125_off_50_percentage_98_position_31-125 riboswitch,1646,3,1646_3
query_1647,1,riboswitch,1,riboswitch,0.9997473359107971,1647_3_RF00059_3_NC_000913.3_2185135-2185632_ext_120-320_int_125_off_55_percentage_100_position_26-122 riboswitch,1647,3,1647_3
query_1648,1,riboswitch,1,riboswitch,0.9996362924575806,1648_3_RF00059_3_NC_000913.3_2185135-2185632_ext_120-320_int_125_off_60_percentage_100_position_21-117 riboswitch,1648,3,1648_3
query_1649,1,riboswitch,1,riboswitch,0.9997209906578064,1649_3_RF00059_3_NC_000913.3_2185135-2185632_ext_120-320_int_125_off_65_percentage_100_position_16-112 riboswitch,1649,3,1649_3
query_1650,1,riboswitch,1,riboswitch,0.9997994303703308,1650_3_RF00059_3_NC_000913.3_2185135-2185632_ext_120-320_int_125_off_70_percentage_100_position_11-107 riboswitch,1650,3,1650_3
query_1651,1,riboswitch,1,riboswitch,0.9992595314979553,1651_3_RF00059_3_NC_000913.3_2185135-2185632_ext_120-320_int_125_off_75_percentage_100_position_6-102 riboswitch,1651,3,1651_3
query_1652,0,genomicbackground,0,genomicbackground,0.06995323300361633,1652_3_RF00059_3_NC_000913.3_2185135-2185632_ext_120-320_int_130_off_0_percentage_52_position_81-130 genomicbackground,1652,3,1652_3
query_1653,0,genomicbackground,0,genomicbackground,0.2471798062324524,1653_3_RF00059_3_NC_000913.3_2185135-2185632_ext_120-320_int_130_off_5_percentage_57_position_76-130 genomicbackground,1653,3,1653_3
query_1654,0,genomicbackground,1,riboswitch,0.9370499849319458,1654_3_RF00059_3_NC_000913.3_2185135-2185632_ext_120-320_int_130_off_10_percentage_62_position_71-130 genomicbackground,1654,3,1654_3
query_1655,0,genomicbackground,1,riboswitch,0.9874711632728577,1655_3_RF00059_3_NC_000913.3_2185135-2185632_ext_120-320_int_130_off_15_percentage_67_position_66-130 genomicbackground,1655,3,1655_3
query_1656,0,genomicbackground,1,riboswitch,0.9843496680259705,1656_3_RF00059_3_NC_000913.3_2185135-2185632_ext_120-320_int_130_off_20_percentage_72_position_61-130 genomicbackground,1656,3,1656_3
query_1657,1,riboswitch,1,riboswitch,0.9837125539779663,1657_3_RF00059_3_NC_000913.3_2185135-2185632_ext_120-320_int_130_off_25_percentage_77_position_56-130 riboswitch,1657,3,1657_3
query_1658,1,riboswitch,0,genomicbackground,0.10826362669467926,1658_3_RF00059_3_NC_000913.3_2185135-2185632_ext_120-320_int_130_off_30_percentage_82_position_51-130 riboswitch,1658,3,1658_3
query_1659,1,riboswitch,1,riboswitch,0.9985306262969971,1659_3_RF00059_3_NC_000913.3_2185135-2185632_ext_120-320_int_130_off_35_percentage_88_position_46-130 riboswitch,1659,3,1659_3
query_1660,1,riboswitch,1,riboswitch,0.9995063543319702,1660_3_RF00059_3_NC_000913.3_2185135-2185632_ext_120-320_int_130_off_40_percentage_93_position_41-130 riboswitch,1660,3,1660_3
query_1661,1,riboswitch,1,riboswitch,0.7170426845550537,1661_3_RF00059_3_NC_000913.3_2185135-2185632_ext_120-320_int_130_off_45_percentage_98_position_36-130 riboswitch,1661,3,1661_3
query_1662,1,riboswitch,1,riboswitch,0.9996656179428101,1662_3_RF00059_3_NC_000913.3_2185135-2185632_ext_120-320_int_130_off_50_percentage_100_position_31-127 riboswitch,1662,3,1662_3
query_1663,1,riboswitch,1,riboswitch,0.999650239944458,1663_3_RF00059_3_NC_000913.3_2185135-2185632_ext_120-320_int_130_off_55_percentage_100_position_26-122 riboswitch,1663,3,1663_3
query_1664,1,riboswitch,1,riboswitch,0.9996684789657593,1664_3_RF00059_3_NC_000913.3_2185135-2185632_ext_120-320_int_130_off_60_percentage_100_position_21-117 riboswitch,1664,3,1664_3
query_1665,1,riboswitch,1,riboswitch,0.9997566342353821,1665_3_RF00059_3_NC_000913.3_2185135-2185632_ext_120-320_int_130_off_65_percentage_100_position_16-112 riboswitch,1665,3,1665_3
query_1666,1,riboswitch,1,riboswitch,0.9992263317108154,1666_3_RF00059_3_NC_000913.3_2185135-2185632_ext_120-320_int_130_off_70_percentage_100_position_11-107 riboswitch,1666,3,1666_3
query_1667,0,genomicbackground,1,riboswitch,0.9573734998703003,1667_3_RF00059_3_NC_000913.3_2185135-2185632_ext_120-320_int_135_off_0_percentage_57_position_81-135 genomicbackground,1667,3,1667_3
query_1668,0,genomicbackground,0,genomicbackground,0.4221213161945343,1668_3_RF00059_3_NC_000913.3_2185135-2185632_ext_120-320_int_135_off_5_percentage_62_position_76-135 genomicbackground,1668,3,1668_3
query_1669,0,genomicbackground,1,riboswitch,0.9901208877563477,1669_3_RF00059_3_NC_000913.3_2185135-2185632_ext_120-320_int_135_off_10_percentage_67_position_71-135 genomicbackground,1669,3,1669_3
query_1670,0,genomicbackground,1,riboswitch,0.9942492246627808,1670_3_RF00059_3_NC_000913.3_2185135-2185632_ext_120-320_int_135_off_15_percentage_72_position_66-135 genomicbackground,1670,3,1670_3
query_1671,1,riboswitch,1,riboswitch,0.9904432892799377,1671_3_RF00059_3_NC_000913.3_2185135-2185632_ext_120-320_int_135_off_20_percentage_77_position_61-135 riboswitch,1671,3,1671_3
query_1672,1,riboswitch,0,genomicbackground,0.3792814612388611,1672_3_RF00059_3_NC_000913.3_2185135-2185632_ext_120-320_int_135_off_25_percentage_82_position_56-135 riboswitch,1672,3,1672_3
query_1673,1,riboswitch,1,riboswitch,0.9894090890884399,1673_3_RF00059_3_NC_000913.3_2185135-2185632_ext_120-320_int_135_off_30_percentage_88_position_51-135 riboswitch,1673,3,1673_3
query_1674,1,riboswitch,1,riboswitch,0.9984275102615356,1674_3_RF00059_3_NC_000913.3_2185135-2185632_ext_120-320_int_135_off_35_percentage_93_position_46-135 riboswitch,1674,3,1674_3
query_1675,1,riboswitch,1,riboswitch,0.9996689558029175,1675_3_RF00059_3_NC_000913.3_2185135-2185632_ext_120-320_int_135_off_40_percentage_98_position_41-135 riboswitch,1675,3,1675_3
query_1676,1,riboswitch,1,riboswitch,0.9995860457420349,1676_3_RF00059_3_NC_000913.3_2185135-2185632_ext_120-320_int_135_off_45_percentage_100_position_36-132 riboswitch,1676,3,1676_3
query_1677,1,riboswitch,1,riboswitch,0.9991505146026611,1677_3_RF00059_3_NC_000913.3_2185135-2185632_ext_120-320_int_135_off_50_percentage_100_position_31-127 riboswitch,1677,3,1677_3
query_1678,1,riboswitch,1,riboswitch,0.9997147917747498,1678_3_RF00059_3_NC_000913.3_2185135-2185632_ext_120-320_int_135_off_55_percentage_100_position_26-122 riboswitch,1678,3,1678_3
query_1679,1,riboswitch,1,riboswitch,0.9997561573982239,1679_3_RF00059_3_NC_000913.3_2185135-2185632_ext_120-320_int_135_off_60_percentage_100_position_21-117 riboswitch,1679,3,1679_3
query_1680,1,riboswitch,1,riboswitch,0.9991642236709595,1680_3_RF00059_3_NC_000913.3_2185135-2185632_ext_120-320_int_135_off_65_percentage_100_position_16-112 riboswitch,1680,3,1680_3
query_1681,0,genomicbackground,0,genomicbackground,0.025837067514657974,1681_3_RF00059_3_NC_000913.3_2185135-2185632_ext_120-320_int_140_off_0_percentage_62_position_81-140 genomicbackground,1681,3,1681_3
query_1682,0,genomicbackground,1,riboswitch,0.9608904123306274,1682_3_RF00059_3_NC_000913.3_2185135-2185632_ext_120-320_int_140_off_5_percentage_67_position_76-140 genomicbackground,1682,3,1682_3
query_1683,0,genomicbackground,1,riboswitch,0.9676308035850525,1683_3_RF00059_3_NC_000913.3_2185135-2185632_ext_120-320_int_140_off_10_percentage_72_position_71-140 genomicbackground,1683,3,1683_3
query_1684,1,riboswitch,1,riboswitch,0.9854925274848938,1684_3_RF00059_3_NC_000913.3_2185135-2185632_ext_120-320_int_140_off_15_percentage_77_position_66-140 riboswitch,1684,3,1684_3
query_1685,1,riboswitch,1,riboswitch,0.9523317813873291,1685_3_RF00059_3_NC_000913.3_2185135-2185632_ext_120-320_int_140_off_20_percentage_82_position_61-140 riboswitch,1685,3,1685_3
query_1686,1,riboswitch,1,riboswitch,0.9926827549934387,1686_3_RF00059_3_NC_000913.3_2185135-2185632_ext_120-320_int_140_off_25_percentage_88_position_56-140 riboswitch,1686,3,1686_3
query_1687,1,riboswitch,1,riboswitch,0.989300012588501,1687_3_RF00059_3_NC_000913.3_2185135-2185632_ext_120-320_int_140_off_30_percentage_93_position_51-140 riboswitch,1687,3,1687_3
query_1688,1,riboswitch,1,riboswitch,0.9995388984680176,1688_3_RF00059_3_NC_000913.3_2185135-2185632_ext_120-320_int_140_off_35_percentage_98_position_46-140 riboswitch,1688,3,1688_3
query_1689,1,riboswitch,1,riboswitch,0.9992480874061584,1689_3_RF00059_3_NC_000913.3_2185135-2185632_ext_120-320_int_140_off_40_percentage_100_position_41-137 riboswitch,1689,3,1689_3
query_1690,1,riboswitch,1,riboswitch,0.9980552196502686,1690_3_RF00059_3_NC_000913.3_2185135-2185632_ext_120-320_int_140_off_45_percentage_100_position_36-132 riboswitch,1690,3,1690_3
query_1691,1,riboswitch,1,riboswitch,0.9995399713516235,1691_3_RF00059_3_NC_000913.3_2185135-2185632_ext_120-320_int_140_off_50_percentage_100_position_31-127 riboswitch,1691,3,1691_3
query_1692,1,riboswitch,1,riboswitch,0.9997827410697937,1692_3_RF00059_3_NC_000913.3_2185135-2185632_ext_120-320_int_140_off_55_percentage_100_position_26-122 riboswitch,1692,3,1692_3
query_1693,1,riboswitch,1,riboswitch,0.9988431930541992,1693_3_RF00059_3_NC_000913.3_2185135-2185632_ext_120-320_int_140_off_60_percentage_100_position_21-117 riboswitch,1693,3,1693_3
query_1694,0,genomicbackground,0,genomicbackground,0.21880386769771576,1694_3_RF00059_3_NC_000913.3_2185135-2185632_ext_120-320_int_145_off_0_percentage_67_position_81-145 genomicbackground,1694,3,1694_3
query_1695,0,genomicbackground,1,riboswitch,0.984327495098114,1695_3_RF00059_3_NC_000913.3_2185135-2185632_ext_120-320_int_145_off_5_percentage_72_position_76-145 genomicbackground,1695,3,1695_3
query_1696,1,riboswitch,1,riboswitch,0.9946527481079102,1696_3_RF00059_3_NC_000913.3_2185135-2185632_ext_120-320_int_145_off_10_percentage_77_position_71-145 riboswitch,1696,3,1696_3
query_1697,1,riboswitch,1,riboswitch,0.7090733647346497,1697_3_RF00059_3_NC_000913.3_2185135-2185632_ext_120-320_int_145_off_15_percentage_82_position_66-145 riboswitch,1697,3,1697_3
query_1698,1,riboswitch,1,riboswitch,0.9960032105445862,1698_3_RF00059_3_NC_000913.3_2185135-2185632_ext_120-320_int_145_off_20_percentage_88_position_61-145 riboswitch,1698,3,1698_3
query_1699,1,riboswitch,1,riboswitch,0.9583665132522583,1699_3_RF00059_3_NC_000913.3_2185135-2185632_ext_120-320_int_145_off_25_percentage_93_position_56-145 riboswitch,1699,3,1699_3
query_1700,1,riboswitch,1,riboswitch,0.9992732405662537,1700_3_RF00059_3_NC_000913.3_2185135-2185632_ext_120-320_int_145_off_30_percentage_98_position_51-145 riboswitch,1700,3,1700_3
query_1701,1,riboswitch,1,riboswitch,0.995186984539032,1701_3_RF00059_3_NC_000913.3_2185135-2185632_ext_120-320_int_145_off_35_percentage_100_position_46-142 riboswitch,1701,3,1701_3
query_1702,1,riboswitch,1,riboswitch,0.9990255832672119,1702_3_RF00059_3_NC_000913.3_2185135-2185632_ext_120-320_int_145_off_40_percentage_100_position_41-137 riboswitch,1702,3,1702_3
query_1703,1,riboswitch,1,riboswitch,0.9992327690124512,1703_3_RF00059_3_NC_000913.3_2185135-2185632_ext_120-320_int_145_off_45_percentage_100_position_36-132 riboswitch,1703,3,1703_3
query_1704,1,riboswitch,1,riboswitch,0.9997405409812927,1704_3_RF00059_3_NC_000913.3_2185135-2185632_ext_120-320_int_145_off_50_percentage_100_position_31-127 riboswitch,1704,3,1704_3
query_1705,1,riboswitch,1,riboswitch,0.998974084854126,1705_3_RF00059_3_NC_000913.3_2185135-2185632_ext_120-320_int_145_off_55_percentage_100_position_26-122 riboswitch,1705,3,1705_3
query_1706,0,genomicbackground,0,genomicbackground,0.24743245542049408,1706_3_RF00059_3_NC_000913.3_2185135-2185632_ext_120-320_int_150_off_0_percentage_72_position_81-150 genomicbackground,1706,3,1706_3
query_1707,1,riboswitch,1,riboswitch,0.9954588413238525,1707_3_RF00059_3_NC_000913.3_2185135-2185632_ext_120-320_int_150_off_5_percentage_77_position_76-150 riboswitch,1707,3,1707_3
query_1708,1,riboswitch,1,riboswitch,0.6295758485794067,1708_3_RF00059_3_NC_000913.3_2185135-2185632_ext_120-320_int_150_off_10_percentage_82_position_71-150 riboswitch,1708,3,1708_3
query_1709,1,riboswitch,1,riboswitch,0.9744029641151428,1709_3_RF00059_3_NC_000913.3_2185135-2185632_ext_120-320_int_150_off_15_percentage_88_position_66-150 riboswitch,1709,3,1709_3
query_1710,1,riboswitch,1,riboswitch,0.9877524375915527,1710_3_RF00059_3_NC_000913.3_2185135-2185632_ext_120-320_int_150_off_20_percentage_93_position_61-150 riboswitch,1710,3,1710_3
query_1711,1,riboswitch,1,riboswitch,0.9991676807403564,1711_3_RF00059_3_NC_000913.3_2185135-2185632_ext_120-320_int_150_off_25_percentage_98_position_56-150 riboswitch,1711,3,1711_3
query_1712,1,riboswitch,1,riboswitch,0.9368314146995544,1712_3_RF00059_3_NC_000913.3_2185135-2185632_ext_120-320_int_150_off_30_percentage_100_position_51-147 riboswitch,1712,3,1712_3
query_1713,1,riboswitch,1,riboswitch,0.9953423738479614,1713_3_RF00059_3_NC_000913.3_2185135-2185632_ext_120-320_int_150_off_35_percentage_100_position_46-142 riboswitch,1713,3,1713_3
query_1714,1,riboswitch,1,riboswitch,0.9989216327667236,1714_3_RF00059_3_NC_000913.3_2185135-2185632_ext_120-320_int_150_off_40_percentage_100_position_41-137 riboswitch,1714,3,1714_3
query_1715,1,riboswitch,1,riboswitch,0.9994875192642212,1715_3_RF00059_3_NC_000913.3_2185135-2185632_ext_120-320_int_150_off_45_percentage_100_position_36-132 riboswitch,1715,3,1715_3
query_1716,1,riboswitch,1,riboswitch,0.9995180368423462,1716_3_RF00059_3_NC_000913.3_2185135-2185632_ext_120-320_int_150_off_50_percentage_100_position_31-127 riboswitch,1716,3,1716_3
query_1717,1,riboswitch,0,genomicbackground,0.08986213058233261,1717_3_RF00059_3_NC_000913.3_2185135-2185632_ext_120-320_int_155_off_0_percentage_77_position_81-155 riboswitch,1717,3,1717_3
query_1718,1,riboswitch,1,riboswitch,0.9399836659431458,1718_3_RF00059_3_NC_000913.3_2185135-2185632_ext_120-320_int_155_off_5_percentage_82_position_76-155 riboswitch,1718,3,1718_3
query_1719,1,riboswitch,1,riboswitch,0.9766156673431396,1719_3_RF00059_3_NC_000913.3_2185135-2185632_ext_120-320_int_155_off_10_percentage_88_position_71-155 riboswitch,1719,3,1719_3
query_1720,1,riboswitch,1,riboswitch,0.9827002286911011,1720_3_RF00059_3_NC_000913.3_2185135-2185632_ext_120-320_int_155_off_15_percentage_93_position_66-155 riboswitch,1720,3,1720_3
query_1721,1,riboswitch,1,riboswitch,0.9989500641822815,1721_3_RF00059_3_NC_000913.3_2185135-2185632_ext_120-320_int_155_off_20_percentage_98_position_61-155 riboswitch,1721,3,1721_3
query_1722,1,riboswitch,1,riboswitch,0.9606505632400513,1722_3_RF00059_3_NC_000913.3_2185135-2185632_ext_120-320_int_155_off_25_percentage_100_position_56-152 riboswitch,1722,3,1722_3
query_1723,1,riboswitch,1,riboswitch,0.978958010673523,1723_3_RF00059_3_NC_000913.3_2185135-2185632_ext_120-320_int_155_off_30_percentage_100_position_51-147 riboswitch,1723,3,1723_3
query_1724,1,riboswitch,1,riboswitch,0.9976078271865845,1724_3_RF00059_3_NC_000913.3_2185135-2185632_ext_120-320_int_155_off_35_percentage_100_position_46-142 riboswitch,1724,3,1724_3
query_1725,1,riboswitch,1,riboswitch,0.999201238155365,1725_3_RF00059_3_NC_000913.3_2185135-2185632_ext_120-320_int_155_off_40_percentage_100_position_41-137 riboswitch,1725,3,1725_3
query_1726,1,riboswitch,1,riboswitch,0.9994457364082336,1726_3_RF00059_3_NC_000913.3_2185135-2185632_ext_120-320_int_155_off_45_percentage_100_position_36-132 riboswitch,1726,3,1726_3
query_1727,1,riboswitch,0,genomicbackground,0.02274797484278679,1727_3_RF00059_3_NC_000913.3_2185135-2185632_ext_120-320_int_160_off_0_percentage_82_position_81-160 riboswitch,1727,3,1727_3
query_1728,1,riboswitch,1,riboswitch,0.9769600629806519,1728_3_RF00059_3_NC_000913.3_2185135-2185632_ext_120-320_int_160_off_5_percentage_88_position_76-160 riboswitch,1728,3,1728_3
query_1729,1,riboswitch,1,riboswitch,0.9713488817214966,1729_3_RF00059_3_NC_000913.3_2185135-2185632_ext_120-320_int_160_off_10_percentage_93_position_71-160 riboswitch,1729,3,1729_3
query_1730,1,riboswitch,1,riboswitch,0.9907369017601013,1730_3_RF00059_3_NC_000913.3_2185135-2185632_ext_120-320_int_160_off_15_percentage_98_position_66-160 riboswitch,1730,3,1730_3
query_1731,1,riboswitch,1,riboswitch,0.9952419996261597,1731_3_RF00059_3_NC_000913.3_2185135-2185632_ext_120-320_int_160_off_20_percentage_100_position_61-157 riboswitch,1731,3,1731_3
query_1732,1,riboswitch,1,riboswitch,0.9814654588699341,1732_3_RF00059_3_NC_000913.3_2185135-2185632_ext_120-320_int_160_off_25_percentage_100_position_56-152 riboswitch,1732,3,1732_3
query_1733,1,riboswitch,1,riboswitch,0.9941237568855286,1733_3_RF00059_3_NC_000913.3_2185135-2185632_ext_120-320_int_160_off_30_percentage_100_position_51-147 riboswitch,1733,3,1733_3
query_1734,1,riboswitch,1,riboswitch,0.9977600574493408,1734_3_RF00059_3_NC_000913.3_2185135-2185632_ext_120-320_int_160_off_35_percentage_100_position_46-142 riboswitch,1734,3,1734_3
query_1735,1,riboswitch,1,riboswitch,0.9991748929023743,1735_3_RF00059_3_NC_000913.3_2185135-2185632_ext_120-320_int_160_off_40_percentage_100_position_41-137 riboswitch,1735,3,1735_3
query_1736,1,riboswitch,1,riboswitch,0.9379782676696777,1736_3_RF00059_3_NC_000913.3_2185135-2185632_ext_120-320_int_165_off_0_percentage_88_position_81-165 riboswitch,1736,3,1736_3
query_1737,1,riboswitch,1,riboswitch,0.9787429571151733,1737_3_RF00059_3_NC_000913.3_2185135-2185632_ext_120-320_int_165_off_5_percentage_93_position_76-165 riboswitch,1737,3,1737_3
query_1738,1,riboswitch,1,riboswitch,0.9500759243965149,1738_3_RF00059_3_NC_000913.3_2185135-2185632_ext_120-320_int_165_off_10_percentage_98_position_71-165 riboswitch,1738,3,1738_3
query_1739,1,riboswitch,1,riboswitch,0.9856480360031128,1739_3_RF00059_3_NC_000913.3_2185135-2185632_ext_120-320_int_165_off_15_percentage_100_position_66-162 riboswitch,1739,3,1739_3
query_1740,1,riboswitch,1,riboswitch,0.9949413537979126,1740_3_RF00059_3_NC_000913.3_2185135-2185632_ext_120-320_int_165_off_20_percentage_100_position_61-157 riboswitch,1740,3,1740_3
query_1741,1,riboswitch,1,riboswitch,0.9928747415542603,1741_3_RF00059_3_NC_000913.3_2185135-2185632_ext_120-320_int_165_off_25_percentage_100_position_56-152 riboswitch,1741,3,1741_3
query_1742,1,riboswitch,1,riboswitch,0.9978958368301392,1742_3_RF00059_3_NC_000913.3_2185135-2185632_ext_120-320_int_165_off_30_percentage_100_position_51-147 riboswitch,1742,3,1742_3
query_1743,1,riboswitch,1,riboswitch,0.9975064396858215,1743_3_RF00059_3_NC_000913.3_2185135-2185632_ext_120-320_int_165_off_35_percentage_100_position_46-142 riboswitch,1743,3,1743_3
query_1744,1,riboswitch,1,riboswitch,0.9653522372245789,1744_3_RF00059_3_NC_000913.3_2185135-2185632_ext_120-320_int_170_off_0_percentage_93_position_81-170 riboswitch,1744,3,1744_3
query_1745,1,riboswitch,1,riboswitch,0.9645757079124451,1745_3_RF00059_3_NC_000913.3_2185135-2185632_ext_120-320_int_170_off_5_percentage_98_position_76-170 riboswitch,1745,3,1745_3
query_1746,1,riboswitch,1,riboswitch,0.9797884821891785,1746_3_RF00059_3_NC_000913.3_2185135-2185632_ext_120-320_int_170_off_10_percentage_100_position_71-167 riboswitch,1746,3,1746_3
query_1747,1,riboswitch,1,riboswitch,0.9497037529945374,1747_3_RF00059_3_NC_000913.3_2185135-2185632_ext_120-320_int_170_off_15_percentage_100_position_66-162 riboswitch,1747,3,1747_3
query_1748,1,riboswitch,1,riboswitch,0.9957979321479797,1748_3_RF00059_3_NC_000913.3_2185135-2185632_ext_120-320_int_170_off_20_percentage_100_position_61-157 riboswitch,1748,3,1748_3
query_1749,1,riboswitch,1,riboswitch,0.997297465801239,1749_3_RF00059_3_NC_000913.3_2185135-2185632_ext_120-320_int_170_off_25_percentage_100_position_56-152 riboswitch,1749,3,1749_3
query_1750,1,riboswitch,1,riboswitch,0.9960218071937561,1750_3_RF00059_3_NC_000913.3_2185135-2185632_ext_120-320_int_170_off_30_percentage_100_position_51-147 riboswitch,1750,3,1750_3
query_1751,1,riboswitch,1,riboswitch,0.9124394655227661,1751_3_RF00059_3_NC_000913.3_2185135-2185632_ext_120-320_int_175_off_0_percentage_98_position_81-175 riboswitch,1751,3,1751_3
query_1752,1,riboswitch,1,riboswitch,0.9786459803581238,1752_3_RF00059_3_NC_000913.3_2185135-2185632_ext_120-320_int_175_off_5_percentage_100_position_76-172 riboswitch,1752,3,1752_3
query_1753,1,riboswitch,1,riboswitch,0.9002458453178406,1753_3_RF00059_3_NC_000913.3_2185135-2185632_ext_120-320_int_175_off_10_percentage_100_position_71-167 riboswitch,1753,3,1753_3
query_1754,1,riboswitch,1,riboswitch,0.9939785003662109,1754_3_RF00059_3_NC_000913.3_2185135-2185632_ext_120-320_int_175_off_15_percentage_100_position_66-162 riboswitch,1754,3,1754_3
query_1755,1,riboswitch,1,riboswitch,0.9974237680435181,1755_3_RF00059_3_NC_000913.3_2185135-2185632_ext_120-320_int_175_off_20_percentage_100_position_61-157 riboswitch,1755,3,1755_3
query_1756,1,riboswitch,1,riboswitch,0.9976658821105957,1756_3_RF00059_3_NC_000913.3_2185135-2185632_ext_120-320_int_175_off_25_percentage_100_position_56-152 riboswitch,1756,3,1756_3
query_1757,1,riboswitch,1,riboswitch,0.9480864405632019,1757_3_RF00059_3_NC_000913.3_2185135-2185632_ext_120-320_int_180_off_0_percentage_100_position_81-177 riboswitch,1757,3,1757_3
query_1758,1,riboswitch,1,riboswitch,0.8871285915374756,1758_3_RF00059_3_NC_000913.3_2185135-2185632_ext_120-320_int_180_off_5_percentage_100_position_76-172 riboswitch,1758,3,1758_3
query_1759,1,riboswitch,1,riboswitch,0.9983351826667786,1759_3_RF00059_3_NC_000913.3_2185135-2185632_ext_120-320_int_180_off_10_percentage_100_position_71-167 riboswitch,1759,3,1759_3
query_1760,1,riboswitch,1,riboswitch,0.9957742094993591,1760_3_RF00059_3_NC_000913.3_2185135-2185632_ext_120-320_int_180_off_15_percentage_100_position_66-162 riboswitch,1760,3,1760_3
query_1761,1,riboswitch,1,riboswitch,0.9977589845657349,1761_3_RF00059_3_NC_000913.3_2185135-2185632_ext_120-320_int_180_off_20_percentage_100_position_61-157 riboswitch,1761,3,1761_3
query_1762,1,riboswitch,1,riboswitch,0.5168485641479492,1762_3_RF00059_3_NC_000913.3_2185135-2185632_ext_120-320_int_185_off_0_percentage_100_position_81-177 riboswitch,1762,3,1762_3
query_1763,1,riboswitch,1,riboswitch,0.992638349533081,1763_3_RF00059_3_NC_000913.3_2185135-2185632_ext_120-320_int_185_off_5_percentage_100_position_76-172 riboswitch,1763,3,1763_3
query_1764,1,riboswitch,1,riboswitch,0.9961175918579102,1764_3_RF00059_3_NC_000913.3_2185135-2185632_ext_120-320_int_185_off_10_percentage_100_position_71-167 riboswitch,1764,3,1764_3
query_1765,1,riboswitch,1,riboswitch,0.9964610934257507,1765_3_RF00059_3_NC_000913.3_2185135-2185632_ext_120-320_int_185_off_15_percentage_100_position_66-162 riboswitch,1765,3,1765_3
query_1766,1,riboswitch,1,riboswitch,0.814175009727478,1766_3_RF00059_3_NC_000913.3_2185135-2185632_ext_120-320_int_190_off_0_percentage_100_position_81-177 riboswitch,1766,3,1766_3
query_1767,1,riboswitch,1,riboswitch,0.9923214316368103,1767_3_RF00059_3_NC_000913.3_2185135-2185632_ext_120-320_int_190_off_5_percentage_100_position_76-172 riboswitch,1767,3,1767_3
query_1768,1,riboswitch,1,riboswitch,0.993309497833252,1768_3_RF00059_3_NC_000913.3_2185135-2185632_ext_120-320_int_190_off_10_percentage_100_position_71-167 riboswitch,1768,3,1768_3
query_1769,1,riboswitch,1,riboswitch,0.9430614709854126,1769_3_RF00059_3_NC_000913.3_2185135-2185632_ext_120-320_int_195_off_0_percentage_100_position_81-177 riboswitch,1769,3,1769_3
query_1770,1,riboswitch,1,riboswitch,0.9899575114250183,1770_3_RF00059_3_NC_000913.3_2185135-2185632_ext_120-320_int_195_off_5_percentage_100_position_76-172 riboswitch,1770,3,1770_3
query_1771,1,riboswitch,1,riboswitch,0.9856672883033752,1771_3_RF00059_3_NC_000913.3_2185135-2185632_ext_120-320_int_200_off_0_percentage_100_position_81-177 riboswitch,1771,3,1771_3
query_1772,0,genomicbackground,0,genomicbackground,0.007252736948430538,1772_3_RF00059_3_NC_000913.3_2185135-2185632_ext_140-340_int_95_off_0_percentage_36_position_61-95 genomicbackground,1772,3,1772_3
query_1773,0,genomicbackground,1,riboswitch,0.5612254738807678,1773_3_RF00059_3_NC_000913.3_2185135-2185632_ext_140-340_int_95_off_5_percentage_41_position_56-95 genomicbackground,1773,3,1773_3
query_1774,0,genomicbackground,0,genomicbackground,0.0191777553409338,1774_3_RF00059_3_NC_000913.3_2185135-2185632_ext_140-340_int_95_off_10_percentage_46_position_51-95 genomicbackground,1774,3,1774_3
query_1775,0,genomicbackground,0,genomicbackground,0.015502983704209328,1775_3_RF00059_3_NC_000913.3_2185135-2185632_ext_140-340_int_95_off_15_percentage_52_position_46-95 genomicbackground,1775,3,1775_3
query_1776,0,genomicbackground,1,riboswitch,0.9870917797088623,1776_3_RF00059_3_NC_000913.3_2185135-2185632_ext_140-340_int_95_off_20_percentage_57_position_41-95 genomicbackground,1776,3,1776_3
query_1777,0,genomicbackground,1,riboswitch,0.9910219311714172,1777_3_RF00059_3_NC_000913.3_2185135-2185632_ext_140-340_int_95_off_25_percentage_62_position_36-95 genomicbackground,1777,3,1777_3
query_1778,0,genomicbackground,1,riboswitch,0.9984234571456909,1778_3_RF00059_3_NC_000913.3_2185135-2185632_ext_140-340_int_95_off_30_percentage_67_position_31-95 genomicbackground,1778,3,1778_3
query_1779,0,genomicbackground,1,riboswitch,0.9969417452812195,1779_3_RF00059_3_NC_000913.3_2185135-2185632_ext_140-340_int_95_off_35_percentage_72_position_26-95 genomicbackground,1779,3,1779_3
query_1780,1,riboswitch,1,riboswitch,0.9996633529663086,1780_3_RF00059_3_NC_000913.3_2185135-2185632_ext_140-340_int_95_off_40_percentage_77_position_21-95 riboswitch,1780,3,1780_3
query_1781,1,riboswitch,1,riboswitch,0.9996905326843262,1781_3_RF00059_3_NC_000913.3_2185135-2185632_ext_140-340_int_95_off_45_percentage_82_position_16-95 riboswitch,1781,3,1781_3
query_1782,1,riboswitch,1,riboswitch,0.9985652565956116,1782_3_RF00059_3_NC_000913.3_2185135-2185632_ext_140-340_int_95_off_50_percentage_88_position_11-95 riboswitch,1782,3,1782_3
query_1783,1,riboswitch,1,riboswitch,0.9992780089378357,1783_3_RF00059_3_NC_000913.3_2185135-2185632_ext_140-340_int_95_off_55_percentage_93_position_6-95 riboswitch,1783,3,1783_3
query_1784,1,riboswitch,1,riboswitch,0.9993062019348145,1784_3_RF00059_3_NC_000913.3_2185135-2185632_ext_140-340_int_95_off_60_percentage_98_position_1-95 riboswitch,1784,3,1784_3
query_1785,1,riboswitch,1,riboswitch,0.999823272228241,1785_3_RF00059_3_NC_000913.3_2185135-2185632_ext_140-340_int_95_off_65_percentage_95_position_1-92 riboswitch,1785,3,1785_3
query_1786,1,riboswitch,1,riboswitch,0.998977541923523,1786_3_RF00059_3_NC_000913.3_2185135-2185632_ext_140-340_int_95_off_70_percentage_90_position_1-87 riboswitch,1786,3,1786_3
query_1787,1,riboswitch,1,riboswitch,0.9997047781944275,1787_3_RF00059_3_NC_000913.3_2185135-2185632_ext_140-340_int_95_off_75_percentage_85_position_1-82 riboswitch,1787,3,1787_3
query_1788,1,riboswitch,1,riboswitch,0.9129024744033813,1788_3_RF00059_3_NC_000913.3_2185135-2185632_ext_140-340_int_95_off_80_percentage_79_position_1-77 riboswitch,1788,3,1788_3
query_1789,0,genomicbackground,1,riboswitch,0.9990026354789734,1789_3_RF00059_3_NC_000913.3_2185135-2185632_ext_140-340_int_95_off_85_percentage_74_position_1-72 genomicbackground,1789,3,1789_3
query_1790,0,genomicbackground,1,riboswitch,0.998683512210846,1790_3_RF00059_3_NC_000913.3_2185135-2185632_ext_140-340_int_95_off_90_percentage_69_position_1-67 genomicbackground,1790,3,1790_3
query_1791,0,genomicbackground,1,riboswitch,0.9983828067779541,1791_3_RF00059_3_NC_000913.3_2185135-2185632_ext_140-340_int_95_off_95_percentage_64_position_1-62 genomicbackground,1791,3,1791_3
query_1792,0,genomicbackground,1,riboswitch,0.9823200106620789,1792_3_RF00059_3_NC_000913.3_2185135-2185632_ext_140-340_int_95_off_100_percentage_59_position_1-57 genomicbackground,1792,3,1792_3
query_1793,0,genomicbackground,1,riboswitch,0.987765908241272,1793_3_RF00059_3_NC_000913.3_2185135-2185632_ext_140-340_int_95_off_105_percentage_54_position_1-52 genomicbackground,1793,3,1793_3
query_1794,0,genomicbackground,0,genomicbackground,0.03219693526625633,1794_3_RF00059_3_NC_000913.3_2185135-2185632_ext_140-340_int_100_off_0_percentage_41_position_61-100 genomicbackground,1794,3,1794_3
query_1795,0,genomicbackground,0,genomicbackground,0.3793645203113556,1795_3_RF00059_3_NC_000913.3_2185135-2185632_ext_140-340_int_100_off_5_percentage_46_position_56-100 genomicbackground,1795,3,1795_3
query_1796,0,genomicbackground,0,genomicbackground,0.029952114447951317,1796_3_RF00059_3_NC_000913.3_2185135-2185632_ext_140-340_int_100_off_10_percentage_52_position_51-100 genomicbackground,1796,3,1796_3
query_1797,0,genomicbackground,1,riboswitch,0.9875698685646057,1797_3_RF00059_3_NC_000913.3_2185135-2185632_ext_140-340_int_100_off_15_percentage_57_position_46-100 genomicbackground,1797,3,1797_3
query_1798,0,genomicbackground,1,riboswitch,0.9980573058128357,1798_3_RF00059_3_NC_000913.3_2185135-2185632_ext_140-340_int_100_off_20_percentage_62_position_41-100 genomicbackground,1798,3,1798_3
query_1799,0,genomicbackground,1,riboswitch,0.9930758476257324,1799_3_RF00059_3_NC_000913.3_2185135-2185632_ext_140-340_int_100_off_25_percentage_67_position_36-100 genomicbackground,1799,3,1799_3
query_1800,0,genomicbackground,1,riboswitch,0.9997420907020569,1800_3_RF00059_3_NC_000913.3_2185135-2185632_ext_140-340_int_100_off_30_percentage_72_position_31-100 genomicbackground,1800,3,1800_3
query_1801,1,riboswitch,1,riboswitch,0.999718964099884,1801_3_RF00059_3_NC_000913.3_2185135-2185632_ext_140-340_int_100_off_35_percentage_77_position_26-100 riboswitch,1801,3,1801_3
query_1802,1,riboswitch,1,riboswitch,0.9994192123413086,1802_3_RF00059_3_NC_000913.3_2185135-2185632_ext_140-340_int_100_off_40_percentage_82_position_21-100 riboswitch,1802,3,1802_3
query_1803,1,riboswitch,1,riboswitch,0.999711811542511,1803_3_RF00059_3_NC_000913.3_2185135-2185632_ext_140-340_int_100_off_45_percentage_88_position_16-100 riboswitch,1803,3,1803_3
query_1804,1,riboswitch,1,riboswitch,0.9990845918655396,1804_3_RF00059_3_NC_000913.3_2185135-2185632_ext_140-340_int_100_off_50_percentage_93_position_11-100 riboswitch,1804,3,1804_3
query_1805,1,riboswitch,1,riboswitch,0.9992251396179199,1805_3_RF00059_3_NC_000913.3_2185135-2185632_ext_140-340_int_100_off_55_percentage_98_position_6-100 riboswitch,1805,3,1805_3
query_1806,1,riboswitch,1,riboswitch,0.9998260140419006,1806_3_RF00059_3_NC_000913.3_2185135-2185632_ext_140-340_int_100_off_60_percentage_100_position_1-97 riboswitch,1806,3,1806_3
query_1807,1,riboswitch,1,riboswitch,0.9998136162757874,1807_3_RF00059_3_NC_000913.3_2185135-2185632_ext_140-340_int_100_off_65_percentage_95_position_1-92 riboswitch,1807,3,1807_3
query_1808,1,riboswitch,1,riboswitch,0.9842939972877502,1808_3_RF00059_3_NC_000913.3_2185135-2185632_ext_140-340_int_100_off_70_percentage_90_position_1-87 riboswitch,1808,3,1808_3
query_1809,1,riboswitch,1,riboswitch,0.9996906518936157,1809_3_RF00059_3_NC_000913.3_2185135-2185632_ext_140-340_int_100_off_75_percentage_85_position_1-82 riboswitch,1809,3,1809_3
query_1810,1,riboswitch,1,riboswitch,0.9987313151359558,1810_3_RF00059_3_NC_000913.3_2185135-2185632_ext_140-340_int_100_off_80_percentage_79_position_1-77 riboswitch,1810,3,1810_3
query_1811,0,genomicbackground,1,riboswitch,0.9989191293716431,1811_3_RF00059_3_NC_000913.3_2185135-2185632_ext_140-340_int_100_off_85_percentage_74_position_1-72 genomicbackground,1811,3,1811_3
query_1812,0,genomicbackground,1,riboswitch,0.9988681077957153,1812_3_RF00059_3_NC_000913.3_2185135-2185632_ext_140-340_int_100_off_90_percentage_69_position_1-67 genomicbackground,1812,3,1812_3
query_1813,0,genomicbackground,1,riboswitch,0.974696695804596,1813_3_RF00059_3_NC_000913.3_2185135-2185632_ext_140-340_int_100_off_95_percentage_64_position_1-62 genomicbackground,1813,3,1813_3
query_1814,0,genomicbackground,1,riboswitch,0.9677470922470093,1814_3_RF00059_3_NC_000913.3_2185135-2185632_ext_140-340_int_100_off_100_percentage_59_position_1-57 genomicbackground,1814,3,1814_3
query_1815,0,genomicbackground,0,genomicbackground,0.08869685232639313,1815_3_RF00059_3_NC_000913.3_2185135-2185632_ext_140-340_int_105_off_0_percentage_46_position_61-105 genomicbackground,1815,3,1815_3
query_1816,0,genomicbackground,0,genomicbackground,0.05125284194946289,1816_3_RF00059_3_NC_000913.3_2185135-2185632_ext_140-340_int_105_off_5_percentage_52_position_56-105 genomicbackground,1816,3,1816_3
query_1817,0,genomicbackground,1,riboswitch,0.9899965524673462,1817_3_RF00059_3_NC_000913.3_2185135-2185632_ext_140-340_int_105_off_10_percentage_57_position_51-105 genomicbackground,1817,3,1817_3
query_1818,0,genomicbackground,1,riboswitch,0.9983093738555908,1818_3_RF00059_3_NC_000913.3_2185135-2185632_ext_140-340_int_105_off_15_percentage_62_position_46-105 genomicbackground,1818,3,1818_3
query_1819,0,genomicbackground,1,riboswitch,0.8982257843017578,1819_3_RF00059_3_NC_000913.3_2185135-2185632_ext_140-340_int_105_off_20_percentage_67_position_41-105 genomicbackground,1819,3,1819_3
query_1820,0,genomicbackground,1,riboswitch,0.9982163310050964,1820_3_RF00059_3_NC_000913.3_2185135-2185632_ext_140-340_int_105_off_25_percentage_72_position_36-105 genomicbackground,1820,3,1820_3
query_1821,1,riboswitch,1,riboswitch,0.9994088411331177,1821_3_RF00059_3_NC_000913.3_2185135-2185632_ext_140-340_int_105_off_30_percentage_77_position_31-105 riboswitch,1821,3,1821_3
query_1822,1,riboswitch,1,riboswitch,0.9995205402374268,1822_3_RF00059_3_NC_000913.3_2185135-2185632_ext_140-340_int_105_off_35_percentage_82_position_26-105 riboswitch,1822,3,1822_3
query_1823,1,riboswitch,1,riboswitch,0.9952347874641418,1823_3_RF00059_3_NC_000913.3_2185135-2185632_ext_140-340_int_105_off_40_percentage_88_position_21-105 riboswitch,1823,3,1823_3
query_1824,1,riboswitch,1,riboswitch,0.9989984631538391,1824_3_RF00059_3_NC_000913.3_2185135-2185632_ext_140-340_int_105_off_45_percentage_93_position_16-105 riboswitch,1824,3,1824_3
query_1825,1,riboswitch,1,riboswitch,0.9988370537757874,1825_3_RF00059_3_NC_000913.3_2185135-2185632_ext_140-340_int_105_off_50_percentage_98_position_11-105 riboswitch,1825,3,1825_3
query_1826,1,riboswitch,1,riboswitch,0.9998161196708679,1826_3_RF00059_3_NC_000913.3_2185135-2185632_ext_140-340_int_105_off_55_percentage_100_position_6-102 riboswitch,1826,3,1826_3
query_1827,1,riboswitch,1,riboswitch,0.999816358089447,1827_3_RF00059_3_NC_000913.3_2185135-2185632_ext_140-340_int_105_off_60_percentage_100_position_1-97 riboswitch,1827,3,1827_3
query_1828,1,riboswitch,1,riboswitch,0.9998308420181274,1828_3_RF00059_3_NC_000913.3_2185135-2185632_ext_140-340_int_105_off_65_percentage_95_position_1-92 riboswitch,1828,3,1828_3
query_1829,1,riboswitch,1,riboswitch,0.9861846566200256,1829_3_RF00059_3_NC_000913.3_2185135-2185632_ext_140-340_int_105_off_70_percentage_90_position_1-87 riboswitch,1829,3,1829_3
query_1830,1,riboswitch,1,riboswitch,0.9996304512023926,1830_3_RF00059_3_NC_000913.3_2185135-2185632_ext_140-340_int_105_off_75_percentage_85_position_1-82 riboswitch,1830,3,1830_3
query_1831,1,riboswitch,1,riboswitch,0.9986201524734497,1831_3_RF00059_3_NC_000913.3_2185135-2185632_ext_140-340_int_105_off_80_percentage_79_position_1-77 riboswitch,1831,3,1831_3
query_1832,0,genomicbackground,1,riboswitch,0.9991342425346375,1832_3_RF00059_3_NC_000913.3_2185135-2185632_ext_140-340_int_105_off_85_percentage_74_position_1-72 genomicbackground,1832,3,1832_3
query_1833,0,genomicbackground,1,riboswitch,0.9984676241874695,1833_3_RF00059_3_NC_000913.3_2185135-2185632_ext_140-340_int_105_off_90_percentage_69_position_1-67 genomicbackground,1833,3,1833_3
query_1834,0,genomicbackground,1,riboswitch,0.9534426927566528,1834_3_RF00059_3_NC_000913.3_2185135-2185632_ext_140-340_int_105_off_95_percentage_64_position_1-62 genomicbackground,1834,3,1834_3
query_1835,0,genomicbackground,1,riboswitch,0.854049026966095,1835_3_RF00059_3_NC_000913.3_2185135-2185632_ext_140-340_int_110_off_0_percentage_52_position_61-110 genomicbackground,1835,3,1835_3
query_1836,0,genomicbackground,1,riboswitch,0.996539831161499,1836_3_RF00059_3_NC_000913.3_2185135-2185632_ext_140-340_int_110_off_5_percentage_57_position_56-110 genomicbackground,1836,3,1836_3
query_1837,0,genomicbackground,1,riboswitch,0.9980024695396423,1837_3_RF00059_3_NC_000913.3_2185135-2185632_ext_140-340_int_110_off_10_percentage_62_position_51-110 genomicbackground,1837,3,1837_3
query_1838,0,genomicbackground,0,genomicbackground,0.10820311307907104,1838_3_RF00059_3_NC_000913.3_2185135-2185632_ext_140-340_int_110_off_15_percentage_67_position_46-110 genomicbackground,1838,3,1838_3
query_1839,0,genomicbackground,1,riboswitch,0.9986792206764221,1839_3_RF00059_3_NC_000913.3_2185135-2185632_ext_140-340_int_110_off_20_percentage_72_position_41-110 genomicbackground,1839,3,1839_3
query_1840,1,riboswitch,1,riboswitch,0.9978694915771484,1840_3_RF00059_3_NC_000913.3_2185135-2185632_ext_140-340_int_110_off_25_percentage_77_position_36-110 riboswitch,1840,3,1840_3
query_1841,1,riboswitch,1,riboswitch,0.9972227811813354,1841_3_RF00059_3_NC_000913.3_2185135-2185632_ext_140-340_int_110_off_30_percentage_82_position_31-110 riboswitch,1841,3,1841_3
query_1842,1,riboswitch,1,riboswitch,0.9966952800750732,1842_3_RF00059_3_NC_000913.3_2185135-2185632_ext_140-340_int_110_off_35_percentage_88_position_26-110 riboswitch,1842,3,1842_3
query_1843,1,riboswitch,1,riboswitch,0.9977516531944275,1843_3_RF00059_3_NC_000913.3_2185135-2185632_ext_140-340_int_110_off_40_percentage_93_position_21-110 riboswitch,1843,3,1843_3
query_1844,1,riboswitch,1,riboswitch,0.9986169338226318,1844_3_RF00059_3_NC_000913.3_2185135-2185632_ext_140-340_int_110_off_45_percentage_98_position_16-110 riboswitch,1844,3,1844_3
query_1845,1,riboswitch,1,riboswitch,0.9997997879981995,1845_3_RF00059_3_NC_000913.3_2185135-2185632_ext_140-340_int_110_off_50_percentage_100_position_11-107 riboswitch,1845,3,1845_3
query_1846,1,riboswitch,1,riboswitch,0.9997697472572327,1846_3_RF00059_3_NC_000913.3_2185135-2185632_ext_140-340_int_110_off_55_percentage_100_position_6-102 riboswitch,1846,3,1846_3
query_1847,1,riboswitch,1,riboswitch,0.9998247027397156,1847_3_RF00059_3_NC_000913.3_2185135-2185632_ext_140-340_int_110_off_60_percentage_100_position_1-97 riboswitch,1847,3,1847_3
query_1848,1,riboswitch,1,riboswitch,0.9998395442962646,1848_3_RF00059_3_NC_000913.3_2185135-2185632_ext_140-340_int_110_off_65_percentage_95_position_1-92 riboswitch,1848,3,1848_3
query_1849,1,riboswitch,1,riboswitch,0.9989769458770752,1849_3_RF00059_3_NC_000913.3_2185135-2185632_ext_140-340_int_110_off_70_percentage_90_position_1-87 riboswitch,1849,3,1849_3
query_1850,1,riboswitch,1,riboswitch,0.9996092915534973,1850_3_RF00059_3_NC_000913.3_2185135-2185632_ext_140-340_int_110_off_75_percentage_85_position_1-82 riboswitch,1850,3,1850_3
query_1851,1,riboswitch,1,riboswitch,0.9988983869552612,1851_3_RF00059_3_NC_000913.3_2185135-2185632_ext_140-340_int_110_off_80_percentage_79_position_1-77 riboswitch,1851,3,1851_3
query_1852,0,genomicbackground,1,riboswitch,0.9976231455802917,1852_3_RF00059_3_NC_000913.3_2185135-2185632_ext_140-340_int_110_off_85_percentage_74_position_1-72 genomicbackground,1852,3,1852_3
query_1853,0,genomicbackground,1,riboswitch,0.9816812872886658,1853_3_RF00059_3_NC_000913.3_2185135-2185632_ext_140-340_int_110_off_90_percentage_69_position_1-67 genomicbackground,1853,3,1853_3
query_1854,0,genomicbackground,1,riboswitch,0.7531105875968933,1854_3_RF00059_3_NC_000913.3_2185135-2185632_ext_140-340_int_115_off_0_percentage_57_position_61-115 genomicbackground,1854,3,1854_3
query_1855,0,genomicbackground,1,riboswitch,0.9984636306762695,1855_3_RF00059_3_NC_000913.3_2185135-2185632_ext_140-340_int_115_off_5_percentage_62_position_56-115 genomicbackground,1855,3,1855_3
query_1856,0,genomicbackground,1,riboswitch,0.8940796256065369,1856_3_RF00059_3_NC_000913.3_2185135-2185632_ext_140-340_int_115_off_10_percentage_67_position_51-115 genomicbackground,1856,3,1856_3
query_1857,0,genomicbackground,1,riboswitch,0.9985107779502869,1857_3_RF00059_3_NC_000913.3_2185135-2185632_ext_140-340_int_115_off_15_percentage_72_position_46-115 genomicbackground,1857,3,1857_3
query_1858,1,riboswitch,1,riboswitch,0.9970595240592957,1858_3_RF00059_3_NC_000913.3_2185135-2185632_ext_140-340_int_115_off_20_percentage_77_position_41-115 riboswitch,1858,3,1858_3
query_1859,1,riboswitch,1,riboswitch,0.976115882396698,1859_3_RF00059_3_NC_000913.3_2185135-2185632_ext_140-340_int_115_off_25_percentage_82_position_36-115 riboswitch,1859,3,1859_3
query_1860,1,riboswitch,1,riboswitch,0.933232843875885,1860_3_RF00059_3_NC_000913.3_2185135-2185632_ext_140-340_int_115_off_30_percentage_88_position_31-115 riboswitch,1860,3,1860_3
query_1861,1,riboswitch,1,riboswitch,0.9979053735733032,1861_3_RF00059_3_NC_000913.3_2185135-2185632_ext_140-340_int_115_off_35_percentage_93_position_26-115 riboswitch,1861,3,1861_3
query_1862,1,riboswitch,1,riboswitch,0.996243953704834,1862_3_RF00059_3_NC_000913.3_2185135-2185632_ext_140-340_int_115_off_40_percentage_98_position_21-115 riboswitch,1862,3,1862_3
query_1863,1,riboswitch,1,riboswitch,0.9997908473014832,1863_3_RF00059_3_NC_000913.3_2185135-2185632_ext_140-340_int_115_off_45_percentage_100_position_16-112 riboswitch,1863,3,1863_3
query_1864,1,riboswitch,1,riboswitch,0.9997109770774841,1864_3_RF00059_3_NC_000913.3_2185135-2185632_ext_140-340_int_115_off_50_percentage_100_position_11-107 riboswitch,1864,3,1864_3
query_1865,1,riboswitch,1,riboswitch,0.9998070597648621,1865_3_RF00059_3_NC_000913.3_2185135-2185632_ext_140-340_int_115_off_55_percentage_100_position_6-102 riboswitch,1865,3,1865_3
query_1866,1,riboswitch,1,riboswitch,0.9998308420181274,1866_3_RF00059_3_NC_000913.3_2185135-2185632_ext_140-340_int_115_off_60_percentage_100_position_1-97 riboswitch,1866,3,1866_3
query_1867,1,riboswitch,1,riboswitch,0.9993425011634827,1867_3_RF00059_3_NC_000913.3_2185135-2185632_ext_140-340_int_115_off_65_percentage_95_position_1-92 riboswitch,1867,3,1867_3
query_1868,1,riboswitch,1,riboswitch,0.9989575147628784,1868_3_RF00059_3_NC_000913.3_2185135-2185632_ext_140-340_int_115_off_70_percentage_90_position_1-87 riboswitch,1868,3,1868_3
query_1869,1,riboswitch,1,riboswitch,0.9989445805549622,1869_3_RF00059_3_NC_000913.3_2185135-2185632_ext_140-340_int_115_off_75_percentage_85_position_1-82 riboswitch,1869,3,1869_3
query_1870,1,riboswitch,1,riboswitch,0.9985432624816895,1870_3_RF00059_3_NC_000913.3_2185135-2185632_ext_140-340_int_115_off_80_percentage_79_position_1-77 riboswitch,1870,3,1870_3
query_1871,0,genomicbackground,1,riboswitch,0.9933384656906128,1871_3_RF00059_3_NC_000913.3_2185135-2185632_ext_140-340_int_115_off_85_percentage_74_position_1-72 genomicbackground,1871,3,1871_3
query_1872,0,genomicbackground,1,riboswitch,0.9495196342468262,1872_3_RF00059_3_NC_000913.3_2185135-2185632_ext_140-340_int_120_off_0_percentage_62_position_61-120 genomicbackground,1872,3,1872_3
query_1873,0,genomicbackground,1,riboswitch,0.9397578239440918,1873_3_RF00059_3_NC_000913.3_2185135-2185632_ext_140-340_int_120_off_5_percentage_67_position_56-120 genomicbackground,1873,3,1873_3
query_1874,0,genomicbackground,1,riboswitch,0.9994664788246155,1874_3_RF00059_3_NC_000913.3_2185135-2185632_ext_140-340_int_120_off_10_percentage_72_position_51-120 genomicbackground,1874,3,1874_3
query_1875,1,riboswitch,1,riboswitch,0.9949138164520264,1875_3_RF00059_3_NC_000913.3_2185135-2185632_ext_140-340_int_120_off_15_percentage_77_position_46-120 riboswitch,1875,3,1875_3
query_1876,1,riboswitch,1,riboswitch,0.9978596568107605,1876_3_RF00059_3_NC_000913.3_2185135-2185632_ext_140-340_int_120_off_20_percentage_82_position_41-120 riboswitch,1876,3,1876_3
query_1877,1,riboswitch,1,riboswitch,0.6800549626350403,1877_3_RF00059_3_NC_000913.3_2185135-2185632_ext_140-340_int_120_off_25_percentage_88_position_36-120 riboswitch,1877,3,1877_3
query_1878,1,riboswitch,1,riboswitch,0.9864075183868408,1878_3_RF00059_3_NC_000913.3_2185135-2185632_ext_140-340_int_120_off_30_percentage_93_position_31-120 riboswitch,1878,3,1878_3
query_1879,1,riboswitch,1,riboswitch,0.9966734647750854,1879_3_RF00059_3_NC_000913.3_2185135-2185632_ext_140-340_int_120_off_35_percentage_98_position_26-120 riboswitch,1879,3,1879_3
query_1880,1,riboswitch,1,riboswitch,0.9997416138648987,1880_3_RF00059_3_NC_000913.3_2185135-2185632_ext_140-340_int_120_off_40_percentage_100_position_21-117 riboswitch,1880,3,1880_3
query_1881,1,riboswitch,1,riboswitch,0.9996371269226074,1881_3_RF00059_3_NC_000913.3_2185135-2185632_ext_140-340_int_120_off_45_percentage_100_position_16-112 riboswitch,1881,3,1881_3
query_1882,1,riboswitch,1,riboswitch,0.9997774958610535,1882_3_RF00059_3_NC_000913.3_2185135-2185632_ext_140-340_int_120_off_50_percentage_100_position_11-107 riboswitch,1882,3,1882_3
query_1883,1,riboswitch,1,riboswitch,0.9998169541358948,1883_3_RF00059_3_NC_000913.3_2185135-2185632_ext_140-340_int_120_off_55_percentage_100_position_6-102 riboswitch,1883,3,1883_3
query_1884,1,riboswitch,1,riboswitch,0.9993170499801636,1884_3_RF00059_3_NC_000913.3_2185135-2185632_ext_140-340_int_120_off_60_percentage_100_position_1-97 riboswitch,1884,3,1884_3
query_1885,1,riboswitch,1,riboswitch,0.9993113279342651,1885_3_RF00059_3_NC_000913.3_2185135-2185632_ext_140-340_int_120_off_65_percentage_95_position_1-92 riboswitch,1885,3,1885_3
query_1886,1,riboswitch,1,riboswitch,0.9991281628608704,1886_3_RF00059_3_NC_000913.3_2185135-2185632_ext_140-340_int_120_off_70_percentage_90_position_1-87 riboswitch,1886,3,1886_3
query_1887,1,riboswitch,1,riboswitch,0.9987938404083252,1887_3_RF00059_3_NC_000913.3_2185135-2185632_ext_140-340_int_120_off_75_percentage_85_position_1-82 riboswitch,1887,3,1887_3
query_1888,1,riboswitch,1,riboswitch,0.9985485672950745,1888_3_RF00059_3_NC_000913.3_2185135-2185632_ext_140-340_int_120_off_80_percentage_79_position_1-77 riboswitch,1888,3,1888_3
query_1889,0,genomicbackground,1,riboswitch,0.9917588829994202,1889_3_RF00059_3_NC_000913.3_2185135-2185632_ext_140-340_int_125_off_0_percentage_67_position_61-125 genomicbackground,1889,3,1889_3
query_1890,0,genomicbackground,1,riboswitch,0.9994114637374878,1890_3_RF00059_3_NC_000913.3_2185135-2185632_ext_140-340_int_125_off_5_percentage_72_position_56-125 genomicbackground,1890,3,1890_3
query_1891,1,riboswitch,1,riboswitch,0.9813266396522522,1891_3_RF00059_3_NC_000913.3_2185135-2185632_ext_140-340_int_125_off_10_percentage_77_position_51-125 riboswitch,1891,3,1891_3
query_1892,1,riboswitch,1,riboswitch,0.9513651728630066,1892_3_RF00059_3_NC_000913.3_2185135-2185632_ext_140-340_int_125_off_15_percentage_82_position_46-125 riboswitch,1892,3,1892_3
query_1893,1,riboswitch,1,riboswitch,0.9995379447937012,1893_3_RF00059_3_NC_000913.3_2185135-2185632_ext_140-340_int_125_off_20_percentage_88_position_41-125 riboswitch,1893,3,1893_3
query_1894,1,riboswitch,1,riboswitch,0.9488418102264404,1894_3_RF00059_3_NC_000913.3_2185135-2185632_ext_140-340_int_125_off_25_percentage_93_position_36-125 riboswitch,1894,3,1894_3
query_1895,1,riboswitch,1,riboswitch,0.9306976795196533,1895_3_RF00059_3_NC_000913.3_2185135-2185632_ext_140-340_int_125_off_30_percentage_98_position_31-125 riboswitch,1895,3,1895_3
query_1896,1,riboswitch,1,riboswitch,0.9997473359107971,1896_3_RF00059_3_NC_000913.3_2185135-2185632_ext_140-340_int_125_off_35_percentage_100_position_26-122 riboswitch,1896,3,1896_3
query_1897,1,riboswitch,1,riboswitch,0.9996362924575806,1897_3_RF00059_3_NC_000913.3_2185135-2185632_ext_140-340_int_125_off_40_percentage_100_position_21-117 riboswitch,1897,3,1897_3
query_1898,1,riboswitch,1,riboswitch,0.9997209906578064,1898_3_RF00059_3_NC_000913.3_2185135-2185632_ext_140-340_int_125_off_45_percentage_100_position_16-112 riboswitch,1898,3,1898_3
query_1899,1,riboswitch,1,riboswitch,0.9997994303703308,1899_3_RF00059_3_NC_000913.3_2185135-2185632_ext_140-340_int_125_off_50_percentage_100_position_11-107 riboswitch,1899,3,1899_3
query_1900,1,riboswitch,1,riboswitch,0.9992595314979553,1900_3_RF00059_3_NC_000913.3_2185135-2185632_ext_140-340_int_125_off_55_percentage_100_position_6-102 riboswitch,1900,3,1900_3
query_1901,1,riboswitch,1,riboswitch,0.9991474151611328,1901_3_RF00059_3_NC_000913.3_2185135-2185632_ext_140-340_int_125_off_60_percentage_100_position_1-97 riboswitch,1901,3,1901_3
query_1902,1,riboswitch,1,riboswitch,0.9993818998336792,1902_3_RF00059_3_NC_000913.3_2185135-2185632_ext_140-340_int_125_off_65_percentage_95_position_1-92 riboswitch,1902,3,1902_3
query_1903,1,riboswitch,1,riboswitch,0.9988640546798706,1903_3_RF00059_3_NC_000913.3_2185135-2185632_ext_140-340_int_125_off_70_percentage_90_position_1-87 riboswitch,1903,3,1903_3
query_1904,1,riboswitch,1,riboswitch,0.9994134902954102,1904_3_RF00059_3_NC_000913.3_2185135-2185632_ext_140-340_int_125_off_75_percentage_85_position_1-82 riboswitch,1904,3,1904_3
query_1905,0,genomicbackground,1,riboswitch,0.9843496680259705,1905_3_RF00059_3_NC_000913.3_2185135-2185632_ext_140-340_int_130_off_0_percentage_72_position_61-130 genomicbackground,1905,3,1905_3
query_1906,1,riboswitch,1,riboswitch,0.9837125539779663,1906_3_RF00059_3_NC_000913.3_2185135-2185632_ext_140-340_int_130_off_5_percentage_77_position_56-130 riboswitch,1906,3,1906_3
query_1907,1,riboswitch,0,genomicbackground,0.10826362669467926,1907_3_RF00059_3_NC_000913.3_2185135-2185632_ext_140-340_int_130_off_10_percentage_82_position_51-130 riboswitch,1907,3,1907_3
query_1908,1,riboswitch,1,riboswitch,0.9985306262969971,1908_3_RF00059_3_NC_000913.3_2185135-2185632_ext_140-340_int_130_off_15_percentage_88_position_46-130 riboswitch,1908,3,1908_3
query_1909,1,riboswitch,1,riboswitch,0.9995063543319702,1909_3_RF00059_3_NC_000913.3_2185135-2185632_ext_140-340_int_130_off_20_percentage_93_position_41-130 riboswitch,1909,3,1909_3
query_1910,1,riboswitch,1,riboswitch,0.7170426845550537,1910_3_RF00059_3_NC_000913.3_2185135-2185632_ext_140-340_int_130_off_25_percentage_98_position_36-130 riboswitch,1910,3,1910_3
query_1911,1,riboswitch,1,riboswitch,0.9996656179428101,1911_3_RF00059_3_NC_000913.3_2185135-2185632_ext_140-340_int_130_off_30_percentage_100_position_31-127 riboswitch,1911,3,1911_3
query_1912,1,riboswitch,1,riboswitch,0.999650239944458,1912_3_RF00059_3_NC_000913.3_2185135-2185632_ext_140-340_int_130_off_35_percentage_100_position_26-122 riboswitch,1912,3,1912_3
query_1913,1,riboswitch,1,riboswitch,0.9996684789657593,1913_3_RF00059_3_NC_000913.3_2185135-2185632_ext_140-340_int_130_off_40_percentage_100_position_21-117 riboswitch,1913,3,1913_3
query_1914,1,riboswitch,1,riboswitch,0.9997566342353821,1914_3_RF00059_3_NC_000913.3_2185135-2185632_ext_140-340_int_130_off_45_percentage_100_position_16-112 riboswitch,1914,3,1914_3
query_1915,1,riboswitch,1,riboswitch,0.9992263317108154,1915_3_RF00059_3_NC_000913.3_2185135-2185632_ext_140-340_int_130_off_50_percentage_100_position_11-107 riboswitch,1915,3,1915_3
query_1916,1,riboswitch,1,riboswitch,0.9991152882575989,1916_3_RF00059_3_NC_000913.3_2185135-2185632_ext_140-340_int_130_off_55_percentage_100_position_6-102 riboswitch,1916,3,1916_3
query_1917,1,riboswitch,1,riboswitch,0.9992573857307434,1917_3_RF00059_3_NC_000913.3_2185135-2185632_ext_140-340_int_130_off_60_percentage_100_position_1-97 riboswitch,1917,3,1917_3
query_1918,1,riboswitch,1,riboswitch,0.9992431402206421,1918_3_RF00059_3_NC_000913.3_2185135-2185632_ext_140-340_int_130_off_65_percentage_95_position_1-92 riboswitch,1918,3,1918_3
query_1919,1,riboswitch,1,riboswitch,0.9982841610908508,1919_3_RF00059_3_NC_000913.3_2185135-2185632_ext_140-340_int_130_off_70_percentage_90_position_1-87 riboswitch,1919,3,1919_3
query_1920,1,riboswitch,1,riboswitch,0.9904432892799377,1920_3_RF00059_3_NC_000913.3_2185135-2185632_ext_140-340_int_135_off_0_percentage_77_position_61-135 riboswitch,1920,3,1920_3
query_1921,1,riboswitch,0,genomicbackground,0.3792814612388611,1921_3_RF00059_3_NC_000913.3_2185135-2185632_ext_140-340_int_135_off_5_percentage_82_position_56-135 riboswitch,1921,3,1921_3
query_1922,1,riboswitch,1,riboswitch,0.9894090890884399,1922_3_RF00059_3_NC_000913.3_2185135-2185632_ext_140-340_int_135_off_10_percentage_88_position_51-135 riboswitch,1922,3,1922_3
query_1923,1,riboswitch,1,riboswitch,0.9984275102615356,1923_3_RF00059_3_NC_000913.3_2185135-2185632_ext_140-340_int_135_off_15_percentage_93_position_46-135 riboswitch,1923,3,1923_3
query_1924,1,riboswitch,1,riboswitch,0.9996689558029175,1924_3_RF00059_3_NC_000913.3_2185135-2185632_ext_140-340_int_135_off_20_percentage_98_position_41-135 riboswitch,1924,3,1924_3
query_1925,1,riboswitch,1,riboswitch,0.9995860457420349,1925_3_RF00059_3_NC_000913.3_2185135-2185632_ext_140-340_int_135_off_25_percentage_100_position_36-132 riboswitch,1925,3,1925_3
query_1926,1,riboswitch,1,riboswitch,0.9991505146026611,1926_3_RF00059_3_NC_000913.3_2185135-2185632_ext_140-340_int_135_off_30_percentage_100_position_31-127 riboswitch,1926,3,1926_3
query_1927,1,riboswitch,1,riboswitch,0.9997147917747498,1927_3_RF00059_3_NC_000913.3_2185135-2185632_ext_140-340_int_135_off_35_percentage_100_position_26-122 riboswitch,1927,3,1927_3
query_1928,1,riboswitch,1,riboswitch,0.9997561573982239,1928_3_RF00059_3_NC_000913.3_2185135-2185632_ext_140-340_int_135_off_40_percentage_100_position_21-117 riboswitch,1928,3,1928_3
query_1929,1,riboswitch,1,riboswitch,0.9991642236709595,1929_3_RF00059_3_NC_000913.3_2185135-2185632_ext_140-340_int_135_off_45_percentage_100_position_16-112 riboswitch,1929,3,1929_3
query_1930,1,riboswitch,1,riboswitch,0.9991607666015625,1930_3_RF00059_3_NC_000913.3_2185135-2185632_ext_140-340_int_135_off_50_percentage_100_position_11-107 riboswitch,1930,3,1930_3
query_1931,1,riboswitch,1,riboswitch,0.9993606209754944,1931_3_RF00059_3_NC_000913.3_2185135-2185632_ext_140-340_int_135_off_55_percentage_100_position_6-102 riboswitch,1931,3,1931_3
query_1932,1,riboswitch,1,riboswitch,0.9990618824958801,1932_3_RF00059_3_NC_000913.3_2185135-2185632_ext_140-340_int_135_off_60_percentage_100_position_1-97 riboswitch,1932,3,1932_3
query_1933,1,riboswitch,1,riboswitch,0.9969947338104248,1933_3_RF00059_3_NC_000913.3_2185135-2185632_ext_140-340_int_135_off_65_percentage_95_position_1-92 riboswitch,1933,3,1933_3
query_1934,1,riboswitch,1,riboswitch,0.9523317813873291,1934_3_RF00059_3_NC_000913.3_2185135-2185632_ext_140-340_int_140_off_0_percentage_82_position_61-140 riboswitch,1934,3,1934_3
query_1935,1,riboswitch,1,riboswitch,0.9926827549934387,1935_3_RF00059_3_NC_000913.3_2185135-2185632_ext_140-340_int_140_off_5_percentage_88_position_56-140 riboswitch,1935,3,1935_3
query_1936,1,riboswitch,1,riboswitch,0.989300012588501,1936_3_RF00059_3_NC_000913.3_2185135-2185632_ext_140-340_int_140_off_10_percentage_93_position_51-140 riboswitch,1936,3,1936_3
query_1937,1,riboswitch,1,riboswitch,0.9995388984680176,1937_3_RF00059_3_NC_000913.3_2185135-2185632_ext_140-340_int_140_off_15_percentage_98_position_46-140 riboswitch,1937,3,1937_3
query_1938,1,riboswitch,1,riboswitch,0.9992480874061584,1938_3_RF00059_3_NC_000913.3_2185135-2185632_ext_140-340_int_140_off_20_percentage_100_position_41-137 riboswitch,1938,3,1938_3
query_1939,1,riboswitch,1,riboswitch,0.9980552196502686,1939_3_RF00059_3_NC_000913.3_2185135-2185632_ext_140-340_int_140_off_25_percentage_100_position_36-132 riboswitch,1939,3,1939_3
query_1940,1,riboswitch,1,riboswitch,0.9995399713516235,1940_3_RF00059_3_NC_000913.3_2185135-2185632_ext_140-340_int_140_off_30_percentage_100_position_31-127 riboswitch,1940,3,1940_3
query_1941,1,riboswitch,1,riboswitch,0.9997827410697937,1941_3_RF00059_3_NC_000913.3_2185135-2185632_ext_140-340_int_140_off_35_percentage_100_position_26-122 riboswitch,1941,3,1941_3
query_1942,1,riboswitch,1,riboswitch,0.9988431930541992,1942_3_RF00059_3_NC_000913.3_2185135-2185632_ext_140-340_int_140_off_40_percentage_100_position_21-117 riboswitch,1942,3,1942_3
query_1943,1,riboswitch,1,riboswitch,0.9990768432617188,1943_3_RF00059_3_NC_000913.3_2185135-2185632_ext_140-340_int_140_off_45_percentage_100_position_16-112 riboswitch,1943,3,1943_3
query_1944,1,riboswitch,1,riboswitch,0.9992004036903381,1944_3_RF00059_3_NC_000913.3_2185135-2185632_ext_140-340_int_140_off_50_percentage_100_position_11-107 riboswitch,1944,3,1944_3
query_1945,1,riboswitch,1,riboswitch,0.9992892742156982,1945_3_RF00059_3_NC_000913.3_2185135-2185632_ext_140-340_int_140_off_55_percentage_100_position_6-102 riboswitch,1945,3,1945_3
query_1946,1,riboswitch,1,riboswitch,0.9979775547981262,1946_3_RF00059_3_NC_000913.3_2185135-2185632_ext_140-340_int_140_off_60_percentage_100_position_1-97 riboswitch,1946,3,1946_3
query_1947,1,riboswitch,1,riboswitch,0.9960032105445862,1947_3_RF00059_3_NC_000913.3_2185135-2185632_ext_140-340_int_145_off_0_percentage_88_position_61-145 riboswitch,1947,3,1947_3
query_1948,1,riboswitch,1,riboswitch,0.9583665132522583,1948_3_RF00059_3_NC_000913.3_2185135-2185632_ext_140-340_int_145_off_5_percentage_93_position_56-145 riboswitch,1948,3,1948_3
query_1949,1,riboswitch,1,riboswitch,0.9992732405662537,1949_3_RF00059_3_NC_000913.3_2185135-2185632_ext_140-340_int_145_off_10_percentage_98_position_51-145 riboswitch,1949,3,1949_3
query_1950,1,riboswitch,1,riboswitch,0.995186984539032,1950_3_RF00059_3_NC_000913.3_2185135-2185632_ext_140-340_int_145_off_15_percentage_100_position_46-142 riboswitch,1950,3,1950_3
query_1951,1,riboswitch,1,riboswitch,0.9990255832672119,1951_3_RF00059_3_NC_000913.3_2185135-2185632_ext_140-340_int_145_off_20_percentage_100_position_41-137 riboswitch,1951,3,1951_3
query_1952,1,riboswitch,1,riboswitch,0.9992326498031616,1952_3_RF00059_3_NC_000913.3_2185135-2185632_ext_140-340_int_145_off_25_percentage_100_position_36-132 riboswitch,1952,3,1952_3
query_1953,1,riboswitch,1,riboswitch,0.9997405409812927,1953_3_RF00059_3_NC_000913.3_2185135-2185632_ext_140-340_int_145_off_30_percentage_100_position_31-127 riboswitch,1953,3,1953_3
query_1954,1,riboswitch,1,riboswitch,0.998974084854126,1954_3_RF00059_3_NC_000913.3_2185135-2185632_ext_140-340_int_145_off_35_percentage_100_position_26-122 riboswitch,1954,3,1954_3
query_1955,1,riboswitch,1,riboswitch,0.9987478256225586,1955_3_RF00059_3_NC_000913.3_2185135-2185632_ext_140-340_int_145_off_40_percentage_100_position_21-117 riboswitch,1955,3,1955_3
query_1956,1,riboswitch,1,riboswitch,0.9991419315338135,1956_3_RF00059_3_NC_000913.3_2185135-2185632_ext_140-340_int_145_off_45_percentage_100_position_16-112 riboswitch,1956,3,1956_3
query_1957,1,riboswitch,1,riboswitch,0.9990548491477966,1957_3_RF00059_3_NC_000913.3_2185135-2185632_ext_140-340_int_145_off_50_percentage_100_position_11-107 riboswitch,1957,3,1957_3
query_1958,1,riboswitch,1,riboswitch,0.9970596432685852,1958_3_RF00059_3_NC_000913.3_2185135-2185632_ext_140-340_int_145_off_55_percentage_100_position_6-102 riboswitch,1958,3,1958_3
query_1959,1,riboswitch,1,riboswitch,0.9877524375915527,1959_3_RF00059_3_NC_000913.3_2185135-2185632_ext_140-340_int_150_off_0_percentage_93_position_61-150 riboswitch,1959,3,1959_3
query_1960,1,riboswitch,1,riboswitch,0.9991676807403564,1960_3_RF00059_3_NC_000913.3_2185135-2185632_ext_140-340_int_150_off_5_percentage_98_position_56-150 riboswitch,1960,3,1960_3
query_1961,1,riboswitch,1,riboswitch,0.9368314146995544,1961_3_RF00059_3_NC_000913.3_2185135-2185632_ext_140-340_int_150_off_10_percentage_100_position_51-147 riboswitch,1961,3,1961_3
query_1962,1,riboswitch,1,riboswitch,0.9953423738479614,1962_3_RF00059_3_NC_000913.3_2185135-2185632_ext_140-340_int_150_off_15_percentage_100_position_46-142 riboswitch,1962,3,1962_3
query_1963,1,riboswitch,1,riboswitch,0.9989216327667236,1963_3_RF00059_3_NC_000913.3_2185135-2185632_ext_140-340_int_150_off_20_percentage_100_position_41-137 riboswitch,1963,3,1963_3
query_1964,1,riboswitch,1,riboswitch,0.9994875192642212,1964_3_RF00059_3_NC_000913.3_2185135-2185632_ext_140-340_int_150_off_25_percentage_100_position_36-132 riboswitch,1964,3,1964_3
query_1965,1,riboswitch,1,riboswitch,0.9995180368423462,1965_3_RF00059_3_NC_000913.3_2185135-2185632_ext_140-340_int_150_off_30_percentage_100_position_31-127 riboswitch,1965,3,1965_3
query_1966,1,riboswitch,1,riboswitch,0.9986684322357178,1966_3_RF00059_3_NC_000913.3_2185135-2185632_ext_140-340_int_150_off_35_percentage_100_position_26-122 riboswitch,1966,3,1966_3
query_1967,1,riboswitch,1,riboswitch,0.998969316482544,1967_3_RF00059_3_NC_000913.3_2185135-2185632_ext_140-340_int_150_off_40_percentage_100_position_21-117 riboswitch,1967,3,1967_3
query_1968,1,riboswitch,1,riboswitch,0.9989253878593445,1968_3_RF00059_3_NC_000913.3_2185135-2185632_ext_140-340_int_150_off_45_percentage_100_position_16-112 riboswitch,1968,3,1968_3
query_1969,1,riboswitch,1,riboswitch,0.994234025478363,1969_3_RF00059_3_NC_000913.3_2185135-2185632_ext_140-340_int_150_off_50_percentage_100_position_11-107 riboswitch,1969,3,1969_3
query_1970,1,riboswitch,1,riboswitch,0.9989500641822815,1970_3_RF00059_3_NC_000913.3_2185135-2185632_ext_140-340_int_155_off_0_percentage_98_position_61-155 riboswitch,1970,3,1970_3
query_1971,1,riboswitch,1,riboswitch,0.9606505632400513,1971_3_RF00059_3_NC_000913.3_2185135-2185632_ext_140-340_int_155_off_5_percentage_100_position_56-152 riboswitch,1971,3,1971_3
query_1972,1,riboswitch,1,riboswitch,0.978958010673523,1972_3_RF00059_3_NC_000913.3_2185135-2185632_ext_140-340_int_155_off_10_percentage_100_position_51-147 riboswitch,1972,3,1972_3
query_1973,1,riboswitch,1,riboswitch,0.9976078271865845,1973_3_RF00059_3_NC_000913.3_2185135-2185632_ext_140-340_int_155_off_15_percentage_100_position_46-142 riboswitch,1973,3,1973_3
query_1974,1,riboswitch,1,riboswitch,0.999201238155365,1974_3_RF00059_3_NC_000913.3_2185135-2185632_ext_140-340_int_155_off_20_percentage_100_position_41-137 riboswitch,1974,3,1974_3
query_1975,1,riboswitch,1,riboswitch,0.9994457364082336,1975_3_RF00059_3_NC_000913.3_2185135-2185632_ext_140-340_int_155_off_25_percentage_100_position_36-132 riboswitch,1975,3,1975_3
query_1976,1,riboswitch,1,riboswitch,0.9983957409858704,1976_3_RF00059_3_NC_000913.3_2185135-2185632_ext_140-340_int_155_off_30_percentage_100_position_31-127 riboswitch,1976,3,1976_3
query_1977,1,riboswitch,1,riboswitch,0.9989284873008728,1977_3_RF00059_3_NC_000913.3_2185135-2185632_ext_140-340_int_155_off_35_percentage_100_position_26-122 riboswitch,1977,3,1977_3
query_1978,1,riboswitch,1,riboswitch,0.9986109733581543,1978_3_RF00059_3_NC_000913.3_2185135-2185632_ext_140-340_int_155_off_40_percentage_100_position_21-117 riboswitch,1978,3,1978_3
query_1979,1,riboswitch,1,riboswitch,0.9939892292022705,1979_3_RF00059_3_NC_000913.3_2185135-2185632_ext_140-340_int_155_off_45_percentage_100_position_16-112 riboswitch,1979,3,1979_3
query_1980,1,riboswitch,1,riboswitch,0.9952419996261597,1980_3_RF00059_3_NC_000913.3_2185135-2185632_ext_140-340_int_160_off_0_percentage_100_position_61-157 riboswitch,1980,3,1980_3
query_1981,1,riboswitch,1,riboswitch,0.9814654588699341,1981_3_RF00059_3_NC_000913.3_2185135-2185632_ext_140-340_int_160_off_5_percentage_100_position_56-152 riboswitch,1981,3,1981_3
query_1982,1,riboswitch,1,riboswitch,0.9941237568855286,1982_3_RF00059_3_NC_000913.3_2185135-2185632_ext_140-340_int_160_off_10_percentage_100_position_51-147 riboswitch,1982,3,1982_3
query_1983,1,riboswitch,1,riboswitch,0.9977600574493408,1983_3_RF00059_3_NC_000913.3_2185135-2185632_ext_140-340_int_160_off_15_percentage_100_position_46-142 riboswitch,1983,3,1983_3
query_1984,1,riboswitch,1,riboswitch,0.9991748929023743,1984_3_RF00059_3_NC_000913.3_2185135-2185632_ext_140-340_int_160_off_20_percentage_100_position_41-137 riboswitch,1984,3,1984_3
query_1985,1,riboswitch,1,riboswitch,0.9981666207313538,1985_3_RF00059_3_NC_000913.3_2185135-2185632_ext_140-340_int_160_off_25_percentage_100_position_36-132 riboswitch,1985,3,1985_3
query_1986,1,riboswitch,1,riboswitch,0.9987179040908813,1986_3_RF00059_3_NC_000913.3_2185135-2185632_ext_140-340_int_160_off_30_percentage_100_position_31-127 riboswitch,1986,3,1986_3
query_1987,1,riboswitch,1,riboswitch,0.9988045692443848,1987_3_RF00059_3_NC_000913.3_2185135-2185632_ext_140-340_int_160_off_35_percentage_100_position_26-122 riboswitch,1987,3,1987_3
query_1988,1,riboswitch,1,riboswitch,0.991744339466095,1988_3_RF00059_3_NC_000913.3_2185135-2185632_ext_140-340_int_160_off_40_percentage_100_position_21-117 riboswitch,1988,3,1988_3
query_1989,1,riboswitch,1,riboswitch,0.9949413537979126,1989_3_RF00059_3_NC_000913.3_2185135-2185632_ext_140-340_int_165_off_0_percentage_100_position_61-157 riboswitch,1989,3,1989_3
query_1990,1,riboswitch,1,riboswitch,0.9928747415542603,1990_3_RF00059_3_NC_000913.3_2185135-2185632_ext_140-340_int_165_off_5_percentage_100_position_56-152 riboswitch,1990,3,1990_3
query_1991,1,riboswitch,1,riboswitch,0.9978958368301392,1991_3_RF00059_3_NC_000913.3_2185135-2185632_ext_140-340_int_165_off_10_percentage_100_position_51-147 riboswitch,1991,3,1991_3
query_1992,1,riboswitch,1,riboswitch,0.9975064396858215,1992_3_RF00059_3_NC_000913.3_2185135-2185632_ext_140-340_int_165_off_15_percentage_100_position_46-142 riboswitch,1992,3,1992_3
query_1993,1,riboswitch,1,riboswitch,0.997431218624115,1993_3_RF00059_3_NC_000913.3_2185135-2185632_ext_140-340_int_165_off_20_percentage_100_position_41-137 riboswitch,1993,3,1993_3
query_1994,1,riboswitch,1,riboswitch,0.9985877275466919,1994_3_RF00059_3_NC_000913.3_2185135-2185632_ext_140-340_int_165_off_25_percentage_100_position_36-132 riboswitch,1994,3,1994_3
query_1995,1,riboswitch,1,riboswitch,0.9984468817710876,1995_3_RF00059_3_NC_000913.3_2185135-2185632_ext_140-340_int_165_off_30_percentage_100_position_31-127 riboswitch,1995,3,1995_3
query_1996,1,riboswitch,1,riboswitch,0.9986843466758728,1996_3_RF00059_3_NC_000913.3_2185135-2185632_ext_140-340_int_165_off_35_percentage_100_position_26-122 riboswitch,1996,3,1996_3
query_1997,1,riboswitch,1,riboswitch,0.9957979321479797,1997_3_RF00059_3_NC_000913.3_2185135-2185632_ext_140-340_int_170_off_0_percentage_100_position_61-157 riboswitch,1997,3,1997_3
query_1998,1,riboswitch,1,riboswitch,0.997297465801239,1998_3_RF00059_3_NC_000913.3_2185135-2185632_ext_140-340_int_170_off_5_percentage_100_position_56-152 riboswitch,1998,3,1998_3
query_1999,1,riboswitch,1,riboswitch,0.9960218071937561,1999_3_RF00059_3_NC_000913.3_2185135-2185632_ext_140-340_int_170_off_10_percentage_100_position_51-147 riboswitch,1999,3,1999_3
query_2000,1,riboswitch,1,riboswitch,0.9966182708740234,2000_3_RF00059_3_NC_000913.3_2185135-2185632_ext_140-340_int_170_off_15_percentage_100_position_46-142 riboswitch,2000,3,2000_3
query_2001,1,riboswitch,1,riboswitch,0.9981294274330139,2001_3_RF00059_3_NC_000913.3_2185135-2185632_ext_140-340_int_170_off_20_percentage_100_position_41-137 riboswitch,2001,3,2001_3
query_2002,1,riboswitch,1,riboswitch,0.9982929825782776,2002_3_RF00059_3_NC_000913.3_2185135-2185632_ext_140-340_int_170_off_25_percentage_100_position_36-132 riboswitch,2002,3,2002_3
query_2003,1,riboswitch,1,riboswitch,0.9981710910797119,2003_3_RF00059_3_NC_000913.3_2185135-2185632_ext_140-340_int_170_off_30_percentage_100_position_31-127 riboswitch,2003,3,2003_3
query_2004,1,riboswitch,1,riboswitch,0.9974237680435181,2004_3_RF00059_3_NC_000913.3_2185135-2185632_ext_140-340_int_175_off_0_percentage_100_position_61-157 riboswitch,2004,3,2004_3
query_2005,1,riboswitch,1,riboswitch,0.9976658821105957,2005_3_RF00059_3_NC_000913.3_2185135-2185632_ext_140-340_int_175_off_5_percentage_100_position_56-152 riboswitch,2005,3,2005_3
query_2006,1,riboswitch,1,riboswitch,0.9960677623748779,2006_3_RF00059_3_NC_000913.3_2185135-2185632_ext_140-340_int_175_off_10_percentage_100_position_51-147 riboswitch,2006,3,2006_3
query_2007,1,riboswitch,1,riboswitch,0.9266262054443359,2007_3_RF00059_3_NC_000913.3_2185135-2185632_ext_140-340_int_175_off_15_percentage_100_position_46-142 riboswitch,2007,3,2007_3
query_2008,1,riboswitch,1,riboswitch,0.9975797533988953,2008_3_RF00059_3_NC_000913.3_2185135-2185632_ext_140-340_int_175_off_20_percentage_100_position_41-137 riboswitch,2008,3,2008_3
query_2009,1,riboswitch,1,riboswitch,0.9981787204742432,2009_3_RF00059_3_NC_000913.3_2185135-2185632_ext_140-340_int_175_off_25_percentage_100_position_36-132 riboswitch,2009,3,2009_3
query_2010,1,riboswitch,1,riboswitch,0.9977589845657349,2010_3_RF00059_3_NC_000913.3_2185135-2185632_ext_140-340_int_180_off_0_percentage_100_position_61-157 riboswitch,2010,3,2010_3
query_2011,1,riboswitch,1,riboswitch,0.997593343257904,2011_3_RF00059_3_NC_000913.3_2185135-2185632_ext_140-340_int_180_off_5_percentage_100_position_56-152 riboswitch,2011,3,2011_3
query_2012,1,riboswitch,0,genomicbackground,0.15968337655067444,2012_3_RF00059_3_NC_000913.3_2185135-2185632_ext_140-340_int_180_off_10_percentage_100_position_51-147 riboswitch,2012,3,2012_3
query_2013,1,riboswitch,1,riboswitch,0.5681840777397156,2013_3_RF00059_3_NC_000913.3_2185135-2185632_ext_140-340_int_180_off_15_percentage_100_position_46-142 riboswitch,2013,3,2013_3
query_2014,1,riboswitch,1,riboswitch,0.996971845626831,2014_3_RF00059_3_NC_000913.3_2185135-2185632_ext_140-340_int_180_off_20_percentage_100_position_41-137 riboswitch,2014,3,2014_3
query_2015,1,riboswitch,1,riboswitch,0.9846159815788269,2015_3_RF00059_3_NC_000913.3_2185135-2185632_ext_140-340_int_185_off_0_percentage_100_position_61-157 riboswitch,2015,3,2015_3
query_2016,1,riboswitch,0,genomicbackground,0.38555410504341125,2016_3_RF00059_3_NC_000913.3_2185135-2185632_ext_140-340_int_185_off_5_percentage_100_position_56-152 riboswitch,2016,3,2016_3
query_2017,1,riboswitch,1,riboswitch,0.8114044666290283,2017_3_RF00059_3_NC_000913.3_2185135-2185632_ext_140-340_int_185_off_10_percentage_100_position_51-147 riboswitch,2017,3,2017_3
query_2018,1,riboswitch,0,genomicbackground,0.2793102264404297,2018_3_RF00059_3_NC_000913.3_2185135-2185632_ext_140-340_int_185_off_15_percentage_100_position_46-142 riboswitch,2018,3,2018_3
query_2019,1,riboswitch,1,riboswitch,0.9919105172157288,2019_3_RF00059_3_NC_000913.3_2185135-2185632_ext_140-340_int_190_off_0_percentage_100_position_61-157 riboswitch,2019,3,2019_3
query_2020,1,riboswitch,1,riboswitch,0.8726201057434082,2020_3_RF00059_3_NC_000913.3_2185135-2185632_ext_140-340_int_190_off_5_percentage_100_position_56-152 riboswitch,2020,3,2020_3
query_2021,1,riboswitch,1,riboswitch,0.652209997177124,2021_3_RF00059_3_NC_000913.3_2185135-2185632_ext_140-340_int_190_off_10_percentage_100_position_51-147 riboswitch,2021,3,2021_3
query_2022,1,riboswitch,1,riboswitch,0.9905659556388855,2022_3_RF00059_3_NC_000913.3_2185135-2185632_ext_140-340_int_195_off_0_percentage_100_position_61-157 riboswitch,2022,3,2022_3
query_2023,1,riboswitch,1,riboswitch,0.7786575555801392,2023_3_RF00059_3_NC_000913.3_2185135-2185632_ext_140-340_int_195_off_5_percentage_100_position_56-152 riboswitch,2023,3,2023_3
query_2024,1,riboswitch,1,riboswitch,0.9856470227241516,2024_3_RF00059_3_NC_000913.3_2185135-2185632_ext_140-340_int_200_off_0_percentage_100_position_61-157 riboswitch,2024,3,2024_3
query_2025,0,genomicbackground,1,riboswitch,0.9870917797088623,2025_3_RF00059_3_NC_000913.3_2185135-2185632_ext_160-360_int_95_off_0_percentage_57_position_41-95 genomicbackground,2025,3,2025_3
query_2026,0,genomicbackground,1,riboswitch,0.9910219311714172,2026_3_RF00059_3_NC_000913.3_2185135-2185632_ext_160-360_int_95_off_5_percentage_62_position_36-95 genomicbackground,2026,3,2026_3
query_2027,0,genomicbackground,1,riboswitch,0.9984234571456909,2027_3_RF00059_3_NC_000913.3_2185135-2185632_ext_160-360_int_95_off_10_percentage_67_position_31-95 genomicbackground,2027,3,2027_3
query_2028,0,genomicbackground,1,riboswitch,0.9969417452812195,2028_3_RF00059_3_NC_000913.3_2185135-2185632_ext_160-360_int_95_off_15_percentage_72_position_26-95 genomicbackground,2028,3,2028_3
query_2029,1,riboswitch,1,riboswitch,0.9996633529663086,2029_3_RF00059_3_NC_000913.3_2185135-2185632_ext_160-360_int_95_off_20_percentage_77_position_21-95 riboswitch,2029,3,2029_3
query_2030,1,riboswitch,1,riboswitch,0.9996905326843262,2030_3_RF00059_3_NC_000913.3_2185135-2185632_ext_160-360_int_95_off_25_percentage_82_position_16-95 riboswitch,2030,3,2030_3
query_2031,1,riboswitch,1,riboswitch,0.9985652565956116,2031_3_RF00059_3_NC_000913.3_2185135-2185632_ext_160-360_int_95_off_30_percentage_88_position_11-95 riboswitch,2031,3,2031_3
query_2032,1,riboswitch,1,riboswitch,0.9992780089378357,2032_3_RF00059_3_NC_000913.3_2185135-2185632_ext_160-360_int_95_off_35_percentage_93_position_6-95 riboswitch,2032,3,2032_3
query_2033,1,riboswitch,1,riboswitch,0.9993062019348145,2033_3_RF00059_3_NC_000913.3_2185135-2185632_ext_160-360_int_95_off_40_percentage_98_position_1-95 riboswitch,2033,3,2033_3
query_2034,1,riboswitch,1,riboswitch,0.999823272228241,2034_3_RF00059_3_NC_000913.3_2185135-2185632_ext_160-360_int_95_off_45_percentage_95_position_1-92 riboswitch,2034,3,2034_3
query_2035,1,riboswitch,1,riboswitch,0.998977541923523,2035_3_RF00059_3_NC_000913.3_2185135-2185632_ext_160-360_int_95_off_50_percentage_90_position_1-87 riboswitch,2035,3,2035_3
query_2036,1,riboswitch,1,riboswitch,0.9997047781944275,2036_3_RF00059_3_NC_000913.3_2185135-2185632_ext_160-360_int_95_off_55_percentage_85_position_1-82 riboswitch,2036,3,2036_3
query_2037,1,riboswitch,1,riboswitch,0.9129024744033813,2037_3_RF00059_3_NC_000913.3_2185135-2185632_ext_160-360_int_95_off_60_percentage_79_position_1-77 riboswitch,2037,3,2037_3
query_2038,0,genomicbackground,1,riboswitch,0.9990026354789734,2038_3_RF00059_3_NC_000913.3_2185135-2185632_ext_160-360_int_95_off_65_percentage_74_position_1-72 genomicbackground,2038,3,2038_3
query_2039,0,genomicbackground,1,riboswitch,0.998683512210846,2039_3_RF00059_3_NC_000913.3_2185135-2185632_ext_160-360_int_95_off_70_percentage_69_position_1-67 genomicbackground,2039,3,2039_3
query_2040,0,genomicbackground,1,riboswitch,0.9983828067779541,2040_3_RF00059_3_NC_000913.3_2185135-2185632_ext_160-360_int_95_off_75_percentage_64_position_1-62 genomicbackground,2040,3,2040_3
query_2041,0,genomicbackground,1,riboswitch,0.9823200106620789,2041_3_RF00059_3_NC_000913.3_2185135-2185632_ext_160-360_int_95_off_80_percentage_59_position_1-57 genomicbackground,2041,3,2041_3
query_2042,0,genomicbackground,1,riboswitch,0.987765908241272,2042_3_RF00059_3_NC_000913.3_2185135-2185632_ext_160-360_int_95_off_85_percentage_54_position_1-52 genomicbackground,2042,3,2042_3
query_2043,0,genomicbackground,1,riboswitch,0.9890157580375671,2043_3_RF00059_3_NC_000913.3_2185135-2185632_ext_160-360_int_95_off_90_percentage_48_position_1-47 genomicbackground,2043,3,2043_3
query_2044,0,genomicbackground,1,riboswitch,0.8431808352470398,2044_3_RF00059_3_NC_000913.3_2185135-2185632_ext_160-360_int_95_off_95_percentage_43_position_1-42 genomicbackground,2044,3,2044_3
query_2045,0,genomicbackground,1,riboswitch,0.7250660061836243,2045_3_RF00059_3_NC_000913.3_2185135-2185632_ext_160-360_int_95_off_100_percentage_38_position_1-37 genomicbackground,2045,3,2045_3
query_2046,0,genomicbackground,1,riboswitch,0.9489628672599792,2046_3_RF00059_3_NC_000913.3_2185135-2185632_ext_160-360_int_95_off_105_percentage_33_position_1-32 genomicbackground,2046,3,2046_3
query_2047,0,genomicbackground,1,riboswitch,0.9980573058128357,2047_3_RF00059_3_NC_000913.3_2185135-2185632_ext_160-360_int_100_off_0_percentage_62_position_41-100 genomicbackground,2047,3,2047_3
query_2048,0,genomicbackground,1,riboswitch,0.9930758476257324,2048_3_RF00059_3_NC_000913.3_2185135-2185632_ext_160-360_int_100_off_5_percentage_67_position_36-100 genomicbackground,2048,3,2048_3
query_2049,0,genomicbackground,1,riboswitch,0.9997420907020569,2049_3_RF00059_3_NC_000913.3_2185135-2185632_ext_160-360_int_100_off_10_percentage_72_position_31-100 genomicbackground,2049,3,2049_3
query_2050,1,riboswitch,1,riboswitch,0.999718964099884,2050_3_RF00059_3_NC_000913.3_2185135-2185632_ext_160-360_int_100_off_15_percentage_77_position_26-100 riboswitch,2050,3,2050_3
query_2051,1,riboswitch,1,riboswitch,0.9994192123413086,2051_3_RF00059_3_NC_000913.3_2185135-2185632_ext_160-360_int_100_off_20_percentage_82_position_21-100 riboswitch,2051,3,2051_3
query_2052,1,riboswitch,1,riboswitch,0.999711811542511,2052_3_RF00059_3_NC_000913.3_2185135-2185632_ext_160-360_int_100_off_25_percentage_88_position_16-100 riboswitch,2052,3,2052_3
query_2053,1,riboswitch,1,riboswitch,0.9990845918655396,2053_3_RF00059_3_NC_000913.3_2185135-2185632_ext_160-360_int_100_off_30_percentage_93_position_11-100 riboswitch,2053,3,2053_3
query_2054,1,riboswitch,1,riboswitch,0.9992251396179199,2054_3_RF00059_3_NC_000913.3_2185135-2185632_ext_160-360_int_100_off_35_percentage_98_position_6-100 riboswitch,2054,3,2054_3
query_2055,1,riboswitch,1,riboswitch,0.9998260140419006,2055_3_RF00059_3_NC_000913.3_2185135-2185632_ext_160-360_int_100_off_40_percentage_100_position_1-97 riboswitch,2055,3,2055_3
query_2056,1,riboswitch,1,riboswitch,0.9998136162757874,2056_3_RF00059_3_NC_000913.3_2185135-2185632_ext_160-360_int_100_off_45_percentage_95_position_1-92 riboswitch,2056,3,2056_3
query_2057,1,riboswitch,1,riboswitch,0.9842939972877502,2057_3_RF00059_3_NC_000913.3_2185135-2185632_ext_160-360_int_100_off_50_percentage_90_position_1-87 riboswitch,2057,3,2057_3
query_2058,1,riboswitch,1,riboswitch,0.9996906518936157,2058_3_RF00059_3_NC_000913.3_2185135-2185632_ext_160-360_int_100_off_55_percentage_85_position_1-82 riboswitch,2058,3,2058_3
query_2059,1,riboswitch,1,riboswitch,0.9987313151359558,2059_3_RF00059_3_NC_000913.3_2185135-2185632_ext_160-360_int_100_off_60_percentage_79_position_1-77 riboswitch,2059,3,2059_3
query_2060,0,genomicbackground,1,riboswitch,0.9989191293716431,2060_3_RF00059_3_NC_000913.3_2185135-2185632_ext_160-360_int_100_off_65_percentage_74_position_1-72 genomicbackground,2060,3,2060_3
query_2061,0,genomicbackground,1,riboswitch,0.9988681077957153,2061_3_RF00059_3_NC_000913.3_2185135-2185632_ext_160-360_int_100_off_70_percentage_69_position_1-67 genomicbackground,2061,3,2061_3
query_2062,0,genomicbackground,1,riboswitch,0.974696695804596,2062_3_RF00059_3_NC_000913.3_2185135-2185632_ext_160-360_int_100_off_75_percentage_64_position_1-62 genomicbackground,2062,3,2062_3
query_2063,0,genomicbackground,1,riboswitch,0.9677470922470093,2063_3_RF00059_3_NC_000913.3_2185135-2185632_ext_160-360_int_100_off_80_percentage_59_position_1-57 genomicbackground,2063,3,2063_3
query_2064,0,genomicbackground,1,riboswitch,0.9883147478103638,2064_3_RF00059_3_NC_000913.3_2185135-2185632_ext_160-360_int_100_off_85_percentage_54_position_1-52 genomicbackground,2064,3,2064_3
query_2065,0,genomicbackground,1,riboswitch,0.559406042098999,2065_3_RF00059_3_NC_000913.3_2185135-2185632_ext_160-360_int_100_off_90_percentage_48_position_1-47 genomicbackground,2065,3,2065_3
query_2066,0,genomicbackground,1,riboswitch,0.7285006642341614,2066_3_RF00059_3_NC_000913.3_2185135-2185632_ext_160-360_int_100_off_95_percentage_43_position_1-42 genomicbackground,2066,3,2066_3
query_2067,0,genomicbackground,1,riboswitch,0.9334560036659241,2067_3_RF00059_3_NC_000913.3_2185135-2185632_ext_160-360_int_100_off_100_percentage_38_position_1-37 genomicbackground,2067,3,2067_3
query_2068,0,genomicbackground,1,riboswitch,0.8982257843017578,2068_3_RF00059_3_NC_000913.3_2185135-2185632_ext_160-360_int_105_off_0_percentage_67_position_41-105 genomicbackground,2068,3,2068_3
query_2069,0,genomicbackground,1,riboswitch,0.9982163310050964,2069_3_RF00059_3_NC_000913.3_2185135-2185632_ext_160-360_int_105_off_5_percentage_72_position_36-105 genomicbackground,2069,3,2069_3
query_2070,1,riboswitch,1,riboswitch,0.9994088411331177,2070_3_RF00059_3_NC_000913.3_2185135-2185632_ext_160-360_int_105_off_10_percentage_77_position_31-105 riboswitch,2070,3,2070_3
query_2071,1,riboswitch,1,riboswitch,0.9995205402374268,2071_3_RF00059_3_NC_000913.3_2185135-2185632_ext_160-360_int_105_off_15_percentage_82_position_26-105 riboswitch,2071,3,2071_3
query_2072,1,riboswitch,1,riboswitch,0.9952347874641418,2072_3_RF00059_3_NC_000913.3_2185135-2185632_ext_160-360_int_105_off_20_percentage_88_position_21-105 riboswitch,2072,3,2072_3
query_2073,1,riboswitch,1,riboswitch,0.9989984631538391,2073_3_RF00059_3_NC_000913.3_2185135-2185632_ext_160-360_int_105_off_25_percentage_93_position_16-105 riboswitch,2073,3,2073_3
query_2074,1,riboswitch,1,riboswitch,0.9988370537757874,2074_3_RF00059_3_NC_000913.3_2185135-2185632_ext_160-360_int_105_off_30_percentage_98_position_11-105 riboswitch,2074,3,2074_3
query_2075,1,riboswitch,1,riboswitch,0.9998161196708679,2075_3_RF00059_3_NC_000913.3_2185135-2185632_ext_160-360_int_105_off_35_percentage_100_position_6-102 riboswitch,2075,3,2075_3
query_2076,1,riboswitch,1,riboswitch,0.999816358089447,2076_3_RF00059_3_NC_000913.3_2185135-2185632_ext_160-360_int_105_off_40_percentage_100_position_1-97 riboswitch,2076,3,2076_3
query_2077,1,riboswitch,1,riboswitch,0.9998308420181274,2077_3_RF00059_3_NC_000913.3_2185135-2185632_ext_160-360_int_105_off_45_percentage_95_position_1-92 riboswitch,2077,3,2077_3
query_2078,1,riboswitch,1,riboswitch,0.9861846566200256,2078_3_RF00059_3_NC_000913.3_2185135-2185632_ext_160-360_int_105_off_50_percentage_90_position_1-87 riboswitch,2078,3,2078_3
query_2079,1,riboswitch,1,riboswitch,0.9996304512023926,2079_3_RF00059_3_NC_000913.3_2185135-2185632_ext_160-360_int_105_off_55_percentage_85_position_1-82 riboswitch,2079,3,2079_3
query_2080,1,riboswitch,1,riboswitch,0.9986201524734497,2080_3_RF00059_3_NC_000913.3_2185135-2185632_ext_160-360_int_105_off_60_percentage_79_position_1-77 riboswitch,2080,3,2080_3
query_2081,0,genomicbackground,1,riboswitch,0.9991342425346375,2081_3_RF00059_3_NC_000913.3_2185135-2185632_ext_160-360_int_105_off_65_percentage_74_position_1-72 genomicbackground,2081,3,2081_3
query_2082,0,genomicbackground,1,riboswitch,0.9984676241874695,2082_3_RF00059_3_NC_000913.3_2185135-2185632_ext_160-360_int_105_off_70_percentage_69_position_1-67 genomicbackground,2082,3,2082_3
query_2083,0,genomicbackground,1,riboswitch,0.9534426927566528,2083_3_RF00059_3_NC_000913.3_2185135-2185632_ext_160-360_int_105_off_75_percentage_64_position_1-62 genomicbackground,2083,3,2083_3
query_2084,0,genomicbackground,1,riboswitch,0.9784783124923706,2084_3_RF00059_3_NC_000913.3_2185135-2185632_ext_160-360_int_105_off_80_percentage_59_position_1-57 genomicbackground,2084,3,2084_3
query_2085,0,genomicbackground,0,genomicbackground,0.13837340474128723,2085_3_RF00059_3_NC_000913.3_2185135-2185632_ext_160-360_int_105_off_85_percentage_54_position_1-52 genomicbackground,2085,3,2085_3
query_2086,0,genomicbackground,1,riboswitch,0.8623805046081543,2086_3_RF00059_3_NC_000913.3_2185135-2185632_ext_160-360_int_105_off_90_percentage_48_position_1-47 genomicbackground,2086,3,2086_3
query_2087,0,genomicbackground,1,riboswitch,0.7283042073249817,2087_3_RF00059_3_NC_000913.3_2185135-2185632_ext_160-360_int_105_off_95_percentage_43_position_1-42 genomicbackground,2087,3,2087_3
query_2088,0,genomicbackground,1,riboswitch,0.9986792206764221,2088_3_RF00059_3_NC_000913.3_2185135-2185632_ext_160-360_int_110_off_0_percentage_72_position_41-110 genomicbackground,2088,3,2088_3
query_2089,1,riboswitch,1,riboswitch,0.9978694915771484,2089_3_RF00059_3_NC_000913.3_2185135-2185632_ext_160-360_int_110_off_5_percentage_77_position_36-110 riboswitch,2089,3,2089_3
query_2090,1,riboswitch,1,riboswitch,0.9972227811813354,2090_3_RF00059_3_NC_000913.3_2185135-2185632_ext_160-360_int_110_off_10_percentage_82_position_31-110 riboswitch,2090,3,2090_3
query_2091,1,riboswitch,1,riboswitch,0.9966952800750732,2091_3_RF00059_3_NC_000913.3_2185135-2185632_ext_160-360_int_110_off_15_percentage_88_position_26-110 riboswitch,2091,3,2091_3
query_2092,1,riboswitch,1,riboswitch,0.9977516531944275,2092_3_RF00059_3_NC_000913.3_2185135-2185632_ext_160-360_int_110_off_20_percentage_93_position_21-110 riboswitch,2092,3,2092_3
query_2093,1,riboswitch,1,riboswitch,0.9986169338226318,2093_3_RF00059_3_NC_000913.3_2185135-2185632_ext_160-360_int_110_off_25_percentage_98_position_16-110 riboswitch,2093,3,2093_3
query_2094,1,riboswitch,1,riboswitch,0.9997997879981995,2094_3_RF00059_3_NC_000913.3_2185135-2185632_ext_160-360_int_110_off_30_percentage_100_position_11-107 riboswitch,2094,3,2094_3
query_2095,1,riboswitch,1,riboswitch,0.9997697472572327,2095_3_RF00059_3_NC_000913.3_2185135-2185632_ext_160-360_int_110_off_35_percentage_100_position_6-102 riboswitch,2095,3,2095_3
query_2096,1,riboswitch,1,riboswitch,0.9998247027397156,2096_3_RF00059_3_NC_000913.3_2185135-2185632_ext_160-360_int_110_off_40_percentage_100_position_1-97 riboswitch,2096,3,2096_3
query_2097,1,riboswitch,1,riboswitch,0.9998395442962646,2097_3_RF00059_3_NC_000913.3_2185135-2185632_ext_160-360_int_110_off_45_percentage_95_position_1-92 riboswitch,2097,3,2097_3
query_2098,1,riboswitch,1,riboswitch,0.9989769458770752,2098_3_RF00059_3_NC_000913.3_2185135-2185632_ext_160-360_int_110_off_50_percentage_90_position_1-87 riboswitch,2098,3,2098_3
query_2099,1,riboswitch,1,riboswitch,0.9996092915534973,2099_3_RF00059_3_NC_000913.3_2185135-2185632_ext_160-360_int_110_off_55_percentage_85_position_1-82 riboswitch,2099,3,2099_3
query_2100,1,riboswitch,1,riboswitch,0.9988983869552612,2100_3_RF00059_3_NC_000913.3_2185135-2185632_ext_160-360_int_110_off_60_percentage_79_position_1-77 riboswitch,2100,3,2100_3
query_2101,0,genomicbackground,1,riboswitch,0.9976231455802917,2101_3_RF00059_3_NC_000913.3_2185135-2185632_ext_160-360_int_110_off_65_percentage_74_position_1-72 genomicbackground,2101,3,2101_3
query_2102,0,genomicbackground,1,riboswitch,0.9816812872886658,2102_3_RF00059_3_NC_000913.3_2185135-2185632_ext_160-360_int_110_off_70_percentage_69_position_1-67 genomicbackground,2102,3,2102_3
query_2103,0,genomicbackground,1,riboswitch,0.9688355326652527,2103_3_RF00059_3_NC_000913.3_2185135-2185632_ext_160-360_int_110_off_75_percentage_64_position_1-62 genomicbackground,2103,3,2103_3
query_2104,0,genomicbackground,1,riboswitch,0.9076646566390991,2104_3_RF00059_3_NC_000913.3_2185135-2185632_ext_160-360_int_110_off_80_percentage_59_position_1-57 genomicbackground,2104,3,2104_3
query_2105,0,genomicbackground,0,genomicbackground,0.4794919192790985,2105_3_RF00059_3_NC_000913.3_2185135-2185632_ext_160-360_int_110_off_85_percentage_54_position_1-52 genomicbackground,2105,3,2105_3
query_2106,0,genomicbackground,1,riboswitch,0.9958001971244812,2106_3_RF00059_3_NC_000913.3_2185135-2185632_ext_160-360_int_110_off_90_percentage_48_position_1-47 genomicbackground,2106,3,2106_3
query_2107,1,riboswitch,1,riboswitch,0.9970595240592957,2107_3_RF00059_3_NC_000913.3_2185135-2185632_ext_160-360_int_115_off_0_percentage_77_position_41-115 riboswitch,2107,3,2107_3
query_2108,1,riboswitch,1,riboswitch,0.976115882396698,2108_3_RF00059_3_NC_000913.3_2185135-2185632_ext_160-360_int_115_off_5_percentage_82_position_36-115 riboswitch,2108,3,2108_3
query_2109,1,riboswitch,1,riboswitch,0.933232843875885,2109_3_RF00059_3_NC_000913.3_2185135-2185632_ext_160-360_int_115_off_10_percentage_88_position_31-115 riboswitch,2109,3,2109_3
query_2110,1,riboswitch,1,riboswitch,0.9979053735733032,2110_3_RF00059_3_NC_000913.3_2185135-2185632_ext_160-360_int_115_off_15_percentage_93_position_26-115 riboswitch,2110,3,2110_3
query_2111,1,riboswitch,1,riboswitch,0.996243953704834,2111_3_RF00059_3_NC_000913.3_2185135-2185632_ext_160-360_int_115_off_20_percentage_98_position_21-115 riboswitch,2111,3,2111_3
query_2112,1,riboswitch,1,riboswitch,0.9997908473014832,2112_3_RF00059_3_NC_000913.3_2185135-2185632_ext_160-360_int_115_off_25_percentage_100_position_16-112 riboswitch,2112,3,2112_3
query_2113,1,riboswitch,1,riboswitch,0.9997109770774841,2113_3_RF00059_3_NC_000913.3_2185135-2185632_ext_160-360_int_115_off_30_percentage_100_position_11-107 riboswitch,2113,3,2113_3
query_2114,1,riboswitch,1,riboswitch,0.9998070597648621,2114_3_RF00059_3_NC_000913.3_2185135-2185632_ext_160-360_int_115_off_35_percentage_100_position_6-102 riboswitch,2114,3,2114_3
query_2115,1,riboswitch,1,riboswitch,0.9998308420181274,2115_3_RF00059_3_NC_000913.3_2185135-2185632_ext_160-360_int_115_off_40_percentage_100_position_1-97 riboswitch,2115,3,2115_3
query_2116,1,riboswitch,1,riboswitch,0.9993425011634827,2116_3_RF00059_3_NC_000913.3_2185135-2185632_ext_160-360_int_115_off_45_percentage_95_position_1-92 riboswitch,2116,3,2116_3
query_2117,1,riboswitch,1,riboswitch,0.9989575147628784,2117_3_RF00059_3_NC_000913.3_2185135-2185632_ext_160-360_int_115_off_50_percentage_90_position_1-87 riboswitch,2117,3,2117_3
query_2118,1,riboswitch,1,riboswitch,0.9989445805549622,2118_3_RF00059_3_NC_000913.3_2185135-2185632_ext_160-360_int_115_off_55_percentage_85_position_1-82 riboswitch,2118,3,2118_3
query_2119,1,riboswitch,1,riboswitch,0.9985432624816895,2119_3_RF00059_3_NC_000913.3_2185135-2185632_ext_160-360_int_115_off_60_percentage_79_position_1-77 riboswitch,2119,3,2119_3
query_2120,0,genomicbackground,1,riboswitch,0.9933384656906128,2120_3_RF00059_3_NC_000913.3_2185135-2185632_ext_160-360_int_115_off_65_percentage_74_position_1-72 genomicbackground,2120,3,2120_3
query_2121,0,genomicbackground,1,riboswitch,0.9909193515777588,2121_3_RF00059_3_NC_000913.3_2185135-2185632_ext_160-360_int_115_off_70_percentage_69_position_1-67 genomicbackground,2121,3,2121_3
query_2122,0,genomicbackground,1,riboswitch,0.9356622695922852,2122_3_RF00059_3_NC_000913.3_2185135-2185632_ext_160-360_int_115_off_75_percentage_64_position_1-62 genomicbackground,2122,3,2122_3
query_2123,0,genomicbackground,1,riboswitch,0.9411061406135559,2123_3_RF00059_3_NC_000913.3_2185135-2185632_ext_160-360_int_115_off_80_percentage_59_position_1-57 genomicbackground,2123,3,2123_3
query_2124,0,genomicbackground,0,genomicbackground,0.11497315764427185,2124_3_RF00059_3_NC_000913.3_2185135-2185632_ext_160-360_int_115_off_85_percentage_54_position_1-52 genomicbackground,2124,3,2124_3
query_2125,1,riboswitch,1,riboswitch,0.9978596568107605,2125_3_RF00059_3_NC_000913.3_2185135-2185632_ext_160-360_int_120_off_0_percentage_82_position_41-120 riboswitch,2125,3,2125_3
query_2126,1,riboswitch,1,riboswitch,0.6800549626350403,2126_3_RF00059_3_NC_000913.3_2185135-2185632_ext_160-360_int_120_off_5_percentage_88_position_36-120 riboswitch,2126,3,2126_3
query_2127,1,riboswitch,1,riboswitch,0.9864075183868408,2127_3_RF00059_3_NC_000913.3_2185135-2185632_ext_160-360_int_120_off_10_percentage_93_position_31-120 riboswitch,2127,3,2127_3
query_2128,1,riboswitch,1,riboswitch,0.9966734647750854,2128_3_RF00059_3_NC_000913.3_2185135-2185632_ext_160-360_int_120_off_15_percentage_98_position_26-120 riboswitch,2128,3,2128_3
query_2129,1,riboswitch,1,riboswitch,0.9997416138648987,2129_3_RF00059_3_NC_000913.3_2185135-2185632_ext_160-360_int_120_off_20_percentage_100_position_21-117 riboswitch,2129,3,2129_3
query_2130,1,riboswitch,1,riboswitch,0.9996371269226074,2130_3_RF00059_3_NC_000913.3_2185135-2185632_ext_160-360_int_120_off_25_percentage_100_position_16-112 riboswitch,2130,3,2130_3
query_2131,1,riboswitch,1,riboswitch,0.9997774958610535,2131_3_RF00059_3_NC_000913.3_2185135-2185632_ext_160-360_int_120_off_30_percentage_100_position_11-107 riboswitch,2131,3,2131_3
query_2132,1,riboswitch,1,riboswitch,0.9998169541358948,2132_3_RF00059_3_NC_000913.3_2185135-2185632_ext_160-360_int_120_off_35_percentage_100_position_6-102 riboswitch,2132,3,2132_3
query_2133,1,riboswitch,1,riboswitch,0.9993170499801636,2133_3_RF00059_3_NC_000913.3_2185135-2185632_ext_160-360_int_120_off_40_percentage_100_position_1-97 riboswitch,2133,3,2133_3
query_2134,1,riboswitch,1,riboswitch,0.9993113279342651,2134_3_RF00059_3_NC_000913.3_2185135-2185632_ext_160-360_int_120_off_45_percentage_95_position_1-92 riboswitch,2134,3,2134_3
query_2135,1,riboswitch,1,riboswitch,0.9991281628608704,2135_3_RF00059_3_NC_000913.3_2185135-2185632_ext_160-360_int_120_off_50_percentage_90_position_1-87 riboswitch,2135,3,2135_3
query_2136,1,riboswitch,1,riboswitch,0.9987938404083252,2136_3_RF00059_3_NC_000913.3_2185135-2185632_ext_160-360_int_120_off_55_percentage_85_position_1-82 riboswitch,2136,3,2136_3
query_2137,1,riboswitch,1,riboswitch,0.9985485672950745,2137_3_RF00059_3_NC_000913.3_2185135-2185632_ext_160-360_int_120_off_60_percentage_79_position_1-77 riboswitch,2137,3,2137_3
query_2138,0,genomicbackground,1,riboswitch,0.9948843121528625,2138_3_RF00059_3_NC_000913.3_2185135-2185632_ext_160-360_int_120_off_65_percentage_74_position_1-72 genomicbackground,2138,3,2138_3
query_2139,0,genomicbackground,1,riboswitch,0.9771249890327454,2139_3_RF00059_3_NC_000913.3_2185135-2185632_ext_160-360_int_120_off_70_percentage_69_position_1-67 genomicbackground,2139,3,2139_3
query_2140,0,genomicbackground,1,riboswitch,0.9600898027420044,2140_3_RF00059_3_NC_000913.3_2185135-2185632_ext_160-360_int_120_off_75_percentage_64_position_1-62 genomicbackground,2140,3,2140_3
query_2141,0,genomicbackground,1,riboswitch,0.9958028197288513,2141_3_RF00059_3_NC_000913.3_2185135-2185632_ext_160-360_int_120_off_80_percentage_59_position_1-57 genomicbackground,2141,3,2141_3
query_2142,1,riboswitch,1,riboswitch,0.9995379447937012,2142_3_RF00059_3_NC_000913.3_2185135-2185632_ext_160-360_int_125_off_0_percentage_88_position_41-125 riboswitch,2142,3,2142_3
query_2143,1,riboswitch,1,riboswitch,0.9488416910171509,2143_3_RF00059_3_NC_000913.3_2185135-2185632_ext_160-360_int_125_off_5_percentage_93_position_36-125 riboswitch,2143,3,2143_3
query_2144,1,riboswitch,1,riboswitch,0.9306977987289429,2144_3_RF00059_3_NC_000913.3_2185135-2185632_ext_160-360_int_125_off_10_percentage_98_position_31-125 riboswitch,2144,3,2144_3
query_2145,1,riboswitch,1,riboswitch,0.9997473359107971,2145_3_RF00059_3_NC_000913.3_2185135-2185632_ext_160-360_int_125_off_15_percentage_100_position_26-122 riboswitch,2145,3,2145_3
query_2146,1,riboswitch,1,riboswitch,0.9996362924575806,2146_3_RF00059_3_NC_000913.3_2185135-2185632_ext_160-360_int_125_off_20_percentage_100_position_21-117 riboswitch,2146,3,2146_3
query_2147,1,riboswitch,1,riboswitch,0.9997209906578064,2147_3_RF00059_3_NC_000913.3_2185135-2185632_ext_160-360_int_125_off_25_percentage_100_position_16-112 riboswitch,2147,3,2147_3
query_2148,1,riboswitch,1,riboswitch,0.9997994303703308,2148_3_RF00059_3_NC_000913.3_2185135-2185632_ext_160-360_int_125_off_30_percentage_100_position_11-107 riboswitch,2148,3,2148_3
query_2149,1,riboswitch,1,riboswitch,0.9992595314979553,2149_3_RF00059_3_NC_000913.3_2185135-2185632_ext_160-360_int_125_off_35_percentage_100_position_6-102 riboswitch,2149,3,2149_3
query_2150,1,riboswitch,1,riboswitch,0.9991474151611328,2150_3_RF00059_3_NC_000913.3_2185135-2185632_ext_160-360_int_125_off_40_percentage_100_position_1-97 riboswitch,2150,3,2150_3
query_2151,1,riboswitch,1,riboswitch,0.9993818998336792,2151_3_RF00059_3_NC_000913.3_2185135-2185632_ext_160-360_int_125_off_45_percentage_95_position_1-92 riboswitch,2151,3,2151_3
query_2152,1,riboswitch,1,riboswitch,0.9988640546798706,2152_3_RF00059_3_NC_000913.3_2185135-2185632_ext_160-360_int_125_off_50_percentage_90_position_1-87 riboswitch,2152,3,2152_3
query_2153,1,riboswitch,1,riboswitch,0.9994134902954102,2153_3_RF00059_3_NC_000913.3_2185135-2185632_ext_160-360_int_125_off_55_percentage_85_position_1-82 riboswitch,2153,3,2153_3
query_2154,1,riboswitch,1,riboswitch,0.9985113739967346,2154_3_RF00059_3_NC_000913.3_2185135-2185632_ext_160-360_int_125_off_60_percentage_79_position_1-77 riboswitch,2154,3,2154_3
query_2155,0,genomicbackground,1,riboswitch,0.9828327298164368,2155_3_RF00059_3_NC_000913.3_2185135-2185632_ext_160-360_int_125_off_65_percentage_74_position_1-72 genomicbackground,2155,3,2155_3
query_2156,0,genomicbackground,1,riboswitch,0.9970959424972534,2156_3_RF00059_3_NC_000913.3_2185135-2185632_ext_160-360_int_125_off_70_percentage_69_position_1-67 genomicbackground,2156,3,2156_3
query_2157,0,genomicbackground,1,riboswitch,0.9956282377243042,2157_3_RF00059_3_NC_000913.3_2185135-2185632_ext_160-360_int_125_off_75_percentage_64_position_1-62 genomicbackground,2157,3,2157_3
query_2158,1,riboswitch,1,riboswitch,0.9995063543319702,2158_3_RF00059_3_NC_000913.3_2185135-2185632_ext_160-360_int_130_off_0_percentage_93_position_41-130 riboswitch,2158,3,2158_3
query_2159,1,riboswitch,1,riboswitch,0.7170426845550537,2159_3_RF00059_3_NC_000913.3_2185135-2185632_ext_160-360_int_130_off_5_percentage_98_position_36-130 riboswitch,2159,3,2159_3
query_2160,1,riboswitch,1,riboswitch,0.9996656179428101,2160_3_RF00059_3_NC_000913.3_2185135-2185632_ext_160-360_int_130_off_10_percentage_100_position_31-127 riboswitch,2160,3,2160_3
query_2161,1,riboswitch,1,riboswitch,0.999650239944458,2161_3_RF00059_3_NC_000913.3_2185135-2185632_ext_160-360_int_130_off_15_percentage_100_position_26-122 riboswitch,2161,3,2161_3
query_2162,1,riboswitch,1,riboswitch,0.9996684789657593,2162_3_RF00059_3_NC_000913.3_2185135-2185632_ext_160-360_int_130_off_20_percentage_100_position_21-117 riboswitch,2162,3,2162_3
query_2163,1,riboswitch,1,riboswitch,0.9997566342353821,2163_3_RF00059_3_NC_000913.3_2185135-2185632_ext_160-360_int_130_off_25_percentage_100_position_16-112 riboswitch,2163,3,2163_3
query_2164,1,riboswitch,1,riboswitch,0.9992263317108154,2164_3_RF00059_3_NC_000913.3_2185135-2185632_ext_160-360_int_130_off_30_percentage_100_position_11-107 riboswitch,2164,3,2164_3
query_2165,1,riboswitch,1,riboswitch,0.9991152882575989,2165_3_RF00059_3_NC_000913.3_2185135-2185632_ext_160-360_int_130_off_35_percentage_100_position_6-102 riboswitch,2165,3,2165_3
query_2166,1,riboswitch,1,riboswitch,0.9992573857307434,2166_3_RF00059_3_NC_000913.3_2185135-2185632_ext_160-360_int_130_off_40_percentage_100_position_1-97 riboswitch,2166,3,2166_3
query_2167,1,riboswitch,1,riboswitch,0.9992431402206421,2167_3_RF00059_3_NC_000913.3_2185135-2185632_ext_160-360_int_130_off_45_percentage_95_position_1-92 riboswitch,2167,3,2167_3
query_2168,1,riboswitch,1,riboswitch,0.9982841610908508,2168_3_RF00059_3_NC_000913.3_2185135-2185632_ext_160-360_int_130_off_50_percentage_90_position_1-87 riboswitch,2168,3,2168_3
query_2169,1,riboswitch,1,riboswitch,0.999404788017273,2169_3_RF00059_3_NC_000913.3_2185135-2185632_ext_160-360_int_130_off_55_percentage_85_position_1-82 riboswitch,2169,3,2169_3
query_2170,1,riboswitch,1,riboswitch,0.9809898138046265,2170_3_RF00059_3_NC_000913.3_2185135-2185632_ext_160-360_int_130_off_60_percentage_79_position_1-77 riboswitch,2170,3,2170_3
query_2171,0,genomicbackground,1,riboswitch,0.997796893119812,2171_3_RF00059_3_NC_000913.3_2185135-2185632_ext_160-360_int_130_off_65_percentage_74_position_1-72 genomicbackground,2171,3,2171_3
query_2172,0,genomicbackground,1,riboswitch,0.9681642651557922,2172_3_RF00059_3_NC_000913.3_2185135-2185632_ext_160-360_int_130_off_70_percentage_69_position_1-67 genomicbackground,2172,3,2172_3
query_2173,1,riboswitch,1,riboswitch,0.9996689558029175,2173_3_RF00059_3_NC_000913.3_2185135-2185632_ext_160-360_int_135_off_0_percentage_98_position_41-135 riboswitch,2173,3,2173_3
query_2174,1,riboswitch,1,riboswitch,0.9995860457420349,2174_3_RF00059_3_NC_000913.3_2185135-2185632_ext_160-360_int_135_off_5_percentage_100_position_36-132 riboswitch,2174,3,2174_3
query_2175,1,riboswitch,1,riboswitch,0.9991505146026611,2175_3_RF00059_3_NC_000913.3_2185135-2185632_ext_160-360_int_135_off_10_percentage_100_position_31-127 riboswitch,2175,3,2175_3
query_2176,1,riboswitch,1,riboswitch,0.9997147917747498,2176_3_RF00059_3_NC_000913.3_2185135-2185632_ext_160-360_int_135_off_15_percentage_100_position_26-122 riboswitch,2176,3,2176_3
query_2177,1,riboswitch,1,riboswitch,0.9997561573982239,2177_3_RF00059_3_NC_000913.3_2185135-2185632_ext_160-360_int_135_off_20_percentage_100_position_21-117 riboswitch,2177,3,2177_3
query_2178,1,riboswitch,1,riboswitch,0.9991642236709595,2178_3_RF00059_3_NC_000913.3_2185135-2185632_ext_160-360_int_135_off_25_percentage_100_position_16-112 riboswitch,2178,3,2178_3
query_2179,1,riboswitch,1,riboswitch,0.9991607666015625,2179_3_RF00059_3_NC_000913.3_2185135-2185632_ext_160-360_int_135_off_30_percentage_100_position_11-107 riboswitch,2179,3,2179_3
query_2180,1,riboswitch,1,riboswitch,0.9993606209754944,2180_3_RF00059_3_NC_000913.3_2185135-2185632_ext_160-360_int_135_off_35_percentage_100_position_6-102 riboswitch,2180,3,2180_3
query_2181,1,riboswitch,1,riboswitch,0.9990618824958801,2181_3_RF00059_3_NC_000913.3_2185135-2185632_ext_160-360_int_135_off_40_percentage_100_position_1-97 riboswitch,2181,3,2181_3
query_2182,1,riboswitch,1,riboswitch,0.9969947338104248,2182_3_RF00059_3_NC_000913.3_2185135-2185632_ext_160-360_int_135_off_45_percentage_95_position_1-92 riboswitch,2182,3,2182_3
query_2183,1,riboswitch,1,riboswitch,0.9997063279151917,2183_3_RF00059_3_NC_000913.3_2185135-2185632_ext_160-360_int_135_off_50_percentage_90_position_1-87 riboswitch,2183,3,2183_3
query_2184,1,riboswitch,1,riboswitch,0.9993925094604492,2184_3_RF00059_3_NC_000913.3_2185135-2185632_ext_160-360_int_135_off_55_percentage_85_position_1-82 riboswitch,2184,3,2184_3
query_2185,1,riboswitch,1,riboswitch,0.9985150694847107,2185_3_RF00059_3_NC_000913.3_2185135-2185632_ext_160-360_int_135_off_60_percentage_79_position_1-77 riboswitch,2185,3,2185_3
query_2186,0,genomicbackground,1,riboswitch,0.9800211787223816,2186_3_RF00059_3_NC_000913.3_2185135-2185632_ext_160-360_int_135_off_65_percentage_74_position_1-72 genomicbackground,2186,3,2186_3
query_2187,1,riboswitch,1,riboswitch,0.9992480874061584,2187_3_RF00059_3_NC_000913.3_2185135-2185632_ext_160-360_int_140_off_0_percentage_100_position_41-137 riboswitch,2187,3,2187_3
query_2188,1,riboswitch,1,riboswitch,0.9980552196502686,2188_3_RF00059_3_NC_000913.3_2185135-2185632_ext_160-360_int_140_off_5_percentage_100_position_36-132 riboswitch,2188,3,2188_3
query_2189,1,riboswitch,1,riboswitch,0.9995399713516235,2189_3_RF00059_3_NC_000913.3_2185135-2185632_ext_160-360_int_140_off_10_percentage_100_position_31-127 riboswitch,2189,3,2189_3
query_2190,1,riboswitch,1,riboswitch,0.9997827410697937,2190_3_RF00059_3_NC_000913.3_2185135-2185632_ext_160-360_int_140_off_15_percentage_100_position_26-122 riboswitch,2190,3,2190_3
query_2191,1,riboswitch,1,riboswitch,0.9988431930541992,2191_3_RF00059_3_NC_000913.3_2185135-2185632_ext_160-360_int_140_off_20_percentage_100_position_21-117 riboswitch,2191,3,2191_3
query_2192,1,riboswitch,1,riboswitch,0.9990768432617188,2192_3_RF00059_3_NC_000913.3_2185135-2185632_ext_160-360_int_140_off_25_percentage_100_position_16-112 riboswitch,2192,3,2192_3
query_2193,1,riboswitch,1,riboswitch,0.9992004036903381,2193_3_RF00059_3_NC_000913.3_2185135-2185632_ext_160-360_int_140_off_30_percentage_100_position_11-107 riboswitch,2193,3,2193_3
query_2194,1,riboswitch,1,riboswitch,0.9992892742156982,2194_3_RF00059_3_NC_000913.3_2185135-2185632_ext_160-360_int_140_off_35_percentage_100_position_6-102 riboswitch,2194,3,2194_3
query_2195,1,riboswitch,1,riboswitch,0.9979775547981262,2195_3_RF00059_3_NC_000913.3_2185135-2185632_ext_160-360_int_140_off_40_percentage_100_position_1-97 riboswitch,2195,3,2195_3
query_2196,1,riboswitch,1,riboswitch,0.9729862809181213,2196_3_RF00059_3_NC_000913.3_2185135-2185632_ext_160-360_int_140_off_45_percentage_95_position_1-92 riboswitch,2196,3,2196_3
query_2197,1,riboswitch,1,riboswitch,0.9971209168434143,2197_3_RF00059_3_NC_000913.3_2185135-2185632_ext_160-360_int_140_off_50_percentage_90_position_1-87 riboswitch,2197,3,2197_3
query_2198,1,riboswitch,1,riboswitch,0.9994158744812012,2198_3_RF00059_3_NC_000913.3_2185135-2185632_ext_160-360_int_140_off_55_percentage_85_position_1-82 riboswitch,2198,3,2198_3
query_2199,1,riboswitch,1,riboswitch,0.9785060286521912,2199_3_RF00059_3_NC_000913.3_2185135-2185632_ext_160-360_int_140_off_60_percentage_79_position_1-77 riboswitch,2199,3,2199_3
query_2200,1,riboswitch,1,riboswitch,0.9990255832672119,2200_3_RF00059_3_NC_000913.3_2185135-2185632_ext_160-360_int_145_off_0_percentage_100_position_41-137 riboswitch,2200,3,2200_3
query_2201,1,riboswitch,1,riboswitch,0.9992327690124512,2201_3_RF00059_3_NC_000913.3_2185135-2185632_ext_160-360_int_145_off_5_percentage_100_position_36-132 riboswitch,2201,3,2201_3
query_2202,1,riboswitch,1,riboswitch,0.9997405409812927,2202_3_RF00059_3_NC_000913.3_2185135-2185632_ext_160-360_int_145_off_10_percentage_100_position_31-127 riboswitch,2202,3,2202_3
query_2203,1,riboswitch,1,riboswitch,0.998974084854126,2203_3_RF00059_3_NC_000913.3_2185135-2185632_ext_160-360_int_145_off_15_percentage_100_position_26-122 riboswitch,2203,3,2203_3
query_2204,1,riboswitch,1,riboswitch,0.9987478256225586,2204_3_RF00059_3_NC_000913.3_2185135-2185632_ext_160-360_int_145_off_20_percentage_100_position_21-117 riboswitch,2204,3,2204_3
query_2205,1,riboswitch,1,riboswitch,0.9991419315338135,2205_3_RF00059_3_NC_000913.3_2185135-2185632_ext_160-360_int_145_off_25_percentage_100_position_16-112 riboswitch,2205,3,2205_3
query_2206,1,riboswitch,1,riboswitch,0.9990548491477966,2206_3_RF00059_3_NC_000913.3_2185135-2185632_ext_160-360_int_145_off_30_percentage_100_position_11-107 riboswitch,2206,3,2206_3
query_2207,1,riboswitch,1,riboswitch,0.9970596432685852,2207_3_RF00059_3_NC_000913.3_2185135-2185632_ext_160-360_int_145_off_35_percentage_100_position_6-102 riboswitch,2207,3,2207_3
query_2208,1,riboswitch,1,riboswitch,0.9974603056907654,2208_3_RF00059_3_NC_000913.3_2185135-2185632_ext_160-360_int_145_off_40_percentage_100_position_1-97 riboswitch,2208,3,2208_3
query_2209,1,riboswitch,1,riboswitch,0.990435004234314,2209_3_RF00059_3_NC_000913.3_2185135-2185632_ext_160-360_int_145_off_45_percentage_95_position_1-92 riboswitch,2209,3,2209_3
query_2210,1,riboswitch,1,riboswitch,0.9980613589286804,2210_3_RF00059_3_NC_000913.3_2185135-2185632_ext_160-360_int_145_off_50_percentage_90_position_1-87 riboswitch,2210,3,2210_3
query_2211,1,riboswitch,1,riboswitch,0.9976516366004944,2211_3_RF00059_3_NC_000913.3_2185135-2185632_ext_160-360_int_145_off_55_percentage_85_position_1-82 riboswitch,2211,3,2211_3
query_2212,1,riboswitch,1,riboswitch,0.9989216327667236,2212_3_RF00059_3_NC_000913.3_2185135-2185632_ext_160-360_int_150_off_0_percentage_100_position_41-137 riboswitch,2212,3,2212_3
query_2213,1,riboswitch,1,riboswitch,0.9994875192642212,2213_3_RF00059_3_NC_000913.3_2185135-2185632_ext_160-360_int_150_off_5_percentage_100_position_36-132 riboswitch,2213,3,2213_3
query_2214,1,riboswitch,1,riboswitch,0.9995180368423462,2214_3_RF00059_3_NC_000913.3_2185135-2185632_ext_160-360_int_150_off_10_percentage_100_position_31-127 riboswitch,2214,3,2214_3
query_2215,1,riboswitch,1,riboswitch,0.9986684322357178,2215_3_RF00059_3_NC_000913.3_2185135-2185632_ext_160-360_int_150_off_15_percentage_100_position_26-122 riboswitch,2215,3,2215_3
query_2216,1,riboswitch,1,riboswitch,0.998969316482544,2216_3_RF00059_3_NC_000913.3_2185135-2185632_ext_160-360_int_150_off_20_percentage_100_position_21-117 riboswitch,2216,3,2216_3
query_2217,1,riboswitch,1,riboswitch,0.9989253878593445,2217_3_RF00059_3_NC_000913.3_2185135-2185632_ext_160-360_int_150_off_25_percentage_100_position_16-112 riboswitch,2217,3,2217_3
query_2218,1,riboswitch,1,riboswitch,0.994234025478363,2218_3_RF00059_3_NC_000913.3_2185135-2185632_ext_160-360_int_150_off_30_percentage_100_position_11-107 riboswitch,2218,3,2218_3
query_2219,1,riboswitch,1,riboswitch,0.995875895023346,2219_3_RF00059_3_NC_000913.3_2185135-2185632_ext_160-360_int_150_off_35_percentage_100_position_6-102 riboswitch,2219,3,2219_3
query_2220,1,riboswitch,1,riboswitch,0.9978519678115845,2220_3_RF00059_3_NC_000913.3_2185135-2185632_ext_160-360_int_150_off_40_percentage_100_position_1-97 riboswitch,2220,3,2220_3
query_2221,1,riboswitch,1,riboswitch,0.9933694005012512,2221_3_RF00059_3_NC_000913.3_2185135-2185632_ext_160-360_int_150_off_45_percentage_95_position_1-92 riboswitch,2221,3,2221_3
query_2222,1,riboswitch,1,riboswitch,0.9847224354743958,2222_3_RF00059_3_NC_000913.3_2185135-2185632_ext_160-360_int_150_off_50_percentage_90_position_1-87 riboswitch,2222,3,2222_3
query_2223,1,riboswitch,1,riboswitch,0.999201238155365,2223_3_RF00059_3_NC_000913.3_2185135-2185632_ext_160-360_int_155_off_0_percentage_100_position_41-137 riboswitch,2223,3,2223_3
query_2224,1,riboswitch,1,riboswitch,0.9994457364082336,2224_3_RF00059_3_NC_000913.3_2185135-2185632_ext_160-360_int_155_off_5_percentage_100_position_36-132 riboswitch,2224,3,2224_3
query_2225,1,riboswitch,1,riboswitch,0.9983957409858704,2225_3_RF00059_3_NC_000913.3_2185135-2185632_ext_160-360_int_155_off_10_percentage_100_position_31-127 riboswitch,2225,3,2225_3
query_2226,1,riboswitch,1,riboswitch,0.9989284873008728,2226_3_RF00059_3_NC_000913.3_2185135-2185632_ext_160-360_int_155_off_15_percentage_100_position_26-122 riboswitch,2226,3,2226_3
query_2227,1,riboswitch,1,riboswitch,0.9986109733581543,2227_3_RF00059_3_NC_000913.3_2185135-2185632_ext_160-360_int_155_off_20_percentage_100_position_21-117 riboswitch,2227,3,2227_3
query_2228,1,riboswitch,1,riboswitch,0.9939892292022705,2228_3_RF00059_3_NC_000913.3_2185135-2185632_ext_160-360_int_155_off_25_percentage_100_position_16-112 riboswitch,2228,3,2228_3
query_2229,1,riboswitch,1,riboswitch,0.9888508915901184,2229_3_RF00059_3_NC_000913.3_2185135-2185632_ext_160-360_int_155_off_30_percentage_100_position_11-107 riboswitch,2229,3,2229_3
query_2230,1,riboswitch,1,riboswitch,0.9967279434204102,2230_3_RF00059_3_NC_000913.3_2185135-2185632_ext_160-360_int_155_off_35_percentage_100_position_6-102 riboswitch,2230,3,2230_3
query_2231,1,riboswitch,1,riboswitch,0.9982759952545166,2231_3_RF00059_3_NC_000913.3_2185135-2185632_ext_160-360_int_155_off_40_percentage_100_position_1-97 riboswitch,2231,3,2231_3
query_2232,1,riboswitch,1,riboswitch,0.9953911304473877,2232_3_RF00059_3_NC_000913.3_2185135-2185632_ext_160-360_int_155_off_45_percentage_95_position_1-92 riboswitch,2232,3,2232_3
query_2233,1,riboswitch,1,riboswitch,0.9991748929023743,2233_3_RF00059_3_NC_000913.3_2185135-2185632_ext_160-360_int_160_off_0_percentage_100_position_41-137 riboswitch,2233,3,2233_3
query_2234,1,riboswitch,1,riboswitch,0.9981666207313538,2234_3_RF00059_3_NC_000913.3_2185135-2185632_ext_160-360_int_160_off_5_percentage_100_position_36-132 riboswitch,2234,3,2234_3
query_2235,1,riboswitch,1,riboswitch,0.9987179040908813,2235_3_RF00059_3_NC_000913.3_2185135-2185632_ext_160-360_int_160_off_10_percentage_100_position_31-127 riboswitch,2235,3,2235_3
query_2236,1,riboswitch,1,riboswitch,0.9988045692443848,2236_3_RF00059_3_NC_000913.3_2185135-2185632_ext_160-360_int_160_off_15_percentage_100_position_26-122 riboswitch,2236,3,2236_3
query_2237,1,riboswitch,1,riboswitch,0.991744339466095,2237_3_RF00059_3_NC_000913.3_2185135-2185632_ext_160-360_int_160_off_20_percentage_100_position_21-117 riboswitch,2237,3,2237_3
query_2238,1,riboswitch,1,riboswitch,0.9929277300834656,2238_3_RF00059_3_NC_000913.3_2185135-2185632_ext_160-360_int_160_off_25_percentage_100_position_16-112 riboswitch,2238,3,2238_3
query_2239,1,riboswitch,1,riboswitch,0.9919624924659729,2239_3_RF00059_3_NC_000913.3_2185135-2185632_ext_160-360_int_160_off_30_percentage_100_position_11-107 riboswitch,2239,3,2239_3
query_2240,1,riboswitch,1,riboswitch,0.9974958896636963,2240_3_RF00059_3_NC_000913.3_2185135-2185632_ext_160-360_int_160_off_35_percentage_100_position_6-102 riboswitch,2240,3,2240_3
query_2241,1,riboswitch,1,riboswitch,0.9980345368385315,2241_3_RF00059_3_NC_000913.3_2185135-2185632_ext_160-360_int_160_off_40_percentage_100_position_1-97 riboswitch,2241,3,2241_3
query_2242,1,riboswitch,1,riboswitch,0.997431218624115,2242_3_RF00059_3_NC_000913.3_2185135-2185632_ext_160-360_int_165_off_0_percentage_100_position_41-137 riboswitch,2242,3,2242_3
query_2243,1,riboswitch,1,riboswitch,0.9985877275466919,2243_3_RF00059_3_NC_000913.3_2185135-2185632_ext_160-360_int_165_off_5_percentage_100_position_36-132 riboswitch,2243,3,2243_3
query_2244,1,riboswitch,1,riboswitch,0.9984468817710876,2244_3_RF00059_3_NC_000913.3_2185135-2185632_ext_160-360_int_165_off_10_percentage_100_position_31-127 riboswitch,2244,3,2244_3
query_2245,1,riboswitch,1,riboswitch,0.9986843466758728,2245_3_RF00059_3_NC_000913.3_2185135-2185632_ext_160-360_int_165_off_15_percentage_100_position_26-122 riboswitch,2245,3,2245_3
query_2246,1,riboswitch,1,riboswitch,0.9832111597061157,2246_3_RF00059_3_NC_000913.3_2185135-2185632_ext_160-360_int_165_off_20_percentage_100_position_21-117 riboswitch,2246,3,2246_3
query_2247,1,riboswitch,1,riboswitch,0.9842788577079773,2247_3_RF00059_3_NC_000913.3_2185135-2185632_ext_160-360_int_165_off_25_percentage_100_position_16-112 riboswitch,2247,3,2247_3
query_2248,1,riboswitch,1,riboswitch,0.994850218296051,2248_3_RF00059_3_NC_000913.3_2185135-2185632_ext_160-360_int_165_off_30_percentage_100_position_11-107 riboswitch,2248,3,2248_3
query_2249,1,riboswitch,1,riboswitch,0.9970792531967163,2249_3_RF00059_3_NC_000913.3_2185135-2185632_ext_160-360_int_165_off_35_percentage_100_position_6-102 riboswitch,2249,3,2249_3
query_2250,1,riboswitch,1,riboswitch,0.9981294274330139,2250_3_RF00059_3_NC_000913.3_2185135-2185632_ext_160-360_int_170_off_0_percentage_100_position_41-137 riboswitch,2250,3,2250_3
query_2251,1,riboswitch,1,riboswitch,0.9982929825782776,2251_3_RF00059_3_NC_000913.3_2185135-2185632_ext_160-360_int_170_off_5_percentage_100_position_36-132 riboswitch,2251,3,2251_3
query_2252,1,riboswitch,1,riboswitch,0.9981710910797119,2252_3_RF00059_3_NC_000913.3_2185135-2185632_ext_160-360_int_170_off_10_percentage_100_position_31-127 riboswitch,2252,3,2252_3
query_2253,1,riboswitch,1,riboswitch,0.9921360015869141,2253_3_RF00059_3_NC_000913.3_2185135-2185632_ext_160-360_int_170_off_15_percentage_100_position_26-122 riboswitch,2253,3,2253_3
query_2254,1,riboswitch,1,riboswitch,0.9857770800590515,2254_3_RF00059_3_NC_000913.3_2185135-2185632_ext_160-360_int_170_off_20_percentage_100_position_21-117 riboswitch,2254,3,2254_3
query_2255,1,riboswitch,1,riboswitch,0.9961697459220886,2255_3_RF00059_3_NC_000913.3_2185135-2185632_ext_160-360_int_170_off_25_percentage_100_position_16-112 riboswitch,2255,3,2255_3
query_2256,1,riboswitch,1,riboswitch,0.9936243295669556,2256_3_RF00059_3_NC_000913.3_2185135-2185632_ext_160-360_int_170_off_30_percentage_100_position_11-107 riboswitch,2256,3,2256_3
query_2257,1,riboswitch,1,riboswitch,0.9975797533988953,2257_3_RF00059_3_NC_000913.3_2185135-2185632_ext_160-360_int_175_off_0_percentage_100_position_41-137 riboswitch,2257,3,2257_3
query_2258,1,riboswitch,1,riboswitch,0.9981787204742432,2258_3_RF00059_3_NC_000913.3_2185135-2185632_ext_160-360_int_175_off_5_percentage_100_position_36-132 riboswitch,2258,3,2258_3
query_2259,1,riboswitch,1,riboswitch,0.9676674008369446,2259_3_RF00059_3_NC_000913.3_2185135-2185632_ext_160-360_int_175_off_10_percentage_100_position_31-127 riboswitch,2259,3,2259_3
query_2260,1,riboswitch,1,riboswitch,0.998188316822052,2260_3_RF00059_3_NC_000913.3_2185135-2185632_ext_160-360_int_175_off_15_percentage_100_position_26-122 riboswitch,2260,3,2260_3
query_2261,1,riboswitch,1,riboswitch,0.9917383790016174,2261_3_RF00059_3_NC_000913.3_2185135-2185632_ext_160-360_int_175_off_20_percentage_100_position_21-117 riboswitch,2261,3,2261_3
query_2262,1,riboswitch,1,riboswitch,0.9955418705940247,2262_3_RF00059_3_NC_000913.3_2185135-2185632_ext_160-360_int_175_off_25_percentage_100_position_16-112 riboswitch,2262,3,2262_3
query_2263,1,riboswitch,1,riboswitch,0.996971845626831,2263_3_RF00059_3_NC_000913.3_2185135-2185632_ext_160-360_int_180_off_0_percentage_100_position_41-137 riboswitch,2263,3,2263_3
query_2264,1,riboswitch,1,riboswitch,0.9434366822242737,2264_3_RF00059_3_NC_000913.3_2185135-2185632_ext_160-360_int_180_off_5_percentage_100_position_36-132 riboswitch,2264,3,2264_3
query_2265,1,riboswitch,1,riboswitch,0.9968744516372681,2265_3_RF00059_3_NC_000913.3_2185135-2185632_ext_160-360_int_180_off_10_percentage_100_position_31-127 riboswitch,2265,3,2265_3
query_2266,1,riboswitch,1,riboswitch,0.9986997842788696,2266_3_RF00059_3_NC_000913.3_2185135-2185632_ext_160-360_int_180_off_15_percentage_100_position_26-122 riboswitch,2266,3,2266_3
query_2267,1,riboswitch,1,riboswitch,0.9885979890823364,2267_3_RF00059_3_NC_000913.3_2185135-2185632_ext_160-360_int_180_off_20_percentage_100_position_21-117 riboswitch,2267,3,2267_3
query_2268,1,riboswitch,1,riboswitch,0.9644938111305237,2268_3_RF00059_3_NC_000913.3_2185135-2185632_ext_160-360_int_185_off_0_percentage_100_position_41-137 riboswitch,2268,3,2268_3
query_2269,1,riboswitch,1,riboswitch,0.9959731698036194,2269_3_RF00059_3_NC_000913.3_2185135-2185632_ext_160-360_int_185_off_5_percentage_100_position_36-132 riboswitch,2269,3,2269_3
query_2270,1,riboswitch,1,riboswitch,0.998023271560669,2270_3_RF00059_3_NC_000913.3_2185135-2185632_ext_160-360_int_185_off_10_percentage_100_position_31-127 riboswitch,2270,3,2270_3
query_2271,1,riboswitch,1,riboswitch,0.9925480484962463,2271_3_RF00059_3_NC_000913.3_2185135-2185632_ext_160-360_int_185_off_15_percentage_100_position_26-122 riboswitch,2271,3,2271_3
query_2272,1,riboswitch,1,riboswitch,0.9989118576049805,2272_3_RF00059_3_NC_000913.3_2185135-2185632_ext_160-360_int_190_off_0_percentage_100_position_41-137 riboswitch,2272,3,2272_3
query_2273,1,riboswitch,1,riboswitch,0.9975560903549194,2273_3_RF00059_3_NC_000913.3_2185135-2185632_ext_160-360_int_190_off_5_percentage_100_position_36-132 riboswitch,2273,3,2273_3
query_2274,1,riboswitch,1,riboswitch,0.9756946563720703,2274_3_RF00059_3_NC_000913.3_2185135-2185632_ext_160-360_int_190_off_10_percentage_100_position_31-127 riboswitch,2274,3,2274_3
query_2275,1,riboswitch,1,riboswitch,0.9973170161247253,2275_3_RF00059_3_NC_000913.3_2185135-2185632_ext_160-360_int_195_off_0_percentage_100_position_41-137 riboswitch,2275,3,2275_3
query_2276,1,riboswitch,1,riboswitch,0.9579191207885742,2276_3_RF00059_3_NC_000913.3_2185135-2185632_ext_160-360_int_195_off_5_percentage_100_position_36-132 riboswitch,2276,3,2276_3
query_2277,1,riboswitch,1,riboswitch,0.9958691000938416,2277_3_RF00059_3_NC_000913.3_2185135-2185632_ext_160-360_int_200_off_0_percentage_100_position_41-137 riboswitch,2277,3,2277_3
query_2278,1,riboswitch,1,riboswitch,0.9996633529663086,2278_3_RF00059_3_NC_000913.3_2185135-2185632_ext_180-380_int_95_off_0_percentage_77_position_21-95 riboswitch,2278,3,2278_3
query_2279,1,riboswitch,1,riboswitch,0.9996905326843262,2279_3_RF00059_3_NC_000913.3_2185135-2185632_ext_180-380_int_95_off_5_percentage_82_position_16-95 riboswitch,2279,3,2279_3
query_2280,1,riboswitch,1,riboswitch,0.9985652565956116,2280_3_RF00059_3_NC_000913.3_2185135-2185632_ext_180-380_int_95_off_10_percentage_88_position_11-95 riboswitch,2280,3,2280_3
query_2281,1,riboswitch,1,riboswitch,0.9992780089378357,2281_3_RF00059_3_NC_000913.3_2185135-2185632_ext_180-380_int_95_off_15_percentage_93_position_6-95 riboswitch,2281,3,2281_3
query_2282,1,riboswitch,1,riboswitch,0.9993062019348145,2282_3_RF00059_3_NC_000913.3_2185135-2185632_ext_180-380_int_95_off_20_percentage_98_position_1-95 riboswitch,2282,3,2282_3
query_2283,1,riboswitch,1,riboswitch,0.999823272228241,2283_3_RF00059_3_NC_000913.3_2185135-2185632_ext_180-380_int_95_off_25_percentage_95_position_1-92 riboswitch,2283,3,2283_3
query_2284,1,riboswitch,1,riboswitch,0.998977541923523,2284_3_RF00059_3_NC_000913.3_2185135-2185632_ext_180-380_int_95_off_30_percentage_90_position_1-87 riboswitch,2284,3,2284_3
query_2285,1,riboswitch,1,riboswitch,0.9997047781944275,2285_3_RF00059_3_NC_000913.3_2185135-2185632_ext_180-380_int_95_off_35_percentage_85_position_1-82 riboswitch,2285,3,2285_3
query_2286,1,riboswitch,1,riboswitch,0.9129024744033813,2286_3_RF00059_3_NC_000913.3_2185135-2185632_ext_180-380_int_95_off_40_percentage_79_position_1-77 riboswitch,2286,3,2286_3
query_2287,0,genomicbackground,1,riboswitch,0.9990026354789734,2287_3_RF00059_3_NC_000913.3_2185135-2185632_ext_180-380_int_95_off_45_percentage_74_position_1-72 genomicbackground,2287,3,2287_3
query_2288,0,genomicbackground,1,riboswitch,0.998683512210846,2288_3_RF00059_3_NC_000913.3_2185135-2185632_ext_180-380_int_95_off_50_percentage_69_position_1-67 genomicbackground,2288,3,2288_3
query_2289,0,genomicbackground,1,riboswitch,0.9983828067779541,2289_3_RF00059_3_NC_000913.3_2185135-2185632_ext_180-380_int_95_off_55_percentage_64_position_1-62 genomicbackground,2289,3,2289_3
query_2290,0,genomicbackground,1,riboswitch,0.9823200106620789,2290_3_RF00059_3_NC_000913.3_2185135-2185632_ext_180-380_int_95_off_60_percentage_59_position_1-57 genomicbackground,2290,3,2290_3
query_2291,0,genomicbackground,1,riboswitch,0.987765908241272,2291_3_RF00059_3_NC_000913.3_2185135-2185632_ext_180-380_int_95_off_65_percentage_54_position_1-52 genomicbackground,2291,3,2291_3
query_2292,0,genomicbackground,1,riboswitch,0.9890157580375671,2292_3_RF00059_3_NC_000913.3_2185135-2185632_ext_180-380_int_95_off_70_percentage_48_position_1-47 genomicbackground,2292,3,2292_3
query_2293,0,genomicbackground,1,riboswitch,0.8431808352470398,2293_3_RF00059_3_NC_000913.3_2185135-2185632_ext_180-380_int_95_off_75_percentage_43_position_1-42 genomicbackground,2293,3,2293_3
query_2294,0,genomicbackground,1,riboswitch,0.7250660061836243,2294_3_RF00059_3_NC_000913.3_2185135-2185632_ext_180-380_int_95_off_80_percentage_38_position_1-37 genomicbackground,2294,3,2294_3
query_2295,0,genomicbackground,1,riboswitch,0.9489628672599792,2295_3_RF00059_3_NC_000913.3_2185135-2185632_ext_180-380_int_95_off_85_percentage_33_position_1-32 genomicbackground,2295,3,2295_3
query_2296,0,genomicbackground,1,riboswitch,0.8735963106155396,2296_3_RF00059_3_NC_000913.3_2185135-2185632_ext_180-380_int_95_off_90_percentage_28_position_1-27 genomicbackground,2296,3,2296_3
query_2297,0,genomicbackground,0,genomicbackground,0.021186474710702896,2297_3_RF00059_3_NC_000913.3_2185135-2185632_ext_180-380_int_95_off_95_percentage_23_position_1-22 genomicbackground,2297,3,2297_3
query_2298,0,genomicbackground,0,genomicbackground,0.0022893925197422504,2298_3_RF00059_3_NC_000913.3_2185135-2185632_ext_180-380_int_95_off_100_percentage_18_position_1-17 genomicbackground,2298,3,2298_3
query_2299,0,genomicbackground,0,genomicbackground,0.0033849310129880905,2299_3_RF00059_3_NC_000913.3_2185135-2185632_ext_180-380_int_95_off_105_percentage_12_position_1-12 genomicbackground,2299,3,2299_3
query_2300,1,riboswitch,1,riboswitch,0.9994192123413086,2300_3_RF00059_3_NC_000913.3_2185135-2185632_ext_180-380_int_100_off_0_percentage_82_position_21-100 riboswitch,2300,3,2300_3
query_2301,1,riboswitch,1,riboswitch,0.999711811542511,2301_3_RF00059_3_NC_000913.3_2185135-2185632_ext_180-380_int_100_off_5_percentage_88_position_16-100 riboswitch,2301,3,2301_3
query_2302,1,riboswitch,1,riboswitch,0.9990845918655396,2302_3_RF00059_3_NC_000913.3_2185135-2185632_ext_180-380_int_100_off_10_percentage_93_position_11-100 riboswitch,2302,3,2302_3
query_2303,1,riboswitch,1,riboswitch,0.9992251396179199,2303_3_RF00059_3_NC_000913.3_2185135-2185632_ext_180-380_int_100_off_15_percentage_98_position_6-100 riboswitch,2303,3,2303_3
query_2304,1,riboswitch,1,riboswitch,0.9998260140419006,2304_3_RF00059_3_NC_000913.3_2185135-2185632_ext_180-380_int_100_off_20_percentage_100_position_1-97 riboswitch,2304,3,2304_3
query_2305,1,riboswitch,1,riboswitch,0.9998136162757874,2305_3_RF00059_3_NC_000913.3_2185135-2185632_ext_180-380_int_100_off_25_percentage_95_position_1-92 riboswitch,2305,3,2305_3
query_2306,1,riboswitch,1,riboswitch,0.9842939972877502,2306_3_RF00059_3_NC_000913.3_2185135-2185632_ext_180-380_int_100_off_30_percentage_90_position_1-87 riboswitch,2306,3,2306_3
query_2307,1,riboswitch,1,riboswitch,0.9996906518936157,2307_3_RF00059_3_NC_000913.3_2185135-2185632_ext_180-380_int_100_off_35_percentage_85_position_1-82 riboswitch,2307,3,2307_3
query_2308,1,riboswitch,1,riboswitch,0.9987313151359558,2308_3_RF00059_3_NC_000913.3_2185135-2185632_ext_180-380_int_100_off_40_percentage_79_position_1-77 riboswitch,2308,3,2308_3
query_2309,0,genomicbackground,1,riboswitch,0.9989191293716431,2309_3_RF00059_3_NC_000913.3_2185135-2185632_ext_180-380_int_100_off_45_percentage_74_position_1-72 genomicbackground,2309,3,2309_3
query_2310,0,genomicbackground,1,riboswitch,0.9988681077957153,2310_3_RF00059_3_NC_000913.3_2185135-2185632_ext_180-380_int_100_off_50_percentage_69_position_1-67 genomicbackground,2310,3,2310_3
query_2311,0,genomicbackground,1,riboswitch,0.974696695804596,2311_3_RF00059_3_NC_000913.3_2185135-2185632_ext_180-380_int_100_off_55_percentage_64_position_1-62 genomicbackground,2311,3,2311_3
query_2312,0,genomicbackground,1,riboswitch,0.9677470922470093,2312_3_RF00059_3_NC_000913.3_2185135-2185632_ext_180-380_int_100_off_60_percentage_59_position_1-57 genomicbackground,2312,3,2312_3
query_2313,0,genomicbackground,1,riboswitch,0.9883147478103638,2313_3_RF00059_3_NC_000913.3_2185135-2185632_ext_180-380_int_100_off_65_percentage_54_position_1-52 genomicbackground,2313,3,2313_3
query_2314,0,genomicbackground,1,riboswitch,0.559406042098999,2314_3_RF00059_3_NC_000913.3_2185135-2185632_ext_180-380_int_100_off_70_percentage_48_position_1-47 genomicbackground,2314,3,2314_3
query_2315,0,genomicbackground,1,riboswitch,0.7285006642341614,2315_3_RF00059_3_NC_000913.3_2185135-2185632_ext_180-380_int_100_off_75_percentage_43_position_1-42 genomicbackground,2315,3,2315_3
query_2316,0,genomicbackground,1,riboswitch,0.9334560036659241,2316_3_RF00059_3_NC_000913.3_2185135-2185632_ext_180-380_int_100_off_80_percentage_38_position_1-37 genomicbackground,2316,3,2316_3
query_2317,0,genomicbackground,1,riboswitch,0.933536946773529,2317_3_RF00059_3_NC_000913.3_2185135-2185632_ext_180-380_int_100_off_85_percentage_33_position_1-32 genomicbackground,2317,3,2317_3
query_2318,0,genomicbackground,1,riboswitch,0.7680196762084961,2318_3_RF00059_3_NC_000913.3_2185135-2185632_ext_180-380_int_100_off_90_percentage_28_position_1-27 genomicbackground,2318,3,2318_3
query_2319,0,genomicbackground,0,genomicbackground,0.005643459502607584,2319_3_RF00059_3_NC_000913.3_2185135-2185632_ext_180-380_int_100_off_95_percentage_23_position_1-22 genomicbackground,2319,3,2319_3
query_2320,0,genomicbackground,0,genomicbackground,0.002580308122560382,2320_3_RF00059_3_NC_000913.3_2185135-2185632_ext_180-380_int_100_off_100_percentage_18_position_1-17 genomicbackground,2320,3,2320_3
query_2321,1,riboswitch,1,riboswitch,0.9952347874641418,2321_3_RF00059_3_NC_000913.3_2185135-2185632_ext_180-380_int_105_off_0_percentage_88_position_21-105 riboswitch,2321,3,2321_3
query_2322,1,riboswitch,1,riboswitch,0.9989984631538391,2322_3_RF00059_3_NC_000913.3_2185135-2185632_ext_180-380_int_105_off_5_percentage_93_position_16-105 riboswitch,2322,3,2322_3
query_2323,1,riboswitch,1,riboswitch,0.9988370537757874,2323_3_RF00059_3_NC_000913.3_2185135-2185632_ext_180-380_int_105_off_10_percentage_98_position_11-105 riboswitch,2323,3,2323_3
query_2324,1,riboswitch,1,riboswitch,0.9998161196708679,2324_3_RF00059_3_NC_000913.3_2185135-2185632_ext_180-380_int_105_off_15_percentage_100_position_6-102 riboswitch,2324,3,2324_3
query_2325,1,riboswitch,1,riboswitch,0.999816358089447,2325_3_RF00059_3_NC_000913.3_2185135-2185632_ext_180-380_int_105_off_20_percentage_100_position_1-97 riboswitch,2325,3,2325_3
query_2326,1,riboswitch,1,riboswitch,0.9998308420181274,2326_3_RF00059_3_NC_000913.3_2185135-2185632_ext_180-380_int_105_off_25_percentage_95_position_1-92 riboswitch,2326,3,2326_3
query_2327,1,riboswitch,1,riboswitch,0.9861846566200256,2327_3_RF00059_3_NC_000913.3_2185135-2185632_ext_180-380_int_105_off_30_percentage_90_position_1-87 riboswitch,2327,3,2327_3
query_2328,1,riboswitch,1,riboswitch,0.9996304512023926,2328_3_RF00059_3_NC_000913.3_2185135-2185632_ext_180-380_int_105_off_35_percentage_85_position_1-82 riboswitch,2328,3,2328_3
query_2329,1,riboswitch,1,riboswitch,0.9986201524734497,2329_3_RF00059_3_NC_000913.3_2185135-2185632_ext_180-380_int_105_off_40_percentage_79_position_1-77 riboswitch,2329,3,2329_3
query_2330,0,genomicbackground,1,riboswitch,0.9991342425346375,2330_3_RF00059_3_NC_000913.3_2185135-2185632_ext_180-380_int_105_off_45_percentage_74_position_1-72 genomicbackground,2330,3,2330_3
query_2331,0,genomicbackground,1,riboswitch,0.9984676241874695,2331_3_RF00059_3_NC_000913.3_2185135-2185632_ext_180-380_int_105_off_50_percentage_69_position_1-67 genomicbackground,2331,3,2331_3
query_2332,0,genomicbackground,1,riboswitch,0.9534426927566528,2332_3_RF00059_3_NC_000913.3_2185135-2185632_ext_180-380_int_105_off_55_percentage_64_position_1-62 genomicbackground,2332,3,2332_3
query_2333,0,genomicbackground,1,riboswitch,0.9784783124923706,2333_3_RF00059_3_NC_000913.3_2185135-2185632_ext_180-380_int_105_off_60_percentage_59_position_1-57 genomicbackground,2333,3,2333_3
query_2334,0,genomicbackground,0,genomicbackground,0.13837340474128723,2334_3_RF00059_3_NC_000913.3_2185135-2185632_ext_180-380_int_105_off_65_percentage_54_position_1-52 genomicbackground,2334,3,2334_3
query_2335,0,genomicbackground,1,riboswitch,0.8623805046081543,2335_3_RF00059_3_NC_000913.3_2185135-2185632_ext_180-380_int_105_off_70_percentage_48_position_1-47 genomicbackground,2335,3,2335_3
query_2336,0,genomicbackground,1,riboswitch,0.7283041477203369,2336_3_RF00059_3_NC_000913.3_2185135-2185632_ext_180-380_int_105_off_75_percentage_43_position_1-42 genomicbackground,2336,3,2336_3
query_2337,0,genomicbackground,0,genomicbackground,0.30209991335868835,2337_3_RF00059_3_NC_000913.3_2185135-2185632_ext_180-380_int_105_off_80_percentage_38_position_1-37 genomicbackground,2337,3,2337_3
query_2338,0,genomicbackground,1,riboswitch,0.8405778408050537,2338_3_RF00059_3_NC_000913.3_2185135-2185632_ext_180-380_int_105_off_85_percentage_33_position_1-32 genomicbackground,2338,3,2338_3
query_2339,0,genomicbackground,0,genomicbackground,0.460073858499527,2339_3_RF00059_3_NC_000913.3_2185135-2185632_ext_180-380_int_105_off_90_percentage_28_position_1-27 genomicbackground,2339,3,2339_3
query_2340,0,genomicbackground,0,genomicbackground,0.007752027828246355,2340_3_RF00059_3_NC_000913.3_2185135-2185632_ext_180-380_int_105_off_95_percentage_23_position_1-22 genomicbackground,2340,3,2340_3
query_2341,1,riboswitch,1,riboswitch,0.9977516531944275,2341_3_RF00059_3_NC_000913.3_2185135-2185632_ext_180-380_int_110_off_0_percentage_93_position_21-110 riboswitch,2341,3,2341_3
query_2342,1,riboswitch,1,riboswitch,0.9986169338226318,2342_3_RF00059_3_NC_000913.3_2185135-2185632_ext_180-380_int_110_off_5_percentage_98_position_16-110 riboswitch,2342,3,2342_3
query_2343,1,riboswitch,1,riboswitch,0.9997997879981995,2343_3_RF00059_3_NC_000913.3_2185135-2185632_ext_180-380_int_110_off_10_percentage_100_position_11-107 riboswitch,2343,3,2343_3
query_2344,1,riboswitch,1,riboswitch,0.9997697472572327,2344_3_RF00059_3_NC_000913.3_2185135-2185632_ext_180-380_int_110_off_15_percentage_100_position_6-102 riboswitch,2344,3,2344_3
query_2345,1,riboswitch,1,riboswitch,0.9998247027397156,2345_3_RF00059_3_NC_000913.3_2185135-2185632_ext_180-380_int_110_off_20_percentage_100_position_1-97 riboswitch,2345,3,2345_3
query_2346,1,riboswitch,1,riboswitch,0.9998395442962646,2346_3_RF00059_3_NC_000913.3_2185135-2185632_ext_180-380_int_110_off_25_percentage_95_position_1-92 riboswitch,2346,3,2346_3
query_2347,1,riboswitch,1,riboswitch,0.9989769458770752,2347_3_RF00059_3_NC_000913.3_2185135-2185632_ext_180-380_int_110_off_30_percentage_90_position_1-87 riboswitch,2347,3,2347_3
query_2348,1,riboswitch,1,riboswitch,0.9996092915534973,2348_3_RF00059_3_NC_000913.3_2185135-2185632_ext_180-380_int_110_off_35_percentage_85_position_1-82 riboswitch,2348,3,2348_3
query_2349,1,riboswitch,1,riboswitch,0.9988983869552612,2349_3_RF00059_3_NC_000913.3_2185135-2185632_ext_180-380_int_110_off_40_percentage_79_position_1-77 riboswitch,2349,3,2349_3
query_2350,0,genomicbackground,1,riboswitch,0.9976231455802917,2350_3_RF00059_3_NC_000913.3_2185135-2185632_ext_180-380_int_110_off_45_percentage_74_position_1-72 genomicbackground,2350,3,2350_3
query_2351,0,genomicbackground,1,riboswitch,0.9816812872886658,2351_3_RF00059_3_NC_000913.3_2185135-2185632_ext_180-380_int_110_off_50_percentage_69_position_1-67 genomicbackground,2351,3,2351_3
query_2352,0,genomicbackground,1,riboswitch,0.9688355326652527,2352_3_RF00059_3_NC_000913.3_2185135-2185632_ext_180-380_int_110_off_55_percentage_64_position_1-62 genomicbackground,2352,3,2352_3
query_2353,0,genomicbackground,1,riboswitch,0.9076646566390991,2353_3_RF00059_3_NC_000913.3_2185135-2185632_ext_180-380_int_110_off_60_percentage_59_position_1-57 genomicbackground,2353,3,2353_3
query_2354,0,genomicbackground,0,genomicbackground,0.4794919192790985,2354_3_RF00059_3_NC_000913.3_2185135-2185632_ext_180-380_int_110_off_65_percentage_54_position_1-52 genomicbackground,2354,3,2354_3
query_2355,0,genomicbackground,1,riboswitch,0.9958001971244812,2355_3_RF00059_3_NC_000913.3_2185135-2185632_ext_180-380_int_110_off_70_percentage_48_position_1-47 genomicbackground,2355,3,2355_3
query_2356,0,genomicbackground,1,riboswitch,0.6838995814323425,2356_3_RF00059_3_NC_000913.3_2185135-2185632_ext_180-380_int_110_off_75_percentage_43_position_1-42 genomicbackground,2356,3,2356_3
query_2357,0,genomicbackground,1,riboswitch,0.8069517612457275,2357_3_RF00059_3_NC_000913.3_2185135-2185632_ext_180-380_int_110_off_80_percentage_38_position_1-37 genomicbackground,2357,3,2357_3
query_2358,0,genomicbackground,1,riboswitch,0.854077935218811,2358_3_RF00059_3_NC_000913.3_2185135-2185632_ext_180-380_int_110_off_85_percentage_33_position_1-32 genomicbackground,2358,3,2358_3
query_2359,0,genomicbackground,1,riboswitch,0.5993582010269165,2359_3_RF00059_3_NC_000913.3_2185135-2185632_ext_180-380_int_110_off_90_percentage_28_position_1-27 genomicbackground,2359,3,2359_3
query_2360,1,riboswitch,1,riboswitch,0.996243953704834,2360_3_RF00059_3_NC_000913.3_2185135-2185632_ext_180-380_int_115_off_0_percentage_98_position_21-115 riboswitch,2360,3,2360_3
query_2361,1,riboswitch,1,riboswitch,0.9997908473014832,2361_3_RF00059_3_NC_000913.3_2185135-2185632_ext_180-380_int_115_off_5_percentage_100_position_16-112 riboswitch,2361,3,2361_3
query_2362,1,riboswitch,1,riboswitch,0.9997109770774841,2362_3_RF00059_3_NC_000913.3_2185135-2185632_ext_180-380_int_115_off_10_percentage_100_position_11-107 riboswitch,2362,3,2362_3
query_2363,1,riboswitch,1,riboswitch,0.9998070597648621,2363_3_RF00059_3_NC_000913.3_2185135-2185632_ext_180-380_int_115_off_15_percentage_100_position_6-102 riboswitch,2363,3,2363_3
query_2364,1,riboswitch,1,riboswitch,0.9998308420181274,2364_3_RF00059_3_NC_000913.3_2185135-2185632_ext_180-380_int_115_off_20_percentage_100_position_1-97 riboswitch,2364,3,2364_3
query_2365,1,riboswitch,1,riboswitch,0.9993425011634827,2365_3_RF00059_3_NC_000913.3_2185135-2185632_ext_180-380_int_115_off_25_percentage_95_position_1-92 riboswitch,2365,3,2365_3
query_2366,1,riboswitch,1,riboswitch,0.9989575147628784,2366_3_RF00059_3_NC_000913.3_2185135-2185632_ext_180-380_int_115_off_30_percentage_90_position_1-87 riboswitch,2366,3,2366_3
query_2367,1,riboswitch,1,riboswitch,0.9989445805549622,2367_3_RF00059_3_NC_000913.3_2185135-2185632_ext_180-380_int_115_off_35_percentage_85_position_1-82 riboswitch,2367,3,2367_3
query_2368,1,riboswitch,1,riboswitch,0.9985432624816895,2368_3_RF00059_3_NC_000913.3_2185135-2185632_ext_180-380_int_115_off_40_percentage_79_position_1-77 riboswitch,2368,3,2368_3
query_2369,0,genomicbackground,1,riboswitch,0.9933384656906128,2369_3_RF00059_3_NC_000913.3_2185135-2185632_ext_180-380_int_115_off_45_percentage_74_position_1-72 genomicbackground,2369,3,2369_3
query_2370,0,genomicbackground,1,riboswitch,0.9909193515777588,2370_3_RF00059_3_NC_000913.3_2185135-2185632_ext_180-380_int_115_off_50_percentage_69_position_1-67 genomicbackground,2370,3,2370_3
query_2371,0,genomicbackground,1,riboswitch,0.9356622695922852,2371_3_RF00059_3_NC_000913.3_2185135-2185632_ext_180-380_int_115_off_55_percentage_64_position_1-62 genomicbackground,2371,3,2371_3
query_2372,0,genomicbackground,1,riboswitch,0.9411061406135559,2372_3_RF00059_3_NC_000913.3_2185135-2185632_ext_180-380_int_115_off_60_percentage_59_position_1-57 genomicbackground,2372,3,2372_3
query_2373,0,genomicbackground,0,genomicbackground,0.11497315764427185,2373_3_RF00059_3_NC_000913.3_2185135-2185632_ext_180-380_int_115_off_65_percentage_54_position_1-52 genomicbackground,2373,3,2373_3
query_2374,0,genomicbackground,1,riboswitch,0.994746208190918,2374_3_RF00059_3_NC_000913.3_2185135-2185632_ext_180-380_int_115_off_70_percentage_48_position_1-47 genomicbackground,2374,3,2374_3
query_2375,0,genomicbackground,1,riboswitch,0.7321565747261047,2375_3_RF00059_3_NC_000913.3_2185135-2185632_ext_180-380_int_115_off_75_percentage_43_position_1-42 genomicbackground,2375,3,2375_3
query_2376,0,genomicbackground,0,genomicbackground,0.1369621753692627,2376_3_RF00059_3_NC_000913.3_2185135-2185632_ext_180-380_int_115_off_80_percentage_38_position_1-37 genomicbackground,2376,3,2376_3
query_2377,0,genomicbackground,1,riboswitch,0.9175693392753601,2377_3_RF00059_3_NC_000913.3_2185135-2185632_ext_180-380_int_115_off_85_percentage_33_position_1-32 genomicbackground,2377,3,2377_3
query_2378,1,riboswitch,1,riboswitch,0.9997416138648987,2378_3_RF00059_3_NC_000913.3_2185135-2185632_ext_180-380_int_120_off_0_percentage_100_position_21-117 riboswitch,2378,3,2378_3
query_2379,1,riboswitch,1,riboswitch,0.9996371269226074,2379_3_RF00059_3_NC_000913.3_2185135-2185632_ext_180-380_int_120_off_5_percentage_100_position_16-112 riboswitch,2379,3,2379_3
query_2380,1,riboswitch,1,riboswitch,0.9997774958610535,2380_3_RF00059_3_NC_000913.3_2185135-2185632_ext_180-380_int_120_off_10_percentage_100_position_11-107 riboswitch,2380,3,2380_3
query_2381,1,riboswitch,1,riboswitch,0.9998169541358948,2381_3_RF00059_3_NC_000913.3_2185135-2185632_ext_180-380_int_120_off_15_percentage_100_position_6-102 riboswitch,2381,3,2381_3
query_2382,1,riboswitch,1,riboswitch,0.9993170499801636,2382_3_RF00059_3_NC_000913.3_2185135-2185632_ext_180-380_int_120_off_20_percentage_100_position_1-97 riboswitch,2382,3,2382_3
query_2383,1,riboswitch,1,riboswitch,0.9993113279342651,2383_3_RF00059_3_NC_000913.3_2185135-2185632_ext_180-380_int_120_off_25_percentage_95_position_1-92 riboswitch,2383,3,2383_3
query_2384,1,riboswitch,1,riboswitch,0.9991281628608704,2384_3_RF00059_3_NC_000913.3_2185135-2185632_ext_180-380_int_120_off_30_percentage_90_position_1-87 riboswitch,2384,3,2384_3
query_2385,1,riboswitch,1,riboswitch,0.9987938404083252,2385_3_RF00059_3_NC_000913.3_2185135-2185632_ext_180-380_int_120_off_35_percentage_85_position_1-82 riboswitch,2385,3,2385_3
query_2386,1,riboswitch,1,riboswitch,0.9985485672950745,2386_3_RF00059_3_NC_000913.3_2185135-2185632_ext_180-380_int_120_off_40_percentage_79_position_1-77 riboswitch,2386,3,2386_3
query_2387,0,genomicbackground,1,riboswitch,0.9948843121528625,2387_3_RF00059_3_NC_000913.3_2185135-2185632_ext_180-380_int_120_off_45_percentage_74_position_1-72 genomicbackground,2387,3,2387_3
query_2388,0,genomicbackground,1,riboswitch,0.9771249890327454,2388_3_RF00059_3_NC_000913.3_2185135-2185632_ext_180-380_int_120_off_50_percentage_69_position_1-67 genomicbackground,2388,3,2388_3
query_2389,0,genomicbackground,1,riboswitch,0.9600898027420044,2389_3_RF00059_3_NC_000913.3_2185135-2185632_ext_180-380_int_120_off_55_percentage_64_position_1-62 genomicbackground,2389,3,2389_3
query_2390,0,genomicbackground,1,riboswitch,0.9958028197288513,2390_3_RF00059_3_NC_000913.3_2185135-2185632_ext_180-380_int_120_off_60_percentage_59_position_1-57 genomicbackground,2390,3,2390_3
query_2391,0,genomicbackground,1,riboswitch,0.9939947724342346,2391_3_RF00059_3_NC_000913.3_2185135-2185632_ext_180-380_int_120_off_65_percentage_54_position_1-52 genomicbackground,2391,3,2391_3
query_2392,0,genomicbackground,0,genomicbackground,0.061845652759075165,2392_3_RF00059_3_NC_000913.3_2185135-2185632_ext_180-380_int_120_off_70_percentage_48_position_1-47 genomicbackground,2392,3,2392_3
query_2393,0,genomicbackground,0,genomicbackground,0.06003880500793457,2393_3_RF00059_3_NC_000913.3_2185135-2185632_ext_180-380_int_120_off_75_percentage_43_position_1-42 genomicbackground,2393,3,2393_3
query_2394,0,genomicbackground,0,genomicbackground,0.0608576238155365,2394_3_RF00059_3_NC_000913.3_2185135-2185632_ext_180-380_int_120_off_80_percentage_38_position_1-37 genomicbackground,2394,3,2394_3
query_2395,1,riboswitch,1,riboswitch,0.9996362924575806,2395_3_RF00059_3_NC_000913.3_2185135-2185632_ext_180-380_int_125_off_0_percentage_100_position_21-117 riboswitch,2395,3,2395_3
query_2396,1,riboswitch,1,riboswitch,0.9997209906578064,2396_3_RF00059_3_NC_000913.3_2185135-2185632_ext_180-380_int_125_off_5_percentage_100_position_16-112 riboswitch,2396,3,2396_3
query_2397,1,riboswitch,1,riboswitch,0.9997994303703308,2397_3_RF00059_3_NC_000913.3_2185135-2185632_ext_180-380_int_125_off_10_percentage_100_position_11-107 riboswitch,2397,3,2397_3
query_2398,1,riboswitch,1,riboswitch,0.9992595314979553,2398_3_RF00059_3_NC_000913.3_2185135-2185632_ext_180-380_int_125_off_15_percentage_100_position_6-102 riboswitch,2398,3,2398_3
query_2399,1,riboswitch,1,riboswitch,0.9991474151611328,2399_3_RF00059_3_NC_000913.3_2185135-2185632_ext_180-380_int_125_off_20_percentage_100_position_1-97 riboswitch,2399,3,2399_3
query_2400,1,riboswitch,1,riboswitch,0.9993818998336792,2400_3_RF00059_3_NC_000913.3_2185135-2185632_ext_180-380_int_125_off_25_percentage_95_position_1-92 riboswitch,2400,3,2400_3
query_2401,1,riboswitch,1,riboswitch,0.9988640546798706,2401_3_RF00059_3_NC_000913.3_2185135-2185632_ext_180-380_int_125_off_30_percentage_90_position_1-87 riboswitch,2401,3,2401_3
query_2402,1,riboswitch,1,riboswitch,0.9994134902954102,2402_3_RF00059_3_NC_000913.3_2185135-2185632_ext_180-380_int_125_off_35_percentage_85_position_1-82 riboswitch,2402,3,2402_3
query_2403,1,riboswitch,1,riboswitch,0.9985113739967346,2403_3_RF00059_3_NC_000913.3_2185135-2185632_ext_180-380_int_125_off_40_percentage_79_position_1-77 riboswitch,2403,3,2403_3
query_2404,0,genomicbackground,1,riboswitch,0.9828327298164368,2404_3_RF00059_3_NC_000913.3_2185135-2185632_ext_180-380_int_125_off_45_percentage_74_position_1-72 genomicbackground,2404,3,2404_3
query_2405,0,genomicbackground,1,riboswitch,0.9970959424972534,2405_3_RF00059_3_NC_000913.3_2185135-2185632_ext_180-380_int_125_off_50_percentage_69_position_1-67 genomicbackground,2405,3,2405_3
query_2406,0,genomicbackground,1,riboswitch,0.9956282377243042,2406_3_RF00059_3_NC_000913.3_2185135-2185632_ext_180-380_int_125_off_55_percentage_64_position_1-62 genomicbackground,2406,3,2406_3
query_2407,0,genomicbackground,1,riboswitch,0.99436354637146,2407_3_RF00059_3_NC_000913.3_2185135-2185632_ext_180-380_int_125_off_60_percentage_59_position_1-57 genomicbackground,2407,3,2407_3
query_2408,0,genomicbackground,0,genomicbackground,0.014946073293685913,2408_3_RF00059_3_NC_000913.3_2185135-2185632_ext_180-380_int_125_off_65_percentage_54_position_1-52 genomicbackground,2408,3,2408_3
query_2409,0,genomicbackground,0,genomicbackground,0.30219516158103943,2409_3_RF00059_3_NC_000913.3_2185135-2185632_ext_180-380_int_125_off_70_percentage_48_position_1-47 genomicbackground,2409,3,2409_3
query_2410,0,genomicbackground,0,genomicbackground,0.04640328884124756,2410_3_RF00059_3_NC_000913.3_2185135-2185632_ext_180-380_int_125_off_75_percentage_43_position_1-42 genomicbackground,2410,3,2410_3
query_2411,1,riboswitch,1,riboswitch,0.9996684789657593,2411_3_RF00059_3_NC_000913.3_2185135-2185632_ext_180-380_int_130_off_0_percentage_100_position_21-117 riboswitch,2411,3,2411_3
query_2412,1,riboswitch,1,riboswitch,0.9997566342353821,2412_3_RF00059_3_NC_000913.3_2185135-2185632_ext_180-380_int_130_off_5_percentage_100_position_16-112 riboswitch,2412,3,2412_3
query_2413,1,riboswitch,1,riboswitch,0.9992263317108154,2413_3_RF00059_3_NC_000913.3_2185135-2185632_ext_180-380_int_130_off_10_percentage_100_position_11-107 riboswitch,2413,3,2413_3
query_2414,1,riboswitch,1,riboswitch,0.9991152882575989,2414_3_RF00059_3_NC_000913.3_2185135-2185632_ext_180-380_int_130_off_15_percentage_100_position_6-102 riboswitch,2414,3,2414_3
query_2415,1,riboswitch,1,riboswitch,0.9992573857307434,2415_3_RF00059_3_NC_000913.3_2185135-2185632_ext_180-380_int_130_off_20_percentage_100_position_1-97 riboswitch,2415,3,2415_3
query_2416,1,riboswitch,1,riboswitch,0.9992431402206421,2416_3_RF00059_3_NC_000913.3_2185135-2185632_ext_180-380_int_130_off_25_percentage_95_position_1-92 riboswitch,2416,3,2416_3
query_2417,1,riboswitch,1,riboswitch,0.9982841610908508,2417_3_RF00059_3_NC_000913.3_2185135-2185632_ext_180-380_int_130_off_30_percentage_90_position_1-87 riboswitch,2417,3,2417_3
query_2418,1,riboswitch,1,riboswitch,0.999404788017273,2418_3_RF00059_3_NC_000913.3_2185135-2185632_ext_180-380_int_130_off_35_percentage_85_position_1-82 riboswitch,2418,3,2418_3
query_2419,1,riboswitch,1,riboswitch,0.9809898138046265,2419_3_RF00059_3_NC_000913.3_2185135-2185632_ext_180-380_int_130_off_40_percentage_79_position_1-77 riboswitch,2419,3,2419_3
query_2420,0,genomicbackground,1,riboswitch,0.997796893119812,2420_3_RF00059_3_NC_000913.3_2185135-2185632_ext_180-380_int_130_off_45_percentage_74_position_1-72 genomicbackground,2420,3,2420_3
query_2421,0,genomicbackground,1,riboswitch,0.9681642651557922,2421_3_RF00059_3_NC_000913.3_2185135-2185632_ext_180-380_int_130_off_50_percentage_69_position_1-67 genomicbackground,2421,3,2421_3
query_2422,0,genomicbackground,1,riboswitch,0.9802932143211365,2422_3_RF00059_3_NC_000913.3_2185135-2185632_ext_180-380_int_130_off_55_percentage_64_position_1-62 genomicbackground,2422,3,2422_3
query_2423,0,genomicbackground,0,genomicbackground,0.31137973070144653,2423_3_RF00059_3_NC_000913.3_2185135-2185632_ext_180-380_int_130_off_60_percentage_59_position_1-57 genomicbackground,2423,3,2423_3
query_2424,0,genomicbackground,0,genomicbackground,0.0033706864342093468,2424_3_RF00059_3_NC_000913.3_2185135-2185632_ext_180-380_int_130_off_65_percentage_54_position_1-52 genomicbackground,2424,3,2424_3
query_2425,0,genomicbackground,0,genomicbackground,0.17792923748493195,2425_3_RF00059_3_NC_000913.3_2185135-2185632_ext_180-380_int_130_off_70_percentage_48_position_1-47 genomicbackground,2425,3,2425_3
query_2426,1,riboswitch,1,riboswitch,0.9997561573982239,2426_3_RF00059_3_NC_000913.3_2185135-2185632_ext_180-380_int_135_off_0_percentage_100_position_21-117 riboswitch,2426,3,2426_3
query_2427,1,riboswitch,1,riboswitch,0.9991642236709595,2427_3_RF00059_3_NC_000913.3_2185135-2185632_ext_180-380_int_135_off_5_percentage_100_position_16-112 riboswitch,2427,3,2427_3
query_2428,1,riboswitch,1,riboswitch,0.9991607666015625,2428_3_RF00059_3_NC_000913.3_2185135-2185632_ext_180-380_int_135_off_10_percentage_100_position_11-107 riboswitch,2428,3,2428_3
query_2429,1,riboswitch,1,riboswitch,0.9993606209754944,2429_3_RF00059_3_NC_000913.3_2185135-2185632_ext_180-380_int_135_off_15_percentage_100_position_6-102 riboswitch,2429,3,2429_3
query_2430,1,riboswitch,1,riboswitch,0.9990618824958801,2430_3_RF00059_3_NC_000913.3_2185135-2185632_ext_180-380_int_135_off_20_percentage_100_position_1-97 riboswitch,2430,3,2430_3
query_2431,1,riboswitch,1,riboswitch,0.9969947338104248,2431_3_RF00059_3_NC_000913.3_2185135-2185632_ext_180-380_int_135_off_25_percentage_95_position_1-92 riboswitch,2431,3,2431_3
query_2432,1,riboswitch,1,riboswitch,0.9997063279151917,2432_3_RF00059_3_NC_000913.3_2185135-2185632_ext_180-380_int_135_off_30_percentage_90_position_1-87 riboswitch,2432,3,2432_3
query_2433,1,riboswitch,1,riboswitch,0.9993925094604492,2433_3_RF00059_3_NC_000913.3_2185135-2185632_ext_180-380_int_135_off_35_percentage_85_position_1-82 riboswitch,2433,3,2433_3
query_2434,1,riboswitch,1,riboswitch,0.9985150694847107,2434_3_RF00059_3_NC_000913.3_2185135-2185632_ext_180-380_int_135_off_40_percentage_79_position_1-77 riboswitch,2434,3,2434_3
query_2435,0,genomicbackground,1,riboswitch,0.9800211787223816,2435_3_RF00059_3_NC_000913.3_2185135-2185632_ext_180-380_int_135_off_45_percentage_74_position_1-72 genomicbackground,2435,3,2435_3
query_2436,0,genomicbackground,1,riboswitch,0.9409509897232056,2436_3_RF00059_3_NC_000913.3_2185135-2185632_ext_180-380_int_135_off_50_percentage_69_position_1-67 genomicbackground,2436,3,2436_3
query_2437,0,genomicbackground,1,riboswitch,0.5612086057662964,2437_3_RF00059_3_NC_000913.3_2185135-2185632_ext_180-380_int_135_off_55_percentage_64_position_1-62 genomicbackground,2437,3,2437_3
query_2438,0,genomicbackground,0,genomicbackground,0.02291054278612137,2438_3_RF00059_3_NC_000913.3_2185135-2185632_ext_180-380_int_135_off_60_percentage_59_position_1-57 genomicbackground,2438,3,2438_3
query_2439,0,genomicbackground,0,genomicbackground,0.13161124289035797,2439_3_RF00059_3_NC_000913.3_2185135-2185632_ext_180-380_int_135_off_65_percentage_54_position_1-52 genomicbackground,2439,3,2439_3
query_2440,1,riboswitch,1,riboswitch,0.9988431930541992,2440_3_RF00059_3_NC_000913.3_2185135-2185632_ext_180-380_int_140_off_0_percentage_100_position_21-117 riboswitch,2440,3,2440_3
query_2441,1,riboswitch,1,riboswitch,0.9990768432617188,2441_3_RF00059_3_NC_000913.3_2185135-2185632_ext_180-380_int_140_off_5_percentage_100_position_16-112 riboswitch,2441,3,2441_3
query_2442,1,riboswitch,1,riboswitch,0.9992004036903381,2442_3_RF00059_3_NC_000913.3_2185135-2185632_ext_180-380_int_140_off_10_percentage_100_position_11-107 riboswitch,2442,3,2442_3
query_2443,1,riboswitch,1,riboswitch,0.9992892742156982,2443_3_RF00059_3_NC_000913.3_2185135-2185632_ext_180-380_int_140_off_15_percentage_100_position_6-102 riboswitch,2443,3,2443_3
query_2444,1,riboswitch,1,riboswitch,0.9979775547981262,2444_3_RF00059_3_NC_000913.3_2185135-2185632_ext_180-380_int_140_off_20_percentage_100_position_1-97 riboswitch,2444,3,2444_3
query_2445,1,riboswitch,1,riboswitch,0.9729862809181213,2445_3_RF00059_3_NC_000913.3_2185135-2185632_ext_180-380_int_140_off_25_percentage_95_position_1-92 riboswitch,2445,3,2445_3
query_2446,1,riboswitch,1,riboswitch,0.9971209168434143,2446_3_RF00059_3_NC_000913.3_2185135-2185632_ext_180-380_int_140_off_30_percentage_90_position_1-87 riboswitch,2446,3,2446_3
query_2447,1,riboswitch,1,riboswitch,0.9994158744812012,2447_3_RF00059_3_NC_000913.3_2185135-2185632_ext_180-380_int_140_off_35_percentage_85_position_1-82 riboswitch,2447,3,2447_3
query_2448,1,riboswitch,1,riboswitch,0.9785060286521912,2448_3_RF00059_3_NC_000913.3_2185135-2185632_ext_180-380_int_140_off_40_percentage_79_position_1-77 riboswitch,2448,3,2448_3
query_2449,0,genomicbackground,1,riboswitch,0.9679965972900391,2449_3_RF00059_3_NC_000913.3_2185135-2185632_ext_180-380_int_140_off_45_percentage_74_position_1-72 genomicbackground,2449,3,2449_3
query_2450,0,genomicbackground,1,riboswitch,0.9950394034385681,2450_3_RF00059_3_NC_000913.3_2185135-2185632_ext_180-380_int_140_off_50_percentage_69_position_1-67 genomicbackground,2450,3,2450_3
query_2451,0,genomicbackground,0,genomicbackground,0.0712401419878006,2451_3_RF00059_3_NC_000913.3_2185135-2185632_ext_180-380_int_140_off_55_percentage_64_position_1-62 genomicbackground,2451,3,2451_3
query_2452,0,genomicbackground,0,genomicbackground,0.421714723110199,2452_3_RF00059_3_NC_000913.3_2185135-2185632_ext_180-380_int_140_off_60_percentage_59_position_1-57 genomicbackground,2452,3,2452_3
query_2453,1,riboswitch,1,riboswitch,0.9987478256225586,2453_3_RF00059_3_NC_000913.3_2185135-2185632_ext_180-380_int_145_off_0_percentage_100_position_21-117 riboswitch,2453,3,2453_3
query_2454,1,riboswitch,1,riboswitch,0.9991419315338135,2454_3_RF00059_3_NC_000913.3_2185135-2185632_ext_180-380_int_145_off_5_percentage_100_position_16-112 riboswitch,2454,3,2454_3
query_2455,1,riboswitch,1,riboswitch,0.9990548491477966,2455_3_RF00059_3_NC_000913.3_2185135-2185632_ext_180-380_int_145_off_10_percentage_100_position_11-107 riboswitch,2455,3,2455_3
query_2456,1,riboswitch,1,riboswitch,0.9970596432685852,2456_3_RF00059_3_NC_000913.3_2185135-2185632_ext_180-380_int_145_off_15_percentage_100_position_6-102 riboswitch,2456,3,2456_3
query_2457,1,riboswitch,1,riboswitch,0.9974603056907654,2457_3_RF00059_3_NC_000913.3_2185135-2185632_ext_180-380_int_145_off_20_percentage_100_position_1-97 riboswitch,2457,3,2457_3
query_2458,1,riboswitch,1,riboswitch,0.990435004234314,2458_3_RF00059_3_NC_000913.3_2185135-2185632_ext_180-380_int_145_off_25_percentage_95_position_1-92 riboswitch,2458,3,2458_3
query_2459,1,riboswitch,1,riboswitch,0.9980613589286804,2459_3_RF00059_3_NC_000913.3_2185135-2185632_ext_180-380_int_145_off_30_percentage_90_position_1-87 riboswitch,2459,3,2459_3
query_2460,1,riboswitch,1,riboswitch,0.9976516366004944,2460_3_RF00059_3_NC_000913.3_2185135-2185632_ext_180-380_int_145_off_35_percentage_85_position_1-82 riboswitch,2460,3,2460_3
query_2461,1,riboswitch,1,riboswitch,0.9971926808357239,2461_3_RF00059_3_NC_000913.3_2185135-2185632_ext_180-380_int_145_off_40_percentage_79_position_1-77 riboswitch,2461,3,2461_3
query_2462,0,genomicbackground,1,riboswitch,0.9965746402740479,2462_3_RF00059_3_NC_000913.3_2185135-2185632_ext_180-380_int_145_off_45_percentage_74_position_1-72 genomicbackground,2462,3,2462_3
query_2463,0,genomicbackground,1,riboswitch,0.9919677376747131,2463_3_RF00059_3_NC_000913.3_2185135-2185632_ext_180-380_int_145_off_50_percentage_69_position_1-67 genomicbackground,2463,3,2463_3
query_2464,0,genomicbackground,0,genomicbackground,0.4647723138332367,2464_3_RF00059_3_NC_000913.3_2185135-2185632_ext_180-380_int_145_off_55_percentage_64_position_1-62 genomicbackground,2464,3,2464_3
query_2465,1,riboswitch,1,riboswitch,0.998969316482544,2465_3_RF00059_3_NC_000913.3_2185135-2185632_ext_180-380_int_150_off_0_percentage_100_position_21-117 riboswitch,2465,3,2465_3
query_2466,1,riboswitch,1,riboswitch,0.9989253878593445,2466_3_RF00059_3_NC_000913.3_2185135-2185632_ext_180-380_int_150_off_5_percentage_100_position_16-112 riboswitch,2466,3,2466_3
query_2467,1,riboswitch,1,riboswitch,0.994234025478363,2467_3_RF00059_3_NC_000913.3_2185135-2185632_ext_180-380_int_150_off_10_percentage_100_position_11-107 riboswitch,2467,3,2467_3
query_2468,1,riboswitch,1,riboswitch,0.995875895023346,2468_3_RF00059_3_NC_000913.3_2185135-2185632_ext_180-380_int_150_off_15_percentage_100_position_6-102 riboswitch,2468,3,2468_3
query_2469,1,riboswitch,1,riboswitch,0.9978519678115845,2469_3_RF00059_3_NC_000913.3_2185135-2185632_ext_180-380_int_150_off_20_percentage_100_position_1-97 riboswitch,2469,3,2469_3
query_2470,1,riboswitch,1,riboswitch,0.9933694005012512,2470_3_RF00059_3_NC_000913.3_2185135-2185632_ext_180-380_int_150_off_25_percentage_95_position_1-92 riboswitch,2470,3,2470_3
query_2471,1,riboswitch,1,riboswitch,0.9847224354743958,2471_3_RF00059_3_NC_000913.3_2185135-2185632_ext_180-380_int_150_off_30_percentage_90_position_1-87 riboswitch,2471,3,2471_3
query_2472,1,riboswitch,1,riboswitch,0.9361910820007324,2472_3_RF00059_3_NC_000913.3_2185135-2185632_ext_180-380_int_150_off_35_percentage_85_position_1-82 riboswitch,2472,3,2472_3
query_2473,1,riboswitch,1,riboswitch,0.8292188048362732,2473_3_RF00059_3_NC_000913.3_2185135-2185632_ext_180-380_int_150_off_40_percentage_79_position_1-77 riboswitch,2473,3,2473_3
query_2474,0,genomicbackground,1,riboswitch,0.9851915836334229,2474_3_RF00059_3_NC_000913.3_2185135-2185632_ext_180-380_int_150_off_45_percentage_74_position_1-72 genomicbackground,2474,3,2474_3
query_2475,0,genomicbackground,1,riboswitch,0.7687363624572754,2475_3_RF00059_3_NC_000913.3_2185135-2185632_ext_180-380_int_150_off_50_percentage_69_position_1-67 genomicbackground,2475,3,2475_3
query_2476,1,riboswitch,1,riboswitch,0.9986109733581543,2476_3_RF00059_3_NC_000913.3_2185135-2185632_ext_180-380_int_155_off_0_percentage_100_position_21-117 riboswitch,2476,3,2476_3
query_2477,1,riboswitch,1,riboswitch,0.9939892292022705,2477_3_RF00059_3_NC_000913.3_2185135-2185632_ext_180-380_int_155_off_5_percentage_100_position_16-112 riboswitch,2477,3,2477_3
query_2478,1,riboswitch,1,riboswitch,0.9888508915901184,2478_3_RF00059_3_NC_000913.3_2185135-2185632_ext_180-380_int_155_off_10_percentage_100_position_11-107 riboswitch,2478,3,2478_3
query_2479,1,riboswitch,1,riboswitch,0.9967279434204102,2479_3_RF00059_3_NC_000913.3_2185135-2185632_ext_180-380_int_155_off_15_percentage_100_position_6-102 riboswitch,2479,3,2479_3
query_2480,1,riboswitch,1,riboswitch,0.9982759952545166,2480_3_RF00059_3_NC_000913.3_2185135-2185632_ext_180-380_int_155_off_20_percentage_100_position_1-97 riboswitch,2480,3,2480_3
query_2481,1,riboswitch,1,riboswitch,0.9953911304473877,2481_3_RF00059_3_NC_000913.3_2185135-2185632_ext_180-380_int_155_off_25_percentage_95_position_1-92 riboswitch,2481,3,2481_3
query_2482,1,riboswitch,1,riboswitch,0.9972723126411438,2482_3_RF00059_3_NC_000913.3_2185135-2185632_ext_180-380_int_155_off_30_percentage_90_position_1-87 riboswitch,2482,3,2482_3
query_2483,1,riboswitch,1,riboswitch,0.997229278087616,2483_3_RF00059_3_NC_000913.3_2185135-2185632_ext_180-380_int_155_off_35_percentage_85_position_1-82 riboswitch,2483,3,2483_3
query_2484,1,riboswitch,0,genomicbackground,0.27710846066474915,2484_3_RF00059_3_NC_000913.3_2185135-2185632_ext_180-380_int_155_off_40_percentage_79_position_1-77 riboswitch,2484,3,2484_3
query_2485,0,genomicbackground,1,riboswitch,0.9964279532432556,2485_3_RF00059_3_NC_000913.3_2185135-2185632_ext_180-380_int_155_off_45_percentage_74_position_1-72 genomicbackground,2485,3,2485_3
query_2486,1,riboswitch,1,riboswitch,0.991744339466095,2486_3_RF00059_3_NC_000913.3_2185135-2185632_ext_180-380_int_160_off_0_percentage_100_position_21-117 riboswitch,2486,3,2486_3
query_2487,1,riboswitch,1,riboswitch,0.9929277300834656,2487_3_RF00059_3_NC_000913.3_2185135-2185632_ext_180-380_int_160_off_5_percentage_100_position_16-112 riboswitch,2487,3,2487_3
query_2488,1,riboswitch,1,riboswitch,0.9919624924659729,2488_3_RF00059_3_NC_000913.3_2185135-2185632_ext_180-380_int_160_off_10_percentage_100_position_11-107 riboswitch,2488,3,2488_3
query_2489,1,riboswitch,1,riboswitch,0.9974958896636963,2489_3_RF00059_3_NC_000913.3_2185135-2185632_ext_180-380_int_160_off_15_percentage_100_position_6-102 riboswitch,2489,3,2489_3
query_2490,1,riboswitch,1,riboswitch,0.9980345368385315,2490_3_RF00059_3_NC_000913.3_2185135-2185632_ext_180-380_int_160_off_20_percentage_100_position_1-97 riboswitch,2490,3,2490_3
query_2491,1,riboswitch,1,riboswitch,0.9953417778015137,2491_3_RF00059_3_NC_000913.3_2185135-2185632_ext_180-380_int_160_off_25_percentage_95_position_1-92 riboswitch,2491,3,2491_3
query_2492,1,riboswitch,1,riboswitch,0.9893639087677002,2492_3_RF00059_3_NC_000913.3_2185135-2185632_ext_180-380_int_160_off_30_percentage_90_position_1-87 riboswitch,2492,3,2492_3
query_2493,1,riboswitch,1,riboswitch,0.9982085227966309,2493_3_RF00059_3_NC_000913.3_2185135-2185632_ext_180-380_int_160_off_35_percentage_85_position_1-82 riboswitch,2493,3,2493_3
query_2494,1,riboswitch,0,genomicbackground,0.2326972633600235,2494_3_RF00059_3_NC_000913.3_2185135-2185632_ext_180-380_int_160_off_40_percentage_79_position_1-77 riboswitch,2494,3,2494_3
query_2495,1,riboswitch,1,riboswitch,0.9832111597061157,2495_3_RF00059_3_NC_000913.3_2185135-2185632_ext_180-380_int_165_off_0_percentage_100_position_21-117 riboswitch,2495,3,2495_3
query_2496,1,riboswitch,1,riboswitch,0.9842788577079773,2496_3_RF00059_3_NC_000913.3_2185135-2185632_ext_180-380_int_165_off_5_percentage_100_position_16-112 riboswitch,2496,3,2496_3
query_2497,1,riboswitch,1,riboswitch,0.994850218296051,2497_3_RF00059_3_NC_000913.3_2185135-2185632_ext_180-380_int_165_off_10_percentage_100_position_11-107 riboswitch,2497,3,2497_3
query_2498,1,riboswitch,1,riboswitch,0.9970792531967163,2498_3_RF00059_3_NC_000913.3_2185135-2185632_ext_180-380_int_165_off_15_percentage_100_position_6-102 riboswitch,2498,3,2498_3
query_2499,1,riboswitch,1,riboswitch,0.9975191354751587,2499_3_RF00059_3_NC_000913.3_2185135-2185632_ext_180-380_int_165_off_20_percentage_100_position_1-97 riboswitch,2499,3,2499_3
query_2500,1,riboswitch,1,riboswitch,0.9912592768669128,2500_3_RF00059_3_NC_000913.3_2185135-2185632_ext_180-380_int_165_off_25_percentage_95_position_1-92 riboswitch,2500,3,2500_3
query_2501,1,riboswitch,1,riboswitch,0.8247266411781311,2501_3_RF00059_3_NC_000913.3_2185135-2185632_ext_180-380_int_165_off_30_percentage_90_position_1-87 riboswitch,2501,3,2501_3
query_2502,1,riboswitch,1,riboswitch,0.9980875253677368,2502_3_RF00059_3_NC_000913.3_2185135-2185632_ext_180-380_int_165_off_35_percentage_85_position_1-82 riboswitch,2502,3,2502_3
query_2503,1,riboswitch,1,riboswitch,0.9857770800590515,2503_3_RF00059_3_NC_000913.3_2185135-2185632_ext_180-380_int_170_off_0_percentage_100_position_21-117 riboswitch,2503,3,2503_3
query_2504,1,riboswitch,1,riboswitch,0.9961697459220886,2504_3_RF00059_3_NC_000913.3_2185135-2185632_ext_180-380_int_170_off_5_percentage_100_position_16-112 riboswitch,2504,3,2504_3
query_2505,1,riboswitch,1,riboswitch,0.9936243295669556,2505_3_RF00059_3_NC_000913.3_2185135-2185632_ext_180-380_int_170_off_10_percentage_100_position_11-107 riboswitch,2505,3,2505_3
query_2506,1,riboswitch,1,riboswitch,0.9957589507102966,2506_3_RF00059_3_NC_000913.3_2185135-2185632_ext_180-380_int_170_off_15_percentage_100_position_6-102 riboswitch,2506,3,2506_3
query_2507,1,riboswitch,1,riboswitch,0.9966865181922913,2507_3_RF00059_3_NC_000913.3_2185135-2185632_ext_180-380_int_170_off_20_percentage_100_position_1-97 riboswitch,2507,3,2507_3
query_2508,1,riboswitch,1,riboswitch,0.5199100971221924,2508_3_RF00059_3_NC_000913.3_2185135-2185632_ext_180-380_int_170_off_25_percentage_95_position_1-92 riboswitch,2508,3,2508_3
query_2509,1,riboswitch,1,riboswitch,0.996691107749939,2509_3_RF00059_3_NC_000913.3_2185135-2185632_ext_180-380_int_170_off_30_percentage_90_position_1-87 riboswitch,2509,3,2509_3
query_2510,1,riboswitch,1,riboswitch,0.9917383790016174,2510_3_RF00059_3_NC_000913.3_2185135-2185632_ext_180-380_int_175_off_0_percentage_100_position_21-117 riboswitch,2510,3,2510_3
query_2511,1,riboswitch,1,riboswitch,0.9955418705940247,2511_3_RF00059_3_NC_000913.3_2185135-2185632_ext_180-380_int_175_off_5_percentage_100_position_16-112 riboswitch,2511,3,2511_3
query_2512,1,riboswitch,1,riboswitch,0.9866541028022766,2512_3_RF00059_3_NC_000913.3_2185135-2185632_ext_180-380_int_175_off_10_percentage_100_position_11-107 riboswitch,2512,3,2512_3
query_2513,1,riboswitch,1,riboswitch,0.9937718510627747,2513_3_RF00059_3_NC_000913.3_2185135-2185632_ext_180-380_int_175_off_15_percentage_100_position_6-102 riboswitch,2513,3,2513_3
query_2514,1,riboswitch,1,riboswitch,0.9980652928352356,2514_3_RF00059_3_NC_000913.3_2185135-2185632_ext_180-380_int_175_off_20_percentage_100_position_1-97 riboswitch,2514,3,2514_3
query_2515,1,riboswitch,0,genomicbackground,0.3604009747505188,2515_3_RF00059_3_NC_000913.3_2185135-2185632_ext_180-380_int_175_off_25_percentage_95_position_1-92 riboswitch,2515,3,2515_3
query_2516,1,riboswitch,1,riboswitch,0.9885979890823364,2516_3_RF00059_3_NC_000913.3_2185135-2185632_ext_180-380_int_180_off_0_percentage_100_position_21-117 riboswitch,2516,3,2516_3
query_2517,1,riboswitch,1,riboswitch,0.9928747415542603,2517_3_RF00059_3_NC_000913.3_2185135-2185632_ext_180-380_int_180_off_5_percentage_100_position_16-112 riboswitch,2517,3,2517_3
query_2518,1,riboswitch,1,riboswitch,0.9760989546775818,2518_3_RF00059_3_NC_000913.3_2185135-2185632_ext_180-380_int_180_off_10_percentage_100_position_11-107 riboswitch,2518,3,2518_3
query_2519,1,riboswitch,1,riboswitch,0.9950034022331238,2519_3_RF00059_3_NC_000913.3_2185135-2185632_ext_180-380_int_180_off_15_percentage_100_position_6-102 riboswitch,2519,3,2519_3
query_2520,1,riboswitch,1,riboswitch,0.997944176197052,2520_3_RF00059_3_NC_000913.3_2185135-2185632_ext_180-380_int_180_off_20_percentage_100_position_1-97 riboswitch,2520,3,2520_3
query_2521,1,riboswitch,1,riboswitch,0.9741770029067993,2521_3_RF00059_3_NC_000913.3_2185135-2185632_ext_180-380_int_185_off_0_percentage_100_position_21-117 riboswitch,2521,3,2521_3
query_2522,1,riboswitch,1,riboswitch,0.9888778328895569,2522_3_RF00059_3_NC_000913.3_2185135-2185632_ext_180-380_int_185_off_5_percentage_100_position_16-112 riboswitch,2522,3,2522_3
query_2523,1,riboswitch,1,riboswitch,0.9878461956977844,2523_3_RF00059_3_NC_000913.3_2185135-2185632_ext_180-380_int_185_off_10_percentage_100_position_11-107 riboswitch,2523,3,2523_3
query_2524,1,riboswitch,1,riboswitch,0.9952999353408813,2524_3_RF00059_3_NC_000913.3_2185135-2185632_ext_180-380_int_185_off_15_percentage_100_position_6-102 riboswitch,2524,3,2524_3
query_2525,1,riboswitch,1,riboswitch,0.9548085331916809,2525_3_RF00059_3_NC_000913.3_2185135-2185632_ext_180-380_int_190_off_0_percentage_100_position_21-117 riboswitch,2525,3,2525_3
query_2526,1,riboswitch,1,riboswitch,0.9714794158935547,2526_3_RF00059_3_NC_000913.3_2185135-2185632_ext_180-380_int_190_off_5_percentage_100_position_16-112 riboswitch,2526,3,2526_3
query_2527,1,riboswitch,1,riboswitch,0.989366352558136,2527_3_RF00059_3_NC_000913.3_2185135-2185632_ext_180-380_int_190_off_10_percentage_100_position_11-107 riboswitch,2527,3,2527_3
query_2528,1,riboswitch,1,riboswitch,0.983073890209198,2528_3_RF00059_3_NC_000913.3_2185135-2185632_ext_180-380_int_195_off_0_percentage_100_position_21-117 riboswitch,2528,3,2528_3
query_2529,1,riboswitch,1,riboswitch,0.9765768647193909,2529_3_RF00059_3_NC_000913.3_2185135-2185632_ext_180-380_int_195_off_5_percentage_100_position_16-112 riboswitch,2529,3,2529_3
query_2530,1,riboswitch,1,riboswitch,0.9775007963180542,2530_3_RF00059_3_NC_000913.3_2185135-2185632_ext_180-380_int_200_off_0_percentage_100_position_21-117 riboswitch,2530,3,2530_3
query_2531,1,riboswitch,1,riboswitch,0.9993062019348145,2531_3_RF00059_3_NC_000913.3_2185135-2185632_ext_200-400_int_95_off_0_percentage_98_position_1-95 riboswitch,2531,3,2531_3
query_2532,1,riboswitch,1,riboswitch,0.999823272228241,2532_3_RF00059_3_NC_000913.3_2185135-2185632_ext_200-400_int_95_off_5_percentage_95_position_1-92 riboswitch,2532,3,2532_3
query_2533,1,riboswitch,1,riboswitch,0.998977541923523,2533_3_RF00059_3_NC_000913.3_2185135-2185632_ext_200-400_int_95_off_10_percentage_90_position_1-87 riboswitch,2533,3,2533_3
query_2534,1,riboswitch,1,riboswitch,0.9997047781944275,2534_3_RF00059_3_NC_000913.3_2185135-2185632_ext_200-400_int_95_off_15_percentage_85_position_1-82 riboswitch,2534,3,2534_3
query_2535,1,riboswitch,1,riboswitch,0.9129024744033813,2535_3_RF00059_3_NC_000913.3_2185135-2185632_ext_200-400_int_95_off_20_percentage_79_position_1-77 riboswitch,2535,3,2535_3
query_2536,0,genomicbackground,1,riboswitch,0.9990026354789734,2536_3_RF00059_3_NC_000913.3_2185135-2185632_ext_200-400_int_95_off_25_percentage_74_position_1-72 genomicbackground,2536,3,2536_3
query_2537,0,genomicbackground,1,riboswitch,0.998683512210846,2537_3_RF00059_3_NC_000913.3_2185135-2185632_ext_200-400_int_95_off_30_percentage_69_position_1-67 genomicbackground,2537,3,2537_3
query_2538,0,genomicbackground,1,riboswitch,0.9983828067779541,2538_3_RF00059_3_NC_000913.3_2185135-2185632_ext_200-400_int_95_off_35_percentage_64_position_1-62 genomicbackground,2538,3,2538_3
query_2539,0,genomicbackground,1,riboswitch,0.9823200106620789,2539_3_RF00059_3_NC_000913.3_2185135-2185632_ext_200-400_int_95_off_40_percentage_59_position_1-57 genomicbackground,2539,3,2539_3
query_2540,0,genomicbackground,1,riboswitch,0.987765908241272,2540_3_RF00059_3_NC_000913.3_2185135-2185632_ext_200-400_int_95_off_45_percentage_54_position_1-52 genomicbackground,2540,3,2540_3
query_2541,0,genomicbackground,1,riboswitch,0.9890157580375671,2541_3_RF00059_3_NC_000913.3_2185135-2185632_ext_200-400_int_95_off_50_percentage_48_position_1-47 genomicbackground,2541,3,2541_3
query_2542,0,genomicbackground,1,riboswitch,0.8431808352470398,2542_3_RF00059_3_NC_000913.3_2185135-2185632_ext_200-400_int_95_off_55_percentage_43_position_1-42 genomicbackground,2542,3,2542_3
query_2543,0,genomicbackground,1,riboswitch,0.7250660061836243,2543_3_RF00059_3_NC_000913.3_2185135-2185632_ext_200-400_int_95_off_60_percentage_38_position_1-37 genomicbackground,2543,3,2543_3
query_2544,0,genomicbackground,1,riboswitch,0.9489628672599792,2544_3_RF00059_3_NC_000913.3_2185135-2185632_ext_200-400_int_95_off_65_percentage_33_position_1-32 genomicbackground,2544,3,2544_3
query_2545,0,genomicbackground,1,riboswitch,0.8735963106155396,2545_3_RF00059_3_NC_000913.3_2185135-2185632_ext_200-400_int_95_off_70_percentage_28_position_1-27 genomicbackground,2545,3,2545_3
query_2546,0,genomicbackground,0,genomicbackground,0.021186474710702896,2546_3_RF00059_3_NC_000913.3_2185135-2185632_ext_200-400_int_95_off_75_percentage_23_position_1-22 genomicbackground,2546,3,2546_3
query_2547,0,genomicbackground,0,genomicbackground,0.0022893925197422504,2547_3_RF00059_3_NC_000913.3_2185135-2185632_ext_200-400_int_95_off_80_percentage_18_position_1-17 genomicbackground,2547,3,2547_3
query_2548,0,genomicbackground,0,genomicbackground,0.0033849310129880905,2548_3_RF00059_3_NC_000913.3_2185135-2185632_ext_200-400_int_95_off_85_percentage_12_position_1-12 genomicbackground,2548,3,2548_3
query_2549,0,genomicbackground,0,genomicbackground,0.002670122077688575,2549_3_RF00059_3_NC_000913.3_2185135-2185632_ext_200-400_int_95_off_90_percentage_7_position_1-7 genomicbackground,2549,3,2549_3
query_2550,0,genomicbackground,0,genomicbackground,0.0033964167814701796,2550_3_RF00059_3_NC_000913.3_2185135-2185632_ext_200-400_int_95_off_95_percentage_2_position_1-2 genomicbackground,2550,3,2550_3
query_2551,0,genomicbackground,0,genomicbackground,0.00673453276976943,2551_3_RF00059_3_NC_000913.3_2185135-2185632_ext_200-400_int_95_off_100_percentage_0_position_0-0 genomicbackground,2551,3,2551_3
query_2552,0,genomicbackground,0,genomicbackground,0.013345112092792988,2552_3_RF00059_3_NC_000913.3_2185135-2185632_ext_200-400_int_95_off_105_percentage_0_position_0-0 genomicbackground,2552,3,2552_3
query_2553,1,riboswitch,1,riboswitch,0.9998260140419006,2553_3_RF00059_3_NC_000913.3_2185135-2185632_ext_200-400_int_100_off_0_percentage_100_position_1-97 riboswitch,2553,3,2553_3
query_2554,1,riboswitch,1,riboswitch,0.9998136162757874,2554_3_RF00059_3_NC_000913.3_2185135-2185632_ext_200-400_int_100_off_5_percentage_95_position_1-92 riboswitch,2554,3,2554_3
query_2555,1,riboswitch,1,riboswitch,0.9842939972877502,2555_3_RF00059_3_NC_000913.3_2185135-2185632_ext_200-400_int_100_off_10_percentage_90_position_1-87 riboswitch,2555,3,2555_3
query_2556,1,riboswitch,1,riboswitch,0.9996906518936157,2556_3_RF00059_3_NC_000913.3_2185135-2185632_ext_200-400_int_100_off_15_percentage_85_position_1-82 riboswitch,2556,3,2556_3
query_2557,1,riboswitch,1,riboswitch,0.9987313151359558,2557_3_RF00059_3_NC_000913.3_2185135-2185632_ext_200-400_int_100_off_20_percentage_79_position_1-77 riboswitch,2557,3,2557_3
query_2558,0,genomicbackground,1,riboswitch,0.9989191293716431,2558_3_RF00059_3_NC_000913.3_2185135-2185632_ext_200-400_int_100_off_25_percentage_74_position_1-72 genomicbackground,2558,3,2558_3
query_2559,0,genomicbackground,1,riboswitch,0.9988681077957153,2559_3_RF00059_3_NC_000913.3_2185135-2185632_ext_200-400_int_100_off_30_percentage_69_position_1-67 genomicbackground,2559,3,2559_3
query_2560,0,genomicbackground,1,riboswitch,0.974696695804596,2560_3_RF00059_3_NC_000913.3_2185135-2185632_ext_200-400_int_100_off_35_percentage_64_position_1-62 genomicbackground,2560,3,2560_3
query_2561,0,genomicbackground,1,riboswitch,0.9677470922470093,2561_3_RF00059_3_NC_000913.3_2185135-2185632_ext_200-400_int_100_off_40_percentage_59_position_1-57 genomicbackground,2561,3,2561_3
query_2562,0,genomicbackground,1,riboswitch,0.9883147478103638,2562_3_RF00059_3_NC_000913.3_2185135-2185632_ext_200-400_int_100_off_45_percentage_54_position_1-52 genomicbackground,2562,3,2562_3
query_2563,0,genomicbackground,1,riboswitch,0.559406042098999,2563_3_RF00059_3_NC_000913.3_2185135-2185632_ext_200-400_int_100_off_50_percentage_48_position_1-47 genomicbackground,2563,3,2563_3
query_2564,0,genomicbackground,1,riboswitch,0.7285006642341614,2564_3_RF00059_3_NC_000913.3_2185135-2185632_ext_200-400_int_100_off_55_percentage_43_position_1-42 genomicbackground,2564,3,2564_3
query_2565,0,genomicbackground,1,riboswitch,0.9334560036659241,2565_3_RF00059_3_NC_000913.3_2185135-2185632_ext_200-400_int_100_off_60_percentage_38_position_1-37 genomicbackground,2565,3,2565_3
query_2566,0,genomicbackground,1,riboswitch,0.933536946773529,2566_3_RF00059_3_NC_000913.3_2185135-2185632_ext_200-400_int_100_off_65_percentage_33_position_1-32 genomicbackground,2566,3,2566_3
query_2567,0,genomicbackground,1,riboswitch,0.7680196762084961,2567_3_RF00059_3_NC_000913.3_2185135-2185632_ext_200-400_int_100_off_70_percentage_28_position_1-27 genomicbackground,2567,3,2567_3
query_2568,0,genomicbackground,0,genomicbackground,0.005643459502607584,2568_3_RF00059_3_NC_000913.3_2185135-2185632_ext_200-400_int_100_off_75_percentage_23_position_1-22 genomicbackground,2568,3,2568_3
query_2569,0,genomicbackground,0,genomicbackground,0.002580308122560382,2569_3_RF00059_3_NC_000913.3_2185135-2185632_ext_200-400_int_100_off_80_percentage_18_position_1-17 genomicbackground,2569,3,2569_3
query_2570,0,genomicbackground,0,genomicbackground,0.0026321876794099808,2570_3_RF00059_3_NC_000913.3_2185135-2185632_ext_200-400_int_100_off_85_percentage_12_position_1-12 genomicbackground,2570,3,2570_3
query_2571,0,genomicbackground,0,genomicbackground,0.0028968413826078176,2571_3_RF00059_3_NC_000913.3_2185135-2185632_ext_200-400_int_100_off_90_percentage_7_position_1-7 genomicbackground,2571,3,2571_3
query_2572,0,genomicbackground,0,genomicbackground,0.004002340603619814,2572_3_RF00059_3_NC_000913.3_2185135-2185632_ext_200-400_int_100_off_95_percentage_2_position_1-2 genomicbackground,2572,3,2572_3
query_2573,0,genomicbackground,0,genomicbackground,0.006414263974875212,2573_3_RF00059_3_NC_000913.3_2185135-2185632_ext_200-400_int_100_off_100_percentage_0_position_0-0 genomicbackground,2573,3,2573_3
query_2574,1,riboswitch,1,riboswitch,0.999816358089447,2574_3_RF00059_3_NC_000913.3_2185135-2185632_ext_200-400_int_105_off_0_percentage_100_position_1-97 riboswitch,2574,3,2574_3
query_2575,1,riboswitch,1,riboswitch,0.9998308420181274,2575_3_RF00059_3_NC_000913.3_2185135-2185632_ext_200-400_int_105_off_5_percentage_95_position_1-92 riboswitch,2575,3,2575_3
query_2576,1,riboswitch,1,riboswitch,0.9861846566200256,2576_3_RF00059_3_NC_000913.3_2185135-2185632_ext_200-400_int_105_off_10_percentage_90_position_1-87 riboswitch,2576,3,2576_3
query_2577,1,riboswitch,1,riboswitch,0.9996304512023926,2577_3_RF00059_3_NC_000913.3_2185135-2185632_ext_200-400_int_105_off_15_percentage_85_position_1-82 riboswitch,2577,3,2577_3
query_2578,1,riboswitch,1,riboswitch,0.9986201524734497,2578_3_RF00059_3_NC_000913.3_2185135-2185632_ext_200-400_int_105_off_20_percentage_79_position_1-77 riboswitch,2578,3,2578_3
query_2579,0,genomicbackground,1,riboswitch,0.9991342425346375,2579_3_RF00059_3_NC_000913.3_2185135-2185632_ext_200-400_int_105_off_25_percentage_74_position_1-72 genomicbackground,2579,3,2579_3
query_2580,0,genomicbackground,1,riboswitch,0.9984676241874695,2580_3_RF00059_3_NC_000913.3_2185135-2185632_ext_200-400_int_105_off_30_percentage_69_position_1-67 genomicbackground,2580,3,2580_3
query_2581,0,genomicbackground,1,riboswitch,0.9534426927566528,2581_3_RF00059_3_NC_000913.3_2185135-2185632_ext_200-400_int_105_off_35_percentage_64_position_1-62 genomicbackground,2581,3,2581_3
query_2582,0,genomicbackground,1,riboswitch,0.9784783124923706,2582_3_RF00059_3_NC_000913.3_2185135-2185632_ext_200-400_int_105_off_40_percentage_59_position_1-57 genomicbackground,2582,3,2582_3
query_2583,0,genomicbackground,0,genomicbackground,0.13837340474128723,2583_3_RF00059_3_NC_000913.3_2185135-2185632_ext_200-400_int_105_off_45_percentage_54_position_1-52 genomicbackground,2583,3,2583_3
query_2584,0,genomicbackground,1,riboswitch,0.8623805046081543,2584_3_RF00059_3_NC_000913.3_2185135-2185632_ext_200-400_int_105_off_50_percentage_48_position_1-47 genomicbackground,2584,3,2584_3
query_2585,0,genomicbackground,1,riboswitch,0.7283042073249817,2585_3_RF00059_3_NC_000913.3_2185135-2185632_ext_200-400_int_105_off_55_percentage_43_position_1-42 genomicbackground,2585,3,2585_3
query_2586,0,genomicbackground,0,genomicbackground,0.30209991335868835,2586_3_RF00059_3_NC_000913.3_2185135-2185632_ext_200-400_int_105_off_60_percentage_38_position_1-37 genomicbackground,2586,3,2586_3
query_2587,0,genomicbackground,1,riboswitch,0.8405778408050537,2587_3_RF00059_3_NC_000913.3_2185135-2185632_ext_200-400_int_105_off_65_percentage_33_position_1-32 genomicbackground,2587,3,2587_3
query_2588,0,genomicbackground,0,genomicbackground,0.460073858499527,2588_3_RF00059_3_NC_000913.3_2185135-2185632_ext_200-400_int_105_off_70_percentage_28_position_1-27 genomicbackground,2588,3,2588_3
query_2589,0,genomicbackground,0,genomicbackground,0.007752027828246355,2589_3_RF00059_3_NC_000913.3_2185135-2185632_ext_200-400_int_105_off_75_percentage_23_position_1-22 genomicbackground,2589,3,2589_3
query_2590,0,genomicbackground,0,genomicbackground,0.0022113744635134935,2590_3_RF00059_3_NC_000913.3_2185135-2185632_ext_200-400_int_105_off_80_percentage_18_position_1-17 genomicbackground,2590,3,2590_3
query_2591,0,genomicbackground,0,genomicbackground,0.002759548369795084,2591_3_RF00059_3_NC_000913.3_2185135-2185632_ext_200-400_int_105_off_85_percentage_12_position_1-12 genomicbackground,2591,3,2591_3
query_2592,0,genomicbackground,0,genomicbackground,0.002210353035479784,2592_3_RF00059_3_NC_000913.3_2185135-2185632_ext_200-400_int_105_off_90_percentage_7_position_1-7 genomicbackground,2592,3,2592_3
query_2593,0,genomicbackground,0,genomicbackground,0.0038618564140051603,2593_3_RF00059_3_NC_000913.3_2185135-2185632_ext_200-400_int_105_off_95_percentage_2_position_1-2 genomicbackground,2593,3,2593_3
query_2594,1,riboswitch,1,riboswitch,0.9998247027397156,2594_3_RF00059_3_NC_000913.3_2185135-2185632_ext_200-400_int_110_off_0_percentage_100_position_1-97 riboswitch,2594,3,2594_3
query_2595,1,riboswitch,1,riboswitch,0.9998395442962646,2595_3_RF00059_3_NC_000913.3_2185135-2185632_ext_200-400_int_110_off_5_percentage_95_position_1-92 riboswitch,2595,3,2595_3
query_2596,1,riboswitch,1,riboswitch,0.9989769458770752,2596_3_RF00059_3_NC_000913.3_2185135-2185632_ext_200-400_int_110_off_10_percentage_90_position_1-87 riboswitch,2596,3,2596_3
query_2597,1,riboswitch,1,riboswitch,0.9996092915534973,2597_3_RF00059_3_NC_000913.3_2185135-2185632_ext_200-400_int_110_off_15_percentage_85_position_1-82 riboswitch,2597,3,2597_3
query_2598,1,riboswitch,1,riboswitch,0.9988983869552612,2598_3_RF00059_3_NC_000913.3_2185135-2185632_ext_200-400_int_110_off_20_percentage_79_position_1-77 riboswitch,2598,3,2598_3
query_2599,0,genomicbackground,1,riboswitch,0.9976231455802917,2599_3_RF00059_3_NC_000913.3_2185135-2185632_ext_200-400_int_110_off_25_percentage_74_position_1-72 genomicbackground,2599,3,2599_3
query_2600,0,genomicbackground,1,riboswitch,0.9816812872886658,2600_3_RF00059_3_NC_000913.3_2185135-2185632_ext_200-400_int_110_off_30_percentage_69_position_1-67 genomicbackground,2600,3,2600_3
query_2601,0,genomicbackground,1,riboswitch,0.9688355326652527,2601_3_RF00059_3_NC_000913.3_2185135-2185632_ext_200-400_int_110_off_35_percentage_64_position_1-62 genomicbackground,2601,3,2601_3
query_2602,0,genomicbackground,1,riboswitch,0.9076646566390991,2602_3_RF00059_3_NC_000913.3_2185135-2185632_ext_200-400_int_110_off_40_percentage_59_position_1-57 genomicbackground,2602,3,2602_3
query_2603,0,genomicbackground,0,genomicbackground,0.4794919192790985,2603_3_RF00059_3_NC_000913.3_2185135-2185632_ext_200-400_int_110_off_45_percentage_54_position_1-52 genomicbackground,2603,3,2603_3
query_2604,0,genomicbackground,1,riboswitch,0.9958001971244812,2604_3_RF00059_3_NC_000913.3_2185135-2185632_ext_200-400_int_110_off_50_percentage_48_position_1-47 genomicbackground,2604,3,2604_3
query_2605,0,genomicbackground,1,riboswitch,0.6838995814323425,2605_3_RF00059_3_NC_000913.3_2185135-2185632_ext_200-400_int_110_off_55_percentage_43_position_1-42 genomicbackground,2605,3,2605_3
query_2606,0,genomicbackground,1,riboswitch,0.8069517612457275,2606_3_RF00059_3_NC_000913.3_2185135-2185632_ext_200-400_int_110_off_60_percentage_38_position_1-37 genomicbackground,2606,3,2606_3
query_2607,0,genomicbackground,1,riboswitch,0.854077935218811,2607_3_RF00059_3_NC_000913.3_2185135-2185632_ext_200-400_int_110_off_65_percentage_33_position_1-32 genomicbackground,2607,3,2607_3
query_2608,0,genomicbackground,1,riboswitch,0.5993582010269165,2608_3_RF00059_3_NC_000913.3_2185135-2185632_ext_200-400_int_110_off_70_percentage_28_position_1-27 genomicbackground,2608,3,2608_3
query_2609,0,genomicbackground,0,genomicbackground,0.38665199279785156,2609_3_RF00059_3_NC_000913.3_2185135-2185632_ext_200-400_int_110_off_75_percentage_23_position_1-22 genomicbackground,2609,3,2609_3
query_2610,0,genomicbackground,0,genomicbackground,0.0022299569100141525,2610_3_RF00059_3_NC_000913.3_2185135-2185632_ext_200-400_int_110_off_80_percentage_18_position_1-17 genomicbackground,2610,3,2610_3
query_2611,0,genomicbackground,0,genomicbackground,0.0021786086726933718,2611_3_RF00059_3_NC_000913.3_2185135-2185632_ext_200-400_int_110_off_85_percentage_12_position_1-12 genomicbackground,2611,3,2611_3
query_2612,0,genomicbackground,0,genomicbackground,0.0018833000212907791,2612_3_RF00059_3_NC_000913.3_2185135-2185632_ext_200-400_int_110_off_90_percentage_7_position_1-7 genomicbackground,2612,3,2612_3
query_2613,1,riboswitch,1,riboswitch,0.9998308420181274,2613_3_RF00059_3_NC_000913.3_2185135-2185632_ext_200-400_int_115_off_0_percentage_100_position_1-97 riboswitch,2613,3,2613_3
query_2614,1,riboswitch,1,riboswitch,0.9993425011634827,2614_3_RF00059_3_NC_000913.3_2185135-2185632_ext_200-400_int_115_off_5_percentage_95_position_1-92 riboswitch,2614,3,2614_3
query_2615,1,riboswitch,1,riboswitch,0.9989575147628784,2615_3_RF00059_3_NC_000913.3_2185135-2185632_ext_200-400_int_115_off_10_percentage_90_position_1-87 riboswitch,2615,3,2615_3
query_2616,1,riboswitch,1,riboswitch,0.9989445805549622,2616_3_RF00059_3_NC_000913.3_2185135-2185632_ext_200-400_int_115_off_15_percentage_85_position_1-82 riboswitch,2616,3,2616_3
query_2617,1,riboswitch,1,riboswitch,0.9985432624816895,2617_3_RF00059_3_NC_000913.3_2185135-2185632_ext_200-400_int_115_off_20_percentage_79_position_1-77 riboswitch,2617,3,2617_3
query_2618,0,genomicbackground,1,riboswitch,0.9933384656906128,2618_3_RF00059_3_NC_000913.3_2185135-2185632_ext_200-400_int_115_off_25_percentage_74_position_1-72 genomicbackground,2618,3,2618_3
query_2619,0,genomicbackground,1,riboswitch,0.9909193515777588,2619_3_RF00059_3_NC_000913.3_2185135-2185632_ext_200-400_int_115_off_30_percentage_69_position_1-67 genomicbackground,2619,3,2619_3
query_2620,0,genomicbackground,1,riboswitch,0.9356622695922852,2620_3_RF00059_3_NC_000913.3_2185135-2185632_ext_200-400_int_115_off_35_percentage_64_position_1-62 genomicbackground,2620,3,2620_3
query_2621,0,genomicbackground,1,riboswitch,0.9411061406135559,2621_3_RF00059_3_NC_000913.3_2185135-2185632_ext_200-400_int_115_off_40_percentage_59_position_1-57 genomicbackground,2621,3,2621_3
query_2622,0,genomicbackground,0,genomicbackground,0.11497315764427185,2622_3_RF00059_3_NC_000913.3_2185135-2185632_ext_200-400_int_115_off_45_percentage_54_position_1-52 genomicbackground,2622,3,2622_3
query_2623,0,genomicbackground,1,riboswitch,0.994746208190918,2623_3_RF00059_3_NC_000913.3_2185135-2185632_ext_200-400_int_115_off_50_percentage_48_position_1-47 genomicbackground,2623,3,2623_3
query_2624,0,genomicbackground,1,riboswitch,0.7321563363075256,2624_3_RF00059_3_NC_000913.3_2185135-2185632_ext_200-400_int_115_off_55_percentage_43_position_1-42 genomicbackground,2624,3,2624_3
query_2625,0,genomicbackground,0,genomicbackground,0.1369621753692627,2625_3_RF00059_3_NC_000913.3_2185135-2185632_ext_200-400_int_115_off_60_percentage_38_position_1-37 genomicbackground,2625,3,2625_3
query_2626,0,genomicbackground,1,riboswitch,0.9175693392753601,2626_3_RF00059_3_NC_000913.3_2185135-2185632_ext_200-400_int_115_off_65_percentage_33_position_1-32 genomicbackground,2626,3,2626_3
query_2627,0,genomicbackground,1,riboswitch,0.7205049991607666,2627_3_RF00059_3_NC_000913.3_2185135-2185632_ext_200-400_int_115_off_70_percentage_28_position_1-27 genomicbackground,2627,3,2627_3
query_2628,0,genomicbackground,0,genomicbackground,0.15026696026325226,2628_3_RF00059_3_NC_000913.3_2185135-2185632_ext_200-400_int_115_off_75_percentage_23_position_1-22 genomicbackground,2628,3,2628_3
query_2629,0,genomicbackground,0,genomicbackground,0.001994868041947484,2629_3_RF00059_3_NC_000913.3_2185135-2185632_ext_200-400_int_115_off_80_percentage_18_position_1-17 genomicbackground,2629,3,2629_3
query_2630,0,genomicbackground,0,genomicbackground,0.0018674085149541497,2630_3_RF00059_3_NC_000913.3_2185135-2185632_ext_200-400_int_115_off_85_percentage_12_position_1-12 genomicbackground,2630,3,2630_3
query_2631,1,riboswitch,1,riboswitch,0.9993170499801636,2631_3_RF00059_3_NC_000913.3_2185135-2185632_ext_200-400_int_120_off_0_percentage_100_position_1-97 riboswitch,2631,3,2631_3
query_2632,1,riboswitch,1,riboswitch,0.9993113279342651,2632_3_RF00059_3_NC_000913.3_2185135-2185632_ext_200-400_int_120_off_5_percentage_95_position_1-92 riboswitch,2632,3,2632_3
query_2633,1,riboswitch,1,riboswitch,0.9991281628608704,2633_3_RF00059_3_NC_000913.3_2185135-2185632_ext_200-400_int_120_off_10_percentage_90_position_1-87 riboswitch,2633,3,2633_3
query_2634,1,riboswitch,1,riboswitch,0.9987938404083252,2634_3_RF00059_3_NC_000913.3_2185135-2185632_ext_200-400_int_120_off_15_percentage_85_position_1-82 riboswitch,2634,3,2634_3
query_2635,1,riboswitch,1,riboswitch,0.9985485672950745,2635_3_RF00059_3_NC_000913.3_2185135-2185632_ext_200-400_int_120_off_20_percentage_79_position_1-77 riboswitch,2635,3,2635_3
query_2636,0,genomicbackground,1,riboswitch,0.9948843121528625,2636_3_RF00059_3_NC_000913.3_2185135-2185632_ext_200-400_int_120_off_25_percentage_74_position_1-72 genomicbackground,2636,3,2636_3
query_2637,0,genomicbackground,1,riboswitch,0.9771249890327454,2637_3_RF00059_3_NC_000913.3_2185135-2185632_ext_200-400_int_120_off_30_percentage_69_position_1-67 genomicbackground,2637,3,2637_3
query_2638,0,genomicbackground,1,riboswitch,0.9600898027420044,2638_3_RF00059_3_NC_000913.3_2185135-2185632_ext_200-400_int_120_off_35_percentage_64_position_1-62 genomicbackground,2638,3,2638_3
query_2639,0,genomicbackground,1,riboswitch,0.9958028197288513,2639_3_RF00059_3_NC_000913.3_2185135-2185632_ext_200-400_int_120_off_40_percentage_59_position_1-57 genomicbackground,2639,3,2639_3
query_2640,0,genomicbackground,1,riboswitch,0.9939947724342346,2640_3_RF00059_3_NC_000913.3_2185135-2185632_ext_200-400_int_120_off_45_percentage_54_position_1-52 genomicbackground,2640,3,2640_3
query_2641,0,genomicbackground,0,genomicbackground,0.061845652759075165,2641_3_RF00059_3_NC_000913.3_2185135-2185632_ext_200-400_int_120_off_50_percentage_48_position_1-47 genomicbackground,2641,3,2641_3
query_2642,0,genomicbackground,0,genomicbackground,0.06003880500793457,2642_3_RF00059_3_NC_000913.3_2185135-2185632_ext_200-400_int_120_off_55_percentage_43_position_1-42 genomicbackground,2642,3,2642_3
query_2643,0,genomicbackground,0,genomicbackground,0.0608576238155365,2643_3_RF00059_3_NC_000913.3_2185135-2185632_ext_200-400_int_120_off_60_percentage_38_position_1-37 genomicbackground,2643,3,2643_3
query_2644,0,genomicbackground,1,riboswitch,0.9000064134597778,2644_3_RF00059_3_NC_000913.3_2185135-2185632_ext_200-400_int_120_off_65_percentage_33_position_1-32 genomicbackground,2644,3,2644_3
query_2645,0,genomicbackground,1,riboswitch,0.6341741681098938,2645_3_RF00059_3_NC_000913.3_2185135-2185632_ext_200-400_int_120_off_70_percentage_28_position_1-27 genomicbackground,2645,3,2645_3
query_2646,0,genomicbackground,0,genomicbackground,0.08746742457151413,2646_3_RF00059_3_NC_000913.3_2185135-2185632_ext_200-400_int_120_off_75_percentage_23_position_1-22 genomicbackground,2646,3,2646_3
query_2647,0,genomicbackground,0,genomicbackground,0.0017864358378574252,2647_3_RF00059_3_NC_000913.3_2185135-2185632_ext_200-400_int_120_off_80_percentage_18_position_1-17 genomicbackground,2647,3,2647_3
query_2648,1,riboswitch,1,riboswitch,0.9991474151611328,2648_3_RF00059_3_NC_000913.3_2185135-2185632_ext_200-400_int_125_off_0_percentage_100_position_1-97 riboswitch,2648,3,2648_3
query_2649,1,riboswitch,1,riboswitch,0.9993818998336792,2649_3_RF00059_3_NC_000913.3_2185135-2185632_ext_200-400_int_125_off_5_percentage_95_position_1-92 riboswitch,2649,3,2649_3
query_2650,1,riboswitch,1,riboswitch,0.9988640546798706,2650_3_RF00059_3_NC_000913.3_2185135-2185632_ext_200-400_int_125_off_10_percentage_90_position_1-87 riboswitch,2650,3,2650_3
query_2651,1,riboswitch,1,riboswitch,0.9994134902954102,2651_3_RF00059_3_NC_000913.3_2185135-2185632_ext_200-400_int_125_off_15_percentage_85_position_1-82 riboswitch,2651,3,2651_3
query_2652,1,riboswitch,1,riboswitch,0.9985113739967346,2652_3_RF00059_3_NC_000913.3_2185135-2185632_ext_200-400_int_125_off_20_percentage_79_position_1-77 riboswitch,2652,3,2652_3
query_2653,0,genomicbackground,1,riboswitch,0.9828327298164368,2653_3_RF00059_3_NC_000913.3_2185135-2185632_ext_200-400_int_125_off_25_percentage_74_position_1-72 genomicbackground,2653,3,2653_3
query_2654,0,genomicbackground,1,riboswitch,0.9970959424972534,2654_3_RF00059_3_NC_000913.3_2185135-2185632_ext_200-400_int_125_off_30_percentage_69_position_1-67 genomicbackground,2654,3,2654_3
query_2655,0,genomicbackground,1,riboswitch,0.9956282377243042,2655_3_RF00059_3_NC_000913.3_2185135-2185632_ext_200-400_int_125_off_35_percentage_64_position_1-62 genomicbackground,2655,3,2655_3
query_2656,0,genomicbackground,1,riboswitch,0.99436354637146,2656_3_RF00059_3_NC_000913.3_2185135-2185632_ext_200-400_int_125_off_40_percentage_59_position_1-57 genomicbackground,2656,3,2656_3
query_2657,0,genomicbackground,0,genomicbackground,0.014946073293685913,2657_3_RF00059_3_NC_000913.3_2185135-2185632_ext_200-400_int_125_off_45_percentage_54_position_1-52 genomicbackground,2657,3,2657_3
query_2658,0,genomicbackground,0,genomicbackground,0.30219516158103943,2658_3_RF00059_3_NC_000913.3_2185135-2185632_ext_200-400_int_125_off_50_percentage_48_position_1-47 genomicbackground,2658,3,2658_3
query_2659,0,genomicbackground,0,genomicbackground,0.04640328884124756,2659_3_RF00059_3_NC_000913.3_2185135-2185632_ext_200-400_int_125_off_55_percentage_43_position_1-42 genomicbackground,2659,3,2659_3
query_2660,0,genomicbackground,0,genomicbackground,0.07347584515810013,2660_3_RF00059_3_NC_000913.3_2185135-2185632_ext_200-400_int_125_off_60_percentage_38_position_1-37 genomicbackground,2660,3,2660_3
query_2661,0,genomicbackground,1,riboswitch,0.8685311079025269,2661_3_RF00059_3_NC_000913.3_2185135-2185632_ext_200-400_int_125_off_65_percentage_33_position_1-32 genomicbackground,2661,3,2661_3
query_2662,0,genomicbackground,0,genomicbackground,0.40634381771087646,2662_3_RF00059_3_NC_000913.3_2185135-2185632_ext_200-400_int_125_off_70_percentage_28_position_1-27 genomicbackground,2662,3,2662_3
query_2663,0,genomicbackground,0,genomicbackground,0.12459145486354828,2663_3_RF00059_3_NC_000913.3_2185135-2185632_ext_200-400_int_125_off_75_percentage_23_position_1-22 genomicbackground,2663,3,2663_3
query_2664,1,riboswitch,1,riboswitch,0.9992573857307434,2664_3_RF00059_3_NC_000913.3_2185135-2185632_ext_200-400_int_130_off_0_percentage_100_position_1-97 riboswitch,2664,3,2664_3
query_2665,1,riboswitch,1,riboswitch,0.9992431402206421,2665_3_RF00059_3_NC_000913.3_2185135-2185632_ext_200-400_int_130_off_5_percentage_95_position_1-92 riboswitch,2665,3,2665_3
query_2666,1,riboswitch,1,riboswitch,0.9982841610908508,2666_3_RF00059_3_NC_000913.3_2185135-2185632_ext_200-400_int_130_off_10_percentage_90_position_1-87 riboswitch,2666,3,2666_3
query_2667,1,riboswitch,1,riboswitch,0.999404788017273,2667_3_RF00059_3_NC_000913.3_2185135-2185632_ext_200-400_int_130_off_15_percentage_85_position_1-82 riboswitch,2667,3,2667_3
query_2668,1,riboswitch,1,riboswitch,0.9809898138046265,2668_3_RF00059_3_NC_000913.3_2185135-2185632_ext_200-400_int_130_off_20_percentage_79_position_1-77 riboswitch,2668,3,2668_3
query_2669,0,genomicbackground,1,riboswitch,0.997796893119812,2669_3_RF00059_3_NC_000913.3_2185135-2185632_ext_200-400_int_130_off_25_percentage_74_position_1-72 genomicbackground,2669,3,2669_3
query_2670,0,genomicbackground,1,riboswitch,0.9681642651557922,2670_3_RF00059_3_NC_000913.3_2185135-2185632_ext_200-400_int_130_off_30_percentage_69_position_1-67 genomicbackground,2670,3,2670_3
query_2671,0,genomicbackground,1,riboswitch,0.9802932143211365,2671_3_RF00059_3_NC_000913.3_2185135-2185632_ext_200-400_int_130_off_35_percentage_64_position_1-62 genomicbackground,2671,3,2671_3
query_2672,0,genomicbackground,0,genomicbackground,0.31137973070144653,2672_3_RF00059_3_NC_000913.3_2185135-2185632_ext_200-400_int_130_off_40_percentage_59_position_1-57 genomicbackground,2672,3,2672_3
query_2673,0,genomicbackground,0,genomicbackground,0.0033706864342093468,2673_3_RF00059_3_NC_000913.3_2185135-2185632_ext_200-400_int_130_off_45_percentage_54_position_1-52 genomicbackground,2673,3,2673_3
query_2674,0,genomicbackground,0,genomicbackground,0.17792923748493195,2674_3_RF00059_3_NC_000913.3_2185135-2185632_ext_200-400_int_130_off_50_percentage_48_position_1-47 genomicbackground,2674,3,2674_3
query_2675,0,genomicbackground,0,genomicbackground,0.03383828327059746,2675_3_RF00059_3_NC_000913.3_2185135-2185632_ext_200-400_int_130_off_55_percentage_43_position_1-42 genomicbackground,2675,3,2675_3
query_2676,0,genomicbackground,0,genomicbackground,0.059950049966573715,2676_3_RF00059_3_NC_000913.3_2185135-2185632_ext_200-400_int_130_off_60_percentage_38_position_1-37 genomicbackground,2676,3,2676_3
query_2677,0,genomicbackground,1,riboswitch,0.7394842505455017,2677_3_RF00059_3_NC_000913.3_2185135-2185632_ext_200-400_int_130_off_65_percentage_33_position_1-32 genomicbackground,2677,3,2677_3
query_2678,0,genomicbackground,0,genomicbackground,0.1182345300912857,2678_3_RF00059_3_NC_000913.3_2185135-2185632_ext_200-400_int_130_off_70_percentage_28_position_1-27 genomicbackground,2678,3,2678_3
query_2679,1,riboswitch,1,riboswitch,0.9990618824958801,2679_3_RF00059_3_NC_000913.3_2185135-2185632_ext_200-400_int_135_off_0_percentage_100_position_1-97 riboswitch,2679,3,2679_3
query_2680,1,riboswitch,1,riboswitch,0.9969947338104248,2680_3_RF00059_3_NC_000913.3_2185135-2185632_ext_200-400_int_135_off_5_percentage_95_position_1-92 riboswitch,2680,3,2680_3
query_2681,1,riboswitch,1,riboswitch,0.9997063279151917,2681_3_RF00059_3_NC_000913.3_2185135-2185632_ext_200-400_int_135_off_10_percentage_90_position_1-87 riboswitch,2681,3,2681_3
query_2682,1,riboswitch,1,riboswitch,0.9993925094604492,2682_3_RF00059_3_NC_000913.3_2185135-2185632_ext_200-400_int_135_off_15_percentage_85_position_1-82 riboswitch,2682,3,2682_3
query_2683,1,riboswitch,1,riboswitch,0.9985150694847107,2683_3_RF00059_3_NC_000913.3_2185135-2185632_ext_200-400_int_135_off_20_percentage_79_position_1-77 riboswitch,2683,3,2683_3
query_2684,0,genomicbackground,1,riboswitch,0.9800211787223816,2684_3_RF00059_3_NC_000913.3_2185135-2185632_ext_200-400_int_135_off_25_percentage_74_position_1-72 genomicbackground,2684,3,2684_3
query_2685,0,genomicbackground,1,riboswitch,0.9409509897232056,2685_3_RF00059_3_NC_000913.3_2185135-2185632_ext_200-400_int_135_off_30_percentage_69_position_1-67 genomicbackground,2685,3,2685_3
query_2686,0,genomicbackground,1,riboswitch,0.5612086057662964,2686_3_RF00059_3_NC_000913.3_2185135-2185632_ext_200-400_int_135_off_35_percentage_64_position_1-62 genomicbackground,2686,3,2686_3
query_2687,0,genomicbackground,0,genomicbackground,0.022910548374056816,2687_3_RF00059_3_NC_000913.3_2185135-2185632_ext_200-400_int_135_off_40_percentage_59_position_1-57 genomicbackground,2687,3,2687_3
query_2688,0,genomicbackground,0,genomicbackground,0.1316111832857132,2688_3_RF00059_3_NC_000913.3_2185135-2185632_ext_200-400_int_135_off_45_percentage_54_position_1-52 genomicbackground,2688,3,2688_3
query_2689,0,genomicbackground,0,genomicbackground,0.060656651854515076,2689_3_RF00059_3_NC_000913.3_2185135-2185632_ext_200-400_int_135_off_50_percentage_48_position_1-47 genomicbackground,2689,3,2689_3
query_2690,0,genomicbackground,0,genomicbackground,0.031100185588002205,2690_3_RF00059_3_NC_000913.3_2185135-2185632_ext_200-400_int_135_off_55_percentage_43_position_1-42 genomicbackground,2690,3,2690_3
query_2691,0,genomicbackground,0,genomicbackground,0.030309075489640236,2691_3_RF00059_3_NC_000913.3_2185135-2185632_ext_200-400_int_135_off_60_percentage_38_position_1-37 genomicbackground,2691,3,2691_3
query_2692,0,genomicbackground,1,riboswitch,0.8531518578529358,2692_3_RF00059_3_NC_000913.3_2185135-2185632_ext_200-400_int_135_off_65_percentage_33_position_1-32 genomicbackground,2692,3,2692_3
query_2693,1,riboswitch,1,riboswitch,0.9979775547981262,2693_3_RF00059_3_NC_000913.3_2185135-2185632_ext_200-400_int_140_off_0_percentage_100_position_1-97 riboswitch,2693,3,2693_3
query_2694,1,riboswitch,1,riboswitch,0.9729862809181213,2694_3_RF00059_3_NC_000913.3_2185135-2185632_ext_200-400_int_140_off_5_percentage_95_position_1-92 riboswitch,2694,3,2694_3
query_2695,1,riboswitch,1,riboswitch,0.9971209168434143,2695_3_RF00059_3_NC_000913.3_2185135-2185632_ext_200-400_int_140_off_10_percentage_90_position_1-87 riboswitch,2695,3,2695_3
query_2696,1,riboswitch,1,riboswitch,0.9994158744812012,2696_3_RF00059_3_NC_000913.3_2185135-2185632_ext_200-400_int_140_off_15_percentage_85_position_1-82 riboswitch,2696,3,2696_3
query_2697,1,riboswitch,1,riboswitch,0.9785060286521912,2697_3_RF00059_3_NC_000913.3_2185135-2185632_ext_200-400_int_140_off_20_percentage_79_position_1-77 riboswitch,2697,3,2697_3
query_2698,0,genomicbackground,1,riboswitch,0.9679965972900391,2698_3_RF00059_3_NC_000913.3_2185135-2185632_ext_200-400_int_140_off_25_percentage_74_position_1-72 genomicbackground,2698,3,2698_3
query_2699,0,genomicbackground,1,riboswitch,0.9950394034385681,2699_3_RF00059_3_NC_000913.3_2185135-2185632_ext_200-400_int_140_off_30_percentage_69_position_1-67 genomicbackground,2699,3,2699_3
query_2700,0,genomicbackground,0,genomicbackground,0.0712401419878006,2700_3_RF00059_3_NC_000913.3_2185135-2185632_ext_200-400_int_140_off_35_percentage_64_position_1-62 genomicbackground,2700,3,2700_3
query_2701,0,genomicbackground,0,genomicbackground,0.421714723110199,2701_3_RF00059_3_NC_000913.3_2185135-2185632_ext_200-400_int_140_off_40_percentage_59_position_1-57 genomicbackground,2701,3,2701_3
query_2702,0,genomicbackground,0,genomicbackground,0.05455711856484413,2702_3_RF00059_3_NC_000913.3_2185135-2185632_ext_200-400_int_140_off_45_percentage_54_position_1-52 genomicbackground,2702,3,2702_3
query_2703,0,genomicbackground,0,genomicbackground,0.021529318764805794,2703_3_RF00059_3_NC_000913.3_2185135-2185632_ext_200-400_int_140_off_50_percentage_48_position_1-47 genomicbackground,2703,3,2703_3
query_2704,0,genomicbackground,0,genomicbackground,0.01686003990471363,2704_3_RF00059_3_NC_000913.3_2185135-2185632_ext_200-400_int_140_off_55_percentage_43_position_1-42 genomicbackground,2704,3,2704_3
query_2705,0,genomicbackground,0,genomicbackground,0.019445713609457016,2705_3_RF00059_3_NC_000913.3_2185135-2185632_ext_200-400_int_140_off_60_percentage_38_position_1-37 genomicbackground,2705,3,2705_3
query_2706,1,riboswitch,1,riboswitch,0.9974603056907654,2706_3_RF00059_3_NC_000913.3_2185135-2185632_ext_200-400_int_145_off_0_percentage_100_position_1-97 riboswitch,2706,3,2706_3
query_2707,1,riboswitch,1,riboswitch,0.990435004234314,2707_3_RF00059_3_NC_000913.3_2185135-2185632_ext_200-400_int_145_off_5_percentage_95_position_1-92 riboswitch,2707,3,2707_3
query_2708,1,riboswitch,1,riboswitch,0.9980613589286804,2708_3_RF00059_3_NC_000913.3_2185135-2185632_ext_200-400_int_145_off_10_percentage_90_position_1-87 riboswitch,2708,3,2708_3
query_2709,1,riboswitch,1,riboswitch,0.9976516366004944,2709_3_RF00059_3_NC_000913.3_2185135-2185632_ext_200-400_int_145_off_15_percentage_85_position_1-82 riboswitch,2709,3,2709_3
query_2710,1,riboswitch,1,riboswitch,0.9971926808357239,2710_3_RF00059_3_NC_000913.3_2185135-2185632_ext_200-400_int_145_off_20_percentage_79_position_1-77 riboswitch,2710,3,2710_3
query_2711,0,genomicbackground,1,riboswitch,0.9965746402740479,2711_3_RF00059_3_NC_000913.3_2185135-2185632_ext_200-400_int_145_off_25_percentage_74_position_1-72 genomicbackground,2711,3,2711_3
query_2712,0,genomicbackground,1,riboswitch,0.9919678568840027,2712_3_RF00059_3_NC_000913.3_2185135-2185632_ext_200-400_int_145_off_30_percentage_69_position_1-67 genomicbackground,2712,3,2712_3
query_2713,0,genomicbackground,0,genomicbackground,0.46477213501930237,2713_3_RF00059_3_NC_000913.3_2185135-2185632_ext_200-400_int_145_off_35_percentage_64_position_1-62 genomicbackground,2713,3,2713_3
query_2714,0,genomicbackground,0,genomicbackground,0.2494448572397232,2714_3_RF00059_3_NC_000913.3_2185135-2185632_ext_200-400_int_145_off_40_percentage_59_position_1-57 genomicbackground,2714,3,2714_3
query_2715,0,genomicbackground,0,genomicbackground,0.020913993939757347,2715_3_RF00059_3_NC_000913.3_2185135-2185632_ext_200-400_int_145_off_45_percentage_54_position_1-52 genomicbackground,2715,3,2715_3
query_2716,0,genomicbackground,0,genomicbackground,0.011395622976124287,2716_3_RF00059_3_NC_000913.3_2185135-2185632_ext_200-400_int_145_off_50_percentage_48_position_1-47 genomicbackground,2716,3,2716_3
query_2717,0,genomicbackground,0,genomicbackground,0.011387556791305542,2717_3_RF00059_3_NC_000913.3_2185135-2185632_ext_200-400_int_145_off_55_percentage_43_position_1-42 genomicbackground,2717,3,2717_3
query_2718,1,riboswitch,1,riboswitch,0.9978519678115845,2718_3_RF00059_3_NC_000913.3_2185135-2185632_ext_200-400_int_150_off_0_percentage_100_position_1-97 riboswitch,2718,3,2718_3
query_2719,1,riboswitch,1,riboswitch,0.9933694005012512,2719_3_RF00059_3_NC_000913.3_2185135-2185632_ext_200-400_int_150_off_5_percentage_95_position_1-92 riboswitch,2719,3,2719_3
query_2720,1,riboswitch,1,riboswitch,0.9847224354743958,2720_3_RF00059_3_NC_000913.3_2185135-2185632_ext_200-400_int_150_off_10_percentage_90_position_1-87 riboswitch,2720,3,2720_3
query_2721,1,riboswitch,1,riboswitch,0.9361910820007324,2721_3_RF00059_3_NC_000913.3_2185135-2185632_ext_200-400_int_150_off_15_percentage_85_position_1-82 riboswitch,2721,3,2721_3
query_2722,1,riboswitch,1,riboswitch,0.8292188048362732,2722_3_RF00059_3_NC_000913.3_2185135-2185632_ext_200-400_int_150_off_20_percentage_79_position_1-77 riboswitch,2722,3,2722_3
query_2723,0,genomicbackground,1,riboswitch,0.9851915836334229,2723_3_RF00059_3_NC_000913.3_2185135-2185632_ext_200-400_int_150_off_25_percentage_74_position_1-72 genomicbackground,2723,3,2723_3
query_2724,0,genomicbackground,1,riboswitch,0.7687363624572754,2724_3_RF00059_3_NC_000913.3_2185135-2185632_ext_200-400_int_150_off_30_percentage_69_position_1-67 genomicbackground,2724,3,2724_3
query_2725,0,genomicbackground,0,genomicbackground,0.29394882917404175,2725_3_RF00059_3_NC_000913.3_2185135-2185632_ext_200-400_int_150_off_35_percentage_64_position_1-62 genomicbackground,2725,3,2725_3
query_2726,0,genomicbackground,0,genomicbackground,0.21095307171344757,2726_3_RF00059_3_NC_000913.3_2185135-2185632_ext_200-400_int_150_off_40_percentage_59_position_1-57 genomicbackground,2726,3,2726_3
query_2727,0,genomicbackground,0,genomicbackground,0.011578152887523174,2727_3_RF00059_3_NC_000913.3_2185135-2185632_ext_200-400_int_150_off_45_percentage_54_position_1-52 genomicbackground,2727,3,2727_3
query_2728,0,genomicbackground,0,genomicbackground,0.007788233924657106,2728_3_RF00059_3_NC_000913.3_2185135-2185632_ext_200-400_int_150_off_50_percentage_48_position_1-47 genomicbackground,2728,3,2728_3
query_2729,1,riboswitch,1,riboswitch,0.9982759952545166,2729_3_RF00059_3_NC_000913.3_2185135-2185632_ext_200-400_int_155_off_0_percentage_100_position_1-97 riboswitch,2729,3,2729_3
query_2730,1,riboswitch,1,riboswitch,0.9953911304473877,2730_3_RF00059_3_NC_000913.3_2185135-2185632_ext_200-400_int_155_off_5_percentage_95_position_1-92 riboswitch,2730,3,2730_3
query_2731,1,riboswitch,1,riboswitch,0.9972723126411438,2731_3_RF00059_3_NC_000913.3_2185135-2185632_ext_200-400_int_155_off_10_percentage_90_position_1-87 riboswitch,2731,3,2731_3
query_2732,1,riboswitch,1,riboswitch,0.997229278087616,2732_3_RF00059_3_NC_000913.3_2185135-2185632_ext_200-400_int_155_off_15_percentage_85_position_1-82 riboswitch,2732,3,2732_3
query_2733,1,riboswitch,0,genomicbackground,0.27710846066474915,2733_3_RF00059_3_NC_000913.3_2185135-2185632_ext_200-400_int_155_off_20_percentage_79_position_1-77 riboswitch,2733,3,2733_3
query_2734,0,genomicbackground,1,riboswitch,0.9964279532432556,2734_3_RF00059_3_NC_000913.3_2185135-2185632_ext_200-400_int_155_off_25_percentage_74_position_1-72 genomicbackground,2734,3,2734_3
query_2735,0,genomicbackground,0,genomicbackground,0.05854775384068489,2735_3_RF00059_3_NC_000913.3_2185135-2185632_ext_200-400_int_155_off_30_percentage_69_position_1-67 genomicbackground,2735,3,2735_3
query_2736,0,genomicbackground,0,genomicbackground,0.08178535103797913,2736_3_RF00059_3_NC_000913.3_2185135-2185632_ext_200-400_int_155_off_35_percentage_64_position_1-62 genomicbackground,2736,3,2736_3
query_2737,0,genomicbackground,0,genomicbackground,0.061262182891368866,2737_3_RF00059_3_NC_000913.3_2185135-2185632_ext_200-400_int_155_off_40_percentage_59_position_1-57 genomicbackground,2737,3,2737_3
query_2738,0,genomicbackground,0,genomicbackground,0.008049421943724155,2738_3_RF00059_3_NC_000913.3_2185135-2185632_ext_200-400_int_155_off_45_percentage_54_position_1-52 genomicbackground,2738,3,2738_3
query_2739,1,riboswitch,1,riboswitch,0.9980345368385315,2739_3_RF00059_3_NC_000913.3_2185135-2185632_ext_200-400_int_160_off_0_percentage_100_position_1-97 riboswitch,2739,3,2739_3
query_2740,1,riboswitch,1,riboswitch,0.9953417778015137,2740_3_RF00059_3_NC_000913.3_2185135-2185632_ext_200-400_int_160_off_5_percentage_95_position_1-92 riboswitch,2740,3,2740_3
query_2741,1,riboswitch,1,riboswitch,0.9893639087677002,2741_3_RF00059_3_NC_000913.3_2185135-2185632_ext_200-400_int_160_off_10_percentage_90_position_1-87 riboswitch,2741,3,2741_3
query_2742,1,riboswitch,1,riboswitch,0.9982085227966309,2742_3_RF00059_3_NC_000913.3_2185135-2185632_ext_200-400_int_160_off_15_percentage_85_position_1-82 riboswitch,2742,3,2742_3
query_2743,1,riboswitch,0,genomicbackground,0.2326972633600235,2743_3_RF00059_3_NC_000913.3_2185135-2185632_ext_200-400_int_160_off_20_percentage_79_position_1-77 riboswitch,2743,3,2743_3
query_2744,0,genomicbackground,1,riboswitch,0.9966379404067993,2744_3_RF00059_3_NC_000913.3_2185135-2185632_ext_200-400_int_160_off_25_percentage_74_position_1-72 genomicbackground,2744,3,2744_3
query_2745,0,genomicbackground,1,riboswitch,0.6586113572120667,2745_3_RF00059_3_NC_000913.3_2185135-2185632_ext_200-400_int_160_off_30_percentage_69_position_1-67 genomicbackground,2745,3,2745_3
query_2746,0,genomicbackground,0,genomicbackground,0.04742380604147911,2746_3_RF00059_3_NC_000913.3_2185135-2185632_ext_200-400_int_160_off_35_percentage_64_position_1-62 genomicbackground,2746,3,2746_3
query_2747,0,genomicbackground,0,genomicbackground,0.02930341474711895,2747_3_RF00059_3_NC_000913.3_2185135-2185632_ext_200-400_int_160_off_40_percentage_59_position_1-57 genomicbackground,2747,3,2747_3
query_2748,1,riboswitch,1,riboswitch,0.9975191354751587,2748_3_RF00059_3_NC_000913.3_2185135-2185632_ext_200-400_int_165_off_0_percentage_100_position_1-97 riboswitch,2748,3,2748_3
query_2749,1,riboswitch,1,riboswitch,0.9912592768669128,2749_3_RF00059_3_NC_000913.3_2185135-2185632_ext_200-400_int_165_off_5_percentage_95_position_1-92 riboswitch,2749,3,2749_3
query_2750,1,riboswitch,1,riboswitch,0.8247266411781311,2750_3_RF00059_3_NC_000913.3_2185135-2185632_ext_200-400_int_165_off_10_percentage_90_position_1-87 riboswitch,2750,3,2750_3
query_2751,1,riboswitch,1,riboswitch,0.9980875253677368,2751_3_RF00059_3_NC_000913.3_2185135-2185632_ext_200-400_int_165_off_15_percentage_85_position_1-82 riboswitch,2751,3,2751_3
query_2752,1,riboswitch,0,genomicbackground,0.09803197532892227,2752_3_RF00059_3_NC_000913.3_2185135-2185632_ext_200-400_int_165_off_20_percentage_79_position_1-77 riboswitch,2752,3,2752_3
query_2753,0,genomicbackground,1,riboswitch,0.749519944190979,2753_3_RF00059_3_NC_000913.3_2185135-2185632_ext_200-400_int_165_off_25_percentage_74_position_1-72 genomicbackground,2753,3,2753_3
query_2754,0,genomicbackground,1,riboswitch,0.57065749168396,2754_3_RF00059_3_NC_000913.3_2185135-2185632_ext_200-400_int_165_off_30_percentage_69_position_1-67 genomicbackground,2754,3,2754_3
query_2755,0,genomicbackground,0,genomicbackground,0.033059414476156235,2755_3_RF00059_3_NC_000913.3_2185135-2185632_ext_200-400_int_165_off_35_percentage_64_position_1-62 genomicbackground,2755,3,2755_3
query_2756,1,riboswitch,1,riboswitch,0.9966865181922913,2756_3_RF00059_3_NC_000913.3_2185135-2185632_ext_200-400_int_170_off_0_percentage_100_position_1-97 riboswitch,2756,3,2756_3
query_2757,1,riboswitch,1,riboswitch,0.5199100971221924,2757_3_RF00059_3_NC_000913.3_2185135-2185632_ext_200-400_int_170_off_5_percentage_95_position_1-92 riboswitch,2757,3,2757_3
query_2758,1,riboswitch,1,riboswitch,0.996691107749939,2758_3_RF00059_3_NC_000913.3_2185135-2185632_ext_200-400_int_170_off_10_percentage_90_position_1-87 riboswitch,2758,3,2758_3
query_2759,1,riboswitch,1,riboswitch,0.997008740901947,2759_3_RF00059_3_NC_000913.3_2185135-2185632_ext_200-400_int_170_off_15_percentage_85_position_1-82 riboswitch,2759,3,2759_3
query_2760,1,riboswitch,1,riboswitch,0.7204630374908447,2760_3_RF00059_3_NC_000913.3_2185135-2185632_ext_200-400_int_170_off_20_percentage_79_position_1-77 riboswitch,2760,3,2760_3
query_2761,0,genomicbackground,1,riboswitch,0.885216474533081,2761_3_RF00059_3_NC_000913.3_2185135-2185632_ext_200-400_int_170_off_25_percentage_74_position_1-72 genomicbackground,2761,3,2761_3
query_2762,0,genomicbackground,0,genomicbackground,0.3807727098464966,2762_3_RF00059_3_NC_000913.3_2185135-2185632_ext_200-400_int_170_off_30_percentage_69_position_1-67 genomicbackground,2762,3,2762_3
query_2763,1,riboswitch,1,riboswitch,0.9980652928352356,2763_3_RF00059_3_NC_000913.3_2185135-2185632_ext_200-400_int_175_off_0_percentage_100_position_1-97 riboswitch,2763,3,2763_3
query_2764,1,riboswitch,0,genomicbackground,0.3604009747505188,2764_3_RF00059_3_NC_000913.3_2185135-2185632_ext_200-400_int_175_off_5_percentage_95_position_1-92 riboswitch,2764,3,2764_3
query_2765,1,riboswitch,1,riboswitch,0.9977914094924927,2765_3_RF00059_3_NC_000913.3_2185135-2185632_ext_200-400_int_175_off_10_percentage_90_position_1-87 riboswitch,2765,3,2765_3
query_2766,1,riboswitch,1,riboswitch,0.9960175156593323,2766_3_RF00059_3_NC_000913.3_2185135-2185632_ext_200-400_int_175_off_15_percentage_85_position_1-82 riboswitch,2766,3,2766_3
query_2767,1,riboswitch,1,riboswitch,0.7472710013389587,2767_3_RF00059_3_NC_000913.3_2185135-2185632_ext_200-400_int_175_off_20_percentage_79_position_1-77 riboswitch,2767,3,2767_3
query_2768,0,genomicbackground,1,riboswitch,0.8276388645172119,2768_3_RF00059_3_NC_000913.3_2185135-2185632_ext_200-400_int_175_off_25_percentage_74_position_1-72 genomicbackground,2768,3,2768_3
query_2769,1,riboswitch,1,riboswitch,0.997944176197052,2769_3_RF00059_3_NC_000913.3_2185135-2185632_ext_200-400_int_180_off_0_percentage_100_position_1-97 riboswitch,2769,3,2769_3
query_2770,1,riboswitch,1,riboswitch,0.9971171617507935,2770_3_RF00059_3_NC_000913.3_2185135-2185632_ext_200-400_int_180_off_5_percentage_95_position_1-92 riboswitch,2770,3,2770_3
query_2771,1,riboswitch,1,riboswitch,0.9975343942642212,2771_3_RF00059_3_NC_000913.3_2185135-2185632_ext_200-400_int_180_off_10_percentage_90_position_1-87 riboswitch,2771,3,2771_3
query_2772,1,riboswitch,1,riboswitch,0.9900272488594055,2772_3_RF00059_3_NC_000913.3_2185135-2185632_ext_200-400_int_180_off_15_percentage_85_position_1-82 riboswitch,2772,3,2772_3
query_2773,1,riboswitch,1,riboswitch,0.63255774974823,2773_3_RF00059_3_NC_000913.3_2185135-2185632_ext_200-400_int_180_off_20_percentage_79_position_1-77 riboswitch,2773,3,2773_3
query_2774,1,riboswitch,1,riboswitch,0.9953354001045227,2774_3_RF00059_3_NC_000913.3_2185135-2185632_ext_200-400_int_185_off_0_percentage_100_position_1-97 riboswitch,2774,3,2774_3
query_2775,1,riboswitch,1,riboswitch,0.9983903169631958,2775_3_RF00059_3_NC_000913.3_2185135-2185632_ext_200-400_int_185_off_5_percentage_95_position_1-92 riboswitch,2775,3,2775_3
query_2776,1,riboswitch,1,riboswitch,0.995930016040802,2776_3_RF00059_3_NC_000913.3_2185135-2185632_ext_200-400_int_185_off_10_percentage_90_position_1-87 riboswitch,2776,3,2776_3
query_2777,1,riboswitch,1,riboswitch,0.9760259389877319,2777_3_RF00059_3_NC_000913.3_2185135-2185632_ext_200-400_int_185_off_15_percentage_85_position_1-82 riboswitch,2777,3,2777_3
query_2778,1,riboswitch,1,riboswitch,0.9973732233047485,2778_3_RF00059_3_NC_000913.3_2185135-2185632_ext_200-400_int_190_off_0_percentage_100_position_1-97 riboswitch,2778,3,2778_3
query_2779,1,riboswitch,1,riboswitch,0.9938643574714661,2779_3_RF00059_3_NC_000913.3_2185135-2185632_ext_200-400_int_190_off_5_percentage_95_position_1-92 riboswitch,2779,3,2779_3
query_2780,1,riboswitch,1,riboswitch,0.9989321827888489,2780_3_RF00059_3_NC_000913.3_2185135-2185632_ext_200-400_int_190_off_10_percentage_90_position_1-87 riboswitch,2780,3,2780_3
query_2781,1,riboswitch,1,riboswitch,0.9906753301620483,2781_3_RF00059_3_NC_000913.3_2185135-2185632_ext_200-400_int_195_off_0_percentage_100_position_1-97 riboswitch,2781,3,2781_3
query_2782,1,riboswitch,1,riboswitch,0.9986300468444824,2782_3_RF00059_3_NC_000913.3_2185135-2185632_ext_200-400_int_195_off_5_percentage_95_position_1-92 riboswitch,2782,3,2782_3
query_2783,1,riboswitch,1,riboswitch,0.9970398545265198,2783_3_RF00059_3_NC_000913.3_2185135-2185632_ext_200-400_int_200_off_0_percentage_100_position_1-97 riboswitch,2783,3,2783_3
query_2784,1,riboswitch,1,riboswitch,0.9129024744033813,2784_3_RF00059_3_NC_000913.3_2185135-2185632_ext_220-420_int_95_off_0_percentage_79_position_1-77 riboswitch,2784,3,2784_3
query_2785,0,genomicbackground,1,riboswitch,0.9990026354789734,2785_3_RF00059_3_NC_000913.3_2185135-2185632_ext_220-420_int_95_off_5_percentage_74_position_1-72 genomicbackground,2785,3,2785_3
query_2786,0,genomicbackground,1,riboswitch,0.998683512210846,2786_3_RF00059_3_NC_000913.3_2185135-2185632_ext_220-420_int_95_off_10_percentage_69_position_1-67 genomicbackground,2786,3,2786_3
query_2787,0,genomicbackground,1,riboswitch,0.9983828067779541,2787_3_RF00059_3_NC_000913.3_2185135-2185632_ext_220-420_int_95_off_15_percentage_64_position_1-62 genomicbackground,2787,3,2787_3
query_2788,0,genomicbackground,1,riboswitch,0.9823200106620789,2788_3_RF00059_3_NC_000913.3_2185135-2185632_ext_220-420_int_95_off_20_percentage_59_position_1-57 genomicbackground,2788,3,2788_3
query_2789,0,genomicbackground,1,riboswitch,0.987765908241272,2789_3_RF00059_3_NC_000913.3_2185135-2185632_ext_220-420_int_95_off_25_percentage_54_position_1-52 genomicbackground,2789,3,2789_3
query_2790,0,genomicbackground,1,riboswitch,0.9890157580375671,2790_3_RF00059_3_NC_000913.3_2185135-2185632_ext_220-420_int_95_off_30_percentage_48_position_1-47 genomicbackground,2790,3,2790_3
query_2791,0,genomicbackground,1,riboswitch,0.8431808352470398,2791_3_RF00059_3_NC_000913.3_2185135-2185632_ext_220-420_int_95_off_35_percentage_43_position_1-42 genomicbackground,2791,3,2791_3
query_2792,0,genomicbackground,1,riboswitch,0.7250660061836243,2792_3_RF00059_3_NC_000913.3_2185135-2185632_ext_220-420_int_95_off_40_percentage_38_position_1-37 genomicbackground,2792,3,2792_3
query_2793,0,genomicbackground,1,riboswitch,0.9489628672599792,2793_3_RF00059_3_NC_000913.3_2185135-2185632_ext_220-420_int_95_off_45_percentage_33_position_1-32 genomicbackground,2793,3,2793_3
query_2794,0,genomicbackground,1,riboswitch,0.8735963106155396,2794_3_RF00059_3_NC_000913.3_2185135-2185632_ext_220-420_int_95_off_50_percentage_28_position_1-27 genomicbackground,2794,3,2794_3
query_2795,0,genomicbackground,0,genomicbackground,0.021186474710702896,2795_3_RF00059_3_NC_000913.3_2185135-2185632_ext_220-420_int_95_off_55_percentage_23_position_1-22 genomicbackground,2795,3,2795_3
query_2796,0,genomicbackground,0,genomicbackground,0.0022893925197422504,2796_3_RF00059_3_NC_000913.3_2185135-2185632_ext_220-420_int_95_off_60_percentage_18_position_1-17 genomicbackground,2796,3,2796_3
query_2797,0,genomicbackground,0,genomicbackground,0.0033849310129880905,2797_3_RF00059_3_NC_000913.3_2185135-2185632_ext_220-420_int_95_off_65_percentage_12_position_1-12 genomicbackground,2797,3,2797_3
query_2798,0,genomicbackground,0,genomicbackground,0.002670122077688575,2798_3_RF00059_3_NC_000913.3_2185135-2185632_ext_220-420_int_95_off_70_percentage_7_position_1-7 genomicbackground,2798,3,2798_3
query_2799,0,genomicbackground,0,genomicbackground,0.0033964167814701796,2799_3_RF00059_3_NC_000913.3_2185135-2185632_ext_220-420_int_95_off_75_percentage_2_position_1-2 genomicbackground,2799,3,2799_3
query_2800,0,genomicbackground,0,genomicbackground,0.00673453276976943,2800_3_RF00059_3_NC_000913.3_2185135-2185632_ext_220-420_int_95_off_80_percentage_0_position_0-0 genomicbackground,2800,3,2800_3
query_2801,0,genomicbackground,0,genomicbackground,0.013345112092792988,2801_3_RF00059_3_NC_000913.3_2185135-2185632_ext_220-420_int_95_off_85_percentage_0_position_0-0 genomicbackground,2801,3,2801_3
query_2802,0,genomicbackground,0,genomicbackground,0.010945115238428116,2802_3_RF00059_3_NC_000913.3_2185135-2185632_ext_220-420_int_95_off_90_percentage_0_position_0-0 genomicbackground,2802,3,2802_3
query_2803,0,genomicbackground,0,genomicbackground,0.009606149047613144,2803_3_RF00059_3_NC_000913.3_2185135-2185632_ext_220-420_int_95_off_95_percentage_0_position_0-0 genomicbackground,2803,3,2803_3
query_2804,0,genomicbackground,0,genomicbackground,0.008836868219077587,2804_3_RF00059_3_NC_000913.3_2185135-2185632_ext_220-420_int_95_off_100_percentage_0_position_0-0 genomicbackground,2804,3,2804_3
query_2805,0,genomicbackground,0,genomicbackground,0.0030260258354246616,2805_3_RF00059_3_NC_000913.3_2185135-2185632_ext_220-420_int_95_off_105_percentage_0_position_0-0 genomicbackground,2805,3,2805_3
query_2806,1,riboswitch,1,riboswitch,0.9987313151359558,2806_3_RF00059_3_NC_000913.3_2185135-2185632_ext_220-420_int_100_off_0_percentage_79_position_1-77 riboswitch,2806,3,2806_3
query_2807,0,genomicbackground,1,riboswitch,0.9989191293716431,2807_3_RF00059_3_NC_000913.3_2185135-2185632_ext_220-420_int_100_off_5_percentage_74_position_1-72 genomicbackground,2807,3,2807_3
query_2808,0,genomicbackground,1,riboswitch,0.9988681077957153,2808_3_RF00059_3_NC_000913.3_2185135-2185632_ext_220-420_int_100_off_10_percentage_69_position_1-67 genomicbackground,2808,3,2808_3
query_2809,0,genomicbackground,1,riboswitch,0.974696695804596,2809_3_RF00059_3_NC_000913.3_2185135-2185632_ext_220-420_int_100_off_15_percentage_64_position_1-62 genomicbackground,2809,3,2809_3
query_2810,0,genomicbackground,1,riboswitch,0.9677470922470093,2810_3_RF00059_3_NC_000913.3_2185135-2185632_ext_220-420_int_100_off_20_percentage_59_position_1-57 genomicbackground,2810,3,2810_3
query_2811,0,genomicbackground,1,riboswitch,0.9883147478103638,2811_3_RF00059_3_NC_000913.3_2185135-2185632_ext_220-420_int_100_off_25_percentage_54_position_1-52 genomicbackground,2811,3,2811_3
query_2812,0,genomicbackground,1,riboswitch,0.559406042098999,2812_3_RF00059_3_NC_000913.3_2185135-2185632_ext_220-420_int_100_off_30_percentage_48_position_1-47 genomicbackground,2812,3,2812_3
query_2813,0,genomicbackground,1,riboswitch,0.7285006642341614,2813_3_RF00059_3_NC_000913.3_2185135-2185632_ext_220-420_int_100_off_35_percentage_43_position_1-42 genomicbackground,2813,3,2813_3
query_2814,0,genomicbackground,1,riboswitch,0.9334560036659241,2814_3_RF00059_3_NC_000913.3_2185135-2185632_ext_220-420_int_100_off_40_percentage_38_position_1-37 genomicbackground,2814,3,2814_3
query_2815,0,genomicbackground,1,riboswitch,0.9335368275642395,2815_3_RF00059_3_NC_000913.3_2185135-2185632_ext_220-420_int_100_off_45_percentage_33_position_1-32 genomicbackground,2815,3,2815_3
query_2816,0,genomicbackground,1,riboswitch,0.7680196166038513,2816_3_RF00059_3_NC_000913.3_2185135-2185632_ext_220-420_int_100_off_50_percentage_28_position_1-27 genomicbackground,2816,3,2816_3
query_2817,0,genomicbackground,0,genomicbackground,0.005643459502607584,2817_3_RF00059_3_NC_000913.3_2185135-2185632_ext_220-420_int_100_off_55_percentage_23_position_1-22 genomicbackground,2817,3,2817_3
query_2818,0,genomicbackground,0,genomicbackground,0.002580308122560382,2818_3_RF00059_3_NC_000913.3_2185135-2185632_ext_220-420_int_100_off_60_percentage_18_position_1-17 genomicbackground,2818,3,2818_3
query_2819,0,genomicbackground,0,genomicbackground,0.0026321876794099808,2819_3_RF00059_3_NC_000913.3_2185135-2185632_ext_220-420_int_100_off_65_percentage_12_position_1-12 genomicbackground,2819,3,2819_3
query_2820,0,genomicbackground,0,genomicbackground,0.0028968413826078176,2820_3_RF00059_3_NC_000913.3_2185135-2185632_ext_220-420_int_100_off_70_percentage_7_position_1-7 genomicbackground,2820,3,2820_3
query_2821,0,genomicbackground,0,genomicbackground,0.004002340603619814,2821_3_RF00059_3_NC_000913.3_2185135-2185632_ext_220-420_int_100_off_75_percentage_2_position_1-2 genomicbackground,2821,3,2821_3
query_2822,0,genomicbackground,0,genomicbackground,0.006414263974875212,2822_3_RF00059_3_NC_000913.3_2185135-2185632_ext_220-420_int_100_off_80_percentage_0_position_0-0 genomicbackground,2822,3,2822_3
query_2823,0,genomicbackground,0,genomicbackground,0.009686962701380253,2823_3_RF00059_3_NC_000913.3_2185135-2185632_ext_220-420_int_100_off_85_percentage_0_position_0-0 genomicbackground,2823,3,2823_3
query_2824,0,genomicbackground,0,genomicbackground,0.009670316241681576,2824_3_RF00059_3_NC_000913.3_2185135-2185632_ext_220-420_int_100_off_90_percentage_0_position_0-0 genomicbackground,2824,3,2824_3
query_2825,0,genomicbackground,0,genomicbackground,0.007977490313351154,2825_3_RF00059_3_NC_000913.3_2185135-2185632_ext_220-420_int_100_off_95_percentage_0_position_0-0 genomicbackground,2825,3,2825_3
query_2826,0,genomicbackground,0,genomicbackground,0.009686348959803581,2826_3_RF00059_3_NC_000913.3_2185135-2185632_ext_220-420_int_100_off_100_percentage_0_position_0-0 genomicbackground,2826,3,2826_3
query_2827,1,riboswitch,1,riboswitch,0.9986201524734497,2827_3_RF00059_3_NC_000913.3_2185135-2185632_ext_220-420_int_105_off_0_percentage_79_position_1-77 riboswitch,2827,3,2827_3
query_2828,0,genomicbackground,1,riboswitch,0.9991342425346375,2828_3_RF00059_3_NC_000913.3_2185135-2185632_ext_220-420_int_105_off_5_percentage_74_position_1-72 genomicbackground,2828,3,2828_3
query_2829,0,genomicbackground,1,riboswitch,0.9984676241874695,2829_3_RF00059_3_NC_000913.3_2185135-2185632_ext_220-420_int_105_off_10_percentage_69_position_1-67 genomicbackground,2829,3,2829_3
query_2830,0,genomicbackground,1,riboswitch,0.9534426927566528,2830_3_RF00059_3_NC_000913.3_2185135-2185632_ext_220-420_int_105_off_15_percentage_64_position_1-62 genomicbackground,2830,3,2830_3
query_2831,0,genomicbackground,1,riboswitch,0.9784783124923706,2831_3_RF00059_3_NC_000913.3_2185135-2185632_ext_220-420_int_105_off_20_percentage_59_position_1-57 genomicbackground,2831,3,2831_3
query_2832,0,genomicbackground,0,genomicbackground,0.13837340474128723,2832_3_RF00059_3_NC_000913.3_2185135-2185632_ext_220-420_int_105_off_25_percentage_54_position_1-52 genomicbackground,2832,3,2832_3
query_2833,0,genomicbackground,1,riboswitch,0.8623805046081543,2833_3_RF00059_3_NC_000913.3_2185135-2185632_ext_220-420_int_105_off_30_percentage_48_position_1-47 genomicbackground,2833,3,2833_3
query_2834,0,genomicbackground,1,riboswitch,0.7283042073249817,2834_3_RF00059_3_NC_000913.3_2185135-2185632_ext_220-420_int_105_off_35_percentage_43_position_1-42 genomicbackground,2834,3,2834_3
query_2835,0,genomicbackground,0,genomicbackground,0.30209991335868835,2835_3_RF00059_3_NC_000913.3_2185135-2185632_ext_220-420_int_105_off_40_percentage_38_position_1-37 genomicbackground,2835,3,2835_3
query_2836,0,genomicbackground,1,riboswitch,0.8405778408050537,2836_3_RF00059_3_NC_000913.3_2185135-2185632_ext_220-420_int_105_off_45_percentage_33_position_1-32 genomicbackground,2836,3,2836_3
query_2837,0,genomicbackground,0,genomicbackground,0.460073858499527,2837_3_RF00059_3_NC_000913.3_2185135-2185632_ext_220-420_int_105_off_50_percentage_28_position_1-27 genomicbackground,2837,3,2837_3
query_2838,0,genomicbackground,0,genomicbackground,0.007752027828246355,2838_3_RF00059_3_NC_000913.3_2185135-2185632_ext_220-420_int_105_off_55_percentage_23_position_1-22 genomicbackground,2838,3,2838_3
query_2839,0,genomicbackground,0,genomicbackground,0.0022113744635134935,2839_3_RF00059_3_NC_000913.3_2185135-2185632_ext_220-420_int_105_off_60_percentage_18_position_1-17 genomicbackground,2839,3,2839_3
query_2840,0,genomicbackground,0,genomicbackground,0.002759550930932164,2840_3_RF00059_3_NC_000913.3_2185135-2185632_ext_220-420_int_105_off_65_percentage_12_position_1-12 genomicbackground,2840,3,2840_3
query_2841,0,genomicbackground,0,genomicbackground,0.0022103539668023586,2841_3_RF00059_3_NC_000913.3_2185135-2185632_ext_220-420_int_105_off_70_percentage_7_position_1-7 genomicbackground,2841,3,2841_3
query_2842,0,genomicbackground,0,genomicbackground,0.0038618564140051603,2842_3_RF00059_3_NC_000913.3_2185135-2185632_ext_220-420_int_105_off_75_percentage_2_position_1-2 genomicbackground,2842,3,2842_3
query_2843,0,genomicbackground,0,genomicbackground,0.006391831673681736,2843_3_RF00059_3_NC_000913.3_2185135-2185632_ext_220-420_int_105_off_80_percentage_0_position_0-0 genomicbackground,2843,3,2843_3
query_2844,0,genomicbackground,0,genomicbackground,0.008704567328095436,2844_3_RF00059_3_NC_000913.3_2185135-2185632_ext_220-420_int_105_off_85_percentage_0_position_0-0 genomicbackground,2844,3,2844_3
query_2845,0,genomicbackground,0,genomicbackground,0.008321408182382584,2845_3_RF00059_3_NC_000913.3_2185135-2185632_ext_220-420_int_105_off_90_percentage_0_position_0-0 genomicbackground,2845,3,2845_3
query_2846,0,genomicbackground,0,genomicbackground,0.01721775159239769,2846_3_RF00059_3_NC_000913.3_2185135-2185632_ext_220-420_int_105_off_95_percentage_0_position_0-0 genomicbackground,2846,3,2846_3
query_2847,1,riboswitch,1,riboswitch,0.9988983869552612,2847_3_RF00059_3_NC_000913.3_2185135-2185632_ext_220-420_int_110_off_0_percentage_79_position_1-77 riboswitch,2847,3,2847_3
query_2848,0,genomicbackground,1,riboswitch,0.9976231455802917,2848_3_RF00059_3_NC_000913.3_2185135-2185632_ext_220-420_int_110_off_5_percentage_74_position_1-72 genomicbackground,2848,3,2848_3
query_2849,0,genomicbackground,1,riboswitch,0.9816812872886658,2849_3_RF00059_3_NC_000913.3_2185135-2185632_ext_220-420_int_110_off_10_percentage_69_position_1-67 genomicbackground,2849,3,2849_3
query_2850,0,genomicbackground,1,riboswitch,0.9688355326652527,2850_3_RF00059_3_NC_000913.3_2185135-2185632_ext_220-420_int_110_off_15_percentage_64_position_1-62 genomicbackground,2850,3,2850_3
query_2851,0,genomicbackground,1,riboswitch,0.9076646566390991,2851_3_RF00059_3_NC_000913.3_2185135-2185632_ext_220-420_int_110_off_20_percentage_59_position_1-57 genomicbackground,2851,3,2851_3
query_2852,0,genomicbackground,0,genomicbackground,0.4794919192790985,2852_3_RF00059_3_NC_000913.3_2185135-2185632_ext_220-420_int_110_off_25_percentage_54_position_1-52 genomicbackground,2852,3,2852_3
query_2853,0,genomicbackground,1,riboswitch,0.9958001971244812,2853_3_RF00059_3_NC_000913.3_2185135-2185632_ext_220-420_int_110_off_30_percentage_48_position_1-47 genomicbackground,2853,3,2853_3
query_2854,0,genomicbackground,1,riboswitch,0.6838995814323425,2854_3_RF00059_3_NC_000913.3_2185135-2185632_ext_220-420_int_110_off_35_percentage_43_position_1-42 genomicbackground,2854,3,2854_3
query_2855,0,genomicbackground,1,riboswitch,0.8069517612457275,2855_3_RF00059_3_NC_000913.3_2185135-2185632_ext_220-420_int_110_off_40_percentage_38_position_1-37 genomicbackground,2855,3,2855_3
query_2856,0,genomicbackground,1,riboswitch,0.854077935218811,2856_3_RF00059_3_NC_000913.3_2185135-2185632_ext_220-420_int_110_off_45_percentage_33_position_1-32 genomicbackground,2856,3,2856_3
query_2857,0,genomicbackground,1,riboswitch,0.5993582010269165,2857_3_RF00059_3_NC_000913.3_2185135-2185632_ext_220-420_int_110_off_50_percentage_28_position_1-27 genomicbackground,2857,3,2857_3
query_2858,0,genomicbackground,0,genomicbackground,0.38665199279785156,2858_3_RF00059_3_NC_000913.3_2185135-2185632_ext_220-420_int_110_off_55_percentage_23_position_1-22 genomicbackground,2858,3,2858_3
query_2859,0,genomicbackground,0,genomicbackground,0.0022299569100141525,2859_3_RF00059_3_NC_000913.3_2185135-2185632_ext_220-420_int_110_off_60_percentage_18_position_1-17 genomicbackground,2859,3,2859_3
query_2860,0,genomicbackground,0,genomicbackground,0.0021786086726933718,2860_3_RF00059_3_NC_000913.3_2185135-2185632_ext_220-420_int_110_off_65_percentage_12_position_1-12 genomicbackground,2860,3,2860_3
query_2861,0,genomicbackground,0,genomicbackground,0.0018833000212907791,2861_3_RF00059_3_NC_000913.3_2185135-2185632_ext_220-420_int_110_off_70_percentage_7_position_1-7 genomicbackground,2861,3,2861_3
query_2862,0,genomicbackground,0,genomicbackground,0.003667254000902176,2862_3_RF00059_3_NC_000913.3_2185135-2185632_ext_220-420_int_110_off_75_percentage_2_position_1-2 genomicbackground,2862,3,2862_3
query_2863,0,genomicbackground,0,genomicbackground,0.0067030396312475204,2863_3_RF00059_3_NC_000913.3_2185135-2185632_ext_220-420_int_110_off_80_percentage_0_position_0-0 genomicbackground,2863,3,2863_3
query_2864,0,genomicbackground,0,genomicbackground,0.0078191002830863,2864_3_RF00059_3_NC_000913.3_2185135-2185632_ext_220-420_int_110_off_85_percentage_0_position_0-0 genomicbackground,2864,3,2864_3
query_2865,0,genomicbackground,0,genomicbackground,0.00983924325555563,2865_3_RF00059_3_NC_000913.3_2185135-2185632_ext_220-420_int_110_off_90_percentage_0_position_0-0 genomicbackground,2865,3,2865_3
query_2866,1,riboswitch,1,riboswitch,0.9985432624816895,2866_3_RF00059_3_NC_000913.3_2185135-2185632_ext_220-420_int_115_off_0_percentage_79_position_1-77 riboswitch,2866,3,2866_3
query_2867,0,genomicbackground,1,riboswitch,0.9933384656906128,2867_3_RF00059_3_NC_000913.3_2185135-2185632_ext_220-420_int_115_off_5_percentage_74_position_1-72 genomicbackground,2867,3,2867_3
query_2868,0,genomicbackground,1,riboswitch,0.9909193515777588,2868_3_RF00059_3_NC_000913.3_2185135-2185632_ext_220-420_int_115_off_10_percentage_69_position_1-67 genomicbackground,2868,3,2868_3
query_2869,0,genomicbackground,1,riboswitch,0.9356622695922852,2869_3_RF00059_3_NC_000913.3_2185135-2185632_ext_220-420_int_115_off_15_percentage_64_position_1-62 genomicbackground,2869,3,2869_3
query_2870,0,genomicbackground,1,riboswitch,0.9411061406135559,2870_3_RF00059_3_NC_000913.3_2185135-2185632_ext_220-420_int_115_off_20_percentage_59_position_1-57 genomicbackground,2870,3,2870_3
query_2871,0,genomicbackground,0,genomicbackground,0.11497315764427185,2871_3_RF00059_3_NC_000913.3_2185135-2185632_ext_220-420_int_115_off_25_percentage_54_position_1-52 genomicbackground,2871,3,2871_3
query_2872,0,genomicbackground,1,riboswitch,0.994746208190918,2872_3_RF00059_3_NC_000913.3_2185135-2185632_ext_220-420_int_115_off_30_percentage_48_position_1-47 genomicbackground,2872,3,2872_3
query_2873,0,genomicbackground,1,riboswitch,0.7321565747261047,2873_3_RF00059_3_NC_000913.3_2185135-2185632_ext_220-420_int_115_off_35_percentage_43_position_1-42 genomicbackground,2873,3,2873_3
query_2874,0,genomicbackground,0,genomicbackground,0.1369621753692627,2874_3_RF00059_3_NC_000913.3_2185135-2185632_ext_220-420_int_115_off_40_percentage_38_position_1-37 genomicbackground,2874,3,2874_3
query_2875,0,genomicbackground,1,riboswitch,0.9175693392753601,2875_3_RF00059_3_NC_000913.3_2185135-2185632_ext_220-420_int_115_off_45_percentage_33_position_1-32 genomicbackground,2875,3,2875_3
query_2876,0,genomicbackground,1,riboswitch,0.7205049991607666,2876_3_RF00059_3_NC_000913.3_2185135-2185632_ext_220-420_int_115_off_50_percentage_28_position_1-27 genomicbackground,2876,3,2876_3
query_2877,0,genomicbackground,0,genomicbackground,0.15026696026325226,2877_3_RF00059_3_NC_000913.3_2185135-2185632_ext_220-420_int_115_off_55_percentage_23_position_1-22 genomicbackground,2877,3,2877_3
query_2878,0,genomicbackground,0,genomicbackground,0.001994868041947484,2878_3_RF00059_3_NC_000913.3_2185135-2185632_ext_220-420_int_115_off_60_percentage_18_position_1-17 genomicbackground,2878,3,2878_3
query_2879,0,genomicbackground,0,genomicbackground,0.0018674094462767243,2879_3_RF00059_3_NC_000913.3_2185135-2185632_ext_220-420_int_115_off_65_percentage_12_position_1-12 genomicbackground,2879,3,2879_3
query_2880,0,genomicbackground,0,genomicbackground,0.0017844658577814698,2880_3_RF00059_3_NC_000913.3_2185135-2185632_ext_220-420_int_115_off_70_percentage_7_position_1-7 genomicbackground,2880,3,2880_3
query_2881,0,genomicbackground,0,genomicbackground,0.0013043390354141593,2881_3_RF00059_3_NC_000913.3_2185135-2185632_ext_220-420_int_115_off_75_percentage_2_position_1-2 genomicbackground,2881,3,2881_3
query_2882,0,genomicbackground,0,genomicbackground,0.006085942033678293,2882_3_RF00059_3_NC_000913.3_2185135-2185632_ext_220-420_int_115_off_80_percentage_0_position_0-0 genomicbackground,2882,3,2882_3
query_2883,0,genomicbackground,0,genomicbackground,0.009111526422202587,2883_3_RF00059_3_NC_000913.3_2185135-2185632_ext_220-420_int_115_off_85_percentage_0_position_0-0 genomicbackground,2883,3,2883_3
query_2884,1,riboswitch,1,riboswitch,0.9985485672950745,2884_3_RF00059_3_NC_000913.3_2185135-2185632_ext_220-420_int_120_off_0_percentage_79_position_1-77 riboswitch,2884,3,2884_3
query_2885,0,genomicbackground,1,riboswitch,0.9948843121528625,2885_3_RF00059_3_NC_000913.3_2185135-2185632_ext_220-420_int_120_off_5_percentage_74_position_1-72 genomicbackground,2885,3,2885_3
query_2886,0,genomicbackground,1,riboswitch,0.9771249890327454,2886_3_RF00059_3_NC_000913.3_2185135-2185632_ext_220-420_int_120_off_10_percentage_69_position_1-67 genomicbackground,2886,3,2886_3
query_2887,0,genomicbackground,1,riboswitch,0.9600898027420044,2887_3_RF00059_3_NC_000913.3_2185135-2185632_ext_220-420_int_120_off_15_percentage_64_position_1-62 genomicbackground,2887,3,2887_3
query_2888,0,genomicbackground,1,riboswitch,0.9958028197288513,2888_3_RF00059_3_NC_000913.3_2185135-2185632_ext_220-420_int_120_off_20_percentage_59_position_1-57 genomicbackground,2888,3,2888_3
query_2889,0,genomicbackground,1,riboswitch,0.9939947724342346,2889_3_RF00059_3_NC_000913.3_2185135-2185632_ext_220-420_int_120_off_25_percentage_54_position_1-52 genomicbackground,2889,3,2889_3
query_2890,0,genomicbackground,0,genomicbackground,0.061845652759075165,2890_3_RF00059_3_NC_000913.3_2185135-2185632_ext_220-420_int_120_off_30_percentage_48_position_1-47 genomicbackground,2890,3,2890_3
query_2891,0,genomicbackground,0,genomicbackground,0.06003880500793457,2891_3_RF00059_3_NC_000913.3_2185135-2185632_ext_220-420_int_120_off_35_percentage_43_position_1-42 genomicbackground,2891,3,2891_3
query_2892,0,genomicbackground,0,genomicbackground,0.0608576238155365,2892_3_RF00059_3_NC_000913.3_2185135-2185632_ext_220-420_int_120_off_40_percentage_38_position_1-37 genomicbackground,2892,3,2892_3
query_2893,0,genomicbackground,1,riboswitch,0.9000064134597778,2893_3_RF00059_3_NC_000913.3_2185135-2185632_ext_220-420_int_120_off_45_percentage_33_position_1-32 genomicbackground,2893,3,2893_3
query_2894,0,genomicbackground,1,riboswitch,0.6341741681098938,2894_3_RF00059_3_NC_000913.3_2185135-2185632_ext_220-420_int_120_off_50_percentage_28_position_1-27 genomicbackground,2894,3,2894_3
query_2895,0,genomicbackground,0,genomicbackground,0.08746742457151413,2895_3_RF00059_3_NC_000913.3_2185135-2185632_ext_220-420_int_120_off_55_percentage_23_position_1-22 genomicbackground,2895,3,2895_3
query_2896,0,genomicbackground,0,genomicbackground,0.0017864358378574252,2896_3_RF00059_3_NC_000913.3_2185135-2185632_ext_220-420_int_120_off_60_percentage_18_position_1-17 genomicbackground,2896,3,2896_3
query_2897,0,genomicbackground,0,genomicbackground,0.0018368088640272617,2897_3_RF00059_3_NC_000913.3_2185135-2185632_ext_220-420_int_120_off_65_percentage_12_position_1-12 genomicbackground,2897,3,2897_3
query_2898,0,genomicbackground,0,genomicbackground,0.0017563035944476724,2898_3_RF00059_3_NC_000913.3_2185135-2185632_ext_220-420_int_120_off_70_percentage_7_position_1-7 genomicbackground,2898,3,2898_3
query_2899,0,genomicbackground,0,genomicbackground,0.001216238597407937,2899_3_RF00059_3_NC_000913.3_2185135-2185632_ext_220-420_int_120_off_75_percentage_2_position_1-2 genomicbackground,2899,3,2899_3
query_2900,0,genomicbackground,0,genomicbackground,0.004104228224605322,2900_3_RF00059_3_NC_000913.3_2185135-2185632_ext_220-420_int_120_off_80_percentage_0_position_0-0 genomicbackground,2900,3,2900_3
query_2901,1,riboswitch,1,riboswitch,0.9985113739967346,2901_3_RF00059_3_NC_000913.3_2185135-2185632_ext_220-420_int_125_off_0_percentage_79_position_1-77 riboswitch,2901,3,2901_3
query_2902,0,genomicbackground,1,riboswitch,0.9828327298164368,2902_3_RF00059_3_NC_000913.3_2185135-2185632_ext_220-420_int_125_off_5_percentage_74_position_1-72 genomicbackground,2902,3,2902_3
query_2903,0,genomicbackground,1,riboswitch,0.9970959424972534,2903_3_RF00059_3_NC_000913.3_2185135-2185632_ext_220-420_int_125_off_10_percentage_69_position_1-67 genomicbackground,2903,3,2903_3
query_2904,0,genomicbackground,1,riboswitch,0.9956282377243042,2904_3_RF00059_3_NC_000913.3_2185135-2185632_ext_220-420_int_125_off_15_percentage_64_position_1-62 genomicbackground,2904,3,2904_3
query_2905,0,genomicbackground,1,riboswitch,0.99436354637146,2905_3_RF00059_3_NC_000913.3_2185135-2185632_ext_220-420_int_125_off_20_percentage_59_position_1-57 genomicbackground,2905,3,2905_3
query_2906,0,genomicbackground,0,genomicbackground,0.014946073293685913,2906_3_RF00059_3_NC_000913.3_2185135-2185632_ext_220-420_int_125_off_25_percentage_54_position_1-52 genomicbackground,2906,3,2906_3
query_2907,0,genomicbackground,0,genomicbackground,0.30219516158103943,2907_3_RF00059_3_NC_000913.3_2185135-2185632_ext_220-420_int_125_off_30_percentage_48_position_1-47 genomicbackground,2907,3,2907_3
query_2908,0,genomicbackground,0,genomicbackground,0.04640328884124756,2908_3_RF00059_3_NC_000913.3_2185135-2185632_ext_220-420_int_125_off_35_percentage_43_position_1-42 genomicbackground,2908,3,2908_3
query_2909,0,genomicbackground,0,genomicbackground,0.07347584515810013,2909_3_RF00059_3_NC_000913.3_2185135-2185632_ext_220-420_int_125_off_40_percentage_38_position_1-37 genomicbackground,2909,3,2909_3
query_2910,0,genomicbackground,1,riboswitch,0.8685311079025269,2910_3_RF00059_3_NC_000913.3_2185135-2185632_ext_220-420_int_125_off_45_percentage_33_position_1-32 genomicbackground,2910,3,2910_3
query_2911,0,genomicbackground,0,genomicbackground,0.4063437283039093,2911_3_RF00059_3_NC_000913.3_2185135-2185632_ext_220-420_int_125_off_50_percentage_28_position_1-27 genomicbackground,2911,3,2911_3
query_2912,0,genomicbackground,0,genomicbackground,0.12459151446819305,2912_3_RF00059_3_NC_000913.3_2185135-2185632_ext_220-420_int_125_off_55_percentage_23_position_1-22 genomicbackground,2912,3,2912_3
query_2913,0,genomicbackground,0,genomicbackground,0.0017649339279159904,2913_3_RF00059_3_NC_000913.3_2185135-2185632_ext_220-420_int_125_off_60_percentage_18_position_1-17 genomicbackground,2913,3,2913_3
query_2914,0,genomicbackground,0,genomicbackground,0.0017947152955457568,2914_3_RF00059_3_NC_000913.3_2185135-2185632_ext_220-420_int_125_off_65_percentage_12_position_1-12 genomicbackground,2914,3,2914_3
query_2915,0,genomicbackground,0,genomicbackground,0.00150335393846035,2915_3_RF00059_3_NC_000913.3_2185135-2185632_ext_220-420_int_125_off_70_percentage_7_position_1-7 genomicbackground,2915,3,2915_3
query_2916,0,genomicbackground,0,genomicbackground,0.003482881234958768,2916_3_RF00059_3_NC_000913.3_2185135-2185632_ext_220-420_int_125_off_75_percentage_2_position_1-2 genomicbackground,2916,3,2916_3
query_2917,1,riboswitch,1,riboswitch,0.9809898138046265,2917_3_RF00059_3_NC_000913.3_2185135-2185632_ext_220-420_int_130_off_0_percentage_79_position_1-77 riboswitch,2917,3,2917_3
query_2918,0,genomicbackground,1,riboswitch,0.997796893119812,2918_3_RF00059_3_NC_000913.3_2185135-2185632_ext_220-420_int_130_off_5_percentage_74_position_1-72 genomicbackground,2918,3,2918_3
query_2919,0,genomicbackground,1,riboswitch,0.9681642651557922,2919_3_RF00059_3_NC_000913.3_2185135-2185632_ext_220-420_int_130_off_10_percentage_69_position_1-67 genomicbackground,2919,3,2919_3
query_2920,0,genomicbackground,1,riboswitch,0.9802932143211365,2920_3_RF00059_3_NC_000913.3_2185135-2185632_ext_220-420_int_130_off_15_percentage_64_position_1-62 genomicbackground,2920,3,2920_3
query_2921,0,genomicbackground,0,genomicbackground,0.31137973070144653,2921_3_RF00059_3_NC_000913.3_2185135-2185632_ext_220-420_int_130_off_20_percentage_59_position_1-57 genomicbackground,2921,3,2921_3
query_2922,0,genomicbackground,0,genomicbackground,0.0033706864342093468,2922_3_RF00059_3_NC_000913.3_2185135-2185632_ext_220-420_int_130_off_25_percentage_54_position_1-52 genomicbackground,2922,3,2922_3
query_2923,0,genomicbackground,0,genomicbackground,0.17792923748493195,2923_3_RF00059_3_NC_000913.3_2185135-2185632_ext_220-420_int_130_off_30_percentage_48_position_1-47 genomicbackground,2923,3,2923_3
query_2924,0,genomicbackground,0,genomicbackground,0.03383828327059746,2924_3_RF00059_3_NC_000913.3_2185135-2185632_ext_220-420_int_130_off_35_percentage_43_position_1-42 genomicbackground,2924,3,2924_3
query_2925,0,genomicbackground,0,genomicbackground,0.059950049966573715,2925_3_RF00059_3_NC_000913.3_2185135-2185632_ext_220-420_int_130_off_40_percentage_38_position_1-37 genomicbackground,2925,3,2925_3
query_2926,0,genomicbackground,1,riboswitch,0.7394842505455017,2926_3_RF00059_3_NC_000913.3_2185135-2185632_ext_220-420_int_130_off_45_percentage_33_position_1-32 genomicbackground,2926,3,2926_3
query_2927,0,genomicbackground,0,genomicbackground,0.1182345300912857,2927_3_RF00059_3_NC_000913.3_2185135-2185632_ext_220-420_int_130_off_50_percentage_28_position_1-27 genomicbackground,2927,3,2927_3
query_2928,0,genomicbackground,0,genomicbackground,0.14615081250667572,2928_3_RF00059_3_NC_000913.3_2185135-2185632_ext_220-420_int_130_off_55_percentage_23_position_1-22 genomicbackground,2928,3,2928_3
query_2929,0,genomicbackground,0,genomicbackground,0.003311557462438941,2929_3_RF00059_3_NC_000913.3_2185135-2185632_ext_220-420_int_130_off_60_percentage_18_position_1-17 genomicbackground,2929,3,2929_3
query_2930,0,genomicbackground,0,genomicbackground,0.0014888051664456725,2930_3_RF00059_3_NC_000913.3_2185135-2185632_ext_220-420_int_130_off_65_percentage_12_position_1-12 genomicbackground,2930,3,2930_3
query_2931,0,genomicbackground,0,genomicbackground,0.0025367611087858677,2931_3_RF00059_3_NC_000913.3_2185135-2185632_ext_220-420_int_130_off_70_percentage_7_position_1-7 genomicbackground,2931,3,2931_3
query_2932,1,riboswitch,1,riboswitch,0.9985150694847107,2932_3_RF00059_3_NC_000913.3_2185135-2185632_ext_220-420_int_135_off_0_percentage_79_position_1-77 riboswitch,2932,3,2932_3
query_2933,0,genomicbackground,1,riboswitch,0.9800211787223816,2933_3_RF00059_3_NC_000913.3_2185135-2185632_ext_220-420_int_135_off_5_percentage_74_position_1-72 genomicbackground,2933,3,2933_3
query_2934,0,genomicbackground,1,riboswitch,0.9409509897232056,2934_3_RF00059_3_NC_000913.3_2185135-2185632_ext_220-420_int_135_off_10_percentage_69_position_1-67 genomicbackground,2934,3,2934_3
query_2935,0,genomicbackground,1,riboswitch,0.5612086057662964,2935_3_RF00059_3_NC_000913.3_2185135-2185632_ext_220-420_int_135_off_15_percentage_64_position_1-62 genomicbackground,2935,3,2935_3
query_2936,0,genomicbackground,0,genomicbackground,0.02291054278612137,2936_3_RF00059_3_NC_000913.3_2185135-2185632_ext_220-420_int_135_off_20_percentage_59_position_1-57 genomicbackground,2936,3,2936_3
query_2937,0,genomicbackground,0,genomicbackground,0.13161124289035797,2937_3_RF00059_3_NC_000913.3_2185135-2185632_ext_220-420_int_135_off_25_percentage_54_position_1-52 genomicbackground,2937,3,2937_3
query_2938,0,genomicbackground,0,genomicbackground,0.060656651854515076,2938_3_RF00059_3_NC_000913.3_2185135-2185632_ext_220-420_int_135_off_30_percentage_48_position_1-47 genomicbackground,2938,3,2938_3
query_2939,0,genomicbackground,0,genomicbackground,0.031100185588002205,2939_3_RF00059_3_NC_000913.3_2185135-2185632_ext_220-420_int_135_off_35_percentage_43_position_1-42 genomicbackground,2939,3,2939_3
query_2940,0,genomicbackground,0,genomicbackground,0.030309075489640236,2940_3_RF00059_3_NC_000913.3_2185135-2185632_ext_220-420_int_135_off_40_percentage_38_position_1-37 genomicbackground,2940,3,2940_3
query_2941,0,genomicbackground,1,riboswitch,0.8531518578529358,2941_3_RF00059_3_NC_000913.3_2185135-2185632_ext_220-420_int_135_off_45_percentage_33_position_1-32 genomicbackground,2941,3,2941_3
query_2942,0,genomicbackground,0,genomicbackground,0.0779661312699318,2942_3_RF00059_3_NC_000913.3_2185135-2185632_ext_220-420_int_135_off_50_percentage_28_position_1-27 genomicbackground,2942,3,2942_3
query_2943,0,genomicbackground,0,genomicbackground,0.12003879994153976,2943_3_RF00059_3_NC_000913.3_2185135-2185632_ext_220-420_int_135_off_55_percentage_23_position_1-22 genomicbackground,2943,3,2943_3
query_2944,0,genomicbackground,0,genomicbackground,0.002264897571876645,2944_3_RF00059_3_NC_000913.3_2185135-2185632_ext_220-420_int_135_off_60_percentage_18_position_1-17 genomicbackground,2944,3,2944_3
query_2945,0,genomicbackground,0,genomicbackground,0.0014877115609124303,2945_3_RF00059_3_NC_000913.3_2185135-2185632_ext_220-420_int_135_off_65_percentage_12_position_1-12 genomicbackground,2945,3,2945_3
query_2946,1,riboswitch,1,riboswitch,0.9785060286521912,2946_3_RF00059_3_NC_000913.3_2185135-2185632_ext_220-420_int_140_off_0_percentage_79_position_1-77 riboswitch,2946,3,2946_3
query_2947,0,genomicbackground,1,riboswitch,0.9679965972900391,2947_3_RF00059_3_NC_000913.3_2185135-2185632_ext_220-420_int_140_off_5_percentage_74_position_1-72 genomicbackground,2947,3,2947_3
query_2948,0,genomicbackground,1,riboswitch,0.9950394034385681,2948_3_RF00059_3_NC_000913.3_2185135-2185632_ext_220-420_int_140_off_10_percentage_69_position_1-67 genomicbackground,2948,3,2948_3
query_2949,0,genomicbackground,0,genomicbackground,0.0712401419878006,2949_3_RF00059_3_NC_000913.3_2185135-2185632_ext_220-420_int_140_off_15_percentage_64_position_1-62 genomicbackground,2949,3,2949_3
query_2950,0,genomicbackground,0,genomicbackground,0.421714723110199,2950_3_RF00059_3_NC_000913.3_2185135-2185632_ext_220-420_int_140_off_20_percentage_59_position_1-57 genomicbackground,2950,3,2950_3
query_2951,0,genomicbackground,0,genomicbackground,0.05455711856484413,2951_3_RF00059_3_NC_000913.3_2185135-2185632_ext_220-420_int_140_off_25_percentage_54_position_1-52 genomicbackground,2951,3,2951_3
query_2952,0,genomicbackground,0,genomicbackground,0.021529318764805794,2952_3_RF00059_3_NC_000913.3_2185135-2185632_ext_220-420_int_140_off_30_percentage_48_position_1-47 genomicbackground,2952,3,2952_3
query_2953,0,genomicbackground,0,genomicbackground,0.01686003990471363,2953_3_RF00059_3_NC_000913.3_2185135-2185632_ext_220-420_int_140_off_35_percentage_43_position_1-42 genomicbackground,2953,3,2953_3
query_2954,0,genomicbackground,0,genomicbackground,0.019445713609457016,2954_3_RF00059_3_NC_000913.3_2185135-2185632_ext_220-420_int_140_off_40_percentage_38_position_1-37 genomicbackground,2954,3,2954_3
query_2955,0,genomicbackground,1,riboswitch,0.8872808814048767,2955_3_RF00059_3_NC_000913.3_2185135-2185632_ext_220-420_int_140_off_45_percentage_33_position_1-32 genomicbackground,2955,3,2955_3
query_2956,0,genomicbackground,0,genomicbackground,0.2090476006269455,2956_3_RF00059_3_NC_000913.3_2185135-2185632_ext_220-420_int_140_off_50_percentage_28_position_1-27 genomicbackground,2956,3,2956_3
query_2957,0,genomicbackground,0,genomicbackground,0.050516318529844284,2957_3_RF00059_3_NC_000913.3_2185135-2185632_ext_220-420_int_140_off_55_percentage_23_position_1-22 genomicbackground,2957,3,2957_3
query_2958,0,genomicbackground,0,genomicbackground,0.0020300813484936953,2958_3_RF00059_3_NC_000913.3_2185135-2185632_ext_220-420_int_140_off_60_percentage_18_position_1-17 genomicbackground,2958,3,2958_3
query_2959,1,riboswitch,1,riboswitch,0.9971926808357239,2959_3_RF00059_3_NC_000913.3_2185135-2185632_ext_220-420_int_145_off_0_percentage_79_position_1-77 riboswitch,2959,3,2959_3
query_2960,0,genomicbackground,1,riboswitch,0.9965746402740479,2960_3_RF00059_3_NC_000913.3_2185135-2185632_ext_220-420_int_145_off_5_percentage_74_position_1-72 genomicbackground,2960,3,2960_3
query_2961,0,genomicbackground,1,riboswitch,0.9919678568840027,2961_3_RF00059_3_NC_000913.3_2185135-2185632_ext_220-420_int_145_off_10_percentage_69_position_1-67 genomicbackground,2961,3,2961_3
query_2962,0,genomicbackground,0,genomicbackground,0.46477213501930237,2962_3_RF00059_3_NC_000913.3_2185135-2185632_ext_220-420_int_145_off_15_percentage_64_position_1-62 genomicbackground,2962,3,2962_3
query_2963,0,genomicbackground,0,genomicbackground,0.2494448572397232,2963_3_RF00059_3_NC_000913.3_2185135-2185632_ext_220-420_int_145_off_20_percentage_59_position_1-57 genomicbackground,2963,3,2963_3
query_2964,0,genomicbackground,0,genomicbackground,0.020913993939757347,2964_3_RF00059_3_NC_000913.3_2185135-2185632_ext_220-420_int_145_off_25_percentage_54_position_1-52 genomicbackground,2964,3,2964_3
query_2965,0,genomicbackground,0,genomicbackground,0.011395622976124287,2965_3_RF00059_3_NC_000913.3_2185135-2185632_ext_220-420_int_145_off_30_percentage_48_position_1-47 genomicbackground,2965,3,2965_3
query_2966,0,genomicbackground,0,genomicbackground,0.011387556791305542,2966_3_RF00059_3_NC_000913.3_2185135-2185632_ext_220-420_int_145_off_35_percentage_43_position_1-42 genomicbackground,2966,3,2966_3
query_2967,0,genomicbackground,0,genomicbackground,0.018509522080421448,2967_3_RF00059_3_NC_000913.3_2185135-2185632_ext_220-420_int_145_off_40_percentage_38_position_1-37 genomicbackground,2967,3,2967_3
query_2968,0,genomicbackground,0,genomicbackground,0.048635050654411316,2968_3_RF00059_3_NC_000913.3_2185135-2185632_ext_220-420_int_145_off_45_percentage_33_position_1-32 genomicbackground,2968,3,2968_3
query_2969,0,genomicbackground,0,genomicbackground,0.0390099361538887,2969_3_RF00059_3_NC_000913.3_2185135-2185632_ext_220-420_int_145_off_50_percentage_28_position_1-27 genomicbackground,2969,3,2969_3
query_2970,0,genomicbackground,0,genomicbackground,0.03003964200615883,2970_3_RF00059_3_NC_000913.3_2185135-2185632_ext_220-420_int_145_off_55_percentage_23_position_1-22 genomicbackground,2970,3,2970_3
query_2971,1,riboswitch,1,riboswitch,0.8292188048362732,2971_3_RF00059_3_NC_000913.3_2185135-2185632_ext_220-420_int_150_off_0_percentage_79_position_1-77 riboswitch,2971,3,2971_3
query_2972,0,genomicbackground,1,riboswitch,0.9851915836334229,2972_3_RF00059_3_NC_000913.3_2185135-2185632_ext_220-420_int_150_off_5_percentage_74_position_1-72 genomicbackground,2972,3,2972_3
query_2973,0,genomicbackground,1,riboswitch,0.7687363624572754,2973_3_RF00059_3_NC_000913.3_2185135-2185632_ext_220-420_int_150_off_10_percentage_69_position_1-67 genomicbackground,2973,3,2973_3
query_2974,0,genomicbackground,0,genomicbackground,0.29394882917404175,2974_3_RF00059_3_NC_000913.3_2185135-2185632_ext_220-420_int_150_off_15_percentage_64_position_1-62 genomicbackground,2974,3,2974_3
query_2975,0,genomicbackground,0,genomicbackground,0.21095280349254608,2975_3_RF00059_3_NC_000913.3_2185135-2185632_ext_220-420_int_150_off_20_percentage_59_position_1-57 genomicbackground,2975,3,2975_3
query_2976,0,genomicbackground,0,genomicbackground,0.011578158475458622,2976_3_RF00059_3_NC_000913.3_2185135-2185632_ext_220-420_int_150_off_25_percentage_54_position_1-52 genomicbackground,2976,3,2976_3
query_2977,0,genomicbackground,0,genomicbackground,0.007788233924657106,2977_3_RF00059_3_NC_000913.3_2185135-2185632_ext_220-420_int_150_off_30_percentage_48_position_1-47 genomicbackground,2977,3,2977_3
query_2978,0,genomicbackground,0,genomicbackground,0.010828804224729538,2978_3_RF00059_3_NC_000913.3_2185135-2185632_ext_220-420_int_150_off_35_percentage_43_position_1-42 genomicbackground,2978,3,2978_3
query_2979,0,genomicbackground,0,genomicbackground,0.016743198037147522,2979_3_RF00059_3_NC_000913.3_2185135-2185632_ext_220-420_int_150_off_40_percentage_38_position_1-37 genomicbackground,2979,3,2979_3
query_2980,0,genomicbackground,0,genomicbackground,0.08354531973600388,2980_3_RF00059_3_NC_000913.3_2185135-2185632_ext_220-420_int_150_off_45_percentage_33_position_1-32 genomicbackground,2980,3,2980_3
query_2981,0,genomicbackground,0,genomicbackground,0.02270560711622238,2981_3_RF00059_3_NC_000913.3_2185135-2185632_ext_220-420_int_150_off_50_percentage_28_position_1-27 genomicbackground,2981,3,2981_3
query_2982,1,riboswitch,0,genomicbackground,0.27710846066474915,2982_3_RF00059_3_NC_000913.3_2185135-2185632_ext_220-420_int_155_off_0_percentage_79_position_1-77 riboswitch,2982,3,2982_3
query_2983,0,genomicbackground,1,riboswitch,0.9964279532432556,2983_3_RF00059_3_NC_000913.3_2185135-2185632_ext_220-420_int_155_off_5_percentage_74_position_1-72 genomicbackground,2983,3,2983_3
query_2984,0,genomicbackground,0,genomicbackground,0.05854775384068489,2984_3_RF00059_3_NC_000913.3_2185135-2185632_ext_220-420_int_155_off_10_percentage_69_position_1-67 genomicbackground,2984,3,2984_3
query_2985,0,genomicbackground,0,genomicbackground,0.08178535103797913,2985_3_RF00059_3_NC_000913.3_2185135-2185632_ext_220-420_int_155_off_15_percentage_64_position_1-62 genomicbackground,2985,3,2985_3
query_2986,0,genomicbackground,0,genomicbackground,0.061262182891368866,2986_3_RF00059_3_NC_000913.3_2185135-2185632_ext_220-420_int_155_off_20_percentage_59_position_1-57 genomicbackground,2986,3,2986_3
query_2987,0,genomicbackground,0,genomicbackground,0.008049421943724155,2987_3_RF00059_3_NC_000913.3_2185135-2185632_ext_220-420_int_155_off_25_percentage_54_position_1-52 genomicbackground,2987,3,2987_3
query_2988,0,genomicbackground,0,genomicbackground,0.0074485959485173225,2988_3_RF00059_3_NC_000913.3_2185135-2185632_ext_220-420_int_155_off_30_percentage_48_position_1-47 genomicbackground,2988,3,2988_3
query_2989,0,genomicbackground,0,genomicbackground,0.009977194480597973,2989_3_RF00059_3_NC_000913.3_2185135-2185632_ext_220-420_int_155_off_35_percentage_43_position_1-42 genomicbackground,2989,3,2989_3
query_2990,0,genomicbackground,0,genomicbackground,0.010931793600320816,2990_3_RF00059_3_NC_000913.3_2185135-2185632_ext_220-420_int_155_off_40_percentage_38_position_1-37 genomicbackground,2990,3,2990_3
query_2991,0,genomicbackground,0,genomicbackground,0.3920136094093323,2991_3_RF00059_3_NC_000913.3_2185135-2185632_ext_220-420_int_155_off_45_percentage_33_position_1-32 genomicbackground,2991,3,2991_3
query_2992,1,riboswitch,0,genomicbackground,0.2326972633600235,2992_3_RF00059_3_NC_000913.3_2185135-2185632_ext_220-420_int_160_off_0_percentage_79_position_1-77 riboswitch,2992,3,2992_3
query_2993,0,genomicbackground,1,riboswitch,0.9966379404067993,2993_3_RF00059_3_NC_000913.3_2185135-2185632_ext_220-420_int_160_off_5_percentage_74_position_1-72 genomicbackground,2993,3,2993_3
query_2994,0,genomicbackground,1,riboswitch,0.6586113572120667,2994_3_RF00059_3_NC_000913.3_2185135-2185632_ext_220-420_int_160_off_10_percentage_69_position_1-67 genomicbackground,2994,3,2994_3
query_2995,0,genomicbackground,0,genomicbackground,0.04742380604147911,2995_3_RF00059_3_NC_000913.3_2185135-2185632_ext_220-420_int_160_off_15_percentage_64_position_1-62 genomicbackground,2995,3,2995_3
query_2996,0,genomicbackground,0,genomicbackground,0.02930341474711895,2996_3_RF00059_3_NC_000913.3_2185135-2185632_ext_220-420_int_160_off_20_percentage_59_position_1-57 genomicbackground,2996,3,2996_3
query_2997,0,genomicbackground,0,genomicbackground,0.007680302951484919,2997_3_RF00059_3_NC_000913.3_2185135-2185632_ext_220-420_int_160_off_25_percentage_54_position_1-52 genomicbackground,2997,3,2997_3
query_2998,0,genomicbackground,0,genomicbackground,0.0068842703476548195,2998_3_RF00059_3_NC_000913.3_2185135-2185632_ext_220-420_int_160_off_30_percentage_48_position_1-47 genomicbackground,2998,3,2998_3
query_2999,0,genomicbackground,0,genomicbackground,0.006813929881900549,2999_3_RF00059_3_NC_000913.3_2185135-2185632_ext_220-420_int_160_off_35_percentage_43_position_1-42 genomicbackground,2999,3,2999_3
query_3000,0,genomicbackground,0,genomicbackground,0.009233166463673115,3000_3_RF00059_3_NC_000913.3_2185135-2185632_ext_220-420_int_160_off_40_percentage_38_position_1-37 genomicbackground,3000,3,3000_3
query_3001,1,riboswitch,0,genomicbackground,0.09803199768066406,3001_3_RF00059_3_NC_000913.3_2185135-2185632_ext_220-420_int_165_off_0_percentage_79_position_1-77 riboswitch,3001,3,3001_3
query_3002,0,genomicbackground,1,riboswitch,0.749519944190979,3002_3_RF00059_3_NC_000913.3_2185135-2185632_ext_220-420_int_165_off_5_percentage_74_position_1-72 genomicbackground,3002,3,3002_3
query_3003,0,genomicbackground,1,riboswitch,0.57065749168396,3003_3_RF00059_3_NC_000913.3_2185135-2185632_ext_220-420_int_165_off_10_percentage_69_position_1-67 genomicbackground,3003,3,3003_3
query_3004,0,genomicbackground,0,genomicbackground,0.033059414476156235,3004_3_RF00059_3_NC_000913.3_2185135-2185632_ext_220-420_int_165_off_15_percentage_64_position_1-62 genomicbackground,3004,3,3004_3
query_3005,0,genomicbackground,0,genomicbackground,0.02973739616572857,3005_3_RF00059_3_NC_000913.3_2185135-2185632_ext_220-420_int_165_off_20_percentage_59_position_1-57 genomicbackground,3005,3,3005_3
query_3006,0,genomicbackground,0,genomicbackground,0.007100139278918505,3006_3_RF00059_3_NC_000913.3_2185135-2185632_ext_220-420_int_165_off_25_percentage_54_position_1-52 genomicbackground,3006,3,3006_3
query_3007,0,genomicbackground,0,genomicbackground,0.004791520070284605,3007_3_RF00059_3_NC_000913.3_2185135-2185632_ext_220-420_int_165_off_30_percentage_48_position_1-47 genomicbackground,3007,3,3007_3
query_3008,0,genomicbackground,0,genomicbackground,0.006048399023711681,3008_3_RF00059_3_NC_000913.3_2185135-2185632_ext_220-420_int_165_off_35_percentage_43_position_1-42 genomicbackground,3008,3,3008_3
query_3009,1,riboswitch,1,riboswitch,0.7204630374908447,3009_3_RF00059_3_NC_000913.3_2185135-2185632_ext_220-420_int_170_off_0_percentage_79_position_1-77 riboswitch,3009,3,3009_3
query_3010,0,genomicbackground,1,riboswitch,0.885216474533081,3010_3_RF00059_3_NC_000913.3_2185135-2185632_ext_220-420_int_170_off_5_percentage_74_position_1-72 genomicbackground,3010,3,3010_3
query_3011,0,genomicbackground,0,genomicbackground,0.3807727098464966,3011_3_RF00059_3_NC_000913.3_2185135-2185632_ext_220-420_int_170_off_10_percentage_69_position_1-67 genomicbackground,3011,3,3011_3
query_3012,0,genomicbackground,0,genomicbackground,0.033457644283771515,3012_3_RF00059_3_NC_000913.3_2185135-2185632_ext_220-420_int_170_off_15_percentage_64_position_1-62 genomicbackground,3012,3,3012_3
query_3013,0,genomicbackground,0,genomicbackground,0.026089293882250786,3013_3_RF00059_3_NC_000913.3_2185135-2185632_ext_220-420_int_170_off_20_percentage_59_position_1-57 genomicbackground,3013,3,3013_3
query_3014,0,genomicbackground,0,genomicbackground,0.004999494180083275,3014_3_RF00059_3_NC_000913.3_2185135-2185632_ext_220-420_int_170_off_25_percentage_54_position_1-52 genomicbackground,3014,3,3014_3
query_3015,0,genomicbackground,0,genomicbackground,0.004424959886819124,3015_3_RF00059_3_NC_000913.3_2185135-2185632_ext_220-420_int_170_off_30_percentage_48_position_1-47 genomicbackground,3015,3,3015_3
query_3016,1,riboswitch,1,riboswitch,0.7472710013389587,3016_3_RF00059_3_NC_000913.3_2185135-2185632_ext_220-420_int_175_off_0_percentage_79_position_1-77 riboswitch,3016,3,3016_3
query_3017,0,genomicbackground,1,riboswitch,0.8276388645172119,3017_3_RF00059_3_NC_000913.3_2185135-2185632_ext_220-420_int_175_off_5_percentage_74_position_1-72 genomicbackground,3017,3,3017_3
query_3018,0,genomicbackground,0,genomicbackground,0.41540080308914185,3018_3_RF00059_3_NC_000913.3_2185135-2185632_ext_220-420_int_175_off_10_percentage_69_position_1-67 genomicbackground,3018,3,3018_3
query_3019,0,genomicbackground,0,genomicbackground,0.03070586360991001,3019_3_RF00059_3_NC_000913.3_2185135-2185632_ext_220-420_int_175_off_15_percentage_64_position_1-62 genomicbackground,3019,3,3019_3
query_3020,0,genomicbackground,0,genomicbackground,0.01345615554600954,3020_3_RF00059_3_NC_000913.3_2185135-2185632_ext_220-420_int_175_off_20_percentage_59_position_1-57 genomicbackground,3020,3,3020_3
query_3021,0,genomicbackground,0,genomicbackground,0.004622554872184992,3021_3_RF00059_3_NC_000913.3_2185135-2185632_ext_220-420_int_175_off_25_percentage_54_position_1-52 genomicbackground,3021,3,3021_3
query_3022,1,riboswitch,1,riboswitch,0.63255774974823,3022_3_RF00059_3_NC_000913.3_2185135-2185632_ext_220-420_int_180_off_0_percentage_79_position_1-77 riboswitch,3022,3,3022_3
query_3023,0,genomicbackground,1,riboswitch,0.8729045391082764,3023_3_RF00059_3_NC_000913.3_2185135-2185632_ext_220-420_int_180_off_5_percentage_74_position_1-72 genomicbackground,3023,3,3023_3
query_3024,0,genomicbackground,0,genomicbackground,0.35828396677970886,3024_3_RF00059_3_NC_000913.3_2185135-2185632_ext_220-420_int_180_off_10_percentage_69_position_1-67 genomicbackground,3024,3,3024_3
query_3025,0,genomicbackground,0,genomicbackground,0.02124791592359543,3025_3_RF00059_3_NC_000913.3_2185135-2185632_ext_220-420_int_180_off_15_percentage_64_position_1-62 genomicbackground,3025,3,3025_3
query_3026,0,genomicbackground,0,genomicbackground,0.011048303917050362,3026_3_RF00059_3_NC_000913.3_2185135-2185632_ext_220-420_int_180_off_20_percentage_59_position_1-57 genomicbackground,3026,3,3026_3
query_3027,1,riboswitch,1,riboswitch,0.6750293374061584,3027_3_RF00059_3_NC_000913.3_2185135-2185632_ext_220-420_int_185_off_0_percentage_79_position_1-77 riboswitch,3027,3,3027_3
query_3028,0,genomicbackground,1,riboswitch,0.8365382552146912,3028_3_RF00059_3_NC_000913.3_2185135-2185632_ext_220-420_int_185_off_5_percentage_74_position_1-72 genomicbackground,3028,3,3028_3
query_3029,0,genomicbackground,0,genomicbackground,0.16174112260341644,3029_3_RF00059_3_NC_000913.3_2185135-2185632_ext_220-420_int_185_off_10_percentage_69_position_1-67 genomicbackground,3029,3,3029_3
query_3030,0,genomicbackground,0,genomicbackground,0.019307943060994148,3030_3_RF00059_3_NC_000913.3_2185135-2185632_ext_220-420_int_185_off_15_percentage_64_position_1-62 genomicbackground,3030,3,3030_3
query_3031,1,riboswitch,1,riboswitch,0.6210513710975647,3031_3_RF00059_3_NC_000913.3_2185135-2185632_ext_220-420_int_190_off_0_percentage_79_position_1-77 riboswitch,3031,3,3031_3
query_3032,0,genomicbackground,1,riboswitch,0.570784330368042,3032_3_RF00059_3_NC_000913.3_2185135-2185632_ext_220-420_int_190_off_5_percentage_74_position_1-72 genomicbackground,3032,3,3032_3
query_3033,0,genomicbackground,0,genomicbackground,0.12474607676267624,3033_3_RF00059_3_NC_000913.3_2185135-2185632_ext_220-420_int_190_off_10_percentage_69_position_1-67 genomicbackground,3033,3,3033_3
query_3034,1,riboswitch,0,genomicbackground,0.41258615255355835,3034_3_RF00059_3_NC_000913.3_2185135-2185632_ext_220-420_int_195_off_0_percentage_79_position_1-77 riboswitch,3034,3,3034_3
query_3035,0,genomicbackground,0,genomicbackground,0.4816621243953705,3035_3_RF00059_3_NC_000913.3_2185135-2185632_ext_220-420_int_195_off_5_percentage_74_position_1-72 genomicbackground,3035,3,3035_3
query_3036,1,riboswitch,1,riboswitch,0.5117876529693604,3036_3_RF00059_3_NC_000913.3_2185135-2185632_ext_220-420_int_200_off_0_percentage_79_position_1-77 riboswitch,3036,3,3036_3
query_3037,0,genomicbackground,1,riboswitch,0.9823200106620789,3037_3_RF00059_3_NC_000913.3_2185135-2185632_ext_240-440_int_95_off_0_percentage_59_position_1-57 genomicbackground,3037,3,3037_3
query_3038,0,genomicbackground,1,riboswitch,0.987765908241272,3038_3_RF00059_3_NC_000913.3_2185135-2185632_ext_240-440_int_95_off_5_percentage_54_position_1-52 genomicbackground,3038,3,3038_3
query_3039,0,genomicbackground,1,riboswitch,0.9890157580375671,3039_3_RF00059_3_NC_000913.3_2185135-2185632_ext_240-440_int_95_off_10_percentage_48_position_1-47 genomicbackground,3039,3,3039_3
query_3040,0,genomicbackground,1,riboswitch,0.8431808352470398,3040_3_RF00059_3_NC_000913.3_2185135-2185632_ext_240-440_int_95_off_15_percentage_43_position_1-42 genomicbackground,3040,3,3040_3
query_3041,0,genomicbackground,1,riboswitch,0.7250660061836243,3041_3_RF00059_3_NC_000913.3_2185135-2185632_ext_240-440_int_95_off_20_percentage_38_position_1-37 genomicbackground,3041,3,3041_3
query_3042,0,genomicbackground,1,riboswitch,0.9489628672599792,3042_3_RF00059_3_NC_000913.3_2185135-2185632_ext_240-440_int_95_off_25_percentage_33_position_1-32 genomicbackground,3042,3,3042_3
query_3043,0,genomicbackground,1,riboswitch,0.8735963106155396,3043_3_RF00059_3_NC_000913.3_2185135-2185632_ext_240-440_int_95_off_30_percentage_28_position_1-27 genomicbackground,3043,3,3043_3
query_3044,0,genomicbackground,0,genomicbackground,0.021186474710702896,3044_3_RF00059_3_NC_000913.3_2185135-2185632_ext_240-440_int_95_off_35_percentage_23_position_1-22 genomicbackground,3044,3,3044_3
query_3045,0,genomicbackground,0,genomicbackground,0.0022893925197422504,3045_3_RF00059_3_NC_000913.3_2185135-2185632_ext_240-440_int_95_off_40_percentage_18_position_1-17 genomicbackground,3045,3,3045_3
query_3046,0,genomicbackground,0,genomicbackground,0.0033849310129880905,3046_3_RF00059_3_NC_000913.3_2185135-2185632_ext_240-440_int_95_off_45_percentage_12_position_1-12 genomicbackground,3046,3,3046_3
query_3047,0,genomicbackground,0,genomicbackground,0.002670122077688575,3047_3_RF00059_3_NC_000913.3_2185135-2185632_ext_240-440_int_95_off_50_percentage_7_position_1-7 genomicbackground,3047,3,3047_3
query_3048,0,genomicbackground,0,genomicbackground,0.0033964167814701796,3048_3_RF00059_3_NC_000913.3_2185135-2185632_ext_240-440_int_95_off_55_percentage_2_position_1-2 genomicbackground,3048,3,3048_3
query_3049,0,genomicbackground,0,genomicbackground,0.00673453276976943,3049_3_RF00059_3_NC_000913.3_2185135-2185632_ext_240-440_int_95_off_60_percentage_0_position_0-0 genomicbackground,3049,3,3049_3
query_3050,0,genomicbackground,0,genomicbackground,0.013345112092792988,3050_3_RF00059_3_NC_000913.3_2185135-2185632_ext_240-440_int_95_off_65_percentage_0_position_0-0 genomicbackground,3050,3,3050_3
query_3051,0,genomicbackground,0,genomicbackground,0.010945115238428116,3051_3_RF00059_3_NC_000913.3_2185135-2185632_ext_240-440_int_95_off_70_percentage_0_position_0-0 genomicbackground,3051,3,3051_3
query_3052,0,genomicbackground,0,genomicbackground,0.009606149047613144,3052_3_RF00059_3_NC_000913.3_2185135-2185632_ext_240-440_int_95_off_75_percentage_0_position_0-0 genomicbackground,3052,3,3052_3
query_3053,0,genomicbackground,0,genomicbackground,0.008836868219077587,3053_3_RF00059_3_NC_000913.3_2185135-2185632_ext_240-440_int_95_off_80_percentage_0_position_0-0 genomicbackground,3053,3,3053_3
query_3054,0,genomicbackground,0,genomicbackground,0.0030260258354246616,3054_3_RF00059_3_NC_000913.3_2185135-2185632_ext_240-440_int_95_off_85_percentage_0_position_0-0 genomicbackground,3054,3,3054_3
query_3055,0,genomicbackground,0,genomicbackground,0.005501770414412022,3055_3_RF00059_3_NC_000913.3_2185135-2185632_ext_240-440_int_95_off_90_percentage_0_position_0-0 genomicbackground,3055,3,3055_3
query_3056,0,genomicbackground,0,genomicbackground,0.005966223310679197,3056_3_RF00059_3_NC_000913.3_2185135-2185632_ext_240-440_int_95_off_95_percentage_0_position_0-0 genomicbackground,3056,3,3056_3
query_3057,0,genomicbackground,0,genomicbackground,0.007251502480357885,3057_3_RF00059_3_NC_000913.3_2185135-2185632_ext_240-440_int_95_off_100_percentage_0_position_0-0 genomicbackground,3057,3,3057_3
query_3058,0,genomicbackground,0,genomicbackground,0.006070523057132959,3058_3_RF00059_3_NC_000913.3_2185135-2185632_ext_240-440_int_95_off_105_percentage_0_position_0-0 genomicbackground,3058,3,3058_3
query_3059,0,genomicbackground,1,riboswitch,0.9677470922470093,3059_3_RF00059_3_NC_000913.3_2185135-2185632_ext_240-440_int_100_off_0_percentage_59_position_1-57 genomicbackground,3059,3,3059_3
query_3060,0,genomicbackground,1,riboswitch,0.9883147478103638,3060_3_RF00059_3_NC_000913.3_2185135-2185632_ext_240-440_int_100_off_5_percentage_54_position_1-52 genomicbackground,3060,3,3060_3
query_3061,0,genomicbackground,1,riboswitch,0.559406042098999,3061_3_RF00059_3_NC_000913.3_2185135-2185632_ext_240-440_int_100_off_10_percentage_48_position_1-47 genomicbackground,3061,3,3061_3
query_3062,0,genomicbackground,1,riboswitch,0.7285006642341614,3062_3_RF00059_3_NC_000913.3_2185135-2185632_ext_240-440_int_100_off_15_percentage_43_position_1-42 genomicbackground,3062,3,3062_3
query_3063,0,genomicbackground,1,riboswitch,0.9334560036659241,3063_3_RF00059_3_NC_000913.3_2185135-2185632_ext_240-440_int_100_off_20_percentage_38_position_1-37 genomicbackground,3063,3,3063_3
query_3064,0,genomicbackground,1,riboswitch,0.933536946773529,3064_3_RF00059_3_NC_000913.3_2185135-2185632_ext_240-440_int_100_off_25_percentage_33_position_1-32 genomicbackground,3064,3,3064_3
query_3065,0,genomicbackground,1,riboswitch,0.7680196762084961,3065_3_RF00059_3_NC_000913.3_2185135-2185632_ext_240-440_int_100_off_30_percentage_28_position_1-27 genomicbackground,3065,3,3065_3
query_3066,0,genomicbackground,0,genomicbackground,0.005643459502607584,3066_3_RF00059_3_NC_000913.3_2185135-2185632_ext_240-440_int_100_off_35_percentage_23_position_1-22 genomicbackground,3066,3,3066_3
query_3067,0,genomicbackground,0,genomicbackground,0.002580308122560382,3067_3_RF00059_3_NC_000913.3_2185135-2185632_ext_240-440_int_100_off_40_percentage_18_position_1-17 genomicbackground,3067,3,3067_3
query_3068,0,genomicbackground,0,genomicbackground,0.0026321876794099808,3068_3_RF00059_3_NC_000913.3_2185135-2185632_ext_240-440_int_100_off_45_percentage_12_position_1-12 genomicbackground,3068,3,3068_3
query_3069,0,genomicbackground,0,genomicbackground,0.0028968413826078176,3069_3_RF00059_3_NC_000913.3_2185135-2185632_ext_240-440_int_100_off_50_percentage_7_position_1-7 genomicbackground,3069,3,3069_3
query_3070,0,genomicbackground,0,genomicbackground,0.004002340603619814,3070_3_RF00059_3_NC_000913.3_2185135-2185632_ext_240-440_int_100_off_55_percentage_2_position_1-2 genomicbackground,3070,3,3070_3
query_3071,0,genomicbackground,0,genomicbackground,0.0064142607152462006,3071_3_RF00059_3_NC_000913.3_2185135-2185632_ext_240-440_int_100_off_60_percentage_0_position_0-0 genomicbackground,3071,3,3071_3
query_3072,0,genomicbackground,0,genomicbackground,0.009686962701380253,3072_3_RF00059_3_NC_000913.3_2185135-2185632_ext_240-440_int_100_off_65_percentage_0_position_0-0 genomicbackground,3072,3,3072_3
query_3073,0,genomicbackground,0,genomicbackground,0.009670316241681576,3073_3_RF00059_3_NC_000913.3_2185135-2185632_ext_240-440_int_100_off_70_percentage_0_position_0-0 genomicbackground,3073,3,3073_3
query_3074,0,genomicbackground,0,genomicbackground,0.007977490313351154,3074_3_RF00059_3_NC_000913.3_2185135-2185632_ext_240-440_int_100_off_75_percentage_0_position_0-0 genomicbackground,3074,3,3074_3
query_3075,0,genomicbackground,0,genomicbackground,0.009686348959803581,3075_3_RF00059_3_NC_000913.3_2185135-2185632_ext_240-440_int_100_off_80_percentage_0_position_0-0 genomicbackground,3075,3,3075_3
query_3076,0,genomicbackground,0,genomicbackground,0.0034109915141016245,3076_3_RF00059_3_NC_000913.3_2185135-2185632_ext_240-440_int_100_off_85_percentage_0_position_0-0 genomicbackground,3076,3,3076_3
query_3077,0,genomicbackground,0,genomicbackground,0.005475788842886686,3077_3_RF00059_3_NC_000913.3_2185135-2185632_ext_240-440_int_100_off_90_percentage_0_position_0-0 genomicbackground,3077,3,3077_3
query_3078,0,genomicbackground,0,genomicbackground,0.007190986070781946,3078_3_RF00059_3_NC_000913.3_2185135-2185632_ext_240-440_int_100_off_95_percentage_0_position_0-0 genomicbackground,3078,3,3078_3
query_3079,0,genomicbackground,0,genomicbackground,0.007423367816954851,3079_3_RF00059_3_NC_000913.3_2185135-2185632_ext_240-440_int_100_off_100_percentage_0_position_0-0 genomicbackground,3079,3,3079_3
query_3080,0,genomicbackground,1,riboswitch,0.9784783124923706,3080_3_RF00059_3_NC_000913.3_2185135-2185632_ext_240-440_int_105_off_0_percentage_59_position_1-57 genomicbackground,3080,3,3080_3
query_3081,0,genomicbackground,0,genomicbackground,0.13837340474128723,3081_3_RF00059_3_NC_000913.3_2185135-2185632_ext_240-440_int_105_off_5_percentage_54_position_1-52 genomicbackground,3081,3,3081_3
query_3082,0,genomicbackground,1,riboswitch,0.8623805046081543,3082_3_RF00059_3_NC_000913.3_2185135-2185632_ext_240-440_int_105_off_10_percentage_48_position_1-47 genomicbackground,3082,3,3082_3
query_3083,0,genomicbackground,1,riboswitch,0.7283042073249817,3083_3_RF00059_3_NC_000913.3_2185135-2185632_ext_240-440_int_105_off_15_percentage_43_position_1-42 genomicbackground,3083,3,3083_3
query_3084,0,genomicbackground,0,genomicbackground,0.30209991335868835,3084_3_RF00059_3_NC_000913.3_2185135-2185632_ext_240-440_int_105_off_20_percentage_38_position_1-37 genomicbackground,3084,3,3084_3
query_3085,0,genomicbackground,1,riboswitch,0.8405778408050537,3085_3_RF00059_3_NC_000913.3_2185135-2185632_ext_240-440_int_105_off_25_percentage_33_position_1-32 genomicbackground,3085,3,3085_3
query_3086,0,genomicbackground,0,genomicbackground,0.460073858499527,3086_3_RF00059_3_NC_000913.3_2185135-2185632_ext_240-440_int_105_off_30_percentage_28_position_1-27 genomicbackground,3086,3,3086_3
query_3087,0,genomicbackground,0,genomicbackground,0.007752027828246355,3087_3_RF00059_3_NC_000913.3_2185135-2185632_ext_240-440_int_105_off_35_percentage_23_position_1-22 genomicbackground,3087,3,3087_3
query_3088,0,genomicbackground,0,genomicbackground,0.0022113744635134935,3088_3_RF00059_3_NC_000913.3_2185135-2185632_ext_240-440_int_105_off_40_percentage_18_position_1-17 genomicbackground,3088,3,3088_3
query_3089,0,genomicbackground,0,genomicbackground,0.002759550930932164,3089_3_RF00059_3_NC_000913.3_2185135-2185632_ext_240-440_int_105_off_45_percentage_12_position_1-12 genomicbackground,3089,3,3089_3
query_3090,0,genomicbackground,0,genomicbackground,0.0022103539668023586,3090_3_RF00059_3_NC_000913.3_2185135-2185632_ext_240-440_int_105_off_50_percentage_7_position_1-7 genomicbackground,3090,3,3090_3
query_3091,0,genomicbackground,0,genomicbackground,0.0038618564140051603,3091_3_RF00059_3_NC_000913.3_2185135-2185632_ext_240-440_int_105_off_55_percentage_2_position_1-2 genomicbackground,3091,3,3091_3
query_3092,0,genomicbackground,0,genomicbackground,0.006391831673681736,3092_3_RF00059_3_NC_000913.3_2185135-2185632_ext_240-440_int_105_off_60_percentage_0_position_0-0 genomicbackground,3092,3,3092_3
query_3093,0,genomicbackground,0,genomicbackground,0.008704567328095436,3093_3_RF00059_3_NC_000913.3_2185135-2185632_ext_240-440_int_105_off_65_percentage_0_position_0-0 genomicbackground,3093,3,3093_3
query_3094,0,genomicbackground,0,genomicbackground,0.008321408182382584,3094_3_RF00059_3_NC_000913.3_2185135-2185632_ext_240-440_int_105_off_70_percentage_0_position_0-0 genomicbackground,3094,3,3094_3
query_3095,0,genomicbackground,0,genomicbackground,0.01721775159239769,3095_3_RF00059_3_NC_000913.3_2185135-2185632_ext_240-440_int_105_off_75_percentage_0_position_0-0 genomicbackground,3095,3,3095_3
query_3096,0,genomicbackground,0,genomicbackground,0.009583355858922005,3096_3_RF00059_3_NC_000913.3_2185135-2185632_ext_240-440_int_105_off_80_percentage_0_position_0-0 genomicbackground,3096,3,3096_3
query_3097,0,genomicbackground,0,genomicbackground,0.006606473587453365,3097_3_RF00059_3_NC_000913.3_2185135-2185632_ext_240-440_int_105_off_85_percentage_0_position_0-0 genomicbackground,3097,3,3097_3
query_3098,0,genomicbackground,0,genomicbackground,0.008065531961619854,3098_3_RF00059_3_NC_000913.3_2185135-2185632_ext_240-440_int_105_off_90_percentage_0_position_0-0 genomicbackground,3098,3,3098_3
query_3099,0,genomicbackground,0,genomicbackground,0.007309865206480026,3099_3_RF00059_3_NC_000913.3_2185135-2185632_ext_240-440_int_105_off_95_percentage_0_position_0-0 genomicbackground,3099,3,3099_3
query_3100,0,genomicbackground,1,riboswitch,0.9076646566390991,3100_3_RF00059_3_NC_000913.3_2185135-2185632_ext_240-440_int_110_off_0_percentage_59_position_1-57 genomicbackground,3100,3,3100_3
query_3101,0,genomicbackground,0,genomicbackground,0.4794919192790985,3101_3_RF00059_3_NC_000913.3_2185135-2185632_ext_240-440_int_110_off_5_percentage_54_position_1-52 genomicbackground,3101,3,3101_3
query_3102,0,genomicbackground,1,riboswitch,0.9958001971244812,3102_3_RF00059_3_NC_000913.3_2185135-2185632_ext_240-440_int_110_off_10_percentage_48_position_1-47 genomicbackground,3102,3,3102_3
query_3103,0,genomicbackground,1,riboswitch,0.6838997602462769,3103_3_RF00059_3_NC_000913.3_2185135-2185632_ext_240-440_int_110_off_15_percentage_43_position_1-42 genomicbackground,3103,3,3103_3
query_3104,0,genomicbackground,1,riboswitch,0.8069515824317932,3104_3_RF00059_3_NC_000913.3_2185135-2185632_ext_240-440_int_110_off_20_percentage_38_position_1-37 genomicbackground,3104,3,3104_3
query_3105,0,genomicbackground,1,riboswitch,0.854077935218811,3105_3_RF00059_3_NC_000913.3_2185135-2185632_ext_240-440_int_110_off_25_percentage_33_position_1-32 genomicbackground,3105,3,3105_3
query_3106,0,genomicbackground,1,riboswitch,0.5993582010269165,3106_3_RF00059_3_NC_000913.3_2185135-2185632_ext_240-440_int_110_off_30_percentage_28_position_1-27 genomicbackground,3106,3,3106_3
query_3107,0,genomicbackground,0,genomicbackground,0.38665199279785156,3107_3_RF00059_3_NC_000913.3_2185135-2185632_ext_240-440_int_110_off_35_percentage_23_position_1-22 genomicbackground,3107,3,3107_3
query_3108,0,genomicbackground,0,genomicbackground,0.0022299569100141525,3108_3_RF00059_3_NC_000913.3_2185135-2185632_ext_240-440_int_110_off_40_percentage_18_position_1-17 genomicbackground,3108,3,3108_3
query_3109,0,genomicbackground,0,genomicbackground,0.0021786086726933718,3109_3_RF00059_3_NC_000913.3_2185135-2185632_ext_240-440_int_110_off_45_percentage_12_position_1-12 genomicbackground,3109,3,3109_3
query_3110,0,genomicbackground,0,genomicbackground,0.0018833000212907791,3110_3_RF00059_3_NC_000913.3_2185135-2185632_ext_240-440_int_110_off_50_percentage_7_position_1-7 genomicbackground,3110,3,3110_3
query_3111,0,genomicbackground,0,genomicbackground,0.003667254000902176,3111_3_RF00059_3_NC_000913.3_2185135-2185632_ext_240-440_int_110_off_55_percentage_2_position_1-2 genomicbackground,3111,3,3111_3
query_3112,0,genomicbackground,0,genomicbackground,0.0067030396312475204,3112_3_RF00059_3_NC_000913.3_2185135-2185632_ext_240-440_int_110_off_60_percentage_0_position_0-0 genomicbackground,3112,3,3112_3
query_3113,0,genomicbackground,0,genomicbackground,0.0078191002830863,3113_3_RF00059_3_NC_000913.3_2185135-2185632_ext_240-440_int_110_off_65_percentage_0_position_0-0 genomicbackground,3113,3,3113_3
query_3114,0,genomicbackground,0,genomicbackground,0.00983924325555563,3114_3_RF00059_3_NC_000913.3_2185135-2185632_ext_240-440_int_110_off_70_percentage_0_position_0-0 genomicbackground,3114,3,3114_3
query_3115,0,genomicbackground,0,genomicbackground,0.008317084982991219,3115_3_RF00059_3_NC_000913.3_2185135-2185632_ext_240-440_int_110_off_75_percentage_0_position_0-0 genomicbackground,3115,3,3115_3
query_3116,0,genomicbackground,0,genomicbackground,0.007649105507880449,3116_3_RF00059_3_NC_000913.3_2185135-2185632_ext_240-440_int_110_off_80_percentage_0_position_0-0 genomicbackground,3116,3,3116_3
query_3117,0,genomicbackground,0,genomicbackground,0.007981420494616032,3117_3_RF00059_3_NC_000913.3_2185135-2185632_ext_240-440_int_110_off_85_percentage_0_position_0-0 genomicbackground,3117,3,3117_3
query_3118,0,genomicbackground,0,genomicbackground,0.008061675354838371,3118_3_RF00059_3_NC_000913.3_2185135-2185632_ext_240-440_int_110_off_90_percentage_0_position_0-0 genomicbackground,3118,3,3118_3
query_3119,0,genomicbackground,1,riboswitch,0.9411061406135559,3119_3_RF00059_3_NC_000913.3_2185135-2185632_ext_240-440_int_115_off_0_percentage_59_position_1-57 genomicbackground,3119,3,3119_3
query_3120,0,genomicbackground,0,genomicbackground,0.11497315764427185,3120_3_RF00059_3_NC_000913.3_2185135-2185632_ext_240-440_int_115_off_5_percentage_54_position_1-52 genomicbackground,3120,3,3120_3
query_3121,0,genomicbackground,1,riboswitch,0.994746208190918,3121_3_RF00059_3_NC_000913.3_2185135-2185632_ext_240-440_int_115_off_10_percentage_48_position_1-47 genomicbackground,3121,3,3121_3
query_3122,0,genomicbackground,1,riboswitch,0.7321565747261047,3122_3_RF00059_3_NC_000913.3_2185135-2185632_ext_240-440_int_115_off_15_percentage_43_position_1-42 genomicbackground,3122,3,3122_3
query_3123,0,genomicbackground,0,genomicbackground,0.1369621753692627,3123_3_RF00059_3_NC_000913.3_2185135-2185632_ext_240-440_int_115_off_20_percentage_38_position_1-37 genomicbackground,3123,3,3123_3
query_3124,0,genomicbackground,1,riboswitch,0.9175693392753601,3124_3_RF00059_3_NC_000913.3_2185135-2185632_ext_240-440_int_115_off_25_percentage_33_position_1-32 genomicbackground,3124,3,3124_3
query_3125,0,genomicbackground,1,riboswitch,0.7205049991607666,3125_3_RF00059_3_NC_000913.3_2185135-2185632_ext_240-440_int_115_off_30_percentage_28_position_1-27 genomicbackground,3125,3,3125_3
query_3126,0,genomicbackground,0,genomicbackground,0.15026696026325226,3126_3_RF00059_3_NC_000913.3_2185135-2185632_ext_240-440_int_115_off_35_percentage_23_position_1-22 genomicbackground,3126,3,3126_3
query_3127,0,genomicbackground,0,genomicbackground,0.001994868041947484,3127_3_RF00059_3_NC_000913.3_2185135-2185632_ext_240-440_int_115_off_40_percentage_18_position_1-17 genomicbackground,3127,3,3127_3
query_3128,0,genomicbackground,0,genomicbackground,0.0018674085149541497,3128_3_RF00059_3_NC_000913.3_2185135-2185632_ext_240-440_int_115_off_45_percentage_12_position_1-12 genomicbackground,3128,3,3128_3
query_3129,0,genomicbackground,0,genomicbackground,0.0017844641115516424,3129_3_RF00059_3_NC_000913.3_2185135-2185632_ext_240-440_int_115_off_50_percentage_7_position_1-7 genomicbackground,3129,3,3129_3
query_3130,0,genomicbackground,0,genomicbackground,0.0013043390354141593,3130_3_RF00059_3_NC_000913.3_2185135-2185632_ext_240-440_int_115_off_55_percentage_2_position_1-2 genomicbackground,3130,3,3130_3
query_3131,0,genomicbackground,0,genomicbackground,0.006085942033678293,3131_3_RF00059_3_NC_000913.3_2185135-2185632_ext_240-440_int_115_off_60_percentage_0_position_0-0 genomicbackground,3131,3,3131_3
query_3132,0,genomicbackground,0,genomicbackground,0.009111526422202587,3132_3_RF00059_3_NC_000913.3_2185135-2185632_ext_240-440_int_115_off_65_percentage_0_position_0-0 genomicbackground,3132,3,3132_3
query_3133,0,genomicbackground,0,genomicbackground,0.010520640760660172,3133_3_RF00059_3_NC_000913.3_2185135-2185632_ext_240-440_int_115_off_70_percentage_0_position_0-0 genomicbackground,3133,3,3133_3
query_3134,0,genomicbackground,0,genomicbackground,0.008834370411932468,3134_3_RF00059_3_NC_000913.3_2185135-2185632_ext_240-440_int_115_off_75_percentage_0_position_0-0 genomicbackground,3134,3,3134_3
query_3135,0,genomicbackground,0,genomicbackground,0.016279861330986023,3135_3_RF00059_3_NC_000913.3_2185135-2185632_ext_240-440_int_115_off_80_percentage_0_position_0-0 genomicbackground,3135,3,3135_3
query_3136,0,genomicbackground,0,genomicbackground,0.00809480994939804,3136_3_RF00059_3_NC_000913.3_2185135-2185632_ext_240-440_int_115_off_85_percentage_0_position_0-0 genomicbackground,3136,3,3136_3
query_3137,0,genomicbackground,1,riboswitch,0.9958028197288513,3137_3_RF00059_3_NC_000913.3_2185135-2185632_ext_240-440_int_120_off_0_percentage_59_position_1-57 genomicbackground,3137,3,3137_3
query_3138,0,genomicbackground,1,riboswitch,0.9939947724342346,3138_3_RF00059_3_NC_000913.3_2185135-2185632_ext_240-440_int_120_off_5_percentage_54_position_1-52 genomicbackground,3138,3,3138_3
query_3139,0,genomicbackground,0,genomicbackground,0.061845652759075165,3139_3_RF00059_3_NC_000913.3_2185135-2185632_ext_240-440_int_120_off_10_percentage_48_position_1-47 genomicbackground,3139,3,3139_3
query_3140,0,genomicbackground,0,genomicbackground,0.06003880500793457,3140_3_RF00059_3_NC_000913.3_2185135-2185632_ext_240-440_int_120_off_15_percentage_43_position_1-42 genomicbackground,3140,3,3140_3
query_3141,0,genomicbackground,0,genomicbackground,0.0608576238155365,3141_3_RF00059_3_NC_000913.3_2185135-2185632_ext_240-440_int_120_off_20_percentage_38_position_1-37 genomicbackground,3141,3,3141_3
query_3142,0,genomicbackground,1,riboswitch,0.9000064134597778,3142_3_RF00059_3_NC_000913.3_2185135-2185632_ext_240-440_int_120_off_25_percentage_33_position_1-32 genomicbackground,3142,3,3142_3
query_3143,0,genomicbackground,1,riboswitch,0.6341741681098938,3143_3_RF00059_3_NC_000913.3_2185135-2185632_ext_240-440_int_120_off_30_percentage_28_position_1-27 genomicbackground,3143,3,3143_3
query_3144,0,genomicbackground,0,genomicbackground,0.08746742457151413,3144_3_RF00059_3_NC_000913.3_2185135-2185632_ext_240-440_int_120_off_35_percentage_23_position_1-22 genomicbackground,3144,3,3144_3
query_3145,0,genomicbackground,0,genomicbackground,0.0017864358378574252,3145_3_RF00059_3_NC_000913.3_2185135-2185632_ext_240-440_int_120_off_40_percentage_18_position_1-17 genomicbackground,3145,3,3145_3
query_3146,0,genomicbackground,0,genomicbackground,0.0018368088640272617,3146_3_RF00059_3_NC_000913.3_2185135-2185632_ext_240-440_int_120_off_45_percentage_12_position_1-12 genomicbackground,3146,3,3146_3
query_3147,0,genomicbackground,0,genomicbackground,0.0017563035944476724,3147_3_RF00059_3_NC_000913.3_2185135-2185632_ext_240-440_int_120_off_50_percentage_7_position_1-7 genomicbackground,3147,3,3147_3
query_3148,0,genomicbackground,0,genomicbackground,0.001216238597407937,3148_3_RF00059_3_NC_000913.3_2185135-2185632_ext_240-440_int_120_off_55_percentage_2_position_1-2 genomicbackground,3148,3,3148_3
query_3149,0,genomicbackground,0,genomicbackground,0.004104228224605322,3149_3_RF00059_3_NC_000913.3_2185135-2185632_ext_240-440_int_120_off_60_percentage_0_position_0-0 genomicbackground,3149,3,3149_3
query_3150,0,genomicbackground,0,genomicbackground,0.010808602906763554,3150_3_RF00059_3_NC_000913.3_2185135-2185632_ext_240-440_int_120_off_65_percentage_0_position_0-0 genomicbackground,3150,3,3150_3
query_3151,0,genomicbackground,0,genomicbackground,0.009320979937911034,3151_3_RF00059_3_NC_000913.3_2185135-2185632_ext_240-440_int_120_off_70_percentage_0_position_0-0 genomicbackground,3151,3,3151_3
query_3152,0,genomicbackground,0,genomicbackground,0.01765642687678337,3152_3_RF00059_3_NC_000913.3_2185135-2185632_ext_240-440_int_120_off_75_percentage_0_position_0-0 genomicbackground,3152,3,3152_3
query_3153,0,genomicbackground,0,genomicbackground,0.014934161677956581,3153_3_RF00059_3_NC_000913.3_2185135-2185632_ext_240-440_int_120_off_80_percentage_0_position_0-0 genomicbackground,3153,3,3153_3
query_3154,0,genomicbackground,1,riboswitch,0.99436354637146,3154_3_RF00059_3_NC_000913.3_2185135-2185632_ext_240-440_int_125_off_0_percentage_59_position_1-57 genomicbackground,3154,3,3154_3
query_3155,0,genomicbackground,0,genomicbackground,0.014946073293685913,3155_3_RF00059_3_NC_000913.3_2185135-2185632_ext_240-440_int_125_off_5_percentage_54_position_1-52 genomicbackground,3155,3,3155_3
query_3156,0,genomicbackground,0,genomicbackground,0.30219516158103943,3156_3_RF00059_3_NC_000913.3_2185135-2185632_ext_240-440_int_125_off_10_percentage_48_position_1-47 genomicbackground,3156,3,3156_3
query_3157,0,genomicbackground,0,genomicbackground,0.04640328884124756,3157_3_RF00059_3_NC_000913.3_2185135-2185632_ext_240-440_int_125_off_15_percentage_43_position_1-42 genomicbackground,3157,3,3157_3
query_3158,0,genomicbackground,0,genomicbackground,0.07347584515810013,3158_3_RF00059_3_NC_000913.3_2185135-2185632_ext_240-440_int_125_off_20_percentage_38_position_1-37 genomicbackground,3158,3,3158_3
query_3159,0,genomicbackground,1,riboswitch,0.8685311079025269,3159_3_RF00059_3_NC_000913.3_2185135-2185632_ext_240-440_int_125_off_25_percentage_33_position_1-32 genomicbackground,3159,3,3159_3
query_3160,0,genomicbackground,0,genomicbackground,0.40634381771087646,3160_3_RF00059_3_NC_000913.3_2185135-2185632_ext_240-440_int_125_off_30_percentage_28_position_1-27 genomicbackground,3160,3,3160_3
query_3161,0,genomicbackground,0,genomicbackground,0.12459145486354828,3161_3_RF00059_3_NC_000913.3_2185135-2185632_ext_240-440_int_125_off_35_percentage_23_position_1-22 genomicbackground,3161,3,3161_3
query_3162,0,genomicbackground,0,genomicbackground,0.0017649339279159904,3162_3_RF00059_3_NC_000913.3_2185135-2185632_ext_240-440_int_125_off_40_percentage_18_position_1-17 genomicbackground,3162,3,3162_3
query_3163,0,genomicbackground,0,genomicbackground,0.0017947152955457568,3163_3_RF00059_3_NC_000913.3_2185135-2185632_ext_240-440_int_125_off_45_percentage_12_position_1-12 genomicbackground,3163,3,3163_3
query_3164,0,genomicbackground,0,genomicbackground,0.00150335393846035,3164_3_RF00059_3_NC_000913.3_2185135-2185632_ext_240-440_int_125_off_50_percentage_7_position_1-7 genomicbackground,3164,3,3164_3
query_3165,0,genomicbackground,0,genomicbackground,0.003482881234958768,3165_3_RF00059_3_NC_000913.3_2185135-2185632_ext_240-440_int_125_off_55_percentage_2_position_1-2 genomicbackground,3165,3,3165_3
query_3166,0,genomicbackground,0,genomicbackground,0.004303348250687122,3166_3_RF00059_3_NC_000913.3_2185135-2185632_ext_240-440_int_125_off_60_percentage_0_position_0-0 genomicbackground,3166,3,3166_3
query_3167,0,genomicbackground,0,genomicbackground,0.008531175553798676,3167_3_RF00059_3_NC_000913.3_2185135-2185632_ext_240-440_int_125_off_65_percentage_0_position_0-0 genomicbackground,3167,3,3167_3
query_3168,0,genomicbackground,0,genomicbackground,0.016259651631116867,3168_3_RF00059_3_NC_000913.3_2185135-2185632_ext_240-440_int_125_off_70_percentage_0_position_0-0 genomicbackground,3168,3,3168_3
query_3169,0,genomicbackground,0,genomicbackground,0.01458785030990839,3169_3_RF00059_3_NC_000913.3_2185135-2185632_ext_240-440_int_125_off_75_percentage_0_position_0-0 genomicbackground,3169,3,3169_3
query_3170,0,genomicbackground,0,genomicbackground,0.31137973070144653,3170_3_RF00059_3_NC_000913.3_2185135-2185632_ext_240-440_int_130_off_0_percentage_59_position_1-57 genomicbackground,3170,3,3170_3
query_3171,0,genomicbackground,0,genomicbackground,0.0033706864342093468,3171_3_RF00059_3_NC_000913.3_2185135-2185632_ext_240-440_int_130_off_5_percentage_54_position_1-52 genomicbackground,3171,3,3171_3
query_3172,0,genomicbackground,0,genomicbackground,0.17792923748493195,3172_3_RF00059_3_NC_000913.3_2185135-2185632_ext_240-440_int_130_off_10_percentage_48_position_1-47 genomicbackground,3172,3,3172_3
query_3173,0,genomicbackground,0,genomicbackground,0.03383828327059746,3173_3_RF00059_3_NC_000913.3_2185135-2185632_ext_240-440_int_130_off_15_percentage_43_position_1-42 genomicbackground,3173,3,3173_3
query_3174,0,genomicbackground,0,genomicbackground,0.059950049966573715,3174_3_RF00059_3_NC_000913.3_2185135-2185632_ext_240-440_int_130_off_20_percentage_38_position_1-37 genomicbackground,3174,3,3174_3
query_3175,0,genomicbackground,1,riboswitch,0.7394842505455017,3175_3_RF00059_3_NC_000913.3_2185135-2185632_ext_240-440_int_130_off_25_percentage_33_position_1-32 genomicbackground,3175,3,3175_3
query_3176,0,genomicbackground,0,genomicbackground,0.1182345300912857,3176_3_RF00059_3_NC_000913.3_2185135-2185632_ext_240-440_int_130_off_30_percentage_28_position_1-27 genomicbackground,3176,3,3176_3
query_3177,0,genomicbackground,0,genomicbackground,0.14615081250667572,3177_3_RF00059_3_NC_000913.3_2185135-2185632_ext_240-440_int_130_off_35_percentage_23_position_1-22 genomicbackground,3177,3,3177_3
query_3178,0,genomicbackground,0,genomicbackground,0.003311557462438941,3178_3_RF00059_3_NC_000913.3_2185135-2185632_ext_240-440_int_130_off_40_percentage_18_position_1-17 genomicbackground,3178,3,3178_3
query_3179,0,genomicbackground,0,genomicbackground,0.0014888051664456725,3179_3_RF00059_3_NC_000913.3_2185135-2185632_ext_240-440_int_130_off_45_percentage_12_position_1-12 genomicbackground,3179,3,3179_3
query_3180,0,genomicbackground,0,genomicbackground,0.0025367611087858677,3180_3_RF00059_3_NC_000913.3_2185135-2185632_ext_240-440_int_130_off_50_percentage_7_position_1-7 genomicbackground,3180,3,3180_3
query_3181,0,genomicbackground,0,genomicbackground,0.004436599090695381,3181_3_RF00059_3_NC_000913.3_2185135-2185632_ext_240-440_int_130_off_55_percentage_2_position_1-2 genomicbackground,3181,3,3181_3
query_3182,0,genomicbackground,0,genomicbackground,0.006693767383694649,3182_3_RF00059_3_NC_000913.3_2185135-2185632_ext_240-440_int_130_off_60_percentage_0_position_0-0 genomicbackground,3182,3,3182_3
query_3183,0,genomicbackground,0,genomicbackground,0.01555236242711544,3183_3_RF00059_3_NC_000913.3_2185135-2185632_ext_240-440_int_130_off_65_percentage_0_position_0-0 genomicbackground,3183,3,3183_3
query_3184,0,genomicbackground,0,genomicbackground,0.013912306167185307,3184_3_RF00059_3_NC_000913.3_2185135-2185632_ext_240-440_int_130_off_70_percentage_0_position_0-0 genomicbackground,3184,3,3184_3
query_3185,0,genomicbackground,0,genomicbackground,0.02291054278612137,3185_3_RF00059_3_NC_000913.3_2185135-2185632_ext_240-440_int_135_off_0_percentage_59_position_1-57 genomicbackground,3185,3,3185_3
query_3186,0,genomicbackground,0,genomicbackground,0.13161124289035797,3186_3_RF00059_3_NC_000913.3_2185135-2185632_ext_240-440_int_135_off_5_percentage_54_position_1-52 genomicbackground,3186,3,3186_3
query_3187,0,genomicbackground,0,genomicbackground,0.060656651854515076,3187_3_RF00059_3_NC_000913.3_2185135-2185632_ext_240-440_int_135_off_10_percentage_48_position_1-47 genomicbackground,3187,3,3187_3
query_3188,0,genomicbackground,0,genomicbackground,0.031100185588002205,3188_3_RF00059_3_NC_000913.3_2185135-2185632_ext_240-440_int_135_off_15_percentage_43_position_1-42 genomicbackground,3188,3,3188_3
query_3189,0,genomicbackground,0,genomicbackground,0.030309075489640236,3189_3_RF00059_3_NC_000913.3_2185135-2185632_ext_240-440_int_135_off_20_percentage_38_position_1-37 genomicbackground,3189,3,3189_3
query_3190,0,genomicbackground,1,riboswitch,0.8531518578529358,3190_3_RF00059_3_NC_000913.3_2185135-2185632_ext_240-440_int_135_off_25_percentage_33_position_1-32 genomicbackground,3190,3,3190_3
query_3191,0,genomicbackground,0,genomicbackground,0.0779661312699318,3191_3_RF00059_3_NC_000913.3_2185135-2185632_ext_240-440_int_135_off_30_percentage_28_position_1-27 genomicbackground,3191,3,3191_3
query_3192,0,genomicbackground,0,genomicbackground,0.12003891170024872,3192_3_RF00059_3_NC_000913.3_2185135-2185632_ext_240-440_int_135_off_35_percentage_23_position_1-22 genomicbackground,3192,3,3192_3
query_3193,0,genomicbackground,0,genomicbackground,0.002264897571876645,3193_3_RF00059_3_NC_000913.3_2185135-2185632_ext_240-440_int_135_off_40_percentage_18_position_1-17 genomicbackground,3193,3,3193_3
query_3194,0,genomicbackground,0,genomicbackground,0.0014877115609124303,3194_3_RF00059_3_NC_000913.3_2185135-2185632_ext_240-440_int_135_off_45_percentage_12_position_1-12 genomicbackground,3194,3,3194_3
query_3195,0,genomicbackground,0,genomicbackground,0.002146680373698473,3195_3_RF00059_3_NC_000913.3_2185135-2185632_ext_240-440_int_135_off_50_percentage_7_position_1-7 genomicbackground,3195,3,3195_3
query_3196,0,genomicbackground,0,genomicbackground,0.0018457872793078423,3196_3_RF00059_3_NC_000913.3_2185135-2185632_ext_240-440_int_135_off_55_percentage_2_position_1-2 genomicbackground,3196,3,3196_3
query_3197,0,genomicbackground,0,genomicbackground,0.009612049907445908,3197_3_RF00059_3_NC_000913.3_2185135-2185632_ext_240-440_int_135_off_60_percentage_0_position_0-0 genomicbackground,3197,3,3197_3
query_3198,0,genomicbackground,0,genomicbackground,0.013042084872722626,3198_3_RF00059_3_NC_000913.3_2185135-2185632_ext_240-440_int_135_off_65_percentage_0_position_0-0 genomicbackground,3198,3,3198_3
query_3199,0,genomicbackground,0,genomicbackground,0.42171454429626465,3199_3_RF00059_3_NC_000913.3_2185135-2185632_ext_240-440_int_140_off_0_percentage_59_position_1-57 genomicbackground,3199,3,3199_3
query_3200,0,genomicbackground,0,genomicbackground,0.05455705150961876,3200_3_RF00059_3_NC_000913.3_2185135-2185632_ext_240-440_int_140_off_5_percentage_54_position_1-52 genomicbackground,3200,3,3200_3
query_3201,0,genomicbackground,0,genomicbackground,0.021529318764805794,3201_3_RF00059_3_NC_000913.3_2185135-2185632_ext_240-440_int_140_off_10_percentage_48_position_1-47 genomicbackground,3201,3,3201_3
query_3202,0,genomicbackground,0,genomicbackground,0.01686003990471363,3202_3_RF00059_3_NC_000913.3_2185135-2185632_ext_240-440_int_140_off_15_percentage_43_position_1-42 genomicbackground,3202,3,3202_3
query_3203,0,genomicbackground,0,genomicbackground,0.019445713609457016,3203_3_RF00059_3_NC_000913.3_2185135-2185632_ext_240-440_int_140_off_20_percentage_38_position_1-37 genomicbackground,3203,3,3203_3
query_3204,0,genomicbackground,1,riboswitch,0.8872808814048767,3204_3_RF00059_3_NC_000913.3_2185135-2185632_ext_240-440_int_140_off_25_percentage_33_position_1-32 genomicbackground,3204,3,3204_3
query_3205,0,genomicbackground,0,genomicbackground,0.2090476006269455,3205_3_RF00059_3_NC_000913.3_2185135-2185632_ext_240-440_int_140_off_30_percentage_28_position_1-27 genomicbackground,3205,3,3205_3
query_3206,0,genomicbackground,0,genomicbackground,0.050516318529844284,3206_3_RF00059_3_NC_000913.3_2185135-2185632_ext_240-440_int_140_off_35_percentage_23_position_1-22 genomicbackground,3206,3,3206_3
query_3207,0,genomicbackground,0,genomicbackground,0.0020300813484936953,3207_3_RF00059_3_NC_000913.3_2185135-2185632_ext_240-440_int_140_off_40_percentage_18_position_1-17 genomicbackground,3207,3,3207_3
query_3208,0,genomicbackground,0,genomicbackground,0.001865799305960536,3208_3_RF00059_3_NC_000913.3_2185135-2185632_ext_240-440_int_140_off_45_percentage_12_position_1-12 genomicbackground,3208,3,3208_3
query_3209,0,genomicbackground,0,genomicbackground,0.011979028582572937,3209_3_RF00059_3_NC_000913.3_2185135-2185632_ext_240-440_int_140_off_50_percentage_7_position_1-7 genomicbackground,3209,3,3209_3
query_3210,0,genomicbackground,0,genomicbackground,0.00441649230197072,3210_3_RF00059_3_NC_000913.3_2185135-2185632_ext_240-440_int_140_off_55_percentage_2_position_1-2 genomicbackground,3210,3,3210_3
query_3211,0,genomicbackground,0,genomicbackground,0.009560097008943558,3211_3_RF00059_3_NC_000913.3_2185135-2185632_ext_240-440_int_140_off_60_percentage_0_position_0-0 genomicbackground,3211,3,3211_3
query_3212,0,genomicbackground,0,genomicbackground,0.2494448572397232,3212_3_RF00059_3_NC_000913.3_2185135-2185632_ext_240-440_int_145_off_0_percentage_59_position_1-57 genomicbackground,3212,3,3212_3
query_3213,0,genomicbackground,0,genomicbackground,0.020913993939757347,3213_3_RF00059_3_NC_000913.3_2185135-2185632_ext_240-440_int_145_off_5_percentage_54_position_1-52 genomicbackground,3213,3,3213_3
query_3214,0,genomicbackground,0,genomicbackground,0.011395622976124287,3214_3_RF00059_3_NC_000913.3_2185135-2185632_ext_240-440_int_145_off_10_percentage_48_position_1-47 genomicbackground,3214,3,3214_3
query_3215,0,genomicbackground,0,genomicbackground,0.011387556791305542,3215_3_RF00059_3_NC_000913.3_2185135-2185632_ext_240-440_int_145_off_15_percentage_43_position_1-42 genomicbackground,3215,3,3215_3
query_3216,0,genomicbackground,0,genomicbackground,0.018509522080421448,3216_3_RF00059_3_NC_000913.3_2185135-2185632_ext_240-440_int_145_off_20_percentage_38_position_1-37 genomicbackground,3216,3,3216_3
query_3217,0,genomicbackground,0,genomicbackground,0.048635050654411316,3217_3_RF00059_3_NC_000913.3_2185135-2185632_ext_240-440_int_145_off_25_percentage_33_position_1-32 genomicbackground,3217,3,3217_3
query_3218,0,genomicbackground,0,genomicbackground,0.0390099361538887,3218_3_RF00059_3_NC_000913.3_2185135-2185632_ext_240-440_int_145_off_30_percentage_28_position_1-27 genomicbackground,3218,3,3218_3
query_3219,0,genomicbackground,0,genomicbackground,0.03003964200615883,3219_3_RF00059_3_NC_000913.3_2185135-2185632_ext_240-440_int_145_off_35_percentage_23_position_1-22 genomicbackground,3219,3,3219_3
query_3220,0,genomicbackground,0,genomicbackground,0.0024223169311881065,3220_3_RF00059_3_NC_000913.3_2185135-2185632_ext_240-440_int_145_off_40_percentage_18_position_1-17 genomicbackground,3220,3,3220_3
query_3221,0,genomicbackground,0,genomicbackground,0.002204624703153968,3221_3_RF00059_3_NC_000913.3_2185135-2185632_ext_240-440_int_145_off_45_percentage_12_position_1-12 genomicbackground,3221,3,3221_3
query_3222,0,genomicbackground,0,genomicbackground,0.0021064449101686478,3222_3_RF00059_3_NC_000913.3_2185135-2185632_ext_240-440_int_145_off_50_percentage_7_position_1-7 genomicbackground,3222,3,3222_3
query_3223,0,genomicbackground,0,genomicbackground,0.004664073698222637,3223_3_RF00059_3_NC_000913.3_2185135-2185632_ext_240-440_int_145_off_55_percentage_2_position_1-2 genomicbackground,3223,3,3223_3
query_3224,0,genomicbackground,0,genomicbackground,0.21095307171344757,3224_3_RF00059_3_NC_000913.3_2185135-2185632_ext_240-440_int_150_off_0_percentage_59_position_1-57 genomicbackground,3224,3,3224_3
query_3225,0,genomicbackground,0,genomicbackground,0.011578152887523174,3225_3_RF00059_3_NC_000913.3_2185135-2185632_ext_240-440_int_150_off_5_percentage_54_position_1-52 genomicbackground,3225,3,3225_3
query_3226,0,genomicbackground,0,genomicbackground,0.007788233924657106,3226_3_RF00059_3_NC_000913.3_2185135-2185632_ext_240-440_int_150_off_10_percentage_48_position_1-47 genomicbackground,3226,3,3226_3
query_3227,0,genomicbackground,0,genomicbackground,0.010828804224729538,3227_3_RF00059_3_NC_000913.3_2185135-2185632_ext_240-440_int_150_off_15_percentage_43_position_1-42 genomicbackground,3227,3,3227_3
query_3228,0,genomicbackground,0,genomicbackground,0.016743198037147522,3228_3_RF00059_3_NC_000913.3_2185135-2185632_ext_240-440_int_150_off_20_percentage_38_position_1-37 genomicbackground,3228,3,3228_3
query_3229,0,genomicbackground,0,genomicbackground,0.08354531973600388,3229_3_RF00059_3_NC_000913.3_2185135-2185632_ext_240-440_int_150_off_25_percentage_33_position_1-32 genomicbackground,3229,3,3229_3
query_3230,0,genomicbackground,0,genomicbackground,0.02270560711622238,3230_3_RF00059_3_NC_000913.3_2185135-2185632_ext_240-440_int_150_off_30_percentage_28_position_1-27 genomicbackground,3230,3,3230_3
query_3231,0,genomicbackground,0,genomicbackground,0.017961647361516953,3231_3_RF00059_3_NC_000913.3_2185135-2185632_ext_240-440_int_150_off_35_percentage_23_position_1-22 genomicbackground,3231,3,3231_3
query_3232,0,genomicbackground,0,genomicbackground,0.0021152189001441,3232_3_RF00059_3_NC_000913.3_2185135-2185632_ext_240-440_int_150_off_40_percentage_18_position_1-17 genomicbackground,3232,3,3232_3
query_3233,0,genomicbackground,0,genomicbackground,0.0022271049674600363,3233_3_RF00059_3_NC_000913.3_2185135-2185632_ext_240-440_int_150_off_45_percentage_12_position_1-12 genomicbackground,3233,3,3233_3
query_3234,0,genomicbackground,0,genomicbackground,0.0023809662088751793,3234_3_RF00059_3_NC_000913.3_2185135-2185632_ext_240-440_int_150_off_50_percentage_7_position_1-7 genomicbackground,3234,3,3234_3
query_3235,0,genomicbackground,0,genomicbackground,0.061262182891368866,3235_3_RF00059_3_NC_000913.3_2185135-2185632_ext_240-440_int_155_off_0_percentage_59_position_1-57 genomicbackground,3235,3,3235_3
query_3236,0,genomicbackground,0,genomicbackground,0.008049421943724155,3236_3_RF00059_3_NC_000913.3_2185135-2185632_ext_240-440_int_155_off_5_percentage_54_position_1-52 genomicbackground,3236,3,3236_3
query_3237,0,genomicbackground,0,genomicbackground,0.0074485959485173225,3237_3_RF00059_3_NC_000913.3_2185135-2185632_ext_240-440_int_155_off_10_percentage_48_position_1-47 genomicbackground,3237,3,3237_3
query_3238,0,genomicbackground,0,genomicbackground,0.009977194480597973,3238_3_RF00059_3_NC_000913.3_2185135-2185632_ext_240-440_int_155_off_15_percentage_43_position_1-42 genomicbackground,3238,3,3238_3
query_3239,0,genomicbackground,0,genomicbackground,0.010931793600320816,3239_3_RF00059_3_NC_000913.3_2185135-2185632_ext_240-440_int_155_off_20_percentage_38_position_1-37 genomicbackground,3239,3,3239_3
query_3240,0,genomicbackground,0,genomicbackground,0.3920136094093323,3240_3_RF00059_3_NC_000913.3_2185135-2185632_ext_240-440_int_155_off_25_percentage_33_position_1-32 genomicbackground,3240,3,3240_3
query_3241,0,genomicbackground,0,genomicbackground,0.013397854752838612,3241_3_RF00059_3_NC_000913.3_2185135-2185632_ext_240-440_int_155_off_30_percentage_28_position_1-27 genomicbackground,3241,3,3241_3
query_3242,0,genomicbackground,0,genomicbackground,0.1298099309206009,3242_3_RF00059_3_NC_000913.3_2185135-2185632_ext_240-440_int_155_off_35_percentage_23_position_1-22 genomicbackground,3242,3,3242_3
query_3243,0,genomicbackground,0,genomicbackground,0.0021229356061667204,3243_3_RF00059_3_NC_000913.3_2185135-2185632_ext_240-440_int_155_off_40_percentage_18_position_1-17 genomicbackground,3243,3,3243_3
query_3244,0,genomicbackground,0,genomicbackground,0.0022354729007929564,3244_3_RF00059_3_NC_000913.3_2185135-2185632_ext_240-440_int_155_off_45_percentage_12_position_1-12 genomicbackground,3244,3,3244_3
query_3245,0,genomicbackground,0,genomicbackground,0.02930341474711895,3245_3_RF00059_3_NC_000913.3_2185135-2185632_ext_240-440_int_160_off_0_percentage_59_position_1-57 genomicbackground,3245,3,3245_3
query_3246,0,genomicbackground,0,genomicbackground,0.007680302951484919,3246_3_RF00059_3_NC_000913.3_2185135-2185632_ext_240-440_int_160_off_5_percentage_54_position_1-52 genomicbackground,3246,3,3246_3
query_3247,0,genomicbackground,0,genomicbackground,0.0068842703476548195,3247_3_RF00059_3_NC_000913.3_2185135-2185632_ext_240-440_int_160_off_10_percentage_48_position_1-47 genomicbackground,3247,3,3247_3
query_3248,0,genomicbackground,0,genomicbackground,0.006813929881900549,3248_3_RF00059_3_NC_000913.3_2185135-2185632_ext_240-440_int_160_off_15_percentage_43_position_1-42 genomicbackground,3248,3,3248_3
query_3249,0,genomicbackground,0,genomicbackground,0.009233166463673115,3249_3_RF00059_3_NC_000913.3_2185135-2185632_ext_240-440_int_160_off_20_percentage_38_position_1-37 genomicbackground,3249,3,3249_3
query_3250,0,genomicbackground,0,genomicbackground,0.14114435017108917,3250_3_RF00059_3_NC_000913.3_2185135-2185632_ext_240-440_int_160_off_25_percentage_33_position_1-32 genomicbackground,3250,3,3250_3
query_3251,0,genomicbackground,0,genomicbackground,0.06039422005414963,3251_3_RF00059_3_NC_000913.3_2185135-2185632_ext_240-440_int_160_off_30_percentage_28_position_1-27 genomicbackground,3251,3,3251_3
query_3252,0,genomicbackground,0,genomicbackground,0.07291466742753983,3252_3_RF00059_3_NC_000913.3_2185135-2185632_ext_240-440_int_160_off_35_percentage_23_position_1-22 genomicbackground,3252,3,3252_3
query_3253,0,genomicbackground,0,genomicbackground,0.002148129278793931,3253_3_RF00059_3_NC_000913.3_2185135-2185632_ext_240-440_int_160_off_40_percentage_18_position_1-17 genomicbackground,3253,3,3253_3
query_3254,0,genomicbackground,0,genomicbackground,0.02973739616572857,3254_3_RF00059_3_NC_000913.3_2185135-2185632_ext_240-440_int_165_off_0_percentage_59_position_1-57 genomicbackground,3254,3,3254_3
query_3255,0,genomicbackground,0,genomicbackground,0.007100139278918505,3255_3_RF00059_3_NC_000913.3_2185135-2185632_ext_240-440_int_165_off_5_percentage_54_position_1-52 genomicbackground,3255,3,3255_3
query_3256,0,genomicbackground,0,genomicbackground,0.004791520070284605,3256_3_RF00059_3_NC_000913.3_2185135-2185632_ext_240-440_int_165_off_10_percentage_48_position_1-47 genomicbackground,3256,3,3256_3
query_3257,0,genomicbackground,0,genomicbackground,0.0060483962297439575,3257_3_RF00059_3_NC_000913.3_2185135-2185632_ext_240-440_int_165_off_15_percentage_43_position_1-42 genomicbackground,3257,3,3257_3
query_3258,0,genomicbackground,0,genomicbackground,0.01044341828674078,3258_3_RF00059_3_NC_000913.3_2185135-2185632_ext_240-440_int_165_off_20_percentage_38_position_1-37 genomicbackground,3258,3,3258_3
query_3259,0,genomicbackground,0,genomicbackground,0.0979113057255745,3259_3_RF00059_3_NC_000913.3_2185135-2185632_ext_240-440_int_165_off_25_percentage_33_position_1-32 genomicbackground,3259,3,3259_3
query_3260,0,genomicbackground,0,genomicbackground,0.06356577575206757,3260_3_RF00059_3_NC_000913.3_2185135-2185632_ext_240-440_int_165_off_30_percentage_28_position_1-27 genomicbackground,3260,3,3260_3
query_3261,0,genomicbackground,0,genomicbackground,0.04338274896144867,3261_3_RF00059_3_NC_000913.3_2185135-2185632_ext_240-440_int_165_off_35_percentage_23_position_1-22 genomicbackground,3261,3,3261_3
query_3262,0,genomicbackground,0,genomicbackground,0.026089293882250786,3262_3_RF00059_3_NC_000913.3_2185135-2185632_ext_240-440_int_170_off_0_percentage_59_position_1-57 genomicbackground,3262,3,3262_3
query_3263,0,genomicbackground,0,genomicbackground,0.004999494180083275,3263_3_RF00059_3_NC_000913.3_2185135-2185632_ext_240-440_int_170_off_5_percentage_54_position_1-52 genomicbackground,3263,3,3263_3
query_3264,0,genomicbackground,0,genomicbackground,0.004424959886819124,3264_3_RF00059_3_NC_000913.3_2185135-2185632_ext_240-440_int_170_off_10_percentage_48_position_1-47 genomicbackground,3264,3,3264_3
query_3265,0,genomicbackground,0,genomicbackground,0.007149829994887114,3265_3_RF00059_3_NC_000913.3_2185135-2185632_ext_240-440_int_170_off_15_percentage_43_position_1-42 genomicbackground,3265,3,3265_3
query_3266,0,genomicbackground,0,genomicbackground,0.013976010493934155,3266_3_RF00059_3_NC_000913.3_2185135-2185632_ext_240-440_int_170_off_20_percentage_38_position_1-37 genomicbackground,3266,3,3266_3
query_3267,0,genomicbackground,1,riboswitch,0.7689452171325684,3267_3_RF00059_3_NC_000913.3_2185135-2185632_ext_240-440_int_170_off_25_percentage_33_position_1-32 genomicbackground,3267,3,3267_3
query_3268,0,genomicbackground,0,genomicbackground,0.23657190799713135,3268_3_RF00059_3_NC_000913.3_2185135-2185632_ext_240-440_int_170_off_30_percentage_28_position_1-27 genomicbackground,3268,3,3268_3
query_3269,0,genomicbackground,0,genomicbackground,0.01345615554600954,3269_3_RF00059_3_NC_000913.3_2185135-2185632_ext_240-440_int_175_off_0_percentage_59_position_1-57 genomicbackground,3269,3,3269_3
query_3270,0,genomicbackground,0,genomicbackground,0.004622554872184992,3270_3_RF00059_3_NC_000913.3_2185135-2185632_ext_240-440_int_175_off_5_percentage_54_position_1-52 genomicbackground,3270,3,3270_3
query_3271,0,genomicbackground,0,genomicbackground,0.005334700923413038,3271_3_RF00059_3_NC_000913.3_2185135-2185632_ext_240-440_int_175_off_10_percentage_48_position_1-47 genomicbackground,3271,3,3271_3
query_3272,0,genomicbackground,0,genomicbackground,0.008513839915394783,3272_3_RF00059_3_NC_000913.3_2185135-2185632_ext_240-440_int_175_off_15_percentage_43_position_1-42 genomicbackground,3272,3,3272_3
query_3273,0,genomicbackground,0,genomicbackground,0.015080301091074944,3273_3_RF00059_3_NC_000913.3_2185135-2185632_ext_240-440_int_175_off_20_percentage_38_position_1-37 genomicbackground,3273,3,3273_3
query_3274,0,genomicbackground,1,riboswitch,0.5389875173568726,3274_3_RF00059_3_NC_000913.3_2185135-2185632_ext_240-440_int_175_off_25_percentage_33_position_1-32 genomicbackground,3274,3,3274_3
query_3275,0,genomicbackground,0,genomicbackground,0.011048303917050362,3275_3_RF00059_3_NC_000913.3_2185135-2185632_ext_240-440_int_180_off_0_percentage_59_position_1-57 genomicbackground,3275,3,3275_3
query_3276,0,genomicbackground,0,genomicbackground,0.005535323638468981,3276_3_RF00059_3_NC_000913.3_2185135-2185632_ext_240-440_int_180_off_5_percentage_54_position_1-52 genomicbackground,3276,3,3276_3
query_3277,0,genomicbackground,0,genomicbackground,0.01030849851667881,3277_3_RF00059_3_NC_000913.3_2185135-2185632_ext_240-440_int_180_off_10_percentage_48_position_1-47 genomicbackground,3277,3,3277_3
query_3278,0,genomicbackground,0,genomicbackground,0.009900514036417007,3278_3_RF00059_3_NC_000913.3_2185135-2185632_ext_240-440_int_180_off_15_percentage_43_position_1-42 genomicbackground,3278,3,3278_3
query_3279,0,genomicbackground,0,genomicbackground,0.012401582673192024,3279_3_RF00059_3_NC_000913.3_2185135-2185632_ext_240-440_int_180_off_20_percentage_38_position_1-37 genomicbackground,3279,3,3279_3
query_3280,0,genomicbackground,0,genomicbackground,0.011854066513478756,3280_3_RF00059_3_NC_000913.3_2185135-2185632_ext_240-440_int_185_off_0_percentage_59_position_1-57 genomicbackground,3280,3,3280_3
query_3281,0,genomicbackground,0,genomicbackground,0.01039437297731638,3281_3_RF00059_3_NC_000913.3_2185135-2185632_ext_240-440_int_185_off_5_percentage_54_position_1-52 genomicbackground,3281,3,3281_3
query_3282,0,genomicbackground,0,genomicbackground,0.007593174465000629,3282_3_RF00059_3_NC_000913.3_2185135-2185632_ext_240-440_int_185_off_10_percentage_48_position_1-47 genomicbackground,3282,3,3282_3
query_3283,0,genomicbackground,0,genomicbackground,0.008556255139410496,3283_3_RF00059_3_NC_000913.3_2185135-2185632_ext_240-440_int_185_off_15_percentage_43_position_1-42 genomicbackground,3283,3,3283_3
query_3284,0,genomicbackground,0,genomicbackground,0.017290787771344185,3284_3_RF00059_3_NC_000913.3_2185135-2185632_ext_240-440_int_190_off_0_percentage_59_position_1-57 genomicbackground,3284,3,3284_3
query_3285,0,genomicbackground,0,genomicbackground,0.007739149034023285,3285_3_RF00059_3_NC_000913.3_2185135-2185632_ext_240-440_int_190_off_5_percentage_54_position_1-52 genomicbackground,3285,3,3285_3
query_3286,0,genomicbackground,0,genomicbackground,0.006723193451762199,3286_3_RF00059_3_NC_000913.3_2185135-2185632_ext_240-440_int_190_off_10_percentage_48_position_1-47 genomicbackground,3286,3,3286_3
query_3287,0,genomicbackground,0,genomicbackground,0.019740039482712746,3287_3_RF00059_3_NC_000913.3_2185135-2185632_ext_240-440_int_195_off_0_percentage_59_position_1-57 genomicbackground,3287,3,3287_3
query_3288,0,genomicbackground,0,genomicbackground,0.006875409744679928,3288_3_RF00059_3_NC_000913.3_2185135-2185632_ext_240-440_int_195_off_5_percentage_54_position_1-52 genomicbackground,3288,3,3288_3
query_3289,0,genomicbackground,0,genomicbackground,0.014571444131433964,3289_3_RF00059_3_NC_000913.3_2185135-2185632_ext_240-440_int_200_off_0_percentage_59_position_1-57 genomicbackground,3289,3,3289_3
query_3290,0,genomicbackground,1,riboswitch,0.7250660061836243,3290_3_RF00059_3_NC_000913.3_2185135-2185632_ext_260-460_int_95_off_0_percentage_38_position_1-37 genomicbackground,3290,3,3290_3
query_3291,0,genomicbackground,1,riboswitch,0.9489628672599792,3291_3_RF00059_3_NC_000913.3_2185135-2185632_ext_260-460_int_95_off_5_percentage_33_position_1-32 genomicbackground,3291,3,3291_3
query_3292,0,genomicbackground,1,riboswitch,0.8735963106155396,3292_3_RF00059_3_NC_000913.3_2185135-2185632_ext_260-460_int_95_off_10_percentage_28_position_1-27 genomicbackground,3292,3,3292_3
query_3293,0,genomicbackground,0,genomicbackground,0.021186474710702896,3293_3_RF00059_3_NC_000913.3_2185135-2185632_ext_260-460_int_95_off_15_percentage_23_position_1-22 genomicbackground,3293,3,3293_3
query_3294,0,genomicbackground,0,genomicbackground,0.0022893925197422504,3294_3_RF00059_3_NC_000913.3_2185135-2185632_ext_260-460_int_95_off_20_percentage_18_position_1-17 genomicbackground,3294,3,3294_3
query_3295,0,genomicbackground,0,genomicbackground,0.0033849310129880905,3295_3_RF00059_3_NC_000913.3_2185135-2185632_ext_260-460_int_95_off_25_percentage_12_position_1-12 genomicbackground,3295,3,3295_3
query_3296,0,genomicbackground,0,genomicbackground,0.0026701197493821383,3296_3_RF00059_3_NC_000913.3_2185135-2185632_ext_260-460_int_95_off_30_percentage_7_position_1-7 genomicbackground,3296,3,3296_3
query_3297,0,genomicbackground,0,genomicbackground,0.0033964167814701796,3297_3_RF00059_3_NC_000913.3_2185135-2185632_ext_260-460_int_95_off_35_percentage_2_position_1-2 genomicbackground,3297,3,3297_3
query_3298,0,genomicbackground,0,genomicbackground,0.00673453276976943,3298_3_RF00059_3_NC_000913.3_2185135-2185632_ext_260-460_int_95_off_40_percentage_0_position_0-0 genomicbackground,3298,3,3298_3
query_3299,0,genomicbackground,0,genomicbackground,0.013345112092792988,3299_3_RF00059_3_NC_000913.3_2185135-2185632_ext_260-460_int_95_off_45_percentage_0_position_0-0 genomicbackground,3299,3,3299_3
query_3300,0,genomicbackground,0,genomicbackground,0.010945115238428116,3300_3_RF00059_3_NC_000913.3_2185135-2185632_ext_260-460_int_95_off_50_percentage_0_position_0-0 genomicbackground,3300,3,3300_3
query_3301,0,genomicbackground,0,genomicbackground,0.009606149047613144,3301_3_RF00059_3_NC_000913.3_2185135-2185632_ext_260-460_int_95_off_55_percentage_0_position_0-0 genomicbackground,3301,3,3301_3
query_3302,0,genomicbackground,0,genomicbackground,0.008836868219077587,3302_3_RF00059_3_NC_000913.3_2185135-2185632_ext_260-460_int_95_off_60_percentage_0_position_0-0 genomicbackground,3302,3,3302_3
query_3303,0,genomicbackground,0,genomicbackground,0.0030260258354246616,3303_3_RF00059_3_NC_000913.3_2185135-2185632_ext_260-460_int_95_off_65_percentage_0_position_0-0 genomicbackground,3303,3,3303_3
query_3304,0,genomicbackground,0,genomicbackground,0.005501770414412022,3304_3_RF00059_3_NC_000913.3_2185135-2185632_ext_260-460_int_95_off_70_percentage_0_position_0-0 genomicbackground,3304,3,3304_3
query_3305,0,genomicbackground,0,genomicbackground,0.005966223310679197,3305_3_RF00059_3_NC_000913.3_2185135-2185632_ext_260-460_int_95_off_75_percentage_0_position_0-0 genomicbackground,3305,3,3305_3
query_3306,0,genomicbackground,0,genomicbackground,0.007251502480357885,3306_3_RF00059_3_NC_000913.3_2185135-2185632_ext_260-460_int_95_off_80_percentage_0_position_0-0 genomicbackground,3306,3,3306_3
query_3307,0,genomicbackground,0,genomicbackground,0.006070523057132959,3307_3_RF00059_3_NC_000913.3_2185135-2185632_ext_260-460_int_95_off_85_percentage_0_position_0-0 genomicbackground,3307,3,3307_3
query_3308,0,genomicbackground,0,genomicbackground,0.004255553707480431,3308_3_RF00059_3_NC_000913.3_2185135-2185632_ext_260-460_int_95_off_90_percentage_0_position_0-0 genomicbackground,3308,3,3308_3
query_3309,0,genomicbackground,0,genomicbackground,0.00550417136400938,3309_3_RF00059_3_NC_000913.3_2185135-2185632_ext_260-460_int_95_off_95_percentage_0_position_0-0 genomicbackground,3309,3,3309_3
query_3310,0,genomicbackground,0,genomicbackground,0.008904015645384789,3310_3_RF00059_3_NC_000913.3_2185135-2185632_ext_260-460_int_95_off_100_percentage_0_position_0-0 genomicbackground,3310,3,3310_3
query_3311,0,genomicbackground,0,genomicbackground,0.009945901110768318,3311_3_RF00059_3_NC_000913.3_2185135-2185632_ext_260-460_int_95_off_105_percentage_0_position_0-0 genomicbackground,3311,3,3311_3
query_3312,0,genomicbackground,1,riboswitch,0.9334560036659241,3312_3_RF00059_3_NC_000913.3_2185135-2185632_ext_260-460_int_100_off_0_percentage_38_position_1-37 genomicbackground,3312,3,3312_3
query_3313,0,genomicbackground,1,riboswitch,0.933536946773529,3313_3_RF00059_3_NC_000913.3_2185135-2185632_ext_260-460_int_100_off_5_percentage_33_position_1-32 genomicbackground,3313,3,3313_3
query_3314,0,genomicbackground,1,riboswitch,0.7680196762084961,3314_3_RF00059_3_NC_000913.3_2185135-2185632_ext_260-460_int_100_off_10_percentage_28_position_1-27 genomicbackground,3314,3,3314_3
query_3315,0,genomicbackground,0,genomicbackground,0.005643459502607584,3315_3_RF00059_3_NC_000913.3_2185135-2185632_ext_260-460_int_100_off_15_percentage_23_position_1-22 genomicbackground,3315,3,3315_3
query_3316,0,genomicbackground,0,genomicbackground,0.002580308122560382,3316_3_RF00059_3_NC_000913.3_2185135-2185632_ext_260-460_int_100_off_20_percentage_18_position_1-17 genomicbackground,3316,3,3316_3
query_3317,0,genomicbackground,0,genomicbackground,0.0026321876794099808,3317_3_RF00059_3_NC_000913.3_2185135-2185632_ext_260-460_int_100_off_25_percentage_12_position_1-12 genomicbackground,3317,3,3317_3
query_3318,0,genomicbackground,0,genomicbackground,0.0028968413826078176,3318_3_RF00059_3_NC_000913.3_2185135-2185632_ext_260-460_int_100_off_30_percentage_7_position_1-7 genomicbackground,3318,3,3318_3
query_3319,0,genomicbackground,0,genomicbackground,0.004002340603619814,3319_3_RF00059_3_NC_000913.3_2185135-2185632_ext_260-460_int_100_off_35_percentage_2_position_1-2 genomicbackground,3319,3,3319_3
query_3320,0,genomicbackground,0,genomicbackground,0.006414263974875212,3320_3_RF00059_3_NC_000913.3_2185135-2185632_ext_260-460_int_100_off_40_percentage_0_position_0-0 genomicbackground,3320,3,3320_3
query_3321,0,genomicbackground,0,genomicbackground,0.009686962701380253,3321_3_RF00059_3_NC_000913.3_2185135-2185632_ext_260-460_int_100_off_45_percentage_0_position_0-0 genomicbackground,3321,3,3321_3
query_3322,0,genomicbackground,0,genomicbackground,0.009670316241681576,3322_3_RF00059_3_NC_000913.3_2185135-2185632_ext_260-460_int_100_off_50_percentage_0_position_0-0 genomicbackground,3322,3,3322_3
query_3323,0,genomicbackground,0,genomicbackground,0.007977490313351154,3323_3_RF00059_3_NC_000913.3_2185135-2185632_ext_260-460_int_100_off_55_percentage_0_position_0-0 genomicbackground,3323,3,3323_3
query_3324,0,genomicbackground,0,genomicbackground,0.009686348959803581,3324_3_RF00059_3_NC_000913.3_2185135-2185632_ext_260-460_int_100_off_60_percentage_0_position_0-0 genomicbackground,3324,3,3324_3
query_3325,0,genomicbackground,0,genomicbackground,0.0034109915141016245,3325_3_RF00059_3_NC_000913.3_2185135-2185632_ext_260-460_int_100_off_65_percentage_0_position_0-0 genomicbackground,3325,3,3325_3
query_3326,0,genomicbackground,0,genomicbackground,0.005475788842886686,3326_3_RF00059_3_NC_000913.3_2185135-2185632_ext_260-460_int_100_off_70_percentage_0_position_0-0 genomicbackground,3326,3,3326_3
query_3327,0,genomicbackground,0,genomicbackground,0.007190982345491648,3327_3_RF00059_3_NC_000913.3_2185135-2185632_ext_260-460_int_100_off_75_percentage_0_position_0-0 genomicbackground,3327,3,3327_3
query_3328,0,genomicbackground,0,genomicbackground,0.0074233608320355415,3328_3_RF00059_3_NC_000913.3_2185135-2185632_ext_260-460_int_100_off_80_percentage_0_position_0-0 genomicbackground,3328,3,3328_3
query_3329,0,genomicbackground,0,genomicbackground,0.005892347078770399,3329_3_RF00059_3_NC_000913.3_2185135-2185632_ext_260-460_int_100_off_85_percentage_0_position_0-0 genomicbackground,3329,3,3329_3
query_3330,0,genomicbackground,0,genomicbackground,0.004359341226518154,3330_3_RF00059_3_NC_000913.3_2185135-2185632_ext_260-460_int_100_off_90_percentage_0_position_0-0 genomicbackground,3330,3,3330_3
query_3331,0,genomicbackground,0,genomicbackground,0.005607948172837496,3331_3_RF00059_3_NC_000913.3_2185135-2185632_ext_260-460_int_100_off_95_percentage_0_position_0-0 genomicbackground,3331,3,3331_3
query_3332,0,genomicbackground,0,genomicbackground,0.0072110905312001705,3332_3_RF00059_3_NC_000913.3_2185135-2185632_ext_260-460_int_100_off_100_percentage_0_position_0-0 genomicbackground,3332,3,3332_3
query_3333,0,genomicbackground,0,genomicbackground,0.30209991335868835,3333_3_RF00059_3_NC_000913.3_2185135-2185632_ext_260-460_int_105_off_0_percentage_38_position_1-37 genomicbackground,3333,3,3333_3
query_3334,0,genomicbackground,1,riboswitch,0.8405778408050537,3334_3_RF00059_3_NC_000913.3_2185135-2185632_ext_260-460_int_105_off_5_percentage_33_position_1-32 genomicbackground,3334,3,3334_3
query_3335,0,genomicbackground,0,genomicbackground,0.460073858499527,3335_3_RF00059_3_NC_000913.3_2185135-2185632_ext_260-460_int_105_off_10_percentage_28_position_1-27 genomicbackground,3335,3,3335_3
query_3336,0,genomicbackground,0,genomicbackground,0.007752027828246355,3336_3_RF00059_3_NC_000913.3_2185135-2185632_ext_260-460_int_105_off_15_percentage_23_position_1-22 genomicbackground,3336,3,3336_3
query_3337,0,genomicbackground,0,genomicbackground,0.0022113744635134935,3337_3_RF00059_3_NC_000913.3_2185135-2185632_ext_260-460_int_105_off_20_percentage_18_position_1-17 genomicbackground,3337,3,3337_3
query_3338,0,genomicbackground,0,genomicbackground,0.002759550930932164,3338_3_RF00059_3_NC_000913.3_2185135-2185632_ext_260-460_int_105_off_25_percentage_12_position_1-12 genomicbackground,3338,3,3338_3
query_3339,0,genomicbackground,0,genomicbackground,0.0022103539668023586,3339_3_RF00059_3_NC_000913.3_2185135-2185632_ext_260-460_int_105_off_30_percentage_7_position_1-7 genomicbackground,3339,3,3339_3
query_3340,0,genomicbackground,0,genomicbackground,0.0038618564140051603,3340_3_RF00059_3_NC_000913.3_2185135-2185632_ext_260-460_int_105_off_35_percentage_2_position_1-2 genomicbackground,3340,3,3340_3
query_3341,0,genomicbackground,0,genomicbackground,0.006391831673681736,3341_3_RF00059_3_NC_000913.3_2185135-2185632_ext_260-460_int_105_off_40_percentage_0_position_0-0 genomicbackground,3341,3,3341_3
query_3342,0,genomicbackground,0,genomicbackground,0.008704567328095436,3342_3_RF00059_3_NC_000913.3_2185135-2185632_ext_260-460_int_105_off_45_percentage_0_position_0-0 genomicbackground,3342,3,3342_3
query_3343,0,genomicbackground,0,genomicbackground,0.008321408182382584,3343_3_RF00059_3_NC_000913.3_2185135-2185632_ext_260-460_int_105_off_50_percentage_0_position_0-0 genomicbackground,3343,3,3343_3
query_3344,0,genomicbackground,0,genomicbackground,0.01721775159239769,3344_3_RF00059_3_NC_000913.3_2185135-2185632_ext_260-460_int_105_off_55_percentage_0_position_0-0 genomicbackground,3344,3,3344_3
query_3345,0,genomicbackground,0,genomicbackground,0.009583355858922005,3345_3_RF00059_3_NC_000913.3_2185135-2185632_ext_260-460_int_105_off_60_percentage_0_position_0-0 genomicbackground,3345,3,3345_3
query_3346,0,genomicbackground,0,genomicbackground,0.006606473587453365,3346_3_RF00059_3_NC_000913.3_2185135-2185632_ext_260-460_int_105_off_65_percentage_0_position_0-0 genomicbackground,3346,3,3346_3
query_3347,0,genomicbackground,0,genomicbackground,0.008065531961619854,3347_3_RF00059_3_NC_000913.3_2185135-2185632_ext_260-460_int_105_off_70_percentage_0_position_0-0 genomicbackground,3347,3,3347_3
query_3348,0,genomicbackground,0,genomicbackground,0.007309865206480026,3348_3_RF00059_3_NC_000913.3_2185135-2185632_ext_260-460_int_105_off_75_percentage_0_position_0-0 genomicbackground,3348,3,3348_3
query_3349,0,genomicbackground,0,genomicbackground,0.005558270961046219,3349_3_RF00059_3_NC_000913.3_2185135-2185632_ext_260-460_int_105_off_80_percentage_0_position_0-0 genomicbackground,3349,3,3349_3
query_3350,0,genomicbackground,0,genomicbackground,0.005665020551532507,3350_3_RF00059_3_NC_000913.3_2185135-2185632_ext_260-460_int_105_off_85_percentage_0_position_0-0 genomicbackground,3350,3,3350_3
query_3351,0,genomicbackground,0,genomicbackground,0.004779824987053871,3351_3_RF00059_3_NC_000913.3_2185135-2185632_ext_260-460_int_105_off_90_percentage_0_position_0-0 genomicbackground,3351,3,3351_3
query_3352,0,genomicbackground,0,genomicbackground,0.008260774426162243,3352_3_RF00059_3_NC_000913.3_2185135-2185632_ext_260-460_int_105_off_95_percentage_0_position_0-0 genomicbackground,3352,3,3352_3
query_3353,0,genomicbackground,1,riboswitch,0.8069517612457275,3353_3_RF00059_3_NC_000913.3_2185135-2185632_ext_260-460_int_110_off_0_percentage_38_position_1-37 genomicbackground,3353,3,3353_3
query_3354,0,genomicbackground,1,riboswitch,0.854077935218811,3354_3_RF00059_3_NC_000913.3_2185135-2185632_ext_260-460_int_110_off_5_percentage_33_position_1-32 genomicbackground,3354,3,3354_3
query_3355,0,genomicbackground,1,riboswitch,0.5993582010269165,3355_3_RF00059_3_NC_000913.3_2185135-2185632_ext_260-460_int_110_off_10_percentage_28_position_1-27 genomicbackground,3355,3,3355_3
query_3356,0,genomicbackground,0,genomicbackground,0.38665199279785156,3356_3_RF00059_3_NC_000913.3_2185135-2185632_ext_260-460_int_110_off_15_percentage_23_position_1-22 genomicbackground,3356,3,3356_3
query_3357,0,genomicbackground,0,genomicbackground,0.0022299569100141525,3357_3_RF00059_3_NC_000913.3_2185135-2185632_ext_260-460_int_110_off_20_percentage_18_position_1-17 genomicbackground,3357,3,3357_3
query_3358,0,genomicbackground,0,genomicbackground,0.0021786086726933718,3358_3_RF00059_3_NC_000913.3_2185135-2185632_ext_260-460_int_110_off_25_percentage_12_position_1-12 genomicbackground,3358,3,3358_3
query_3359,0,genomicbackground,0,genomicbackground,0.001883300836198032,3359_3_RF00059_3_NC_000913.3_2185135-2185632_ext_260-460_int_110_off_30_percentage_7_position_1-7 genomicbackground,3359,3,3359_3
query_3360,0,genomicbackground,0,genomicbackground,0.003667254000902176,3360_3_RF00059_3_NC_000913.3_2185135-2185632_ext_260-460_int_110_off_35_percentage_2_position_1-2 genomicbackground,3360,3,3360_3
query_3361,0,genomicbackground,0,genomicbackground,0.0067030396312475204,3361_3_RF00059_3_NC_000913.3_2185135-2185632_ext_260-460_int_110_off_40_percentage_0_position_0-0 genomicbackground,3361,3,3361_3
query_3362,0,genomicbackground,0,genomicbackground,0.0078191002830863,3362_3_RF00059_3_NC_000913.3_2185135-2185632_ext_260-460_int_110_off_45_percentage_0_position_0-0 genomicbackground,3362,3,3362_3
query_3363,0,genomicbackground,0,genomicbackground,0.00983924325555563,3363_3_RF00059_3_NC_000913.3_2185135-2185632_ext_260-460_int_110_off_50_percentage_0_position_0-0 genomicbackground,3363,3,3363_3
query_3364,0,genomicbackground,0,genomicbackground,0.008317084982991219,3364_3_RF00059_3_NC_000913.3_2185135-2185632_ext_260-460_int_110_off_55_percentage_0_position_0-0 genomicbackground,3364,3,3364_3
query_3365,0,genomicbackground,0,genomicbackground,0.007649105507880449,3365_3_RF00059_3_NC_000913.3_2185135-2185632_ext_260-460_int_110_off_60_percentage_0_position_0-0 genomicbackground,3365,3,3365_3
query_3366,0,genomicbackground,0,genomicbackground,0.007981420494616032,3366_3_RF00059_3_NC_000913.3_2185135-2185632_ext_260-460_int_110_off_65_percentage_0_position_0-0 genomicbackground,3366,3,3366_3
query_3367,0,genomicbackground,0,genomicbackground,0.008061675354838371,3367_3_RF00059_3_NC_000913.3_2185135-2185632_ext_260-460_int_110_off_70_percentage_0_position_0-0 genomicbackground,3367,3,3367_3
query_3368,0,genomicbackground,0,genomicbackground,0.005590956192463636,3368_3_RF00059_3_NC_000913.3_2185135-2185632_ext_260-460_int_110_off_75_percentage_0_position_0-0 genomicbackground,3368,3,3368_3
query_3369,0,genomicbackground,0,genomicbackground,0.005488893948495388,3369_3_RF00059_3_NC_000913.3_2185135-2185632_ext_260-460_int_110_off_80_percentage_0_position_0-0 genomicbackground,3369,3,3369_3
query_3370,0,genomicbackground,0,genomicbackground,0.005076433066278696,3370_3_RF00059_3_NC_000913.3_2185135-2185632_ext_260-460_int_110_off_85_percentage_0_position_0-0 genomicbackground,3370,3,3370_3
query_3371,0,genomicbackground,0,genomicbackground,0.005355621222406626,3371_3_RF00059_3_NC_000913.3_2185135-2185632_ext_260-460_int_110_off_90_percentage_0_position_0-0 genomicbackground,3371,3,3371_3
query_3372,0,genomicbackground,0,genomicbackground,0.1369621753692627,3372_3_RF00059_3_NC_000913.3_2185135-2185632_ext_260-460_int_115_off_0_percentage_38_position_1-37 genomicbackground,3372,3,3372_3
query_3373,0,genomicbackground,1,riboswitch,0.9175693392753601,3373_3_RF00059_3_NC_000913.3_2185135-2185632_ext_260-460_int_115_off_5_percentage_33_position_1-32 genomicbackground,3373,3,3373_3
query_3374,0,genomicbackground,1,riboswitch,0.7205049991607666,3374_3_RF00059_3_NC_000913.3_2185135-2185632_ext_260-460_int_115_off_10_percentage_28_position_1-27 genomicbackground,3374,3,3374_3
query_3375,0,genomicbackground,0,genomicbackground,0.15026696026325226,3375_3_RF00059_3_NC_000913.3_2185135-2185632_ext_260-460_int_115_off_15_percentage_23_position_1-22 genomicbackground,3375,3,3375_3
query_3376,0,genomicbackground,0,genomicbackground,0.001994868041947484,3376_3_RF00059_3_NC_000913.3_2185135-2185632_ext_260-460_int_115_off_20_percentage_18_position_1-17 genomicbackground,3376,3,3376_3
query_3377,0,genomicbackground,0,genomicbackground,0.0018674085149541497,3377_3_RF00059_3_NC_000913.3_2185135-2185632_ext_260-460_int_115_off_25_percentage_12_position_1-12 genomicbackground,3377,3,3377_3
query_3378,0,genomicbackground,0,genomicbackground,0.0017844641115516424,3378_3_RF00059_3_NC_000913.3_2185135-2185632_ext_260-460_int_115_off_30_percentage_7_position_1-7 genomicbackground,3378,3,3378_3
query_3379,0,genomicbackground,0,genomicbackground,0.0013043390354141593,3379_3_RF00059_3_NC_000913.3_2185135-2185632_ext_260-460_int_115_off_35_percentage_2_position_1-2 genomicbackground,3379,3,3379_3
query_3380,0,genomicbackground,0,genomicbackground,0.006085942033678293,3380_3_RF00059_3_NC_000913.3_2185135-2185632_ext_260-460_int_115_off_40_percentage_0_position_0-0 genomicbackground,3380,3,3380_3
query_3381,0,genomicbackground,0,genomicbackground,0.009111526422202587,3381_3_RF00059_3_NC_000913.3_2185135-2185632_ext_260-460_int_115_off_45_percentage_0_position_0-0 genomicbackground,3381,3,3381_3
query_3382,0,genomicbackground,0,genomicbackground,0.010520640760660172,3382_3_RF00059_3_NC_000913.3_2185135-2185632_ext_260-460_int_115_off_50_percentage_0_position_0-0 genomicbackground,3382,3,3382_3
query_3383,0,genomicbackground,0,genomicbackground,0.008834370411932468,3383_3_RF00059_3_NC_000913.3_2185135-2185632_ext_260-460_int_115_off_55_percentage_0_position_0-0 genomicbackground,3383,3,3383_3
query_3384,0,genomicbackground,0,genomicbackground,0.01627984456717968,3384_3_RF00059_3_NC_000913.3_2185135-2185632_ext_260-460_int_115_off_60_percentage_0_position_0-0 genomicbackground,3384,3,3384_3
query_3385,0,genomicbackground,0,genomicbackground,0.00809480994939804,3385_3_RF00059_3_NC_000913.3_2185135-2185632_ext_260-460_int_115_off_65_percentage_0_position_0-0 genomicbackground,3385,3,3385_3
query_3386,0,genomicbackground,0,genomicbackground,0.00765224639326334,3386_3_RF00059_3_NC_000913.3_2185135-2185632_ext_260-460_int_115_off_70_percentage_0_position_0-0 genomicbackground,3386,3,3386_3
query_3387,0,genomicbackground,0,genomicbackground,0.005790890194475651,3387_3_RF00059_3_NC_000913.3_2185135-2185632_ext_260-460_int_115_off_75_percentage_0_position_0-0 genomicbackground,3387,3,3387_3
query_3388,0,genomicbackground,0,genomicbackground,0.00501905707642436,3388_3_RF00059_3_NC_000913.3_2185135-2185632_ext_260-460_int_115_off_80_percentage_0_position_0-0 genomicbackground,3388,3,3388_3
query_3389,0,genomicbackground,0,genomicbackground,0.005404507741332054,3389_3_RF00059_3_NC_000913.3_2185135-2185632_ext_260-460_int_115_off_85_percentage_0_position_0-0 genomicbackground,3389,3,3389_3
query_3390,0,genomicbackground,0,genomicbackground,0.0608576238155365,3390_3_RF00059_3_NC_000913.3_2185135-2185632_ext_260-460_int_120_off_0_percentage_38_position_1-37 genomicbackground,3390,3,3390_3
query_3391,0,genomicbackground,1,riboswitch,0.9000064134597778,3391_3_RF00059_3_NC_000913.3_2185135-2185632_ext_260-460_int_120_off_5_percentage_33_position_1-32 genomicbackground,3391,3,3391_3
query_3392,0,genomicbackground,1,riboswitch,0.6341741681098938,3392_3_RF00059_3_NC_000913.3_2185135-2185632_ext_260-460_int_120_off_10_percentage_28_position_1-27 genomicbackground,3392,3,3392_3
query_3393,0,genomicbackground,0,genomicbackground,0.08746742457151413,3393_3_RF00059_3_NC_000913.3_2185135-2185632_ext_260-460_int_120_off_15_percentage_23_position_1-22 genomicbackground,3393,3,3393_3
query_3394,0,genomicbackground,0,genomicbackground,0.0017864358378574252,3394_3_RF00059_3_NC_000913.3_2185135-2185632_ext_260-460_int_120_off_20_percentage_18_position_1-17 genomicbackground,3394,3,3394_3
query_3395,0,genomicbackground,0,genomicbackground,0.0018368088640272617,3395_3_RF00059_3_NC_000913.3_2185135-2185632_ext_260-460_int_120_off_25_percentage_12_position_1-12 genomicbackground,3395,3,3395_3
query_3396,0,genomicbackground,0,genomicbackground,0.0017563035944476724,3396_3_RF00059_3_NC_000913.3_2185135-2185632_ext_260-460_int_120_off_30_percentage_7_position_1-7 genomicbackground,3396,3,3396_3
query_3397,0,genomicbackground,0,genomicbackground,0.001216238597407937,3397_3_RF00059_3_NC_000913.3_2185135-2185632_ext_260-460_int_120_off_35_percentage_2_position_1-2 genomicbackground,3397,3,3397_3
query_3398,0,genomicbackground,0,genomicbackground,0.004104228224605322,3398_3_RF00059_3_NC_000913.3_2185135-2185632_ext_260-460_int_120_off_40_percentage_0_position_0-0 genomicbackground,3398,3,3398_3
query_3399,0,genomicbackground,0,genomicbackground,0.010808602906763554,3399_3_RF00059_3_NC_000913.3_2185135-2185632_ext_260-460_int_120_off_45_percentage_0_position_0-0 genomicbackground,3399,3,3399_3
query_3400,0,genomicbackground,0,genomicbackground,0.009320979937911034,3400_3_RF00059_3_NC_000913.3_2185135-2185632_ext_260-460_int_120_off_50_percentage_0_position_0-0 genomicbackground,3400,3,3400_3
query_3401,0,genomicbackground,0,genomicbackground,0.01765642687678337,3401_3_RF00059_3_NC_000913.3_2185135-2185632_ext_260-460_int_120_off_55_percentage_0_position_0-0 genomicbackground,3401,3,3401_3
query_3402,0,genomicbackground,0,genomicbackground,0.014934161677956581,3402_3_RF00059_3_NC_000913.3_2185135-2185632_ext_260-460_int_120_off_60_percentage_0_position_0-0 genomicbackground,3402,3,3402_3
query_3403,0,genomicbackground,0,genomicbackground,0.006263293791562319,3403_3_RF00059_3_NC_000913.3_2185135-2185632_ext_260-460_int_120_off_65_percentage_0_position_0-0 genomicbackground,3403,3,3403_3
query_3404,0,genomicbackground,0,genomicbackground,0.007515916600823402,3404_3_RF00059_3_NC_000913.3_2185135-2185632_ext_260-460_int_120_off_70_percentage_0_position_0-0 genomicbackground,3404,3,3404_3
query_3405,0,genomicbackground,0,genomicbackground,0.005321360658854246,3405_3_RF00059_3_NC_000913.3_2185135-2185632_ext_260-460_int_120_off_75_percentage_0_position_0-0 genomicbackground,3405,3,3405_3
query_3406,0,genomicbackground,0,genomicbackground,0.006594434846192598,3406_3_RF00059_3_NC_000913.3_2185135-2185632_ext_260-460_int_120_off_80_percentage_0_position_0-0 genomicbackground,3406,3,3406_3
query_3407,0,genomicbackground,0,genomicbackground,0.07347584515810013,3407_3_RF00059_3_NC_000913.3_2185135-2185632_ext_260-460_int_125_off_0_percentage_38_position_1-37 genomicbackground,3407,3,3407_3
query_3408,0,genomicbackground,1,riboswitch,0.8685311079025269,3408_3_RF00059_3_NC_000913.3_2185135-2185632_ext_260-460_int_125_off_5_percentage_33_position_1-32 genomicbackground,3408,3,3408_3
query_3409,0,genomicbackground,0,genomicbackground,0.40634381771087646,3409_3_RF00059_3_NC_000913.3_2185135-2185632_ext_260-460_int_125_off_10_percentage_28_position_1-27 genomicbackground,3409,3,3409_3
query_3410,0,genomicbackground,0,genomicbackground,0.12459145486354828,3410_3_RF00059_3_NC_000913.3_2185135-2185632_ext_260-460_int_125_off_15_percentage_23_position_1-22 genomicbackground,3410,3,3410_3
query_3411,0,genomicbackground,0,genomicbackground,0.0017649339279159904,3411_3_RF00059_3_NC_000913.3_2185135-2185632_ext_260-460_int_125_off_20_percentage_18_position_1-17 genomicbackground,3411,3,3411_3
query_3412,0,genomicbackground,0,genomicbackground,0.0017947152955457568,3412_3_RF00059_3_NC_000913.3_2185135-2185632_ext_260-460_int_125_off_25_percentage_12_position_1-12 genomicbackground,3412,3,3412_3
query_3413,0,genomicbackground,0,genomicbackground,0.00150335393846035,3413_3_RF00059_3_NC_000913.3_2185135-2185632_ext_260-460_int_125_off_30_percentage_7_position_1-7 genomicbackground,3413,3,3413_3
query_3414,0,genomicbackground,0,genomicbackground,0.003482881234958768,3414_3_RF00059_3_NC_000913.3_2185135-2185632_ext_260-460_int_125_off_35_percentage_2_position_1-2 genomicbackground,3414,3,3414_3
query_3415,0,genomicbackground,0,genomicbackground,0.004303348250687122,3415_3_RF00059_3_NC_000913.3_2185135-2185632_ext_260-460_int_125_off_40_percentage_0_position_0-0 genomicbackground,3415,3,3415_3
query_3416,0,genomicbackground,0,genomicbackground,0.008531180210411549,3416_3_RF00059_3_NC_000913.3_2185135-2185632_ext_260-460_int_125_off_45_percentage_0_position_0-0 genomicbackground,3416,3,3416_3
query_3417,0,genomicbackground,0,genomicbackground,0.016259651631116867,3417_3_RF00059_3_NC_000913.3_2185135-2185632_ext_260-460_int_125_off_50_percentage_0_position_0-0 genomicbackground,3417,3,3417_3
query_3418,0,genomicbackground,0,genomicbackground,0.01458785030990839,3418_3_RF00059_3_NC_000913.3_2185135-2185632_ext_260-460_int_125_off_55_percentage_0_position_0-0 genomicbackground,3418,3,3418_3
query_3419,0,genomicbackground,0,genomicbackground,0.014379503205418587,3419_3_RF00059_3_NC_000913.3_2185135-2185632_ext_260-460_int_125_off_60_percentage_0_position_0-0 genomicbackground,3419,3,3419_3
query_3420,0,genomicbackground,0,genomicbackground,0.006355225574225187,3420_3_RF00059_3_NC_000913.3_2185135-2185632_ext_260-460_int_125_off_65_percentage_0_position_0-0 genomicbackground,3420,3,3420_3
query_3421,0,genomicbackground,0,genomicbackground,0.006558635272085667,3421_3_RF00059_3_NC_000913.3_2185135-2185632_ext_260-460_int_125_off_70_percentage_0_position_0-0 genomicbackground,3421,3,3421_3
query_3422,0,genomicbackground,0,genomicbackground,0.006610790733247995,3422_3_RF00059_3_NC_000913.3_2185135-2185632_ext_260-460_int_125_off_75_percentage_0_position_0-0 genomicbackground,3422,3,3422_3
query_3423,0,genomicbackground,0,genomicbackground,0.059950049966573715,3423_3_RF00059_3_NC_000913.3_2185135-2185632_ext_260-460_int_130_off_0_percentage_38_position_1-37 genomicbackground,3423,3,3423_3
query_3424,0,genomicbackground,1,riboswitch,0.7394838929176331,3424_3_RF00059_3_NC_000913.3_2185135-2185632_ext_260-460_int_130_off_5_percentage_33_position_1-32 genomicbackground,3424,3,3424_3
query_3425,0,genomicbackground,0,genomicbackground,0.1182345300912857,3425_3_RF00059_3_NC_000913.3_2185135-2185632_ext_260-460_int_130_off_10_percentage_28_position_1-27 genomicbackground,3425,3,3425_3
query_3426,0,genomicbackground,0,genomicbackground,0.14615081250667572,3426_3_RF00059_3_NC_000913.3_2185135-2185632_ext_260-460_int_130_off_15_percentage_23_position_1-22 genomicbackground,3426,3,3426_3
query_3427,0,genomicbackground,0,genomicbackground,0.003311557462438941,3427_3_RF00059_3_NC_000913.3_2185135-2185632_ext_260-460_int_130_off_20_percentage_18_position_1-17 genomicbackground,3427,3,3427_3
query_3428,0,genomicbackground,0,genomicbackground,0.0014888051664456725,3428_3_RF00059_3_NC_000913.3_2185135-2185632_ext_260-460_int_130_off_25_percentage_12_position_1-12 genomicbackground,3428,3,3428_3
query_3429,0,genomicbackground,0,genomicbackground,0.0025367611087858677,3429_3_RF00059_3_NC_000913.3_2185135-2185632_ext_260-460_int_130_off_30_percentage_7_position_1-7 genomicbackground,3429,3,3429_3
query_3430,0,genomicbackground,0,genomicbackground,0.004436599090695381,3430_3_RF00059_3_NC_000913.3_2185135-2185632_ext_260-460_int_130_off_35_percentage_2_position_1-2 genomicbackground,3430,3,3430_3
query_3431,0,genomicbackground,0,genomicbackground,0.006693767383694649,3431_3_RF00059_3_NC_000913.3_2185135-2185632_ext_260-460_int_130_off_40_percentage_0_position_0-0 genomicbackground,3431,3,3431_3
query_3432,0,genomicbackground,0,genomicbackground,0.01555236242711544,3432_3_RF00059_3_NC_000913.3_2185135-2185632_ext_260-460_int_130_off_45_percentage_0_position_0-0 genomicbackground,3432,3,3432_3
query_3433,0,genomicbackground,0,genomicbackground,0.013912306167185307,3433_3_RF00059_3_NC_000913.3_2185135-2185632_ext_260-460_int_130_off_50_percentage_0_position_0-0 genomicbackground,3433,3,3433_3
query_3434,0,genomicbackground,0,genomicbackground,0.014104627072811127,3434_3_RF00059_3_NC_000913.3_2185135-2185632_ext_260-460_int_130_off_55_percentage_0_position_0-0 genomicbackground,3434,3,3434_3
query_3435,0,genomicbackground,0,genomicbackground,0.01342446357011795,3435_3_RF00059_3_NC_000913.3_2185135-2185632_ext_260-460_int_130_off_60_percentage_0_position_0-0 genomicbackground,3435,3,3435_3
query_3436,0,genomicbackground,0,genomicbackground,0.006415646523237228,3436_3_RF00059_3_NC_000913.3_2185135-2185632_ext_260-460_int_130_off_65_percentage_0_position_0-0 genomicbackground,3436,3,3436_3
query_3437,0,genomicbackground,0,genomicbackground,0.007121313828974962,3437_3_RF00059_3_NC_000913.3_2185135-2185632_ext_260-460_int_130_off_70_percentage_0_position_0-0 genomicbackground,3437,3,3437_3
query_3438,0,genomicbackground,0,genomicbackground,0.030309075489640236,3438_3_RF00059_3_NC_000913.3_2185135-2185632_ext_260-460_int_135_off_0_percentage_38_position_1-37 genomicbackground,3438,3,3438_3
query_3439,0,genomicbackground,1,riboswitch,0.8531518578529358,3439_3_RF00059_3_NC_000913.3_2185135-2185632_ext_260-460_int_135_off_5_percentage_33_position_1-32 genomicbackground,3439,3,3439_3
query_3440,0,genomicbackground,0,genomicbackground,0.0779661312699318,3440_3_RF00059_3_NC_000913.3_2185135-2185632_ext_260-460_int_135_off_10_percentage_28_position_1-27 genomicbackground,3440,3,3440_3
query_3441,0,genomicbackground,0,genomicbackground,0.12003891170024872,3441_3_RF00059_3_NC_000913.3_2185135-2185632_ext_260-460_int_135_off_15_percentage_23_position_1-22 genomicbackground,3441,3,3441_3
query_3442,0,genomicbackground,0,genomicbackground,0.002264897571876645,3442_3_RF00059_3_NC_000913.3_2185135-2185632_ext_260-460_int_135_off_20_percentage_18_position_1-17 genomicbackground,3442,3,3442_3
query_3443,0,genomicbackground,0,genomicbackground,0.0014877115609124303,3443_3_RF00059_3_NC_000913.3_2185135-2185632_ext_260-460_int_135_off_25_percentage_12_position_1-12 genomicbackground,3443,3,3443_3
query_3444,0,genomicbackground,0,genomicbackground,0.002146680373698473,3444_3_RF00059_3_NC_000913.3_2185135-2185632_ext_260-460_int_135_off_30_percentage_7_position_1-7 genomicbackground,3444,3,3444_3
query_3445,0,genomicbackground,0,genomicbackground,0.0018457872793078423,3445_3_RF00059_3_NC_000913.3_2185135-2185632_ext_260-460_int_135_off_35_percentage_2_position_1-2 genomicbackground,3445,3,3445_3
query_3446,0,genomicbackground,0,genomicbackground,0.009612049907445908,3446_3_RF00059_3_NC_000913.3_2185135-2185632_ext_260-460_int_135_off_40_percentage_0_position_0-0 genomicbackground,3446,3,3446_3
query_3447,0,genomicbackground,0,genomicbackground,0.013042084872722626,3447_3_RF00059_3_NC_000913.3_2185135-2185632_ext_260-460_int_135_off_45_percentage_0_position_0-0 genomicbackground,3447,3,3447_3
query_3448,0,genomicbackground,0,genomicbackground,0.013352559879422188,3448_3_RF00059_3_NC_000913.3_2185135-2185632_ext_260-460_int_135_off_50_percentage_0_position_0-0 genomicbackground,3448,3,3448_3
query_3449,0,genomicbackground,0,genomicbackground,0.011582543142139912,3449_3_RF00059_3_NC_000913.3_2185135-2185632_ext_260-460_int_135_off_55_percentage_0_position_0-0 genomicbackground,3449,3,3449_3
query_3450,0,genomicbackground,0,genomicbackground,0.007673849351704121,3450_3_RF00059_3_NC_000913.3_2185135-2185632_ext_260-460_int_135_off_60_percentage_0_position_0-0 genomicbackground,3450,3,3450_3
query_3451,0,genomicbackground,0,genomicbackground,0.007342623081058264,3451_3_RF00059_3_NC_000913.3_2185135-2185632_ext_260-460_int_135_off_65_percentage_0_position_0-0 genomicbackground,3451,3,3451_3
query_3452,0,genomicbackground,0,genomicbackground,0.019445713609457016,3452_3_RF00059_3_NC_000913.3_2185135-2185632_ext_260-460_int_140_off_0_percentage_38_position_1-37 genomicbackground,3452,3,3452_3
query_3453,0,genomicbackground,1,riboswitch,0.8872808814048767,3453_3_RF00059_3_NC_000913.3_2185135-2185632_ext_260-460_int_140_off_5_percentage_33_position_1-32 genomicbackground,3453,3,3453_3
query_3454,0,genomicbackground,0,genomicbackground,0.2090476006269455,3454_3_RF00059_3_NC_000913.3_2185135-2185632_ext_260-460_int_140_off_10_percentage_28_position_1-27 genomicbackground,3454,3,3454_3
query_3455,0,genomicbackground,0,genomicbackground,0.050516318529844284,3455_3_RF00059_3_NC_000913.3_2185135-2185632_ext_260-460_int_140_off_15_percentage_23_position_1-22 genomicbackground,3455,3,3455_3
query_3456,0,genomicbackground,0,genomicbackground,0.00203008227981627,3456_3_RF00059_3_NC_000913.3_2185135-2185632_ext_260-460_int_140_off_20_percentage_18_position_1-17 genomicbackground,3456,3,3456_3
query_3457,0,genomicbackground,0,genomicbackground,0.001865799305960536,3457_3_RF00059_3_NC_000913.3_2185135-2185632_ext_260-460_int_140_off_25_percentage_12_position_1-12 genomicbackground,3457,3,3457_3
query_3458,0,genomicbackground,0,genomicbackground,0.011979028582572937,3458_3_RF00059_3_NC_000913.3_2185135-2185632_ext_260-460_int_140_off_30_percentage_7_position_1-7 genomicbackground,3458,3,3458_3
query_3459,0,genomicbackground,0,genomicbackground,0.00441649230197072,3459_3_RF00059_3_NC_000913.3_2185135-2185632_ext_260-460_int_140_off_35_percentage_2_position_1-2 genomicbackground,3459,3,3459_3
query_3460,0,genomicbackground,0,genomicbackground,0.009560097008943558,3460_3_RF00059_3_NC_000913.3_2185135-2185632_ext_260-460_int_140_off_40_percentage_0_position_0-0 genomicbackground,3460,3,3460_3
query_3461,0,genomicbackground,0,genomicbackground,0.01256779208779335,3461_3_RF00059_3_NC_000913.3_2185135-2185632_ext_260-460_int_140_off_45_percentage_0_position_0-0 genomicbackground,3461,3,3461_3
query_3462,0,genomicbackground,0,genomicbackground,0.011308440938591957,3462_3_RF00059_3_NC_000913.3_2185135-2185632_ext_260-460_int_140_off_50_percentage_0_position_0-0 genomicbackground,3462,3,3462_3
query_3463,0,genomicbackground,0,genomicbackground,0.010998615063726902,3463_3_RF00059_3_NC_000913.3_2185135-2185632_ext_260-460_int_140_off_55_percentage_0_position_0-0 genomicbackground,3463,3,3463_3
query_3464,0,genomicbackground,0,genomicbackground,0.010917473584413528,3464_3_RF00059_3_NC_000913.3_2185135-2185632_ext_260-460_int_140_off_60_percentage_0_position_0-0 genomicbackground,3464,3,3464_3
query_3465,0,genomicbackground,0,genomicbackground,0.018509522080421448,3465_3_RF00059_3_NC_000913.3_2185135-2185632_ext_260-460_int_145_off_0_percentage_38_position_1-37 genomicbackground,3465,3,3465_3
query_3466,0,genomicbackground,0,genomicbackground,0.048635050654411316,3466_3_RF00059_3_NC_000913.3_2185135-2185632_ext_260-460_int_145_off_5_percentage_33_position_1-32 genomicbackground,3466,3,3466_3
query_3467,0,genomicbackground,0,genomicbackground,0.0390099361538887,3467_3_RF00059_3_NC_000913.3_2185135-2185632_ext_260-460_int_145_off_10_percentage_28_position_1-27 genomicbackground,3467,3,3467_3
query_3468,0,genomicbackground,0,genomicbackground,0.03003964200615883,3468_3_RF00059_3_NC_000913.3_2185135-2185632_ext_260-460_int_145_off_15_percentage_23_position_1-22 genomicbackground,3468,3,3468_3
query_3469,0,genomicbackground,0,genomicbackground,0.0024223169311881065,3469_3_RF00059_3_NC_000913.3_2185135-2185632_ext_260-460_int_145_off_20_percentage_18_position_1-17 genomicbackground,3469,3,3469_3
query_3470,0,genomicbackground,0,genomicbackground,0.002204624703153968,3470_3_RF00059_3_NC_000913.3_2185135-2185632_ext_260-460_int_145_off_25_percentage_12_position_1-12 genomicbackground,3470,3,3470_3
query_3471,0,genomicbackground,0,genomicbackground,0.0021064449101686478,3471_3_RF00059_3_NC_000913.3_2185135-2185632_ext_260-460_int_145_off_30_percentage_7_position_1-7 genomicbackground,3471,3,3471_3
query_3472,0,genomicbackground,0,genomicbackground,0.004664073698222637,3472_3_RF00059_3_NC_000913.3_2185135-2185632_ext_260-460_int_145_off_35_percentage_2_position_1-2 genomicbackground,3472,3,3472_3
query_3473,0,genomicbackground,0,genomicbackground,0.009337381459772587,3473_3_RF00059_3_NC_000913.3_2185135-2185632_ext_260-460_int_145_off_40_percentage_0_position_0-0 genomicbackground,3473,3,3473_3
query_3474,0,genomicbackground,0,genomicbackground,0.010738526470959187,3474_3_RF00059_3_NC_000913.3_2185135-2185632_ext_260-460_int_145_off_45_percentage_0_position_0-0 genomicbackground,3474,3,3474_3
query_3475,0,genomicbackground,0,genomicbackground,0.012691984884440899,3475_3_RF00059_3_NC_000913.3_2185135-2185632_ext_260-460_int_145_off_50_percentage_0_position_0-0 genomicbackground,3475,3,3475_3
query_3476,0,genomicbackground,0,genomicbackground,0.00986931100487709,3476_3_RF00059_3_NC_000913.3_2185135-2185632_ext_260-460_int_145_off_55_percentage_0_position_0-0 genomicbackground,3476,3,3476_3
query_3477,0,genomicbackground,0,genomicbackground,0.016743198037147522,3477_3_RF00059_3_NC_000913.3_2185135-2185632_ext_260-460_int_150_off_0_percentage_38_position_1-37 genomicbackground,3477,3,3477_3
query_3478,0,genomicbackground,0,genomicbackground,0.08354531973600388,3478_3_RF00059_3_NC_000913.3_2185135-2185632_ext_260-460_int_150_off_5_percentage_33_position_1-32 genomicbackground,3478,3,3478_3
query_3479,0,genomicbackground,0,genomicbackground,0.02270560711622238,3479_3_RF00059_3_NC_000913.3_2185135-2185632_ext_260-460_int_150_off_10_percentage_28_position_1-27 genomicbackground,3479,3,3479_3
query_3480,0,genomicbackground,0,genomicbackground,0.017961647361516953,3480_3_RF00059_3_NC_000913.3_2185135-2185632_ext_260-460_int_150_off_15_percentage_23_position_1-22 genomicbackground,3480,3,3480_3
query_3481,0,genomicbackground,0,genomicbackground,0.002115219831466675,3481_3_RF00059_3_NC_000913.3_2185135-2185632_ext_260-460_int_150_off_20_percentage_18_position_1-17 genomicbackground,3481,3,3481_3
query_3482,0,genomicbackground,0,genomicbackground,0.0022271049674600363,3482_3_RF00059_3_NC_000913.3_2185135-2185632_ext_260-460_int_150_off_25_percentage_12_position_1-12 genomicbackground,3482,3,3482_3
query_3483,0,genomicbackground,0,genomicbackground,0.0023809662088751793,3483_3_RF00059_3_NC_000913.3_2185135-2185632_ext_260-460_int_150_off_30_percentage_7_position_1-7 genomicbackground,3483,3,3483_3
query_3484,0,genomicbackground,0,genomicbackground,0.0049744234420359135,3484_3_RF00059_3_NC_000913.3_2185135-2185632_ext_260-460_int_150_off_35_percentage_2_position_1-2 genomicbackground,3484,3,3484_3
query_3485,0,genomicbackground,0,genomicbackground,0.008905276656150818,3485_3_RF00059_3_NC_000913.3_2185135-2185632_ext_260-460_int_150_off_40_percentage_0_position_0-0 genomicbackground,3485,3,3485_3
query_3486,0,genomicbackground,0,genomicbackground,0.01192357949912548,3486_3_RF00059_3_NC_000913.3_2185135-2185632_ext_260-460_int_150_off_45_percentage_0_position_0-0 genomicbackground,3486,3,3486_3
query_3487,0,genomicbackground,0,genomicbackground,0.009957294911146164,3487_3_RF00059_3_NC_000913.3_2185135-2185632_ext_260-460_int_150_off_50_percentage_0_position_0-0 genomicbackground,3487,3,3487_3
query_3488,0,genomicbackground,0,genomicbackground,0.010931793600320816,3488_3_RF00059_3_NC_000913.3_2185135-2185632_ext_260-460_int_155_off_0_percentage_38_position_1-37 genomicbackground,3488,3,3488_3
query_3489,0,genomicbackground,0,genomicbackground,0.3920136094093323,3489_3_RF00059_3_NC_000913.3_2185135-2185632_ext_260-460_int_155_off_5_percentage_33_position_1-32 genomicbackground,3489,3,3489_3
query_3490,0,genomicbackground,0,genomicbackground,0.013397854752838612,3490_3_RF00059_3_NC_000913.3_2185135-2185632_ext_260-460_int_155_off_10_percentage_28_position_1-27 genomicbackground,3490,3,3490_3
query_3491,0,genomicbackground,0,genomicbackground,0.1298099309206009,3491_3_RF00059_3_NC_000913.3_2185135-2185632_ext_260-460_int_155_off_15_percentage_23_position_1-22 genomicbackground,3491,3,3491_3
query_3492,0,genomicbackground,0,genomicbackground,0.0021229356061667204,3492_3_RF00059_3_NC_000913.3_2185135-2185632_ext_260-460_int_155_off_20_percentage_18_position_1-17 genomicbackground,3492,3,3492_3
query_3493,0,genomicbackground,0,genomicbackground,0.0022354729007929564,3493_3_RF00059_3_NC_000913.3_2185135-2185632_ext_260-460_int_155_off_25_percentage_12_position_1-12 genomicbackground,3493,3,3493_3
query_3494,0,genomicbackground,0,genomicbackground,0.0024283076636493206,3494_3_RF00059_3_NC_000913.3_2185135-2185632_ext_260-460_int_155_off_30_percentage_7_position_1-7 genomicbackground,3494,3,3494_3
query_3495,0,genomicbackground,0,genomicbackground,0.004056538455188274,3495_3_RF00059_3_NC_000913.3_2185135-2185632_ext_260-460_int_155_off_35_percentage_2_position_1-2 genomicbackground,3495,3,3495_3
query_3496,0,genomicbackground,0,genomicbackground,0.007209505420178175,3496_3_RF00059_3_NC_000913.3_2185135-2185632_ext_260-460_int_155_off_40_percentage_0_position_0-0 genomicbackground,3496,3,3496_3
query_3497,0,genomicbackground,0,genomicbackground,0.009444343857467175,3497_3_RF00059_3_NC_000913.3_2185135-2185632_ext_260-460_int_155_off_45_percentage_0_position_0-0 genomicbackground,3497,3,3497_3
query_3498,0,genomicbackground,0,genomicbackground,0.009233166463673115,3498_3_RF00059_3_NC_000913.3_2185135-2185632_ext_260-460_int_160_off_0_percentage_38_position_1-37 genomicbackground,3498,3,3498_3
query_3499,0,genomicbackground,0,genomicbackground,0.14114435017108917,3499_3_RF00059_3_NC_000913.3_2185135-2185632_ext_260-460_int_160_off_5_percentage_33_position_1-32 genomicbackground,3499,3,3499_3
query_3500,0,genomicbackground,0,genomicbackground,0.06039422005414963,3500_3_RF00059_3_NC_000913.3_2185135-2185632_ext_260-460_int_160_off_10_percentage_28_position_1-27 genomicbackground,3500,3,3500_3
query_3501,0,genomicbackground,0,genomicbackground,0.07291466742753983,3501_3_RF00059_3_NC_000913.3_2185135-2185632_ext_260-460_int_160_off_15_percentage_23_position_1-22 genomicbackground,3501,3,3501_3
query_3502,0,genomicbackground,0,genomicbackground,0.002148129278793931,3502_3_RF00059_3_NC_000913.3_2185135-2185632_ext_260-460_int_160_off_20_percentage_18_position_1-17 genomicbackground,3502,3,3502_3
query_3503,0,genomicbackground,0,genomicbackground,0.0027494386304169893,3503_3_RF00059_3_NC_000913.3_2185135-2185632_ext_260-460_int_160_off_25_percentage_12_position_1-12 genomicbackground,3503,3,3503_3
query_3504,0,genomicbackground,0,genomicbackground,0.0021308045834302902,3504_3_RF00059_3_NC_000913.3_2185135-2185632_ext_260-460_int_160_off_30_percentage_7_position_1-7 genomicbackground,3504,3,3504_3
query_3505,0,genomicbackground,0,genomicbackground,0.0077811251394450665,3505_3_RF00059_3_NC_000913.3_2185135-2185632_ext_260-460_int_160_off_35_percentage_2_position_1-2 genomicbackground,3505,3,3505_3
query_3506,0,genomicbackground,0,genomicbackground,0.007919909432530403,3506_3_RF00059_3_NC_000913.3_2185135-2185632_ext_260-460_int_160_off_40_percentage_0_position_0-0 genomicbackground,3506,3,3506_3
query_3507,0,genomicbackground,0,genomicbackground,0.01044341828674078,3507_3_RF00059_3_NC_000913.3_2185135-2185632_ext_260-460_int_165_off_0_percentage_38_position_1-37 genomicbackground,3507,3,3507_3
query_3508,0,genomicbackground,0,genomicbackground,0.0979113057255745,3508_3_RF00059_3_NC_000913.3_2185135-2185632_ext_260-460_int_165_off_5_percentage_33_position_1-32 genomicbackground,3508,3,3508_3
query_3509,0,genomicbackground,0,genomicbackground,0.06356577575206757,3509_3_RF00059_3_NC_000913.3_2185135-2185632_ext_260-460_int_165_off_10_percentage_28_position_1-27 genomicbackground,3509,3,3509_3
query_3510,0,genomicbackground,0,genomicbackground,0.04338274896144867,3510_3_RF00059_3_NC_000913.3_2185135-2185632_ext_260-460_int_165_off_15_percentage_23_position_1-22 genomicbackground,3510,3,3510_3
query_3511,0,genomicbackground,0,genomicbackground,0.0017330754781141877,3511_3_RF00059_3_NC_000913.3_2185135-2185632_ext_260-460_int_165_off_20_percentage_18_position_1-17 genomicbackground,3511,3,3511_3
query_3512,0,genomicbackground,0,genomicbackground,0.0023532798513770103,3512_3_RF00059_3_NC_000913.3_2185135-2185632_ext_260-460_int_165_off_25_percentage_12_position_1-12 genomicbackground,3512,3,3512_3
query_3513,0,genomicbackground,0,genomicbackground,0.002248667646199465,3513_3_RF00059_3_NC_000913.3_2185135-2185632_ext_260-460_int_165_off_30_percentage_7_position_1-7 genomicbackground,3513,3,3513_3
query_3514,0,genomicbackground,0,genomicbackground,0.004173098597675562,3514_3_RF00059_3_NC_000913.3_2185135-2185632_ext_260-460_int_165_off_35_percentage_2_position_1-2 genomicbackground,3514,3,3514_3
query_3515,0,genomicbackground,0,genomicbackground,0.013976010493934155,3515_3_RF00059_3_NC_000913.3_2185135-2185632_ext_260-460_int_170_off_0_percentage_38_position_1-37 genomicbackground,3515,3,3515_3
query_3516,0,genomicbackground,1,riboswitch,0.7689452171325684,3516_3_RF00059_3_NC_000913.3_2185135-2185632_ext_260-460_int_170_off_5_percentage_33_position_1-32 genomicbackground,3516,3,3516_3
query_3517,0,genomicbackground,0,genomicbackground,0.23657190799713135,3517_3_RF00059_3_NC_000913.3_2185135-2185632_ext_260-460_int_170_off_10_percentage_28_position_1-27 genomicbackground,3517,3,3517_3
query_3518,0,genomicbackground,0,genomicbackground,0.04004525765776634,3518_3_RF00059_3_NC_000913.3_2185135-2185632_ext_260-460_int_170_off_15_percentage_23_position_1-22 genomicbackground,3518,3,3518_3
query_3519,0,genomicbackground,0,genomicbackground,0.0016402131877839565,3519_3_RF00059_3_NC_000913.3_2185135-2185632_ext_260-460_int_170_off_20_percentage_18_position_1-17 genomicbackground,3519,3,3519_3
query_3520,0,genomicbackground,0,genomicbackground,0.0024085992481559515,3520_3_RF00059_3_NC_000913.3_2185135-2185632_ext_260-460_int_170_off_25_percentage_12_position_1-12 genomicbackground,3520,3,3520_3
query_3521,0,genomicbackground,0,genomicbackground,0.0019915576558560133,3521_3_RF00059_3_NC_000913.3_2185135-2185632_ext_260-460_int_170_off_30_percentage_7_position_1-7 genomicbackground,3521,3,3521_3
query_3522,0,genomicbackground,0,genomicbackground,0.015080301091074944,3522_3_RF00059_3_NC_000913.3_2185135-2185632_ext_260-460_int_175_off_0_percentage_38_position_1-37 genomicbackground,3522,3,3522_3
query_3523,0,genomicbackground,1,riboswitch,0.5389875173568726,3523_3_RF00059_3_NC_000913.3_2185135-2185632_ext_260-460_int_175_off_5_percentage_33_position_1-32 genomicbackground,3523,3,3523_3
query_3524,0,genomicbackground,0,genomicbackground,0.03009502775967121,3524_3_RF00059_3_NC_000913.3_2185135-2185632_ext_260-460_int_175_off_10_percentage_28_position_1-27 genomicbackground,3524,3,3524_3
query_3525,0,genomicbackground,0,genomicbackground,0.029464298859238625,3525_3_RF00059_3_NC_000913.3_2185135-2185632_ext_260-460_int_175_off_15_percentage_23_position_1-22 genomicbackground,3525,3,3525_3
query_3526,0,genomicbackground,0,genomicbackground,0.0017482914263382554,3526_3_RF00059_3_NC_000913.3_2185135-2185632_ext_260-460_int_175_off_20_percentage_18_position_1-17 genomicbackground,3526,3,3526_3
query_3527,0,genomicbackground,0,genomicbackground,0.0019295504316687584,3527_3_RF00059_3_NC_000913.3_2185135-2185632_ext_260-460_int_175_off_25_percentage_12_position_1-12 genomicbackground,3527,3,3527_3
query_3528,0,genomicbackground,0,genomicbackground,0.012401582673192024,3528_3_RF00059_3_NC_000913.3_2185135-2185632_ext_260-460_int_180_off_0_percentage_38_position_1-37 genomicbackground,3528,3,3528_3
query_3529,0,genomicbackground,0,genomicbackground,0.47820135951042175,3529_3_RF00059_3_NC_000913.3_2185135-2185632_ext_260-460_int_180_off_5_percentage_33_position_1-32 genomicbackground,3529,3,3529_3
query_3530,0,genomicbackground,0,genomicbackground,0.04240374267101288,3530_3_RF00059_3_NC_000913.3_2185135-2185632_ext_260-460_int_180_off_10_percentage_28_position_1-27 genomicbackground,3530,3,3530_3
query_3531,0,genomicbackground,0,genomicbackground,0.02145896479487419,3531_3_RF00059_3_NC_000913.3_2185135-2185632_ext_260-460_int_180_off_15_percentage_23_position_1-22 genomicbackground,3531,3,3531_3
query_3532,0,genomicbackground,0,genomicbackground,0.0019117585616186261,3532_3_RF00059_3_NC_000913.3_2185135-2185632_ext_260-460_int_180_off_20_percentage_18_position_1-17 genomicbackground,3532,3,3532_3
query_3533,0,genomicbackground,0,genomicbackground,0.01195965800434351,3533_3_RF00059_3_NC_000913.3_2185135-2185632_ext_260-460_int_185_off_0_percentage_38_position_1-37 genomicbackground,3533,3,3533_3
query_3534,0,genomicbackground,0,genomicbackground,0.37866923213005066,3534_3_RF00059_3_NC_000913.3_2185135-2185632_ext_260-460_int_185_off_5_percentage_33_position_1-32 genomicbackground,3534,3,3534_3
query_3535,0,genomicbackground,0,genomicbackground,0.03359224647283554,3535_3_RF00059_3_NC_000913.3_2185135-2185632_ext_260-460_int_185_off_10_percentage_28_position_1-27 genomicbackground,3535,3,3535_3
query_3536,0,genomicbackground,0,genomicbackground,0.01611892320215702,3536_3_RF00059_3_NC_000913.3_2185135-2185632_ext_260-460_int_185_off_15_percentage_23_position_1-22 genomicbackground,3536,3,3536_3
query_3537,0,genomicbackground,0,genomicbackground,0.010302061215043068,3537_3_RF00059_3_NC_000913.3_2185135-2185632_ext_260-460_int_190_off_0_percentage_38_position_1-37 genomicbackground,3537,3,3537_3
query_3538,0,genomicbackground,0,genomicbackground,0.05266136676073074,3538_3_RF00059_3_NC_000913.3_2185135-2185632_ext_260-460_int_190_off_5_percentage_33_position_1-32 genomicbackground,3538,3,3538_3
query_3539,0,genomicbackground,0,genomicbackground,0.08042878657579422,3539_3_RF00059_3_NC_000913.3_2185135-2185632_ext_260-460_int_190_off_10_percentage_28_position_1-27 genomicbackground,3539,3,3539_3
query_3540,0,genomicbackground,0,genomicbackground,0.009517618454992771,3540_3_RF00059_3_NC_000913.3_2185135-2185632_ext_260-460_int_195_off_0_percentage_38_position_1-37 genomicbackground,3540,3,3540_3
query_3541,0,genomicbackground,0,genomicbackground,0.0021633219439536333,3541_3_RF00059_3_NC_000913.3_2185135-2185632_ext_260-460_int_195_off_5_percentage_33_position_1-32 genomicbackground,3541,3,3541_3
query_3542,0,genomicbackground,0,genomicbackground,0.0025464394129812717,3542_3_RF00059_3_NC_000913.3_2185135-2185632_ext_260-460_int_200_off_0_percentage_38_position_1-37 genomicbackground,3542,3,3542_3
query_3543,0,genomicbackground,0,genomicbackground,0.0022893925197422504,3543_3_RF00059_3_NC_000913.3_2185135-2185632_ext_280-480_int_95_off_0_percentage_18_position_1-17 genomicbackground,3543,3,3543_3
query_3544,0,genomicbackground,0,genomicbackground,0.0033849310129880905,3544_3_RF00059_3_NC_000913.3_2185135-2185632_ext_280-480_int_95_off_5_percentage_12_position_1-12 genomicbackground,3544,3,3544_3
query_3545,0,genomicbackground,0,genomicbackground,0.002670122077688575,3545_3_RF00059_3_NC_000913.3_2185135-2185632_ext_280-480_int_95_off_10_percentage_7_position_1-7 genomicbackground,3545,3,3545_3
query_3546,0,genomicbackground,0,genomicbackground,0.0033964167814701796,3546_3_RF00059_3_NC_000913.3_2185135-2185632_ext_280-480_int_95_off_15_percentage_2_position_1-2 genomicbackground,3546,3,3546_3
query_3547,0,genomicbackground,0,genomicbackground,0.00673453276976943,3547_3_RF00059_3_NC_000913.3_2185135-2185632_ext_280-480_int_95_off_20_percentage_0_position_0-0 genomicbackground,3547,3,3547_3
query_3548,0,genomicbackground,0,genomicbackground,0.013345112092792988,3548_3_RF00059_3_NC_000913.3_2185135-2185632_ext_280-480_int_95_off_25_percentage_0_position_0-0 genomicbackground,3548,3,3548_3
query_3549,0,genomicbackground,0,genomicbackground,0.010945115238428116,3549_3_RF00059_3_NC_000913.3_2185135-2185632_ext_280-480_int_95_off_30_percentage_0_position_0-0 genomicbackground,3549,3,3549_3
query_3550,0,genomicbackground,0,genomicbackground,0.009606149047613144,3550_3_RF00059_3_NC_000913.3_2185135-2185632_ext_280-480_int_95_off_35_percentage_0_position_0-0 genomicbackground,3550,3,3550_3
query_3551,0,genomicbackground,0,genomicbackground,0.008836864493787289,3551_3_RF00059_3_NC_000913.3_2185135-2185632_ext_280-480_int_95_off_40_percentage_0_position_0-0 genomicbackground,3551,3,3551_3
query_3552,0,genomicbackground,0,genomicbackground,0.003026024205610156,3552_3_RF00059_3_NC_000913.3_2185135-2185632_ext_280-480_int_95_off_45_percentage_0_position_0-0 genomicbackground,3552,3,3552_3
query_3553,0,genomicbackground,0,genomicbackground,0.005501770414412022,3553_3_RF00059_3_NC_000913.3_2185135-2185632_ext_280-480_int_95_off_50_percentage_0_position_0-0 genomicbackground,3553,3,3553_3
query_3554,0,genomicbackground,0,genomicbackground,0.005966223310679197,3554_3_RF00059_3_NC_000913.3_2185135-2185632_ext_280-480_int_95_off_55_percentage_0_position_0-0 genomicbackground,3554,3,3554_3
query_3555,0,genomicbackground,0,genomicbackground,0.007251502480357885,3555_3_RF00059_3_NC_000913.3_2185135-2185632_ext_280-480_int_95_off_60_percentage_0_position_0-0 genomicbackground,3555,3,3555_3
query_3556,0,genomicbackground,0,genomicbackground,0.006070523057132959,3556_3_RF00059_3_NC_000913.3_2185135-2185632_ext_280-480_int_95_off_65_percentage_0_position_0-0 genomicbackground,3556,3,3556_3
query_3557,0,genomicbackground,0,genomicbackground,0.004255553707480431,3557_3_RF00059_3_NC_000913.3_2185135-2185632_ext_280-480_int_95_off_70_percentage_0_position_0-0 genomicbackground,3557,3,3557_3
query_3558,0,genomicbackground,0,genomicbackground,0.00550417136400938,3558_3_RF00059_3_NC_000913.3_2185135-2185632_ext_280-480_int_95_off_75_percentage_0_position_0-0 genomicbackground,3558,3,3558_3
query_3559,0,genomicbackground,0,genomicbackground,0.008904015645384789,3559_3_RF00059_3_NC_000913.3_2185135-2185632_ext_280-480_int_95_off_80_percentage_0_position_0-0 genomicbackground,3559,3,3559_3
query_3560,0,genomicbackground,0,genomicbackground,0.009945901110768318,3560_3_RF00059_3_NC_000913.3_2185135-2185632_ext_280-480_int_95_off_85_percentage_0_position_0-0 genomicbackground,3560,3,3560_3
query_3561,0,genomicbackground,0,genomicbackground,0.007859130389988422,3561_3_RF00059_3_NC_000913.3_2185135-2185632_ext_280-480_int_95_off_90_percentage_0_position_0-0 genomicbackground,3561,3,3561_3
query_3562,0,genomicbackground,0,genomicbackground,0.009105615317821503,3562_3_RF00059_3_NC_000913.3_2185135-2185632_ext_280-480_int_95_off_95_percentage_0_position_0-0 genomicbackground,3562,3,3562_3
query_3563,0,genomicbackground,0,genomicbackground,0.006107166409492493,3563_3_RF00059_3_NC_000913.3_2185135-2185632_ext_280-480_int_95_off_100_percentage_0_position_0-0 genomicbackground,3563,3,3563_3
query_3564,0,genomicbackground,0,genomicbackground,0.007055007386952639,3564_3_RF00059_3_NC_000913.3_2185135-2185632_ext_280-480_int_95_off_105_percentage_0_position_0-0 genomicbackground,3564,3,3564_3
query_3565,0,genomicbackground,0,genomicbackground,0.002580308122560382,3565_3_RF00059_3_NC_000913.3_2185135-2185632_ext_280-480_int_100_off_0_percentage_18_position_1-17 genomicbackground,3565,3,3565_3
query_3566,0,genomicbackground,0,genomicbackground,0.0026321876794099808,3566_3_RF00059_3_NC_000913.3_2185135-2185632_ext_280-480_int_100_off_5_percentage_12_position_1-12 genomicbackground,3566,3,3566_3
query_3567,0,genomicbackground,0,genomicbackground,0.0028968413826078176,3567_3_RF00059_3_NC_000913.3_2185135-2185632_ext_280-480_int_100_off_10_percentage_7_position_1-7 genomicbackground,3567,3,3567_3
query_3568,0,genomicbackground,0,genomicbackground,0.004002340603619814,3568_3_RF00059_3_NC_000913.3_2185135-2185632_ext_280-480_int_100_off_15_percentage_2_position_1-2 genomicbackground,3568,3,3568_3
query_3569,0,genomicbackground,0,genomicbackground,0.006414263974875212,3569_3_RF00059_3_NC_000913.3_2185135-2185632_ext_280-480_int_100_off_20_percentage_0_position_0-0 genomicbackground,3569,3,3569_3
query_3570,0,genomicbackground,0,genomicbackground,0.009686962701380253,3570_3_RF00059_3_NC_000913.3_2185135-2185632_ext_280-480_int_100_off_25_percentage_0_position_0-0 genomicbackground,3570,3,3570_3
query_3571,0,genomicbackground,0,genomicbackground,0.009670316241681576,3571_3_RF00059_3_NC_000913.3_2185135-2185632_ext_280-480_int_100_off_30_percentage_0_position_0-0 genomicbackground,3571,3,3571_3
query_3572,0,genomicbackground,0,genomicbackground,0.007977490313351154,3572_3_RF00059_3_NC_000913.3_2185135-2185632_ext_280-480_int_100_off_35_percentage_0_position_0-0 genomicbackground,3572,3,3572_3
query_3573,0,genomicbackground,0,genomicbackground,0.009686348959803581,3573_3_RF00059_3_NC_000913.3_2185135-2185632_ext_280-480_int_100_off_40_percentage_0_position_0-0 genomicbackground,3573,3,3573_3
query_3574,0,genomicbackground,0,genomicbackground,0.0034109915141016245,3574_3_RF00059_3_NC_000913.3_2185135-2185632_ext_280-480_int_100_off_45_percentage_0_position_0-0 genomicbackground,3574,3,3574_3
query_3575,0,genomicbackground,0,genomicbackground,0.005475788842886686,3575_3_RF00059_3_NC_000913.3_2185135-2185632_ext_280-480_int_100_off_50_percentage_0_position_0-0 genomicbackground,3575,3,3575_3
query_3576,0,genomicbackground,0,genomicbackground,0.007190986070781946,3576_3_RF00059_3_NC_000913.3_2185135-2185632_ext_280-480_int_100_off_55_percentage_0_position_0-0 genomicbackground,3576,3,3576_3
query_3577,0,genomicbackground,0,genomicbackground,0.007423367816954851,3577_3_RF00059_3_NC_000913.3_2185135-2185632_ext_280-480_int_100_off_60_percentage_0_position_0-0 genomicbackground,3577,3,3577_3
query_3578,0,genomicbackground,0,genomicbackground,0.005892347078770399,3578_3_RF00059_3_NC_000913.3_2185135-2185632_ext_280-480_int_100_off_65_percentage_0_position_0-0 genomicbackground,3578,3,3578_3
query_3579,0,genomicbackground,0,genomicbackground,0.004359341226518154,3579_3_RF00059_3_NC_000913.3_2185135-2185632_ext_280-480_int_100_off_70_percentage_0_position_0-0 genomicbackground,3579,3,3579_3
query_3580,0,genomicbackground,0,genomicbackground,0.005607948172837496,3580_3_RF00059_3_NC_000913.3_2185135-2185632_ext_280-480_int_100_off_75_percentage_0_position_0-0 genomicbackground,3580,3,3580_3
query_3581,0,genomicbackground,0,genomicbackground,0.0072110905312001705,3581_3_RF00059_3_NC_000913.3_2185135-2185632_ext_280-480_int_100_off_80_percentage_0_position_0-0 genomicbackground,3581,3,3581_3
query_3582,0,genomicbackground,0,genomicbackground,0.007972774095833302,3582_3_RF00059_3_NC_000913.3_2185135-2185632_ext_280-480_int_100_off_85_percentage_0_position_0-0 genomicbackground,3582,3,3582_3
query_3583,0,genomicbackground,0,genomicbackground,0.008688104338943958,3583_3_RF00059_3_NC_000913.3_2185135-2185632_ext_280-480_int_100_off_90_percentage_0_position_0-0 genomicbackground,3583,3,3583_3
query_3584,0,genomicbackground,0,genomicbackground,0.008599911816418171,3584_3_RF00059_3_NC_000913.3_2185135-2185632_ext_280-480_int_100_off_95_percentage_0_position_0-0 genomicbackground,3584,3,3584_3
query_3585,0,genomicbackground,0,genomicbackground,0.007284926250576973,3585_3_RF00059_3_NC_000913.3_2185135-2185632_ext_280-480_int_100_off_100_percentage_0_position_0-0 genomicbackground,3585,3,3585_3
query_3586,0,genomicbackground,0,genomicbackground,0.0022113744635134935,3586_3_RF00059_3_NC_000913.3_2185135-2185632_ext_280-480_int_105_off_0_percentage_18_position_1-17 genomicbackground,3586,3,3586_3
query_3587,0,genomicbackground,0,genomicbackground,0.002759550930932164,3587_3_RF00059_3_NC_000913.3_2185135-2185632_ext_280-480_int_105_off_5_percentage_12_position_1-12 genomicbackground,3587,3,3587_3
query_3588,0,genomicbackground,0,genomicbackground,0.0022103539668023586,3588_3_RF00059_3_NC_000913.3_2185135-2185632_ext_280-480_int_105_off_10_percentage_7_position_1-7 genomicbackground,3588,3,3588_3
query_3589,0,genomicbackground,0,genomicbackground,0.0038618564140051603,3589_3_RF00059_3_NC_000913.3_2185135-2185632_ext_280-480_int_105_off_15_percentage_2_position_1-2 genomicbackground,3589,3,3589_3
query_3590,0,genomicbackground,0,genomicbackground,0.006391831673681736,3590_3_RF00059_3_NC_000913.3_2185135-2185632_ext_280-480_int_105_off_20_percentage_0_position_0-0 genomicbackground,3590,3,3590_3
query_3591,0,genomicbackground,0,genomicbackground,0.008704567328095436,3591_3_RF00059_3_NC_000913.3_2185135-2185632_ext_280-480_int_105_off_25_percentage_0_position_0-0 genomicbackground,3591,3,3591_3
query_3592,0,genomicbackground,0,genomicbackground,0.008321408182382584,3592_3_RF00059_3_NC_000913.3_2185135-2185632_ext_280-480_int_105_off_30_percentage_0_position_0-0 genomicbackground,3592,3,3592_3
query_3593,0,genomicbackground,0,genomicbackground,0.01721775159239769,3593_3_RF00059_3_NC_000913.3_2185135-2185632_ext_280-480_int_105_off_35_percentage_0_position_0-0 genomicbackground,3593,3,3593_3
query_3594,0,genomicbackground,0,genomicbackground,0.009583355858922005,3594_3_RF00059_3_NC_000913.3_2185135-2185632_ext_280-480_int_105_off_40_percentage_0_position_0-0 genomicbackground,3594,3,3594_3
query_3595,0,genomicbackground,0,genomicbackground,0.006606473587453365,3595_3_RF00059_3_NC_000913.3_2185135-2185632_ext_280-480_int_105_off_45_percentage_0_position_0-0 genomicbackground,3595,3,3595_3
query_3596,0,genomicbackground,0,genomicbackground,0.008065531961619854,3596_3_RF00059_3_NC_000913.3_2185135-2185632_ext_280-480_int_105_off_50_percentage_0_position_0-0 genomicbackground,3596,3,3596_3
query_3597,0,genomicbackground,0,genomicbackground,0.007309865206480026,3597_3_RF00059_3_NC_000913.3_2185135-2185632_ext_280-480_int_105_off_55_percentage_0_position_0-0 genomicbackground,3597,3,3597_3
query_3598,0,genomicbackground,0,genomicbackground,0.005558270961046219,3598_3_RF00059_3_NC_000913.3_2185135-2185632_ext_280-480_int_105_off_60_percentage_0_position_0-0 genomicbackground,3598,3,3598_3
query_3599,0,genomicbackground,0,genomicbackground,0.005665020551532507,3599_3_RF00059_3_NC_000913.3_2185135-2185632_ext_280-480_int_105_off_65_percentage_0_position_0-0 genomicbackground,3599,3,3599_3
query_3600,0,genomicbackground,0,genomicbackground,0.004779824987053871,3600_3_RF00059_3_NC_000913.3_2185135-2185632_ext_280-480_int_105_off_70_percentage_0_position_0-0 genomicbackground,3600,3,3600_3
query_3601,0,genomicbackground,0,genomicbackground,0.008260774426162243,3601_3_RF00059_3_NC_000913.3_2185135-2185632_ext_280-480_int_105_off_75_percentage_0_position_0-0 genomicbackground,3601,3,3601_3
query_3602,0,genomicbackground,0,genomicbackground,0.006658637896180153,3602_3_RF00059_3_NC_000913.3_2185135-2185632_ext_280-480_int_105_off_80_percentage_0_position_0-0 genomicbackground,3602,3,3602_3
query_3603,0,genomicbackground,0,genomicbackground,0.005985722877085209,3603_3_RF00059_3_NC_000913.3_2185135-2185632_ext_280-480_int_105_off_85_percentage_0_position_0-0 genomicbackground,3603,3,3603_3
query_3604,0,genomicbackground,0,genomicbackground,0.007889457046985626,3604_3_RF00059_3_NC_000913.3_2185135-2185632_ext_280-480_int_105_off_90_percentage_0_position_0-0 genomicbackground,3604,3,3604_3
query_3605,0,genomicbackground,0,genomicbackground,0.007180360611528158,3605_3_RF00059_3_NC_000913.3_2185135-2185632_ext_280-480_int_105_off_95_percentage_0_position_0-0 genomicbackground,3605,3,3605_3
query_3606,0,genomicbackground,0,genomicbackground,0.0022299569100141525,3606_3_RF00059_3_NC_000913.3_2185135-2185632_ext_280-480_int_110_off_0_percentage_18_position_1-17 genomicbackground,3606,3,3606_3
query_3607,0,genomicbackground,0,genomicbackground,0.0021786086726933718,3607_3_RF00059_3_NC_000913.3_2185135-2185632_ext_280-480_int_110_off_5_percentage_12_position_1-12 genomicbackground,3607,3,3607_3
query_3608,0,genomicbackground,0,genomicbackground,0.0018833000212907791,3608_3_RF00059_3_NC_000913.3_2185135-2185632_ext_280-480_int_110_off_10_percentage_7_position_1-7 genomicbackground,3608,3,3608_3
query_3609,0,genomicbackground,0,genomicbackground,0.003667254000902176,3609_3_RF00059_3_NC_000913.3_2185135-2185632_ext_280-480_int_110_off_15_percentage_2_position_1-2 genomicbackground,3609,3,3609_3
query_3610,0,genomicbackground,0,genomicbackground,0.0067030396312475204,3610_3_RF00059_3_NC_000913.3_2185135-2185632_ext_280-480_int_110_off_20_percentage_0_position_0-0 genomicbackground,3610,3,3610_3
query_3611,0,genomicbackground,0,genomicbackground,0.0078191002830863,3611_3_RF00059_3_NC_000913.3_2185135-2185632_ext_280-480_int_110_off_25_percentage_0_position_0-0 genomicbackground,3611,3,3611_3
query_3612,0,genomicbackground,0,genomicbackground,0.00983924325555563,3612_3_RF00059_3_NC_000913.3_2185135-2185632_ext_280-480_int_110_off_30_percentage_0_position_0-0 genomicbackground,3612,3,3612_3
query_3613,0,genomicbackground,0,genomicbackground,0.008317084982991219,3613_3_RF00059_3_NC_000913.3_2185135-2185632_ext_280-480_int_110_off_35_percentage_0_position_0-0 genomicbackground,3613,3,3613_3
query_3614,0,genomicbackground,0,genomicbackground,0.007649105507880449,3614_3_RF00059_3_NC_000913.3_2185135-2185632_ext_280-480_int_110_off_40_percentage_0_position_0-0 genomicbackground,3614,3,3614_3
query_3615,0,genomicbackground,0,genomicbackground,0.00798142421990633,3615_3_RF00059_3_NC_000913.3_2185135-2185632_ext_280-480_int_110_off_45_percentage_0_position_0-0 genomicbackground,3615,3,3615_3
query_3616,0,genomicbackground,0,genomicbackground,0.008061671629548073,3616_3_RF00059_3_NC_000913.3_2185135-2185632_ext_280-480_int_110_off_50_percentage_0_position_0-0 genomicbackground,3616,3,3616_3
query_3617,0,genomicbackground,0,genomicbackground,0.005590956192463636,3617_3_RF00059_3_NC_000913.3_2185135-2185632_ext_280-480_int_110_off_55_percentage_0_position_0-0 genomicbackground,3617,3,3617_3
query_3618,0,genomicbackground,0,genomicbackground,0.005488893948495388,3618_3_RF00059_3_NC_000913.3_2185135-2185632_ext_280-480_int_110_off_60_percentage_0_position_0-0 genomicbackground,3618,3,3618_3
query_3619,0,genomicbackground,0,genomicbackground,0.005076433066278696,3619_3_RF00059_3_NC_000913.3_2185135-2185632_ext_280-480_int_110_off_65_percentage_0_position_0-0 genomicbackground,3619,3,3619_3
query_3620,0,genomicbackground,0,genomicbackground,0.005355621222406626,3620_3_RF00059_3_NC_000913.3_2185135-2185632_ext_280-480_int_110_off_70_percentage_0_position_0-0 genomicbackground,3620,3,3620_3
query_3621,0,genomicbackground,0,genomicbackground,0.006981946993619204,3621_3_RF00059_3_NC_000913.3_2185135-2185632_ext_280-480_int_110_off_75_percentage_0_position_0-0 genomicbackground,3621,3,3621_3
query_3622,0,genomicbackground,0,genomicbackground,0.00746573181822896,3622_3_RF00059_3_NC_000913.3_2185135-2185632_ext_280-480_int_110_off_80_percentage_0_position_0-0 genomicbackground,3622,3,3622_3
query_3623,0,genomicbackground,0,genomicbackground,0.007788375020027161,3623_3_RF00059_3_NC_000913.3_2185135-2185632_ext_280-480_int_110_off_85_percentage_0_position_0-0 genomicbackground,3623,3,3623_3
query_3624,0,genomicbackground,0,genomicbackground,0.007757533807307482,3624_3_RF00059_3_NC_000913.3_2185135-2185632_ext_280-480_int_110_off_90_percentage_0_position_0-0 genomicbackground,3624,3,3624_3
query_3625,0,genomicbackground,0,genomicbackground,0.001994868041947484,3625_3_RF00059_3_NC_000913.3_2185135-2185632_ext_280-480_int_115_off_0_percentage_18_position_1-17 genomicbackground,3625,3,3625_3
query_3626,0,genomicbackground,0,genomicbackground,0.0018674085149541497,3626_3_RF00059_3_NC_000913.3_2185135-2185632_ext_280-480_int_115_off_5_percentage_12_position_1-12 genomicbackground,3626,3,3626_3
query_3627,0,genomicbackground,0,genomicbackground,0.0017844641115516424,3627_3_RF00059_3_NC_000913.3_2185135-2185632_ext_280-480_int_115_off_10_percentage_7_position_1-7 genomicbackground,3627,3,3627_3
query_3628,0,genomicbackground,0,genomicbackground,0.0013043390354141593,3628_3_RF00059_3_NC_000913.3_2185135-2185632_ext_280-480_int_115_off_15_percentage_2_position_1-2 genomicbackground,3628,3,3628_3
query_3629,0,genomicbackground,0,genomicbackground,0.006085942033678293,3629_3_RF00059_3_NC_000913.3_2185135-2185632_ext_280-480_int_115_off_20_percentage_0_position_0-0 genomicbackground,3629,3,3629_3
query_3630,0,genomicbackground,0,genomicbackground,0.009111526422202587,3630_3_RF00059_3_NC_000913.3_2185135-2185632_ext_280-480_int_115_off_25_percentage_0_position_0-0 genomicbackground,3630,3,3630_3
query_3631,0,genomicbackground,0,genomicbackground,0.010520640760660172,3631_3_RF00059_3_NC_000913.3_2185135-2185632_ext_280-480_int_115_off_30_percentage_0_position_0-0 genomicbackground,3631,3,3631_3
query_3632,0,genomicbackground,0,genomicbackground,0.008834370411932468,3632_3_RF00059_3_NC_000913.3_2185135-2185632_ext_280-480_int_115_off_35_percentage_0_position_0-0 genomicbackground,3632,3,3632_3
query_3633,0,genomicbackground,0,genomicbackground,0.01627984456717968,3633_3_RF00059_3_NC_000913.3_2185135-2185632_ext_280-480_int_115_off_40_percentage_0_position_0-0 genomicbackground,3633,3,3633_3
query_3634,0,genomicbackground,0,genomicbackground,0.00809480994939804,3634_3_RF00059_3_NC_000913.3_2185135-2185632_ext_280-480_int_115_off_45_percentage_0_position_0-0 genomicbackground,3634,3,3634_3
query_3635,0,genomicbackground,0,genomicbackground,0.00765224639326334,3635_3_RF00059_3_NC_000913.3_2185135-2185632_ext_280-480_int_115_off_50_percentage_0_position_0-0 genomicbackground,3635,3,3635_3
query_3636,0,genomicbackground,0,genomicbackground,0.005790890194475651,3636_3_RF00059_3_NC_000913.3_2185135-2185632_ext_280-480_int_115_off_55_percentage_0_position_0-0 genomicbackground,3636,3,3636_3
query_3637,0,genomicbackground,0,genomicbackground,0.00501905707642436,3637_3_RF00059_3_NC_000913.3_2185135-2185632_ext_280-480_int_115_off_60_percentage_0_position_0-0 genomicbackground,3637,3,3637_3
query_3638,0,genomicbackground,0,genomicbackground,0.005404507741332054,3638_3_RF00059_3_NC_000913.3_2185135-2185632_ext_280-480_int_115_off_65_percentage_0_position_0-0 genomicbackground,3638,3,3638_3
query_3639,0,genomicbackground,0,genomicbackground,0.005352144129574299,3639_3_RF00059_3_NC_000913.3_2185135-2185632_ext_280-480_int_115_off_70_percentage_0_position_0-0 genomicbackground,3639,3,3639_3
query_3640,0,genomicbackground,0,genomicbackground,0.007680053822696209,3640_3_RF00059_3_NC_000913.3_2185135-2185632_ext_280-480_int_115_off_75_percentage_0_position_0-0 genomicbackground,3640,3,3640_3
query_3641,0,genomicbackground,0,genomicbackground,0.008086176589131355,3641_3_RF00059_3_NC_000913.3_2185135-2185632_ext_280-480_int_115_off_80_percentage_0_position_0-0 genomicbackground,3641,3,3641_3
query_3642,0,genomicbackground,0,genomicbackground,0.006803994998335838,3642_3_RF00059_3_NC_000913.3_2185135-2185632_ext_280-480_int_115_off_85_percentage_0_position_0-0 genomicbackground,3642,3,3642_3
query_3643,0,genomicbackground,0,genomicbackground,0.0017864358378574252,3643_3_RF00059_3_NC_000913.3_2185135-2185632_ext_280-480_int_120_off_0_percentage_18_position_1-17 genomicbackground,3643,3,3643_3
query_3644,0,genomicbackground,0,genomicbackground,0.0018368088640272617,3644_3_RF00059_3_NC_000913.3_2185135-2185632_ext_280-480_int_120_off_5_percentage_12_position_1-12 genomicbackground,3644,3,3644_3
query_3645,0,genomicbackground,0,genomicbackground,0.0017563035944476724,3645_3_RF00059_3_NC_000913.3_2185135-2185632_ext_280-480_int_120_off_10_percentage_7_position_1-7 genomicbackground,3645,3,3645_3
query_3646,0,genomicbackground,0,genomicbackground,0.001216238597407937,3646_3_RF00059_3_NC_000913.3_2185135-2185632_ext_280-480_int_120_off_15_percentage_2_position_1-2 genomicbackground,3646,3,3646_3
query_3647,0,genomicbackground,0,genomicbackground,0.004104228224605322,3647_3_RF00059_3_NC_000913.3_2185135-2185632_ext_280-480_int_120_off_20_percentage_0_position_0-0 genomicbackground,3647,3,3647_3
query_3648,0,genomicbackground,0,genomicbackground,0.010808602906763554,3648_3_RF00059_3_NC_000913.3_2185135-2185632_ext_280-480_int_120_off_25_percentage_0_position_0-0 genomicbackground,3648,3,3648_3
query_3649,0,genomicbackground,0,genomicbackground,0.009320979937911034,3649_3_RF00059_3_NC_000913.3_2185135-2185632_ext_280-480_int_120_off_30_percentage_0_position_0-0 genomicbackground,3649,3,3649_3
query_3650,0,genomicbackground,0,genomicbackground,0.01765642687678337,3650_3_RF00059_3_NC_000913.3_2185135-2185632_ext_280-480_int_120_off_35_percentage_0_position_0-0 genomicbackground,3650,3,3650_3
query_3651,0,genomicbackground,0,genomicbackground,0.014934161677956581,3651_3_RF00059_3_NC_000913.3_2185135-2185632_ext_280-480_int_120_off_40_percentage_0_position_0-0 genomicbackground,3651,3,3651_3
query_3652,0,genomicbackground,0,genomicbackground,0.006263293791562319,3652_3_RF00059_3_NC_000913.3_2185135-2185632_ext_280-480_int_120_off_45_percentage_0_position_0-0 genomicbackground,3652,3,3652_3
query_3653,0,genomicbackground,0,genomicbackground,0.007515916600823402,3653_3_RF00059_3_NC_000913.3_2185135-2185632_ext_280-480_int_120_off_50_percentage_0_position_0-0 genomicbackground,3653,3,3653_3
query_3654,0,genomicbackground,0,genomicbackground,0.005321360658854246,3654_3_RF00059_3_NC_000913.3_2185135-2185632_ext_280-480_int_120_off_55_percentage_0_position_0-0 genomicbackground,3654,3,3654_3
query_3655,0,genomicbackground,0,genomicbackground,0.006594434846192598,3655_3_RF00059_3_NC_000913.3_2185135-2185632_ext_280-480_int_120_off_60_percentage_0_position_0-0 genomicbackground,3655,3,3655_3
query_3656,0,genomicbackground,0,genomicbackground,0.004816574044525623,3656_3_RF00059_3_NC_000913.3_2185135-2185632_ext_280-480_int_120_off_65_percentage_0_position_0-0 genomicbackground,3656,3,3656_3
query_3657,0,genomicbackground,0,genomicbackground,0.006029586773365736,3657_3_RF00059_3_NC_000913.3_2185135-2185632_ext_280-480_int_120_off_70_percentage_0_position_0-0 genomicbackground,3657,3,3657_3
query_3658,0,genomicbackground,0,genomicbackground,0.007205961737781763,3658_3_RF00059_3_NC_000913.3_2185135-2185632_ext_280-480_int_120_off_75_percentage_0_position_0-0 genomicbackground,3658,3,3658_3
query_3659,0,genomicbackground,0,genomicbackground,0.007700534071773291,3659_3_RF00059_3_NC_000913.3_2185135-2185632_ext_280-480_int_120_off_80_percentage_0_position_0-0 genomicbackground,3659,3,3659_3
query_3660,0,genomicbackground,0,genomicbackground,0.0017649339279159904,3660_3_RF00059_3_NC_000913.3_2185135-2185632_ext_280-480_int_125_off_0_percentage_18_position_1-17 genomicbackground,3660,3,3660_3
query_3661,0,genomicbackground,0,genomicbackground,0.0017947152955457568,3661_3_RF00059_3_NC_000913.3_2185135-2185632_ext_280-480_int_125_off_5_percentage_12_position_1-12 genomicbackground,3661,3,3661_3
query_3662,0,genomicbackground,0,genomicbackground,0.00150335393846035,3662_3_RF00059_3_NC_000913.3_2185135-2185632_ext_280-480_int_125_off_10_percentage_7_position_1-7 genomicbackground,3662,3,3662_3
query_3663,0,genomicbackground,0,genomicbackground,0.003482881234958768,3663_3_RF00059_3_NC_000913.3_2185135-2185632_ext_280-480_int_125_off_15_percentage_2_position_1-2 genomicbackground,3663,3,3663_3
query_3664,0,genomicbackground,0,genomicbackground,0.004303348250687122,3664_3_RF00059_3_NC_000913.3_2185135-2185632_ext_280-480_int_125_off_20_percentage_0_position_0-0 genomicbackground,3664,3,3664_3
query_3665,0,genomicbackground,0,genomicbackground,0.008531180210411549,3665_3_RF00059_3_NC_000913.3_2185135-2185632_ext_280-480_int_125_off_25_percentage_0_position_0-0 genomicbackground,3665,3,3665_3
query_3666,0,genomicbackground,0,genomicbackground,0.016259651631116867,3666_3_RF00059_3_NC_000913.3_2185135-2185632_ext_280-480_int_125_off_30_percentage_0_position_0-0 genomicbackground,3666,3,3666_3
query_3667,0,genomicbackground,0,genomicbackground,0.01458785030990839,3667_3_RF00059_3_NC_000913.3_2185135-2185632_ext_280-480_int_125_off_35_percentage_0_position_0-0 genomicbackground,3667,3,3667_3
query_3668,0,genomicbackground,0,genomicbackground,0.014379503205418587,3668_3_RF00059_3_NC_000913.3_2185135-2185632_ext_280-480_int_125_off_40_percentage_0_position_0-0 genomicbackground,3668,3,3668_3
query_3669,0,genomicbackground,0,genomicbackground,0.006355225574225187,3669_3_RF00059_3_NC_000913.3_2185135-2185632_ext_280-480_int_125_off_45_percentage_0_position_0-0 genomicbackground,3669,3,3669_3
query_3670,0,genomicbackground,0,genomicbackground,0.006558635272085667,3670_3_RF00059_3_NC_000913.3_2185135-2185632_ext_280-480_int_125_off_50_percentage_0_position_0-0 genomicbackground,3670,3,3670_3
query_3671,0,genomicbackground,0,genomicbackground,0.006610790733247995,3671_3_RF00059_3_NC_000913.3_2185135-2185632_ext_280-480_int_125_off_55_percentage_0_position_0-0 genomicbackground,3671,3,3671_3
query_3672,0,genomicbackground,0,genomicbackground,0.005581281613558531,3672_3_RF00059_3_NC_000913.3_2185135-2185632_ext_280-480_int_125_off_60_percentage_0_position_0-0 genomicbackground,3672,3,3672_3
query_3673,0,genomicbackground,0,genomicbackground,0.00517784571275115,3673_3_RF00059_3_NC_000913.3_2185135-2185632_ext_280-480_int_125_off_65_percentage_0_position_0-0 genomicbackground,3673,3,3673_3
query_3674,0,genomicbackground,0,genomicbackground,0.0059831091202795506,3674_3_RF00059_3_NC_000913.3_2185135-2185632_ext_280-480_int_125_off_70_percentage_0_position_0-0 genomicbackground,3674,3,3674_3
query_3675,0,genomicbackground,0,genomicbackground,0.007206322625279427,3675_3_RF00059_3_NC_000913.3_2185135-2185632_ext_280-480_int_125_off_75_percentage_0_position_0-0 genomicbackground,3675,3,3675_3
query_3676,0,genomicbackground,0,genomicbackground,0.003311557462438941,3676_3_RF00059_3_NC_000913.3_2185135-2185632_ext_280-480_int_130_off_0_percentage_18_position_1-17 genomicbackground,3676,3,3676_3
query_3677,0,genomicbackground,0,genomicbackground,0.0014888051664456725,3677_3_RF00059_3_NC_000913.3_2185135-2185632_ext_280-480_int_130_off_5_percentage_12_position_1-12 genomicbackground,3677,3,3677_3
query_3678,0,genomicbackground,0,genomicbackground,0.0025367611087858677,3678_3_RF00059_3_NC_000913.3_2185135-2185632_ext_280-480_int_130_off_10_percentage_7_position_1-7 genomicbackground,3678,3,3678_3
query_3679,0,genomicbackground,0,genomicbackground,0.004436594899743795,3679_3_RF00059_3_NC_000913.3_2185135-2185632_ext_280-480_int_130_off_15_percentage_2_position_1-2 genomicbackground,3679,3,3679_3
query_3680,0,genomicbackground,0,genomicbackground,0.006693764124065638,3680_3_RF00059_3_NC_000913.3_2185135-2185632_ext_280-480_int_130_off_20_percentage_0_position_0-0 genomicbackground,3680,3,3680_3
query_3681,0,genomicbackground,0,genomicbackground,0.01555236242711544,3681_3_RF00059_3_NC_000913.3_2185135-2185632_ext_280-480_int_130_off_25_percentage_0_position_0-0 genomicbackground,3681,3,3681_3
query_3682,0,genomicbackground,0,genomicbackground,0.013912306167185307,3682_3_RF00059_3_NC_000913.3_2185135-2185632_ext_280-480_int_130_off_30_percentage_0_position_0-0 genomicbackground,3682,3,3682_3
query_3683,0,genomicbackground,0,genomicbackground,0.014104627072811127,3683_3_RF00059_3_NC_000913.3_2185135-2185632_ext_280-480_int_130_off_35_percentage_0_position_0-0 genomicbackground,3683,3,3683_3
query_3684,0,genomicbackground,0,genomicbackground,0.01342446357011795,3684_3_RF00059_3_NC_000913.3_2185135-2185632_ext_280-480_int_130_off_40_percentage_0_position_0-0 genomicbackground,3684,3,3684_3
query_3685,0,genomicbackground,0,genomicbackground,0.006415646523237228,3685_3_RF00059_3_NC_000913.3_2185135-2185632_ext_280-480_int_130_off_45_percentage_0_position_0-0 genomicbackground,3685,3,3685_3
query_3686,0,genomicbackground,0,genomicbackground,0.007121313828974962,3686_3_RF00059_3_NC_000913.3_2185135-2185632_ext_280-480_int_130_off_50_percentage_0_position_0-0 genomicbackground,3686,3,3686_3
query_3687,0,genomicbackground,0,genomicbackground,0.006774131208658218,3687_3_RF00059_3_NC_000913.3_2185135-2185632_ext_280-480_int_130_off_55_percentage_0_position_0-0 genomicbackground,3687,3,3687_3
query_3688,0,genomicbackground,0,genomicbackground,0.006978551857173443,3688_3_RF00059_3_NC_000913.3_2185135-2185632_ext_280-480_int_130_off_60_percentage_0_position_0-0 genomicbackground,3688,3,3688_3
query_3689,0,genomicbackground,0,genomicbackground,0.006158785428851843,3689_3_RF00059_3_NC_000913.3_2185135-2185632_ext_280-480_int_130_off_65_percentage_0_position_0-0 genomicbackground,3689,3,3689_3
query_3690,0,genomicbackground,0,genomicbackground,0.0044161067344248295,3690_3_RF00059_3_NC_000913.3_2185135-2185632_ext_280-480_int_130_off_70_percentage_0_position_0-0 genomicbackground,3690,3,3690_3
query_3691,0,genomicbackground,0,genomicbackground,0.002264897571876645,3691_3_RF00059_3_NC_000913.3_2185135-2185632_ext_280-480_int_135_off_0_percentage_18_position_1-17 genomicbackground,3691,3,3691_3
query_3692,0,genomicbackground,0,genomicbackground,0.0014877115609124303,3692_3_RF00059_3_NC_000913.3_2185135-2185632_ext_280-480_int_135_off_5_percentage_12_position_1-12 genomicbackground,3692,3,3692_3
query_3693,0,genomicbackground,0,genomicbackground,0.002146680373698473,3693_3_RF00059_3_NC_000913.3_2185135-2185632_ext_280-480_int_135_off_10_percentage_7_position_1-7 genomicbackground,3693,3,3693_3
query_3694,0,genomicbackground,0,genomicbackground,0.0018457872793078423,3694_3_RF00059_3_NC_000913.3_2185135-2185632_ext_280-480_int_135_off_15_percentage_2_position_1-2 genomicbackground,3694,3,3694_3
query_3695,0,genomicbackground,0,genomicbackground,0.009612049907445908,3695_3_RF00059_3_NC_000913.3_2185135-2185632_ext_280-480_int_135_off_20_percentage_0_position_0-0 genomicbackground,3695,3,3695_3
query_3696,0,genomicbackground,0,genomicbackground,0.013042084872722626,3696_3_RF00059_3_NC_000913.3_2185135-2185632_ext_280-480_int_135_off_25_percentage_0_position_0-0 genomicbackground,3696,3,3696_3
query_3697,0,genomicbackground,0,genomicbackground,0.013352559879422188,3697_3_RF00059_3_NC_000913.3_2185135-2185632_ext_280-480_int_135_off_30_percentage_0_position_0-0 genomicbackground,3697,3,3697_3
query_3698,0,genomicbackground,0,genomicbackground,0.011582543142139912,3698_3_RF00059_3_NC_000913.3_2185135-2185632_ext_280-480_int_135_off_35_percentage_0_position_0-0 genomicbackground,3698,3,3698_3
query_3699,0,genomicbackground,0,genomicbackground,0.007673849351704121,3699_3_RF00059_3_NC_000913.3_2185135-2185632_ext_280-480_int_135_off_40_percentage_0_position_0-0 genomicbackground,3699,3,3699_3
query_3700,0,genomicbackground,0,genomicbackground,0.007342623081058264,3700_3_RF00059_3_NC_000913.3_2185135-2185632_ext_280-480_int_135_off_45_percentage_0_position_0-0 genomicbackground,3700,3,3700_3
query_3701,0,genomicbackground,0,genomicbackground,0.005956223234534264,3701_3_RF00059_3_NC_000913.3_2185135-2185632_ext_280-480_int_135_off_50_percentage_0_position_0-0 genomicbackground,3701,3,3701_3
query_3702,0,genomicbackground,0,genomicbackground,0.007141992915421724,3702_3_RF00059_3_NC_000913.3_2185135-2185632_ext_280-480_int_135_off_55_percentage_0_position_0-0 genomicbackground,3702,3,3702_3
query_3703,0,genomicbackground,0,genomicbackground,0.006702077575027943,3703_3_RF00059_3_NC_000913.3_2185135-2185632_ext_280-480_int_135_off_60_percentage_0_position_0-0 genomicbackground,3703,3,3703_3
query_3704,0,genomicbackground,0,genomicbackground,0.005625635385513306,3704_3_RF00059_3_NC_000913.3_2185135-2185632_ext_280-480_int_135_off_65_percentage_0_position_0-0 genomicbackground,3704,3,3704_3
query_3705,0,genomicbackground,0,genomicbackground,0.0020300813484936953,3705_3_RF00059_3_NC_000913.3_2185135-2185632_ext_280-480_int_140_off_0_percentage_18_position_1-17 genomicbackground,3705,3,3705_3
query_3706,0,genomicbackground,0,genomicbackground,0.001865799305960536,3706_3_RF00059_3_NC_000913.3_2185135-2185632_ext_280-480_int_140_off_5_percentage_12_position_1-12 genomicbackground,3706,3,3706_3
query_3707,0,genomicbackground,0,genomicbackground,0.011979028582572937,3707_3_RF00059_3_NC_000913.3_2185135-2185632_ext_280-480_int_140_off_10_percentage_7_position_1-7 genomicbackground,3707,3,3707_3
query_3708,0,genomicbackground,0,genomicbackground,0.00441649230197072,3708_3_RF00059_3_NC_000913.3_2185135-2185632_ext_280-480_int_140_off_15_percentage_2_position_1-2 genomicbackground,3708,3,3708_3
query_3709,0,genomicbackground,0,genomicbackground,0.009560097008943558,3709_3_RF00059_3_NC_000913.3_2185135-2185632_ext_280-480_int_140_off_20_percentage_0_position_0-0 genomicbackground,3709,3,3709_3
query_3710,0,genomicbackground,0,genomicbackground,0.01256779208779335,3710_3_RF00059_3_NC_000913.3_2185135-2185632_ext_280-480_int_140_off_25_percentage_0_position_0-0 genomicbackground,3710,3,3710_3
query_3711,0,genomicbackground,0,genomicbackground,0.011308440938591957,3711_3_RF00059_3_NC_000913.3_2185135-2185632_ext_280-480_int_140_off_30_percentage_0_position_0-0 genomicbackground,3711,3,3711_3
query_3712,0,genomicbackground,0,genomicbackground,0.010998615063726902,3712_3_RF00059_3_NC_000913.3_2185135-2185632_ext_280-480_int_140_off_35_percentage_0_position_0-0 genomicbackground,3712,3,3712_3
query_3713,0,genomicbackground,0,genomicbackground,0.010917473584413528,3713_3_RF00059_3_NC_000913.3_2185135-2185632_ext_280-480_int_140_off_40_percentage_0_position_0-0 genomicbackground,3713,3,3713_3
query_3714,0,genomicbackground,0,genomicbackground,0.007150566671043634,3714_3_RF00059_3_NC_000913.3_2185135-2185632_ext_280-480_int_140_off_45_percentage_0_position_0-0 genomicbackground,3714,3,3714_3
query_3715,0,genomicbackground,0,genomicbackground,0.006203035824000835,3715_3_RF00059_3_NC_000913.3_2185135-2185632_ext_280-480_int_140_off_50_percentage_0_position_0-0 genomicbackground,3715,3,3715_3
query_3716,0,genomicbackground,0,genomicbackground,0.0070262192748487,3716_3_RF00059_3_NC_000913.3_2185135-2185632_ext_280-480_int_140_off_55_percentage_0_position_0-0 genomicbackground,3716,3,3716_3
query_3717,0,genomicbackground,0,genomicbackground,0.005768866743892431,3717_3_RF00059_3_NC_000913.3_2185135-2185632_ext_280-480_int_140_off_60_percentage_0_position_0-0 genomicbackground,3717,3,3717_3
query_3718,0,genomicbackground,0,genomicbackground,0.0024223169311881065,3718_3_RF00059_3_NC_000913.3_2185135-2185632_ext_280-480_int_145_off_0_percentage_18_position_1-17 genomicbackground,3718,3,3718_3
query_3719,0,genomicbackground,0,genomicbackground,0.002204624703153968,3719_3_RF00059_3_NC_000913.3_2185135-2185632_ext_280-480_int_145_off_5_percentage_12_position_1-12 genomicbackground,3719,3,3719_3
query_3720,0,genomicbackground,0,genomicbackground,0.0021064449101686478,3720_3_RF00059_3_NC_000913.3_2185135-2185632_ext_280-480_int_145_off_10_percentage_7_position_1-7 genomicbackground,3720,3,3720_3
query_3721,0,genomicbackground,0,genomicbackground,0.004664073698222637,3721_3_RF00059_3_NC_000913.3_2185135-2185632_ext_280-480_int_145_off_15_percentage_2_position_1-2 genomicbackground,3721,3,3721_3
query_3722,0,genomicbackground,0,genomicbackground,0.009337381459772587,3722_3_RF00059_3_NC_000913.3_2185135-2185632_ext_280-480_int_145_off_20_percentage_0_position_0-0 genomicbackground,3722,3,3722_3
query_3723,0,genomicbackground,0,genomicbackground,0.010738526470959187,3723_3_RF00059_3_NC_000913.3_2185135-2185632_ext_280-480_int_145_off_25_percentage_0_position_0-0 genomicbackground,3723,3,3723_3
query_3724,0,genomicbackground,0,genomicbackground,0.012691984884440899,3724_3_RF00059_3_NC_000913.3_2185135-2185632_ext_280-480_int_145_off_30_percentage_0_position_0-0 genomicbackground,3724,3,3724_3
query_3725,0,genomicbackground,0,genomicbackground,0.00986931100487709,3725_3_RF00059_3_NC_000913.3_2185135-2185632_ext_280-480_int_145_off_35_percentage_0_position_0-0 genomicbackground,3725,3,3725_3
query_3726,0,genomicbackground,0,genomicbackground,0.009149810299277306,3726_3_RF00059_3_NC_000913.3_2185135-2185632_ext_280-480_int_145_off_40_percentage_0_position_0-0 genomicbackground,3726,3,3726_3
query_3727,0,genomicbackground,0,genomicbackground,0.00627156300470233,3727_3_RF00059_3_NC_000913.3_2185135-2185632_ext_280-480_int_145_off_45_percentage_0_position_0-0 genomicbackground,3727,3,3727_3
query_3728,0,genomicbackground,0,genomicbackground,0.0068634930066764355,3728_3_RF00059_3_NC_000913.3_2185135-2185632_ext_280-480_int_145_off_50_percentage_0_position_0-0 genomicbackground,3728,3,3728_3
query_3729,0,genomicbackground,0,genomicbackground,0.006012767553329468,3729_3_RF00059_3_NC_000913.3_2185135-2185632_ext_280-480_int_145_off_55_percentage_0_position_0-0 genomicbackground,3729,3,3729_3
query_3730,0,genomicbackground,0,genomicbackground,0.002115219831466675,3730_3_RF00059_3_NC_000913.3_2185135-2185632_ext_280-480_int_150_off_0_percentage_18_position_1-17 genomicbackground,3730,3,3730_3
query_3731,0,genomicbackground,0,genomicbackground,0.0022271049674600363,3731_3_RF00059_3_NC_000913.3_2185135-2185632_ext_280-480_int_150_off_5_percentage_12_position_1-12 genomicbackground,3731,3,3731_3
query_3732,0,genomicbackground,0,genomicbackground,0.0023809662088751793,3732_3_RF00059_3_NC_000913.3_2185135-2185632_ext_280-480_int_150_off_10_percentage_7_position_1-7 genomicbackground,3732,3,3732_3
query_3733,0,genomicbackground,0,genomicbackground,0.0049744234420359135,3733_3_RF00059_3_NC_000913.3_2185135-2185632_ext_280-480_int_150_off_15_percentage_2_position_1-2 genomicbackground,3733,3,3733_3
query_3734,0,genomicbackground,0,genomicbackground,0.008905276656150818,3734_3_RF00059_3_NC_000913.3_2185135-2185632_ext_280-480_int_150_off_20_percentage_0_position_0-0 genomicbackground,3734,3,3734_3
query_3735,0,genomicbackground,0,genomicbackground,0.01192357949912548,3735_3_RF00059_3_NC_000913.3_2185135-2185632_ext_280-480_int_150_off_25_percentage_0_position_0-0 genomicbackground,3735,3,3735_3
query_3736,0,genomicbackground,0,genomicbackground,0.009957294911146164,3736_3_RF00059_3_NC_000913.3_2185135-2185632_ext_280-480_int_150_off_30_percentage_0_position_0-0 genomicbackground,3736,3,3736_3
query_3737,0,genomicbackground,0,genomicbackground,0.008359584026038647,3737_3_RF00059_3_NC_000913.3_2185135-2185632_ext_280-480_int_150_off_35_percentage_0_position_0-0 genomicbackground,3737,3,3737_3
query_3738,0,genomicbackground,0,genomicbackground,0.009454726241528988,3738_3_RF00059_3_NC_000913.3_2185135-2185632_ext_280-480_int_150_off_40_percentage_0_position_0-0 genomicbackground,3738,3,3738_3
query_3739,0,genomicbackground,0,genomicbackground,0.007492693141102791,3739_3_RF00059_3_NC_000913.3_2185135-2185632_ext_280-480_int_150_off_45_percentage_0_position_0-0 genomicbackground,3739,3,3739_3
query_3740,0,genomicbackground,0,genomicbackground,0.005920900497585535,3740_3_RF00059_3_NC_000913.3_2185135-2185632_ext_280-480_int_150_off_50_percentage_0_position_0-0 genomicbackground,3740,3,3740_3
query_3741,0,genomicbackground,0,genomicbackground,0.0021229356061667204,3741_3_RF00059_3_NC_000913.3_2185135-2185632_ext_280-480_int_155_off_0_percentage_18_position_1-17 genomicbackground,3741,3,3741_3
query_3742,0,genomicbackground,0,genomicbackground,0.0022354729007929564,3742_3_RF00059_3_NC_000913.3_2185135-2185632_ext_280-480_int_155_off_5_percentage_12_position_1-12 genomicbackground,3742,3,3742_3
query_3743,0,genomicbackground,0,genomicbackground,0.0024283076636493206,3743_3_RF00059_3_NC_000913.3_2185135-2185632_ext_280-480_int_155_off_10_percentage_7_position_1-7 genomicbackground,3743,3,3743_3
query_3744,0,genomicbackground,0,genomicbackground,0.004056538455188274,3744_3_RF00059_3_NC_000913.3_2185135-2185632_ext_280-480_int_155_off_15_percentage_2_position_1-2 genomicbackground,3744,3,3744_3
query_3745,0,genomicbackground,0,genomicbackground,0.007209505420178175,3745_3_RF00059_3_NC_000913.3_2185135-2185632_ext_280-480_int_155_off_20_percentage_0_position_0-0 genomicbackground,3745,3,3745_3
query_3746,0,genomicbackground,0,genomicbackground,0.009444343857467175,3746_3_RF00059_3_NC_000913.3_2185135-2185632_ext_280-480_int_155_off_25_percentage_0_position_0-0 genomicbackground,3746,3,3746_3
query_3747,0,genomicbackground,0,genomicbackground,0.008735373616218567,3747_3_RF00059_3_NC_000913.3_2185135-2185632_ext_280-480_int_155_off_30_percentage_0_position_0-0 genomicbackground,3747,3,3747_3
query_3748,0,genomicbackground,0,genomicbackground,0.008186792954802513,3748_3_RF00059_3_NC_000913.3_2185135-2185632_ext_280-480_int_155_off_35_percentage_0_position_0-0 genomicbackground,3748,3,3748_3
query_3749,0,genomicbackground,0,genomicbackground,0.008051238022744656,3749_3_RF00059_3_NC_000913.3_2185135-2185632_ext_280-480_int_155_off_40_percentage_0_position_0-0 genomicbackground,3749,3,3749_3
query_3750,0,genomicbackground,0,genomicbackground,0.005796846933662891,3750_3_RF00059_3_NC_000913.3_2185135-2185632_ext_280-480_int_155_off_45_percentage_0_position_0-0 genomicbackground,3750,3,3750_3
query_3751,0,genomicbackground,0,genomicbackground,0.002148129278793931,3751_3_RF00059_3_NC_000913.3_2185135-2185632_ext_280-480_int_160_off_0_percentage_18_position_1-17 genomicbackground,3751,3,3751_3
query_3752,0,genomicbackground,0,genomicbackground,0.0027494386304169893,3752_3_RF00059_3_NC_000913.3_2185135-2185632_ext_280-480_int_160_off_5_percentage_12_position_1-12 genomicbackground,3752,3,3752_3
query_3753,0,genomicbackground,0,genomicbackground,0.0021308045834302902,3753_3_RF00059_3_NC_000913.3_2185135-2185632_ext_280-480_int_160_off_10_percentage_7_position_1-7 genomicbackground,3753,3,3753_3
query_3754,0,genomicbackground,0,genomicbackground,0.0077811251394450665,3754_3_RF00059_3_NC_000913.3_2185135-2185632_ext_280-480_int_160_off_15_percentage_2_position_1-2 genomicbackground,3754,3,3754_3
query_3755,0,genomicbackground,0,genomicbackground,0.007919909432530403,3755_3_RF00059_3_NC_000913.3_2185135-2185632_ext_280-480_int_160_off_20_percentage_0_position_0-0 genomicbackground,3755,3,3755_3
query_3756,0,genomicbackground,0,genomicbackground,0.008225214667618275,3756_3_RF00059_3_NC_000913.3_2185135-2185632_ext_280-480_int_160_off_25_percentage_0_position_0-0 genomicbackground,3756,3,3756_3
query_3757,0,genomicbackground,0,genomicbackground,0.00873473659157753,3757_3_RF00059_3_NC_000913.3_2185135-2185632_ext_280-480_int_160_off_30_percentage_0_position_0-0 genomicbackground,3757,3,3757_3
query_3758,0,genomicbackground,0,genomicbackground,0.008155563846230507,3758_3_RF00059_3_NC_000913.3_2185135-2185632_ext_280-480_int_160_off_35_percentage_0_position_0-0 genomicbackground,3758,3,3758_3
query_3759,0,genomicbackground,0,genomicbackground,0.008914908394217491,3759_3_RF00059_3_NC_000913.3_2185135-2185632_ext_280-480_int_160_off_40_percentage_0_position_0-0 genomicbackground,3759,3,3759_3
query_3760,0,genomicbackground,0,genomicbackground,0.0017330754781141877,3760_3_RF00059_3_NC_000913.3_2185135-2185632_ext_280-480_int_165_off_0_percentage_18_position_1-17 genomicbackground,3760,3,3760_3
query_3761,0,genomicbackground,0,genomicbackground,0.0023532798513770103,3761_3_RF00059_3_NC_000913.3_2185135-2185632_ext_280-480_int_165_off_5_percentage_12_position_1-12 genomicbackground,3761,3,3761_3
query_3762,0,genomicbackground,0,genomicbackground,0.002248667646199465,3762_3_RF00059_3_NC_000913.3_2185135-2185632_ext_280-480_int_165_off_10_percentage_7_position_1-7 genomicbackground,3762,3,3762_3
query_3763,0,genomicbackground,0,genomicbackground,0.004173098597675562,3763_3_RF00059_3_NC_000913.3_2185135-2185632_ext_280-480_int_165_off_15_percentage_2_position_1-2 genomicbackground,3763,3,3763_3
query_3764,0,genomicbackground,0,genomicbackground,0.007638921495527029,3764_3_RF00059_3_NC_000913.3_2185135-2185632_ext_280-480_int_165_off_20_percentage_0_position_0-0 genomicbackground,3764,3,3764_3
query_3765,0,genomicbackground,0,genomicbackground,0.008667811751365662,3765_3_RF00059_3_NC_000913.3_2185135-2185632_ext_280-480_int_165_off_25_percentage_0_position_0-0 genomicbackground,3765,3,3765_3
query_3766,0,genomicbackground,0,genomicbackground,0.008557148277759552,3766_3_RF00059_3_NC_000913.3_2185135-2185632_ext_280-480_int_165_off_30_percentage_0_position_0-0 genomicbackground,3766,3,3766_3
query_3767,0,genomicbackground,0,genomicbackground,0.008712423965334892,3767_3_RF00059_3_NC_000913.3_2185135-2185632_ext_280-480_int_165_off_35_percentage_0_position_0-0 genomicbackground,3767,3,3767_3
query_3768,0,genomicbackground,0,genomicbackground,0.0016402131877839565,3768_3_RF00059_3_NC_000913.3_2185135-2185632_ext_280-480_int_170_off_0_percentage_18_position_1-17 genomicbackground,3768,3,3768_3
query_3769,0,genomicbackground,0,genomicbackground,0.0024086004123091698,3769_3_RF00059_3_NC_000913.3_2185135-2185632_ext_280-480_int_170_off_5_percentage_12_position_1-12 genomicbackground,3769,3,3769_3
query_3770,0,genomicbackground,0,genomicbackground,0.0019915576558560133,3770_3_RF00059_3_NC_000913.3_2185135-2185632_ext_280-480_int_170_off_10_percentage_7_position_1-7 genomicbackground,3770,3,3770_3
query_3771,0,genomicbackground,0,genomicbackground,0.0014580764109268785,3771_3_RF00059_3_NC_000913.3_2185135-2185632_ext_280-480_int_170_off_15_percentage_2_position_1-2 genomicbackground,3771,3,3771_3
query_3772,0,genomicbackground,0,genomicbackground,0.008083242923021317,3772_3_RF00059_3_NC_000913.3_2185135-2185632_ext_280-480_int_170_off_20_percentage_0_position_0-0 genomicbackground,3772,3,3772_3
query_3773,0,genomicbackground,0,genomicbackground,0.008127821609377861,3773_3_RF00059_3_NC_000913.3_2185135-2185632_ext_280-480_int_170_off_25_percentage_0_position_0-0 genomicbackground,3773,3,3773_3
query_3774,0,genomicbackground,0,genomicbackground,0.009746681898832321,3774_3_RF00059_3_NC_000913.3_2185135-2185632_ext_280-480_int_170_off_30_percentage_0_position_0-0 genomicbackground,3774,3,3774_3
query_3775,0,genomicbackground,0,genomicbackground,0.0017482922412455082,3775_3_RF00059_3_NC_000913.3_2185135-2185632_ext_280-480_int_175_off_0_percentage_18_position_1-17 genomicbackground,3775,3,3775_3
query_3776,0,genomicbackground,0,genomicbackground,0.0019295495003461838,3776_3_RF00059_3_NC_000913.3_2185135-2185632_ext_280-480_int_175_off_5_percentage_12_position_1-12 genomicbackground,3776,3,3776_3
query_3777,0,genomicbackground,0,genomicbackground,0.001362497452646494,3777_3_RF00059_3_NC_000913.3_2185135-2185632_ext_280-480_int_175_off_10_percentage_7_position_1-7 genomicbackground,3777,3,3777_3
query_3778,0,genomicbackground,0,genomicbackground,0.007990025915205479,3778_3_RF00059_3_NC_000913.3_2185135-2185632_ext_280-480_int_175_off_15_percentage_2_position_1-2 genomicbackground,3778,3,3778_3
query_3779,0,genomicbackground,0,genomicbackground,0.007325134240090847,3779_3_RF00059_3_NC_000913.3_2185135-2185632_ext_280-480_int_175_off_20_percentage_0_position_0-0 genomicbackground,3779,3,3779_3
query_3780,0,genomicbackground,0,genomicbackground,0.009520191699266434,3780_3_RF00059_3_NC_000913.3_2185135-2185632_ext_280-480_int_175_off_25_percentage_0_position_0-0 genomicbackground,3780,3,3780_3
query_3781,0,genomicbackground,0,genomicbackground,0.0019117585616186261,3781_3_RF00059_3_NC_000913.3_2185135-2185632_ext_280-480_int_180_off_0_percentage_18_position_1-17 genomicbackground,3781,3,3781_3
query_3782,0,genomicbackground,0,genomicbackground,0.001667739707045257,3782_3_RF00059_3_NC_000913.3_2185135-2185632_ext_280-480_int_180_off_5_percentage_12_position_1-12 genomicbackground,3782,3,3782_3
query_3783,0,genomicbackground,0,genomicbackground,0.0017069040331989527,3783_3_RF00059_3_NC_000913.3_2185135-2185632_ext_280-480_int_180_off_10_percentage_7_position_1-7 genomicbackground,3783,3,3783_3
query_3784,0,genomicbackground,0,genomicbackground,0.0028933293651789427,3784_3_RF00059_3_NC_000913.3_2185135-2185632_ext_280-480_int_180_off_15_percentage_2_position_1-2 genomicbackground,3784,3,3784_3
query_3785,0,genomicbackground,0,genomicbackground,0.0060363467782735825,3785_3_RF00059_3_NC_000913.3_2185135-2185632_ext_280-480_int_180_off_20_percentage_0_position_0-0 genomicbackground,3785,3,3785_3
query_3786,0,genomicbackground,0,genomicbackground,0.0016937063774093986,3786_3_RF00059_3_NC_000913.3_2185135-2185632_ext_280-480_int_185_off_0_percentage_18_position_1-17 genomicbackground,3786,3,3786_3
query_3787,0,genomicbackground,0,genomicbackground,0.0017707638908177614,3787_3_RF00059_3_NC_000913.3_2185135-2185632_ext_280-480_int_185_off_5_percentage_12_position_1-12 genomicbackground,3787,3,3787_3
query_3788,0,genomicbackground,0,genomicbackground,0.00145870225969702,3788_3_RF00059_3_NC_000913.3_2185135-2185632_ext_280-480_int_185_off_10_percentage_7_position_1-7 genomicbackground,3788,3,3788_3
query_3789,0,genomicbackground,0,genomicbackground,0.0013488397235050797,3789_3_RF00059_3_NC_000913.3_2185135-2185632_ext_280-480_int_185_off_15_percentage_2_position_1-2 genomicbackground,3789,3,3789_3
query_3790,0,genomicbackground,0,genomicbackground,0.0017885599518194795,3790_3_RF00059_3_NC_000913.3_2185135-2185632_ext_280-480_int_190_off_0_percentage_18_position_1-17 genomicbackground,3790,3,3790_3
query_3791,0,genomicbackground,0,genomicbackground,0.0016017196467146277,3791_3_RF00059_3_NC_000913.3_2185135-2185632_ext_280-480_int_190_off_5_percentage_12_position_1-12 genomicbackground,3791,3,3791_3
query_3792,0,genomicbackground,0,genomicbackground,0.001633595791645348,3792_3_RF00059_3_NC_000913.3_2185135-2185632_ext_280-480_int_190_off_10_percentage_7_position_1-7 genomicbackground,3792,3,3792_3
query_3793,0,genomicbackground,0,genomicbackground,0.001634028973057866,3793_3_RF00059_3_NC_000913.3_2185135-2185632_ext_280-480_int_195_off_0_percentage_18_position_1-17 genomicbackground,3793,3,3793_3
query_3794,0,genomicbackground,0,genomicbackground,0.001793338917195797,3794_3_RF00059_3_NC_000913.3_2185135-2185632_ext_280-480_int_195_off_5_percentage_12_position_1-12 genomicbackground,3794,3,3794_3
query_3795,0,genomicbackground,0,genomicbackground,0.0014113850193098187,3795_3_RF00059_3_NC_000913.3_2185135-2185632_ext_280-480_int_200_off_0_percentage_18_position_1-17 genomicbackground,3795,3,3795_3
