family,species,tree,seq_id
Aerococcaceae,Facklamia hominis CCUG 36813,RF03164,"JH932292.1/1062233-1062151_Facklamia_hominis_CCUG_36813_genomic_scaffold_supercont1.1,_whole_genome_shotgun_sequence_RF03164"
Carnobacteriaceae,Dolosigranulum pigrum ATCC 51524,RF03164,"JH601103.1/54159-54246_Dolosigranulum_pigrum_ATCC_51524_genomic_scaffold_supercont1.1,_whole_genome_shotgun_sequence_RF03164"
Peptoniphilaceae,Helcococcus kunzii ATCC 51366,RF03164,"JH601088.1/1222227-1222139_Helcococcus_kunzii_ATCC_51366_genomic_scaffold_supercont1.1,_whole_genome_shotgun_sequence_RF03164"
Deinococcaceae,Deinococcus deserti VCD115,RF03170,"CP001114.1/1034721-1034638_Deinococcus_deserti_VCD115,_complete_genome_RF03170"
Cellulomonadaceae,Cellulomonas aerilata,RF03170,"BJYY01000016.1/141550-141635_Cellulomonas_aerilata_NBRC_106308_DNA,_sequence16,_whole_genome_shotgun_sequence_RF03170"
Actinosynnemataceae,Lentzea albidocapillata,RF03170,"FWYC01000010.1/18991-18908_Lentzea_albidocapillata_strain_DSM_44073_genome_assembly,_contig:_LX89DRAFT_scaffold00008.8,_whole_genome_shotgun_sequence_RF03170"
Paenibacillaceae,Paenibacillus sp. GP183,RF03170,"FNSW01000002.1/287125-287206_Paenibacillus_sp._GP183_genome_assembly,_contig:_Ga0132018_12,_whole_genome_shotgun_sequence_RF03170"
Entomoplasmataceae,Mesoplasma corruscae,RF01510,"PHNF01000001.1/489179-489242_Mesoplasma_corruscae_strain_ELCA-2_meso03.02.1,_whole_genome_shotgun_sequence_RF01510"
Spiroplasmataceae,Spiroplasma gladiatoris,RF01510,"CP038013.1/236715-236778_Spiroplasma_gladiatoris_strain_TG-1_chromosome,_complete_genome_RF01510"
Ruminococcaceae,Subdoligranulum variabile DSM 15176,RF02680,"GG704769.1/449620-449525_Subdoligranulum_variabile_DSM_15176_genomic_scaffold_Scfld0,_whole_genome_shotgun_sequence_RF02680"
Hyphomicrobiaceae,Gemmiger formicilis,RF02680,"FUYF01000001.1/106772-106872_Gemmiger_formicilis_strain_ATCC_27749_genome_assembly,_contig:_EI45DRAFT_scaffold00001.1,_whole_genome_shotgun_sequence_RF02680"
Oscillospiraceae,Faecalibacterium gallinarum,RF02680,"BQKV01000007.1/63849-63748_Faecalibacterium_gallinarum_DNA,_sequence007,_whole_genome_shotgun_sequence_RF02680"
Thermodesulfobiaceae,Coprothermobacter proteolyticus DSM 5265,RF03165,"CP001145.1/87319-87389_Coprothermobacter_proteolyticus_DSM_5265,_complete_genome_RF03165"
Balneolaceae,Gracilimonas sediminicola,RF03165,"JANDBC010000001.1/1793769-1793697_Gracilimonas_sediminicola_strain_CAU_1638_contig1,_whole_genome_shotgun_sequence_RF03165"
Desulfuromonadaceae,Desulfuromonas acetexigens,RF03168,"VJVV01000021.1/1873-1951_Desulfuromonas_acetexigens_strain_2873_21,_whole_genome_shotgun_sequence_RF03168"
Geobacteraceae,Geobacter metallireducens GS-15,RF03168,"CP000148.1/827291-827208_Geobacter_metallireducens_GS-15,_complete_genome_RF03168"
Pelobacteraceae,Pelobacter propionicus DSM 2379,RF03168,"CP000482.1/2448470-2448395_Pelobacter_propionicus_DSM_2379,_complete_genome_RF03168"
Desulfobulbaceae,Candidatus Electrothrix marina,RF03168,"MTKS01000025.1/11966-11888_Candidatus_Electrothrix_marina_isolate_A5_Contig1025,_whole_genome_shotgun_sequence_RF03168"
Micrococcaceae,Arthrobacter oryzae,RF03168,"RBED01000071.1/6703-6628_Arthrobacter_oryzae_strain_TNB02_contig071,_whole_genome_shotgun_sequence_RF03168"
Bifidobacteriaceae,Bifidobacterium merycicum,RF02885,"JGZC01000001.1/12658-12716_Bifidobacterium_merycicum_strain_LMG_11341_Contig01,_whole_genome_shotgun_sequence_RF02885"
Prochlorococcaceae,Prochlorococcus marinus str. MIT 9211,RF01704,CP000878.1/553204-553260_Prochlorococcus_marinus_str._MIT_9211_genome_RF01704
Synechococcaceae,Synechococcus sp. KORDI-100,RF01704,"CP006269.1/1873386-1873445_Synechococcus_sp._KORDI-100,_complete_genome_RF01704"
Clostridiaceae,Clostridium aceticum,RF03166,"CP009687.1/4025626-4025438_Clostridium_aceticum_strain_DSM_1496,_complete_genome_RF03166"
Peptococcaceae,Desulfitobacterium metallireducens DSM 15288,RF03166,"CP007032.1/2398809-2398620_Desulfitobacterium_metallireducens_DSM_15288,_complete_genome_RF03166"
Lachnospiraceae,Coprococcus comes ATCC 27758,RF03166,"GG662006.1/137623-137449_Coprococcus_comes_ATCC_27758_genomic_scaffold_Scfld1,_whole_genome_shotgun_sequence_RF03166"
Thermoanaerobacteraceae,Carboxydothermus hydrogenoformans Z-2901,RF03166,"CP000141.1/423711-423891_Carboxydothermus_hydrogenoformans_Z-2901,_complete_genome_RF03166"
Desulfitobacteriaceae,Desulfosporosinus sp. HMP52,RF03166,"JMGA01000018.1/122277-122466_Desulfosporosinus_sp._HMP52_Desulfosporosinus_HMP51_contig_18,_whole_genome_shotgun_sequence_RF03166"
Natronincolaceae,Alkaliphilus sp. B6464,RF03166,"CP058557.1/1210768-1210954_Alkaliphilus_sp._B6464_chromosome,_complete_genome_RF03166"
Peptostreptococcaceae,Peptacetobacter hominis,RF03166,"SGJB01000007.1/78997-78823_Peptacetobacter_hominis_strain_ZHW00191_contig7,_whole_genome_shotgun_sequence_RF03166"
Bacillaceae,Halalkalibacter oceani,RF03166,"JAMBOL010000013.1/81773-81580_Halalkalibacter_oceani_strain_214.1.1_NODE_13_,_whole_genome_shotgun_sequence_RF03166"
Clostridiaceae,Clostridiaceae bacterium AF18-31LB,RF03166,"QUGS01000003.1/228583-228764_Clostridiaceae_bacterium_AF18-31LB_AF18-31LB.Scaf3,_whole_genome_shotgun_sequence_RF03166"
Streptococcaceae,Streptococcus australis ATCC 700641,RF01054,"GL636091.1/1265427-1265563_Streptococcus_australis_ATCC_700641_genomic_scaffold_SCAFFOLD1,_whole_genome_shotgun_sequence_RF01054"
Enterococcaceae,Pilibacter termitis,RF01054,"FUXI01000005.1/90928-91028_Pilibacter_termitis_strain_ATCC_BAA-1030_genome_assembly,_contig:_EI49DRAFT_scaffold00005.5,_whole_genome_shotgun_sequence_RF01054"
Anaerolineaceae,Thermanaerothrix daxensis,RF03169,"LGKO01000002.1/92020-91911_Thermanaerothrix_daxensis_strain_GNS-1_contig_1,_whole_genome_shotgun_sequence_RF03169"
Thermaceae,Oceanithermus profundus DSM 14977,RF03169,"CP002361.1/164383-164467_Oceanithermus_profundus_DSM_14977,_complete_genome_RF03169"
Halobacteroidaceae,Selenihalanaerobacter shriftii,RF03169,"FUWM01000004.1/58611-58524_Selenihalanaerobacter_shriftii_strain_ATCC_BAA-73_genome_assembly,_contig:_EI55DRAFT_scaffold00002.2,_whole_genome_shotgun_sequence_RF03169"
Synergistaceae,Acetomicrobium mobile DSM 13181,RF03169,"CP003198.1/2062967-2062878_Acetomicrobium_mobile_DSM_13181_chromosome,_complete_genome_RF03169"
Geodermatophilaceae,Geodermatophilus sp. LHW52908,RF03169,"QVQH01000047.1/13539-13655_Geodermatophilus_sp._LHW52908_scaffold47,_whole_genome_shotgun_sequence_RF03169"
Micromonosporaceae,Actinoplanes sp. TBRC 11911,RF03169,"JABBNC010000033.1/41288-41377_Actinoplanes_sp._TBRC_11911_33,_whole_genome_shotgun_sequence_RF03169"
Nocardioidaceae,Nocardioides panacis,RF03169,"CP077062.1/4881509-4881595_Nocardioides_panacis_strain_G188_chromosome,_complete_genome_RF03169"
Kribbellaceae,Kribbella sp. VKM Ac-2527,RF03169,"SNWQ01000005.1/347605-347524_Kribbella_sp._VKM_Ac-2527_Ga0310561_105,_whole_genome_shotgun_sequence_RF03169"
Nakamurellaceae,Nakamurella sp. PAMC28650,RF03169,"CP060298.1/1346018-1346104_Nakamurella_sp._PAMC28650_chromosome,_complete_genome_RF03169"
Streptomycetaceae,Streptomyces sp. NP160,RF03169,"VDMJ01000016.1/90393-90480_Streptomyces_sp._NP160_Streptomyces_NP160_16,_whole_genome_shotgun_sequence_RF03169"
Egibacteraceae,Egibacter rhizosphaerae,RF03169,"CP036402.1/2685614-2685723_Egibacter_rhizosphaerae_strain_EGI_80759_chromosome,_complete_genome_RF03169"
Egicoccaceae,Egicoccus halophilus,RF03169,"BMHA01000005.1/299908-299993_Egicoccus_halophilus_CGMCC_1.14988_DNA,_sequence05,_whole_genome_shotgun_sequence_RF03169"
Iamiaceae,Actinomarinicola tropica,RF03169,"CP045851.1/3576302-3576220_Actinomarinicola_tropica_strain_SCSIO_58843_chromosome,_complete_genome_RF03169"
Rubrobacteraceae,Rubrobacter tropicus,RF03169,"CP045119.1/52174-52256_Rubrobacter_tropicus_strain_SCSIO_52909_chromosome,_complete_genome_RF03169"
Syntrophomonadaceae,Syntrophomonadaceae bacterium,RF03169,"JAGXSE010000006.1/19244-19158_MAG:_Syntrophomonadaceae_bacterium_isolate_CROMO_A_165_c_000000000974,_whole_genome_shotgun_sequence_RF03169"
Halarsenatibacteraceae,Halonatronomonas betaini,RF03169,"JADPIE010000002.1/275936-275846_Halonatronomonas_betaini_strain_Z-7014_NODE_2_length_498932_cov_194.442586,_whole_genome_shotgun_sequence_RF03169"
Moorellaceae,Thermanaeromonas sp. C210,RF03169,"BLWF01000003.1/565219-565133_Thermanaeromonas_sp._C210_DNA,_scaffold03,_whole_genome_shotgun_sequence_RF03169"
Acidaminobacteraceae,Acidaminobacter hydrogenoformans DSM 2784,RF03169,"FMWL01000001.1/234001-234087_Acidaminobacter_hydrogenoformans_DSM_2784_genome_assembly,_contig:_Ga0056067_scaffold00001.1,_whole_genome_shotgun_sequence_RF03169"
Kineosporiaceae,Angustibacter sp. Root456,RF03169,"LMER01000001.1/643399-643315_Angustibacter_sp._Root456_contig_1,_whole_genome_shotgun_sequence_RF03169"
Coriobacteriaceae,Coriobacteriaceae bacterium EMTCatB1,RF03169,"BDLO01000001.1/1664469-1664555_Coriobacteriaceae_bacterium_EMTCatB1_DNA,_scaffold1,_whole_genome_shotgun_sequence_RF03169"
Streptosporangiaceae,Planomonospora sphaerica,RF03169,"BDCX01000022.1/70477-70590_Planomonospora_sphaerica_DNA,_contig:_NODE_22_L87734_C26,_whole_genome_shotgun_sequence_RF03169"
Sphaerobacteraceae,Sphaerobacter thermophilus DSM 20745,RF03169,"CP001823.1/2685771-2685688_Sphaerobacter_thermophilus_DSM_20745_chromosome_1,_complete_sequence_RF03169"
Gemmatimonadaceae,Roseisolibacter agri,RF03169,"BRXS01000006.1/420617-420715_Roseisolibacter_agri_AW1220_DNA,_sequence06,_whole_genome_shotgun_sequence_RF03169"
Comamonadaceae,Variovorax gossypii,RF03054,"RXOE01000004.1/115999-116066_Variovorax_gossypii_strain_DSM_100435_8,_whole_genome_shotgun_sequence_RF03054"
Burkholderiaceae,Cupriavidus basilensis,RF03054,"CP010537.1/3575366-3575444_Cupriavidus_basilensis_strain_4G11_chromosome_secondary,_complete_sequence_RF03054"
Alcaligenaceae,Derxia gummosa DSM 723,RF03054,"NZ_AXWS01000008.1/726978-726891_Derxia_gummosa_DSM_723_H566DRAFT_scaffold00002.2_C,_whole_genome_shotgun_sequence_RF03054"
Oxalobacteraceae,Herbaspirillum seropedicae SmR1,RF03054,"CP002039.1/499293-499361_Herbaspirillum_seropedicae_SmR1,_complete_genome_RF03054"
Sphaerotilaceae,Piscinibacter sp. HJYY11,RF03054,"JAERQZ010000001.1/2746738-2746653_Piscinibacter_sp._HJYY11_contig1,_whole_genome_shotgun_sequence_RF03054"
Rhodocyclaceae,Azoarcus indigens,RF03054,"SNVV01000007.1/197723-197788_Azoarcus_indigens_strain_DSM_12121_Ga0215687_107,_whole_genome_shotgun_sequence_RF03054"
Zoogloeaceae,Uliginosibacterium sp. TH139,RF03054,"PKRR01000003.1/124484-124547_Uliginosibacterium_sp._TH139_NODE_3_length_607203_cov_449.677124,_whole_genome_shotgun_sequence_RF03054"
Neisseriaceae,Craterilacuibacter sinensis,RF03054,"WSSB01000007.1/11390-11449_Craterilacuibacter_sinensis_strain_B2N2-7_Scaffold7,_whole_genome_shotgun_sequence_RF03054"
Paracoccaceae,Paracoccus aestuariivivens,RF03054,"WMIE01000001.1/792189-792140_Paracoccus_aestuariivivens_strain_NBRC_111993_Scaffold1,_whole_genome_shotgun_sequence_RF03054"
Rhodobacteraceae,Haematobacter massiliensis,RF03054,"JGYG01000014.1/36443-36490_Haematobacter_massiliensis_strain_CCUG_47968_contig14_scaffold13,_whole_genome_shotgun_sequence_RF03054"
Roseobacteraceae,Roseibacterium persicicum,RF03054,"JAAZQQ010000002.1/753214-753163_Roseibacterium_persicicum_strain_KMU-115_contig2,_whole_genome_shotgun_sequence_RF03054"
Rhizobiaceae,Sinorhizobium meliloti 1021,RF03054,AL591985.1/153299-153230_Sinorhizobium_meliloti_1021_plasmid_pSymB_RF03054
Acetobacteraceae,Acetobacter pomorum DM001,RF03054,"AEUP01000004.1/254705-254755_Acetobacter_pomorum_DM001_Contig00005,_whole_genome_shotgun_sequence_RF03054"
Rhodospirillaceae,Telmatospirillum siberiense,RF03054,"PIUM01000054.1/21240-21182_Telmatospirillum_siberiense_strain_26-4b1_NODE_54_length_21297_cov_14.638440,_whole_genome_shotgun_sequence_RF03054"
Phyllobacteriaceae,Chelativorans petroleitrophicus,RF03054,"JAODNV010000025.1/4883-4932_Chelativorans_petroleitrophicus_strain_SCAU_2101_contig25,_whole_genome_shotgun_sequence_RF03054"
Aurantimonadaceae,Jiella endophytica,RF03054,"SOZD01000003.1/514028-514077_Jiella_endophytica_strain_CBS5Q-3_Scaffold3_1,_whole_genome_shotgun_sequence_RF03054"
Segnochrobactraceae,Segnochrobactrum spirostomi,RF03054,"VWNA01000003.1/703138-703185_Segnochrobactrum_spirostomi_strain_Sp-1_Segnochrobactrum_spirostomi_Sp1(T)_Contig4,_whole_genome_shotgun_sequence_RF03054"
Stappiaceae,Labrenzia sp. 011,RF03054,"QCYM01000017.1/48775-48826_Labrenzia_sp._011_NODE_18_length_94768_cov_25.2937,_whole_genome_shotgun_sequence_RF03054"
Acidimicrobiaceae,Ilumatobacter fluminis,RF03054,"SOAU01000001.1/2420734-2420784_Ilumatobacter_fluminis_strain_DSM_18936_Ga0074717_11,_whole_genome_shotgun_sequence_RF03054"
Lactobacillaceae,Lactobacillus iners DSM 13335,RF03071,"GG700805.1/12696-12744_Lactobacillus_iners_DSM_13335_genomic_scaffold_SCAFFOLD5,_whole_genome_shotgun_sequence_RF03071"
Eubacteriaceae,Alkalibaculum bacchi,RF03071,"QNRX01000010.1/52232-52181_Alkalibaculum_bacchi_strain_DSM_22112_Ga0244545_110,_whole_genome_shotgun_sequence_RF03071"
Desulfocucumaceae,Desulfocucumis palustris,RF03071,"BFAV01000073.1/14412-14361_Desulfocucumis_palustris_NAW-5_DNA,_NODE_73,_whole_genome_shotgun_sequence_RF03071"
Vallitaleaceae,Vallitaleaceae bacterium,RF03071,"JACMKR010000225.1/477-420_MAG:_Vallitaleaceae_bacterium_isolate_ES-bin-238_ES-bin-238-contig-k141_3182851,_whole_genome_shotgun_sequence_RF03071"
Rivulariaceae,Rivularia sp. PCC 7116,RF01739,"CP003549.1/8619334-8619423_Rivularia_sp._PCC_7116,_complete_genome._RF01739"
Prochlorotrichaceae,Prochlorothrix hollandica PCC 9006,RF01739,"AJTX02000005.1/76440-76517_Prochlorothrix_hollandica_PCC_9006_=_CALU_1027_contig_9,_whole_genome_shotgun_sequence._RF01739"
Leptolyngbyaceae,Leptolyngbya sp. Heron Island J,RF01739,"AWNH01000036.1/87491-87386_Leptolyngbya_sp._Heron_Island_J,_whole_genome_shotgun_sequence._RF01739"
Pseudanabaenaceae,Limnothrix sp. P13C2,RF01739,"MBRF01000026.1/127229-127074_Limnothrix_sp._P13C2_contig_5,_whole_genome_shotgun_sequence._RF01739"
Tolypothrichaceae,Tolypothrix bouteillei VB521301,RF01739,"JHEG04000001.1/8258068-8258159_JHEG04000001.1_Tolypothrix_bouteillei_VB521301_NODE_1_length_9494340_cov_10.278967,_whole_genome_shotgun_sequence_RF01739"
Trichocoleusaceae,Trichocoleus sp. FACHB-262,RF01739,"JACJPK010000038.1/10677-10773_JACJPK010000038.1_Trichocoleus_sp._FACHB-262_contig38,_whole_genome_shotgun_sequence_RF01739"
Petrachlorosaceae,Petrachloros mirabilis ULC683,RF01739,"WVIC01000017.1/82050-81963_WVIC01000017.1_Petrachloros_mirabilis_ULC683_NODE_259_length_84509_cov_121.546155,_whole_genome_shotgun_sequence_RF01739"
Oculatellaceae,Oculatella sp. FACHB-28,RF01739,"JACJPJ010000066.1/109656-109739_JACJPJ010000066.1_Oculatella_sp._FACHB-28_contig66,_whole_genome_shotgun_sequence_RF01739"
Hyellaceae,Waterburya agarophytonicola KI4,RF01739,"JADWDC010000052.1/1673-1748_JADWDC010000052.1_Waterburya_agarophytonicola_KI4_NODE_316_length_34448_cov_317.579071,_whole_genome_shotgun_sequence_RF01739"
Nodosilineaceae,Nodosilinea sp. LEGE 07088,RF01739,"JADEWX010000017.1/56176-56122_JADEWX010000017.1_Nodosilinea_sp._LEGE_07088_NODE_38_length_64631_cov_48.061,_whole_genome_shotgun_sequence_RF01739"
Cymatolegaceae,Leptothoe spongobia TAU-MAC 1115,RF01739,"JADOES010000044.1/11710-11814_JADOES010000044.1_Leptothoe_spongobia_TAU-MAC_1115_scaffold44_cov0,_whole_genome_shotgun_sequence_RF01739"
Acaryochloridaceae,Acaryochloris marina S15,RF01739,"CP064923.1/5373837-5373755_CP064923.1_Acaryochloris_marina_S15_chromosome,_complete_genome_RF01739"
Coleofasciculaceae,Coleofasciculus sp. LEGE 07092,RF01739,"JADEWY010000145.1/6855-6942_JADEWY010000145.1_Coleofasciculus_sp._LEGE_07092_NODE_310_length_15246_cov_12.204,_whole_genome_shotgun_sequence_RF01739"
Gloeomargaritaceae,Gloeomargaritaceae cyanobacterium C42_A2020_066,RF01739,"JACYLR010000069.1/13036-13106_JACYLR010000069.1_MAG:_Gloeomargaritaceae_cyanobacterium_C42_A2020_066_NODE_5700_length_14360_cov_5.004754,_whole_genome_shotgun_sequence_RF01739"
Oscillatoriaceae,Phormidium tenue NIES-30,RF01739,"MRCG01000004.1/147914-147989_Phormidium_tenue_NIES-30_NIES-30_Scaffold_4,_whole_genome_shotgun_sequence._RF01739"
Microcoleaceae,Microcoleus sp. PCC 7113,RF01739,"CP003630.1/5705991-5706069_Microcoleus_sp._PCC_7113,_complete_genome._RF01739"
Desertifilaceae,Desertifilum sp. IPPAS B-1220,RF01739,"MJGC01000077.1/181212-181149_Desertifilum_sp._IPPAS_B-1220_NODE_4_length_194086_cov_34.7704,_whole_genome_shotgun_sequence._RF01739"
Chroococcaceae,Geminocystis sp. NIES-3708,RF01739,"AP014815.1/506722-506779_Geminocystis_sp._NIES-3708_DNA,_complete_genome._RF01739"
Cyanobacteriaceae,Cyanobacterium aponinum PCC 10605,RF01739,"CP003947.1/2190232-2190293_Cyanobacterium_aponinum_PCC_10605,_complete_genome._RF01739"
Leptolyngbyaceae,Leptolyngbyaceae cyanobacterium T60_A2020_046,RF01739,"JACYME010000151.1/34147-34063_JACYME010000151.1_MAG:_Leptolyngbyaceae_cyanobacterium_T60_A2020_046_NODE_355_length_69882_cov_171.638,_whole_genome_shotgun_sequence_RF01739"
Aerosakkonemataceae,Aerosakkonema funiforme FACHB-1375,RF01739,"JACJPW010000060.1/30799-30714_JACJPW010000060.1_Aerosakkonema_funiforme_FACHB-1375_contig60,_whole_genome_shotgun_sequence_RF01739"
Aphanothecaceae,Aphanothece sacrum FPU1,RF01739,"BDQK01000006.1/121592-121668_BDQK01000006.1_Aphanothece_sacrum_FPU1_DNA,_contig:_ASFPU1_contig_006,_whole_genome_shotgun_sequence_RF01739"
Geminocystaceae,Geminocystis sp. M7585_C2015_104,RF01739,"DVEF01000015.1/28750-28810_DVEF01000015.1_MAG_TPA_asm:_Geminocystis_sp._M7585_C2015_104_k141_979451_length_82451_cov_18.0000,_whole_genome_shotgun_sequence_RF01739"
Entophysalidaceae,Chlorogloea sp. CCALA 695,RF01739,"PVWN01000037.1/15436-15360_PVWN01000037.1_Chlorogloea_sp._CCALA_695_NODE_57_length_44003_cov_9.88285_ID_65681,_whole_genome_shotgun_sequence_RF01739"
Gomphosphaeriaceae,Gomphosphaeria aponina SAG 52.96 = DSM 107014,RF01739,"JADQBC010000028.1/17496-17561_JADQBC010000028.1_MAG:_Gomphosphaeria_aponina_SAG_52.96_=_DSM_107014_isolate_JP213_k141_14717,_whole_genome_shotgun_sequence_RF01739"
Pseudanabaenaceae,Pseudanabaenaceae cyanobacterium LEGE 13415,RF01739,"JADEXW010000233.1/1024-964_JADEXW010000233.1_Pseudanabaenaceae_cyanobacterium_LEGE_13415_NODE_526_length_7807_cov_2.80078,_whole_genome_shotgun_sequence_RF01739"
Oscillatoriaceae,Oscillatoriaceae cyanobacterium M7585_C2015_266,RF01739,"DVEG01000025.1/229137-229050_DVEG01000025.1_MAG_TPA_asm:_Oscillatoriaceae_cyanobacterium_M7585_C2015_266_k141_1026000_length_248514_cov_75.0312,_whole_genome_shotgun_sequence_RF01739"
Nostocaceae,Nostoc punctiforme PCC 73102,RF01689,"CP001037.1/8005242-8005331_Nostoc_punctiforme_PCC_73102,_complete_genome._RF01689"
Rhodothermaceae,Salinibacter ruber DSM 13855,RF01689,"CP000159.1/399407-399483_Salinibacter_ruber_DSM_13855,_complete_genome._RF01689"
Spirochaetaceae,Spirochaeta americana,RF01689,"FTMS01000016.1/30131-30209_Spirochaeta_americana_strain_ASpG1_genome_assembly,_contig:_Ga0071122_116_RF01689"
Victivallaceae,Victivallis vadensis,RF01689,"QEKH01000029.1/41849-41929_QEKH01000029.1_Victivallis_vadensis_strain_DSM_14823_Ga0215691_129,_whole_genome_shotgun_sequence_RF01689"
Pelagibacteraceae,Pelagibacteraceae bacterium,RF01689,"JAGFWC010000055.1/1981-1892_JAGFWC010000055.1_MAG:_Pelagibacteraceae_bacterium_isolate_IIa.A_ETNP2013_S06_SV51_100m_MAG_01_IIa.A_ENTP2013_S06_SV51_100m_MAG_01--55,_whole_genome_shotgun_sequence_RF01689"
Bacteriovoracaceae,Bacteriovorax stolpii,RF01689,"CP025704.1/679256-679330_CP025704.1_Bacteriovorax_stolpii_strain_DSM_12778_chromosome,_complete_genome_RF01689"
Halobacteriovoraceae,Halobacteriovorax sp. DA5,RF01689,"PPDJ01000001.1/170712-170634_PPDJ01000001.1_Halobacteriovorax_sp._DA5_contig1,_whole_genome_shotgun_sequence_RF01689"
Oligoflexaceae,Oligoflexus sp.,RF01689,"JACMOC010000029.1/75043-74957_JACMOC010000029.1_MAG:_Oligoflexus_sp._isolate_LF-bin-20_FL-bin-20-contig-k141_639631,_whole_genome_shotgun_sequence_RF01689"
Fusobacteriaceae,Fusobacterium sp. CAG:815,RF01689,"FR901969.1/4150-4228_FR901969.1_Fusobacterium_sp._CAG:815_genomic_scaffold,_scf8,_whole_genome_shotgun_sequence_RF01689"
Acidobacteriaceae,Terriglobus albidus,RF01689,"CP042806.1/6318900-6318976_CP042806.1_Terriglobus_albidus_strain_ORNL_chromosome,_complete_genome_RF01689"
Armatimonadaceae,Armatimonas rosea,RF01689,"JACHGW010000003.1/560997-560908_JACHGW010000003.1_Armatimonas_rosea_strain_DSM_23562_Ga0415226_03,_whole_genome_shotgun_sequence_RF01689"
Acholeplasmataceae,Acholeplasma brassicae,RF01689,FO681348.1/1831287-1831213_complete_chromosome_Acholeplasma_brassicae._RF01689
Petrotogaceae,Tepiditoga spiralis,RF01689,"AP018712.1/1319005-1319075_AP018712.1_Tepiditoga_spiralis_sy52_DNA,_complete_genome_RF01689"
Nocardiaceae,Rhodococcus sp. ABRD24,RF01689,"CP035319.1/4628295-4628391_CP035319.1_Rhodococcus_sp._ABRD24_chromosome,_complete_genome_RF01689"
Corynebacteriaceae,Corynebacterium gerontici,RF01689,"CP033897.1/990409-990488_CP033897.1_Corynebacterium_gerontici_strain_W8_chromosome,_complete_genome_RF01689"
Nanopelagicaceae,Candidatus Planktophila vernalis,RF01689,"CP016776.1/596532-596467_CP016776.1_Candidatus_Planktophila_vernalis,_complete_genome_RF01689"
Ruaniaceae,Ruania alkalisoli,RF01689,"CP063169.1/2929688-2929615_CP063169.1_Ruania_alkalisoli_strain_RN3S43_chromosome,_complete_genome_RF01689"
Propionibacteriaceae,Naumannella cuiyingiana,RF01689,"JACBZS010000001.1/1347567-1347494_JACBZS010000001.1_Naumannella_cuiyingiana_strain_DSM_103164_Ga0374045_01,_whole_genome_shotgun_sequence_RF01689"
Eggerthellaceae,Gordonibacter sp. 28C,RF01689,"PPTR01000003.1/263954-263853_PPTR01000003.1_Gordonibacter_sp._28C_NODE_3,_whole_genome_shotgun_sequence_RF01689"
Trueperaceae,Truepera sp.,RF01689,"JAGXSJ010000137.1/52999-52918_JAGXSJ010000137.1_MAG:_Truepera_sp._isolate_CROMO_A_191_c_000000847754,_whole_genome_shotgun_sequence_RF01689"
Sporolactobacillaceae,Sporolactobacillus shoreae,RF01689,"SRJD01000002.1/168153-168224_SRJD01000002.1_Sporolactobacillus_shoreae_strain_BK92_NODE_2_length_311705_cov_121.183,_whole_genome_shotgun_sequence_RF01689"
Abditibacteriaceae,Abditibacterium utsteinense,RF01689,"NIGF01000007.1/154673-154571_NIGF01000007.1_Abditibacterium_utsteinense_strain_LMG_29911_Contig007,_whole_genome_shotgun_sequence_RF01689"
Tichowtungiaceae,Tichowtungia aerotolerans,RF01689,"CP047593.1/3817464-3817539_CP047593.1_Tichowtungia_aerotolerans_strain_S-5007_chromosome,_complete_genome_RF01689"
Aphanizomenonaceae,Nodularia spumigena UHCC 0039,RF01689,"CP020114.1/3895612-3895729_CP020114.1_Nodularia_spumigena_UHCC_0039_chromosome,_complete_genome_RF01689"
Calotrichaceae,Calothrix sp. C42_A2020_038,RF01689,"JACYLQ010000034.1/138777-138696_JACYLQ010000034.1_MAG:_Calothrix_sp._C42_A2020_038_NODE_178_length_237990_cov_82.550453,_whole_genome_shotgun_sequence_RF01689"
Fortieaceae,aff. Roholtiella sp. LEGE 12411,RF01689,"JADEXR010000014.1/18963-19053_JADEXR010000014.1_Aff._Roholtiella_sp._LEGE_12411_NODE_14_length_67782_cov_28.075885,_whole_genome_shotgun_sequence_RF01689"
Merismopediaceae,Merismopedia glauca CCAP 1448/3,RF01689,"PVWJ01000025.1/21481-21575_PVWJ01000025.1_Merismopedia_glauca_CCAP_1448/3_NODE_86_length_46929_cov_6.69568_ID_36115,_whole_genome_shotgun_sequence_RF01689"
Termititenacaceae,Termititenax aidoneus,RF01689,"BGZN01000023.1/2116-2195_BGZN01000023.1_Candidatus_Termititenax_aidoneus_NkOx7-01_DNA,_TG2_NkOx7-01_NODE_023,_whole_genome_shotgun_sequence_RF01689"
Coriobacteriaceae,Coriobacteriaceae bacterium CHKCI002,RF01689,"FCNB01000027.1/1740-1640_Coriobacteriaceae_bacterium_CHKCI002_isolate_CHKC2_genome_assembly,_contig:_{contig27}_RF01689"
Salisaetaceae,Longibacter salinarum,RF01689,"PDEQ01000005.1/375818-375896_PDEQ01000005.1_Longibacter_salinarum_strain_KCTC_52045_Longibacter_salinarum_contig_00005,_whole_genome_shotgun_sequence_RF01689"
Muribaculaceae,Muribaculaceae bacterium Isolate-037,RF01689,"RIAZ01000004.1/200630-200707_RIAZ01000004.1_Muribaculaceae_bacterium_Isolate-037_(Harlan)_NODE_4_length_217480_cov_76.8806,_whole_genome_shotgun_sequence_RF01689"
Flavobacteriaceae,Marixanthomonas spongiae,RF01689,"QEHR01000010.1/19872-19965_QEHR01000010.1_Marixanthomonas_spongiae_strain_HN-E44_contig10,_whole_genome_shotgun_sequence_RF01689"
Veillonellaceae,Pelosinus sp. UFO1,RF02683,"CP008852.1/4802730-4802811_Pelosinus_sp._UFO1,_complete_genome_RF02683"
Acidaminococcaceae,Phascolarctobacterium sp. YIT 12067,RF02683,"GL830857.1/26987-27081_Phascolarctobacterium_sp._YIT_12067_genomic_scaffold_Scfld36,_whole_genome_shotgun_sequence_RF02683"
Dethiosulfovibrionaceae,Pyramidobacter sp. CG50-2,RF02683,"RAWT01000014.1/7492-7408_Pyramidobacter_sp._CG50-2_NODE_14_length_47306_cov_185.461,_whole_genome_shotgun_sequence_RF02683"
Breznakiellaceae,Breznakiella homolactica,RF02683,"CP067089.2/281305-281401_Breznakiella_homolactica_strain_RmG30_chromosome,_complete_genome_RF02683"
Sphaerochaetaceae,Sphaerochaeta halotolerans,RF02683,"QUWK01000023.1/3510-3413_Sphaerochaeta_halotolerans_strain_4-11_NODE_23_length_21374_cov_73.6465,_whole_genome_shotgun_sequence_RF02683"
Atribacteraceae,Atribacter laminatus,RF02683,"CP065383.1/1386957-1387045_Atribacter_laminatus_strain_RT761_chromosome,_complete_genome_RF02683"
Nitrobacteraceae,Candidatus Afipia apatlaquensis,RF02683,"JAAMRR010000193.1/1544-1449_MAG:_Candidatus_Afipia_apatlaquensis_isolate_IBT-C3_k141_640614,_whole_genome_shotgun_sequence_RF02683"
Acutalibacteraceae,Caproiciproducens sp. NJN-50,RF02683,"CP035283.1/1844951-1844862_Caproiciproducens_sp._NJN-50_chromosome,_complete_genome_RF02683"
Butyricicoccaceae,Butyricicoccus porcorum,RF02683,"NHOC01000010.1/64784-64701_Butyricicoccus_porcorum_strain_BB10_BB10_c10,_whole_genome_shotgun_sequence_RF02683"
Desulfotomaculaceae,Pelotomaculum isophthalicicum JI,RF02683,"JAKOAV010000019.1/66246-66339_Pelotomaculum_isophthalicicum_JI_19,_whole_genome_shotgun_sequence_RF02683"
Anaerovoracaceae,Aminipila luticellarii,RF02683,"CP035281.1/2392250-2392354_Aminipila_luticellarii_strain_JN-18_chromosome,_complete_genome_RF02683"
Sporomusaceae,Methylomusa anaerophila,RF02683,"AP018449.1/3362842-3362752_Methylomusa_anaerophila_DNA,_complete_genome_RF02683"
Izemoplasmataceae,Xianfuyuplasma coldseepsis,RF02683,"CP048914.1/582152-582067_Candidatus_Xianfuyuplasma_coldseepsis_strain_zrk13_chromosome,_complete_genome_RF02683"
Ruminococcaceae,Ruminococcaceae bacterium D16,RF02683,"KI391948.1/902468-902545_Ruminococcaceae_bacterium_D16_genomic_scaffold_acsPy-supercont2.2,_whole_genome_shotgun_sequence_RF02683"
Oscillospiraceae,Ruminococcaceae bacterium FB2012,RF02683,"FMXS01000004.1/339308-339223_Ruminococcaceae_bacterium_FB2012_genome_assembly,_contig:_IE31DRAFT_scaffold00002.2,_whole_genome_shotgun_sequence_RF02683"
Lachnospiraceae,Lachnospiraceae bacterium KM106-2,RF02683,"AP018794.1/4256243-4256341_Lachnospiraceae_bacterium_KM106-2_DNA,_complete_genome_RF02683"
Sporomusaceae,Sporomusaceae bacterium,RF02683,"BIFV01000010.1/241649-241521_Sporomusaceae_bacterium_FL31_DNA,_scf_SPFL3102_010,_whole_genome_shotgun_sequence_RF02683"
Nitrosomonadaceae,Nitrosovibrio sp. Nv17,RF03057,"FPIQ01000009.1/62008-61953_Nitrosovibrio_sp._Nv17_genome_assembly,_contig:_Ga0111729_109_RF03057"
Sphingomonadaceae,Sphingomonas sp. OV641,RF03057,"FNZB01000001.1/269302-269357_FNZB01000001.1_Sphingomonas_sp._OV641_genome_assembly,_contig:_Ga0115508_101,_whole_genome_shotgun_sequence_RF03057"
Erythrobacteraceae,Altererythrobacter sp. Root672,RF03057,"LMHH01000004.1/15149-15092_Altererythrobacter_sp._Root672_contig_4,_whole_genome_shotgun_sequence._RF03057"
Bradyrhizobiaceae,Nitrobacter winogradskyi Nb-255,RF03057,"CP000115.1/3087889-3087835_Nitrobacter_winogradskyi_Nb-255,_complete_genome._RF03057"
Methylobacteriaceae,Methylobacterium extorquens AM1,RF03057,"CP001511.1/1063781-1063836_Methylobacterium_extorquens_AM1_megaplasmid,_complete_sequence._RF03057"
Xanthobacteraceae,Xanthobacter tagetidis,RF03057,"RCTF01000001.1/82251-82310_RCTF01000001.1_Xanthobacter_tagetidis_strain_ATCC_700314_NODE_1_length_613008_cov_494.127371,_whole_genome_shotgun_sequence_RF03057"
Bartonellaceae,Bartonella apis,RF03057,"LXYT01000002.1/306836-306889_Bartonella_apis_strain_PEB0149_NODE_2_len_568743_cov_90_4119_ID_3.7,_whole_genome_shotgun_sequence._RF03057"
Beijerinckiaceae,Chelatococcus asaccharovorans,RF03057,"QJJK01000007.1/265568-265514_QJJK01000007.1_Chelatococcus_asaccharovorans_strain_DSM_6462_Ga0215681_107,_whole_genome_shotgun_sequence_RF03057"
Chelatococcaceae,Chelatococcus reniformis,RF03057,"BMGG01000003.1/31143-31087_BMGG01000003.1_Chelatococcus_reniformis_CGMCC_1.12919_DNA,_sequence03,_whole_genome_shotgun_sequence_RF03057"
Caulobacteraceae,Caulobacter crescentus CB15,RF03057,"AE005673.1/471475-471527_Caulobacter_crescentus_CB15,_complete_genome._RF03057"
Kofleriaceae,Kofleriaceae bacterium,RF03057,"JABFXX010000375.1/12368-12322_JABFXX010000375.1_MAG:_Kofleriaceae_bacterium_isolate_Bin8.14_NODE_783_length_22827_cov_5.859235,_whole_genome_shotgun_sequence_RF03057"
Nannocystaceae,Nannocystaceae bacterium,RF03057,"JACMJN010000065.1/3357-3309_JACMJN010000065.1_MAG:_Nannocystaceae_bacterium_isolate_ES-bin-168_ES-bin-168-contig-k141_514259,_whole_genome_shotgun_sequence_RF03057"
Polyangiaceae,Polyangiaceae bacterium,RF03057,"JABFXY010000157.1/34795-34852_JABFXY010000157.1_MAG:_Polyangiaceae_bacterium_isolate_Bin8.16_NODE_315_length_37515_cov_4.422571,_whole_genome_shotgun_sequence_RF03057"
Syntrophaceae,Syntrophaceae bacterium,RF03057,"JAGXSW010000191.1/11511-11574_JAGXSW010000191.1_MAG:_Syntrophaceae_bacterium_isolate_CROMO_BS_212_2_0_c_000000712752,_whole_genome_shotgun_sequence_RF03057"
Opitutaceae,Opitutus terrae PB90-1,RF03057,"CP001032.1/2735255-2735205_Opitutus_terrae_PB90-1,_complete_genome._RF03057"
Alcaligenaceae,Alcaligenaceae bacterium 429,RF03057,"SRSN01000214.1/1208-1266_SRSN01000214.1_Alcaligenaceae_bacterium_429_NODE_215_length_5147_cov_11.842,_whole_genome_shotgun_sequence_RF03057"
Acetobacteraceae,Acetobacteraceae bacterium AT-5844,RF03057,"JH599913.1/2300-2245_Acetobacteraceae_bacterium_AT-5844_genomic_scaffold_Scfld5,_whole_genome_shotgun_sequence._RF03057"
Sandaracinaceae,Sandaracinus amylolyticus,RF03057,"CP011125.1/6712784-6712733_Sandaracinus_amylolyticus_strain_DSM_53668,_complete_genome._RF03057"
Myxococcaceae,Anaeromyxobacter sp. Fw109-5,RF03057,"CP000769.1/4453465-4453520_Anaeromyxobacter_sp._Fw109-5,_complete_genome._RF03057"
Thermoguttaceae,Thermogutta terrifontis,RF03057,"CP018477.1/402541-402491_CP018477.1_Thermogutta_terrifontis_strain_R1_chromosome,_complete_genome_RF03057"
Pontiellaceae,Pontiella desulfatans,RF03057,"CAAHFG010000001.1/1085877-1085935_CAAHFG010000001.1_Pontiella_desulfatans_strain_F1(T)_genome_assembly,_contig:_gnl|X|PDESU_1,_whole_genome_shotgun_sequence_RF03057"
Listeriaceae,Brochothrix thermosphacta,RF01482,"CP023483.1/1602331-1602478_CP023483.1_Brochothrix_thermosphacta_strain_BI_chromosome,_complete_genome_RF01482"
Deferribacteraceae,Denitrovibrio acetiphilus DSM 12809,RF01482,"CP001968.1/1711105-1710961_Denitrovibrio_acetiphilus_DSM_12809,_complete_genome._RF01482"
Roseiarcaceae,Roseiarcus fermentans,RF01482,"QNRK01000052.1/26510-26597_QNRK01000052.1_Roseiarcus_fermentans_strain_DSM_24875_Ga0244512_152,_whole_genome_shotgun_sequence_RF01482"
Erysipelotrichaceae,Clostridium spiroforme DSM 1552,RF01482,"DS562854.1/422439-422561_Clostridium_spiroforme_DSM_1552_Scfld_02_11_genomic_scaffold,_whole_genome_shotgun_sequence._RF01482"
Leptospiraceae,Turneriella parva DSM 21527,RF01482,"CP002959.1/3383132-3383283_Turneriella_parva_DSM_21527,_complete_genome._RF01482"
Pseudonocardiaceae,Prauserella shujinwangii,RF01482,"PVNH01000004.1/50500-50591_PVNH01000004.1_Prauserella_shujinwangii_strain_CGMCC_4.7125_Ga0171606_104,_whole_genome_shotgun_sequence_RF01482"
Nocardiopsaceae,Nocardiopsis sp. L17-MgMaSL7,RF01482,"QGTF01000007.1/68241-68388_QGTF01000007.1_Nocardiopsis_sp._L17-MgMaSL7_Ga0060225_107,_whole_genome_shotgun_sequence_RF01482"
Thermomonosporaceae,Actinomadura barringtoniae,RF01482,"JAGEOJ010000004.1/229727-229871_JAGEOJ010000004.1_Actinomadura_barringtoniae_strain_GKU_128_4,_whole_genome_shotgun_sequence_RF01482"
Dermacoccaceae,Flexivirga aerilata,RF01482,"JABENB010000002.1/519438-519347_JABENB010000002.1_Flexivirga_aerilata_strain_ID2601S_contig2,_whole_genome_shotgun_sequence_RF01482"
Ornithinimicrobiaceae,Ornithinimicrobium tianjinense,RF01482,"BMEM01000003.1/8280-8376_BMEM01000003.1_Ornithinimicrobium_tianjinense_CGMCC_1.12160_DNA,_sequence03,_whole_genome_shotgun_sequence_RF01482"
Actinospicaceae,Actinospica acidithermotolerans,RF01482,"JAGSOH010000004.1/104232-104107_JAGSOH010000004.1_Actinospica_acidithermotolerans_strain_MGRD01-02_NODE_4_length_162317_cov_42.2972,_whole_genome_shotgun_sequence_RF01482"
Cryptosporangiaceae,Cryptosporangium phraense,RF01482,"VIRS01000015.1/78540-78447_VIRS01000015.1_Cryptosporangium_phraense_strain_A-T_5661_15,_whole_genome_shotgun_sequence_RF01482"
Frankiaceae,Candidatus Frankia alpina,RF01482,"SSXH01000056.1/2875-2734_SSXH01000056.1_Candidatus_Frankia_alpina_strain_AvVan_1473100056,_whole_genome_shotgun_sequence_RF01482"
Sporichthyaceae,Epidermidibacterium keratini,RF01482,"CP047156.1/1162402-1162318_CP047156.1_Epidermidibacterium_keratini_strain_EPI-7_chromosome,_complete_genome_RF01482"
Planococcaceae,Kurthia sp. 3B1D,RF01482,"JTFC01000031.1/785762-785636_JTFC01000031.1_Kurthia_sp._3B1D_Contig31,_whole_genome_shotgun_sequence_RF01482"
Dermatophilaceae,Austwickia chelonae NBRC 105200,RF01482,"BAGZ01000008.1/159564-159645_Austwickia_chelonae_NBRC_105200_DNA,_contig:_AUCHE08._RF01482"
Intrasporangiaceae,Tetrasphaera elongata Lp2,RF01482,"HF570956.1/2984775-2984873_Tetrasphaera_elongata_Lp2_genomic_scaffold,_2093_scaffold1_RF01482"
Gordoniaceae,Gordonia soli NBRC 108243,RF01482,"BANX01000028.1/57017-56921_Gordonia_soli_NBRC_108243_DNA,_contig:_GS428._RF01482"
Phototrophicaceae,Phototrophicus methaneseepsis,RF01482,"CP062983.1/2063643-2063796_CP062983.1_Phototrophicus_methaneseepsis_strain_ZRK33_chromosome,_complete_genome_RF01482"
Mycobacteriaceae,Mycobacterium llatzerense,RF01482,"JXST01000052.1/34092-34236_Mycobacterium_llatzerense_strain_CLUC14_Mllat_contig000052,_whole_genome_shotgun_sequence._RF01482"
Oxalobacteraceae,Oxalobacteraceae bacterium CAVE-383,RF01482,"REGP01000003.1/313024-312898_REGP01000003.1_Oxalobacteraceae_bacterium_CAVE-383_NODE_3_length_519465_cov_176.454776,_whole_genome_shotgun_sequence_RF01482"
Pseudonocardiaceae,Pseudonocardiaceae bacterium YIM PH 21723,RF01482,"QZFT01000014.1/58298-58453_QZFT01000014.1_Pseudonocardiaceae_bacterium_YIM_PH_21723_NODE_11,_whole_genome_shotgun_sequence_RF01482"
Peptostreptococcaceae,Peptostreptococcaceae bacterium pGA-8,RF01482,"FONK01000011.1/61788-61644_FONK01000011.1_Peptostreptococcaceae_bacterium_pGA-8_genome_assembly,_contig:_IE49DRAFT_scaffold00011.11,_whole_genome_shotgun_sequence_RF01482"
Alicyclobacillaceae,Alicyclobacillus acidocaldarius subsp. acidocaldarius DSM 446,RF01786,"CP001727.1/379758-379674_Alicyclobacillus_acidocaldarius_subsp._acidocaldarius_DSM_446,_complete_genome_RF01786"
Halanaerobiaceae,Halarsenatibacter silvermanii,RF01786,"FNGO01000013.1/1424-1511_Halarsenatibacter_silvermanii_strain_SLAS-1_genome_assembly,_contig:_Ga0073296_113,_whole_genome_shotgun_sequence_RF01786"
Thermotaleaceae,Anaerosolibacter carboniphilus,RF01786,"JACHEN010000002.1/7049-6965_Anaerosolibacter_carboniphilus_strain_DSM_103526_Ga0415316_02,_whole_genome_shotgun_sequence_RF01786"
Tissierellaceae,Paratissierella segnis,RF01786,"JACRTG010000008.1/33565-33648_Paratissierella_segnis_strain_BX21_BX-21_ctg0008,_whole_genome_shotgun_sequence_RF01786"
Paenibacillaceae,Paenibacillaceae bacterium,RF01786,"REGQ01000018.1/108347-108427_Paenibacillaceae_bacterium_strain_CAVE-418_NODE_21_length_118050_cov_178.886610,_whole_genome_shotgun_sequence_RF01786"
Thermoanaerobacteraceae,Thermoanaerobacteraceae bacterium SP2,RF01786,"QSNL01000006.1/83647-83563_Thermoanaerobacteraceae_bacterium_SP2_NODE_6_length_138978_cov_111.965,_whole_genome_shotgun_sequence_RF01786"
Oscillochloridaceae,Candidatus Chloroploca asiatica,RF01786,"LYXE01000157.1/1157-1241_Candidatus_Chloroploca_asiatica_strain_B7-9_NODE_5_length_166125_cov_81.7771_ID_198475,_whole_genome_shotgun_sequence_RF01786"
Thermotogaceae,Thermotoga lettingae TMO,RF01055,"CP000812.1/1514739-1514859_Thermotoga_lettingae_TMO,_complete_genome._RF01055"
Desulfobacteraceae,Desulfobotulus alkaliphilus,RF01055,"VLLC01000019.1/28568-28447_VLLC01000019.1_Desulfobotulus_alkaliphilus_strain_ASO4-4_LZ24DRAFT_scaffold00019.19,_whole_genome_shotgun_sequence_RF01055"
Desulfurellaceae,Hippea maritima DSM 10411,RF01055,"CP002606.1/586278-586399_Hippea_maritima_DSM_10411,_complete_genome._RF01055"
Kordiimonadaceae,Kordiimonas sediminis,RF01055,"BNCI01000002.1/15928-15766_BNCI01000002.1_Kordiimonas_sediminis_KCTC_42590_DNA,_sequence02,_whole_genome_shotgun_sequence_RF01055"
Emcibacteraceae,Paremcibacter congregatus,RF01055,"PDEM01000024.1/289029-289181_PDEM01000024.1_Paremcibacter_congregatus_strain_ZYL_551,_whole_genome_shotgun_sequence_RF01055"
Hyphomonadaceae,Hyphomonas sp. CY54-11-8,RF01055,"AWFD01000033.1/234592-234461_AWFD01000033.1_Hyphomonas_sp._CY54-11-8_contig4,_whole_genome_shotgun_sequence_RF01055"
Pseudobacteriovoracaceae,Pseudobacteriovorax antillogorgiicola,RF01055,"FWZT01000016.1/109832-109974_Pseudobacteriovorax_antillogorgiicola_strain_RKEM611_genome_assembly,_contig:_Ga0139084_116_RF01055"
Natranaerobiaceae,Natranaerobius trueperi,RF01055,"NIQC01000015.1/25626-25747_Natranaerobius_trueperi_strain_DSM_18760_ZB100014,_whole_genome_shotgun_sequence._RF01055"
Treponemataceae,Treponema sp. J25,RF01055,"PTQW01000037.1/69171-69347_PTQW01000037.1_Treponema_sp._J25_NG-7853_contig_37,_whole_genome_shotgun_sequence_RF01055"
Aminithiophilaceae,Aminithiophilus ramosus,RF01055,"CP072943.1/2526851-2526733_CP072943.1_Aminithiophilus_ramosus_strain_J.5.4.2-T.3.5.2_chromosome,_complete_genome_RF01055"
Caldisericaceae,Caldisericum exile AZM16c01,RF01055,"AP012051.1/122012-121891_Caldisericum_exile_AZM16c01_DNA,_complete_genome._RF01055"
Calditrichaceae,Caldithrix abyssi DSM 13497,RF01055,"CM001402.1/4059468-4059594_Caldithrix_abyssi_DSM_13497_chromosome,_whole_genome_shotgun_sequence._RF01055"
Chlorobiaceae,Chloroherpeton thalassium ATCC 35110,RF01055,"CP001100.1/1048588-1048428_Chloroherpeton_thalassium_ATCC_35110,_complete_genome._RF01055"
Kosmotogaceae,Mesotoga sp. TolDC,RF01055,"AYSI01000150.1/35547-35428_AYSI01000150.1_Mesotoga_sp._TolDC_TolDC_c27,_whole_genome_shotgun_sequence_RF01055"
Desulfallaceae,Desulfallas thermosapovorans DSM 6562,RF01055,"VNHM01000013.1/18894-19013_VNHM01000013.1_Desulfallas_thermosapovorans_DSM_6562_Ga0056077_scaffold00013.13,_whole_genome_shotgun_sequence_RF01055"
Proteinivoraceae,Alkalicella caledoniensis,RF01055,"CP058559.1/2807687-2807574_CP058559.1_Alkalicella_caledoniensis_strain_LB2_chromosome,_complete_genome_RF01055"
Cellulosilyticaceae,Holtiella tumoricola,RF01055,"JAQIFT010000040.1/262520-262381_JAQIFT010000040.1_Holtiella_tumoricola_strain_CC70A_CC70.00040,_whole_genome_shotgun_sequence_RF01055"
Calderihabitantaceae,Calderihabitans maritimus,RF01055,"BDGJ01000042.1/104425-104560_BDGJ01000042.1_Calderihabitans_maritimus_DNA,_contig:_KKC1contig042,_whole_genome_shotgun_sequence_RF01055"
Koleobacteraceae,Koleobacter methoxysyntrophicus,RF01055,"CP059066.1/1790715-1790835_CP059066.1_Koleobacter_methoxysyntrophicus_strain_NRmbB1_chromosome,_complete_genome_RF01055"
Selenomonadaceae,Selenomonas sp. F0473,RF01055,"JH992902.1/1302638-1302493_JH992902.1_Selenomonas_sp._F0473_genomic_scaffold_supercont1.1,_whole_genome_shotgun_sequence_RF01055"
Tepidimicrobiaceae,Tepidimicrobium xylanilyticum,RF01055,"FNNG01000009.1/114335-114452_FNNG01000009.1_Tepidimicrobium_xylanilyticum_strain_DSM_23310_genome_assembly,_contig:_Ga0056071_scaffold00009.9,_whole_genome_shotgun_sequence_RF01055"
Sporanaerobacteraceae,Anaerosalibacter massiliensis,RF01055,"JANJZL010000003.1/154640-154759_JANJZL010000003.1_Anaerosalibacter_massiliensis_strain_DSM_29482_NODE_3_length_379895_cov_127.600769,_whole_genome_shotgun_sequence_RF01055"
Thermohalobacteraceae,Caloranaerobacter sp. TR13,RF01055,"JXLL01000013.1/6479-6596_JXLL01000013.1_Caloranaerobacter_sp._TR13_contig13,_whole_genome_shotgun_sequence_RF01055"
Dethiobacteraceae,Dethiobacter sp.,RF01055,"JAGXTL010000054.1/1148-1015_JAGXTL010000054.1_MAG:_Dethiobacter_sp._isolate_CROMO_SB3_c_000000008370,_whole_genome_shotgun_sequence_RF01055"
Limnochordaceae,Limnochorda pilosa,RF01055,"AP014924.1/401148-401338_Limnochorda_pilosa_DNA,_complete_genome,_strain:_HC45._RF01055"
Caldilineaceae,Litorilinea aerophila,RF01055,"VIGC02000002.1/256000-255879_VIGC02000002.1_Litorilinea_aerophila_strain_ATCC_BAA-2444_NODE_2_length_315190_cov_45.834068,_whole_genome_shotgun_sequence_RF01055"
Cloacimonadaceae,Candidatus Syntrophosphaera thermopropionivorans,RF01055,"SMOG01000001.1/220859-220741_SMOG01000001.1_Candidatus_Syntrophosphaera_thermopropionivorans_strain_W5_contig_1,_whole_genome_shotgun_sequence_RF01055"
Geobacteraceae,Geobacteraceae bacterium,RF01055,"JACABD010000058.1/126-246_JACABD010000058.1_MAG:_Geobacteraceae_bacterium_isolate_Cfx3-08_MAG08_58,_whole_genome_shotgun_sequence_RF01055"
Zymogenaceae,Candidatus Zymogenus saltonus,RF01055,"JAFGIX010000003.1/85556-85413_JAFGIX010000003.1_MAG:_Candidatus_Zymogenus_saltonus_isolate_Zod_Metabat.24_k87_772985,_whole_genome_shotgun_sequence_RF01055"
Cryosericaceae,Candidatus Cryosericum terrychapinii,RF01055,"QXIS01000032.1/47705-47588_QXIS01000032.1_Candidatus_Cryosericum_terrychapinii_strain_SMC7_SMC7_32,_whole_genome_shotgun_sequence_RF01055"
Peptococcaceae,Peptococcaceae bacterium SCADC1_2_3,RF01055,"JJNX02000054.1/14929-15048_Peptococcaceae_bacterium_SCADC1_2_3_contig_54,_whole_genome_shotgun_sequence._RF01055"
Prolixibacteraceae,Mangrovibacterium diazotrophicum,RF01055,"RAPN01000001.1/1848698-1848837_RAPN01000001.1_Mangrovibacterium_diazotrophicum_strain_DSM_27148_Ga0131256_101,_whole_genome_shotgun_sequence_RF01055"
Marinifilaceae,Ancylomarina longa,RF01055,"RJJX01000005.1/46324-46469_RJJX01000005.1_Ancylomarina_longa_strain_T3-2_S1-C_scaffold_4,_whole_genome_shotgun_sequence_RF01055"
Marinilabiliaceae,Carboxylicivirga sediminis,RF01055,"JAGTAR010000008.1/106753-106614_JAGTAR010000008.1_Carboxylicivirga_sediminis_strain_JR1_scaffold_8_length=159684,_whole_genome_shotgun_sequence_RF01055"
Ignavibacteriaceae,Ignavibacterium album JCM 16511,RF01055,"CP003418.1/3208723-3208457_Ignavibacterium_album_JCM_16511,_complete_genome._RF01055"
Opitutaceae,Opitutaceae bacterium EW11,RF01055,"QAYY01000009.1/118013-118134_QAYY01000009.1_Opitutaceae_bacterium_EW11_EW11_contig_10_coverage:,_whole_genome_shotgun_sequence_RF01055"
Rhodobacteraceae,Rhodobacteraceae bacterium EhC02,RF01727,"LXYH01000007.1/32272-32224_Rhodobacteraceae_bacterium_EhC02_A5_Contig15,_whole_genome_shotgun_sequence_RF01727"
Paracoccaceae,Rhodobacteraceae bacterium PARR1,RF01727,"NKIT01000052.1/7637-7590_MAG:_Rhodobacteraceae_bacterium_PARR1_NODE_1436,_whole_genome_shotgun_sequence_RF01727"
Thermoactinomycetaceae,Thermoflavimicrobium dichotomicum,RF01764,"FORR01000001.1/22034-21921_Thermoflavimicrobium_dichotomicum_strain_DSM_44778_genome_assembly,_contig:_Ga0104487_101,_whole_genome_shotgun_sequence_RF01764"
Leptotrichiaceae,Leptotrichia sp. oral taxon 215 str. W9775,RF01764,"KI272839.1/14863-14980_Leptotrichia_sp._oral_taxon_215_str._W9775_genomic_scaffold_Scaffold2,_whole_genome_shotgun_sequence_RF01764"
Desulfovibrionaceae,Desulfovibrio mexicanus,RF01764,"FZOC01000001.1/129092-128989_Desulfovibrio_mexicanus_strain_DSM_13116_genome_assembly,_contig:_Ga0070557_101,_whole_genome_shotgun_sequence_RF01764"
Yeguiaceae,Yeguia hominis,RF01764,"JACRSN010000001.1/287453-287356_Yeguia_hominis_strain_NSJ-40_M1_ctg001,_whole_genome_shotgun_sequence_RF01764"
Christensenellaceae,Gehongia tenuis,RF01764,"JACRSR010000001.1/240691-240791_Gehongia_tenuis_strain_NSJ-53_H2_ctg001,_whole_genome_shotgun_sequence_RF01764"
Coprobacillaceae,Longibaculum muris,RF01764,"SMCQ01000010.1/36811-36928_Longibaculum_muris_strain_DSM_29487_Ga0244711_110,_whole_genome_shotgun_sequence_RF01764"
Leuconostocaceae,Leuconostoc carnosum JB16,RF01764,"CP003851.1/856542-856444_Leuconostoc_carnosum_JB16,_complete_genome_RF01764"
Atopobiaceae,Olsenella sp. HMSC062G07,RF01764,"KV806926.1/18544-18445_Olsenella_sp._HMSC062G07_genomic_scaffold_Scaffold3,_whole_genome_shotgun_sequence_RF01764"
Actinomycetaceae,Actinomyces graevenitzii C83,RF01764,"JH470339.1/162940-162841_Actinomyces_graevenitzii_C83_genomic_scaffold_supercont1.2,_whole_genome_shotgun_sequence_RF01764"
Eubacteriaceae,Eubacteriaceae bacterium Marseille-Q4139,RF01764,"JAGTTQ010000001.1/2746824-2746947_Eubacteriaceae_bacterium_Marseille-Q4139_NODE_1_length_3951564_cov_61.899024,_whole_genome_shotgun_sequence_RF01764"
Erysipelotrichaceae,Erysipelotrichaceae bacterium RD49,RF01764,"JADGIS010000008.1/12867-12752_Erysipelotrichaceae_bacterium_RD49_NODE_8_length_33663_cov_73.265148,_whole_genome_shotgun_sequence_RF01764"
Eggerthellaceae,Eggerthellaceae bacterium zg-893,RF01764,"WPCT01000010.1/80599-80497_Eggerthellaceae_bacterium_zg-893_Scaffold9_2,_whole_genome_shotgun_sequence_RF01764"
Sphingosinicellaceae,Sphingosinicella humi,RF01725,"QFFF01000001.1/201923-202032_QFFF01000001.1_Sphingosinicella_humi_strain_QZX222_contig1,_whole_genome_shotgun_sequence_RF01725"
Azospirillaceae,Azospirillum sp. RU38E,RF01725,"FZOI01000011.1/62063-61953_FZOI01000011.1_Azospirillum_sp._RU38E_genome_assembly,_contig:_Ga0136730_111,_whole_genome_shotgun_sequence_RF01725"
Magnetovibrionaceae,Varunaivibrio sulfuroxidans,RF01725,"SLZW01000007.1/25988-26096_SLZW01000007.1_Varunaivibrio_sulfuroxidans_strain_DSM_101688_Ga0244726_107,_whole_genome_shotgun_sequence_RF01725"
Thalassobaculaceae,Nisaea acidiphila,RF01725,"CP102480.1/3916102-3916208_CP102480.1_Nisaea_acidiphila_strain_MEBiC11861_chromosome,_complete_genome_RF01725"
Zavarziniaceae,Zavarzinia compransoris,RF01725,"QGLF01000002.1/630152-630258_QGLF01000002.1_Zavarzinia_compransoris_strain_DSM_1231_DSM1231_2,_whole_genome_shotgun_sequence_RF01725"
Cohaesibacteraceae,Cohaesibacter sp. CAU 1516,RF01725,"VANT01000004.1/261492-261603_VANT01000004.1_Cohaesibacter_sp._CAU_1516_contig4,_whole_genome_shotgun_sequence_RF01725"
Brucellaceae,Falsochrobactrum shanghaiense,RF01725,"QGDB01000002.1/575771-575665_QGDB01000002.1_Falsochrobactrum_shanghaiense_strain_HN4_HM4_scaffold2,_whole_genome_shotgun_sequence_RF01725"
Aestuariivirgaceae,Aestuariivirga litoralis,RF01725,"QKVK01000008.1/139256-139154_QKVK01000008.1_Aestuariivirga_litoralis_strain_KCTC_52945_M10001_Contig8,_whole_genome_shotgun_sequence_RF01725"
Kaistiaceae,Kaistia sp. 32K,RF01725,"AP024269.1/1866577-1866685_AP024269.1_Kaistia_sp._32K_DNA,_complete_genome_RF01725"
Methylocystaceae,Methylopila turkensis,RF01725,"BSFL01000001.1/1060370-1060258_BSFL01000001.1_Methylopila_turkensis_VKM_B-2748_DNA,_soapdenovo_K_61_1,_whole_genome_shotgun_sequence_RF01725"
Pleomorphomonadaceae,Pleomorphomonas diazotrophica,RF01725,"PJNW01000016.1/258513-258407_PJNW01000016.1_Pleomorphomonas_diazotrophica_strain_R5-392_diazotrophica_contig_16,_whole_genome_shotgun_sequence_RF01725"
Sutterellaceae,Sutterella parvirubra YIT 11816,RF01725,"JH605000.1/27306-27188_Sutterella_parvirubra_YIT_11816_genomic_scaffold_Scfld708,_whole_genome_shotgun_sequence._RF01725"
Gallionellaceae,Candidatus Nitrotoga sp. AM1P,RF01725,"AP019547.1/2422056-2421951_AP019547.1_Candidatus_Nitrotoga_sp._AM1P_DNA,_complete_genome_RF01725"
Mariprofundaceae,Mariprofundus ferrinatatus,RF01725,"CP018800.1/859940-860044_CP018800.1_Mariprofundus_ferrinatatus,_complete_genome_RF01725"
Sphingobacteriaceae,Sphingobacterium spiritivorum ATCC 33861,RF01725,"GL379770.1/1032615-1032522_Sphingobacterium_spiritivorum_ATCC_33861_genomic_scaffold_SCAFFOLD1,_whole_genome_shotgun_sequence._RF01725"
Flammeovirgaceae,Sediminitomix flava,RF01725,"QGDO01000005.1/225293-225201_QGDO01000005.1_Sediminitomix_flava_strain_DSM_28229_Ga0131173_105,_whole_genome_shotgun_sequence_RF01725"
Cytophagaceae,Persicitalea jodogahamensis,RF01725,"BMXF01000002.1/385254-385353_BMXF01000002.1_Persicitalea_jodogahamensis_KCTC_12866_DNA,_sequence02,_whole_genome_shotgun_sequence_RF01725"
Prevotellaceae,Prevotella bryantii B14,RF01725,"ADWO01000014.1/44729-44623_Prevotella_bryantii_B14_contig_086,_whole_genome_shotgun_sequence._RF01725"
Marinilabiaceae,Marinilabilia salmonicolor,RF01725,"QPIZ01000007.1/77708-77806_QPIZ01000007.1_Marinilabilia_salmonicolor_strain_160A_Ga0227233_107,_whole_genome_shotgun_sequence_RF01725"
Porphyromonadaceae,Porphyromonas asaccharolytica DSM 20707,RF01725,"CP002689.1/1767219-1767115_Porphyromonas_asaccharolytica_DSM_20707,_complete_genome._RF01725"
Caulobacteraceae,Caulobacteraceae bacterium OTSz_A_272,RF01725,"CP013244.1/1760161-1760264_Caulobacteraceae_bacterium_OTSz_A_272,_complete_genome._RF01725"
Cystobacteraceae,Cystobacter ferrugineus,RF01725,"MPIN01000013.1/66936-67057_MPIN01000013.1_Cystobacter_ferrugineus_strain_Cbfe23_Contig_111,_whole_genome_shotgun_sequence_RF01725"
Pirellulaceae,Neorhodopirellula pilleata,RF01725,"SJPM01000004.1/105045-104936_SJPM01000004.1_Neorhodopirellula_pilleata_strain_Pla100_Pla100_contig00004,_whole_genome_shotgun_sequence_RF01725"
Verrucomicrobiaceae,Sulfuriroseicoccus oceanibius,RF01725,"CP066776.1/1864641-1864522_CP066776.1_Sulfuriroseicoccus_oceanibius_strain_T37_chromosome,_complete_genome_RF01725"
Microthrixaceae,Candidatus Microthrix parvicella RN1,RF01725,"HG422565.1/1411212-1411328_Candidatus_Microthrix_parvicella_RN1_genomic_scaffold,_2605_RF01725"
Tepidiformaceae,Tepidiforma thermophila,RF01725,"PDJQ01000001.1/1326633-1326740_PDJQ01000001.1_Tepidiforma_thermophila_strain_G233_Ga0070143_11,_whole_genome_shotgun_sequence_RF01725"
Desulfobacteraceae,Desulfobacteraceae bacterium,RF01725,"JAOTXI010000476.1/1135-1252_JAOTXI010000476.1_MAG:_Desulfobacteraceae_bacterium_isolate_13_Oct_SF_Bin32_13_Oct_SF_Bin32_scaffold_28707_c1,_whole_genome_shotgun_sequence_RF01725"
Weeksellaceae,Elizabethkingia argenteiflava,RF01725,"JAAABJ010000148.1/19222-19127_JAAABJ010000148.1_Elizabethkingia_argenteiflava_strain_YB22_k127_240,_whole_genome_shotgun_sequence_RF01725"
Vicingaceae,Vicingus serpentipes,RF01725,"VOOS01000002.1/534772-534867_VOOS01000002.1_Vicingus_serpentipes_strain_NCIMB_15042_2,_whole_genome_shotgun_sequence_RF01725"
Balneicellaceae,Balneicella halophila,RF01725,"QENZ01000004.1/509-412_QENZ01000004.1_Balneicella_halophila_strain_DSM_28579_Ga0215712_102,_whole_genome_shotgun_sequence_RF01725"
Tannerellaceae,Parabacteroides sp. PM6-13,RF01725,"JARXWF010000010.1/122736-122834_JARXWF010000010.1_Parabacteroides_sp._PM6-13_Ga0505164_10,_whole_genome_shotgun_sequence_RF01725"
Spirosomataceae,Emticicia aquatilis,RF01725,"BMKK01000017.1/27849-27954_BMKK01000017.1_Emticicia_aquatilis_CGMCC_1.15958_DNA,_sequence17,_whole_genome_shotgun_sequence_RF01725"
Chitinophagaceae,Chitinophagaceae bacterium BSSC1,RF01725,"NKJC01000001.1/1349876-1349781_NKJC01000001.1_MAG:_Chitinophagaceae_bacterium_BSSC1_NODE_2,_whole_genome_shotgun_sequence_RF01725"
Saprospiraceae,Membranihabitans marinus,RF01725,"JAHVHU010000018.1/87167-87070_JAHVHU010000018.1_Membranihabitans_marinus_strain_DP5N28-2_DP5N28-2_ctg018,_whole_genome_shotgun_sequence_RF01725"
Bacteroidaceae,Bacteroides sp. CAG:530,RF01725,"FR881205.1/9956-10060_Bacteroides_sp._CAG:530_genomic_scaffold,_scf154_RF01725"
Bernardetiaceae,Bernardetia litoralis DSM 6794,RF01725,"CP003345.1/3102034-3101901_Bernardetia_litoralis_DSM_6794_chromosome,_complete_genome._RF01725"
Flavobacteriaceae,Flavobacteriaceae bacterium,RF01725,"CP031964.1/3119648-3119548_CP031964.1_Flavobacteriaceae_bacterium_strain_AU392_chromosome,_complete_genome_RF01725"
Muribaculaceae,Muribaculaceae bacterium Isolate-104,RF01725,"RIBJ01000035.1/107113-107000_RIBJ01000035.1_Muribaculaceae_bacterium_Isolate-104_(HZI)_NODE_6_length_113749_cov_101.54,_whole_genome_shotgun_sequence_RF01725"
Sphingobacteriaceae,Sphingobacteriaceae bacterium WQ 2009,RF01725,"JAGKSB010000013.1/85001-85094_JAGKSB010000013.1_Sphingobacteriaceae_bacterium_WQ_2009_Scaffold13_1,_whole_genome_shotgun_sequence_RF01725"
Cytophagaceae,Cytophagaceae bacterium BCCC1,RF01725,"NKJF01000010.1/74068-73964_NKJF01000010.1_MAG:_Cytophagaceae_bacterium_BCCC1_NODE_280,_whole_genome_shotgun_sequence_RF01725"
Devosiaceae,Devosia sp. I507,RF03058,"CP026747.1/1408901-1408849_Devosia_sp._I507_chromosome,_complete_genome_RF03058"
Lichenibacteriaceae,Lichenibacterium ramalinae,RF03058,"QYBC01000023.1/31165-31220_Lichenibacterium_ramalinae_strain_RmlP001_NODE_37_length_96254_cov_9.32446,_whole_genome_shotgun_sequence_RF03058"
Boseaceae,Bosea caraganae,RF03058,"QQTP01000022.1/64707-64652_Bosea_caraganae_strain_RCAM_04685_NODE_22_length_88782_cov_42.327043,_whole_genome_shotgun_sequence_RF03058"
Breoghaniaceae,Breoghania sp. L-A4,RF03058,"CP031841.1/492596-492540_Breoghania_sp._L-A4_chromosome,_complete_genome_RF03058"
Lichenihabitantaceae,Lichenifustis flavocetrariae,RF03058,"JAMOIM010000010.1/148182-148127_Lichenifustis_flavocetrariae_strain_BP6-180914_NODE_10_length_215362_cov_42.171345,_whole_genome_shotgun_sequence_RF03058"
Parvibaculaceae,Kaustia mangrovi,RF03058,"CP058214.1/4505371-4505426_Kaustia_mangrovi_strain_R1DC25_chromosome,_complete_genome_RF03058"
Salinarimonadaceae,Salinarimonas soli,RF03058,"VUOA01000054.1/34868-34813_Salinarimonas_soli_strain_BN140002_contig_54,_whole_genome_shotgun_sequence_RF03058"
Kiloniellaceae,Kiloniellaceae bacterium,RF03058,"WHTV01000013.1/41070-41125_MAG:_Kiloniellaceae_bacterium_isolate_Dino_bin46_NODE_13_length_65336_cov_9.860358,_whole_genome_shotgun_sequence_RF03058"
Terasakiellaceae,Terasakiella brassicae,RF03058,"BMHV01000010.1/121825-121768_Terasakiella_brassicae_CGMCC_1.15254_DNA,_sequence10,_whole_genome_shotgun_sequence_RF03058"
Bradyrhizobiaceae,Bradyrhizobiaceae bacterium,RF03058,"SDZE01000559.1/2173-2228_MAG:_Bradyrhizobiaceae_bacterium_isolate_PMG_244_scaffold_66187,_whole_genome_shotgun_sequence_RF03058"
Treboniaceae,Trebonia kvetii,RF03072,"RPFW01000001.1/1557183-1556911_Trebonia_kvetii_strain_15TR583_NODE_1_length_1889528_cov_89.067929,_whole_genome_shotgun_sequence_RF03072"
Vallicoccaceae,Vallicoccus soli,RF03072,"QZEZ01000005.1/195214-195464_Vallicoccus_soli_strain_YIM_75000_Scaffold5,_whole_genome_shotgun_sequence_RF03072"
Acidothermaceae,Acidothermus cellulolyticus 11B,RF03072,"CP000481.1/1997156-1996880_Acidothermus_cellulolyticus_11B,_complete_genome_RF03072"
Streptosporangiaceae,Streptosporangiaceae bacterium NEAU-GS5,RF03072,"JAGFNW010000001.1/735932-735681_Streptosporangiaceae_bacterium_NEAU-GS5_Scaffold1,_whole_genome_shotgun_sequence_RF03072"
Nocardiopsaceae,Nocardiopsaceae bacterium YIM 96095,RF03072,"RJMB01000033.1/1441-1180_Nocardiopsaceae_bacterium_YIM_96095_Scaffold33,_whole_genome_shotgun_sequence_RF03072"
Nocardioidaceae,Nocardioidaceae bacterium,RF03072,CP059259.1/2871817-2871540_MAG:_Nocardioidaceae_bacterium_isolate_SSC3_chromosome_RF03072
Veillonellaceae,Veillonellaceae bacterium DNF00626,RF03072,"KQ960828.1/121513-121716_Veillonellaceae_bacterium_DNF00626_genomic_scaffold_Scaffold48,_whole_genome_shotgun_sequence_RF03072"
Staphylococcaceae,Nosocomiicoccus massiliensis,RF00522,"CP136964.1/479435-479479_CP136964.1_Nosocomiicoccus_massiliensis_strain_UMB0959_chromosome,_complete_genome_RF00522"
Hujiaoplasmataceae,Hujiaoplasma nucleasis,RF00522,"CP051151.1/352738-352694_CP051151.1_Hujiaoplasma_nucleasis_strain_zrk29_chromosome,_complete_genome_RF00522"
Neisseriaceae,Neisseriaceae bacterium,RF00522,"CP046107.1/818600-818555_CP046107.1_MAG:_Neisseriaceae_bacterium_isolate_HaMa_chromosome,_complete_genome_RF00522"
Bacillaceae,Bacillaceae bacterium SAS-127,RF00522,"NKXN01000049.1/11567-11524_NKXN01000049.1_Bacillaceae_bacterium_SAS-127_SAS-12_7_49,_whole_genome_shotgun_sequence_RF00522"
Planococcaceae,Planococcaceae bacterium Storch 2/2-2,RF00522,"WOYE01000009.1/382161-382118_WOYE01000009.1_Planococcaceae_bacterium_Storch_2/2-2_NODE_10_length_1463698_cov_84.739311,_whole_genome_shotgun_sequence_RF00522"
Carnobacteriaceae,Carnobacteriaceae bacterium zg-C25,RF00522,"CP072828.1/386631-386587_CP072828.1_Carnobacteriaceae_bacterium_zg-C25_chromosome,_complete_genome_RF00522"
Desulfohalobiaceae,Desulfohalobium retbaense DSM 5692,RF03167,"CP001734.1/1118071-1118145_Desulfohalobium_retbaense_DSM_5692,_complete_genome_RF03167"
Syntrophobacteraceae,Syntrophobacter fumaroxidans MPOB,RF03167,"CP000478.1/4137264-4137351_Syntrophobacter_fumaroxidans_MPOB,_complete_genome_RF03167"
Methylophilaceae,Novimethylophilus kurashikiensis,RF03167,"BDOQ01000003.1/53139-53057_Novimethylophilus_kurashikiensis_DNA,_contig:_SCAFFOLD0003,_whole_genome_shotgun_sequence_RF03167"
Sterolibacteriaceae,Denitratisoma sp. DHT3,RF03167,CP020914.1/3087015-3086916_Denitratisoma_sp._DHT3_genome_RF03167
Sulfuricellaceae,Sulfurirhabdus autotrophica,RF03167,"SMCO01000002.1/61820-61739_Sulfurirhabdus_autotrophica_strain_DSM_100309_Ga0244719_102,_whole_genome_shotgun_sequence_RF03167"
Thiobacillaceae,Parasulfuritortus cantonensis,RF03167,"SJZB01000027.1/10479-10393_Parasulfuritortus_cantonensis_strain_LSR1_tig00000007,_whole_genome_shotgun_sequence_RF03167"
Hydrogenophilaceae,Thiobacillus sp.,RF03167,"CP059257.1/1729804-1729713_MAG:_Thiobacillus_sp._isolate_SSC5_chromosome,_complete_genome_RF03167"
Leeiaceae,Leeia aquatica,RF03167,"JABAIM010000005.1/39179-39089_Leeia_aquatica_strain_IMCC25680_NODE_5_length_205286_cov_82.028037,_whole_genome_shotgun_sequence_RF03167"
Desulfofervidaceae,Candidatus Desulfofervidus auxilii,RF03167,CP013015.1/1646478-1646389_Candidatus_Desulfofervidus_auxilii_strain_HS1_genome_RF03167
Govaniaceae,Govania unica,RF03167,"JANWOI010000003.1/134224-134301_Govania_unica_strain_LMG_31809_contig00003,_whole_genome_shotgun_sequence_RF03167"
Solirubrobacteraceae,Solirubrobacter pauli,RF03167,"RBIL01000003.1/231294-231368_Solirubrobacter_pauli_strain_DSM_14954_Ga0183450_13,_whole_genome_shotgun_sequence_RF03167"
Desulfocapsaceae,Desulforhopalus sp. IMCC35007,RF03167,"SWCN01000027.1/17430-17357_Desulforhopalus_sp._IMCC35007_NODE_27_length_64683_cov_75.331511,_whole_genome_shotgun_sequence_RF03167"
Thiovibrionaceae,Thiovibrio frasassiensis,RF03167,"JAPHEH010000001.1/567563-567641_Thiovibrio_frasassiensis_strain_RS19-109_c_000000000001,_whole_genome_shotgun_sequence_RF03167"
Desulfosarcinaceae,Desulfatitalea alkaliphila,RF03167,"JALJRB010000002.1/251907-252042_Desulfatitalea_alkaliphila_strain_M08but_2,_whole_genome_shotgun_sequence_RF03167"
Desulfonatronaceae,Desulfonatronum sp. SC1,RF03167,"PZKN01000022.1/2341-2265_Desulfonatronum_sp._SC1_NODE_22_length_81860_cov_58.9481,_whole_genome_shotgun_sequence_RF03167"
Planctomycetaceae,Rhodopirellula baltica SH 1,RF03167,BX119912.1/2657900-2658011_Rhodopirellula_baltica_SH_1_complete_genome_RF03167
Nitrospiraceae,Nitrospira lenta,RF03167,"OUNR01000016.1/285411-285502_Nitrospira_lenta_isolate_N._lenta_BS10_genome_assembly,_contig:_NITLEN_Contig_3,_whole_genome_shotgun_sequence_RF03167"
Manganitrophaceae,Candidatus Manganitrophus noduliformans,RF03167,"VTOW01000001.1/575954-575859_Candidatus_Manganitrophus_noduliformans_strain_Mn-1_Ga0306812_101,_whole_genome_shotgun_sequence_RF03167"
Arcobacteraceae,Arcobacter sp. FWKO B,RF03167,CP041403.1/1383252-1383175_Arcobacter_sp._FWKO_B_chromosome_RF03167
Hydrogenimonadaceae,Hydrogenimonas sp.,RF03167,"AP019005.1/452919-452998_Hydrogenimonas_sp._MAG_DNA,_complete_genome_RF03167"
Sulfurimonadaceae,Candidatus Sulfurimonas marisnigri,RF03167,"CP054493.1/2078291-2078217_Candidatus_Sulfurimonas_marisnigri_strain_SoZ1_chromosome,_complete_genome_RF03167"
Sulfurovaceae,Sulfurovum sp. UBA12169,RF03167,"DLUH01000001.1/121362-121436_MAG_TPA_asm:_Sulfurovum_sp._UBA12169_contig_37,_whole_genome_shotgun_sequence_RF03167"
Defluviitaleaceae,Defluviitalea raffinosedens,RF03167,"WSLF01000004.1/15670-15754_Defluviitalea_raffinosedens_strain_249c-K6_seq4,_whole_genome_shotgun_sequence_RF03167"
Microbacteriaceae,Cryobacterium fucosi,RF03167,"SOHH01000025.1/24131-24205_Cryobacterium_fucosi_strain_Hh4_C648,_whole_genome_shotgun_sequence_RF03167"
Euzebyaceae,Euzebya pacifica,RF03167,"CP031165.1/2091512-2091607_Euzebya_pacifica_strain_DY32-46_chromosome,_complete_genome_RF03167"
Patulibacteraceae,Patulibacter medicamentivorans,RF03167,"AGUD01000038.1/1162-1080_Patulibacter_medicamentivorans_strain_I11_contig38,_whole_genome_shotgun_sequence_RF03167"
Capsulimonadaceae,Capsulimonas corticalis,RF03167,"AP025739.1/6220238-6220138_Capsulimonas_corticalis_AX-7_DNA,_complete_genome_RF03167"
Chthonomonadaceae,Chthonomonadaceae bacterium,RF03167,"JACMPS010000501.1/6584-6486_MAG:_Chthonomonadaceae_bacterium_isolate_LF-bin-356_FL-bin-356-contig-k141_2402066,_whole_genome_shotgun_sequence_RF03167"
Desulfomicrobiaceae,Desulfoplanes formicivorans,RF03167,"BDFE01000015.1/472385-472465_Desulfoplanes_formicivorans_DNA,_contig:_NODE_15,_strain:_Pf12B,_whole_genome_shotgun_sequence_RF03167"
Desulfarculaceae,Dethiosulfatarculus sandiegensis,RF03167,"AZAC01000023.1/48361-48282_Dethiosulfatarculus_sandiegensis_strain_SPR_contig_3,_whole_genome_shotgun_sequence_RF03167"
Lacipirellulaceae,Lacipirellula limnantheis,RF03167,CP036339.1/2737598-2737506_Lacipirellula_limnantheis_strain_I41_chromosome_RF03167
Gemmataceae,Limnoglobus roseus,RF03167,"CP042425.1/1938518-1938615_Limnoglobus_roseus_strain_PX52_chromosome,_complete_genome_RF03167"
Brocadiaceae,Candidatus Brocadiaceae bacterium S225,RF03167,"SMSL01000002.1/4450-4372_Candidatus_Brocadiaceae_bacterium_S225_S225a_contig00002,_whole_genome_shotgun_sequence_RF03167"
Alicyclobacillaceae,Alicyclobacillaceae bacterium I2511,RF03167,"QXHL01000025.1/7224-7303_Alicyclobacillaceae_bacterium_I2511_NODE_25_length_37512_cov_7.14776,_whole_genome_shotgun_sequence_RF03167"
Solirubrobacteraceae,Solirubrobacteraceae bacterium,RF03167,"JAGIBJ010000058.1/49309-49230_MAG:_Solirubrobacteraceae_bacterium_isolate_BIN45_scaffold26_cov0,_whole_genome_shotgun_sequence_RF03167"
Pirellulaceae,Pirellulaceae bacterium,RF03167,"JACNFG010000607.1/1568-1656_MAG:_Pirellulaceae_bacterium_isolate_ES-bin-42_ES-bin-42-contig-k141_5866741,_whole_genome_shotgun_sequence_RF03167"
Planctomycetaceae,Planctomycetaceae bacterium,RF03167,"LSSZ01000033.1/12328-12415_Planctomycetaceae_bacterium_SCGC_AG-212-D15_AG-212-D15.14,_whole_genome_shotgun_sequence_RF03167"
Brocadiaceae,Candidatus Brocadiaceae bacterium,RF03167,"CAJPFD010000077.1/776-657_Candidatus_Brocadiaceae_bacterium_genome_assembly,_contig:_CONTIG_77,_whole_genome_shotgun_sequence_RF03167"
Rikenellaceae,Alistipes indistinctus YIT 12060,RF01726,"JH370371.1/1316187-1316129_Alistipes_indistinctus_YIT_12060_genomic_scaffold_supercont1.1,_whole_genome_shotgun_sequence_RF01726"
Cryomorphaceae,Cryomorphaceae bacterium,RF01726,riboswitch_RF01726
Owenweeksiaceae,Croceimicrobium hydrocarbonivorans,RF01726,"CP060139.1/2962102-2962044_Croceimicrobium_hydrocarbonivorans_strain_A20-9_chromosome,_complete_genome_RF01726"
Phaeocystidibacteraceae,Phaeocystidibacter marisrubri,RF01726,"WBVQ01000001.1/842187-842129_Phaeocystidibacter_marisrubri_strain_JCM_30614_1,_whole_genome_shotgun_sequence_RF01726"
Salibacteraceae,Salibacter halophilus,RF01726,"WACR01000012.1/5207-5149_Salibacter_halophilus_strain_KCTC_52047_contig12,_whole_genome_shotgun_sequence_RF01726"
Schleiferiaceae,Thermaurantimonas aggregans,RF01726,"BHZE01000010.1/46338-46397_Thermaurantimonas_aggregans_LA_DNA,_sequence10,_whole_genome_shotgun_sequence_RF01726"
Dysgonomonadaceae,Dysgonamonadaceae bacterium,RF01726,"PKMK01000052.1/6671-6612_Dysgonamonadaceae_bacterium_strain_XHS2771_NODE_52_length_12433_cov_87.1255,_whole_genome_shotgun_sequence_RF01726"
Barnesiellaceae,Coprobacter secundus subsp. similis,RF01726,"AP023322.1/2818020-2817962_Coprobacter_secundus_subsp._similis_2CBH44_DNA,_complete_genome_RF01726"
Odoribacteraceae,Butyricimonas sp. An62,RF01726,"NFHW01000005.1/129113-129172_Butyricimonas_sp._An62_An62_contig_5,_whole_genome_shotgun_sequence_RF01726"
Tenuifilaceae,Tenuifilum thalassicum,RF01726,"CP041345.1/52947-53005_Tenuifilum_thalassicum_strain_38H-str_chromosome,_complete_genome_RF01726"
Dysgonamonadaceae,Dysgonomonas sp. BGC7,RF01726,"JACMIC010000010.1/339712-339771_Dysgonomonas_sp._BGC7_Scaffold_10,_whole_genome_shotgun_sequence_RF01726"
Lentimicrobiaceae,Lentimicrobium saccharophilum,RF01726,"DF968182.1/836277-836219_Lentimicrobium_saccharophilum_DNA,_scaffold:_TBC1_scaffold_1,_whole_genome_shotgun_sequence_RF01726"
Cryomorphaceae,Cryomorphaceae bacterium 1068,RF01726,riboswitch_RF01726
Bacteroidaceae,Bacteroidaceae bacterium HV4-6-C5C,RF01726,"VOIU01000033.1/7781-7722_Bacteroidaceae_bacterium_HV4-6-C5C_NODE_33_length_25784_cov_929.314,_whole_genome_shotgun_sequence_RF01726"
Prolixibacteraceae,Prolixibacteraceae bacterium,RF01726,"JACMKG010000267.1/5279-5338_MAG:_Prolixibacteraceae_bacterium_isolate_ES-bin-20_ES-bin-20-contig-k141_4315693,_whole_genome_shotgun_sequence_RF01726"
Prevotellaceae,Prevotellaceae bacterium KH2P17,RF01726,"FZRE01000007.1/75058-75116_Prevotellaceae_bacterium_KH2P17_genome_assembly,_contig:_Ga0066882_107,_whole_genome_shotgun_sequence_RF01726"
Porphyromonadaceae,Porphyromonadaceae bacterium COT-184 OH4590,RF01726,"JRAN01000004.1/5151-5093_Porphyromonadaceae_bacterium_COT-184_OH4590_contig_4,_whole_genome_shotgun_sequence_RF01726"
Haloplasmataceae,Haloplasma contractile SSD-17B,RF01831,"AFNU02000004.1/123658-123772_Haloplasma_contractile_SSD-17B_Contig4,_whole_genome_shotgun_sequence_RF01831"
Anaeroplasmataceae,Anaeroplasma bactoclasticum,RF01831,"QXEV01000018.1/31900-31807_Anaeroplasma_bactoclasticum_strain_ATCC_27112_EI71DRAFT_scaffold00018.18,_whole_genome_shotgun_sequence_RF01831"
Aminobacteriaceae,Fretibacterium sp. OH1220_COT-178,RF01831,"RQYL01000017.1/24741-24834_Fretibacterium_sp._OH1220_COT-178_scaffold_16,_whole_genome_shotgun_sequence_RF01831"
Bianqueaceae,Bianquea renquensis,RF01831,"JACRSQ010000012.1/22353-22253_Bianquea_renquensis_strain_NSJ-32_H6_ctg0012,_whole_genome_shotgun_sequence_RF01831"
Monoglobaceae,Monoglobus pectinilyticus,RF01831,CP020991.1/798889-798988_Monoglobus_pectinilyticus_strain_14_chromosome_RF01831
Mycoplasmataceae,Mycoplasma marinum,RF01831,"PSZO01000001.1/42332-42426_Mycoplasma_marinum_strain_PE_scaffold_0,_whole_genome_shotgun_sequence_RF01831"
Lactobacillaceae,Leuconostocaceae bacterium R-53105,RF01831,"FMYJ01000006.1/22745-22653_Leuconostocaceae_bacterium_R-53105_genome_assembly,_contig:_Ga0061076_106,_whole_genome_shotgun_sequence_RF01831"
Chromobacteriaceae,Aquitalea sp. FJL05,RF00080,"QAJS01000017.1/125785-125961_Aquitalea_sp._FJL05_F5_TAGCTT-1_contig_17,_whole_genome_shotgun_sequence_RF00080"
Chitinibacteraceae,Chitinimonas arctica,RF00080,"CP041730.1/4302933-4302758_Chitinimonas_arctica_strain_R3-44_chromosome,_complete_genome_RF00080"
Dongiaceae,Hypericibacter adhaerens,RF00080,"CP042582.1/736086-736234_Hypericibacter_adhaerens_strain_R5959_chromosome,_complete_genome_RF00080"
Ancalomicrobiaceae,Siculibacillus lacustris,RF00080,"SJFN01000006.1/124790-124966_Siculibacillus_lacustris_strain_SA-279_scaffold_5,_whole_genome_shotgun_sequence_RF00080"
Reyranellaceae,Reyranella soli,RF00080,"BKAJ01000032.1/190812-190994_Reyranella_soli_NBRC_108950_DNA,_sequence032,_whole_genome_shotgun_sequence_RF00080"
Rhodobiaceae,Tepidicaulis marinus,RF00080,"BBIO01000002.1/168802-168693_Tepidicaulis_marinus_DNA,_contig:_scaffold00002,_whole_genome_shotgun_sequence_RF00080"
Maricaulaceae,Alkalicaulis satelles,RF00080,"VWOJ01000002.1/120649-120470_Alkalicaulis_satelles_strain_G-192_NODE_2_length_903532,_whole_genome_shotgun_sequence_RF00080"
Pseudobdellovibrionaceae,Bdellovibrio sp. SKB1291214,RF00080,"CP106855.1/1859504-1859349_Bdellovibrio_sp._SKB1291214_chromosome,_complete_genome_RF00080"
Rhodocyclaceae,Rhodocyclaceae bacterium,RF00080,"CP020026.1/1897461-1897343_Rhodocyclaceae_bacterium_strain_Thauera-like_chromosome,_complete_genome_RF00080"
Methylophilaceae,Methylophilaceae bacterium,RF00080,"CAJPFK010000015.1/102015-101850_Methylophilaceae_bacterium_isolate_MTYP_genome_assembly,_contig:_CONTIG_15,_whole_genome_shotgun_sequence_RF00080"
Sphingomonadaceae,Sphingomonadaceae bacterium G21617-S1,RF00080,"JAPWHG010000007.1/1123-1302_Sphingomonadaceae_bacterium_G21617-S1_NODE_7_length_206697_cov_115.017,_whole_genome_shotgun_sequence_RF00080"
Rhodospirillaceae,Rhodospirillaceae bacterium LM-1,RF00080,"CACUVI010000025.1/281483-281663_Rhodospirillaceae_bacterium_LM-1_genome_assembly,_contig:_MTBLM1_Contig_4,_whole_genome_shotgun_sequence_RF00080"
Isosphaeraceae,Tautonia sociabilis,RF00080,"RYZH01000002.1/102427-102546_Tautonia_sociabilis_strain_GM2012_NODE_2_length_228804_cov_6.94107_ID_719,_whole_genome_shotgun_sequence_RF00080"
Chrysiogenaceae,Desulfurispirillum indicum S5,RF01068,"CP002432.1/304739-304785_Desulfurispirillum_indicum_S5,_complete_genome_RF01068"
Phreatobacteraceae,Phreatobacter cathodiphilus,RF01068,"CP027668.1/1875377-1875329_Phreatobacter_cathodiphilus_strain_S-12_chromosome,_complete_genome_RF01068"
Fodinicurvataceae,Limibacillus halophilus,RF01068,"JACHXA010000003.1/367960-367910_Limibacillus_halophilus_strain_CECT_8803_Ga0372437_03,_whole_genome_shotgun_sequence_RF01068"
Thalassospiraceae,Thalassospira mesophila,RF01068,"JFKA01000002.1/477110-477161_Thalassospira_mesophila_strain_JCM_18969_contig2,_whole_genome_shotgun_sequence_RF01068"
Parvularculaceae,Aquisalinus flavus,RF01068,"BMGH01000001.1/2154086-2154043_Aquisalinus_flavus_CGMCC_1.12921_DNA,_sequence1,_whole_genome_shotgun_sequence_RF01068"
Sneathiellaceae,Sneathiella litorea,RF01068,"WTUW01000002.1/41100-41056_Sneathiella_litorea_strain_DP05_scaffold2,_whole_genome_shotgun_sequence_RF01068"
Futianiaceae,Futiania mangrovi,RF01068,"JAMZFT010000001.1/377949-377901_Futiania_mangrovi_strain_FT118_NODE_1_length_1448022_cov_276.526728,_whole_genome_shotgun_sequence_RF01068"
Rhodothalassiaceae,Rhodothalassium salexigens DSM 2132,RF01068,"SLXO01000004.1/288531-288579_Rhodothalassium_salexigens_DSM_2132_Ga0310481_104,_whole_genome_shotgun_sequence_RF01068"
Helicobacteraceae,Wolinella succinogenes DSM 1740,RF01068,"BX571656.1/1071428-1071476_Wolinella_succinogenes_DSM_1740,_complete_genome_RF01068"
Acanthopleuribacteraceae,Acanthopleuribacter pedis,RF01068,"JAFREP010000029.1/67720-67676_Acanthopleuribacter_pedis_strain_KCTC_12899_Scaffold27_1,_whole_genome_shotgun_sequence_RF01068"
Lujinxingiaceae,Lujinxingia litoralis,RF01068,"QHKO01000001.1/954482-954529_Lujinxingia_litoralis_strain_B210_B210_contig1,_whole_genome_shotgun_sequence_RF01068"
Beijerinckiaceae,Beijerinckiaceae bacterium RH AL1,RF01068,"LR590083.2/2964815-2964768_Beijerinckiaceae_bacterium_RH_AL1_isolate_RH_AL1_genome_assembly,_chromosome:_1_RF01068"
Dermabacteraceae,Brachybacterium vulturis,RF01068,"CP023563.1/1436498-1436454_Brachybacterium_vulturis_strain_VM2412_chromosome,_complete_genome_RF01068"
Sanguibacteraceae,Sanguibacter sp. HDW7,RF01068,"CP049862.1/513776-513820_Sanguibacter_sp._HDW7_chromosome,_complete_genome_RF01068"
Glycomycetaceae,Stackebrandtia endophytica,RF01068,"VFOW01000001.1/1972336-1972251_Stackebrandtia_endophytica_strain_DSM_45928_Ga0264350_11,_whole_genome_shotgun_sequence_RF01068"
Brevibacteriaceae,Brevibacterium casei S18,RF01068,"AMSP01000002.1/195769-195815_Brevibacterium_casei_S18_Contig02,_whole_genome_shotgun_sequence_RF01068"
Promicromonosporaceae,Isoptericola dokdonensis DS-3,RF01068,"CP014209.1/1412338-1412386_Isoptericola_dokdonensis_DS-3,_complete_genome_RF01068"
Bogoriellaceae,Georgenia muralis,RF01068,"RKRA01000001.1/40538-40481_Georgenia_muralis_strain_DSM_14418_Ga0197525_11,_whole_genome_shotgun_sequence_RF01068"
Cerasicoccaceae,Ruficoccus amylovorans,RF01068,"JACHVB010000034.1/51338-51386_Ruficoccus_amylovorans_strain_JCM31066_Gn_379_211824_21191682,_whole_genome_shotgun_sequence_RF01068"
Longimicrobiaceae,Longimicrobium terrae,RF01068,"JACHIA010000001.1/668126-668079_Longimicrobium_terrae_strain_DSM_29007_Ga0415267_01,_whole_genome_shotgun_sequence_RF01068"
Gemmataceae,Gemmataceae bacterium,RF01068,"LR594584.1/2247146-2247099_Gemmataceae_bacterium_isolate_CJuql4_genome_assembly,_scaffold:_Scf2,_whole_genome_shotgun_sequence_RF01068"
Verrucomicrobiaceae,Verrucomicrobiaceae bacterium,RF01068,"SEGX01000304.1/3203-3159_MAG:_Verrucomicrobiaceae_bacterium_isolate_PMG_210_scaffold_33930,_whole_genome_shotgun_sequence_RF01068"
Azonexaceae,Dechloromonas sp. TW-R-39-2,RF01057,"CP045202.1/420887-420820_Dechloromonas_sp._TW-R-39-2_chromosome,_complete_genome_RF01057"
Fluviibacteraceae,Fluviibacter phosphoraccumulans,RF01057,"AP022345.1/654444-654373_Fluviibacter_phosphoraccumulans_ICHIAU1_DNA,_complete_genome_RF01057"
Usitatibacteraceae,Usitatibacter palustris,RF01057,"CP053073.1/3216593-3216518_Usitatibacter_palustris_strain_Swamp67_chromosome,_complete_genome_RF01057"
Acidithiobacillaceae,Acidithiobacillus ferrianus,RF01057,"WNJL01000037.1/126402-126531_Acidithiobacillus_ferrianus_strain_MG_Contig37,_whole_genome_shotgun_sequence_RF01057"
Holophagaceae,Geothrix sp.,RF01057,"JACAUA010000001.1/1472458-1472369_MAG:_Geothrix_sp._isolate_Cfx3-01_MAG01_1,_whole_genome_shotgun_sequence_RF01057"
Comamonadaceae,Comamonadaceae bacterium G21597-S1,RF01057,"JAPWHR010000004.1/266768-266869_Comamonadaceae_bacterium_G21597-S1_NODE_4_length_454899_cov_68.0149,_whole_genome_shotgun_sequence_RF01057"
Burkholderiaceae,Burkholderiaceae bacterium,RF01057,"CP059256.1/1958747-1958835_MAG:_Burkholderiaceae_bacterium_isolate_SSC6_chromosome,_complete_genome_RF01057"
Hyphomonadaceae,Hyphomonadaceae bacterium,RF01057,"JACMMP010000059.1/15291-15198_MAG:_Hyphomonadaceae_bacterium_isolate_ES-bin-98_ES-bin-98-contig-k141_3366934,_whole_genome_shotgun_sequence_RF01057"
Fimbriimonadaceae,Fimbriimonadaceae bacterium,RF01057,"JACMJO010000233.1/1624-1693_MAG:_Fimbriimonadaceae_bacterium_isolate_ES-bin-173_ES-bin-173-contig-k141_5745941,_whole_genome_shotgun_sequence_RF01057"
Archangiaceae,Archangium sp. Cb G35,RF01057,"MPOI01000025.1/85346-85276_Archangium_sp._Cb_G35_Contig_96,_whole_genome_shotgun_sequence_RF01057"
Micromonosporaceae,Micromonosporaceae bacterium,RF01057,"WHTQ01000062.1/28017-27938_MAG:_Micromonosporaceae_bacterium_isolate_Dino_bin41_k141_142656_length_28488_cov_59.6789,_whole_genome_shotgun_sequence_RF01057"
Chloroflexaceae,Chloroflexus aurantiacus J-10-fl,RF00380,"CP000909.1/586908-586740_Chloroflexus_aurantiacus_J-10-fl,_complete_genome._RF00380"
Catabacteriaceae,Catabacter hongkongensis,RF00380,"LAYJ01000133.1/124612-124456_Catabacter_hongkongensis_strain_HKU16_2806ref_2ab_c9,_whole_genome_shotgun_sequence._RF00380"
Elusimicrobiaceae,Elusimicrobium minutum Pei191,RF00380,"CP001055.1/1153179-1153332_Elusimicrobium_minutum_Pei191,_complete_genome._RF00380"
Culicoidibacteraceae,Culicoidibacter larvae,RF00380,"VBWP01000005.1/144637-144471_VBWP01000005.1_Culicoidibacter_larvae_strain_CS-1_NODE_5_length_218095_cov_139.798,_whole_genome_shotgun_sequence_RF00380"
Speluncibacteraceae,Speluncibacter jeojiensis,RF00380,"JANRHA010000003.1/111467-111297_JANRHA010000003.1_Speluncibacter_jeojiensis_strain_D3-21_contig3,_whole_genome_shotgun_sequence_RF00380"
Jiangellaceae,Phytoactinopolyspora halotolerans,RF00380,"JAAGOA010000003.1/160980-161153_JAAGOA010000003.1_Phytoactinopolyspora_halotolerans_strain_CCTCC_AB_2017055_Scaffold3,_whole_genome_shotgun_sequence_RF00380"
Catenulisporaceae,Catenulispora sp.,RF00380,"JABFWL010000430.1/10935-11103_JABFWL010000430.1_MAG:_Catenulispora_sp._isolate_Bin1.32_NODE_2355_length_12307_cov_7.857038,_whole_genome_shotgun_sequence_RF00380"
Williamsiaceae,Williamsia sp. Leaf354,RF00380,"LMPL01000001.1/827473-827647_Williamsia_sp._Leaf354_contig_1,_whole_genome_shotgun_sequence._RF00380"
Segniliparaceae,Segniliparus rugosus ATCC BAA-974,RF00380,"KI391953.1/144905-145079_Segniliparus_rugosus_ATCC_BAA-974_genomic_scaffold_acqcO-supercont2.1,_whole_genome_shotgun_sequence._RF00380"
Tsukamurellaceae,Tsukamurella paurometabola DSM 20162,RF00380,"CP001966.1/3417963-3418138_Tsukamurella_paurometabola_DSM_20162,_complete_genome._RF00380"
Mycobacteriaceae,Mycobacteriaceae bacterium,RF00380,"JABFVX010000126.1/3777-3615_JABFVX010000126.1_MAG:_Mycobacteriaceae_bacterium_isolate_Bin3.37_NODE_9364_length_7071_cov_3.010596,_whole_genome_shotgun_sequence_RF00380"
Afifellaceae,Afifella marina DSM 2698,RF00521,"FMVW01000001.1/49131-49054_Afifella_marina_DSM_2698_genome_assembly,_contig:_LV77DRAFT_scaffold00001.1,_whole_genome_shotgun_sequence_RF00521"
Alsobacteraceae,Alsobacter soli,RF00521,"PVZS01000002.1/118347-118421_Alsobacter_soli_strain_SH9_scaffold2,_whole_genome_shotgun_sequence_RF00521"
Notoacmeibacteraceae,Notoacmeibacter marinus,RF00521,"NBYO01000001.1/325266-325344_Notoacmeibacter_marinus_strain_XMTR2A4_NODE_1_length_1694787_cov_286.62,_whole_genome_shotgun_sequence_RF00521"
Propylenellaceae,Propylenella binzhouense,RF00521,"SPKJ01000016.1/16619-16540_Propylenella_binzhouense_strain_L72_scaffold16.1-size58451,_whole_genome_shotgun_sequence_RF00521"
Elioraeaceae,Elioraea tepida,RF00521,"CP076448.1/1298875-1298953_Elioraea_tepida_strain_MS-P2_chromosome,_complete_genome_RF00521"
Iodidimonadaceae,Iodidimonas gelatinilytica,RF00521,"BKCM01000005.1/147799-147719_Iodidimonas_gelatinilytica_Mie-1_DNA,_sequence05,_whole_genome_shotgun_sequence_RF00521"
Pelagibacteraceae,alpha proteobacterium HIMB59,RF00521,"CP003801.1/778358-778432_Alpha_proteobacterium_HIMB59_chromosome,_complete_genome_RF00521"
Pyrinomonadaceae,Pyrinomonadaceae bacterium,RF00521,"JACMMN010000201.1/5877-5952_MAG:_Pyrinomonadaceae_bacterium_isolate_ES-bin-94_ES-bin-94-contig-k141_5527766,_whole_genome_shotgun_sequence_RF00521"
Parvibaculaceae,Parvibaculaceae bacterium,RF00521,"JAPWJY010000001.1/5471-5551_MAG:_Parvibaculaceae_bacterium_isolate_Chal_Metagen_Bin4_7211,_whole_genome_shotgun_sequence_RF00521"
Rhodobiaceae,Rhodobiaceae bacterium,RF00521,"CATISW010000019.1/53242-53321_MAG:_Rhodobiaceae_bacterium_UBA7378_isolate_bin.584_MAG_genome_assembly,_contig:_k119_2959309,_whole_genome_shotgun_sequence_RF00521"
Amorphaceae,Acuticoccus mangrovi,RF00442,"JAEKJA010000021.1/63701-63600_Acuticoccus_mangrovi_strain_B2012_contig21,_whole_genome_shotgun_sequence_RF00442"
Minwuiaceae,Minwuia thermotolerans,RF00442,"PHIG01000029.1/115351-115239_Minwuia_thermotolerans_strain_SY3-13_695-30,_whole_genome_shotgun_sequence_RF00442"
Geovibrionaceae,Seleniivibrio woodruffii,RF00442,"SMGG01000005.1/214959-215056_Seleniivibrio_woodruffii_strain_DSM_24984_Ga0215702_103,_whole_genome_shotgun_sequence_RF00442"
Chamaesiphonaceae,Chamaesiphon minutus PCC 6605,RF00442,"CP003600.1/4814084-4813965_Chamaesiphon_minutus_PCC_6605,_complete_genome_RF00442"
Chroococcidiopsidaceae,Aliterella atlantica CENA595,RF00442,"JYON01000013.1/83481-83347_Aliterella_atlantica_CENA595_contig_80,_whole_genome_shotgun_sequence_RF00442"
Microcystaceae,Microcystis aeruginosa NIES-4325,RF00442,"BJKP01000005.1/36678-36544_Microcystis_aeruginosa_NIES-4325_DNA,_contig_5,_whole_genome_shotgun_sequence_RF00442"
Conexibacteraceae,Conexibacter woesei DSM 14684,RF01763,"CP001854.1/1288729-1288663_Conexibacter_woesei_DSM_14684_chromosome,_complete_genome_RF01763"
Bdellovibrionaceae,Bdellovibrio bacteriovorus,RF01763,"BX842601.2/2412225-2412160_Bdellovibrio_bacteriovorus_complete_genome,_strain_HD100_RF01763"
Demequinaceae,Demequina activiva,RF01763,"BONR01000001.1/296802-296864_Demequina_activiva_NBRC_110675_DNA,_sequence1,_whole_genome_shotgun_sequence_RF01763"
Paraconexibacteraceae,Paraconexibacter algicola,RF01763,"PYYB01000005.1/166679-166616_Paraconexibacter_algicola_strain_Seoho-28_seq5,_whole_genome_shotgun_sequence_RF01763"
Ktedonobacteraceae,Ktedonospora formicarum,RF01763,"BNJF01000009.1/50066-50000_Ktedonospora_formicarum_SOSP1-1_DNA,_sequence09,_whole_genome_shotgun_sequence_RF01763"
Reticulibacteraceae,Reticulibacter mediterranei,RF01763,"BNJK01000002.1/729675-729609_Reticulibacter_mediterranei_ID150040_DNA,_sequence2,_whole_genome_shotgun_sequence_RF01763"
Beutenbergiaceae,Salana multivorans,RF01763,"RKHQ01000001.1/1685893-1685958_Salana_multivorans_strain_DSM_13521_Ga0197523_11,_whole_genome_shotgun_sequence_RF01763"
Rarobacteraceae,Rarobacter faecitabidus,RF01763,"VFOS01000001.1/803369-803433_Rarobacter_faecitabidus_strain_DSM_4813_Ga0197509_11,_whole_genome_shotgun_sequence_RF01763"
Jonesiaceae,Jonesia denitrificans DSM 20603,RF01763,"CP001706.1/1249347-1249415_Jonesia_denitrificans_DSM_20603,_complete_genome_RF01763"
Dermatophilaceae,Dermatophilaceae bacterium,RF01763,"JABFXV010000479.1/3011-2947_MAG:_Dermatophilaceae_bacterium_isolate_Bin7.20_NODE_1308_length_14000_cov_7.830303,_whole_genome_shotgun_sequence_RF01763"
Ruaniaceae,Ruaniaceae bacterium KH17,RF01763,"FZQV01000003.1/141982-142046_Ruaniaceae_bacterium_KH17_genome_assembly,_contig:_Ga0066873_103,_whole_genome_shotgun_sequence_RF01763"
Vulgatibacteraceae,Vulgatibacter incomptus,RF01763,"CP012332.1/527824-527885_Vulgatibacter_incomptus_strain_DSM_27710,_complete_genome_RF01763"
Hoyosellaceae,Hoyosella rhizosphaerae,RF00634,"BMJH01000002.1/87212-87093_Hoyosella_rhizosphaerae_CGMCC_1.15478_DNA,_sequence02,_whole_genome_shotgun_sequence_RF00634"
Dietziaceae,Dietzia sp. ANT_WB102,RF00634,"VOBA01000002.1/86382-86267_Dietzia_sp._ANT_WB102_ctg00002_595644,_whole_genome_shotgun_sequence_RF00634"
Antricoccaceae,Antricoccus suffuscus,RF00634,"PVUE01000021.1/59877-59764_Antricoccus_suffuscus_strain_DSM_100065_Ga0181040_121,_whole_genome_shotgun_sequence_RF00634"
Streptomycetaceae,Streptomycetaceae bacterium MP113-05,RF00634,"KI547046.1/107247-107365_Streptomycetaceae_bacterium_MP113-05_genomic_scaffold_scaffold00010,_whole_genome_shotgun_sequence_RF00634"
Labilitrichaceae,Labilithrix luteola,RF00634,"CP012333.1/9663604-9663489_Labilithrix_luteola_strain_DSM_27648,_complete_genome_RF00634"
Brevinemataceae,Brevinema andersonii,RF00167,"FOKY01000004.1/26901-26804_Brevinema_andersonii_strain_ATCC_43811_genome_assembly,_contig:_Ga0008019_scaffold00004.4,_whole_genome_shotgun_sequence_RF00167"
Brachyspiraceae,Brachyspira pilosicoli 95/1000,RF00167,"CP002025.1/1820666-1820762_Brachyspira_pilosicoli_95/1000,_complete_genome_RF00167"
Dictyoglomaceae,Dictyoglomus turgidum DSM 6724,RF00167,"CP001251.1/1438220-1438119_Dictyoglomus_turgidum_DSM_6724,_complete_genome_RF00167"
Abyssicoccaceae,Abyssicoccus albus,RF00167,"RKRK01000003.1/357799-357900_Abyssicoccus_albus_strain_DSM_29158_Ga0244709_102,_whole_genome_shotgun_sequence_RF00167"
Pseudobdellovibrionaceae,Pseudobdellovibrionaceae bacterium,RF00167,"JACMMZ010000037.1/4891-4794_MAG:_Pseudobdellovibrionaceae_bacterium_isolate_LF-bin-124_FL-bin-124-contig-k141_287132,_whole_genome_shotgun_sequence_RF00167"
Herpetosiphonaceae,Herpetosiphon geysericola,RF00234,"LGKP01000025.1/408660-408380_Herpetosiphon_geysericola_strain_DSM_7119_contig_1,_whole_genome_shotgun_sequence_RF00234"
Heliobacteriaceae,Heliophilum fasciatum,RF00234,"SLXT01000007.1/73515-73677_Heliophilum_fasciatum_strain_DSM_11170_Ga0244663_107,_whole_genome_shotgun_sequence_RF00234"
Thermosporotrichaceae,Thermosporothrix hazakensis,RF00234,"QKUF01000014.1/46992-46828_Thermosporothrix_hazakensis_strain_ATCC_BAA-1881_EI42DRAFT_scaffold00014.14,_whole_genome_shotgun_sequence_RF00234"
Gemellaceae,Gemella sp. GL1.1,RF00234,"JADGKJ010000009.1/140194-140356_Gemella_sp._GL1.1_NODE_3_length_167936_cov_10.7995_ID_7,_whole_genome_shotgun_sequence_RF00234"
Feifaniaceae,Feifania hominis,RF00234,"JACRSP010000003.1/199819-199975_Feifania_hominis_strain_BX7_BX7_ctg0003,_whole_genome_shotgun_sequence_RF00234"
Dictyobacteraceae,Dictyobacter kobayashii,RF00234,"BIFS01000001.1/3306214-3306047_Dictyobacter_kobayashii_DNA,_sequence1,_whole_genome_shotgun_sequence_RF00234"
Ktedonosporobacteraceae,Ktedonosporobacter rubrisoli,RF00234,"CP035758.1/6874009-6874178_Ktedonosporobacter_rubrisoli_strain_SCAWS-G2_chromosome,_complete_genome_RF00234"
Thermogemmatisporaceae,Thermogemmatispora tikiterensis,RF00234,"MCIF01000002.1/3090667-3090502_Thermogemmatispora_tikiterensis_strain_T81_A4R35_scaffold00002,_whole_genome_shotgun_sequence_RF00234"
Thermoflexaceae,Candidatus Thermoflexus japonica,RF00234,"BEHY01000090.1/5604-5393_Candidatus_Thermoflexus_japonica_DNA,_contig:_NODE_2383_90,_isolate:_HRbin22,_whole_genome_shotgun_sequence_RF00234"
Roseiflexaceae,Roseiflexaceae bacterium,RF00234,"JACMIM010000674.1/1653-1876_MAG:_Roseiflexaceae_bacterium_isolate_ES-bin-105_ES-bin-105-contig-k141_10118968,_whole_genome_shotgun_sequence_RF00234"
Desulfonatronumaceae,Desulfonatronum thiosulfatophilum,RF01051,"FMXO01000015.1/124779-124672_Desulfonatronum_thiosulfatophilum_strain_ASO4-2_genome_assembly,_contig:_LZ08DRAFT_scaffold00015.15,_whole_genome_shotgun_sequence_RF01051"
Gallionellaceae,Gallionellaceae bacterium,RF01051,"CAJPFB010000059.1/17008-17088_Gallionellaceae_bacterium_isolate_GALLN_genome_assembly,_contig:_CONTIG_59,_whole_genome_shotgun_sequence_RF01051"
Scalinduaceae,Candidatus Scalindua japonica,RF01051,"BAOS01000014.1/138096-138185_Candidatus_Scalindua_japonica_husup-a2_DNA,_contig:_scal_C14,_whole_genome_shotgun_sequence_RF01051"
Gemmatimonadaceae,Gemmatimonadaceae bacterium,RF01051,"JABFXH010000079.1/10330-10244_MAG:_Gemmatimonadaceae_bacterium_isolate_Bin5.5_NODE_31_length_71167_cov_10.119204,_whole_genome_shotgun_sequence_RF01051"
Aquificaceae,Hydrogenobaculum sp. HO,RF01734,"CP004347.1/507205-507120_Hydrogenobaculum_sp._HO,_complete_genome_RF01734"
Thermodesulfobacteriaceae,Thermodesulfobacterium commune DSM 2178,RF01734,"CP008796.1/645368-645297_Thermodesulfobacterium_commune_DSM_2178,_complete_genome_RF01734"
Ferrovaceae,Ferrovum sp. PN-J185,RF01734,"LQZA01000001.1/515024-515094_Ferrovum_sp._PN-J185_FV185_contig000001,_whole_genome_shotgun_sequence_RF01734"
Cyclobacteriaceae,Cyclobacterium lianum,RF01734,"FRCY01000013.1/68704-68811_Cyclobacterium_lianum_strain_CGMCC_1.6102_genome_assembly,_contig:_Ga0070154_113,_whole_genome_shotgun_sequence_RF01734"
Thermotomaculaceae,Thermotomaculum hydrothermale,RF01734,"AP017470.1/1207385-1207326_Thermotomaculum_hydrothermale_DNA,_complete_genome,_strain:_AC55_RF01734"
Vicinamibacteraceae,Luteitalea sp.,RF01734,"WHTZ01000023.1/22509-22440_MAG:_Luteitalea_sp._isolate_Dino_bin50_NODE_23_length_82784_cov_63.999529,_whole_genome_shotgun_sequence_RF01734"
Dissulfurispiraceae,Dissulfurispira thermophila,RF01734,"AP022873.1/1151130-1151201_Dissulfurispira_thermophila_T55J_DNA,_complete_genome_RF01734"
Phycisphaeraceae,Poriferisphaera corsica,RF01734,"CP036425.1/2171342-2171481_Poriferisphaera_corsica_strain_KS4_chromosome,_complete_genome_RF01734"
Chthoniobacteraceae,Candidatus Udaeobacter sp.,RF01734,"JAALOD010000013.1/11797-11874_MAG:_Candidatus_Udaeobacter_sp._isolate_AEW3_Udaeo2_13,_whole_genome_shotgun_sequence_RF01734"
Methylacidiphilaceae,Methylacidiphilum fumariolicum SolV,RF01734,"CAHT01000061.1/22514-22587_Methylacidiphilum_fumariolicum_SolV_WGS_project_CAHT00000000_data,_contig_77-2114,_whole_genome_shotgun_sequence_RF01734"
Cyanomargaritaceae,Cyanomargarita calcarea GSE-NOS-MK-12-04C,RF01734,"JAHHGZ010000004.1/132679-132610_MAG:_Cyanomargarita_calcarea_GSE-NOS-MK-12-04C_scaffold_21_c1,_whole_genome_shotgun_sequence_RF01734"
Hymenobacteraceae,Pontibacter diazotrophicus,RF01734,"QRGR01000012.1/42680-42608_Pontibacter_diazotrophicus_strain_H4X_Scaffold10_1,_whole_genome_shotgun_sequence_RF01734"
Melioribacteraceae,Melioribacter sp.,RF01734,"JAGXSM010000269.1/8231-8326_MAG:_Melioribacter_sp._isolate_CROMO_A_200_c_000000989011,_whole_genome_shotgun_sequence_RF01734"
Flammeovirgaceae,Flammeovirgaceae bacterium 311,RF01734,"CP004371.1/4957776-4957845_Flammeovirgaceae_bacterium_311,_complete_genome_RF01734"
Fervidobacteriaceae,Thermosipho atlanticus DSM 15807,RF00168,"FQXN01000003.1/116481-116305_FQXN01000003.1_Thermosipho_atlanticus_DSM_15807_genome_assembly,_contig:_EK15DRAFT_scaffold00003.3,_whole_genome_shotgun_sequence_RF00168"
Simkaniaceae,Simkania sp.,RF00168,"JAGXTH010000085.1/11136-10967_JAGXTH010000085.1_MAG:_Simkania_sp._isolate_CROMO_BS_87_3_0_c_000000848126,_whole_genome_shotgun_sequence_RF00168"
Rhodothermaceae,Rhodothermaceae bacterium,RF00168,"JAIVHB010000148.1/1082-874_JAIVHB010000148.1_MAG:_Rhodothermaceae_bacterium_isolate_MAG3_MTG3_1203,_whole_genome_shotgun_sequence_RF00168"
Thermoleophilaceae,Thermoleophilum album,RF00379,"FNWJ01000003.1/23785-23931_Thermoleophilum_album_strain_ATCC_35263_genome_assembly,_contig:_Ga0008043_scaffold00003.3,_whole_genome_shotgun_sequence_RF00379"
Bryobacteraceae,Paludibaculum fermentans,RF00379,"CP063849.1/7519698-7519835_Paludibaculum_fermentans_strain_P105_chromosome,_complete_genome_RF00379"
Capillimicrobiaceae,Capillimicrobium parvum,RF00379,"CP087164.1/3287942-3287789_Capillimicrobium_parvum_strain_0166_1_chromosome,_complete_genome_RF00379"
Frankiaceae,Frankiaceae bacterium,RF00379,"JACMNX010000684.1/3981-3830_MAG:_Frankiaceae_bacterium_isolate_LF-bin-197_FL-bin-197-contig-k141_2292677,_whole_genome_shotgun_sequence_RF00379"
Scytonemataceae,Iningainema tapete BLCC-T55,RF00379,"JACXAE010000088.1/9824-9954_Iningainema_tapete_BLCC-T55_NODE_52_length_86170_cov_25.236268,_whole_genome_shotgun_sequence_RF00379"
Gomontiellaceae,Crinalium epipsammum PCC 9333,RF00379,"CP003620.1/4027250-4027417_Crinalium_epipsammum_PCC_9333,_complete_genome_RF00379"
Puniceicoccaceae,Pelagicoccus albus,RF01750,"JACHVC010000001.1/121094-121176_Pelagicoccus_albus_strain_JCM23202_Gn_77_435001_40767318,_whole_genome_shotgun_sequence_RF01750"
Pelagicoccaceae,Pelagicoccus enzymogenes,RF01750,"JACYFG010000051.1/721092-721174_Pelagicoccus_enzymogenes_strain_NFK12_191,_whole_genome_shotgun_sequence_RF01750"
Microbacteriaceae,Microbacteriaceae bacterium,RF01750,"JACMPQ010000050.1/45796-45711_MAG:_Microbacteriaceae_bacterium_isolate_LF-bin-354_FL-bin-354-contig-k141_1197307,_whole_genome_shotgun_sequence_RF01750"
Robiginitomaculaceae,Algimonas arctica,RF00162,"BMZH01000007.1/101839-101716_Algimonas_arctica_KCTC_32513_DNA,_sequence07,_whole_genome_shotgun_sequence_RF00162"
Silvanigrellaceae,Fluviispira multicolorata,RF00162,"WFLN01000007.1/38961-39088_Fluviispira_multicolorata_strain_33A1-SZDP_NODE_4_length_408765_cov_91.613232,_whole_genome_shotgun_sequence_RF00162"
Bradymonadaceae,Bradymonas sediminis,RF00162,"CP030032.1/2039035-2039173_Bradymonas_sediminis_strain_FA350_chromosome,_complete_genome_RF00162"
Actinopolysporaceae,Actinopolyspora mortivallis,RF00162,"PVSR01000006.1/124283-124413_Actinopolyspora_mortivallis_strain_M5A_NODE_6_length_128741_cov_26.1654_ID_2065,_whole_genome_shotgun_sequence_RF00162"
Desulfobulbaceae,Desulfobulbaceae bacterium,RF00162,"JAGXRP010000023.1/14097-13990_MAG:_Desulfobulbaceae_bacterium_isolate_CROMO_A_116_c_000000282891,_whole_genome_shotgun_sequence_RF00162"
Gloeobacteraceae,Gloeobacter kilaueensis JS1,RF00162,"CP003587.1/3045757-3045645_Gloeobacter_kilaueensis_JS1,_complete_genome_RF00162"
Crocinitomicaceae,Brumimicrobium oceani,RF00162,"QFRJ01000007.1/98967-98860_Brumimicrobium_oceani_strain_C305_contig7,_whole_genome_shotgun_sequence_RF00162"
Luteibaculaceae,Luteibaculum oceani,RF00162,"VORB01000012.1/46354-46237_Luteibaculum_oceani_strain_JCM_18817_NODE_12_length_55520_cov_221.598,_whole_genome_shotgun_sequence_RF00162"
Fulvivirgaceae,Pseudochryseolinea flava,RF00162,"QMFY01000004.1/360703-360580_Pseudochryseolinea_flava_strain_SDU1-6_Scaffold4_1,_whole_genome_shotgun_sequence_RF00162"
Reichenbachiellaceae,Reichenbachiella sp. 5M10,RF00162,"MDGR01000007.1/3454277-3454381_Reichenbachiella_sp._5M10_scaffold2_cov78_read176,_whole_genome_shotgun_sequence_RF00162"
Marivirgaceae,Marivirga atlantica,RF00162,"JAERQG010000002.1/210334-210431_Marivirga_atlantica_strain_SM1354_NODE_2_length_1084420_cov_36.928118,_whole_genome_shotgun_sequence_RF00162"
Flexibacteraceae,Flexibacter flexilis DSM 6793,RF00162,"FOLE01000004.1/38477-38582_Flexibacter_flexilis_DSM_6793_genome_assembly,_contig:_Ga0111591_104,_whole_genome_shotgun_sequence_RF00162"
Raineyaceae,Raineya orbicola,RF00162,"NKXO01000001.1/64901-64787_Raineya_orbicola_strain_SPSPC-11_Contig0001,_whole_genome_shotgun_sequence_RF00162"
Lewinellaceae,Lewinella sp. W8,RF00162,"SNAQ03000022.1/83031-83143_Lewinella_sp._W8_NODE_22_length_128264_cov_29.394703,_whole_genome_shotgun_sequence_RF00162"
Haliscomenobacteraceae,Phaeodactylibacter luteus,RF00162,"VOOR01000003.1/163263-163144_Phaeodactylibacter_luteus_strain_KCTC_42180_3,_whole_genome_shotgun_sequence_RF00162"
Cyclonatronaceae,Cyclonatronum proteinivorum,RF00162,"CP027806.1/3030799-3030923_Cyclonatronum_proteinivorum_strain_Omega_chromosome,_complete_genome_RF00162"
Salinivirgaceae,Salinivirga cyanobacteriivorans,RF00162,"CP013118.1/1856730-1856825_Salinivirga_cyanobacteriivorans_strain_L21-Spi-D4_chromosome,_complete_genome_RF00162"
Hymenobacteraceae,Hymenobacteraceae bacterium,RF00162,"JACMQS010000244.1/4-115_MAG:_Hymenobacteraceae_bacterium_isolate_LF-bin-449_FL-bin-449-contig-k141_1358990,_whole_genome_shotgun_sequence_RF00162"
Cyclobacteriaceae,Cyclobacteriaceae bacterium,RF00162,CP058703.1/711294-711180_MAG:_Cyclobacteriaceae_bacterium_isolate_SSA6_chromosome_RF00162
Lewinellaceae,Lewinellaceae bacterium SD302,RF00162,"PDLQ01000034.1/48932-49055_Lewinellaceae_bacterium_SD302_contig34,_whole_genome_shotgun_sequence_RF00162"
Saprospiraceae,Saprospiraceae bacterium,RF00162,"JACMLK010000381.1/1508-1411_MAG:_Saprospiraceae_bacterium_isolate_ES-bin-305_ES-bin-305-contig-k141_11137175,_whole_genome_shotgun_sequence_RF00162"
Chitinophagaceae,Chitinophagaceae bacterium IBVUCB2,RF00162,"NFUV01000002.1/569050-568925_Chitinophagaceae_bacterium_IBVUCB2_contig000002,_whole_genome_shotgun_sequence_RF00162"
Mycoplasmoidaceae,Malacoplasma iowae DK-CPA,RF00050,"AWQU01000084.1/36247-36133_AWQU01000084.1_Malacoplasma_iowae_DK-CPA_miowaek6,_whole_genome_shotgun_sequence_RF00050"
Holosporaceae,endosymbiont of Acanthamoeba sp. UWC8,RF00050,"CP004403.1/109803-109961_Endosymbiont_of_Acanthamoeba_sp._UWC8_chromosome,_complete_genome._RF00050"
Campylobacteraceae,Arcobacter nitrofigilis DSM 7299,RF00050,"CP001999.1/2740350-2740208_Arcobacter_nitrofigilis_DSM_7299,_complete_genome._RF00050"
Kiritimatiellaceae,Kiritimatiella glycovorans,RF00050,"CP010904.1/2064127-2064010_Kiritimatiella_glycovorans_strain_L21-Fru-AB_chromosome,_complete_genome._RF00050"
Micropepsaceae,Rhizomicrobium sp. SCGC AG-212-E05,RF00504,"LSTB01000002.1/26266-26353_Rhizomicrobium_sp._SCGC_AG-212-E05_AG-212-E05.10,_whole_genome_shotgun_sequence_RF00504"
Erythrobacteraceae,Erythrobacteraceae bacterium CFH 75059,RF00504,"SJSR01000002.1/63893-64006_Erythrobacteraceae_bacterium_CFH_75059_scaffold2,_whole_genome_shotgun_sequence_RF00504"
Methylocystaceae,Methylocystaceae bacterium,RF00504,"JABXIG010000006.1/38041-37942_MAG:_Methylocystaceae_bacterium_isolate_HF-Din02_c_000000021882,_whole_genome_shotgun_sequence_RF00504"
Parachlamydiaceae,Candidatus Protochlamydia amoebophila UWE25,RF00174,BX908798.2/1635270-1635048_BX908798.2_Candidatus_Protochlamydia_amoebophila_UWE25_complete_genome_RF00174
Criblamydiaceae,Estrella lausannensis,RF00174,"CWGJ01000001.1/247339-247149_CWGJ01000001.1_Estrella_lausannensis_genome_assembly_Estrella_lausannensis_V1,_scaffold_CRIB-30_1,_whole_genome_shotgun_sequence_RF00174"
Waddliaceae,Waddlia chondrophila WSU 86-1044,RF00174,"CP001928.1/1668592-1668792_Waddlia_chondrophila_WSU_86-1044,_complete_genome._RF00174"
Desulfurobacteriaceae,Desulfurobacterium thermolithotrophum DSM 11699,RF00174,"CP002543.1/240262-240078_Desulfurobacterium_thermolithotrophum_DSM_11699,_complete_genome._RF00174"
Lentisphaeraceae,Lentisphaera araneosa HTCC2155,RF00174,"ABCK01000056.1/3968-3843_Lentisphaera_araneosa_HTCC2155_1101329224531,_whole_genome_shotgun_sequence._RF00174"
Caedimonadaceae,Candidatus Nucleicultrix amoebiphila FS5,RF00174,"CP008743.1/213820-213636_CP008743.1_Candidatus_Nucleicultrix_amoebiphila_FS5,_complete_genome_RF00174"
Magnetococcaceae,Magnetofaba australis IT-1,RF00174,"LVJN01000015.1/549932-550197_Magnetofaba_australis_IT-1_contig00015,_whole_genome_shotgun_sequence._RF00174"
Microvenatoraceae,Microvenator marinus,RF00174,"CP042467.1/4810281-4810154_CP042467.1_Microvenator_marinus_strain_V1718_chromosome,_complete_genome_RF00174"
Dissulfurirhabdaceae,Dissulfurirhabdus thermomarina,RF00174,"JAAGRR010000092.1/6624-6413_JAAGRR010000092.1_Dissulfurirhabdus_thermomarina_strain_DSM_100025_NODE_92_length_10442_cov_33.5137,_whole_genome_shotgun_sequence_RF00174"
Fibrobacteraceae,Fibrobacter sp. UWB4,RF00174,"MWQI01000007.1/165676-165885_MWQI01000007.1_Fibrobacter_sp._UWB4_NODE_7,_whole_genome_shotgun_sequence_RF00174"
Chitinivibrionaceae,Chitinivibrio alkaliphilus ACht1,RF00174,"ASJR01000001.1/44025-44188_Chitinivibrio_alkaliphilus_ACht1_contig00001,_whole_genome_shotgun_sequence._RF00174"
Sedimentisphaeraceae,Sedimentisphaera salicampi,RF00174,"CP021023.1/321410-321228_CP021023.1_Sedimentisphaera_salicampi_strain_ST-PulAB-D4_chromosome,_complete_genome_RF00174"
Akkermansiaceae,Akkermansiaceae bacterium,RF00174,"JACMMB010000327.1/7113-7238_JACMMB010000327.1_MAG:_Akkermansiaceae_bacterium_isolate_ES-bin-6_ES-bin-6-contig-k141_13069378,_whole_genome_shotgun_sequence_RF00174"
Limisphaeraceae,Limisphaera ngatamarikiensis,RF00174,"JAAKYA010000079.1/1048-1234_JAAKYA010000079.1_Limisphaera_ngatamarikiensis_strain_NGM72.4_VerNGM_NODE_207_len_114708_cov_47_477821.80,_whole_genome_shotgun_sequence_RF00174"
Rubritaleaceae,Rubritalea squalenifaciens DSM 18772,RF00174,"FQYR01000003.1/255421-255600_Rubritalea_squalenifaciens_DSM_18772_genome_assembly,_contig:_EJ93DRAFT_scaffold00002.2_RF00174"
Bryobacteraceae,Bryobacteraceae bacterium,RF00174,"JACMLA010000852.1/5326-5102_JACMLA010000852.1_MAG:_Bryobacteraceae_bacterium_isolate_ES-bin-282_ES-bin-282-contig-k141_13397070,_whole_genome_shotgun_sequence_RF00174"
Anaeromyxobacteraceae,Anaeromyxobacter diazotrophicus,RF00174,"BJTG01000008.1/261603-261805_BJTG01000008.1_Anaeromyxobacter_diazotrophicus_DNA,_sequence08,_whole_genome_shotgun_sequence_RF00174"
Nitrospiraceae,Nitrospiraceae bacterium,RF00174,"JALLOE010000008.1/15507-15153_JALLOE010000008.1_Nitrospiraceae_bacterium_AH_259_D15_M11_P09_NODE_8_length_74393_cov_305.586,_whole_genome_shotgun_sequence_RF00174"
Nitrospinaceae,Nitrospina sp. SCGC_AAA799_A02,RF00174,"JZKI01000008.1/36160-35974_Nitrospina_sp._SCGC_AAA799_A02_AAA799A02_8,_whole_genome_shotgun_sequence._RF00174"
Rubricoccaceae,Rubrivirga marina,RF00174,"MQWD01000001.1/917079-916843_MQWD01000001.1_Rubrivirga_marina_strain_SAORIC-28_scaffold1_cov77_read148,_whole_genome_shotgun_sequence_RF00174"
Parachlamydiaceae,Parachlamydiaceae bacterium,RF00174,CP058704.1/1123999-1123787_CP058704.1_MAG:_Parachlamydiaceae_bacterium_isolate_SSA5_chromosome_RF00174
Myxococcaceae,Myxococcaceae bacterium,RF00174,"CAJPFO010000037.1/683-494_CAJPFO010000037.1_Myxococcaceae_bacterium_genome_assembly,_contig:_CONTIG_37,_whole_genome_shotgun_sequence_RF00174"
Mcinerneyibacteriaceae,Candidatus Mcinerneyibacterium aminivorans,RF00174,"VSIX01000043.1/1532-1719_VSIX01000043.1_MAG:_Candidatus_Mcinerneyibacterium_aminivorans_isolate_ARYD3_Ga0210604_1048,_whole_genome_shotgun_sequence_RF00174"
Saccharimonadaceae,Candidatus Chaera renei,RF00174,"SCKW01000028.1/6626-6760_SCKW01000028.1_MAG:_Candidatus_Chaera_renei_isolate_AMD01_contig-100_27,_whole_genome_shotgun_sequence_RF00174"
Hydrogenothermaceae,Sulfurihydrogenibium azorense Az-Fu1,RF00059,"CP001229.1/1176809-1176912_Sulfurihydrogenibium_azorense_Az-Fu1,_complete_genome._RF00059"
Midichloriaceae,Candidatus Aquarickettsia rohweri,RF00059,"RXFM01000059.1/5349-5247_RXFM01000059.1_Candidatus_Aquarickettsia_rohweri_strain_a_cerv_44_scaffold60,_whole_genome_shotgun_sequence_RF00059"
Rickettsiaceae,Rickettsia endosymbiont of Culicoides newsteadi,RF00059,"MWZE01000029.1/282-386_MWZE01000029.1_Rickettsia_endosymbiont_of_Culicoides_newsteadi_strain_RiCNE_RiCNE_29,_whole_genome_shotgun_sequence_RF00059"
Paracaedibacteraceae,Candidatus Paracaedibacteraceae bacterium 'Lake Konstanz',RF00059,"CP054719.1/290025-289928_CP054719.1_Candidatus_Paracaedibacteraceae_bacterium_'Lake_Konstanz'_chromosome,_complete_genome_RF00059"
Gaiellaceae,Gaiella sp. SCGC AG-212-M14,RF00059,"LSTI01000040.1/5856-5959_LSTI01000040.1_Gaiella_sp._SCGC_AG-212-M14_AG-212-M14.45,_whole_genome_shotgun_sequence_RF00059"
Coraliomargaritaceae,Coraliomargarita sinensis,RF00059,"QHJQ01000008.1/89402-89286_QHJQ01000008.1_Coraliomargarita_sinensis_strain_WN38_Scaffold8_1,_whole_genome_shotgun_sequence_RF00059"
Oceanipulchritudinaceae,Oceanipulchritudo coccoides,RF00059,"JAAGNX010000001.1/635190-635069_JAAGNX010000001.1_Oceanipulchritudo_coccoides_strain_CK1056_scaffold_1_length1461499,_whole_genome_shotgun_sequence_RF00059"
Rhabdochlamydiaceae,Candidatus Rhabdochlamydia sp. T3358,RF00059,"CAAJGQ010000019.1/29995-29894_CAAJGQ010000019.1_Candidatus_Rhabdochlamydia_sp._T3358_genome_assembly,_contig:_contig26,_whole_genome_shotgun_sequence_RF00059"
Deinococcaceae,Deinococcus ficus,RF03170,"CP021081.1/1994032-1993947_Deinococcus_ficus_strain_CC-FR2-10_chromosome,_complete_genome_RF03170"
Entomoplasmataceae,Mesoplasma florum L1,RF01510,AE017263.1/397045-397107_Mesoplasma_florum_L1_complete_genome_RF01510
Spiroplasmataceae,Spiroplasma taiwanense CT-1,RF01510,"CP005074.1/683558-683495_Spiroplasma_taiwanense_CT-1,_complete_genome_RF01510"
Ruminococcaceae,Faecalibacterium prausnitzii A2-165,RF02680,"GG697151.2/327995-327895_Faecalibacterium_prausnitzii_A2-165_genomic_scaffold_Scfld2,_whole_genome_shotgun_sequence_RF02680"
Oscillospiraceae,Faecalibacterium sp. An121,RF02680,"NFLM01000002.1/182910-183005_Faecalibacterium_sp._An121_An121_contig_2,_whole_genome_shotgun_sequence_RF02680"
Paenibacillaceae,Paenibacillus sp. HGF7,RF03165,"AFDH01000146.1/2559-2627_Paenibacillus_sp._HGF7_contig00006,_whole_genome_shotgun_sequence_RF03165"
Desulfuromonadaceae,Desulfuromonas acetoxidans DSM 684,RF03168,"AAEW02000001.1/146763-146685_Desulfuromonas_acetoxidans_DSM_684_ctg66,_whole_genome_shotgun_sequence_RF03168"
Geobacteraceae,Geobacter argillaceus,RF03168,"VLLN01000014.1/53016-53098_Geobacter_argillaceus_strain_ATCC_BAA-1139_Ga0052872_scaffold00014.14,_whole_genome_shotgun_sequence_RF03168"
Pelobacteraceae,Pelobacter carbinolicus DSM 2380,RF03168,"CP000142.2/1141854-1141930_Pelobacter_carbinolicus_DSM_2380,_complete_genome_RF03168"
Desulfobulbaceae,Candidatus Electrothrix aarhusensis,RF03168,"MTKO01000081.1/30283-30361_Candidatus_Electrothrix_aarhusensis_isolate_MCF_Contig3,_whole_genome_shotgun_sequence_RF03168"
Bifidobacteriaceae,Bifidobacterium felsineum,RF02885,"PEBJ01000001.1/757666-757604_Bifidobacterium_felsineum_strain_TRE_H_NODE_1_length_892081_cov_146.057141,_whole_genome_shotgun_sequence_RF02885"
Synechococcaceae,Synechococcus sp. MIT S9508,RF01704,"LVHU01000001.1/334220-334159_Synechococcus_sp._MIT_S9508_MITS9508_contig000001,_whole_genome_shotgun_sequence_RF01704"
Clostridiaceae,Clostridium hiranonis DSM 13275,RF03166,"DS995355.1/223889-224066_Clostridium_hiranonis_DSM_13275_Scfld1_genomic_scaffold,_whole_genome_shotgun_sequence_RF03166"
Desulfitobacteriaceae,Desulfosporosinus sp. Sb-LF,RF03166,"SPQR01000006.1/229019-229212_Desulfosporosinus_sp._Sb-LF_NODE_6_length_337508_cov_90.089070,_whole_genome_shotgun_sequence_RF03166"
Lachnospiraceae,Dorea sp. AF36-15AT,RF03166,"QUDV01000007.1/3733-3563_Dorea_sp._AF36-15AT_AF36-15AT.Scaf7,_whole_genome_shotgun_sequence_RF03166"
Bacillaceae,Metabacillus sediminilitoris,RF03166,"SSNT01000011.1/8436-8604_Metabacillus_sediminilitoris_strain_DSL-17_Scaffold11,_whole_genome_shotgun_sequence_RF03166"
Peptococcaceae,Desulfitobacterium dichloroeliminans LMG P-21439,RF03166,"CP003344.1/2833170-2832984_Desulfitobacterium_dichloroeliminans_LMG_P-21439,_complete_genome_RF03166"
Peptostreptococcaceae,Terrisporobacter othiniensis,RF03166,"JWHR01000022.1/23611-23786_Terrisporobacter_othiniensis_strain_08-306576_Contig022,_whole_genome_shotgun_sequence_RF03166"
Streptococcaceae,Lactococcus lactis subsp. lactis Il1403,RF01054,"AE005176.1/802553-802658_Lactococcus_lactis_subsp._lactis_Il1403,_complete_genome_RF01054"
Anaerolineaceae,Leptolinea tardivitalis,RF03169,"LGCK01000006.1/347488-347589_Leptolinea_tardivitalis_strain_YMTK-2_contig_4,_whole_genome_shotgun_sequence_RF03169"
Thermaceae,Marinithermus hydrothermalis DSM 14884,RF03169,"CP002630.1/142912-142999_Marinithermus_hydrothermalis_DSM_14884,_complete_genome_RF03169"
Geodermatophilaceae,Geodermatophilus sp. TF02-6,RF03169,"QOHF01000028.1/3703-3786_Geodermatophilus_sp._TF02-6_NODE_29_length_53595_cov_668.480549,_whole_genome_shotgun_sequence_RF03169"
