family,species,tree,seq_id
Colwelliaceae,Colwellia sp. MT41,RF01689,"CP013145.1/1092015-1091905_Colwellia_sp._MT41,_complete_genome._RF01689"
Rhodanobacteraceae,Rhodanobacter fulvus Jip2,RF03058,"AJXU01000079.1/4235-4182_Rhodanobacter_fulvus_Jip2_contig079,_whole_genome_shotgun_sequence_RF03058"
Legionellaceae,Legionella shakespearei DSM 23087,RF01763,"LNYW01000008.1/19202-19265_Legionella_shakespearei_DSM_23087_strain_ATCC_49655_Lsha_ctg008,_whole_genome_shotgun_sequence_RF01763"
Pseudomonadaceae,Pseudomonas panipatensis,RF01482,"FNDS01000001.1/747579-747506_FNDS01000001.1_Pseudomonas_panipatensis_strain_CCM_7469_genome_assembly,_contig:_Ga0104674_101,_whole_genome_shotgun_sequence_RF01482"
Pleioneaceae,Aliikangiella marina,RF01482,"VIKR01000005.1/348640-348775_VIKR01000005.1_Aliikangiella_marina_strain_GYP-15_Scaffold5_1,_whole_genome_shotgun_sequence_RF01482"
Ectothiorhodospiraceae,Nitrococcus mobilis Nb-231,RF01482,"CH672427.1/659080-658942_Nitrococcus_mobilis_Nb-231_scf_1099646003885_genomic_scaffold,_whole_genome_shotgun_sequence._RF01482"
Xanthomonadaceae,Pseudoxanthomonas sp.,RF01750,"JAGHZW010000224.1/44231-44151_MAG:_Pseudoxanthomonas_sp._isolate_BIN6_scaffold7_cov0,_whole_genome_shotgun_sequence_RF01750"
Steroidobacteraceae,Steroidobacter agaridevorans,RF01750,"BLJN01000006.1/76360-76268_Steroidobacter_agaridevorans_DNA,_sequence06,_whole_genome_shotgun_sequence_RF01750"
Oceanospirillaceae,Marinomonas spartinae,RF00521,"FLOB01000001.1/18683-18758_Marinomonas_spartinae_strain_CECT_8886_genome_assembly,_contig:_0001,_whole_genome_shotgun_sequence_RF00521"
Hahellaceae,Endozoicomonas elysicola,RF00521,"JOJP01000001.1/3993594-3993519_Endozoicomonas_elysicola_strain_DSM_22380_scaffold00001,_whole_genome_shotgun_sequence_RF00521"
Wenzhouxiangellaceae,Wenzhouxiangella limi,RF00521,"JAAGSC010000044.1/240394-240316_Wenzhouxiangella_limi_strain_C33_228,_whole_genome_shotgun_sequence_RF00521"
Moraxellaceae,Enhydrobacter aerosaccus,RF00521,"FUWJ01000010.1/190451-190376_Enhydrobacter_aerosaccus_strain_ATCC_27094_genome_assembly,_contig:_EI57DRAFT_scaffold00010.10,_whole_genome_shotgun_sequence_RF00521"
Thiotrichaceae,Leucothrix arctica,RF00521,"QGKL01000015.1/4282-4357_Leucothrix_arctica_strain_IMCC9719_IMCC9719_contig15,_whole_genome_shotgun_sequence_RF00521"
Sinobacteraceae,Hydrocarboniphaga daqingensis,RF00521,"FQWZ01000008.1/170909-170986_Hydrocarboniphaga_daqingensis_strain_CGMCC_1.7049_genome_assembly,_contig:_Ga0070175_108,_whole_genome_shotgun_sequence_RF00521"
Morganellaceae,Arsenophonus endosymbiont of Aphis craccivora,RF00380,"CP038155.1/917744-917572_CP038155.1_Arsenophonus_endosymbiont_of_Aphis_craccivora_isolate_Ash_chromosome,_complete_genome_RF00380"
Pectobacteriaceae,Sodalis sp. TME1,RF00380,"MNBX01000564.1/4867-4761_Sodalis_sp._TME1_1.TCA.454Reads_contig_44924,_whole_genome_shotgun_sequence._RF00380"
Hafniaceae,Hafnia alvei FB1,RF00380,"CP009706.1/2004788-2004972_Hafnia_alvei_FB1,_complete_genome._RF00380"
Aeromonadaceae,Aeromonas hydrophila subsp. hydrophila ATCC 7966,RF00380,"CP000462.1/3183416-3183247_Aeromonas_hydrophila_subsp._hydrophila_ATCC_7966,_complete_genome._RF00380"
Vibrionaceae,Vibrio proteolyticus NBRC 13287,RF00380,"BATJ01000013.1/149187-149018_Vibrio_proteolyticus_NBRC_13287_DNA,_contig:_VPR01S13._RF00380"
Halieaceae,Haliea sp.,RF03057,"SEBW01000745.1/1683-1632_SEBW01000745.1_MAG:_Haliea_sp._isolate_PMG_163_scaffold_124577,_whole_genome_shotgun_sequence_RF03057"
Cellvibrionaceae,Cellvibrio polysaccharolyticus,RF03057,"PRDL01000001.1/2635315-2635260_PRDL01000001.1_Cellvibrio_polysaccharolyticus_strain_Ka43_ctg1,_whole_genome_shotgun_sequence_RF03057"
Nevskiaceae,Sinimarinibacterium sp. NLF-5-8,RF03057,"CP048030.1/1599460-1599409_CP048030.1_Sinimarinibacterium_sp._NLF-5-8_chromosome,_complete_genome_RF03057"
Marinobacteraceae,Marinobacter sp. R17,RF03054,"RHGZ01000031.1/39924-39979_Marinobacter_sp._R17_Scaffold31,_whole_genome_shotgun_sequence_RF03054"
Halomonadaceae,Halomonas sp. PA5,RF03054,CP053025.1/2149995-2150045_Halomonas_sp._PA5_chromosome_RF03054
Natronospirillaceae,Natronospirillum operosum,RF03054,"SRMF01000006.1/145790-145730_Natronospirillum_operosum_strain_G-116_NODE_6,_whole_genome_shotgun_sequence_RF03054"
Oleiphilaceae,Oleiphilus messinensis,RF03054,"CP021425.1/2656240-2656179_Oleiphilus_messinensis_strain_ME102_chromosome,_complete_genome_RF03054"
Saccharospirillaceae,Saccharospirillum sp. MSK14-1,RF03054,"MIES01000026.1/870619-870669_Saccharospirillum_sp._MSK14-1_scaffold33_cov458_read234,_whole_genome_shotgun_sequence_RF03054"
Yersiniaceae,Rahnella aquatilis CIP 78.65 = ATCC 33071,RF03054,"CP003244.1/2044225-2044277_Rahnella_aquatilis_CIP_78.65_=_ATCC_33071,_complete_genome_RF03054"
Erwiniaceae,Pantoea sp. Eser,RF03054,"SZZY01000001.1/288507-288559_Pantoea_sp._Eser_Euschistus_servus_symbiont_contig1,_whole_genome_shotgun_sequence_RF03054"
Alteromonadaceae,Marinobacterium nitratireducens,RF03054,"BMLT01000015.1/30663-30714_Marinobacterium_nitratireducens_CGMCC_1.7286_DNA,_sequence15,_whole_genome_shotgun_sequence_RF03054"
Aestuariirhabdaceae,Aestuariirhabdus litorea,RF01725,"QWEZ01000001.1/1015081-1014979_QWEZ01000001.1_Aestuariirhabdus_litorea_strain_GTF13_GTF13_1,_whole_genome_shotgun_sequence_RF01725"
Zooshikellaceae,Spartinivicinus marinus,RF01725,"JACCKB010000008.1/99334-99469_JACCKB010000008.1_Spartinivicinus_marinus_strain_SM1973_K2-2-1_scaffold8,_whole_genome_shotgun_sequence_RF01725"
Microbulbiferaceae,Microbulbifer rhizosphaerae,RF01725,"JACHWZ010000029.1/36996-36860_JACHWZ010000029.1_Microbulbifer_rhizosphaerae_strain_CECT_8799_Ga0372436_29,_whole_genome_shotgun_sequence_RF01725"
Moraxellaceae,Moraxellaceae bacterium,RF01725,"SECL01000036.1/6676-6585_SECL01000036.1_MAG:_Moraxellaceae_bacterium_isolate_PMG_235_scaffold_2200,_whole_genome_shotgun_sequence_RF01725"
Pasteurellaceae,Nicoletella semolina,RF00522,"SLXJ01000008.1/6617-6661_SLXJ01000008.1_Nicoletella_semolina_strain_DSM_16380_Ga0310495_108,_whole_genome_shotgun_sequence_RF00522"
Orbaceae,Frischella perrara,RF00522,"CP009056.1/860507-860551_Frischella_perrara_strain_PEB0191,_complete_genome._RF00522"
Cardiobacteriaceae,Cardiobacterium valvarum,RF00522,"UFUW01000001.1/2424460-2424505_UFUW01000001.1_Cardiobacterium_valvarum_strain_NCTC13294_genome_assembly,_contig:_ERS1324158SCcontig000001,_whole_genome_shotgun_sequence_RF00522"
Pasteurellaceae,Pasteurellaceae bacterium 15-036681,RF00522,"MQVI01000066.1/6590-6546_Pasteurellaceae_bacterium_15-036681_NODE_66_length_10372_cov_71.6484,_whole_genome_shotgun_sequence._RF00522"
Celerinatantimonadaceae,Celerinatantimonas diazotrophica,RF00167,"SMGD01000012.1/525833-525932_Celerinatantimonas_diazotrophica_strain_DSM_18577_Ga0310502_102,_whole_genome_shotgun_sequence_RF00167"
Shewanellaceae,Shewanella gelidii,RF00167,"BMPZ01000005.1/158091-158190_Shewanella_gelidii_JCM_30804_DNA,_sequence05,_whole_genome_shotgun_sequence_RF00167"
Ferrimonadaceae,Ferrimonas marina,RF00167,"FQXG01000002.1/331150-331249_Ferrimonas_marina_strain_DSM_16917_genome_assembly,_contig:_EK02DRAFT_scaffold00002.2,_whole_genome_shotgun_sequence_RF00167"
Moritellaceae,Moritella sp. Urea-trap-13,RF00167,"PJCA01000027.1/561972-561873_Moritella_sp._Urea-trap-13_contig2,_whole_genome_shotgun_sequence_RF00167"
Psychromonadaceae,Psychromonas sp. Urea-02u-13,RF00167,"PJBZ01000117.1/5060-4959_Psychromonas_sp._Urea-02u-13_contig84,_whole_genome_shotgun_sequence_RF00167"
Echinimonadaceae,Echinimonas agarilytica,RF03167,"JAMQGP010000002.1/589546-589471_Echinimonas_agarilytica_strain_KMM_6351_Contig_2,_whole_genome_shotgun_sequence_RF03167"
Idiomarinaceae,Idiomarina sp. MD25a,RF03167,"MDGT01000003.1/387178-387270_Idiomarina_sp._MD25a_Contig_35,_whole_genome_shotgun_sequence_RF03167"
Methylococcaceae,Methylococcus sp. EFPC2,RF03167,"CP070491.1/4421297-4421370_Methylococcus_sp._EFPC2_chromosome,_complete_genome_RF03167"
Chromatiaceae,Thiorhodococcus minor,RF03167,"JAAIJQ010000086.1/10744-10652_Thiorhodococcus_minor_strain_DSM_11518_NODE_86_length_24431_cov_23.2416,_whole_genome_shotgun_sequence_RF03167"
Woeseiaceae,Woeseia oceani,RF03167,"CP016268.1/655560-655478_Woeseia_oceani_strain_XK5,_complete_genome_RF03167"
Piscirickettsiaceae,Hydrogenovibrio sp. SC-1,RF03167,"PKGB01000019.1/3277-3351_Hydrogenovibrio_sp._SC-1_Ga0079983_119,_whole_genome_shotgun_sequence_RF03167"
Steroidobacteraceae,Steroidobacteraceae bacterium,RF03167,"JACMKM010000408.1/13540-13640_MAG:_Steroidobacteraceae_bacterium_isolate_ES-bin-225_ES-bin-225-contig-k141_10908576,_whole_genome_shotgun_sequence_RF03167"
Kangiellaceae,Kangiella sp. HZ709,RF00162,"WKJC01000002.1/316634-316521_Kangiella_sp._HZ709_NODE_2_length_507043_cov_138.755577,_whole_genome_shotgun_sequence_RF00162"
Alcanivoracaceae,Marinicella pacifica,RF00162,"BMEO01000020.1/9853-9729_Marinicella_pacifica_CGMCC_1.12181_DNA,_sequence20,_whole_genome_shotgun_sequence_RF00162"
Xanthomonadaceae,Xanthomonadaceae bacterium,RF00162,"KN196470.1/807317-807436_Xanthomonadaceae_bacterium_3.5X_genomic_scaffold_scaffold1,_whole_genome_shotgun_sequence_RF00162"
Bruguierivoracaceae,Sodalis-like endosymbiont of Proechinophthirus fluctus,RF01734,"LECR01000077.1/16690-16627_Sodalis-like_endosymbiont_of_Proechinophthirus_fluctus_strain_SPI-1_Contig_2844,_whole_genome_shotgun_sequence_RF01734"
Budviciaceae,Limnobaculum parvum,RF01734,"CP029185.2/3125386-3125468_Limnobaculum_parvum_strain_HYN0051_chromosome,_complete_genome_RF01734"
Halothiobacillaceae,Halothiobacillus neapolitanus c2,RF01734,"CP001801.1/1928728-1928661_Halothiobacillus_neapolitanus_c2,_complete_genome_RF01734"
Acidithiobacillaceae,Acidithiobacillus caldus SM-1,RF01734,"CP002573.1/2024788-2024849_Acidithiobacillus_caldus_SM-1,_complete_genome_RF01734"
Acidiferrobacteraceae,Acidiferrobacter sp. SPIII_3,RF01734,"CP027663.1/2513462-2513525_Acidiferrobacter_sp._SPIII_3_chromosome,_complete_genome_RF01734"
Competibacteraceae,Plasticicumulans lactativorans,RF01734,"SLWY01000007.1/153700-153638_Plasticicumulans_lactativorans_strain_DSM_25287_Ga0310538_107,_whole_genome_shotgun_sequence_RF01734"
Erwiniaceae,Erwiniaceae bacterium PD-1,RF01734,"CP054212.1/191229-191305_Erwiniaceae_bacterium_PD-1_chromosome,_complete_genome_RF01734"
Ketobacteraceae,Ketobacter alkanivorans,RF00442,"CP022684.1/3213652-3213526_Ketobacter_alkanivorans_strain_GI5_chromosome,_complete_genome_RF00442"
Spongiibacteraceae,gamma proteobacterium BDW918,RF00442,"JH650805.1/43040-43172_gamma_proteobacterium_BDW918_genomic_scaffold_scaffold00007,_whole_genome_shotgun_sequence_RF00442"
Salinisphaeraceae,Salinisphaera shabanensis E1L3A,RF00442,"AFNV02000029.1/23331-23451_Salinisphaera_shabanensis_E1L3A_Contig29,_whole_genome_shotgun_sequence_RF00442"
Immundisolibacteraceae,Immundisolibacter cernigliae,RF00442,"CP014671.1/506108-506001_Immundisolibacter_cernigliae_strain_TR3.2,_complete_genome_RF00442"
Alteromonadaceae,Alteromonadaceae bacterium Bs31,RF00442,"FXAI01000008.1/37257-37124_Alteromonadaceae_bacterium_Bs31_genome_assembly,_contig:_K381DRAFT_scaffold00008.8,_whole_genome_shotgun_sequence_RF00442"
Ectothiorhodospiraceae,Ectothiorhodospiraceae bacterium 2226,RF00442,"CP054689.1/1396208-1396110_Ectothiorhodospiraceae_bacterium_2226_chromosome,_complete_genome_RF00442"
Pseudoalteromonadaceae,Pseudoalteromonas denitrificans DSM 6059,RF00168,"FOLO01000014.1/8507-8308_FOLO01000014.1_Pseudoalteromonas_denitrificans_DSM_6059_genome_assembly,_contig:_Ga0056025_scaffold00014.14,_whole_genome_shotgun_sequence_RF00168"
Thorselliaceae,Thorsellia anophelis DSM 18579,RF00168,"FOHV01000007.1/161212-161398_FOHV01000007.1_Thorsellia_anophelis_DSM_18579_genome_assembly,_contig:_Ga0002103_scaffold00007.7,_whole_genome_shotgun_sequence_RF00168"
Succinivibrionaceae,Ruminobacter amylophilus,RF00168,"FOXF01000038.1/8636-8807_FOXF01000038.1_Ruminobacter_amylophilus_strain_DSM_1361_genome_assembly,_contig:_IE27DRAFT_scaffold00038.38,_whole_genome_shotgun_sequence_RF00168"
Endozoicomonadaceae,Endozoicomonas sp. G2_1,RF00168,"JAGHQT010000006.1/220476-220264_JAGHQT010000006.1_Endozoicomonas_sp._G2_1_NODE_6_length_233877_cov_58.340590,_whole_genome_shotgun_sequence_RF00168"
Fastidiosibacteraceae,Cysteiniphilum litorale,RF00168,"BMJS01000030.1/30402-30578_BMJS01000030.1_Cysteiniphilum_litorale_CGMCC_1.15758_DNA,_sequence030,_whole_genome_shotgun_sequence_RF00168"
Thioalkalispiraceae,Thiohalophilus thiocyanatoxydans,RF01051,"SOQX01000007.1/100337-100253_Thiohalophilus_thiocyanatoxydans_strain_DSM_16326_Ga0244672_107,_whole_genome_shotgun_sequence_RF01051"
Competibacteraceae,Candidatus Competibacter denitrificans Run_A_D11,RF01051,"CBTJ020000066.1/5275-5185_Candidatus_Competibacter_denitrificans_Run_A_D11_WGS_project_CBTJ00000000_data,_contig_COMPD11_2693_Contig_57,_whole_genome_shotgun_sequence_RF01051"
Pseudohongiellaceae,Pseudohongiella nitratireducens,RF01068,"BMIY01000014.1/48604-48648_Pseudohongiella_nitratireducens_CGMCC_1.15425_DNA,_sequence14,_whole_genome_shotgun_sequence_RF01068"
Ventosimonadaceae,Ventosimonas gracilis,RF01068,"LSZO01000016.1/474-427_Ventosimonas_gracilis_strain_CV58_contig_112,_whole_genome_shotgun_sequence_RF01068"
Granulosicoccaceae,Granulosicoccus antarcticus IMCC3135,RF01068,"CP018632.1/5263715-5263759_Granulosicoccus_antarcticus_IMCC3135,_complete_genome_RF01068"
Spongiibacteraceae,BD1-7 clade bacterium,RF01068,"CACSIO010000012.1/344495-344539_BD1-7_clade_bacterium_isolate_SB11_3_genome_assembly,_contig:_SB11_3_contig_2,_whole_genome_shotgun_sequence_RF01068"
Sedimenticolaceae,Candidatus Sedimenticola endophacoides,RF01057,"MUIE01000163.1/2734-2634_MAG:_Candidatus_Sedimenticola_endophacoides_isolate_LUC13016_P6__111,_whole_genome_shotgun_sequence_RF01057"
Arenicellaceae,Arenicella chitinivorans,RF01057,"BMXA01000004.1/267882-268002_Arenicella_chitinivorans_KCTC_12711_DNA,_sequence04,_whole_genome_shotgun_sequence_RF01057"
Oceanococcaceae,Abyssibacter profundi,RF00504,"QEQK01000011.1/136666-136764_Abyssibacter_profundi_strain_OUC007_scaffold_10,_whole_genome_shotgun_sequence_RF00504"
Francisellaceae,Francisella tularensis subsp. tularensis SCHU S4,RF00050,AJ749949.2/1740316-1740465_Francisella_tularensis_subsp._tularensis_SCHU_S4_complete_genome_RF00050
Coxiellaceae,Coxiella burnetii RSA 493,RF00050,"AE016828.3/594015-594151_Coxiella_burnetii_RSA_493,_complete_genome._RF00050"
Oceanospirillaceae,Osedax symbiont Rs2,RF00050,"ASZI01000285.1/9440-9605_Osedax_symbiont_Rs2_5222_285,_whole_genome_shotgun_sequence._RF00050"
Porticoccaceae,Gammaproteobacteria bacterium LSUCC0057,RF00174,"SPIA01000002.1/218164-217960_SPIA01000002.1_Gammaproteobacteria_bacterium_LSUCC0057_scaffold_1,_whole_genome_shotgun_sequence_RF00174"
Crenotrichaceae,Crenothrix polyspora,RF00174,"FUKI01000144.1/25597-25384_Crenothrix_polyspora_isolate_RSM_CP1_genome_assembly,_contig:_CRENPOLYSF1_Contig_66_RF00174"
Ostreibacteriaceae,Ostreibacterium oceani,RF00174,"WHNW01000002.1/91362-91619_WHNW01000002.1_Ostreibacterium_oceani_strain_ML27_scaffold2-size367438,_whole_genome_shotgun_sequence_RF00174"
Porticoccaceae,Gammaproteobacteria bacterium MOLA455,RF00174,"AZIN01000003.1/84482-84745_AZIN01000003.1_Gammaproteobacteria_bacterium_MOLA455_MOLA455_Contig3,_whole_genome_shotgun_sequence_RF00174"
Methylococcaceae,Methylococcaceae bacterium Sn10-6,RF00174,"LAJX01000022.1/3469-3264_Methylococcaceae_bacterium_Sn10-6_c22,_whole_genome_shotgun_sequence._RF00174"
Kangiellaceae,Kangiellaceae bacterium,RF00174,"JABXIQ010000007.1/80185-79999_JABXIQ010000007.1_MAG:_Kangiellaceae_bacterium_isolate_HF-Din12_c_000000005960,_whole_genome_shotgun_sequence_RF00174"
Psittacicellaceae,Psittacicella melopsittaci,RF00059,"NRJH01000016.1/45029-45122_NRJH01000016.1_Psittacicella_melopsittaci_strain_B96_4_contig_16,_whole_genome_shotgun_sequence_RF00059"
Coxiellaceae,Coxiellaceae bacterium,RF00059,CP058706.1/2287234-2287341_CP058706.1_MAG:_Coxiellaceae_bacterium_isolate_SSA3_chromosome_RF00059
Legionellaceae,Legionella drancourtii LLAP12,RF01763,"JH413817.1/33043-33106_Legionella_drancourtii_LLAP12_genomic_scaffold_scf_25,_whole_genome_shotgun_sequence_RF01763"
Pseudomonadaceae,Pseudomonas sp. M47T1,RF01482,"AJWX01000028.1/72000-72084_Pseudomonas_sp._M47T1_contig028,_whole_genome_shotgun_sequence._RF01482"
Rhodanobacteraceae,Rhodanobacter sp. C06,RF01750,"MUNP01000027.1/84657-84742_Rhodanobacter_sp._C06_NODE_16_length_98925_cov_11.1694_ID_31,_whole_genome_shotgun_sequence_RF01750"
Oceanospirillaceae,Marinomonas transparens,RF00521,"JAEMNX010000001.1/513414-513339_Marinomonas_transparens_strain_C1424_contig1,_whole_genome_shotgun_sequence_RF00521"
Ectothiorhodospiraceae,Inmirania thermothiophila,RF00521,"RJVI01000002.1/827966-827887_Inmirania_thermothiophila_strain_DSM_100275_Ga0244718_12,_whole_genome_shotgun_sequence_RF00521"
Morganellaceae,Morganella morganii subsp. morganii KT,RF00380,"CP004345.1/3311855-3311683_Morganella_morganii_subsp._morganii_KT,_complete_genome._RF00380"
Pectobacteriaceae,Sodalis praecaptivus,RF00380,"CP006569.1/3502598-3502766_Sodalis_praecaptivus_strain_HS1,_complete_genome._RF00380"
Aeromonadaceae,Aeromonas simiae,RF00380,"CP040449.1/1222385-1222554_CP040449.1_Aeromonas_simiae_strain_A6_chromosome,_complete_genome_RF00380"
Moraxellaceae,Acinetobacter larvae,RF00380,"CP016895.1/3442639-3442811_Acinetobacter_larvae_strain_BRTC-1_chromosome,_complete_genome._RF00380"
Xanthomonadaceae,Ignatzschineria ureiclastica,RF00380,"QEWQ01000004.1/295797-295582_QEWQ01000004.1_Ignatzschineria_ureiclastica_strain_KCTC_22644_mira_70xPW3340_c4,_whole_genome_shotgun_sequence_RF00380"
Sinobacteraceae,Steroidobacter denitrificans,RF03057,"CP011971.1/239957-239902_Steroidobacter_denitrificans_strain_DSM_18526,_complete_genome._RF03057"
Halomonadaceae,Halotalea alkalilenta,RF03054,"CP015243.1/834412-834364_Halotalea_alkalilenta_strain_IHB_B_13600_chromosome,_complete_genome_RF03054"
Yersiniaceae,Rouxiella badensis,RF03054,"MRWE01000006.1/32331-32278_Rouxiella_badensis_strain_DSM_100043_NODE_6_covk_33.0181_covr_66.15_cutoff_49,_whole_genome_shotgun_sequence_RF03054"
Alteromonadaceae,Hydrocarboniclastica marina,RF03054,"CP031093.1/3787598-3787647_Hydrocarboniclastica_marina_strain_soil36-7_chromosome,_complete_genome_RF03054"
Vibrionaceae,Vibrio rumoiensis 1S-45,RF03054,"AJYK02000061.1/48236-48288_Vibrio_rumoiensis_1S-45_1S-45_contig_3,_whole_genome_shotgun_sequence_RF03054"
Hahellaceae,Hahella chejuensis KCTC 2396,RF01725,"CP000155.1/783086-782981_Hahella_chejuensis_KCTC_2396,_complete_genome._RF01725"
Halieaceae,Pseudohalioglobus lutimaris,RF01725,"PKUS01000014.1/13462-13359_PKUS01000014.1_Pseudohalioglobus_lutimaris_strain_HF004_contig14,_whole_genome_shotgun_sequence_RF01725"
Cellvibrionaceae,Simiduia agarivorans SA1 = DSM 21679,RF01725,"CP003746.2/1444915-1445029_Simiduia_agarivorans_SA1_=_DSM_21679,_complete_genome._RF01725"
Microbulbiferaceae,Microbulbifer sp. THAF38,RF01725,"CP045369.1/3181907-3182035_CP045369.1_Microbulbifer_sp._THAF38_chromosome,_complete_genome_RF01725"
Wenzhouxiangellaceae,Wenzhouxiangella sp. XN24,RF01725,"JAAMFG010000030.1/75116-75011_JAAMFG010000030.1_Wenzhouxiangella_sp._XN24_105,_whole_genome_shotgun_sequence_RF01725"
Thiotrichaceae,Leucothrix pacifica,RF01725,"QGKM01000001.1/35550-35448_QGKM01000001.1_Leucothrix_pacifica_strain_JCM_18388_JCM18388_1__paired__trimmed__paired__contig_1,_whole_genome_shotgun_sequence_RF01725"
Pasteurellaceae,Haemophilus pittmaniae,RF00522,"UGHS01000004.1/609599-609555_UGHS01000004.1_Haemophilus_pittmaniae_strain_NCTC13335_genome_assembly,_contig:_ERS1869825SCcontig000004,_whole_genome_shotgun_sequence_RF00522"
Orbaceae,Zophobihabitans entericus,RF00522,"CP050253.1/1203397-1203441_CP050253.1_Zophobihabitans_entericus_strain_IPMB12_chromosome,_complete_genome_RF00522"
Cardiobacteriaceae,Suttonella ornithocola,RF00522,"UHIC01000001.1/731759-731715_UHIC01000001.1_Suttonella_ornithocola_strain_NCTC13337_genome_assembly,_contig:_ERS1324125SCcontig000001,_whole_genome_shotgun_sequence_RF00522"
Shewanellaceae,Shewanella sediminis HAW-EB3,RF00167,"CP000821.1/4292527-4292626_Shewanella_sediminis_HAW-EB3_chromosome,_complete_genome_RF00167"
Ferrimonadaceae,Ferrimonas balearica DSM 9799,RF00167,"CP002209.1/3054493-3054592_Ferrimonas_balearica_DSM_9799,_complete_genome_RF00167"
Colwelliaceae,Thalassotalea sp. HSM 43,RF03167,"CP038493.1/1862306-1862405_Thalassotalea_sp._HSM_43_chromosome,_complete_genome_RF03167"
Methylococcaceae,Methylocaldum marinum,RF03167,"AP017928.1/358180-358257_Methylocaldum_marinum_DNA,_complete_genome,_strain:_S8_RF03167"
Piscirickettsiaceae,Methylophaga aminisulfidivorans MP,RF03167,"AFIG01000003.1/355043-354967_Methylophaga_aminisulfidivorans_MP_54_3,_whole_genome_shotgun_sequence_RF03167"
Erwiniaceae,[Pantoea] beijingensis,RF01734,"JMEE01000023.1/47636-47712_[Pantoea]_beijingensis_strain_LMG_27579_contig3,_whole_genome_shotgun_sequence_RF01734"
Bruguierivoracaceae,Sodalis-like symbiont of Bactericera trigonica,RF01734,"RBZS01000062.1/2726-2663_Sodalis-like_symbiont_of_Bactericera_trigonica_isolate_IL_scaffold_22476,_whole_genome_shotgun_sequence_RF01734"
Hafniaceae,Enterobacillus tribolii,RF01734,"QRAP01000002.1/193652-193562_Enterobacillus_tribolii_strain_DSM_103736_Ga0215724_102,_whole_genome_shotgun_sequence_RF01734"
Chromatiaceae,Chromatiaceae bacterium RW,RF01734,"LR778175.1/34862-34923_Chromatiaceae_bacterium_RW_isolate_NSCAC1_genome_assembly,_chromosome:_1_RF01734"
Psychromonadaceae,Psychromonas sp. psych-6C06,RF01734,"PIZM01000009.1/87542-87476_Psychromonas_sp._psych-6C06_E-6C06_S1_L001_R1_001__paired__contig_9,_whole_genome_shotgun_sequence_RF01734"
Acidithiobacillaceae,Acidithiobacillus ferrooxidans ATCC 23270,RF01734,"CP001219.1/2606884-2606947_Acidithiobacillus_ferrooxidans_ATCC_23270,_complete_genome_RF01734"
Nevskiaceae,Solimonas marina,RF01734,"JAAVXB010000009.1/173056-173120_Solimonas_marina_strain_C16B3_NODE_9_length_224312_cov_172.253,_whole_genome_shotgun_sequence_RF01734"
Marinobacteraceae,Marinobacter vulgaris,RF00442,"QFWX01000001.1/355013-354900_Marinobacter_vulgaris_strain_F01_contig1,_whole_genome_shotgun_sequence_RF00442"
Ketobacteraceae,Ketobacter sp.,RF00442,"RAHY01000003.1/263495-263613_MAG:_Ketobacter_sp._isolate_BinD_Ketobacter_sp._BinD_ctg3,_whole_genome_shotgun_sequence_RF00442"
Alcanivoracaceae,Alcanivorax dieselolei B5,RF00442,"CP003466.1/1263119-1263020_Alcanivorax_dieselolei_B5,_complete_genome_RF00442"
Oleiphilaceae,Oleiphilus sp. HI0066,RF00442,"LWFH01001000.1/22585-22454_Oleiphilus_sp._HI0066_HI0066_c2,_whole_genome_shotgun_sequence_RF00442"
Saccharospirillaceae,Gynuella sunshinyii YC6258,RF00442,"CP007142.1/3985045-3984937_Gynuella_sunshinyii_YC6258,_complete_genome_RF00442"
Echinimonadaceae,Neiella litorisoli,RF00442,"JACXAF010000014.1/66483-66596_Neiella_litorisoli_strain_HB171785_Contig_14,_whole_genome_shotgun_sequence_RF00442"
Spongiibacteraceae,Spongiibacter sp. IMCC21906,RF00442,"CP011477.1/1710086-1710247_Spongiibacter_sp._IMCC21906,_complete_genome_RF00442"
Salinisphaeraceae,Salinisphaera japonica YTM-1,RF00442,"AYKG01000012.1/44511-44405_Salinisphaera_japonica_YTM-1_contig2,_whole_genome_shotgun_sequence_RF00442"
Alteromonadaceae,Alteromonadaceae bacterium 2753L.S.0a.02,RF00442,"VISH01000002.1/1113576-1113452_Alteromonadaceae_bacterium_2753L.S.0a.02_P886DRAFT_scf7180000000011_quiver.2,_whole_genome_shotgun_sequence_RF00442"
Pseudoalteromonadaceae,Pseudoalteromonas citrea,RF00168,"AHBZ03000022.1/315211-315417_AHBZ03000022.1_Pseudoalteromonas_citrea_strain_DSM_8771_contig022,_whole_genome_shotgun_sequence_RF00168"
Idiomarinaceae,Idiomarina loihiensis L2TR,RF00168,"AE017340.1/1551517-1551340_Idiomarina_loihiensis_L2TR,_complete_genome._RF00168"
Pasteurellaceae,Pasteurellaceae bacterium RH1A,RF00168,"CP015195.1/1311054-1310877_CP015195.1_Pasteurellaceae_bacterium_RH1A_chromosome,_complete_genome_RF00168"
Competibacteraceae,Candidatus Contendobacter odensis Run_B_J11,RF01051,"CBTK010000004.1/16993-17078_Candidatus_Contendobacter_odensis_Run_B_J11_WGS_project_CBTK00000000_data,_contig_COMPJ11_2695_Contig_101,_whole_genome_shotgun_sequence_RF01051"
Acidiferrobacteraceae,Sulfurifustis variabilis,RF01051,"AP014936.1/3816191-3816279_Sulfurifustis_variabilis_DNA,_complete_genome,_strain:_skN76_RF01051"
Coxiellaceae,Aquicella siphonis,RF00050,"LR699120.1/99822-99665_LR699120.1_Aquicella_siphonis_strain_SGT-108_genome_assembly,_chromosome:_2_RF00050"
Oceanospirillaceae,Osedax symbiont Rs1,RF00050,"ASZJ01000089.1/86499-86343_Osedax_symbiont_Rs1_5221_94,_whole_genome_shotgun_sequence._RF00050"
Halothiobacillaceae,Halothiobacillus sp. XI15,RF00174,"LOPX01000014.1/354669-354464_Halothiobacillus_sp._XI15_contig_5,_whole_genome_shotgun_sequence._RF00174"
Ectothiorhodospiraceae,Ectothiorhodospiraceae bacterium WFHF3C12,RF00174,"JACDUA010000081.1/3401-3538_JACDUA010000081.1_Ectothiorhodospiraceae_bacterium_WFHF3C12_scaffold_81,_whole_genome_shotgun_sequence_RF00174"
Succinivibrionaceae,Succinatimonas hippei YIT 12066,RF00059,"GL831058.1/64684-64580_Succinatimonas_hippei_YIT_12066_genomic_scaffold_Scfld448,_whole_genome_shotgun_sequence._RF00059"
Rhodanobacteraceae,Rhodanobacter sp. OK091,RF01750,"FRCH01000004.1/63707-63626_Rhodanobacter_sp._OK091_genome_assembly,_contig:_Ga0115501_104,_whole_genome_shotgun_sequence_RF01750"
Pseudomonadaceae,Rugamonas rubra,RF01750,"FOTW01000013.1/5205-5331_Rugamonas_rubra_strain_ATCC_43154_genome_assembly,_contig:_Ga0052890_scaffold00010.10,_whole_genome_shotgun_sequence_RF01750"
Morganellaceae,Arsenophonus sp. ENCA,RF00380,"NHNG01000663.1/999-830_NHNG01000663.1_Arsenophonus_sp._ENCA_Arsenophonous_cdhit_Assembly_2_Contig_208,_whole_genome_shotgun_sequence_RF00380"
Ectothiorhodospiraceae,Halorhodospira halochloris,RF00380,"AP017372.2/2222768-2222943_AP017372.2_Halorhodospira_halochloris_DNA,_nearly_complete_genome,_strain:_DSM_1059_RF00380"
Pectobacteriaceae,Affinibrenneria salicis,RF03057,"VYKJ01000002.1/166241-166301_VYKJ01000002.1_Affinibrenneria_salicis_strain_L3-3HA_Scaffold2,_whole_genome_shotgun_sequence_RF03057"
Moraxellaceae,Acinetobacter populi,RF03054,"NEXX01000004.1/311387-311453_Acinetobacter_populi_strain_PBJ7_Contig4,_whole_genome_shotgun_sequence_RF03054"
Oceanospirillaceae,Marinomonas ushuaiensis DSM 15871,RF03054,"JAMB01000004.1/218531-218486_Marinomonas_ushuaiensis_DSM_15871_contig4,_whole_genome_shotgun_sequence_RF03054"
Alteromonadaceae,Marinobacterium stanieri,RF03054,"FTMN01000001.1/676710-676664_Marinobacterium_stanieri_strain_DSM_7027_genome_assembly,_contig:_Ga0111666_101,_whole_genome_shotgun_sequence_RF03054"
Vibrionaceae,Vibrio viridaestus,RF03054,"RJVQ01000004.1/353192-353142_Vibrio_viridaestus_strain_LJC006_scaffold_3,_whole_genome_shotgun_sequence_RF03054"
Hahellaceae,Hahella sp. CCB-MM4,RF01725,"MRYI01000001.1/251266-251373_MRYI01000001.1_Hahella_sp._CCB-MM4_Scaffold1,_whole_genome_shotgun_sequence_RF01725"
Halieaceae,Chromatocurvus halotolerans,RF01725,"SLWX01000021.1/48425-48332_SLWX01000021.1_Chromatocurvus_halotolerans_strain_DSM_23344_Ga0310537_121,_whole_genome_shotgun_sequence_RF01725"
Cellvibrionaceae,Simiduia aestuariiviva,RF01725,"JACHXZ010000001.1/912993-912854_JACHXZ010000001.1_Simiduia_aestuariiviva_strain_CECT_8571_Ga0372420_01,_whole_genome_shotgun_sequence_RF01725"
Pasteurellaceae,Rodentibacter trehalosifermentans,RF00522,"MLHL01000104.1/7164-7120_MLHL01000104.1_Rodentibacter_trehalosifermentans_strain_H1987082031_contig_104,_whole_genome_shotgun_sequence_RF00522"
Orbaceae,Candidatus Schmidhempelia bombi str. Bimp,RF00522,"AWGA01000059.1/17759-17714_AWGA01000059.1_Candidatus_Schmidhempelia_bombi_str._Bimp_ctg820001289440,_whole_genome_shotgun_sequence_RF00522"
Cardiobacteriaceae,Cardiobacterium hominis ATCC 15826,RF00522,"GG694025.1/159470-159426_Cardiobacterium_hominis_ATCC_15826_genomic_scaffold_SCAFFOLD1,_whole_genome_shotgun_sequence._RF00522"
Shewanellaceae,Shewanella pealeana ATCC 700345,RF00167,"CP000851.1/4453881-4453980_Shewanella_pealeana_ATCC_700345_chromosome,_complete_genome_RF00167"
Ferrimonadaceae,Ferrimonas sediminicola,RF00167,"SWCI01000014.1/55612-55711_Ferrimonas_sediminicola_strain_IMCC35001_NODE_14_length_79811_cov_188.010579,_whole_genome_shotgun_sequence_RF00167"
Aeromonadaceae,Oceanimonas doudoroffii,RF00167,"NBIM01000002.1/241841-241742_Oceanimonas_doudoroffii_strain_ATCC_27123_NODE_2_length_268904_cov_74.3087,_whole_genome_shotgun_sequence_RF00167"
Colwelliaceae,Thalassomonas sp. M1454,RF03167,"VKDD01000001.1/300340-300467_Thalassomonas_sp._M1454_scaffold1,_whole_genome_shotgun_sequence_RF03167"
Methylococcaceae,Methylomonas sp. DH-1,RF03167,"CP014360.1/136332-136407_Methylomonas_sp._DH-1,_complete_genome_RF03167"
Halomonadaceae,Halomonas urumqiensis,RF03167,"PNRG01000005.1/298332-298412_Halomonas_urumqiensis_strain_BZ-SZ-XJ27_718,_whole_genome_shotgun_sequence_RF03167"
Piscirickettsiaceae,Thiomicrospira sp. WB1,RF03167,"LQBN01000001.1/789559-789633_Thiomicrospira_sp._WB1_ZB100000,_whole_genome_shotgun_sequence_RF03167"
Xanthomonadaceae,Lysobacter daejeonensis GH1-9,RF03167,"AVPU01000004.1/110568-110656_Lysobacter_daejeonensis_GH1-9_contig7,_whole_genome_shotgun_sequence_RF03167"
Wenzhouxiangellaceae,Wenzhouxiangella marina,RF00162,"CP012154.1/2142707-2142574_Wenzhouxiangella_marina_strain_KCTC_42284,_complete_genome_RF00162"
Erwiniaceae,Erwinia sp. OLSSP12,RF01734,"MNCH01000038.1/758-827_Erwinia_sp._OLSSP12_NODE_33_length_41299_cov_36.5915_ID_65,_whole_genome_shotgun_sequence_RF01734"
Yersiniaceae,Chania multitudinisentens RB-25,RF01734,"CP007044.2/4758383-4758446_Chania_multitudinisentens_RB-25_chromosome,_complete_genome_RF01734"
Bruguierivoracaceae,Sodalis ligni,RF01734,"SJOI01000001.1/2316757-2316819_Sodalis_ligni_strain_159R_Ga0299867_11,_whole_genome_shotgun_sequence_RF01734"
Chromatiaceae,Candidatus Nitrosoglobus terrae,RF01734,"AP014836.1/1025156-1025094_Candidatus_Nitrosoglobus_terrae_DNA,_complete_genome_RF01734"
Psychromonadaceae,Psychromonas sp. RZ22,RF01734,"SNUW01000006.1/175887-175958_Psychromonas_sp._RZ22_Scaffold5_1,_whole_genome_shotgun_sequence_RF01734"
Nevskiaceae,Solimonas terrae,RF01734,"JAAMOW010000001.1/664872-664808_Solimonas_terrae_strain_KIS83-12_NODE_1_length_786783_cov_53.558831,_whole_genome_shotgun_sequence_RF01734"
Marinobacteraceae,Marinobacter sp. B9-2,RF00442,"PYVH01000165.1/955-1061_Marinobacter_sp._B9-2_NODE_182_length_2873_cov_3.17857,_whole_genome_shotgun_sequence_RF00442"
Alcanivoracaceae,Alcanivorax borkumensis SK2,RF00442,"AM286690.1/2160939-2161078_Alcanivorax_borkumensis_SK2,_complete_genome_RF00442"
Spongiibacteraceae,Zhongshania aliphaticivorans,RF00442,"CACSIK010000001.1/987281-987411_Zhongshania_aliphaticivorans_isolate_SB11_1A_genome_assembly,_contig:_SB11_1A_contig_1,_whole_genome_shotgun_sequence_RF00442"
Thiotrichaceae,Thiothrix caldifontis,RF00442,"FNQP01000040.1/7117-7226_Thiothrix_caldifontis_strain_DSM_21228_genome_assembly,_contig:_Ga0056026_scaffold00040.40,_whole_genome_shotgun_sequence_RF00442"
Pseudoalteromonadaceae,Pseudoalteromonas rubra,RF00168,"JXYA01000041.1/65108-65284_Pseudoalteromonas_rubra_strain_S2471_contig0041,_whole_genome_shotgun_sequence._RF00168"
Idiomarinaceae,Idiomarina seosinensis,RF00168,"PIQF01000001.1/917534-917357_PIQF01000001.1_Idiomarina_seosinensis_strain_CL-SP19_contig1,_whole_genome_shotgun_sequence_RF00168"
Oleiphilaceae,Oleiphilus sp. HI0079,RF01051,"LWFT01000651.1/1945-1857_Oleiphilus_sp._HI0079_HI0079_c280,_whole_genome_shotgun_sequence_RF01051"
Saccharospirillaceae,Saccharospirillum salsuginis,RF01051,"BMXR01000003.1/422330-422256_Saccharospirillum_salsuginis_KCTC_22169_DNA,_sequence03,_whole_genome_shotgun_sequence_RF01051"
Salinisphaeraceae,Salinisphaera hydrothermalis C41B8,RF01051,"APNK01000008.1/10901-10990_Salinisphaera_hydrothermalis_C41B8_contig8,_whole_genome_shotgun_sequence_RF01051"
Acidiferrobacteraceae,Sulfuricaulis limicola,RF01051,"AP014879.1/2220800-2220712_Sulfuricaulis_limicola_DNA,_complete_genome_RF01051"
Alteromonadaceae,Alteromonadaceae bacterium M269,RF01051,"SMNZ01000004.1/138900-138993_Alteromonadaceae_bacterium_M269_M269_contig_4,_whole_genome_shotgun_sequence_RF01051"
Legionellaceae,Legionella tucsonensis,RF01068,"LNZA01000008.1/65095-65049_Legionella_tucsonensis_strain_ATCC_49180_Ltuc_ctg008,_whole_genome_shotgun_sequence_RF01068"
Sinobacteraceae,Hydrocarboniphaga effusa AP103,RF00080,"AKGD01000001.1/2231922-2231739_Hydrocarboniphaga_effusa_AP103_245_1,_whole_genome_shotgun_sequence_RF00080"
Coxiellaceae,Aquicella lusitana,RF00050,"QQAX01000014.1/49637-49454_QQAX01000014.1_Aquicella_lusitana_strain_DSM_16500_Ga0215694_114,_whole_genome_shotgun_sequence_RF00050"
Halothiobacillaceae,Halothiobacillus sp. LS2,RF00174,"CP016027.1/2217533-2217372_Halothiobacillus_sp._LS2,_complete_genome._RF00174"
Microbulbiferaceae,Microbulbifer sp. ZGT114,RF00174,"LQBR01000002.1/444733-444570_Microbulbifer_sp._ZGT114_ZB100001,_whole_genome_shotgun_sequence._RF00174"
Oceanospirillaceae,Oceanospirillaceae bacterium,RF00174,"JABXHP010000003.1/193-1_JABXHP010000003.1_MAG:_Oceanospirillaceae_bacterium_isolate_HF-Dia17_c_000000000889,_whole_genome_shotgun_sequence_RF00174"
Ectothiorhodospiraceae,Ectothiorhodospiraceae bacterium AqS1,RF00174,"JADHEH010000075.1/66470-66167_JADHEH010000075.1_MAG:_Ectothiorhodospiraceae_bacterium_AqS1_AqS1_Scaffold_57,_whole_genome_shotgun_sequence_RF00174"
Succinivibrionaceae,Succinatimonas sp. CAG:777,RF00059,"HF987925.1/38117-38016_Succinatimonas_sp._CAG:777_genomic_scaffold,_scf33_RF00059"
Morganellaceae,Arsenophonus endosymbiont of Aleurodicus floccissimus,RF00380,"OUND01000003.1/276461-276290_OUND01000003.1_Arsenophonus_endosymbiont_of_Aleurodicus_floccissimus_strain_ARAF_genome_assembly,_contig:_ARAF_3,_whole_genome_shotgun_sequence_RF00380"
Pseudomonadaceae,Pseudomonas oryzae,RF03057,"LT629751.1/3642750-3642808_LT629751.1_Pseudomonas_oryzae_strain_KCTC_32247_genome_assembly,_chromosome:_I_RF03057"
Rhodanobacteraceae,Frateuria aurantia DSM 6220,RF03057,"CP003350.1/1828829-1828884_Frateuria_aurantia_DSM_6220,_complete_genome._RF03057"
Moraxellaceae,Acinetobacter sp. ADP1,RF03054,CR543861.1/1463075-1463127_Acinetobacter_sp._ADP1_complete_genome_RF03054
Oceanospirillaceae,Marinomonas piezotolerans,RF03054,"QKRA01000002.1/432703-432750_Marinomonas_piezotolerans_strain_YLB-05_NODE_2_length_754002_cov_58.1381,_whole_genome_shotgun_sequence_RF03054"
Alteromonadaceae,Marinobacter lutaoensis,RF03054,"MSCW01000006.1/267769-267828_Marinobacter_lutaoensis_strain_T5054_DSM17466_contig_6,_whole_genome_shotgun_sequence_RF03054"
Vibrionaceae,Vibrio ziniensis,RF03054,"CP049331.1/682515-682567_Vibrio_ziniensis_strain_ZWAL4003_chromosome_1,_complete_sequence_RF03054"
Hahellaceae,Zooshikella ganghwensis,RF01725,"NDXW01000001.1/1961195-1961090_NDXW01000001.1_Zooshikella_ganghwensis_strain_VG4_tig00000001,_whole_genome_shotgun_sequence_RF01725"
Halieaceae,Sediminihaliea albiluteola,RF01725,"JACFXU010000017.1/260236-260136_JACFXU010000017.1_Sediminihaliea_albiluteola_strain_F7430_contig_17,_whole_genome_shotgun_sequence_RF01725"
Ectothiorhodospiraceae,Oceanococcus atlanticus,RF01725,"AQQV01000002.1/294946-295051_Oceanococcus_atlanticus_strain_22II-S10r2_contig2,_whole_genome_shotgun_sequence._RF01725"
Pasteurellaceae,Haemophilus paracuniculus,RF00522,"MUYA01000012.1/1715-1759_Haemophilus_paracuniculus_strain_CCUG_43573_43573T_ctg_0000012,_whole_genome_shotgun_sequence._RF00522"
Orbaceae,Gilliamella apicola,RF00522,"LZHQ01000006.1/5321-5365_LZHQ01000006.1_Gilliamella_sp._Occ3-1_Gilliamella_apicola_Occ3-1_contig14,_whole_genome_shotgun_sequence_RF00522"
Cardiobacteriaceae,Suttonella indologenes,RF00522,"UHIA01000004.1/168503-168547_UHIA01000004.1_Suttonella_indologenes_strain_NCTC10717_genome_assembly,_contig:_ERS1080587SCcontig000004,_whole_genome_shotgun_sequence_RF00522"
Shewanellaceae,Shewanella violacea DSS12,RF00167,"AP011177.1/3915840-3915939_Shewanella_violacea_DSS12_DNA,_complete_genome_RF00167"
Ferrimonadaceae,Ferrimonas aestuarii,RF00167,"SWCJ01000002.1/68926-68827_Ferrimonas_aestuarii_strain_IMCC35002_NODE_2_length_470601_cov_111.330796,_whole_genome_shotgun_sequence_RF00167"
Colwelliaceae,Thalassomonas actiniarum,RF03167,"CP059735.1/5501263-5501180_Thalassomonas_actiniarum_strain_A5K-106_chromosome,_complete_genome_RF03167"
Methylococcaceae,Methylomonas denitrificans,RF03167,"CP014476.1/1221971-1222051_Methylomonas_denitrificans_strain_FJG1_chromosome,_complete_genome_RF03167"
Halomonadaceae,Halomonas heilongjiangensis,RF03167,"PNRE01000044.1/3402-3321_Halomonas_heilongjiangensis_strain_DSM_26881_1091,_whole_genome_shotgun_sequence_RF03167"
Piscirickettsiaceae,Methylophaga lonarensis MPL,RF03167,"APHR01000001.1/7594-7677_Methylophaga_lonarensis_MPL_Contig01,_whole_genome_shotgun_sequence_RF03167"
Xanthomonadaceae,Lysobacter soli,RF00162,"CP071518.1/42770-42637_Lysobacter_solisilvae_strain_R19_chromosome,_complete_genome_RF00162"
Wenzhouxiangellaceae,Wenzhouxiangella sp. AB-CW3,RF00162,"CP061368.1/72603-72715_Wenzhouxiangella_sp._AB-CW3_chromosome,_complete_genome_RF00162"
Erwiniaceae,Erwinia sp. 198,RF01734,"RHUM01000004.1/7425-7498_Erwinia_sp._198_NODE_4_length_316149_cov_49.9414,_whole_genome_shotgun_sequence_RF01734"
Pectobacteriaceae,Acerihabitans arboris,RF01734,"WUBS01000005.1/20423-20361_Acerihabitans_arboris_strain_SAP-6_contig5,_whole_genome_shotgun_sequence_RF01734"
Yersiniaceae,Serratia sp. DD3,RF01734,"AYKS02000112.1/26161-26223_Serratia_sp._DD3_SRDD_contig000112,_whole_genome_shotgun_sequence_RF01734"
Chromatiaceae,Thiobaca trueperi,RF01734,"SMAO01000001.1/684-618_Thiobaca_trueperi_strain_DSM_13587_Ga0244666_101,_whole_genome_shotgun_sequence_RF01734"
Alcanivoracaceae,Alloalcanivorax marinus,RF00442,"JAJGNA010000001.1/400995-400896_Alloalcanivorax_marinus_strain_FXH-223_NODE_1_length_436265_cov_199.810577,_whole_genome_shotgun_sequence_RF00442"
Psychromonadaceae,Corallincola holothuriorum,RF00442,"QPID01000011.1/108739-108837_Corallincola_holothuriorum_strain_C4_Scaffold11,_whole_genome_shotgun_sequence_RF00442"
Cellvibrionaceae,Pseudomaricurvus sp. HS19,RF00442,"WVVW01000001.1/1684545-1684418_Pseudomaricurvus_sp._HS19_contig1,_whole_genome_shotgun_sequence_RF00442"
Spongiibacteraceae,Spongiibacter nanhainus,RF00442,"CP066167.1/3264333-3264113_Spongiibacter_nanhainus_strain_csc3.9_chromosome,_complete_genome_RF00442"
Nevskiaceae,Stenotrophobium rhamnosiphilum,RF00442,"QANS01000002.1/448675-448569_Stenotrophobium_rhamnosiphilum_strain_GT1R17_scaffold3,_whole_genome_shotgun_sequence_RF00442"
Aeromonadaceae,Tolumonas auensis DSM 9187,RF00442,"CP001616.1/3187332-3187227_Tolumonas_auensis_DSM_9187,_complete_genome_RF00442"
Pseudoalteromonadaceae,Pseudoalteromonas ulvae,RF00168,"MWPV01000004.1/363152-363345_Pseudoalteromonas_ulvae_strain_TC14_Contig_31,_whole_genome_shotgun_sequence._RF00168"
Idiomarinaceae,Idiomarina sp. A28L,RF00168,"AFPO01000011.1/72869-73040_Idiomarina_sp._A28L_contig00022,_whole_genome_shotgun_sequence._RF00168"
Marinobacteraceae,Tamilnaduibacter salinus,RF01051,"NMPM01000010.1/82230-82304_Tamilnaduibacter_salinus_strain_Mi-7_Mi-7_contig-10,_whole_genome_shotgun_sequence_RF01051"
Salinisphaeraceae,Salinisphaera sp. Q1T1-3,RF01051,"QZWD01000002.1/106602-106688_Salinisphaera_sp._Q1T1-3_NODE_2_length_368665_cov_18.955,_whole_genome_shotgun_sequence_RF01051"
Alteromonadaceae,Alteromonadaceae bacterium,RF01051,"VISH01000002.1/835938-835853_Alteromonadaceae_bacterium_2753L.S.0a.02_P886DRAFT_scf7180000000011_quiver.2,_whole_genome_shotgun_sequence_RF01051"
Legionellaceae,Legionella israelensis,RF01068,"LNYH01000108.1/64734-64690_Legionella_israelensis_strain_Bercovier_4_Lisr_ctg108,_whole_genome_shotgun_sequence_RF01068"
Saccharospirillaceae,Reinekea forsetii,RF01055,"CP011797.1/1173179-1173326_CP011797.1_Reinekea_forsetii_strain_Hel1_31_D35,_complete_genome_RF01055"
Thiotrichaceae,Candidatus Thiothrix singaporensis,RF00080,"CP059265.1/2936635-2936465_MAG:_Candidatus_Thiothrix_singaporensis_isolate_SSD2_chromosome,_complete_genome_RF00080"
Bruguierivoracaceae,Sodalis sp. Fse,RF00050,"CP072937.1/501816-501655_CP072937.1_MAG:_Sodalis_sp._Fse_chromosome,_complete_genome_RF00050"
Oleiphilaceae,Oleiphilus sp. HI0043,RF00174,"LWEY01001140.1/635-390_LWEY01001140.1_Oleiphilus_sp._HI0043_HI0043_c245,_whole_genome_shotgun_sequence_RF00174"
Coxiellaceae,Candidatus Aquirickettsiella gammari,RF00059,"NMOS02000005.1/78063-78210_NMOS02000005.1_MAG:_Candidatus_Aquirickettsiella_gammari_isolate_RA15029_NODE_5_length_89124_cov_360.67_ID_4565632,_whole_genome_shotgun_sequence_RF00059"
Succinivibrionaceae,Succinivibrio dextrinosolvens DSM 3072,RF00059,"FUXX01000048.1/16519-16422_FUXX01000048.1_Succinivibrio_dextrinosolvens_DSM_3072_genome_assembly,_contig:_EK08DRAFT_scaffold00048.48,_whole_genome_shotgun_sequence_RF00059"
Morganellaceae,Proteus myxofaciens ATCC 19692,RF00380,"LXEN01000040.1/35481-35293_LXEN01000040.1_Proteus_myxofaciens_ATCC_19692_Sequence00040,_whole_genome_shotgun_sequence_RF00380"
Pseudomonadaceae,Entomomonas asaccharolytica,RF03057,"CP067393.1/2253022-2253077_CP067393.1_Entomomonas_asaccharolytica_strain_F2A_chromosome,_complete_genome_RF03057"
Moraxellaceae,Acinetobacter marinus,RF03054,"FMYK01000005.1/145614-145549_Acinetobacter_marinus_ANC_3699_genome_assembly,_contig:_Ga0116952_105,_whole_genome_shotgun_sequence_RF03054"
Oceanospirillaceae,Thalassolituus sp. C2-1,RF03054,"VNIL01000001.1/734114-734168_Thalassolituus_sp._C2-1_Scaffold1,_whole_genome_shotgun_sequence_RF03054"
Alteromonadaceae,Alteromonas lipolytica,RF03054,"MJIC01000004.1/185988-186035_Alteromonas_lipolytica_strain_JW12_Alteromonas_lipolytica_JW12_S12,_whole_genome_shotgun_sequence_RF03054"
Vibrionaceae,Vibrio sp. qd031,RF03054,"JXQD01000002.1/277310-277264_Vibrio_sp._qd031_plasmid_unmamed_1_contig_2,_whole_genome_shotgun_sequence_RF03054"
Pasteurellaceae,Vespertiliibacter pulmonis,RF00522,"RKQP01000002.1/455-499_RKQP01000002.1_Vespertiliibacter_pulmonis_strain_DSM_27238_Ga0244703_102,_whole_genome_shotgun_sequence_RF00522"
Shewanellaceae,Shewanella sp. SNU WT4,RF00167,"CP041151.1/1107083-1107182_Shewanella_sp._SNU_WT4_chromosome,_complete_genome_RF00167"
Ferrimonadaceae,Paraferrimonas sedimenticola,RF03167,"BSNC01000004.1/32082-32166_Paraferrimonas_sedimenticola_NBRC_101628_DNA,_sequence04,_whole_genome_shotgun_sequence_RF03167"
Colwelliaceae,Thalassotalea mangrovi,RF03167,"SWDB01000021.1/133532-133417_Thalassotalea_mangrovi_strain_ZS-4_Scaffold9_1,_whole_genome_shotgun_sequence_RF03167"
Methylococcaceae,Methylomonas sp.,RF03167,"JAGXSF010000080.1/21271-21355_MAG:_Methylomonas_sp._isolate_CROMO_A_173_c_000000564177,_whole_genome_shotgun_sequence_RF03167"
Ectothiorhodospiraceae,Thioalkalivibrio paradoxus ARh 1,RF03167,"CP007029.1/1047310-1047218_Thioalkalivibrio_paradoxus_ARh_1,_complete_genome_RF03167"
Halieaceae,Seongchinamella unica,RF03167,"SMSE01000001.1/723253-723337_Seongchinamella_unica_strain_GH4-78_contig1,_whole_genome_shotgun_sequence_RF03167"
Xanthomonadaceae,Lysobacter sp. HDW10,RF00162,"CP049864.1/1217539-1217650_Lysobacter_sp._HDW10_chromosome,_complete_genome_RF00162"
Rhodanobacteraceae,Dyella dinghuensis,RF00162,"RYZR01000007.1/90084-90201_Dyella_dinghuensis_strain_DHOA06_scaffold7,_whole_genome_shotgun_sequence_RF00162"
Wenzhouxiangellaceae,Marinihelvus fidelis,RF00162,"VYXP01000002.1/197828-197709_Marinihelvus_fidelis_strain_W260_scaffold2,_whole_genome_shotgun_sequence_RF00162"
Erwiniaceae,Erwinia sorbitola,RF01734,"CP046509.1/3652555-3652483_Erwinia_sorbitola_strain_J780_chromosome,_complete_genome_RF01734"
Yersiniaceae,Chimaeribacter arupi,RF01734,"PJZK01000004.1/107239-107298_Chimaeribacter_arupi_strain_2016-Iso1_NODE_4_length_275172_cov_35.2109_ID_5651,_whole_genome_shotgun_sequence_RF01734"
Halomonadaceae,Zymobacter palmae,RF01734,"AP018933.1/2784657-2784719_Zymobacter_palmae_IAM14233_DNA,_complete_genome_RF01734"
Hahellaceae,Endozoicomonas montiporae,RF01734,"JOKG01000001.1/596090-596005_Endozoicomonas_montiporae_strain_LMG_24815_scaffold00001,_whole_genome_shotgun_sequence_RF01734"
Psychromonadaceae,Psychromonas sp. B3M02,RF00442,"QOCB01000119.1/30117-30021_Psychromonas_sp._B3M02_CGTACTAG-ACTGCATA-s_1_1_contig_17,_whole_genome_shotgun_sequence_RF00442"
Cellvibrionaceae,Cellvibrio sp. PSBB023,RF00442,"CP019799.1/2390021-2390151_Cellvibrio_sp._PSBB023_chromosome,_complete_genome_RF00442"
Chromatiaceae,Thiocapsa marina 5811,RF00442,"AFWV01000007.1/14164-14338_Thiocapsa_marina_5811_ctg470,_whole_genome_shotgun_sequence_RF00442"
Nevskiaceae,Solimonas fluminis,RF00442,"PSNW01000011.1/84416-84315_Solimonas_fluminis_strain_HR-BB_HR-BB_11,_whole_genome_shotgun_sequence_RF00442"
Pseudoalteromonadaceae,Psychrosphaera ytuae,RF00168,"CP072110.1/633807-633633_CP072110.1_Psychrosphaera_ytuae_strain_MTZ26_chromosome,_complete_genome_RF00168"
Idiomarinaceae,Aliidiomarina sanyensis,RF00168,"PIPM01000001.1/83179-83357_PIPM01000001.1_Aliidiomarina_sanyensis_strain_GYP-17_contig1,_whole_genome_shotgun_sequence_RF00168"
Aeromonadaceae,Oceanimonas sp. GK1,RF00168,"CP003171.1/2605039-2605210_Oceanimonas_sp._GK1,_complete_genome._RF00168"
Piscirickettsiaceae,Hydrogenovibrio marinus,RF01051,"JMIU01000001.1/640017-639943_Hydrogenovibrio_marinus_strain_MH-110_scaffold00001,_whole_genome_shotgun_sequence_RF01051"
Alcanivoracaceae,Kangiella koreensis DSM 16069,RF01068,"CP001707.1/1941314-1941358_Kangiella_koreensis_DSM_16069,_complete_genome_RF01068"
Spongiibacteraceae,Dasania phycosphaerae,RF01068,"JAPTGG010000002.1/89371-89417_Dasania_phycosphaerae_strain_GY-19_NODE_2_length_396670_cov_119.668591,_whole_genome_shotgun_sequence_RF01068"
Legionellaceae,Legionella worsleiensis,RF01068,"LNZC01000027.1/277961-278008_Legionella_worsleiensis_strain_ATCC_49508_Lwor_ctg027,_whole_genome_shotgun_sequence_RF01068"
Saccharospirillaceae,Reinekea thalattae,RF01055,"VKAD01000001.1/1083963-1083807_VKAD01000001.1_Reinekea_thalattae_strain_SSH23_contig1,_whole_genome_shotgun_sequence_RF01055"
Marinobacteraceae,Marinobacter confluentis,RF00080,"SRPF01000006.1/65655-65825_Marinobacter_confluentis_strain_HJM-18_42075_contig_6,_whole_genome_shotgun_sequence_RF00080"
Thiotrichaceae,Thiothrix nivea DSM 5205,RF01057,"JH651384.1/2576106-2576181_Thiothrix_nivea_DSM_5205_genomic_scaffold_Thiniscaffold_4,_whole_genome_shotgun_sequence_RF01057"
Bruguierivoracaceae,Sodalis-like symbiont of Philaenus spumarius,RF00059,"NKXM01000049.1/1918-1818_NKXM01000049.1_Sodalis-like_symbiont_of_Philaenus_spumarius_strain_spu_UN00062,_whole_genome_shotgun_sequence_RF00059"
Coxiellaceae,Candidatus Rickettsiella isopodorum,RF00059,"LUKY01000033.1/217739-217854_LUKY01000033.1_Candidatus_Rickettsiella_isopodorum_strain_RCFS_May_2013_395,_whole_genome_shotgun_sequence_RF00059"
Succinivibrionaceae,Anaerobiospirillum thomasii,RF00059,"UAPV01000001.1/2182393-2182287_UAPV01000001.1_Anaerobiospirillum_thomasii_strain_NCTC13093_genome_assembly,_contig:_59014_A021,_whole_genome_shotgun_sequence_RF00059"
Cardiobacteriaceae,Dichelobacter nodosus VCS1703A,RF00059,"CP000513.1/283593-283503_Dichelobacter_nodosus_VCS1703A,_complete_genome._RF00059"
Morganellaceae,Providencia heimbachae ATCC 35613,RF00380,"LXEW01000047.1/33416-33588_LXEW01000047.1_Providencia_heimbachae_ATCC_35613_Sequence00047,_whole_genome_shotgun_sequence_RF00380"
Pseudomonadaceae,Pseudomonas resinovorans NBRC 106553,RF03057,"AP013068.1/2944303-2944244_Pseudomonas_resinovorans_NBRC_106553_DNA,_complete_geonome._RF03057"
Alteromonadaceae,Alginatibacterium sediminis,RF03054,"RAQO01000010.1/70013-69967_Alginatibacterium_sediminis_strain_ALS_81_1K03482_S43_L002_R1_001__paired__contig_10,_whole_genome_shotgun_sequence_RF03054"
Vibrionaceae,Vibrio furnissii,RF03054,"LKHS01000014.1/243408-243355_Vibrio_furnissii_strain_S0821_contig0014,_whole_genome_shotgun_sequence_RF03054"
Moraxellaceae,Aquirhabdus parva,RF03054,"CP031222.1/768347-768284_Aquirhabdus_parva_strain_HYN0046_chromosome,_complete_genome_RF03054"
Oceanospirillaceae,Neptunomonas japonica JAMM 1380,RF01725,"AP014546.1/2466016-2466120_AP014546.1_Neptunomonas_japonica_JAMM_1380_DNA,_complete_genome_RF01725"
Pasteurellaceae,Haemophilus influenzae Rd KW20,RF00522,"L42023.1/1258303-1258259_Haemophilus_influenzae_Rd_KW20,_complete_genome._RF00522"
Shewanellaceae,Shewanella mangrovi,RF03167,"JPEO01000002.1/109970-109895_Shewanella_mangrovi_strain_YQH10_contig2,_whole_genome_shotgun_sequence_RF03167"
Methylococcaceae,Methylomonas sp. LWB,RF03167,"MKMC01000009.1/87612-87690_Methylomonas_sp._LWB_scaffold17_size115820,_whole_genome_shotgun_sequence_RF03167"
Ectothiorhodospiraceae,Thioalkalivibrio denitrificans,RF03167,"MVBK01000002.1/27956-28038_Thioalkalivibrio_denitrificans_strain_ALJD_Ga0073317_1002,_whole_genome_shotgun_sequence_RF03167"
Halieaceae,Haliea sp. SAOS-164,RF03167,"SRLE01000012.1/263873-263782_Haliea_sp._SAOS-164_SAOS_164_contig_12,_whole_genome_shotgun_sequence_RF03167"
Xanthomonadaceae,Vulcaniibacterium thermophilum,RF00162,"BNCF01000004.1/180793-180904_Vulcaniibacterium_thermophilum_KCTC_32020_DNA,_sequence04,_whole_genome_shotgun_sequence_RF00162"
Rhodanobacteraceae,Luteibacter sp. UNCMF366Tsu5.1,RF00162,"FPIS01000001.1/1659365-1659253_Luteibacter_sp._UNCMF366Tsu5.1_genome_assembly,_contig:_FG06DRAFT_scaffold00001.1,_whole_genome_shotgun_sequence_RF00162"
Erwiniaceae,Tatumella ptyseos ATCC 33301,RF01734,"JMPR01000012.1/20844-20921_Tatumella_ptyseos_ATCC_33301_GTPT.assembly.012,_whole_genome_shotgun_sequence_RF01734"
Yersiniaceae,Ewingella americana ATCC 33852,RF01734,"JMPJ01000026.1/17323-17261_Ewingella_americana_ATCC_33852_GEAM.assembly.033,_whole_genome_shotgun_sequence_RF01734"
Halomonadaceae,Salinicola sp. MIT1003,RF01734,"MCAP01000024.1/14886-14802_Salinicola_sp._MIT1003_NODE_31_length_23181_cov_92.2337_ID_61,_whole_genome_shotgun_sequence_RF01734"
Cellvibrionaceae,Gilvimarinus sp. DA14,RF00442,"CP100350.1/2984957-2984853_Gilvimarinus_sp._DA14_chromosome,_complete_genome_RF00442"
Nevskiaceae,Sinimarinibacterium sp. CAU 1509,RF00442,"SUKF01000008.1/240208-240328_Sinimarinibacterium_sp._CAU_1509_contig8,_whole_genome_shotgun_sequence_RF00442"
Colwelliaceae,Thalassotalea marina,RF00168,"BNCK01000004.1/24682-24874_BNCK01000004.1_Thalassotalea_marina_KCTC_42731_DNA,_sequence04,_whole_genome_shotgun_sequence_RF00168"
Pseudoalteromonadaceae,Pseudoalteromonas luteoviolacea DSM 6061,RF00168,"AUYB01000125.1/99520-99348_AUYB01000125.1_Pseudoalteromonas_luteoviolacea_DSM_6061_contig_6,_whole_genome_shotgun_sequence_RF00168"
Ferrimonadaceae,Ferrimonas lipolytica,RF00168,"CP051180.1/2408150-2407954_CP051180.1_Ferrimonas_lipolytica_strain_S7_chromosome,_complete_genome_RF00168"
Idiomarinaceae,Aliidiomarina haloalkalitolerans,RF00168,"PIPI01000001.1/265458-265676_PIPI01000001.1_Aliidiomarina_haloalkalitolerans_strain_AK5_contig1,_whole_genome_shotgun_sequence_RF00168"
Aeromonadaceae,Oceanisphaera avium,RF00168,"CP021376.1/440464-440291_CP021376.1_Oceanisphaera_avium_strain_AMac2203_chromosome,_complete_genome_RF00168"
Hahellaceae,Endozoicomonas numazuensis,RF00168,"JOKH01000002.1/575270-575078_Endozoicomonas_numazuensis_strain_DSM_25634_scaffold00002,_whole_genome_shotgun_sequence._RF00168"
Chromatiaceae,Rheinheimera sp. D18,RF00168,"CP037745.1/1392282-1392454_CP037745.1_Rheinheimera_sp._D18_chromosome,_complete_genome_RF00168"
Psychromonadaceae,Psychromonas ingrahamii 37,RF01051,"CP000510.1/3752582-3752507_Psychromonas_ingrahamii_37,_complete_genome_RF01051"
Piscirickettsiaceae,Thiosulfatimonas sediminis,RF01051,"AP021889.1/2530216-2530295_Thiosulfatimonas_sediminis_aks77_DNA,_complete_genome_RF01051"
Legionellaceae,Legionella feeleii,RF00080,"LNYB01000023.1/10936-11101_Legionella_feeleii_strain_WO-44C_Lfee_ctg023,_whole_genome_shotgun_sequence_RF00080"
Thiotrichaceae,Achromatium sp. WMS3,RF01057,"JXSO01000066.1/10099-10178_Achromatium_sp._WMS3_contig-199_65,_whole_genome_shotgun_sequence_RF01057"
Wenzhouxiangellaceae,Wenzhouxiangella sp. 15181,RF00174,"QUZL01000015.1/21912-21666_QUZL01000015.1_Wenzhouxiangella_sp._15181_173,_whole_genome_shotgun_sequence_RF00174"
Spongiibacteraceae,Spongiibacter pelagi,RF00174,"JACXLD010000003.1/87191-86996_JACXLD010000003.1_Spongiibacter_pelagi_strain_KMU-158_contig3,_whole_genome_shotgun_sequence_RF00174"
Morganellaceae,Moellerella wisconsensis ATCC 35017,RF00380,"LGAA01000014.1/70518-70690_Moellerella_wisconsensis_ATCC_35017_Sequence00014,_whole_genome_shotgun_sequence._RF00380"
Pseudomonadaceae,Pseudomonas fulva 12-X,RF03057,"CP002727.1/2365079-2365135_Pseudomonas_fulva_12-X,_complete_genome._RF03057"
Vibrionaceae,Photobacterium halotolerans,RF03054,"JWYV01000001.1/583973-584021_Photobacterium_halotolerans_strain_MELD1_scaffold1,_whole_genome_shotgun_sequence_RF03054"
Oceanospirillaceae,Amphritea japonica ATCC BAA-1530,RF01725,"AP014545.1/1202042-1201925_AP014545.1_Amphritea_japonica_ATCC_BAA-1530_DNA,_complete_genome_RF01725"
Alteromonadaceae,Microbulbifer thermotolerans,RF01725,"CP014864.1/1417775-1417646_Microbulbifer_thermotolerans_strain_DAU221,_complete_genome._RF01725"
Pasteurellaceae,Bisgaardia hudsonensis,RF00522,"SLXI01000003.1/119740-119784_SLXI01000003.1_Bisgaardia_hudsonensis_strain_DSM_28231_Ga0310497_103,_whole_genome_shotgun_sequence_RF00522"
Xanthomonadaceae,Pseudoxanthomonas suwonensis,RF00162,"CP011144.1/2938206-2938324_Pseudoxanthomonas_suwonensis_strain_J1,_complete_genome_RF00162"
Rhodanobacteraceae,Aerosticca soli,RF00162,"AP018560.1/270523-270634_Aerosticca_soli_DNA,_complete_genome_RF00162"
Erwiniaceae,Pantoea sp. M_5,RF01734,"VWUI01000159.1/4067-4138_Pantoea_sp._M_5_Scaffold_156,_whole_genome_shotgun_sequence_RF01734"
Moraxellaceae,Acinetobacter gerneri DSM 14967 = CIP 107464,RF01734,"KB849539.1/187621-187554_Acinetobacter_gerneri_DSM_14967_=_CIP_107464_genomic_scaffold_acLZs-supercont1.32,_whole_genome_shotgun_sequence_RF01734"
Ectothiorhodospiraceae,Acidihalobacter ferrooxydans,RF01734,"CP019434.1/1748784-1748722_Acidihalobacter_ferrooxydans_strain_V8_chromosome,_partial_genome_RF01734"
Halomonadaceae,Halomonas sp. DQ26W,RF00442,"QPKI01000007.1/70605-70452_Halomonas_sp._DQ26W_DQ-26W_scaffold7,_whole_genome_shotgun_sequence_RF00442"
Cellvibrionaceae,Cellvibrio sp. PSBB006,RF00442,"CP021382.1/4801583-4801443_Cellvibrio_sp._PSBB006_chromosome,_complete_genome_RF00442"
Methylococcaceae,Methylomicrobium album BG8,RF00442,"CM001475.1/678109-678206_Methylomicrobium_album_BG8_chromosome,_whole_genome_shotgun_sequence_RF00442"
Colwelliaceae,Colwellia sp. C1TZA3,RF00168,"VOLS01000002.1/66095-66287_VOLS01000002.1_Colwellia_sp._C1TZA3_NODE_2_length_144967_cov_124.117,_whole_genome_shotgun_sequence_RF00168"
Shewanellaceae,Shewanella aestuarii,RF00168,"CP050313.1/628059-628234_CP050313.1_Shewanella_aestuarii_strain_PN3F2_chromosome_PN3F2,_complete_sequence_RF00168"
Pseudoalteromonadaceae,Pseudoalteromonas ruthenica,RF00168,"JXXZ01000010.1/675176-675367_Pseudoalteromonas_ruthenica_strain_S3137_contig0010,_whole_genome_shotgun_sequence._RF00168"
Ferrimonadaceae,Paraferrimonas haliotis,RF00168,"BSPO01000003.1/40534-40713_BSPO01000003.1_Paraferrimonas_haliotis_NBRC_112785_DNA,_sequence03,_whole_genome_shotgun_sequence_RF00168"
Chromatiaceae,Rheinheimera salexigens,RF00168,"MKEK01000001.1/1670805-1670977_MKEK01000001.1_Rheinheimera_salexigens_strain_KH87_scaffold00001,_whole_genome_shotgun_sequence_RF00168"
Idiomarinaceae,Idiomarina tyrosinivorans,RF01051,"PIQH01000005.1/21842-21748_Idiomarina_tyrosinivorans_strain_CC-PW-9_contig5,_whole_genome_shotgun_sequence_RF01051"
Halieaceae,Kineobactrum salinum,RF01051,"CP048711.1/384059-383971_Kineobactrum_salinum_strain_M2_chromosome,_complete_genome_RF01051"
Piscirickettsiaceae,Methylophaga thiooxydans DMS010,RF01068,"GG657883.1/39130-39174_Methylophaga_thiooxydans_DMS010_genomic_scaffold_scf_1104571000268,_whole_genome_shotgun_sequence_RF01068"
Psychromonadaceae,Psychromonas sp. RZ5,RF01055,"SNUB01000019.1/24964-25116_SNUB01000019.1_Psychromonas_sp._RZ5_RZ5_contig_19,_whole_genome_shotgun_sequence_RF01055"
Nevskiaceae,Stagnimonas aquatica,RF00080,"RJVO01000001.1/778281-778450_Stagnimonas_aquatica_strain_THS-13_contig01,_whole_genome_shotgun_sequence_RF00080"
Thiotrichaceae,Cocleimonas flava,RF01057,"SMFQ01000002.1/935966-935854_Cocleimonas_flava_strain_DSM_24830_Ga0310460_101,_whole_genome_shotgun_sequence_RF01057"
Yersiniaceae,Candidatus Fukatsuia symbiotica,RF00059,"CP021659.1/2163504-2163616_CP021659.1_Candidatus_Fukatsuia_symbiotica_strain_5D_chromosome,_complete_genome_RF00059"
Legionellaceae,Legionella nautarum,RF00059,"LNYO01000024.1/738747-738839_Legionella_nautarum_strain_ATCC_49506_Lnau_ctg024,_whole_genome_shotgun_sequence._RF00059"
Morganellaceae,Providencia sneebia DSM 19967,RF00380,"CM001773.1/3166869-3166696_Providencia_sneebia_DSM_19967_chromosome,_whole_genome_shotgun_sequence._RF00380"
Pseudomonadaceae,Pseudomonas sp. 1239,RF03057,"NFSA01000040.1/25747-25806_NFSA01000040.1_Pseudomonas_sp._1239_Contig40,_whole_genome_shotgun_sequence_RF03057"
Oceanospirillaceae,Motiliproteus sp. MSK22-1,RF01725,"MIEQ01000053.1/73389-73258_Motiliproteus_sp._MSK22-1_scaffold49_cov2735_read212,_whole_genome_shotgun_sequence._RF01725"
Alteromonadaceae,Paraglaciecola sp. MB-3u-78,RF01725,"PJCF01000009.1/167368-167245_PJCF01000009.1_Paraglaciecola_sp._MB-3u-78_contig13,_whole_genome_shotgun_sequence_RF01725"
Pasteurellaceae,Actinobacillus indolicus,RF00522,"CP038145.1/520270-520314_CP038145.1_Actinobacillus_indolicus_strain_AIFJ1607_chromosome,_complete_genome_RF00522"
Vibrionaceae,Vibrio paucivorans,RF00167,"JAKRRX010000006.1/63850-63947_Vibrio_paucivorans_strain_DBSS07_6,_whole_genome_shotgun_sequence_RF00167"
Xanthomonadaceae,Xanthomonas campestris pv. campestris str. ATCC 33913,RF00162,"AE008922.1/3379772-3379652_Xanthomonas_campestris_pv._campestris_str._ATCC_33913,_complete_genome_RF00162"
Rhodanobacteraceae,Dyella sp. M7H15-1,RF00162,"CP035300.1/3097469-3097586_Dyella_sp._M7H15-1_chromosome,_complete_genome_RF00162"
Erwiniaceae,Izhakiella capsodis,RF01734,"FOVC01000001.1/375304-375237_Izhakiella_capsodis_strain_N6PO6_genome_assembly,_contig:_Ga0105830_101,_whole_genome_shotgun_sequence_RF01734"
Moraxellaceae,Acinetobacter qingfengensis,RF01734,"MKKK01000021.1/12660-12592_Acinetobacter_qingfengensis_strain_ANC_4671_Contig28,_whole_genome_shotgun_sequence_RF01734"
Halomonadaceae,Cobetia sp. UCD-24C,RF00442,"LJTD01000004.1/253421-253313_Cobetia_sp._UCD-24C_scaffold_3,_whole_genome_shotgun_sequence_RF00442"
Cellvibrionaceae,Cellvibrio sp. KY-GH-1,RF00442,"CP031728.1/2584945-2585064_Cellvibrio_sp._KY-GH-1_chromosome,_complete_genome_RF00442"
Ectothiorhodospiraceae,Aquisalimonas asiatica,RF00442,"FOEG01000016.1/13731-13629_Aquisalimonas_asiatica_strain_CGMCC_1.6291_genome_assembly,_contig:_Ga0070158_116,_whole_genome_shotgun_sequence_RF00442"
Colwelliaceae,Litorilituus lipolyticus,RF00168,"SAWY01000018.1/49619-49414_SAWY01000018.1_Litorilituus_lipolyticus_strain_RZ04_NODE_23_length_91083_cov_31.468990,_whole_genome_shotgun_sequence_RF00168"
Shewanellaceae,Shewanella cyperi,RF00168,"CP071504.1/1323776-1323979_CP071504.1_Shewanella_cyperi_strain_FJAT-53726_chromosome,_complete_genome_RF00168"
Pseudoalteromonadaceae,Psychrosphaera saromensis,RF00168,"MSCH01000003.1/2775386-2775178_MSCH01000003.1_Psychrosphaera_saromensis_strain_SA4-48_scaffold3_cov84_read161,_whole_genome_shotgun_sequence_RF00168"
Chromatiaceae,Arsukibacterium sp. MJ3,RF00168,"LAHP01000004.1/169020-169189_Arsukibacterium_sp._MJ3_EFN4V4Q4,_whole_genome_shotgun_sequence._RF00168"
Idiomarinaceae,Aliidiomarina soli,RF01051,"PIPO01000005.1/227660-227572_Aliidiomarina_soli_strain_Y4G10-17_contig5,_whole_genome_shotgun_sequence_RF01051"
Methylococcaceae,Methylomonas lenta,RF01051,"LUUI01000024.1/754-838_Methylomonas_lenta_strain_R-45370_contig_121_(1..10702),_whole_genome_shotgun_sequence_RF01051"
Thiotrichaceae,Thiothrix eikelboomii,RF01057,"FUYB01000004.1/58817-58734_Thiothrix_eikelboomii_strain_ATCC_49788_genome_assembly,_contig:_EI61DRAFT_scaffold00004.4,_whole_genome_shotgun_sequence_RF01057"
Piscirickettsiaceae,Cycloclasticus sp. symbiont of Poecilosclerida sp. N,RF01057,"LWTM01000077.1/126131-126046_MAG:_Cycloclasticus_sp._symbiont_of_Poecilosclerida_sp._N_isolate_specimen_N_Ga0097676_177,_whole_genome_shotgun_sequence_RF01057"
Psychromonadaceae,Psychromonas sp. CNPT3,RF00504,"CP004404.1/1826815-1826919_Psychromonas_sp._CNPT3,_complete_genome_RF00504"
Halieaceae,Parahaliea aestuarii,RF00174,"VRYZ01000004.1/270178-269974_VRYZ01000004.1_Parahaliea_aestuarii_strain_S2-26_NODE_4_length_505008_cov_33.320971,_whole_genome_shotgun_sequence_RF00174"
Legionellaceae,Legionella rubrilucens,RF00059,"LNYT01000007.1/533733-533634_Legionella_rubrilucens_strain_WA-270A-C2_Lrub_ctg007,_whole_genome_shotgun_sequence._RF00059"
Pseudomonadaceae,Pseudomonas oryzihabitans,RF03057,"CP013987.1/4059231-4059172_Pseudomonas_oryzihabitans_strain_USDA-ARS-USMARC-56511,_complete_genome._RF03057"
Oceanospirillaceae,Marinobacterium sp. ST58-10,RF01725,"CP015839.1/3259785-3259891_Marinobacterium_sp._ST58-10,_complete_genome._RF01725"
Alteromonadaceae,Alkalimarinus sediminis,RF01725,"CP101527.1/2964321-2964443_CP101527.1_Alkalimarinus_sediminis_strain_FA028_chromosome,_complete_genome_RF01725"
Pasteurellaceae,Chelonobacter oris,RF00522,"JSUM01000010.1/192918-192962_Chelonobacter_oris_strain_1662_contig000009,_whole_genome_shotgun_sequence._RF00522"
Vibrionaceae,Vibrio thalassae,RF00167,"OANU01000023.1/51961-51862_Vibrio_thalassae_strain_CECT8203_genome_assembly,_contig:_0023,_whole_genome_shotgun_sequence_RF00167"
Xanthomonadaceae,Frateuria terrea,RF00162,"FNYC01000004.1/280889-281004_Frateuria_terrea_strain_DSM_26515_genome_assembly,_contig:_Ga0070004_104,_whole_genome_shotgun_sequence_RF00162"
Rhodanobacteraceae,Dokdonella sp.,RF00162,"JAGIAG010000013.1/3630-3750_MAG:_Dokdonella_sp._isolate_BIN16_scaffold13_cov0,_whole_genome_shotgun_sequence_RF00162"
Erwiniaceae,Pantoea alhagi,RF01734,"CP019706.1/1400736-1400662_Pantoea_alhagi_strain_LTYR-11Z_chromosome,_complete_sequence_RF01734"
Moraxellaceae,Acinetobacter brisouii CIP 110357,RF01734,"KI530763.1/81247-81181_Acinetobacter_brisouii_CIP_110357_genomic_scaffold_adgTE-supercont2.2,_whole_genome_shotgun_sequence_RF01734"
Halomonadaceae,Halovibrio salipaludis,RF00442,"NSKD01000003.1/218383-218481_Halovibrio_salipaludis_strain_YL5-2_contig3,_whole_genome_shotgun_sequence_RF00442"
Ectothiorhodospiraceae,Aquisalimonas sp. 2447,RF00442,"CP050695.1/614692-614794_Aquisalimonas_sp._2447_chromosome,_complete_genome_RF00442"
Colwelliaceae,Thalassotalea piscium,RF00168,"JACHHU010000039.1/13257-13454_JACHHU010000039.1_Thalassotalea_piscium_strain_DSM_26287_Ga0415254_39,_whole_genome_shotgun_sequence_RF00168"
Shewanellaceae,Shewanella denitrificans OS217,RF00168,"CP000302.1/3036316-3036119_Shewanella_denitrificans_OS217,_complete_genome._RF00168"
Pseudoalteromonadaceae,Pseudoalteromonas sp. NBT06-2,RF00168,"NQMR01000062.1/1809-1612_NQMR01000062.1_Pseudoalteromonas_sp._NBT06-2_contig62,_whole_genome_shotgun_sequence_RF00168"
Chromatiaceae,Rheinheimera sp. SA_1,RF00168,"LXWK01000015.1/273371-273200_Rheinheimera_sp._SA_1_Contig_2,_whole_genome_shotgun_sequence._RF00168"
Idiomarinaceae,Idiomarina planktonica,RF01051,"FXWH01000001.1/509147-509047_Idiomarina_planktonica_strain_CGMCC_1.12458_genome_assembly,_contig:_Ga0171582_11,_whole_genome_shotgun_sequence_RF01051"
Methylococcaceae,Methylobacter tundripaludum SV96,RF01051,"JH109152.1/2172784-2172858_Methylobacter_tundripaludum_SV96_genomic_scaffold_Mettuscaffold_1,_whole_genome_shotgun_sequence_RF01051"
Morganellaceae,Xenorhabdus bovienii str. kraussei Quebec,RF01068,"HG427627.1/3701-3747_Xenorhabdus_bovienii_str._kraussei_Quebec_genomic_scaffold,_XBKQ_3535_scaffold139,_whole_genome_shotgun_sequence_RF01068"
Cellvibrionaceae,Aestuariicella hydrocarbonica,RF01068,"JAAONZ010000006.1/194749-194795_Aestuariicella_hydrocarbonica_strain_JCM_30134_NODE_6_length_255920_cov_33.326932,_whole_genome_shotgun_sequence_RF01068"
Thiotrichaceae,Thiothrix unzii,RF01057,"CP072793.1/2905319-2905392_Thiothrix_unzii_strain_A1_chromosome,_complete_genome_RF01057"
Piscirickettsiaceae,Cycloclasticus sp. P1,RF01057,"CP003230.1/2263935-2263859_Cycloclasticus_sp._P1_chromosome,_complete_genome_RF01057"
Halieaceae,Kineobactrum sediminis,RF00174,"PKLZ01000003.1/242929-242767_PKLZ01000003.1_Kineobactrum_sediminis_strain_F02_contig3,_whole_genome_shotgun_sequence_RF00174"
Psychromonadaceae,Psychromonas sp. PRT-SC03,RF00059,"JPUQ01000118.1/6755-6853_Psychromonas_sp._PRT-SC03_contig_6443,_whole_genome_shotgun_sequence._RF00059"
Legionellaceae,Legionella clemsonensis,RF00059,"CP016397.1/1032974-1032856_Legionella_clemsonensis_strain_CDC-D5610_chromosome,_complete_genome._RF00059"
Pseudomonadaceae,Pseudomonas kuykendallii,RF03057,"FNNU01000005.1/119307-119250_FNNU01000005.1_Pseudomonas_kuykendallii_strain_NRRL_B-59562_genome_assembly,_contig:_Ga0104667_105,_whole_genome_shotgun_sequence_RF03057"
Oceanospirillaceae,Motiliproteus coralliicola,RF01725,"QQOH01000001.1/1530120-1530005_QQOH01000001.1_Motiliproteus_coralliicola_strain_C34_Scaffold1_1,_whole_genome_shotgun_sequence_RF01725"
Pasteurellaceae,Cricetibacter osteomyelitidis,RF00522,"SLYB01000007.1/70267-70311_SLYB01000007.1_Cricetibacter_osteomyelitidis_strain_DSM_28404_Ga0244707_107,_whole_genome_shotgun_sequence_RF00522"
Vibrionaceae,Photobacterium jeanii,RF00167,"LVHF01000029.1/282308-282209_Photobacterium_jeanii_strain_R-40508_scaffold5,_whole_genome_shotgun_sequence_RF00167"
Alteromonadaceae,Alteromonas confluentis,RF03167,"MDHN01000041.1/42794-42706_Alteromonas_confluentis_strain_KCTC_42603_Alteromonas_confluentis_KCTC42603_S46,_whole_genome_shotgun_sequence_RF03167"
Xanthomonadaceae,Dokdonella fugitiva,RF00162,"SLWQ01000011.1/50645-50782_Dokdonella_fugitiva_strain_A3_Ga0310589_111,_whole_genome_shotgun_sequence_RF00162"
Rhodanobacteraceae,Mizugakiibacter sediminis,RF00162,"DF970243.1/16118-16240_Mizugakiibacter_sediminis_DNA,_contig:_NODE_125,_strain:_skMP5,_whole_genome_shotgun_sequence_RF00162"
Moraxellaceae,Acinetobacter nectaris CIP 110549,RF01734,"KI530723.1/120678-120613_Acinetobacter_nectaris_CIP_110549_genomic_scaffold_adgTG-supercont2.2,_whole_genome_shotgun_sequence_RF01734"
Halomonadaceae,Halomonas sp. 1513,RF00442,"CP019326.1/1312888-1312736_Halomonas_sp._1513_chromosome,_complete_genome_RF00442"
Ectothiorhodospiraceae,Alkalilimnicola ehrlichii,RF00442,"NFZW01000027.1/28830-28927_Alkalilimnicola_ehrlichii_strain_AK93_NODE_27_length_53861_cov_50.3494_ID_53,_whole_genome_shotgun_sequence_RF00442"
Colwelliaceae,Colwellia sp. 12G3,RF00168,"PJAQ01000017.1/1944-1734_PJAQ01000017.1_Colwellia_sp._12G3_contig3,_whole_genome_shotgun_sequence_RF00168"
Shewanellaceae,Shewanella salipaludis,RF00168,"JAAXYH010000008.1/137196-137371_JAAXYH010000008.1_Shewanella_salipaludis_strain_SHSM-M6_8,_whole_genome_shotgun_sequence_RF00168"
Pseudoalteromonadaceae,Pseudoalteromonas phenolica,RF00168,"CP013187.1/3573121-3573313_Pseudoalteromonas_phenolica_strain_KCTC_12086_chromosome_I,_complete_sequence._RF00168"
Erwiniaceae,Erwinia sp. Leaf53,RF00168,"LMLK01000012.1/26136-25944_Erwinia_sp._Leaf53_contig_2,_whole_genome_shotgun_sequence._RF00168"
Idiomarinaceae,Pseudidiomarina salinarum,RF01051,"JPER01000001.1/100887-100787_Pseudidiomarina_salinarum_strain_ISL-52_contig1,_whole_genome_shotgun_sequence_RF01051"
Methylococcaceae,Methylomonas sp. LL1,RF01051,"CP064653.1/861201-861287_Methylomonas_sp._LL1_chromosome,_complete_genome_RF01051"
Chromatiaceae,Rheinheimera sp. F8,RF01051,CP013656.1/3643150-3643239_Rheinheimera_sp._F8_genome_RF01051
Morganellaceae,Xenorhabdus szentirmaii DSM 16338,RF01068,"CBXF010000035.1/31489-31443_Xenorhabdus_szentirmaii_DSM_16338_WGS_project_CBXF000000000_data,_contig_XENSZ_2115_Contig_13,_whole_genome_shotgun_sequence_RF01068"
Thiotrichaceae,Achromatium sp. WMS1,RF01057,"JXSM01000205.1/1096-1172_Achromatium_sp._WMS1_contig-115_240,_whole_genome_shotgun_sequence_RF01057"
Piscirickettsiaceae,Cycloclasticus sp. symbiont of Poecilosclerida sp. M,RF01057,"LWTN01000237.1/43886-43811_MAG:_Cycloclasticus_sp._symbiont_of_Poecilosclerida_sp._M_isolate_specimen_M_Ga0097675_1237,_whole_genome_shotgun_sequence_RF01057"
Cellvibrionaceae,Marinibactrum halimedae,RF00174,"BSPD01000080.1/104660-104472_BSPD01000080.1_Marinibactrum_halimedae_NBRC_110095_DNA,_sequence080,_whole_genome_shotgun_sequence_RF00174"
Halieaceae,Halioglobus sp. HI00S01,RF00174,"LWEE01000025.1/94146-94300_Halioglobus_sp._HI00S01_HI00S01_c15,_whole_genome_shotgun_sequence._RF00174"
Legionellaceae,Legionella fallonii LLAP-10,RF00059,"LN614827.1/1607706-1607614_Legionella_fallonii_LLAP-10_genome_assembly,_chromosome:_I_RF00059"
Pseudomonadaceae,Pseudomonas cremoricolorata,RF03057,"CP009455.1/1605396-1605334_Pseudomonas_cremoricolorata_strain_ND07,_complete_genome._RF03057"
Oceanospirillaceae,Pontibacterium sinense,RF01725,"JADEYS010000007.1/76479-76372_JADEYS010000007.1_Pontibacterium_sinense_strain_N1Y112_NODE_7,_whole_genome_shotgun_sequence_RF01725"
Pasteurellaceae,Avibacterium volantium,RF00522,"LR134167.1/2005718-2005672_LR134167.1_Avibacterium_volantium_strain_NCTC3438_genome_assembly,_chromosome:_1_RF00522"
Vibrionaceae,Vibrio renipiscarius,RF00167,"JTKH01000005.1/65871-65772_Vibrio_renipiscarius_strain_DCR_1-4-2_Contig5,_whole_genome_shotgun_sequence_RF00167"
Xanthomonadaceae,Fulvimonas soli,RF00162,"QGHC01000005.1/38599-38711_Fulvimonas_soli_strain_DSM_14263_Ga0215690_105,_whole_genome_shotgun_sequence_RF00162"
Rhodanobacteraceae,Dokdonella koreensis DS-123,RF00162,"CP015249.1/873726-873844_Dokdonella_koreensis_DS-123,_complete_genome_RF00162"
Moraxellaceae,Acinetobacter sp. CIP 102637,RF01734,"KB849435.1/1926175-1926109_Acinetobacter_sp._CIP_102637_genomic_scaffold_acLrO-supercont1.3,_whole_genome_shotgun_sequence_RF01734"
Alteromonadaceae,Agaribacter marinus,RF00442,"BSOT01000006.1/305972-306113_Agaribacter_marinus_NBRC_110023_DNA,_sequence06,_whole_genome_shotgun_sequence_RF00442"
Ectothiorhodospiraceae,Spiribacter halobius,RF00442,"QFFI01000001.1/28784-28684_Spiribacter_halobius_strain_E85_Scaffold1,_whole_genome_shotgun_sequence_RF00442"
Colwelliaceae,Thalassotalea sp. PP2-459,RF00168,"MKQD01000035.1/19529-19343_Thalassotalea_sp._PP2-459_NODE_30_length_24900_cov_31.494337,_whole_genome_shotgun_sequence._RF00168"
Shewanellaceae,Shewanella algae,RF00168,"UGYO01000001.1/2425865-2426036_UGYO01000001.1_Shewanella_algae_strain_NCTC10738_genome_assembly,_contig:_ERS1545396SCcontig000001,_whole_genome_shotgun_sequence_RF00168"
Pseudoalteromonadaceae,Pseudoalteromonas sp. OCN003,RF00168,"CP009888.1/2542978-2542805_Pseudoalteromonas_sp._OCN003_chromosome_1,_complete_sequence._RF00168"
Erwiniaceae,Erwinia iniecta,RF00168,"JRXE01000031.1/16835-16642_Erwinia_iniecta_strain_B120_contig000031,_whole_genome_shotgun_sequence._RF00168"
Methylococcaceae,Methyloprofundus sp.,RF01051,"AP023240.1/785805-785731_MAG:_Methyloprofundus_sp._INp10_methR40d_DNA,_complete_genome_RF01051"
Chromatiaceae,Nitrosococcus halophilus Nc4,RF01051,"CP001798.1/3391739-3391824_Nitrosococcus_halophilus_Nc4,_complete_genome_RF01051"
Halomonadaceae,Halomonas anticariensis FP35 = DSM 16096,RF01051,"KE332395.1/234641-234550_Halomonas_anticariensis_FP35_=_DSM_16096_genomic_scaffold_Scaffold7,_whole_genome_shotgun_sequence_RF01051"
Idiomarinaceae,Pseudidiomarina taiwanensis,RF01055,"PIQG01000004.1/181201-181353_PIQG01000004.1_Pseudidiomarina_taiwanensis_strain_PIT1_contig5,_whole_genome_shotgun_sequence_RF01055"
Piscirickettsiaceae,Cycloclasticus sp. symbiont of Bathymodiolus heckerae,RF00504,"LWTL01000123.1/157120-157006_MAG:_Cycloclasticus_sp._symbiont_of_Bathymodiolus_heckerae_isolate_specimen_P_Ga0097674_1123,_whole_genome_shotgun_sequence_RF00504"
Morganellaceae,Arsenophonus endosymbiont of Bemisia tabaci Q2,RF00050,"CACTIE010000077.1/2340-2505_CACTIE010000077.1_Arsenophonus_endosymbiont_of_Bemisia_tabaci_Q2_isolate_ARSBTMEDQ21_genome_assembly,_contig:_ARSQ2_77,_whole_genome_shotgun_sequence_RF00050"
Thiotrichaceae,Beggiatoa alba B18LD,RF00174,"JH600070.1/3182344-3182549_Beggiatoa_alba_B18LD_genomic_scaffold_Begalscaffold_2,_whole_genome_shotgun_sequence._RF00174"
Legionellaceae,Legionella longbeachae NSW150,RF00059,"FN650140.1/1058261-1058353_Legionella_longbeachae_NSW150,_complete_genome_RF00059"
Pseudomonadaceae,Pseudomonas salomonii,RF03057,"RBRL01000373.1/23268-23207_RBRL01000373.1_Pseudomonas_salomonii_strain_ICMP_11288_PflICMP11288_Contig_271,_whole_genome_shotgun_sequence_RF03057"
Oceanospirillaceae,Neptunomonas marina,RF01725,"SACQ01000014.1/5456-5565_SACQ01000014.1_Neptunomonas_marina_strain_HPM-16_NODE_14_length_36748_cov_123,_whole_genome_shotgun_sequence_RF01725"
Pasteurellaceae,Haemophilus felis,RF00522,"MUYB01000002.1/172-216_[Haemophilus]_felis_strain_CCUG_31170_31170T_ctg_0000002,_whole_genome_shotgun_sequence._RF00522"
Vibrionaceae,Photobacterium damselae subsp. damselae CIP 102761,RF00167,"ADBS01000002.1/702484-702583_Photobacterium_damselae_subsp._damselae_CIP_102761_Contig57,_whole_genome_shotgun_sequence_RF00167"
Xanthomonadaceae,Pseudoxanthomonas spadix BD-a59,RF00162,"CP003093.2/2711987-2711863_Pseudoxanthomonas_spadix_BD-a59,_complete_genome_RF00162"
Rhodanobacteraceae,Rhodanobacter sp. B05,RF00162,"MUNU01000005.1/20475-20359_Rhodanobacter_sp._B05_NODE_16_length_21391_cov_13.3615_ID_31,_whole_genome_shotgun_sequence_RF00162"
Moraxellaceae,Acinetobacter guillouiae NIPH 991,RF00442,"KB849456.1/3171516-3171415_Acinetobacter_guillouiae_NIPH_991_genomic_scaffold_acLrU-supercont1.3,_whole_genome_shotgun_sequence_RF00442"
Alteromonadaceae,Agarivorans albus MKT 106,RF00442,"BARX01000025.1/82200-82105_Agarivorans_albus_MKT_106_DNA,_contig:_contig00025,_whole_genome_shotgun_sequence_RF00442"
Colwelliaceae,Thalassotalea sp. LPB0316,RF00168,"CP062946.1/2115653-2115824_CP062946.1_Thalassotalea_sp._LPB0316_chromosome,_complete_genome_RF00168"
Shewanellaceae,Shewanella sp. XMDDZSB0408,RF00168,"WJHV01000002.1/237721-237522_WJHV01000002.1_Shewanella_sp._XMDDZSB0408_contig2,_whole_genome_shotgun_sequence_RF00168"
Pseudoalteromonadaceae,Pseudoalteromonas sp. A25,RF00168,"AP021846.1/1908323-1908495_AP021846.1_Pseudoalteromonas_sp._A25_DNA,_chromosome_1,_nearly_complete_genome_RF00168"
Methylococcaceae,Methylomonas methanica MC09,RF01051,"CP002738.1/3378100-3378022_Methylomonas_methanica_MC09,_complete_genome_RF01051"
Chromatiaceae,Candidatus Tenderia electrophaga,RF01051,"CP013099.1/572336-572249_Candidatus_Tenderia_electrophaga,_complete_genome_RF01051"
Halomonadaceae,Halomonas pacifica,RF01068,"BJUK01000003.1/54378-54334_Halomonas_pacifica_NBRC_102220_DNA,_sequence003,_whole_genome_shotgun_sequence_RF01068"
Ectothiorhodospiraceae,Alkalilimnicola sp. S0819,RF01068,"WEIF01000002.1/197368-197414_Alkalilimnicola_sp._S0819_S0819_contig_2,_whole_genome_shotgun_sequence_RF01068"
Erwiniaceae,Pantoea sp. Nvir,RF00050,"SZZW01000003.1/149443-149296_SZZW01000003.1_Pantoea_sp._Nvir_Nezara_viridula_symbiont_contig3,_whole_genome_shotgun_sequence_RF00050"
Piscirickettsiaceae,Thiomicrorhabdus sediminis,RF00174,"CP040602.1/1478774-1478972_CP040602.1_Thiomicrorhabdus_sediminis_strain_G1_chromosome,_complete_genome_RF00174"
Thiotrichaceae,Thioploca ingrica,RF00174,"AP014633.1/256480-256278_Thioploca_ingrica_DNA,_complete_genome._RF00174"
Legionellaceae,Legionella geestiana,RF00059,"LNYC01000004.1/8996-9088_Legionella_geestiana_strain_ATCC_49504_Lgee_ctg004,_whole_genome_shotgun_sequence._RF00059"
Pseudomonadaceae,Pseudomonas putida KT2440,RF03057,AE015451.2/4466180-4466242_Pseudomonas_putida_KT2440_complete_genome._RF03057
Pasteurellaceae,Pasteurella bettyae CCUG 2042,RF00522,"AJSX01000047.1/96755-96799_Pasteurella_bettyae_CCUG_2042_contig00004,_whole_genome_shotgun_sequence._RF00522"
Vibrionaceae,Vibrio nereis,RF00167,"LHPJ01000010.1/58640-58739_Vibrio_nereis_strain_DSM_19584_contig0010,_whole_genome_shotgun_sequence_RF00167"
Xanthomonadaceae,Arenimonas oryziterrae DSM 21050 = YC6267,RF00162,"AVCI01000003.1/78512-78396_Arenimonas_oryziterrae_DSM_21050_=_YC6267_contig11,_whole_genome_shotgun_sequence_RF00162"
Rhodanobacteraceae,Rhodanobacter sp. MP7CTX1,RF00162,"JACHCN010000005.1/102161-102044_Rhodanobacter_sp._MP7CTX1_Ga0401200_05,_whole_genome_shotgun_sequence_RF00162"
Moraxellaceae,Acinetobacter baumannii ATCC 19606,RF00442,"GG704572.1/1212607-1212512_Acinetobacter_baumannii_ATCC_19606_genomic_scaffold_supercont1.1,_whole_genome_shotgun_sequence_RF00442"
Oceanospirillaceae,Bacterioplanoides sp. SCSIO 12839,RF00442,"CP073745.1/3130147-3129994_Bacterioplanoides_sp._SCSIO_12839_chromosome,_complete_genome_RF00442"
Alteromonadaceae,Catenovulum agarivorans DS-2,RF00442,"ARZY01000030.1/10709-10861_Catenovulum_agarivorans_DS-2_contig30,_whole_genome_shotgun_sequence_RF00442"
Colwelliaceae,Thalassotalea sp. ND16A,RF00168,"JQDZ01000030.1/69610-69805_Thalassotalea_sp._ND16A_ctg127,_whole_genome_shotgun_sequence._RF00168"
Shewanellaceae,Shewanella frigidimarina NCIMB 400,RF00168,"CP000447.1/3302910-3302694_Shewanella_frigidimarina_NCIMB_400,_complete_genome._RF00168"
Pseudoalteromonadaceae,Pseudoalteromonas sp. NC201,RF00168,"CP022522.1/287269-287091_CP022522.1_Pseudoalteromonas_sp._NC201_chromosome,_complete_genome_RF00168"
Methylococcaceae,Methyloprofundus sedimenti,RF01051,"LPUF01000001.1/861706-861789_Methyloprofundus_sedimenti_strain_WF1_Contig001,_whole_genome_shotgun_sequence_RF01051"
Chromatiaceae,Thioflavicoccus mobilis 8321,RF01051,"CP003051.1/3380968-3380859_Thioflavicoccus_mobilis_8321,_complete_genome_RF01051"
Halomonadaceae,Halomonas alimentaria,RF01068,"WUTT01000001.1/2191187-2191233_Halomonas_alimentaria_strain_DSM_15356_DSM15356_1,_whole_genome_shotgun_sequence_RF01068"
Ectothiorhodospiraceae,Candidatus Macondimonas diazotrophica,RF00080,"SRIO01000010.1/18982-19151_Candidatus_Macondimonas_diazotrophica_strain_KTK01_NODE_10_length_108597_cov_34.6207,_whole_genome_shotgun_sequence_RF00080"
Piscirickettsiaceae,Thioalkalimicrobium cyclicum ALM1,RF00174,"CP002776.1/721195-720984_CP002776.1_Thioalkalimicrobium_cyclicum_ALM1,_complete_genome_RF00174"
Legionellaceae,Legionella spiritensis,RF00059,"LNYX01000012.1/302933-303033_Legionella_spiritensis_strain_Mt.St.Helens-9_Lspi_ctg012,_whole_genome_shotgun_sequence._RF00059"
Thiotrichaceae,Achromatium sp. WMS2,RF00059,"JXSN01000110.1/1970-1875_Achromatium_sp._WMS2_contig-183_109,_whole_genome_shotgun_sequence._RF00059"
Pseudomonadaceae,Pseudomonas matsuisoli,RF03057,"BMPO01000001.1/219031-219090_BMPO01000001.1_Pseudomonas_matsuisoli_JCM_30078_DNA,_sequence01,_whole_genome_shotgun_sequence_RF03057"
Pasteurellaceae,Gallibacterium salpingitidis,RF00522,"JTJL01000005.1/36014-35970_Gallibacterium_salpingitidis_strain_F150_contig000005,_whole_genome_shotgun_sequence._RF00522"
Vibrionaceae,Vibrio navarrensis,RF00167,"JMCG01000002.1/380692-380791_Vibrio_navarrensis_strain_ATCC_51183_contig2,_whole_genome_shotgun_sequence_RF00167"
Xanthomonadaceae,Pseudoxanthomonas taiwanensis,RF00162,"PDWK01000057.1/19199-19083_Pseudoxanthomonas_taiwanensis_strain_DSM_22914_NODE_57_length_19391_cov_9.73318,_whole_genome_shotgun_sequence_RF00162"
Rhodanobacteraceae,Dyella sp. OK004,RF00162,"FOZI01000002.1/1034893-1034778_Dyella_sp._OK004_genome_assembly,_contig:_Ga0066746_12,_whole_genome_shotgun_sequence_RF00162"
Oceanospirillaceae,Nitrincola tibetensis,RF00442,"QKRX01000017.1/44038-43938_Nitrincola_tibetensis_strain_xg18_xg18_scaffold17,_whole_genome_shotgun_sequence_RF00442"
Alteromonadaceae,Marinimicrobium koreense,RF00442,"RJUK01000001.1/2041928-2041798_Marinimicrobium_koreense_strain_DSM_16974_Ga0244674_11,_whole_genome_shotgun_sequence_RF00442"
Moraxellaceae,Acinetobacter defluvii,RF00442,"CP029397.2/999269-999387_Acinetobacter_defluvii_strain_WCHA30_chromosome,_complete_genome_RF00442"
Colwelliaceae,Colwellia sp. PAMC 20917,RF00168,"CP014944.1/4512206-4512404_Colwellia_sp._PAMC_20917,_complete_genome._RF00168"
Shewanellaceae,Shewanella spongiae,RF00168,"ML064600.1/55865-56060_ML064600.1_Shewanella_spongiae_strain_KCTC_22492_genomic_scaffold_Scaffold10,_whole_genome_shotgun_sequence_RF00168"
Halomonadaceae,Halomonas sp. BC04,RF01068,"AZQX01000418.1/8354-8307_Halomonas_sp._BC04_BC04_c91,_whole_genome_shotgun_sequence_RF01068"
Chromatiaceae,Imhoffiella purpurea,RF00080,"AONC01000028.1/39896-39752_Imhoffiella_purpurea_strain_AK35_contig28,_whole_genome_shotgun_sequence_RF00080"
Ectothiorhodospiraceae,Thioalkalivibrio versutus,RF01057,"CP011367.1/2710073-2710153_Thioalkalivibrio_versutus_strain_D301,_complete_genome_RF01057"
Methylococcaceae,Candidatus Methylospira mobilis,RF01057,"CP044205.1/4508341-4508426_Candidatus_Methylospira_mobilis_strain_Shm1_chromosome,_complete_genome_RF01057"
Piscirickettsiaceae,Sulfurivirga caldicuralii,RF00174,"FSRE01000002.1/484087-484263_Sulfurivirga_caldicuralii_strain_DSM_17737_genome_assembly,_contig:_Ga0131102_12_RF00174"
Legionellaceae,Legionella adelaidensis,RF00059,"LNKA01000019.1/252528-252622_Legionella_adelaidensis_strain_1762-AUS-E_Lade_ctg019,_whole_genome_shotgun_sequence._RF00059"
Thiotrichaceae,Candidatus Thiomargarita nelsonii,RF00059,"JSZA02000148.1/10985-11076_JSZA02000148.1_Candidatus_Thiomargarita_nelsonii_isolate_Hydrate_Ridge_NODE_498_length_15706_cov_104.668_ID_995,_whole_genome_shotgun_sequence_RF00059"
Pseudomonadaceae,Azomonas macrocytogenes,RF03057,"JACHXI010000024.1/17041-17097_JACHXI010000024.1_Azomonas_macrocytogenes_strain_CECT_4462_Ga0372387_24,_whole_genome_shotgun_sequence_RF03057"
Pasteurellaceae,Haemophilus parasuis SH0165,RF00522,"CP001321.1/1370609-1370564_Haemophilus_parasuis_SH0165,_complete_genome._RF00522"
Vibrionaceae,Vibrio ezurae NBRC 102218,RF00167,"BATM01000020.1/140269-140170_Vibrio_ezurae_NBRC_102218_DNA,_contig:_VEZ01S20,_whole_genome_shotgun_sequence_RF00167"
Xanthomonadaceae,Lysobacter spongiicola DSM 21749,RF00162,"FUXP01000008.1/32780-32659_Lysobacter_spongiicola_DSM_21749_genome_assembly,_contig:_BP04DRAFT_scaffold00008.8,_whole_genome_shotgun_sequence_RF00162"
Rhodanobacteraceae,Tahibacter soli,RF00162,"JAOVZO020000001.1/498545-498660_Tahibacter_soli_strain_BL_contig_11,_whole_genome_shotgun_sequence_RF00162"
Oceanospirillaceae,Maribrevibacterium harenarium,RF00442,"VFRR01000045.1/9229-9340_Maribrevibacterium_harenarium_strain_HB171799_Contig_45,_whole_genome_shotgun_sequence_RF00442"
Alteromonadaceae,Marinobacter sp. BSs20148,RF00442,"CP003735.1/3392240-3392345_Marinobacter_sp._BSs20148,_complete_genome_RF00442"
Moraxellaceae,Fluviicoccus keumensis,RF00442,"SHKX01000010.1/755001-754889_Fluviicoccus_keumensis_strain_DSM_105135_Ga0310546_101,_whole_genome_shotgun_sequence_RF00442"
Colwelliaceae,Colwellia ponticola,RF00168,"SZVP01000003.1/168878-168643_SZVP01000003.1_Colwellia_ponticola_strain_OISW-25_contig3,_whole_genome_shotgun_sequence_RF00168"
Shewanellaceae,Shewanella amazonensis SB2B,RF00168,"CP000507.1/754668-754843_Shewanella_amazonensis_SB2B,_complete_genome._RF00168"
Halomonadaceae,Halomonas chromatireducens,RF01068,"CP014226.1/1621086-1621134_Halomonas_chromatireducens_strain_AGD_8-3_chromosome,_complete_genome_RF01068"
Chromatiaceae,Allochromatium vinosum DSM 180,RF00080,"CP001896.1/1763296-1763158_Allochromatium_vinosum_DSM_180_chromosome,_complete_genome_RF00080"
Ectothiorhodospiraceae,Spiribacter salinus M19-40,RF01057,"CP005963.1/338361-338275_Spiribacter_salinus_M19-40,_complete_genome_RF01057"
Methylococcaceae,Methylogaea oryzae,RF01057,"AP019782.1/3202117-3202201_Methylogaea_oryzae_E10_DNA,_complete_genome_RF01057"
Piscirickettsiaceae,Thiosulfativibrio zosterae,RF00174,"AP021888.1/1514648-1514854_AP021888.1_Thiosulfativibrio_zosterae_AkT22_DNA,_complete_genome_RF00174"
Legionellaceae,Legionella oakridgensis ATCC 33761 = DSM 21215,RF00059,"CP004006.1/1354110-1354209_Legionella_oakridgensis_ATCC_33761_=_DSM_21215,_complete_genome._RF00059"
Pseudomonadaceae,Pseudomonas sp. ABC1,RF03057,"CP058349.1/3414465-3414407_CP058349.1_Pseudomonas_sp._ABC1_chromosome,_complete_genome_RF03057"
Pasteurellaceae,Mannheimia varigena USDA-ARS-USMARC-1296,RF00522,"CP006943.1/1668955-1668911_CP006943.1_Mannheimia_varigena_USDA-ARS-USMARC-1296,_complete_genome_RF00522"
Vibrionaceae,Vibrio sp. 10N.286.49.B3,RF00167,"MCUV01000003.1/1784-1883_Vibrio_sp._10N.286.49.B3_10N.286.49.B3_contig_10,_whole_genome_shotgun_sequence_RF00167"
Xanthomonadaceae,Luteimonas marina,RF00162,"VOHK01000003.1/163672-163799_Luteimonas_marina_strain_FR1330_scaffold3,_whole_genome_shotgun_sequence_RF00162"
Rhodanobacteraceae,Dyella choica,RF00162,"RYYV01000034.1/1372-1487_Dyella_choica_strain_4_M-K27_scaffold34,_whole_genome_shotgun_sequence_RF00162"
Oceanospirillaceae,Nitrincola tapanii,RF00442,"SMRS01000003.1/251238-251136_Nitrincola_tapanii_strain_MEB193_NODE_3_length_322230_cov_96.803712,_whole_genome_shotgun_sequence_RF00442"
Colwelliaceae,Thalassotalea euphylliae,RF00168,"QUOT01000001.1/1960203-1960031_QUOT01000001.1_Thalassotalea_euphylliae_strain_H3_1,_whole_genome_shotgun_sequence_RF00168"
Shewanellaceae,Shewanella oneidensis MR-1,RF00168,"AE014299.2/3280661-3280465_Shewanella_oneidensis_MR-1,_complete_genome._RF00168"
Alteromonadaceae,Alishewanella agri BL06,RF00168,"AKKU01000003.1/6192-6365_Alishewanella_agri_BL06_contig003,_whole_genome_shotgun_sequence._RF00168"
Moraxellaceae,Acinetobacter sp. TGL-Y2,RF00080,"CP015110.1/3195820-3195678_Acinetobacter_sp._TGL-Y2,_complete_genome_RF00080"
Halomonadaceae,Chromohalobacter salexigens DSM 3043,RF00080,"CP000285.1/2342007-2341819_Chromohalobacter_salexigens_DSM_3043,_complete_genome_RF00080"
Chromatiaceae,Marichromatium purpuratum 984,RF00080,"CP007031.1/1460547-1460454_Marichromatium_purpuratum_984,_complete_genome_RF00080"
Ectothiorhodospiraceae,Spiribacter sp. 2438,RF01057,"CP046046.1/331738-331658_Spiribacter_sp._2438_chromosome,_complete_genome_RF01057"
Methylococcaceae,Methylococcus capsulatus str. Bath,RF01057,"AE017282.2/144281-144199_Methylococcus_capsulatus_str._Bath,_complete_genome_RF01057"
Legionellaceae,Legionella quinlivanii,RF00059,"LNYS01000020.1/92145-92238_Legionella_quinlivanii_strain_CDC#1442-AUS-E_Lqui_ctg020,_whole_genome_shotgun_sequence._RF00059"
Pseudomonadaceae,Pseudomonas rhizosphaerae,RF03057,"CP009533.1/1400502-1400563_Pseudomonas_rhizosphaerae_strain_DSM_16299,_complete_genome._RF03057"
Pasteurellaceae,Actinobacillus delphinicola,RF00522,"LR134510.1/370332-370376_LR134510.1_Actinobacillus_delphinicola_strain_NCTC12871_genome_assembly,_chromosome:_1_RF00522"
Vibrionaceae,Vibrio ostreae,RF00167,"CP076643.1/2019765-2019864_Vibrio_ostreae_strain_OG9-811_chromosome_1,_complete_sequence_RF00167"
Xanthomonadaceae,Luteimonas sp.,RF00162,"LASZ01000018.1/49906-49777_Luteimonas_sp._FCS-9_scf7180000000241,_whole_genome_shotgun_sequence_RF00162"
Rhodanobacteraceae,Ahniella affigens,RF00162,"CP027860.1/5589478-5589610_Ahniella_affigens_strain_D13_chromosome,_complete_genome_RF00162"
Oceanospirillaceae,Marinospirillum alkaliphilum DSM 21637,RF00442,"FPJW01000004.1/79706-79568_Marinospirillum_alkaliphilum_DSM_21637_genome_assembly,_contig:_Ga0002112_scaffold00004.4,_whole_genome_shotgun_sequence_RF00442"
Colwelliaceae,Thalassotalea algicola,RF00168,"JABBXH010000002.1/718997-719184_JABBXH010000002.1_Thalassotalea_algicola_strain_M1531_scaffold_2,_whole_genome_shotgun_sequence_RF00168"
Shewanellaceae,Shewanella woodyi ATCC 51908,RF00168,"CP000961.1/4579353-4579527_Shewanella_woodyi_ATCC_51908,_complete_genome._RF00168"
Alteromonadaceae,Saccharobesus litoralis,RF00168,"CP026604.1/67908-68081_CP026604.1_Saccharobesus_litoralis_strain_CCB-QB4_chromosome,_complete_genome_RF00168"
Moraxellaceae,Acinetobacter sp. ANC 4558,RF00080,"NEGH01000001.1/265376-265236_Acinetobacter_sp._ANC_4558_Contig1,_whole_genome_shotgun_sequence_RF00080"
Ectothiorhodospiraceae,Ectothiorhodospira marina,RF01057,"FOAA01000005.1/137895-137822_Ectothiorhodospira_marina_strain_DSM_241_genome_assembly,_contig:_Ga0121169_105,_whole_genome_shotgun_sequence_RF01057"
Chromatiaceae,Thiorhodovibrio sp. 970,RF01057,"JH603169.1/268957-269064_Thiorhodovibrio_sp._970_genomic_scaffold_Thi970scaffold_7,_whole_genome_shotgun_sequence_RF01057"
Halomonadaceae,Halomonas ilicicola DSM 19980,RF01057,"FQUJ01000011.1/24297-24213_Halomonas_ilicicola_DSM_19980_genome_assembly,_contig:_EJ56DRAFT_scaffold00010.10,_whole_genome_shotgun_sequence_RF01057"
Methylococcaceae,Methylovulum psychrotolerans,RF00174,"CP022129.1/2494260-2494480_CP022129.1_Methylovulum_psychrotolerans_strain_HV10_M2_chromosome,_complete_genome_RF00174"
Legionellaceae,Legionella pneumophila subsp. pneumophila str. Philadelphia 1,RF00059,"AE017354.1/1731103-1731196_Legionella_pneumophila_subsp._pneumophila_str._Philadelphia_1,_complete_genome._RF00059"
Pseudomonadaceae,Pseudomonas sp. GV071,RF03057,"QAOJ01000001.1/772023-771966_QAOJ01000001.1_Pseudomonas_sp._GV071_Ga0189753_101,_whole_genome_shotgun_sequence_RF03057"
Pasteurellaceae,Actinobacillus rossii,RF00522,"UFRQ01000003.1/717816-717861_UFRQ01000003.1_[Actinobacillus]_rossii_strain_NCTC10801_genome_assembly,_contig:_ERS1123930SCcontig000003,_whole_genome_shotgun_sequence_RF00522"
Vibrionaceae,Vibrio ishigakensis,RF00167,"BBRZ01000052.1/17372-17272_Vibrio_ishigakensis_DNA,_contig00052,_whole_genome_shotgun_sequence_RF00167"
Xanthomonadaceae,Thermomonas carbonis,RF00162,"CP060719.1/340273-340141_Thermomonas_carbonis_strain_KCTC_42013_chromosome,_complete_genome_RF00162"
Rhodanobacteraceae,Rhodanobacter spathiphylli B39,RF00162,"AJXT01000022.1/1046-1161_Rhodanobacter_spathiphylli_B39_contig022,_whole_genome_shotgun_sequence_RF00162"
Oceanospirillaceae,Thalassolituus oleivorans MIL-1,RF00442,HF680312.1/2537439-2537550_Thalassolituus_oleivorans_MIL-1_complete_genome_RF00442
Shewanellaceae,Shewanella loihica PV-4,RF00168,"CP000606.1/3047447-3047231_Shewanella_loihica_PV-4,_complete_genome._RF00168"
Alteromonadaceae,Alteromonas halophila,RF01051,"BMXP01000010.1/82957-83049_Alteromonas_halophila_KCTC_22164_DNA,_sequence10,_whole_genome_shotgun_sequence_RF01051"
Moraxellaceae,Psychrobacter sp. KH172YL61,RF00080,"AP019516.1/1234097-1234264_Psychrobacter_sp._KH172YL61_KH172YL61_DNA,_complete_genome_RF00080"
Ectothiorhodospiraceae,Thiogranum longum,RF01057,"SMFX01000001.1/386976-386897_Thiogranum_longum_strain_DSM_19610_Ga0244536_11,_whole_genome_shotgun_sequence_RF01057"
Chromatiaceae,Thiohalocapsa marina,RF01057,"VWXX01000008.1/47676-47758_Thiohalocapsa_marina_strain_DSM_19078_NODE_8_length_118407_cov_29.6259,_whole_genome_shotgun_sequence_RF01057"
Halomonadaceae,Larsenimonas rhizosphaerae,RF01057,"JAPIVE010000002.1/16670-16593_Larsenimonas_rhizosphaerae_strain_GH2-1_contig2,_whole_genome_shotgun_sequence_RF01057"
Methylococcaceae,Candidatus Methylobacter titanis,RF00174,"JAQSDF010000056.1/131-1_JAQSDF010000056.1_MAG:_Candidatus_Methylobacter_titanis_isolate_K-2018_MAG008_NODE_56_length_19672_cov_290.098537,_whole_genome_shotgun_sequence_RF00174"
Legionellaceae,Legionella beliardensis,RF00059,"UGNV01000001.1/492532-492435_UGNV01000001.1_Legionella_beliardensis_strain_NCTC13315_genome_assembly,_contig:_ERS1324124SCcontig000001,_whole_genome_shotgun_sequence_RF00059"
Pseudomonadaceae,Halopseudomonas laoshanensis,RF03054,"QOVF01000003.1/380744-380792_Halopseudomonas_laoshanensis_strain_Y22_Scaffold3,_whole_genome_shotgun_sequence_RF03054"
Pasteurellaceae,Actinobacillus muris,RF00522,"JWIZ01000061.1/319-362_[Actinobacillus]_muris_strain_Ackerman80-443D_cont61,_whole_genome_shotgun_sequence._RF00522"
Vibrionaceae,Vibrio sp. 99-8-1,RF00167,"VTXE01000007.1/130822-130922_Vibrio_sp._99-8-1_scaffold_6,_whole_genome_shotgun_sequence_RF00167"
Xanthomonadaceae,Lysobacter pythonis,RF00162,"RFLY01000019.1/35320-35426_Lysobacter_pythonis_strain_4284/11_19_56360_46.015,_whole_genome_shotgun_sequence_RF00162"
Rhodanobacteraceae,Rhodanobacter sp. ANJX3,RF00162,"JACHCM010000011.1/55969-56087_Rhodanobacter_sp._ANJX3_Ga0401199_11,_whole_genome_shotgun_sequence_RF00162"
Oceanospirillaceae,Parathalassolituus penaei,RF00442,"JAPNOA010000056.1/393090-393218_Parathalassolituus_penaei_strain_G-43_scaffold32,_whole_genome_shotgun_sequence_RF00442"
Shewanellaceae,Shewanella fodinae,RF00168,"SLWF01000003.1/35153-34979_SLWF01000003.1_Shewanella_fodinae_strain_74A_Ga0227276_103,_whole_genome_shotgun_sequence_RF00168"
Alteromonadaceae,Alteromonas pelagimontana,RF01051,"CP052766.1/904401-904508_Alteromonas_pelagimontana_strain_5.12_chromosome,_complete_genome_RF01051"
Moraxellaceae,Amnimonas aquatica,RF00080,"PTQZ01000193.1/2297-2473_Amnimonas_aquatica_strain_HR-E_HR-E_193,_whole_genome_shotgun_sequence_RF00080"
Ectothiorhodospiraceae,Spiribacter curvatus,RF01057,"CP005990.1/349110-349026_Spiribacter_curvatus_strain_UAH-SP71_chromosome,_complete_genome_RF01057"
Chromatiaceae,Thiospirillum jenense,RF01057,"JABVCQ010000010.1/25295-25188_Thiospirillum_jenense_strain_DSM_216_assembly_contig_10,_whole_genome_shotgun_sequence_RF01057"
Halomonadaceae,Halomonas muralis,RF01057,"FNGI01000004.1/56122-56033_Halomonas_muralis_strain_DSM_14789_genome_assembly,_contig:_Ga0056035_scaffold00004.4,_whole_genome_shotgun_sequence_RF01057"
Methylococcaceae,Methylomonas paludis,RF00174,"CP073754.1/434335-434552_CP073754.1_Methylomonas_paludis_strain_S2AM_chromosome,_complete_genome_RF00174"
Legionellaceae,Legionella waltersii,RF00059,"LNZB01000038.1/24154-24257_Legionella_waltersii_strain_ATCC_51914_Lwal_ctg038,_whole_genome_shotgun_sequence._RF00059"
Pseudomonadaceae,Pseudomonas sp. SSM44,RF03054,"RKKV01000002.1/1803-1852_Pseudomonas_sp._SSM44_ctg_2,_whole_genome_shotgun_sequence_RF03054"
Pasteurellaceae,Volucribacter psittacicida,RF00522,"SMFT01000002.1/297795-297751_SMFT01000002.1_Volucribacter_psittacicida_strain_DSM_15534_Ga0310492_102,_whole_genome_shotgun_sequence_RF00522"
Vibrionaceae,Photobacterium profundum SS9,RF00167,CR354532.1/1538896-1538797_Photobacterium_profundum_SS9_chromosome_2_RF00167
Xanthomonadaceae,Lysobacter sp. A03,RF00162,"JXSS01000052.1/8573-8452_Lysobacter_sp._A03_NODE_19,_whole_genome_shotgun_sequence_RF00162"
Rhodanobacteraceae,Dyella sp. AD56,RF00162,"NRDP01000007.1/268830-268946_Dyella_sp._AD56_DyAD56_7,_whole_genome_shotgun_sequence_RF00162"
Shewanellaceae,Shewanella sp. P1-14-1,RF00168,"LKTL01000029.1/11179-11399_Shewanella_sp._P1-14-1_AN944_contig000029,_whole_genome_shotgun_sequence._RF00168"
Alteromonadaceae,Bowmanella pacifica,RF01051,"BMLS01000003.1/33807-33895_Bowmanella_pacifica_CGMCC_1.7086_DNA,_sequence03,_whole_genome_shotgun_sequence_RF01051"
Oceanospirillaceae,Marinobacterium marinum,RF01051,"JACEMT010000050.1/104881-104965_Marinobacterium_marinum_strain_3-1745_227_147548,_whole_genome_shotgun_sequence_RF01051"
Moraxellaceae,Acinetobacter indicus CIP 110367,RF00080,"KI530755.1/122366-122507_Acinetobacter_indicus_CIP_110367_genomic_scaffold_adgTv-supercont2.3,_whole_genome_shotgun_sequence_RF00080"
Ectothiorhodospiraceae,Ectothiorhodosinus mongolicus,RF01057,"FTPK01000002.1/398557-398623_Ectothiorhodosinus_mongolicus_strain_M9_genome_assembly,_contig:_Ga0116938_12,_whole_genome_shotgun_sequence_RF01057"
Chromatiaceae,Thiocystis violascens DSM 198,RF01057,"CP003154.1/3913675-3913761_Thiocystis_violascens_DSM_198,_complete_genome_RF01057"
Halomonadaceae,Pistricoccus aurantiacus,RF01057,"CP042382.1/565905-565815_Pistricoccus_aurantiacus_strain_CBA4606_chromosome,_complete_genome_RF01057"
Legionellaceae,Tatlockia micdadei,RF00059,"LN614830.1/180884-180980_Tatlockia_micdadei_strain_ATCC33218_genome_assembly,_chromosome:_I_RF00059"
Pseudomonadaceae,Pseudomonas sp. OIL-1,RF03054,"CP048629.1/2143974-2144023_Pseudomonas_sp._OIL-1_chromosome,_complete_genome_RF03054"
Pasteurellaceae,Lonepinella koalarum,RF00522,"SMGJ01000001.1/528772-528816_SMGJ01000001.1_Lonepinella_koalarum_strain_DSM_10053_Ga0310530_101,_whole_genome_shotgun_sequence_RF00522"
Vibrionaceae,Vibrio toranzoniae,RF00167,"LMXU01000042.1/47498-47399_Vibrio_toranzoniae_strain_Vb_10.8_Contig_042,_whole_genome_shotgun_sequence_RF00167"
Xanthomonadaceae,Luteimonas salinisoli,RF00162,"JACCKA010000091.1/181340-181463_Luteimonas_salinisoli_strain_SJ-92_450,_whole_genome_shotgun_sequence_RF00162"
Rhodanobacteraceae,Luteibacter sp. Sphag1AF,RF00162,"JACHYH010000001.1/430452-430338_Luteibacter_sp._Sphag1AF_Ga0365392_01,_whole_genome_shotgun_sequence_RF00162"
Alteromonadaceae,Saccharophagus degradans 2-40,RF01051,"CP000282.1/787494-787401_Saccharophagus_degradans_2-40,_complete_genome_RF01051"
Oceanospirillaceae,Marinospirillum celere,RF00080,"FOLH01000002.1/249476-249320_Marinospirillum_celere_strain_DSM_18438_genome_assembly,_contig:_Ga0056080_scaffold00002.2,_whole_genome_shotgun_sequence_RF00080"
Ectothiorhodospiraceae,Ectothiorhodospira mobilis,RF01057,"FOUO01000019.1/27066-27138_Ectothiorhodospira_mobilis_strain_DSM_4180_genome_assembly,_contig:_Ga0121170_119,_whole_genome_shotgun_sequence_RF01057"
Chromatiaceae,Thiocapsa imhoffii,RF01057,"NRSD01000001.1/117002-116918_Thiocapsa_imhoffii_strain_DSM_21303_scaffold0001,_whole_genome_shotgun_sequence_RF01057"
Halomonadaceae,Kushneria marisflavi,RF01057,"CP021358.1/2388765-2388846_Kushneria_marisflavi_strain_SW32,_complete_genome_RF01057"
Moraxellaceae,Moraxella lincolnii,RF00504,"MUYT01000004.1/539743-539907_Moraxella_lincolnii_strain_CCUG_9405_CCUG9405T_R1__paired__trimmed__paired__contig_4,_whole_genome_shotgun_sequence_RF00504"
Legionellaceae,Legionella lansingensis,RF00059,"LNYI01000032.1/33772-33863_Legionella_lansingensis_strain_ATCC_49751_Llan_ctg032,_whole_genome_shotgun_sequence._RF00059"
Pseudomonadaceae,Oblitimonas alkaliphila,RF01725,CP012365.1/1104994-1104889_Oblitimonas_alkaliphila_strain_E5571_chromosome._RF01725
Pasteurellaceae,Mesocricetibacter intestinalis,RF00522,"SNYQ01000001.1/180576-180620_SNYQ01000001.1_Mesocricetibacter_intestinalis_strain_DSM_28403_Ga0244706_101,_whole_genome_shotgun_sequence_RF00522"
Vibrionaceae,Vibrio astriarenae,RF00167,"CP047475.1/220757-220856_Vibrio_astriarenae_strain_HN897_chromosome_1,_complete_sequence_RF00167"
Xanthomonadaceae,Lysobacter sp.,RF00162,"SKFB01000020.1/19126-19025_Lysobacter_sp._N42_N42_scaffold20,_whole_genome_shotgun_sequence_RF00162"
Alteromonadaceae,Salinimonas marina,RF01051,"CP064795.1/812531-812432_Salinimonas_marina_strain_G2-b_chromosome,_complete_genome_RF01051"
Ectothiorhodospiraceae,Spiribacter salilacus,RF01057,"WJPP01000002.1/363423-363511_Spiribacter_salilacus_strain_C176_scaffold_2,_whole_genome_shotgun_sequence_RF01057"
Chromatiaceae,Lamprobacter modestohalophilus,RF01057,"NRRY01000003.1/58400-58317_Lamprobacter_modestohalophilus_strain_DSM_25653_scaffold0003,_whole_genome_shotgun_sequence_RF01057"
Oceanospirillaceae,Oceanospirillum sediminis,RF01057,"JACJFM010000013.1/62611-62531_Oceanospirillum_sediminis_strain_D5_D5_contig_13,_whole_genome_shotgun_sequence_RF01057"
Moraxellaceae,Psychrobacter arcticus 273-4,RF00504,"CP000082.1/958003-957868_Psychrobacter_arcticus_273-4,_complete_genome_RF00504"
Halomonadaceae,Halomonas sp. GFAJ-1,RF00504,"AHBC01000032.1/12305-12215_Halomonas_sp._GFAJ-1_contig_c32,_whole_genome_shotgun_sequence_RF00504"
Legionellaceae,Legionella septentrionalis,RF00059,"RZGR01000023.1/34490-34391_RZGR01000023.1_Legionella_septentrionalis_strain_km714_contigs23,_whole_genome_shotgun_sequence_RF00059"
Pasteurellaceae,Haemophilus paraphrohaemolyticus,RF00522,"QEQF01000007.1/54582-54626_QEQF01000007.1_Haemophilus_paraphrohaemolyticus_strain_C2014016342_C2014016342_S43_ctg_1057,_whole_genome_shotgun_sequence_RF00522"
Vibrionaceae,Vibrio tapetis subsp. tapetis,RF00167,"LT960612.1/735714-735813_Vibrio_tapetis_subsp._tapetis_isolate_Vibrio_tapetis_CECT4600_genome_assembly,_chromosome:_B_RF00167"
Pseudomonadaceae,Pseudomonas benzenivorans,RF03167,"FNCT01000012.1/45828-45754_Pseudomonas_benzenivorans_strain_DSM_8628_genome_assembly,_contig:_Ga0104648_112,_whole_genome_shotgun_sequence_RF03167"
Xanthomonadaceae,Vulcaniibacterium tengchongense,RF00162,"RKQN01000001.1/148714-148840_Vulcaniibacterium_tengchongense_strain_DSM_25623_Ga0244695_101,_whole_genome_shotgun_sequence_RF00162"
Alteromonadaceae,Aestuariibacter aggregatus,RF01051,"FQWD01000003.1/485293-485207_Aestuariibacter_aggregatus_strain_CGMCC_1.8995_genome_assembly,_contig:_Ga0079874_103,_whole_genome_shotgun_sequence_RF01051"
Chromatiaceae,Allochromatium warmingii,RF01057,"FNOW01000002.1/14134-14229_Allochromatium_warmingii_strain_DSM_173_genome_assembly,_contig:_Ga0121168_102,_whole_genome_shotgun_sequence_RF01057"
Moraxellaceae,Moraxella nonliquefaciens,RF00504,"LZDN01000013.1/48236-48360_Moraxella_nonliquefaciens_strain_CCUG_60284_contig_20,_whole_genome_shotgun_sequence_RF00504"
Oceanospirillaceae,Marinobacterium sp. LSUCC0821,RF00504,"CP051666.1/537387-537483_Marinobacterium_sp._LSUCC0821_chromosome,_complete_genome_RF00504"
Halomonadaceae,Halomonas subglaciescola,RF00504,"LT670847.1/2260398-2260308_Halomonas_subglaciescola_strain_ACAM_12_genome_assembly,_chromosome:_I_RF00504"
