family,species,tree,seq_id
Enterobacteriaceae,Kosakonia cowanii JCM 10956 = DSM 18146,RF01750,"CP019446.1/100050-99968_Kosakonia_cowanii_JCM_10956_=_DSM_18146_strain_888-76_plasmid_p888-76-1,_complete_sequence_RF01750"
Enterobacteriaceae,Enterobacteriaceae bacterium strain FGI 57,RF00442,"CP003938.1/2830592-2830494_Enterobacteriaceae_bacterium_strain_FGI_57,_complete_genome_RF00442"
Enterobacteriaceae,Klebsiella pneumoniae subsp. ozaenae,RF01750,"UGLZ01000005.1/1584573-1584494_Klebsiella_pneumoniae_subsp._ozaenae_strain_NCTC5050_genome_assembly,_contig:_ERS513128SCcontig000005,_whole_genome_shotgun_sequence_RF01750"
Enterobacteriaceae,Enterobacteriaceae bacterium RIT714,RF00442,"WJYB01000008.1/208016-208114_Enterobacteriaceae_bacterium_RIT714_8,_whole_genome_shotgun_sequence_RF00442"
Enterobacteriaceae,Brenneria goodwinii,RF03057,"CGIG01000001.1/5269912-5269852_Brenneria_goodwinii_strain_OBR1_genome_assembly,_contig:_Contig_RF03057"
Enterobacteriaceae,Candidatus Symbiopectobacterium sp. PLON1,RF03057,"RYVO01000052.1/35265-35210_RYVO01000052.1_MAG:_Candidatus_Symbiopectobacterium_sp._PLON1_n52_c_20.1,_whole_genome_shotgun_sequence_RF03057"
Enterobacteriaceae,Erwinia billingiae,RF03054,FP236843.1/3038236-3038184_Erwinia_billingiae_strain_Eb661_complete_chromosome_RF03054
Enterobacteriaceae,Mangrovibacter sp. MFB070,RF03054,"JJMI01000039.1/90841-90788_Mangrovibacter_sp._MFB070_Contig-039,_whole_genome_shotgun_sequence_RF03054"
Enterobacteriaceae,Klebsiella pneumoniae subsp. pneumoniae,RF03054,"CP003200.1/3006832-3006779_Klebsiella_pneumoniae_subsp._pneumoniae_HS11286,_complete_genome_RF03054"
Enterobacteriaceae,Brenneria rubrifaciens,RF00504,"CP034035.1/1969204-1969107_Brenneria_rubrifaciens_strain_6D370_chromosome,_complete_genome_RF00504"
Enterobacteriaceae,Candidatus Symbiopectobacterium sp. Dall1.0,RF00504,"RYVQ01000136.1/11496-11606_MAG:_Candidatus_Symbiopectobacterium_sp._Dall1.0_n136,_whole_genome_shotgun_sequence_RF00504"
Enterobacteriaceae,Lonsdalea quercina,RF00504,"FNQS01000002.1/147727-147822_Lonsdalea_quercina_strain_ATCC_29281_genome_assembly,_contig:_Ga0052894_scaffold00002.2,_whole_genome_shotgun_sequence_RF00504"
Enterobacteriaceae,Dickeya dadantii 3937,RF00504,"CP002038.1/2325303-2325397_Dickeya_dadantii_3937,_complete_genome_RF00504"
Enterobacteriaceae,Kluyvera genomosp. 3,RF00442,"CP022114.1/2463767-2463864_Kluyvera_genomosp._3_strain_YDC799_chromosome,_complete_genome_RF00442"
Enterobacteriaceae,Pantoea vagans,RF00442,"CP011427.1/3988230-3988136_Pantoea_vagans_strain_ND02_chromosome,_complete_genome_RF00442"
Enterobacteriaceae,Pantoea agglomerans,RF00442,"UGSO01000002.1/102887-102985_Pantoea_agglomerans_strain_NCTC9381_genome_assembly,_contig:_ERS513136SCcontig000002,_whole_genome_shotgun_sequence_RF00442"
Enterobacteriaceae,Gibbsiella quercinecans,RF00442,"CP014136.1/2467410-2467508_Gibbsiella_quercinecans_strain_FRB97_chromosome,_complete_genome_RF00442"
Enterobacteriaceae,Pantoea ananatis LMG 20103,RF00442,"CP001875.2/4526513-4526415_Pantoea_ananatis_LMG_20103,_complete_genome_RF00442"
Enterobacteriaceae,Klebsiella michiganensis,RF00442,"KK036986.1/3519122-3519024_Klebsiella_michiganensis_strain_MGH_27_adjbQ-supercont1.1,_whole_genome_shotgun_sequence_RF00442"
Enterobacteriaceae,Atlantibacter hermannii NBRC 105704,RF00442,"BAFF01000004.1/103701-103795_Atlantibacter_hermannii_NBRC_105704_NBRC_105704_DNA,_contig:_EH10570404,_whole_genome_shotgun_sequence_RF00442"
Enterobacteriaceae,Klebsiella indica,RF00442,"VCHQ01000026.1/277348-277250_Klebsiella_indica_strain_TOUT106_salmonela_mira_c26,_whole_genome_shotgun_sequence_RF00442"
Enterobacteriaceae,Yersinia ruckeri,RF00380,"UHJG01000001.1/908839-908666_UHJG01000001.1_Yersinia_ruckeri_strain_NCTC10476_genome_assembly,_contig:_ERS1545397SCcontig000001,_whole_genome_shotgun_sequence_RF00380"
Enterobacteriaceae,Citrobacter sp. JGM124,RF00380,"JAERJD010000003.1/263421-263596_JAERJD010000003.1_Citrobacter_sp._JGM124_scaffold3_size381558,_whole_genome_shotgun_sequence_RF00380"
Enterobacteriaceae,Kluyvera cryocrescens,RF00380,"CAADJD010000028.1/175687-175869_CAADJD010000028.1_Kluyvera_cryocrescens_strain_NCTC12993_genome_assembly,_contig:_ERS473437SCcontig000028,_whole_genome_shotgun_sequence_RF00380"
Enterobacteriaceae,Serratia ficaria,RF00380,"LT906479.1/2728787-2728614_LT906479.1_Serratia_ficaria_strain_NCTC12148_genome_assembly,_chromosome:_1_RF00380"
Enterobacteriaceae,Cedecea neteri,RF00380,"CP009451.1/4243987-4244159_CP009451.1_Cedecea_neteri_strain_SSMD04,_complete_genome_RF00380"
Enterobacteriaceae,Biostraticola tofi,RF00380,"SMCR01000004.1/761-934_SMCR01000004.1_Biostraticola_tofi_strain_DSM_19580_Ga0244679_104,_whole_genome_shotgun_sequence_RF00380"
Enterobacteriaceae,Providencia stuartii,RF00380,"LVIE01000013.1/33022-33198_LVIE01000013.1_Providencia_stuartii_strain_Crippen_contig_11,_whole_genome_shotgun_sequence_RF00380"
Enterobacteriaceae,Klebsiella sp. RIT-PI-d,RF00380,"LGIT01000017.1/19512-19694_Klebsiella_sp._RIT-PI-d_NODE_4_length_351486_cov_39.2173_ID_7,_whole_genome_shotgun_sequence._RF00380"
Enterobacteriaceae,Serratia fonticola,RF00380,"CP011254.1/1489410-1489596_Serratia_fonticola_strain_DSM_4576,_complete_genome._RF00380"
Enterobacteriaceae,Enterobacter cloacae SCF1,RF00380,"CP002272.1/273409-273226_Enterobacter_cloacae_SCF1,_complete_genome._RF00380"
Enterobacteriaceae,Arsenophonus nasoniae,RF00380,"CP038613.1/3408235-3408066_CP038613.1_Arsenophonus_nasoniae_strain_FIN_chromosome,_complete_genome_RF00380"
Enterobacteriaceae,Photorhabdus luminescens subsp. laumondii TTO1,RF00380,BX470251.1/4406483-4406312_Photorhabdus_luminescens_subsp._laumondii_TTO1_complete_genome_RF00380
Enterobacteriaceae,Citrobacter koseri ATCC BAA-895,RF01056,"CP000822.1/3321780-3321666_Citrobacter_koseri_ATCC_BAA-895,_complete_genome._RF01056"
Enterobacteriaceae,Salmonella enterica subsp. enterica serovar Poona,RF01056,"PYKI01002168.1/1-83_PYKI01002168.1_Salmonella_enterica_subsp._enterica_serovar_Poona_strain_22sa_NODE_2804_length_512_cov_1.81839,_whole_genome_shotgun_sequence_RF01056"
Enterobacteriaceae,Citrobacter rodentium ICC168,RF01056,"FN543502.1/3496760-3496874_Citrobacter_rodentium_ICC168,_complete_genome_RF01056"
Enterobacteriaceae,Shigella flexneri 2a str. 301,RF01056,"AE005674.2/4419701-4419586_Shigella_flexneri_2a_str._301,_complete_genome._RF01056"
Enterobacteriaceae,Salmonella enterica subsp. enterica serovar Typhimurium str. LT2,RF01056,"AE006468.2/4699497-4699609_Salmonella_enterica_subsp._enterica_serovar_Typhimurium_str._LT2,_complete_genome._RF01056"
Enterobacteriaceae,Salmonella enterica different,RF01056,"CP000880.1/3108729-3108617_Salmonella_enterica_different,_complete_genome._RF01056"
Enterobacteriaceae,Shigella boydii CDC 3083-94,RF01056,"CP001063.1/4512268-4512153_Shigella_boydii_CDC_3083-94,_complete_genome._RF01056"
Enterobacteriaceae,Trabulsiella odontotermitis,RF01056,"JNGI01000051.1/46241-46129_JNGI01000051.1_Trabulsiella_odontotermitis_strain_12_SAMPLE12_CONTIG_51,_whole_genome_shotgun_sequence_RF01056"
Enterobacteriaceae,Shigella sonnei Ss046,RF01056,"CP000038.1/4693869-4693984_Shigella_sonnei_Ss046,_complete_genome._RF01056"
Enterobacteriaceae,Escherichia vulneris NBRC 102420,RF01056,"BBMZ01000002.1/490806-490693_Escherichia_vulneris_NBRC_102420_DNA,_contig:_EV10242002._RF01056"
Enterobacteriaceae,Citrobacter freundii,RF01056,"JABXSS010000001.1/3651155-3651042_JABXSS010000001.1_Citrobacter_freundii_strain_RHB34-C11_RHB34-C11_1,_whole_genome_shotgun_sequence_RF01056"
Enterobacteriaceae,Jejubacter calystegiae,RF01056,"CP040428.1/578529-578415_CP040428.1_Jejubacter_calystegiae_strain_KSNA2_chromosome,_complete_genome_RF01056"
Enterobacteriaceae,Serratia odorifera DSM 4582,RF00080,"GG753567.1/3464474-3464292_Serratia_odorifera_DSM_4582_genomic_scaffold_SCAFFOLD1,_whole_genome_shotgun_sequence_RF00080"
Enterobacteriaceae,Tenebrionibacter intestinalis,RF00080,"JAEPBH010000001.1/98071-97895_Tenebrionibacter_intestinalis_strain_BIT-L3_Scaffold1,_whole_genome_shotgun_sequence_RF00080"
Enterobacteriaceae,Serratia rubidaea,RF00080,"LR134493.1/3760816-3760634_Serratia_rubidaea_strain_NCTC10036_genome_assembly,_chromosome:_1_RF00080"
Enterobacteriaceae,Xenorhabdus innexi,RF00080,"LT699767.1/879878-880053_Xenorhabdus_innexi_strain_HGB1681_(deposited_as_PTA-6826_in_the_American_Type_Culture_Collection)_genome_assembly,_scaffold:_XIS1_scaffold1,_whole_genome_shotgun_sequence_RF00080"
Enterobacteriaceae,Serratia symbiotica str. Tucson,RF00080,"GL636121.1/43167-43350_Serratia_symbiotica_str._Tucson_genomic_scaffold_scaffold00333,_whole_genome_shotgun_sequence_RF00080"
Enterobacteriaceae,Xenorhabdus koppenhoeferi,RF00080,"FPBJ01000017.1/39188-39328_Xenorhabdus_koppenhoeferi_strain_DSM_18168_genome_assembly,_contig:_Ga0111672_117,_whole_genome_shotgun_sequence_RF00080"
Enterobacteriaceae,Xenorhabdus cabanillasii,RF00080,"QTUB01000001.1/2871127-2870953_Xenorhabdus_cabanillasii_strain_DSM_17905_Ga0236269_11,_whole_genome_shotgun_sequence_RF00080"
Enterobacteriaceae,Yersinia pestis CO92,RF00080,AL590842.1/2000115-1999916_Yersinia_pestis_CO92_complete_genome_RF00080
Enterobacteriaceae,Edwardsiella hoshinae,RF00080,"UFXZ01000001.1/20473-20578_Edwardsiella_hoshinae_strain_NCTC12121_genome_assembly,_contig:_ERS1295689SCcontig000001,_whole_genome_shotgun_sequence_RF00080"
Enterobacteriaceae,Xenorhabdus japonica,RF00080,"FOVO01000003.1/84612-84495_Xenorhabdus_japonica_strain_DSM_16522_genome_assembly,_contig:_Ga0111655_103,_whole_genome_shotgun_sequence_RF00080"
Enterobacteriaceae,Cronobacter sakazakii ATCC BAA-894,RF00080,"CP000783.1/1375601-1375429_Cronobacter_sakazakii_ATCC_BAA-894,_complete_genome_RF00080"
Enterobacteriaceae,Buttiauxella agrestis ATCC 33320,RF00080,"JMPI01000030.1/198867-199074_Buttiauxella_agrestis_ATCC_33320_GBAG.assembly.030,_whole_genome_shotgun_sequence_RF00080"
Enterobacteriaceae,Erwinia mallotivora,RF01734,"JFHN01000066.1/21329-21398_Erwinia_mallotivora_strain_BT-MARDI_contig_66,_whole_genome_shotgun_sequence_RF01734"
Enterobacteriaceae,Erwinia tracheiphila,RF01734,"JXNU01000003.1/4160542-4160614_Erwinia_tracheiphila_strain_BuffGH_Etrach_2,_whole_genome_shotgun_sequence_RF01734"
Enterobacteriaceae,Tatumella morbirosei,RF01734,"JPKR02000005.1/497787-497711_Tatumella_morbirosei_strain_LMG_23360_Contig5,_whole_genome_shotgun_sequence_RF01734"
Enterobacteriaceae,Leminorella richardii,RF00168,"LS483470.1/439075-438834_LS483470.1_Leminorella_richardii_strain_NCTC12151_genome_assembly,_chromosome:_1_RF00168"
Enterobacteriaceae,Erwinia tasmaniensis,RF00168,CU468135.1/3490546-3490735_Erwinia_tasmaniensis_strain_ET1/99_complete_chromosome._RF00168
Enterobacteriaceae,Sodalis glossinidius str. 'morsitans',RF00168,"AP008232.1/3728538-3728734_Sodalis_glossinidius_str._'morsitans'_DNA,_complete_genome._RF00168"
Enterobacteriaceae,Budvicia aquatica,RF00168,"PDDX01000001.1/1940-2129_PDDX01000001.1_Budvicia_aquatica_strain_FDAARGOS_387_pRIID_90.contig.0,_whole_genome_shotgun_sequence_RF00168"
Enterobacteriaceae,Candidatus Erwinia dacicola,RF00174,"LJAM02000291.1/2644-2463_LJAM02000291.1_Candidatus_Erwinia_dacicola_strain_Oroville_edac.contig.283_1,_whole_genome_shotgun_sequence_RF00174"
Enterobacteriaceae,Salmonella enterica subsp. arizonae,RF00174,"LS483466.1/1742647-1742820_LS483466.1_Salmonella_enterica_subsp._arizonae_strain_NCTC7307_genome_assembly,_chromosome:_1_RF00174"
Enterobacteriaceae,Enterobacter sp. 638,RF01068,"CP000653.1/386379-386423_Enterobacter_sp._638_chromosome,_complete_genome_RF01068"
Enterobacteriaceae,Candidatus Regiella insecticola R5.15,RF00059,"AGCA01000254.1/1488-1376_Candidatus_Regiella_insecticola_R5.15_Rin_2504560305.454,_whole_genome_shotgun_sequence._RF00059"
Enterobacteriaceae,Mangrovibacter sp. MFB070,RF03054,"JJMI01000039.1/91116-91175_Mangrovibacter_sp._MFB070_Contig-039,_whole_genome_shotgun_sequence_RF03054"
Enterobacteriaceae,Enterobacteriaceae bacterium RIT714,RF00380,"WJYB01000018.1/13853-13684_WJYB01000018.1_Enterobacteriaceae_bacterium_RIT714_18,_whole_genome_shotgun_sequence_RF00380"
Enterobacteriaceae,Candidatus Symbiopectobacterium sp. PLON1,RF00504,"RYVO01000024.1/73403-73515_MAG:_Candidatus_Symbiopectobacterium_sp._PLON1_n24_c_19.6,_whole_genome_shotgun_sequence_RF00504"
Enterobacteriaceae,Enterobacteriaceae bacterium strain FGI 57,RF00380,"CP003938.1/256342-256160_CP003938.1_Enterobacteriaceae_bacterium_strain_FGI_57,_complete_genome_RF00380"
Enterobacteriaceae,Brenneria goodwinii,RF00504,"CGIG01000001.1/4527108-4527012_Brenneria_goodwinii_genome_assembly_B_goodwinii_PB,_contig_Contig,_whole_genome_shotgun_sequence_RF00504"
Enterobacteriaceae,Candidatus Symbiopectobacterium sp. Dall1.0,RF00504,"RYVQ01000136.1/11403-11495_MAG:_Candidatus_Symbiopectobacterium_sp._Dall1.0_n136,_whole_genome_shotgun_sequence_RF00504"
Enterobacteriaceae,Dickeya dadantii 3937,RF00442,"CP002038.1/4775001-4775095_Dickeya_dadantii_3937,_complete_genome_RF00442"
Enterobacteriaceae,Kosakonia cowanii JCM 10956 = DSM 18146,RF00380,"CP019445.1/4525707-4525885_CP019445.1_Kosakonia_cowanii_JCM_10956_=_DSM_18146_strain_888-76_chromosome,_complete_genome_RF00380"
Enterobacteriaceae,Klebsiella pneumoniae subsp. pneumoniae,RF00380,"CP003200.1/5013317-5013498_CP003200.1_Klebsiella_pneumoniae_subsp._pneumoniae_HS11286,_complete_genome_RF00380"
Enterobacteriaceae,Pantoea ananatis LMG 20103,RF00380,"CP001875.2/1830423-1830596_Pantoea_ananatis_LMG_20103,_complete_genome._RF00380"
Enterobacteriaceae,Klebsiella michiganensis,RF00380,"KK036986.1/5813892-5814075_KK036986.1_Klebsiella_michiganensis_strain_MGH_27_adjbQ-supercont1.1,_whole_genome_shotgun_sequence_RF00380"
Enterobacteriaceae,Biostraticola tofi,RF00380,"SMCR01000007.1/67411-67241_SMCR01000007.1_Biostraticola_tofi_strain_DSM_19580_Ga0244679_107,_whole_genome_shotgun_sequence_RF00380"
Enterobacteriaceae,Serratia fonticola,RF00380,"CP011254.1/5870209-5870039_Serratia_fonticola_strain_DSM_4576,_complete_genome._RF00380"
Enterobacteriaceae,Kluyvera genomosp. 3,RF00380,"CP022114.1/2508751-2508934_CP022114.1_Kluyvera_genomosp._3_strain_YDC799_chromosome,_complete_genome_RF00380"
Enterobacteriaceae,Arsenophonus nasoniae,RF00380,"CP038613.1/2986635-2986463_CP038613.1_Arsenophonus_nasoniae_strain_FIN_chromosome,_complete_genome_RF00380"
Enterobacteriaceae,Kluyvera cryocrescens,RF01056,"CAADJD010000021.1/91895-92005_CAADJD010000021.1_Kluyvera_cryocrescens_strain_NCTC12993_genome_assembly,_contig:_ERS473437SCcontig000021,_whole_genome_shotgun_sequence_RF01056"
Enterobacteriaceae,Enterobacter cloacae SCF1,RF01056,"CP002272.1/4206762-4206644_Enterobacter_cloacae_SCF1,_complete_genome._RF01056"
Enterobacteriaceae,Cedecea neteri,RF01056,"CP009451.1/3173623-3173739_CP009451.1_Cedecea_neteri_strain_SSMD04,_complete_genome_RF01056"
Enterobacteriaceae,Klebsiella indica,RF01056,"VCHQ01000019.1/69936-69821_VCHQ01000019.1_Klebsiella_indica_strain_TOUT106_salmonela_mira_c19,_whole_genome_shotgun_sequence_RF01056"
Enterobacteriaceae,Klebsiella sp. RIT-PI-d,RF01056,"LGIT01000012.1/10535-10420_Klebsiella_sp._RIT-PI-d_NODE_6_length_100078_cov_38.7117_ID_11,_whole_genome_shotgun_sequence._RF01056"
Enterobacteriaceae,Atlantibacter hermannii NBRC 105704,RF00080,"BAFF01000001.1/262562-262741_Atlantibacter_hermannii_NBRC_105704_NBRC_105704_DNA,_contig:_EH10570401,_whole_genome_shotgun_sequence_RF00080"
Enterobacteriaceae,Yersinia ruckeri,RF00080,"UHJG01000001.1/109213-109033_Yersinia_ruckeri_strain_NCTC10476_genome_assembly,_contig:_ERS1545397SCcontig000001,_whole_genome_shotgun_sequence_RF00080"
Enterobacteriaceae,Citrobacter freundii,RF00080,"JABXSS010000001.1/1482862-1482762_Citrobacter_freundii_strain_RHB34-C11_RHB34-C11_1,_whole_genome_shotgun_sequence_RF00080"
Enterobacteriaceae,Gibbsiella quercinecans,RF00080,"CP014136.1/5046353-5046172_Gibbsiella_quercinecans_strain_FRB97_chromosome,_complete_genome_RF00080"
Enterobacteriaceae,Citrobacter sp. JGM124,RF00080,"JAERJD010000001.1/386521-386336_Citrobacter_sp._JGM124_scaffold1_size548971,_whole_genome_shotgun_sequence_RF00080"
Enterobacteriaceae,Providencia stuartii,RF00080,"LVIE01000168.1/221221-221399_Providencia_stuartii_strain_Crippen_contig_3,_whole_genome_shotgun_sequence_RF00080"
Enterobacteriaceae,Serratia ficaria,RF00080,"LT906479.1/3016628-3016811_Serratia_ficaria_strain_NCTC12148_genome_assembly,_chromosome:_1_RF00080"
Enterobacteriaceae,Serratia odorifera DSM 4582,RF01734,"GG753567.1/57762-57824_Serratia_odorifera_DSM_4582_genomic_scaffold_SCAFFOLD1,_whole_genome_shotgun_sequence_RF01734"
Enterobacteriaceae,Pantoea agglomerans,RF01734,"UGSO01000001.1/247485-247560_Pantoea_agglomerans_strain_NCTC9381_genome_assembly,_contig:_ERS513136SCcontig000001,_whole_genome_shotgun_sequence_RF01734"
Enterobacteriaceae,Erwinia mallotivora,RF01734,"JFHN01000018.1/140995-140923_Erwinia_mallotivora_strain_BT-MARDI_contig_18,_whole_genome_shotgun_sequence_RF01734"
Enterobacteriaceae,Edwardsiella hoshinae,RF01734,"UFXZ01000001.1/1276307-1276384_Edwardsiella_hoshinae_strain_NCTC12121_genome_assembly,_contig:_ERS1295689SCcontig000001,_whole_genome_shotgun_sequence_RF01734"
Enterobacteriaceae,Serratia rubidaea,RF01734,"LR134493.1/353347-353423_Serratia_rubidaea_strain_NCTC10036_genome_assembly,_chromosome:_1_RF01734"
Enterobacteriaceae,Brenneria rubrifaciens,RF01734,"CP034035.1/1122516-1122457_Brenneria_rubrifaciens_strain_6D370_chromosome,_complete_genome_RF01734"
Enterobacteriaceae,Pantoea vagans,RF01734,"CP011427.1/27359-27434_Pantoea_vagans_strain_ND02_chromosome,_complete_genome_RF01734"
Enterobacteriaceae,Shigella flexneri 2a str. 301,RF00168,"AE005674.2/4356132-4356328_Shigella_flexneri_2a_str._301,_complete_genome._RF00168"
Enterobacteriaceae,Tatumella morbirosei,RF00168,"JPKR02000005.1/216449-216643_Tatumella_morbirosei_strain_LMG_23360_Contig5,_whole_genome_shotgun_sequence._RF00168"
Enterobacteriaceae,Buttiauxella agrestis ATCC 33320,RF00168,"JMPI01000006.1/93578-93418_Buttiauxella_agrestis_ATCC_33320_GBAG.assembly.006,_whole_genome_shotgun_sequence._RF00168"
Enterobacteriaceae,Lonsdalea quercina,RF00168,"FNQS01000016.1/27479-27674_Lonsdalea_quercina_strain_ATCC_29281_genome_assembly,_contig:_Ga0052894_scaffold00016.16_RF00168"
Enterobacteriaceae,Budvicia aquatica,RF00168,"PDDX01000001.1/5910874-5911065_PDDX01000001.1_Budvicia_aquatica_strain_FDAARGOS_387_pRIID_90.contig.0,_whole_genome_shotgun_sequence_RF00168"
Enterobacteriaceae,Serratia symbiotica str. Tucson,RF00168,"GL636100.1/63454-63261_Serratia_symbiotica_str._Tucson_genomic_scaffold_scaffold00201,_whole_genome_shotgun_sequence._RF00168"
Enterobacteriaceae,Jejubacter calystegiae,RF00168,"CP040428.1/1557452-1557262_CP040428.1_Jejubacter_calystegiae_strain_KSNA2_chromosome,_complete_genome_RF00168"
Enterobacteriaceae,Tenebrionibacter intestinalis,RF00168,"JAEPBH010000011.1/75772-75965_JAEPBH010000011.1_Tenebrionibacter_intestinalis_strain_BIT-L3_Scaffold11,_whole_genome_shotgun_sequence_RF00168"
Enterobacteriaceae,Cronobacter sakazakii ATCC BAA-894,RF00168,"CP000783.1/52032-51839_Cronobacter_sakazakii_ATCC_BAA-894,_complete_genome._RF00168"
Enterobacteriaceae,Escherichia vulneris NBRC 102420,RF00168,"BBMZ01000004.1/38415-38609_Escherichia_vulneris_NBRC_102420_DNA,_contig:_EV10242004._RF00168"
Enterobacteriaceae,Erwinia billingiae,RF00168,FP236843.1/356595-356352_Erwinia_billingiae_strain_Eb661_complete_chromosome._RF00168
Enterobacteriaceae,Erwinia tracheiphila,RF00168,"JXNU01000003.1/3154900-3154653_Erwinia_tracheiphila_strain_BuffGH_Etrach_2,_whole_genome_shotgun_sequence._RF00168"
Enterobacteriaceae,Salmonella enterica different,RF00174,"CP000880.1/869401-869575_Salmonella_enterica_different,_complete_genome._RF00174"
Enterobacteriaceae,Shigella sonnei Ss046,RF00174,"CP000038.1/4382769-4382958_Shigella_sonnei_Ss046,_complete_genome._RF00174"
Enterobacteriaceae,Citrobacter rodentium ICC168,RF00174,"FN543502.1/2222131-2221957_Citrobacter_rodentium_ICC168,_complete_genome_RF00174"
Enterobacteriaceae,Klebsiella pneumoniae subsp. ozaenae,RF00174,"UGLZ01000004.1/343404-343581_UGLZ01000004.1_Klebsiella_pneumoniae_subsp._ozaenae_strain_NCTC5050_genome_assembly,_contig:_ERS513128SCcontig000004,_whole_genome_shotgun_sequence_RF00174"
Enterobacteriaceae,Salmonella enterica subsp. enterica serovar Typhimurium str. LT2,RF00174,"AE006468.2/4347864-4348056_Salmonella_enterica_subsp._enterica_serovar_Typhimurium_str._LT2,_complete_genome._RF00174"
Enterobacteriaceae,Yersinia pestis CO92,RF00174,AL590842.1/4393250-4392989_Yersinia_pestis_CO92_complete_genome_RF00174
Enterobacteriaceae,Salmonella enterica subsp. arizonae,RF00174,"LS483466.1/4309774-4309582_LS483466.1_Salmonella_enterica_subsp._arizonae_strain_NCTC7307_genome_assembly,_chromosome:_1_RF00174"
Enterobacteriaceae,Photorhabdus luminescens subsp. laumondii TTO1,RF00174,BX470251.1/3500804-3500619_Photorhabdus_luminescens_subsp._laumondii_TTO1_complete_genome_RF00174
Enterobacteriaceae,Leminorella richardii,RF00174,"LS483470.1/3590488-3590278_LS483470.1_Leminorella_richardii_strain_NCTC12151_genome_assembly,_chromosome:_1_RF00174"
Enterobacteriaceae,Trabulsiella odontotermitis,RF00174,"JNGI01000069.1/26060-26242_JNGI01000069.1_Trabulsiella_odontotermitis_strain_12_SAMPLE12_CONTIG_69,_whole_genome_shotgun_sequence_RF00174"
Enterobacteriaceae,Citrobacter koseri ATCC BAA-895,RF00174,"CP000822.1/771363-771536_Citrobacter_koseri_ATCC_BAA-895,_complete_genome._RF00174"
Enterobacteriaceae,Xenorhabdus japonica,RF01068,"FOVO01000002.1/151344-151390_Xenorhabdus_japonica_strain_DSM_16522_genome_assembly,_contig:_Ga0111655_102,_whole_genome_shotgun_sequence_RF01068"
Enterobacteriaceae,Erwinia tasmaniensis,RF01068,CU468135.1/3718371-3718324_Erwinia_tasmaniensis_strain_ET1/99_complete_chromosome_RF01068
Enterobacteriaceae,Xenorhabdus koppenhoeferi,RF01068,"FPBJ01000019.1/41068-41114_Xenorhabdus_koppenhoeferi_strain_DSM_18168_genome_assembly,_contig:_Ga0111672_119,_whole_genome_shotgun_sequence_RF01068"
Enterobacteriaceae,Xenorhabdus cabanillasii,RF01068,"QTUB01000001.1/677924-677970_Xenorhabdus_cabanillasii_strain_DSM_17905_Ga0236269_11,_whole_genome_shotgun_sequence_RF01068"
Enterobacteriaceae,Xenorhabdus innexi,RF01068,"LT699767.1/1972734-1972688_Xenorhabdus_innexi_strain_HGB1681_(deposited_as_PTA-6826_in_the_American_Type_Culture_Collection)_genome_assembly,_scaffold:_XIS1_scaffold1,_whole_genome_shotgun_sequence_RF01068"
Enterobacteriaceae,Salmonella enterica subsp. enterica serovar Poona,RF01055,"PYKI01003106.1/2244-2388_PYKI01003106.1_Salmonella_enterica_subsp._enterica_serovar_Poona_strain_22sa_NODE_471_length_2522_cov_3.80327,_whole_genome_shotgun_sequence_RF01055"
Enterobacteriaceae,Shigella boydii CDC 3083-94,RF01055,"CP001063.1/2372677-2372533_Shigella_boydii_CDC_3083-94,_complete_genome._RF01055"
Enterobacteriaceae,Candidatus Erwinia dacicola,RF00050,"LJAM02000141.1/597-746_LJAM02000141.1_Candidatus_Erwinia_dacicola_strain_Oroville_edac.contig.135_1,_whole_genome_shotgun_sequence_RF00050"
Enterobacteriaceae,Enterobacter sp. 638,RF00059,"CP000653.1/242251-242143_Enterobacter_sp._638,_complete_genome._RF00059"
Enterobacteriaceae,Sodalis glossinidius str. 'morsitans',RF00059,"AP008232.1/761536-761422_Sodalis_glossinidius_str._'morsitans'_DNA,_complete_genome._RF00059"
Enterobacteriaceae,Candidatus Symbiopectobacterium sp. PLON1,RF00504,"RYVO01000024.1/73303-73395_MAG:_Candidatus_Symbiopectobacterium_sp._PLON1_n24_c_19.6,_whole_genome_shotgun_sequence_RF00504"
Enterobacteriaceae,Enterobacteriaceae bacterium RIT714,RF01056,"WJYB01000004.1/275961-276074_WJYB01000004.1_Enterobacteriaceae_bacterium_RIT714_4,_whole_genome_shotgun_sequence_RF01056"
Enterobacteriaceae,Mangrovibacter sp. MFB070,RF00442,"JJMI01000025.1/590612-590706_Mangrovibacter_sp._MFB070_Contig-025,_whole_genome_shotgun_sequence_RF00442"
Enterobacteriaceae,Enterobacteriaceae bacterium strain FGI 57,RF01056,"CP003938.1/4185611-4185501_CP003938.1_Enterobacteriaceae_bacterium_strain_FGI_57,_complete_genome_RF01056"
Enterobacteriaceae,Brenneria goodwinii,RF00442,"CGIG01000001.1/1801858-1801758_Brenneria_goodwinii_genome_assembly_B_goodwinii_PB,_contig_Contig,_whole_genome_shotgun_sequence_RF00442"
Enterobacteriaceae,Arsenophonus nasoniae,RF00380,"CP038613.1/502271-502102_CP038613.1_Arsenophonus_nasoniae_strain_FIN_chromosome,_complete_genome_RF00380"
Enterobacteriaceae,Kosakonia cowanii JCM 10956 = DSM 18146,RF01056,"CP019445.1/646968-646858_CP019445.1_Kosakonia_cowanii_JCM_10956_=_DSM_18146_strain_888-76_chromosome,_complete_genome_RF01056"
Enterobacteriaceae,Kluyvera genomosp. 3,RF01056,"CP022114.1/4394432-4394321_CP022114.1_Kluyvera_genomosp._3_strain_YDC799_chromosome,_complete_genome_RF01056"
Enterobacteriaceae,Klebsiella pneumoniae subsp. pneumoniae,RF01056,"CP003200.1/535524-535640_CP003200.1_Klebsiella_pneumoniae_subsp._pneumoniae_HS11286,_complete_genome_RF01056"
Enterobacteriaceae,Klebsiella michiganensis,RF01056,"KK036986.1/944071-944185_KK036986.1_Klebsiella_michiganensis_strain_MGH_27_adjbQ-supercont1.1,_whole_genome_shotgun_sequence_RF01056"
Enterobacteriaceae,Cedecea neteri,RF00080,"CP009451.1/4662073-4661885_Cedecea_neteri_strain_SSMD04,_complete_genome_RF00080"
Enterobacteriaceae,Klebsiella sp. RIT-PI-d,RF00080,"LGIT01000009.1/1480561-1480741_Klebsiella_sp._RIT-PI-d_NODE_1_length_2264346_cov_38.3847_ID_1,_whole_genome_shotgun_sequence_RF00080"
Enterobacteriaceae,Serratia fonticola,RF00080,"CP011254.1/4756358-4756262_Serratia_fonticola_strain_DSM_4576,_complete_genome_RF00080"
Enterobacteriaceae,Dickeya dadantii 3937,RF00080,"CP002038.1/2568011-2568194_Dickeya_dadantii_3937,_complete_genome_RF00080"
Enterobacteriaceae,Candidatus Symbiopectobacterium sp. Dall1.0,RF01734,"RYVQ01000071.1/305-244_MAG:_Candidatus_Symbiopectobacterium_sp._Dall1.0_n71,_whole_genome_shotgun_sequence_RF01734"
Enterobacteriaceae,Klebsiella indica,RF01734,"VCHQ01000018.1/49572-49646_Klebsiella_indica_strain_TOUT106_salmonela_mira_c18,_whole_genome_shotgun_sequence_RF01734"
Enterobacteriaceae,Kluyvera cryocrescens,RF01734,"CAADJD010000018.1/119165-119226_Kluyvera_cryocrescens_strain_NCTC12993_genome_assembly,_contig:_ERS473437SCcontig000018,_whole_genome_shotgun_sequence_RF01734"
Enterobacteriaceae,Gibbsiella quercinecans,RF01734,"CP014136.1/1283534-1283596_Gibbsiella_quercinecans_strain_FRB97_chromosome,_complete_genome_RF01734"
Enterobacteriaceae,Serratia ficaria,RF01734,"LT906479.1/1313524-1313462_Serratia_ficaria_strain_NCTC12148_genome_assembly,_chromosome:_1_RF01734"
Enterobacteriaceae,Yersinia ruckeri,RF01734,"UHJG01000001.1/1091766-1091828_Yersinia_ruckeri_strain_NCTC10476_genome_assembly,_contig:_ERS1545397SCcontig000001,_whole_genome_shotgun_sequence_RF01734"
Enterobacteriaceae,Pantoea ananatis LMG 20103,RF01734,"CP001875.2/4203225-4203149_Pantoea_ananatis_LMG_20103,_complete_genome_RF01734"
Enterobacteriaceae,Providencia stuartii,RF01734,"LVIE01000035.1/62116-62048_Providencia_stuartii_strain_Crippen_contig_13,_whole_genome_shotgun_sequence_RF01734"
Enterobacteriaceae,Serratia rubidaea,RF00168,"LR134493.1/2036811-2036616_LR134493.1_Serratia_rubidaea_strain_NCTC10036_genome_assembly,_chromosome:_1_RF00168"
Enterobacteriaceae,Pantoea vagans,RF00168,"CP011427.1/3799577-3799382_CP011427.1_Pantoea_vagans_strain_ND02_chromosome,_complete_genome_RF00168"
Enterobacteriaceae,Brenneria rubrifaciens,RF00168,"CP034035.1/3372253-3372447_CP034035.1_Brenneria_rubrifaciens_strain_6D370_chromosome,_complete_genome_RF00168"
Enterobacteriaceae,Citrobacter sp. JGM124,RF00168,"JAERJD010000012.1/14957-14717_JAERJD010000012.1_Citrobacter_sp._JGM124_scaffold12_size103524,_whole_genome_shotgun_sequence_RF00168"
Enterobacteriaceae,Budvicia aquatica,RF00168,"PDDX01000001.1/2989813-2990015_PDDX01000001.1_Budvicia_aquatica_strain_FDAARGOS_387_pRIID_90.contig.0,_whole_genome_shotgun_sequence_RF00168"
Enterobacteriaceae,Serratia odorifera DSM 4582,RF00168,"GG753567.1/1778008-1777814_Serratia_odorifera_DSM_4582_genomic_scaffold_SCAFFOLD1,_whole_genome_shotgun_sequence._RF00168"
Enterobacteriaceae,Erwinia mallotivora,RF00168,"JFHN01000028.1/49602-49850_Erwinia_mallotivora_strain_BT-MARDI_contig_28,_whole_genome_shotgun_sequence._RF00168"
Enterobacteriaceae,Biostraticola tofi,RF00168,"SMCR01000012.1/71505-71702_SMCR01000012.1_Biostraticola_tofi_strain_DSM_19580_Ga0244679_112,_whole_genome_shotgun_sequence_RF00168"
Enterobacteriaceae,Pantoea agglomerans,RF00168,"UGSO01000001.1/3770930-3770736_UGSO01000001.1_Pantoea_agglomerans_strain_NCTC9381_genome_assembly,_contig:_ERS513136SCcontig000001,_whole_genome_shotgun_sequence_RF00168"
Enterobacteriaceae,Tenebrionibacter intestinalis,RF00174,"JAEPBH010000050.1/21138-21313_JAEPBH010000050.1_Tenebrionibacter_intestinalis_strain_BIT-L3_Scaffold50,_whole_genome_shotgun_sequence_RF00174"
Enterobacteriaceae,Buttiauxella agrestis ATCC 33320,RF00174,"JMPI01000074.1/132596-132780_Buttiauxella_agrestis_ATCC_33320_GBAG.assembly.074,_whole_genome_shotgun_sequence._RF00174"
Enterobacteriaceae,Jejubacter calystegiae,RF00174,"CP040428.1/1400744-1400946_CP040428.1_Jejubacter_calystegiae_strain_KSNA2_chromosome,_complete_genome_RF00174"
Enterobacteriaceae,Edwardsiella hoshinae,RF00174,"UFXZ01000001.1/1619307-1619483_UFXZ01000001.1_Edwardsiella_hoshinae_strain_NCTC12121_genome_assembly,_contig:_ERS1295689SCcontig000001,_whole_genome_shotgun_sequence_RF00174"
Enterobacteriaceae,Shigella flexneri 2a str. 301,RF00174,"AE005674.2/4183395-4183584_Shigella_flexneri_2a_str._301,_complete_genome._RF00174"
Enterobacteriaceae,Citrobacter freundii,RF00174,"JABXSS010000001.1/3979664-3979469_JABXSS010000001.1_Citrobacter_freundii_strain_RHB34-C11_RHB34-C11_1,_whole_genome_shotgun_sequence_RF00174"
Enterobacteriaceae,Citrobacter rodentium ICC168,RF00174,"FN543502.1/3980116-3979923_Citrobacter_rodentium_ICC168,_complete_genome_RF00174"
Enterobacteriaceae,Erwinia billingiae,RF00174,FP236843.1/194056-194235_Erwinia_billingiae_strain_Eb661_complete_chromosome._RF00174
Enterobacteriaceae,Citrobacter koseri ATCC BAA-895,RF00174,"CP000822.1/1237335-1237110_Citrobacter_koseri_ATCC_BAA-895,_complete_genome._RF00174"
Enterobacteriaceae,Enterobacter cloacae SCF1,RF00174,"CP002272.1/1887467-1887641_Enterobacter_cloacae_SCF1,_complete_genome._RF00174"
Enterobacteriaceae,Cronobacter sakazakii ATCC BAA-894,RF00174,"CP000783.1/3747270-3747086_Cronobacter_sakazakii_ATCC_BAA-894,_complete_genome._RF00174"
Enterobacteriaceae,Escherichia vulneris NBRC 102420,RF00174,"BBMZ01000025.1/96241-96418_Escherichia_vulneris_NBRC_102420_DNA,_contig:_EV10242025._RF00174"
Enterobacteriaceae,Salmonella enterica subsp. enterica serovar Typhimurium str. LT2,RF00174,"AE006468.2/2114070-2113896_Salmonella_enterica_subsp._enterica_serovar_Typhimurium_str._LT2,_complete_genome._RF00174"
Enterobacteriaceae,Yersinia pestis CO92,RF01068,AL590842.1/366347-366393_Yersinia_pestis_CO92_complete_genome_RF01068
Enterobacteriaceae,Trabulsiella odontotermitis,RF01068,"JNGI01000059.1/12356-12312_Trabulsiella_odontotermitis_strain_12_SAMPLE12_CONTIG_59,_whole_genome_shotgun_sequence_RF01068"
Enterobacteriaceae,Salmonella enterica different,RF01068,"CP000880.1/3192327-3192283_Salmonella_enterica_different_strain_RSK2980_chromosome,_complete_genome_RF01068"
Enterobacteriaceae,Leminorella richardii,RF01068,"LS483470.1/3357293-3357249_Leminorella_richardii_strain_NCTC12151_genome_assembly,_chromosome:_1_RF01068"
Enterobacteriaceae,Photorhabdus luminescens subsp. laumondii TTO1,RF01068,BX470251.1/4818293-4818247_Photorhabdus_luminescens_subsp._laumondii_TTO1_complete_genome_RF01068
Enterobacteriaceae,Atlantibacter hermannii NBRC 105704,RF01068,"BAFF01000004.1/107907-107957_Atlantibacter_hermannii_NBRC_105704_NBRC_105704_DNA,_contig:_EH10570404,_whole_genome_shotgun_sequence_RF01068"
Enterobacteriaceae,Tatumella morbirosei,RF01055,"JPKR02000002.1/26825-26962_Tatumella_morbirosei_strain_LMG_23360_Contig2,_whole_genome_shotgun_sequence._RF01055"
Enterobacteriaceae,Klebsiella pneumoniae subsp. ozaenae,RF01055,"UGLZ01000005.1/2543761-2543623_UGLZ01000005.1_Klebsiella_pneumoniae_subsp._ozaenae_strain_NCTC5050_genome_assembly,_contig:_ERS513128SCcontig000005,_whole_genome_shotgun_sequence_RF01055"
Enterobacteriaceae,Erwinia tasmaniensis,RF01055,CU468135.1/2548214-2548079_Erwinia_tasmaniensis_strain_ET1/99_complete_chromosome._RF01055
Enterobacteriaceae,Lonsdalea quercina,RF01055,"FNQS01000005.1/202918-202776_Lonsdalea_quercina_strain_ATCC_29281_genome_assembly,_contig:_Ga0052894_scaffold00005.5_RF01055"
Enterobacteriaceae,Xenorhabdus koppenhoeferi,RF01055,"FPBJ01000016.1/54247-54091_FPBJ01000016.1_Xenorhabdus_koppenhoeferi_strain_DSM_18168_genome_assembly,_contig:_Ga0111672_116,_whole_genome_shotgun_sequence_RF01055"
Enterobacteriaceae,Xenorhabdus cabanillasii,RF01055,"QTUB01000001.1/4133546-4133352_QTUB01000001.1_Xenorhabdus_cabanillasii_strain_DSM_17905_Ga0236269_11,_whole_genome_shotgun_sequence_RF01055"
Enterobacteriaceae,Xenorhabdus japonica,RF01055,"FOVO01000041.1/18910-18762_FOVO01000041.1_Xenorhabdus_japonica_strain_DSM_16522_genome_assembly,_contig:_Ga0111655_141,_whole_genome_shotgun_sequence_RF01055"
Enterobacteriaceae,Xenorhabdus innexi,RF01055,"LT699767.1/1239274-1239081_Xenorhabdus_innexi_strain_HGB1681_(deposited_as_PTA-6826_in_the_American_Type_Culture_Collection)_genome_assembly,_scaffold:_XIS1_scaffold1_RF01055"
Enterobacteriaceae,Serratia symbiotica str. Tucson,RF01055,"GL636100.1/87315-87459_Serratia_symbiotica_str._Tucson_genomic_scaffold_scaffold00201,_whole_genome_shotgun_sequence._RF01055"
Enterobacteriaceae,Salmonella enterica subsp. arizonae,RF00050,"LS483466.1/605739-605939_LS483466.1_Salmonella_enterica_subsp._arizonae_strain_NCTC7307_genome_assembly,_chromosome:_1_RF00050"
Enterobacteriaceae,Erwinia tracheiphila,RF00050,"JXNU01000003.1/3926327-3926477_Erwinia_tracheiphila_strain_BuffGH_Etrach_2,_whole_genome_shotgun_sequence._RF00050"
Enterobacteriaceae,Shigella boydii CDC 3083-94,RF00059,"CP001063.1/1026192-1026288_Shigella_boydii_CDC_3083-94,_complete_genome._RF00059"
Enterobacteriaceae,Shigella sonnei Ss046,RF00059,"CP000038.1/83394-83295_Shigella_sonnei_Ss046,_complete_genome._RF00059"
Enterobacteriaceae,Enterobacter sp. 638,RF00059,"CP000653.1/696377-696277_Enterobacter_sp._638,_complete_genome._RF00059"
Enterobacteriaceae,Mangrovibacter sp. MFB070,RF01056,"JJMI01000043.1/30681-30800_Mangrovibacter_sp._MFB070_Contig-043,_whole_genome_shotgun_sequence._RF01056"
Enterobacteriaceae,Enterobacteriaceae bacterium strain FGI 57,RF00080,"CP003938.1/1894271-1894166_Enterobacteriaceae_bacterium_strain_FGI_57,_complete_genome_RF00080"
Enterobacteriaceae,Arsenophonus nasoniae,RF00080,"CP038613.1/1591577-1591436_Arsenophonus_nasoniae_strain_FIN_chromosome,_complete_genome_RF00080"
Enterobacteriaceae,Enterobacteriaceae bacterium RIT714,RF00174,"WJYB01000012.1/120890-121067_WJYB01000012.1_Enterobacteriaceae_bacterium_RIT714_12,_whole_genome_shotgun_sequence_RF00174"
Enterobacteriaceae,Brenneria goodwinii,RF00080,"CGIG01000001.1/4572731-4572921_Brenneria_goodwinii_genome_assembly_B_goodwinii_PB,_contig_Contig,_whole_genome_shotgun_sequence_RF00080"
Enterobacteriaceae,Klebsiella michiganensis,RF00080,"KK036986.1/2783871-2783716_Klebsiella_michiganensis_strain_MGH_27_adjbQ-supercont1.1,_whole_genome_shotgun_sequence_RF00080"
Enterobacteriaceae,Serratia fonticola,RF00080,"CP011254.1/5280750-5280930_Serratia_fonticola_strain_DSM_4576,_complete_genome_RF00080"
Enterobacteriaceae,Kosakonia cowanii JCM 10956 = DSM 18146,RF00080,"CP019445.1/3938093-3938267_Kosakonia_cowanii_JCM_10956_=_DSM_18146_strain_888-76_chromosome,_complete_genome_RF00080"
Enterobacteriaceae,Candidatus Symbiopectobacterium sp. PLON1,RF01734,"RYVO01000019.1/25656-25593_MAG:_Candidatus_Symbiopectobacterium_sp._PLON1_n19_c_18.6,_whole_genome_shotgun_sequence_RF01734"
Enterobacteriaceae,Klebsiella indica,RF01734,"VCHQ01000018.1/58259-58197_Klebsiella_indica_strain_TOUT106_salmonela_mira_c18,_whole_genome_shotgun_sequence_RF01734"
Enterobacteriaceae,Cedecea neteri,RF01734,"CP009451.1/4813899-4813968_Cedecea_neteri_strain_SSMD04,_complete_genome_RF01734"
Enterobacteriaceae,Kluyvera genomosp. 3,RF01734,"CP022114.1/879635-879695_Kluyvera_genomosp._3_strain_YDC799_chromosome,_complete_genome_RF01734"
Enterobacteriaceae,Dickeya dadantii 3937,RF01734,"CP002038.1/1376618-1376557_Dickeya_dadantii_3937,_complete_genome_RF01734"
Enterobacteriaceae,Gibbsiella quercinecans,RF00168,"CP014136.1/2960931-2960741_CP014136.1_Gibbsiella_quercinecans_strain_FRB97_chromosome,_complete_genome_RF00168"
Enterobacteriaceae,Yersinia ruckeri,RF00168,"UHJG01000001.1/2632952-2632759_UHJG01000001.1_Yersinia_ruckeri_strain_NCTC10476_genome_assembly,_contig:_ERS1545397SCcontig000001,_whole_genome_shotgun_sequence_RF00168"
Enterobacteriaceae,Klebsiella pneumoniae subsp. pneumoniae,RF00168,"CP003200.1/287054-286819_CP003200.1_Klebsiella_pneumoniae_subsp._pneumoniae_HS11286,_complete_genome_RF00168"
Enterobacteriaceae,Pantoea ananatis LMG 20103,RF00168,"CP001875.2/303887-304079_Pantoea_ananatis_LMG_20103,_complete_genome._RF00168"
Enterobacteriaceae,Serratia ficaria,RF00168,"LT906479.1/4755366-4755558_LT906479.1_Serratia_ficaria_strain_NCTC12148_genome_assembly,_chromosome:_1_RF00168"
Enterobacteriaceae,Kluyvera cryocrescens,RF00168,"CAADJD010000020.1/421266-421069_CAADJD010000020.1_Kluyvera_cryocrescens_strain_NCTC12993_genome_assembly,_contig:_ERS473437SCcontig000020,_whole_genome_shotgun_sequence_RF00168"
Enterobacteriaceae,Serratia odorifera DSM 4582,RF00174,"GG753567.1/1188953-1188739_Serratia_odorifera_DSM_4582_genomic_scaffold_SCAFFOLD1,_whole_genome_shotgun_sequence._RF00174"
Enterobacteriaceae,Budvicia aquatica,RF00174,"PDDX01000001.1/1010683-1010900_PDDX01000001.1_Budvicia_aquatica_strain_FDAARGOS_387_pRIID_90.contig.0,_whole_genome_shotgun_sequence_RF00174"
Enterobacteriaceae,Pantoea vagans,RF00174,"CP011427.1/4269271-4269453_CP011427.1_Pantoea_vagans_strain_ND02_chromosome,_complete_genome_RF00174"
Enterobacteriaceae,Brenneria rubrifaciens,RF00174,"CP034035.1/3722691-3722468_CP034035.1_Brenneria_rubrifaciens_strain_6D370_chromosome,_complete_genome_RF00174"
Enterobacteriaceae,Pantoea agglomerans,RF00174,"UGSO01000001.1/197396-197578_UGSO01000001.1_Pantoea_agglomerans_strain_NCTC9381_genome_assembly,_contig:_ERS513136SCcontig000001,_whole_genome_shotgun_sequence_RF00174"
Enterobacteriaceae,Biostraticola tofi,RF00174,"SMCR01000009.1/3104-2912_SMCR01000009.1_Biostraticola_tofi_strain_DSM_19580_Ga0244679_109,_whole_genome_shotgun_sequence_RF00174"
Enterobacteriaceae,Buttiauxella agrestis ATCC 33320,RF00174,"JMPI01000033.1/25900-25721_Buttiauxella_agrestis_ATCC_33320_GBAG.assembly.033,_whole_genome_shotgun_sequence._RF00174"
Enterobacteriaceae,Citrobacter freundii,RF00174,"JABXSS010000001.1/1543725-1543499_JABXSS010000001.1_Citrobacter_freundii_strain_RHB34-C11_RHB34-C11_1,_whole_genome_shotgun_sequence_RF00174"
Enterobacteriaceae,Serratia rubidaea,RF00174,"LR134493.1/1784999-1785211_LR134493.1_Serratia_rubidaea_strain_NCTC10036_genome_assembly,_chromosome:_1_RF00174"
Enterobacteriaceae,Citrobacter koseri ATCC BAA-895,RF00174,"CP000822.1/2804233-2804044_Citrobacter_koseri_ATCC_BAA-895,_complete_genome._RF00174"
Enterobacteriaceae,Candidatus Symbiopectobacterium sp. Dall1.0,RF00174,"RYVQ01000013.1/12470-12682_RYVQ01000013.1_MAG:_Candidatus_Symbiopectobacterium_sp._Dall1.0_n13,_whole_genome_shotgun_sequence_RF00174"
Enterobacteriaceae,Klebsiella sp. RIT-PI-d,RF00174,"LGIT01000007.1/3190-3011_Klebsiella_sp._RIT-PI-d_NODE_7_length_92076_cov_40.4216_ID_13,_whole_genome_shotgun_sequence._RF00174"
Enterobacteriaceae,Citrobacter sp. JGM124,RF00174,"JAERJD010000011.1/2992-2807_JAERJD010000011.1_Citrobacter_sp._JGM124_scaffold11_size122572,_whole_genome_shotgun_sequence_RF00174"
Enterobacteriaceae,Enterobacter cloacae SCF1,RF00174,"CP002272.1/4629315-4629134_Enterobacter_cloacae_SCF1,_complete_genome._RF00174"
Enterobacteriaceae,Cronobacter sakazakii ATCC BAA-894,RF01068,"CP000783.1/145814-145861_Cronobacter_sakazakii_ATCC_BAA-894,_complete_genome_RF01068"
Enterobacteriaceae,Atlantibacter hermannii NBRC 105704,RF01068,"BAFF01000002.1/83834-83878_Atlantibacter_hermannii_NBRC_105704_NBRC_105704_DNA,_contig:_EH10570402,_whole_genome_shotgun_sequence_RF01068"
Enterobacteriaceae,Providencia stuartii,RF01068,"LVIE01000024.1/132237-132287_Providencia_stuartii_strain_Crippen_contig_12,_whole_genome_shotgun_sequence_RF01068"
Enterobacteriaceae,Salmonella enterica subsp. enterica serovar Typhimurium str. LT2,RF01068,"AE006468.2/4581450-4581494_Salmonella_enterica_subsp._enterica_serovar_Typhimurium_str._LT2,_complete_genome_RF01068"
Enterobacteriaceae,Tenebrionibacter intestinalis,RF01068,"JAEPBH010000029.1/35106-35060_Tenebrionibacter_intestinalis_strain_BIT-L3_Scaffold29,_whole_genome_shotgun_sequence_RF01068"
Enterobacteriaceae,Shigella flexneri 2a str. 301,RF01068,"AE005674.2/4481197-4481243_Shigella_flexneri_2a_str._301,_complete_genome_RF01068"
Enterobacteriaceae,Citrobacter rodentium ICC168,RF01068,"FN543502.1/3389829-3389873_Citrobacter_rodentium_ICC168,_complete_genome_RF01068"
Enterobacteriaceae,Jejubacter calystegiae,RF01068,"CP040428.1/377088-377134_Jejubacter_calystegiae_strain_KSNA2_chromosome,_complete_genome_RF01068"
Enterobacteriaceae,Edwardsiella hoshinae,RF01055,"UFXZ01000001.1/1246697-1246839_UFXZ01000001.1_Edwardsiella_hoshinae_strain_NCTC12121_genome_assembly,_contig:_ERS1295689SCcontig000001,_whole_genome_shotgun_sequence_RF01055"
Enterobacteriaceae,Salmonella enterica different,RF01055,"CP000880.1/2056806-2056663_Salmonella_enterica_different,_complete_genome._RF01055"
Enterobacteriaceae,Leminorella richardii,RF01055,"LS483470.1/2287928-2287794_LS483470.1_Leminorella_richardii_strain_NCTC12151_genome_assembly,_chromosome:_1_RF01055"
Enterobacteriaceae,Photorhabdus luminescens subsp. laumondii TTO1,RF01055,BX470251.1/1797531-1797675_Photorhabdus_luminescens_subsp._laumondii_TTO1_complete_genome_RF01055
Enterobacteriaceae,Erwinia billingiae,RF01055,FP236843.1/1524108-1524238_Erwinia_billingiae_strain_Eb661_complete_chromosome._RF01055
Enterobacteriaceae,Trabulsiella odontotermitis,RF01055,"JNGI01000010.1/9072-9204_JNGI01000010.1_Trabulsiella_odontotermitis_strain_12_SAMPLE12_CONTIG_10,_whole_genome_shotgun_sequence_RF01055"
Enterobacteriaceae,Erwinia mallotivora,RF01055,"JFHN01000075.1/67441-67311_Erwinia_mallotivora_strain_BT-MARDI_contig_75,_whole_genome_shotgun_sequence._RF01055"
Enterobacteriaceae,Escherichia vulneris NBRC 102420,RF01055,"BBMZ01000013.1/163041-163173_Escherichia_vulneris_NBRC_102420_DNA,_contig:_EV10242013._RF01055"
Enterobacteriaceae,Serratia symbiotica str. Tucson,RF00050,"GL636117.1/162958-163119_Serratia_symbiotica_str._Tucson_genomic_scaffold_scaffold00329,_whole_genome_shotgun_sequence._RF00050"
Enterobacteriaceae,Xenorhabdus innexi,RF00050,"LT699767.1/3024282-3024468_Xenorhabdus_innexi_strain_HGB1681_(deposited_as_PTA-6826_in_the_American_Type_Culture_Collection)_genome_assembly,_scaffold:_XIS1_scaffold1_RF00050"
Enterobacteriaceae,Tatumella morbirosei,RF00050,"JPKR02000004.1/146698-146846_Tatumella_morbirosei_strain_LMG_23360_Contig4,_whole_genome_shotgun_sequence._RF00050"
Enterobacteriaceae,Xenorhabdus cabanillasii,RF00050,"QTUB01000001.1/1684550-1684798_QTUB01000001.1_Xenorhabdus_cabanillasii_strain_DSM_17905_Ga0236269_11,_whole_genome_shotgun_sequence_RF00050"
Enterobacteriaceae,Yersinia pestis CO92,RF00050,AL590842.1/717671-717860_Yersinia_pestis_CO92_complete_genome_RF00050
Enterobacteriaceae,Erwinia tasmaniensis,RF00050,CU468135.1/497127-497275_Erwinia_tasmaniensis_strain_ET1/99_complete_chromosome._RF00050
Enterobacteriaceae,Xenorhabdus japonica,RF00050,"FOVO01000004.1/30316-30521_FOVO01000004.1_Xenorhabdus_japonica_strain_DSM_16522_genome_assembly,_contig:_Ga0111655_104,_whole_genome_shotgun_sequence_RF00050"
Enterobacteriaceae,Lonsdalea quercina,RF00050,"FNQS01000007.1/46659-46493_Lonsdalea_quercina_strain_ATCC_29281_genome_assembly,_contig:_Ga0052894_scaffold00007.7_RF00050"
Enterobacteriaceae,Klebsiella pneumoniae subsp. ozaenae,RF00050,"UGLZ01000004.1/37876-38027_UGLZ01000004.1_Klebsiella_pneumoniae_subsp._ozaenae_strain_NCTC5050_genome_assembly,_contig:_ERS513128SCcontig000004,_whole_genome_shotgun_sequence_RF00050"
Enterobacteriaceae,Enterobacter sp. 638,RF00059,"CP000653.1/2926390-2926294_Enterobacter_sp._638,_complete_genome._RF00059"
Enterobacteriaceae,Shigella boydii CDC 3083-94,RF00059,"CP001063.1/66674-66575_Shigella_boydii_CDC_3083-94,_complete_genome._RF00059"
Enterobacteriaceae,Xenorhabdus koppenhoeferi,RF00059,"FPBJ01000008.1/39808-39715_FPBJ01000008.1_Xenorhabdus_koppenhoeferi_strain_DSM_18168_genome_assembly,_contig:_Ga0111672_108,_whole_genome_shotgun_sequence_RF00059"
Enterobacteriaceae,Erwinia tracheiphila,RF00059,"JXNU01000003.1/2200945-2201043_Erwinia_tracheiphila_strain_BuffGH_Etrach_2,_whole_genome_shotgun_sequence._RF00059"
Enterobacteriaceae,Mangrovibacter sp. MFB070,RF00080,"JJMI01000021.1/38936-38758_Mangrovibacter_sp._MFB070_Contig-021,_whole_genome_shotgun_sequence_RF00080"
Enterobacteriaceae,Enterobacteriaceae bacterium strain FGI 57,RF01734,"CP003938.1/1597368-1597301_Enterobacteriaceae_bacterium_strain_FGI_57,_complete_genome_RF01734"
Enterobacteriaceae,Candidatus Symbiopectobacterium sp. PLON1,RF01734,"RYVO01000018.1/244319-244258_MAG:_Candidatus_Symbiopectobacterium_sp._PLON1_n18_c_19.9,_whole_genome_shotgun_sequence_RF01734"
Enterobacteriaceae,Enterobacteriaceae bacterium RIT714,RF01068,"WJYB01000008.1/212287-212333_Enterobacteriaceae_bacterium_RIT714_8,_whole_genome_shotgun_sequence_RF01068"
Enterobacteriaceae,Klebsiella michiganensis,RF01734,"KK036986.1/3898518-3898579_Klebsiella_michiganensis_strain_MGH_27_adjbQ-supercont1.1,_whole_genome_shotgun_sequence_RF01734"
Enterobacteriaceae,Brenneria goodwinii,RF01734,"CGIG01000001.1/172208-172268_Brenneria_goodwinii_genome_assembly_B_goodwinii_PB,_contig_Contig,_whole_genome_shotgun_sequence_RF01734"
Enterobacteriaceae,Serratia fonticola,RF01734,"CP011254.1/3454057-3453994_Serratia_fonticola_strain_DSM_4576,_complete_genome_RF01734"
Enterobacteriaceae,Kluyvera genomosp. 3,RF00168,"CP022114.1/4649123-4649320_CP022114.1_Kluyvera_genomosp._3_strain_YDC799_chromosome,_complete_genome_RF00168"
Enterobacteriaceae,Cedecea neteri,RF00168,"CP009451.1/2351453-2351674_CP009451.1_Cedecea_neteri_strain_SSMD04,_complete_genome_RF00168"
Enterobacteriaceae,Klebsiella indica,RF00168,"VCHQ01000013.1/42920-43141_VCHQ01000013.1_Klebsiella_indica_strain_TOUT106_salmonela_mira_c13,_whole_genome_shotgun_sequence_RF00168"
Enterobacteriaceae,Dickeya dadantii 3937,RF00168,"CP002038.1/4344954-4345151_Dickeya_dadantii_3937,_complete_genome._RF00168"
Enterobacteriaceae,Gibbsiella quercinecans,RF00174,"CP014136.1/2707341-2707553_CP014136.1_Gibbsiella_quercinecans_strain_FRB97_chromosome,_complete_genome_RF00174"
Enterobacteriaceae,Kluyvera cryocrescens,RF00174,"CAADJD010000018.1/186229-186418_CAADJD010000018.1_Kluyvera_cryocrescens_strain_NCTC12993_genome_assembly,_contig:_ERS473437SCcontig000018,_whole_genome_shotgun_sequence_RF00174"
Enterobacteriaceae,Klebsiella pneumoniae subsp. pneumoniae,RF00174,"CP003200.1/117343-117529_CP003200.1_Klebsiella_pneumoniae_subsp._pneumoniae_HS11286,_complete_genome_RF00174"
Enterobacteriaceae,Citrobacter freundii,RF00174,"JABXSS010000001.1/1425553-1425727_JABXSS010000001.1_Citrobacter_freundii_strain_RHB34-C11_RHB34-C11_1,_whole_genome_shotgun_sequence_RF00174"
Enterobacteriaceae,Kosakonia cowanii JCM 10956 = DSM 18146,RF00174,"CP019445.1/184014-183845_CP019445.1_Kosakonia_cowanii_JCM_10956_=_DSM_18146_strain_888-76_chromosome,_complete_genome_RF00174"
Enterobacteriaceae,Brenneria rubrifaciens,RF00174,"CP034035.1/1376384-1376565_CP034035.1_Brenneria_rubrifaciens_strain_6D370_chromosome,_complete_genome_RF00174"
Enterobacteriaceae,Yersinia ruckeri,RF00174,"UHJG01000001.1/2380316-2380557_UHJG01000001.1_Yersinia_ruckeri_strain_NCTC10476_genome_assembly,_contig:_ERS1545397SCcontig000001,_whole_genome_shotgun_sequence_RF00174"
Enterobacteriaceae,Serratia ficaria,RF00174,"LT906479.1/5038639-5038420_LT906479.1_Serratia_ficaria_strain_NCTC12148_genome_assembly,_chromosome:_1_RF00174"
Enterobacteriaceae,Pantoea ananatis LMG 20103,RF00174,"CP001875.2/4251783-4251601_Pantoea_ananatis_LMG_20103,_complete_genome._RF00174"
Enterobacteriaceae,Buttiauxella agrestis ATCC 33320,RF01068,"JMPI01000008.1/2934-2980_Buttiauxella_agrestis_ATCC_33320_GBAG.assembly.008,_whole_genome_shotgun_sequence_RF01068"
Enterobacteriaceae,Klebsiella sp. RIT-PI-d,RF01068,"LGIT01000003.1/572991-572947_Klebsiella_sp._RIT-PI-d_NODE_2_length_598449_cov_38.8215_ID_3,_whole_genome_shotgun_sequence_RF01068"
Enterobacteriaceae,Citrobacter koseri ATCC BAA-895,RF01068,"CP000822.1/3425349-3425305_Citrobacter_koseri_ATCC_BAA-895,_complete_genome_RF01068"
Enterobacteriaceae,Serratia odorifera DSM 4582,RF01068,"GG753567.1/914602-914556_Serratia_odorifera_DSM_4582_genomic_scaffold_SCAFFOLD1,_whole_genome_shotgun_sequence_RF01068"
Enterobacteriaceae,Serratia rubidaea,RF01068,"LR134493.1/1235967-1235920_Serratia_rubidaea_strain_NCTC10036_genome_assembly,_chromosome:_1_RF01068"
Enterobacteriaceae,Budvicia aquatica,RF01068,"PDDX01000001.1/1365682-1365728_Budvicia_aquatica_strain_FDAARGOS_387_pRIID_90.contig.0,_whole_genome_shotgun_sequence_RF01068"
Enterobacteriaceae,Pantoea vagans,RF01068,"CP011427.1/3984047-3983997_Pantoea_vagans_strain_ND02_chromosome,_complete_genome_RF01068"
Enterobacteriaceae,Arsenophonus nasoniae,RF01068,"CP038613.1/3526975-3526931_Arsenophonus_nasoniae_strain_FIN_chromosome,_complete_genome_RF01068"
Enterobacteriaceae,Pantoea agglomerans,RF01068,"UGSO01000002.1/107203-107249_Pantoea_agglomerans_strain_NCTC9381_genome_assembly,_contig:_ERS513136SCcontig000002,_whole_genome_shotgun_sequence_RF01068"
Enterobacteriaceae,Biostraticola tofi,RF01068,"SMCR01000001.1/851792-851836_Biostraticola_tofi_strain_DSM_19580_Ga0244679_101,_whole_genome_shotgun_sequence_RF01068"
Enterobacteriaceae,Candidatus Symbiopectobacterium sp. Dall1.0,RF01055,"RYVQ01000096.1/4322-4471_RYVQ01000096.1_MAG:_Candidatus_Symbiopectobacterium_sp._Dall1.0_n96,_whole_genome_shotgun_sequence_RF01055"
Enterobacteriaceae,Salmonella enterica subsp. enterica serovar Typhimurium str. LT2,RF01055,"AE006468.2/870509-870653_Salmonella_enterica_subsp._enterica_serovar_Typhimurium_str._LT2,_complete_genome._RF01055"
Enterobacteriaceae,Enterobacter cloacae SCF1,RF01055,"CP002272.1/3239476-3239336_Enterobacter_cloacae_SCF1,_complete_genome._RF01055"
Enterobacteriaceae,Providencia stuartii,RF01055,"LVIE01000001.1/335473-335333_LVIE01000001.1_Providencia_stuartii_strain_Crippen_contig_1,_whole_genome_shotgun_sequence_RF01055"
Enterobacteriaceae,Tenebrionibacter intestinalis,RF01055,"JAEPBH010000007.1/81542-81674_JAEPBH010000007.1_Tenebrionibacter_intestinalis_strain_BIT-L3_Scaffold7,_whole_genome_shotgun_sequence_RF01055"
Enterobacteriaceae,Citrobacter rodentium ICC168,RF01055,"FN543502.1/863051-863192_Citrobacter_rodentium_ICC168,_complete_genome_RF01055"
Enterobacteriaceae,Shigella flexneri 2a str. 301,RF01055,"AE005674.2/759739-759883_Shigella_flexneri_2a_str._301,_complete_genome._RF01055"
Enterobacteriaceae,Citrobacter sp. JGM124,RF01055,"JAERJD010000003.1/26749-26885_JAERJD010000003.1_Citrobacter_sp._JGM124_scaffold3_size381558,_whole_genome_shotgun_sequence_RF01055"
Enterobacteriaceae,Jejubacter calystegiae,RF01055,"CP040428.1/3014352-3014490_CP040428.1_Jejubacter_calystegiae_strain_KSNA2_chromosome,_complete_genome_RF01055"
Enterobacteriaceae,Cronobacter sakazakii ATCC BAA-894,RF01055,"CP000783.1/2519297-2519162_Cronobacter_sakazakii_ATCC_BAA-894,_complete_genome._RF01055"
Enterobacteriaceae,Leminorella richardii,RF00050,"LS483470.1/2923304-2923141_LS483470.1_Leminorella_richardii_strain_NCTC12151_genome_assembly,_chromosome:_1_RF00050"
Enterobacteriaceae,Photorhabdus luminescens subsp. laumondii TTO1,RF00050,BX470251.1/4649612-4649435_Photorhabdus_luminescens_subsp._laumondii_TTO1_complete_genome_RF00050
Enterobacteriaceae,Salmonella enterica different,RF00050,"CP000880.1/4349797-4349997_Salmonella_enterica_different,_complete_genome._RF00050"
Enterobacteriaceae,Escherichia vulneris NBRC 102420,RF00050,"BBMZ01000008.1/210823-210983_Escherichia_vulneris_NBRC_102420_DNA,_contig:_EV10242008._RF00050"
Enterobacteriaceae,Edwardsiella hoshinae,RF00050,"UFXZ01000001.1/3176363-3176207_UFXZ01000001.1_Edwardsiella_hoshinae_strain_NCTC12121_genome_assembly,_contig:_ERS1295689SCcontig000001,_whole_genome_shotgun_sequence_RF00050"
Enterobacteriaceae,Trabulsiella odontotermitis,RF00050,"JNGI01000128.1/73084-72937_JNGI01000128.1_Trabulsiella_odontotermitis_strain_12_SAMPLE12_CONTIG_128,_whole_genome_shotgun_sequence_RF00050"
Enterobacteriaceae,Erwinia billingiae,RF00050,FP236843.1/4305480-4305328_Erwinia_billingiae_strain_Eb661_complete_chromosome._RF00050
Enterobacteriaceae,Erwinia mallotivora,RF00050,"JFHN01000045.1/176223-176374_Erwinia_mallotivora_strain_BT-MARDI_contig_45,_whole_genome_shotgun_sequence._RF00050"
Enterobacteriaceae,Tatumella morbirosei,RF00059,"JPKR02000005.1/245851-245951_Tatumella_morbirosei_strain_LMG_23360_Contig5,_whole_genome_shotgun_sequence._RF00059"
Enterobacteriaceae,Yersinia pestis CO92,RF00059,AL590842.1/3197151-3197047_Yersinia_pestis_CO92_complete_genome_RF00059
Enterobacteriaceae,Erwinia tasmaniensis,RF00059,CU468135.1/864835-864954_Erwinia_tasmaniensis_strain_ET1/99_complete_chromosome._RF00059
Enterobacteriaceae,Xenorhabdus koppenhoeferi,RF00059,"FPBJ01000004.1/36019-36123_FPBJ01000004.1_Xenorhabdus_koppenhoeferi_strain_DSM_18168_genome_assembly,_contig:_Ga0111672_104,_whole_genome_shotgun_sequence_RF00059"
Enterobacteriaceae,Xenorhabdus cabanillasii,RF00059,"QTUB01000001.1/1718123-1718020_QTUB01000001.1_Xenorhabdus_cabanillasii_strain_DSM_17905_Ga0236269_11,_whole_genome_shotgun_sequence_RF00059"
Enterobacteriaceae,Erwinia tracheiphila,RF00059,"JXNU01000003.1/3131769-3131669_Erwinia_tracheiphila_strain_BuffGH_Etrach_2,_whole_genome_shotgun_sequence._RF00059"
Enterobacteriaceae,Lonsdalea quercina,RF00059,"FNQS01000003.1/370934-370838_Lonsdalea_quercina_strain_ATCC_29281_genome_assembly,_contig:_Ga0052894_scaffold00003.3_RF00059"
Enterobacteriaceae,Xenorhabdus innexi,RF00059,"LT699767.1/954905-954813_Xenorhabdus_innexi_strain_HGB1681_(deposited_as_PTA-6826_in_the_American_Type_Culture_Collection)_genome_assembly,_scaffold:_XIS1_scaffold1_RF00059"
Enterobacteriaceae,Xenorhabdus japonica,RF00059,"FOVO01000027.1/39720-39596_FOVO01000027.1_Xenorhabdus_japonica_strain_DSM_16522_genome_assembly,_contig:_Ga0111655_127,_whole_genome_shotgun_sequence_RF00059"
Enterobacteriaceae,Serratia symbiotica str. Tucson,RF00059,"GL636126.1/85960-86067_Serratia_symbiotica_str._Tucson_genomic_scaffold_scaffold00339,_whole_genome_shotgun_sequence._RF00059"
Enterobacteriaceae,Mangrovibacter sp. MFB070,RF01734,"JJMI01000057.1/53371-53301_Mangrovibacter_sp._MFB070_Contig-058,_whole_genome_shotgun_sequence_RF01734"
Enterobacteriaceae,Enterobacteriaceae bacterium strain FGI 57,RF01734,"CP003938.1/3390149-3390218_Enterobacteriaceae_bacterium_strain_FGI_57,_complete_genome_RF01734"
Enterobacteriaceae,Brenneria goodwinii,RF00168,"CGIG01000001.1/2274250-2274057_Brenneria_goodwinii_strain_OBR1_genome_assembly,_contig:_Contig_RF00168"
Enterobacteriaceae,Enterobacteriaceae bacterium RIT714,RF01068,"WJYB01000004.1/159677-159721_Enterobacteriaceae_bacterium_RIT714_4,_whole_genome_shotgun_sequence_RF01068"
Enterobacteriaceae,Candidatus Symbiopectobacterium sp. PLON1,RF00168,"RYVO01000049.1/28145-28352_RYVO01000049.1_MAG:_Candidatus_Symbiopectobacterium_sp._PLON1_n49_c_21.8,_whole_genome_shotgun_sequence_RF00168"
Enterobacteriaceae,Serratia fonticola,RF00168,"CP011254.1/1257705-1257898_Serratia_fonticola_strain_DSM_4576,_complete_genome._RF00168"
Enterobacteriaceae,Klebsiella michiganensis,RF00168,"KK036986.1/616945-616712_KK036986.1_Klebsiella_michiganensis_strain_MGH_27_adjbQ-supercont1.1,_whole_genome_shotgun_sequence_RF00168"
Enterobacteriaceae,Klebsiella indica,RF00174,"VCHQ01000032.1/67995-68175_VCHQ01000032.1_Klebsiella_indica_strain_TOUT106_salmonela_mira_c32,_whole_genome_shotgun_sequence_RF00174"
Enterobacteriaceae,Klebsiella pneumoniae subsp. pneumoniae,RF00174,"CP003200.1/4298047-4297870_CP003200.1_Klebsiella_pneumoniae_subsp._pneumoniae_HS11286,_complete_genome_RF00174"
Enterobacteriaceae,Dickeya dadantii 3937,RF00174,"CP002038.1/228518-228717_Dickeya_dadantii_3937,_complete_genome._RF00174"
Enterobacteriaceae,Cedecea neteri,RF00174,"CP009451.1/2505259-2505071_CP009451.1_Cedecea_neteri_strain_SSMD04,_complete_genome_RF00174"
Enterobacteriaceae,Kluyvera cryocrescens,RF00174,"CAADJD010000020.1/242851-243039_CAADJD010000020.1_Kluyvera_cryocrescens_strain_NCTC12993_genome_assembly,_contig:_ERS473437SCcontig000020,_whole_genome_shotgun_sequence_RF00174"
Enterobacteriaceae,Kluyvera genomosp. 3,RF00174,"CP022114.1/947760-947935_CP022114.1_Kluyvera_genomosp._3_strain_YDC799_chromosome,_complete_genome_RF00174"
Enterobacteriaceae,Pantoea ananatis LMG 20103,RF01068,"CP001875.2/4522268-4522219_Pantoea_ananatis_LMG_20103,_complete_genome_RF01068"
Enterobacteriaceae,Kosakonia cowanii JCM 10956 = DSM 18146,RF01068,"CP019445.1/744091-744044_Kosakonia_cowanii_JCM_10956_=_DSM_18146_strain_888-76_chromosome,_complete_genome_RF01068"
Enterobacteriaceae,Gibbsiella quercinecans,RF01068,"CP014136.1/2471660-2471706_Gibbsiella_quercinecans_strain_FRB97_chromosome,_complete_genome_RF01068"
Enterobacteriaceae,Yersinia ruckeri,RF01068,"UHJG01000001.1/1847046-1847000_Yersinia_ruckeri_strain_NCTC10476_genome_assembly,_contig:_ERS1545397SCcontig000001,_whole_genome_shotgun_sequence_RF01068"
Enterobacteriaceae,Serratia ficaria,RF01068,"LT906479.1/481528-481574_Serratia_ficaria_strain_NCTC12148_genome_assembly,_chromosome:_1_RF01068"
Enterobacteriaceae,Citrobacter freundii,RF01068,"JABXSS010000001.1/3763052-3763008_Citrobacter_freundii_strain_RHB34-C11_RHB34-C11_1,_whole_genome_shotgun_sequence_RF01068"
Enterobacteriaceae,Biostraticola tofi,RF01055,"SMCR01000003.1/139788-139930_SMCR01000003.1_Biostraticola_tofi_strain_DSM_19580_Ga0244679_103,_whole_genome_shotgun_sequence_RF01055"
Enterobacteriaceae,Serratia rubidaea,RF01055,"LR134493.1/217475-217337_LR134493.1_Serratia_rubidaea_strain_NCTC10036_genome_assembly,_chromosome:_1_RF01055"
Enterobacteriaceae,Pantoea vagans,RF01055,"CP011427.1/2758407-2758274_CP011427.1_Pantoea_vagans_strain_ND02_chromosome,_complete_genome_RF01055"
Enterobacteriaceae,Buttiauxella agrestis ATCC 33320,RF01055,"JMPI01000022.1/214731-214862_Buttiauxella_agrestis_ATCC_33320_GBAG.assembly.022,_whole_genome_shotgun_sequence._RF01055"
Enterobacteriaceae,Budvicia aquatica,RF01055,"PDDX01000001.1/3127035-3127172_PDDX01000001.1_Budvicia_aquatica_strain_FDAARGOS_387_pRIID_90.contig.0,_whole_genome_shotgun_sequence_RF01055"
Enterobacteriaceae,Arsenophonus nasoniae,RF01055,"CP038613.1/1496391-1496540_CP038613.1_Arsenophonus_nasoniae_strain_FIN_chromosome,_complete_genome_RF01055"
Enterobacteriaceae,Citrobacter koseri ATCC BAA-895,RF01055,"CP000822.1/2171065-2170919_Citrobacter_koseri_ATCC_BAA-895,_complete_genome._RF01055"
Enterobacteriaceae,Brenneria rubrifaciens,RF01055,"CP034035.1/2327837-2327689_CP034035.1_Brenneria_rubrifaciens_strain_6D370_chromosome,_complete_genome_RF01055"
Enterobacteriaceae,Pantoea agglomerans,RF01055,"UGSO01000001.1/2812887-2812754_UGSO01000001.1_Pantoea_agglomerans_strain_NCTC9381_genome_assembly,_contig:_ERS513136SCcontig000001,_whole_genome_shotgun_sequence_RF01055"
Enterobacteriaceae,Serratia odorifera DSM 4582,RF01055,"GG753567.1/4936603-4936461_Serratia_odorifera_DSM_4582_genomic_scaffold_SCAFFOLD1,_whole_genome_shotgun_sequence._RF01055"
Enterobacteriaceae,Klebsiella sp. RIT-PI-d,RF01055,"LGIT01000009.1/493171-493302_Klebsiella_sp._RIT-PI-d_NODE_1_length_2264346_cov_38.3847_ID_1,_whole_genome_shotgun_sequence._RF01055"
Enterobacteriaceae,Cronobacter sakazakii ATCC BAA-894,RF00050,"CP000783.1/342103-342286_Cronobacter_sakazakii_ATCC_BAA-894,_complete_genome._RF00050"
Enterobacteriaceae,Shigella flexneri 2a str. 301,RF00050,"AE005674.2/3177852-3177704_Shigella_flexneri_2a_str._301,_complete_genome._RF00050"
Enterobacteriaceae,Candidatus Symbiopectobacterium sp. Dall1.0,RF00050,"RYVQ01000051.1/19396-19598_RYVQ01000051.1_MAG:_Candidatus_Symbiopectobacterium_sp._Dall1.0_n51,_whole_genome_shotgun_sequence_RF00050"
Enterobacteriaceae,Tenebrionibacter intestinalis,RF00050,"JAEPBH010000006.1/43082-43232_JAEPBH010000006.1_Tenebrionibacter_intestinalis_strain_BIT-L3_Scaffold6,_whole_genome_shotgun_sequence_RF00050"
Enterobacteriaceae,Citrobacter sp. JGM124,RF00050,"JAERJD010000008.1/149377-149531_JAERJD010000008.1_Citrobacter_sp._JGM124_scaffold8_size292164,_whole_genome_shotgun_sequence_RF00050"
Enterobacteriaceae,Salmonella enterica subsp. enterica serovar Typhimurium str. LT2,RF00050,"AE006468.2/3358815-3358617_Salmonella_enterica_subsp._enterica_serovar_Typhimurium_str._LT2,_complete_genome._RF00050"
Enterobacteriaceae,Providencia stuartii,RF00050,"LVIE01000179.1/59041-58893_LVIE01000179.1_Providencia_stuartii_strain_Crippen_contig_4,_whole_genome_shotgun_sequence_RF00050"
Enterobacteriaceae,Jejubacter calystegiae,RF00050,"CP040428.1/430308-430147_CP040428.1_Jejubacter_calystegiae_strain_KSNA2_chromosome,_complete_genome_RF00050"
Enterobacteriaceae,Citrobacter rodentium ICC168,RF00050,"FN543502.1/3782868-3782719_Citrobacter_rodentium_ICC168,_complete_genome_RF00050"
Enterobacteriaceae,Enterobacter cloacae SCF1,RF00050,"CP002272.1/741750-741899_Enterobacter_cloacae_SCF1,_complete_genome._RF00050"
Enterobacteriaceae,Photorhabdus luminescens subsp. laumondii TTO1,RF00059,BX470251.1/705796-705692_Photorhabdus_luminescens_subsp._laumondii_TTO1_complete_genome_RF00059
Enterobacteriaceae,Erwinia billingiae,RF00059,FP236843.1/3048652-3048756_Erwinia_billingiae_strain_Eb661_complete_chromosome._RF00059
Enterobacteriaceae,Xenorhabdus cabanillasii,RF00059,"QTUB01000001.1/2799352-2799444_QTUB01000001.1_Xenorhabdus_cabanillasii_strain_DSM_17905_Ga0236269_11,_whole_genome_shotgun_sequence_RF00059"
Enterobacteriaceae,Tatumella morbirosei,RF00059,"JPKR02000003.1/1671602-1671693_Tatumella_morbirosei_strain_LMG_23360_Contig3,_whole_genome_shotgun_sequence._RF00059"
Enterobacteriaceae,Serratia symbiotica str. Tucson,RF00059,"GL636113.1/16783-16659_Serratia_symbiotica_str._Tucson_genomic_scaffold_scaffold00226,_whole_genome_shotgun_sequence._RF00059"
Enterobacteriaceae,Lonsdalea quercina,RF00059,"FNQS01000004.1/187345-187464_Lonsdalea_quercina_strain_ATCC_29281_genome_assembly,_contig:_Ga0052894_scaffold00004.4_RF00059"
Enterobacteriaceae,Erwinia mallotivora,RF00059,"JFHN01000050.1/99250-99154_Erwinia_mallotivora_strain_BT-MARDI_contig_50,_whole_genome_shotgun_sequence._RF00059"
Enterobacteriaceae,Yersinia pestis CO92,RF00059,AL590842.1/4190343-4190468_Yersinia_pestis_CO92_complete_genome_RF00059
Enterobacteriaceae,Erwinia tasmaniensis,RF00059,CU468135.1/202297-202197_Erwinia_tasmaniensis_strain_ET1/99_complete_chromosome._RF00059
Enterobacteriaceae,Escherichia vulneris NBRC 102420,RF00059,"BBMZ01000007.1/290276-290372_Escherichia_vulneris_NBRC_102420_DNA,_contig:_EV10242007._RF00059"
Enterobacteriaceae,Edwardsiella hoshinae,RF00059,"UFXZ01000001.1/3514366-3514481_UFXZ01000001.1_Edwardsiella_hoshinae_strain_NCTC12121_genome_assembly,_contig:_ERS1295689SCcontig000001,_whole_genome_shotgun_sequence_RF00059"
Enterobacteriaceae,Leminorella richardii,RF00059,"LS483470.1/993395-993493_LS483470.1_Leminorella_richardii_strain_NCTC12151_genome_assembly,_chromosome:_1_RF00059"
Enterobacteriaceae,Xenorhabdus japonica,RF00059,"FOVO01000003.1/10570-10662_FOVO01000003.1_Xenorhabdus_japonica_strain_DSM_16522_genome_assembly,_contig:_Ga0111655_103,_whole_genome_shotgun_sequence_RF00059"
Enterobacteriaceae,Xenorhabdus koppenhoeferi,RF00059,"FPBJ01000024.1/41281-41157_FPBJ01000024.1_Xenorhabdus_koppenhoeferi_strain_DSM_18168_genome_assembly,_contig:_Ga0111672_124,_whole_genome_shotgun_sequence_RF00059"
Enterobacteriaceae,Trabulsiella odontotermitis,RF00059,"JNGI01000017.1/21771-21673_JNGI01000017.1_Trabulsiella_odontotermitis_strain_12_SAMPLE12_CONTIG_17,_whole_genome_shotgun_sequence_RF00059"
Enterobacteriaceae,Xenorhabdus innexi,RF00059,"LT699767.1/3060782-3060678_Xenorhabdus_innexi_strain_HGB1681_(deposited_as_PTA-6826_in_the_American_Type_Culture_Collection)_genome_assembly,_scaffold:_XIS1_scaffold1_RF00059"
Enterobacteriaceae,Salmonella enterica different,RF00059,"CP000880.1/3427443-3427543_Salmonella_enterica_different,_complete_genome._RF00059"
Enterobacteriaceae,Enterobacteriaceae bacterium strain FGI 57,RF00168,"CP003938.1/4434585-4434779_CP003938.1_Enterobacteriaceae_bacterium_strain_FGI_57,_complete_genome_RF00168"
Enterobacteriaceae,Enterobacteriaceae bacterium RIT714,RF01055,"WJYB01000003.1/283685-283819_WJYB01000003.1_Enterobacteriaceae_bacterium_RIT714_3,_whole_genome_shotgun_sequence_RF01055"
Enterobacteriaceae,Mangrovibacter sp. MFB070,RF00168,"JJMI01000003.1/19542-19349_Mangrovibacter_sp._MFB070_Contig-003,_whole_genome_shotgun_sequence._RF00168"
Enterobacteriaceae,Klebsiella indica,RF00174,"VCHQ01000008.1/77428-77127_VCHQ01000008.1_Klebsiella_indica_strain_TOUT106_salmonela_mira_c8,_whole_genome_shotgun_sequence_RF00174"
Enterobacteriaceae,Kluyvera genomosp. 3,RF00174,"CP022114.1/4835066-4834880_CP022114.1_Kluyvera_genomosp._3_strain_YDC799_chromosome,_complete_genome_RF00174"
Enterobacteriaceae,Candidatus Symbiopectobacterium sp. PLON1,RF00174,"RYVO01000002.1/3386-3175_RYVO01000002.1_MAG:_Candidatus_Symbiopectobacterium_sp._PLON1_n2_c_19.0,_whole_genome_shotgun_sequence_RF00174"
Enterobacteriaceae,Serratia fonticola,RF00174,"CP011254.1/4269297-4269489_Serratia_fonticola_strain_DSM_4576,_complete_genome._RF00174"
Enterobacteriaceae,Klebsiella michiganensis,RF00174,"KK036986.1/1666710-1666877_KK036986.1_Klebsiella_michiganensis_strain_MGH_27_adjbQ-supercont1.1,_whole_genome_shotgun_sequence_RF00174"
Enterobacteriaceae,Brenneria goodwinii,RF00174,"CGIG01000001.1/1375546-1375307_Brenneria_goodwinii_strain_OBR1_genome_assembly,_contig:_Contig_RF00174"
Enterobacteriaceae,Klebsiella pneumoniae subsp. pneumoniae,RF01068,"CP003200.1/432082-432126_Klebsiella_pneumoniae_subsp._pneumoniae_HS11286,_complete_genome_RF01068"
Enterobacteriaceae,Kluyvera cryocrescens,RF01068,"CAADJD010000006.1/119369-119413_Kluyvera_cryocrescens_strain_NCTC12993_genome_assembly,_contig:_ERS473437SCcontig000006,_whole_genome_shotgun_sequence_RF01068"
Enterobacteriaceae,Cedecea neteri,RF01068,"CP009451.1/2220850-2220806_Cedecea_neteri_strain_SSMD04,_complete_genome_RF01068"
Enterobacteriaceae,Dickeya dadantii 3937,RF01068,"CP002038.1/4779265-4779313_Dickeya_dadantii_3937,_complete_genome_RF01068"
Enterobacteriaceae,Yersinia ruckeri,RF01055,"UHJG01000001.1/956911-956774_UHJG01000001.1_Yersinia_ruckeri_strain_NCTC10476_genome_assembly,_contig:_ERS1545397SCcontig000001,_whole_genome_shotgun_sequence_RF01055"
Enterobacteriaceae,Pantoea ananatis LMG 20103,RF01055,"CP001875.2/1385861-1385994_Pantoea_ananatis_LMG_20103,_complete_genome._RF01055"
Enterobacteriaceae,Gibbsiella quercinecans,RF01055,"CP014136.1/1147307-1147164_CP014136.1_Gibbsiella_quercinecans_strain_FRB97_chromosome,_complete_genome_RF01055"
Enterobacteriaceae,Kosakonia cowanii JCM 10956 = DSM 18146,RF01055,"CP019445.1/2688794-2688952_CP019445.1_Kosakonia_cowanii_JCM_10956_=_DSM_18146_strain_888-76_chromosome,_complete_genome_RF01055"
Enterobacteriaceae,Citrobacter freundii,RF01055,"JABXSS010000001.1/2693055-2692910_JABXSS010000001.1_Citrobacter_freundii_strain_RHB34-C11_RHB34-C11_1,_whole_genome_shotgun_sequence_RF01055"
Enterobacteriaceae,Serratia ficaria,RF01055,"LT906479.1/1445772-1445916_LT906479.1_Serratia_ficaria_strain_NCTC12148_genome_assembly,_chromosome:_1_RF01055"
Enterobacteriaceae,Brenneria rubrifaciens,RF00050,"CP034035.1/687465-687656_CP034035.1_Brenneria_rubrifaciens_strain_6D370_chromosome,_complete_genome_RF00050"
Enterobacteriaceae,Buttiauxella agrestis ATCC 33320,RF00050,"JMPI01000013.1/39422-39569_Buttiauxella_agrestis_ATCC_33320_GBAG.assembly.013,_whole_genome_shotgun_sequence._RF00050"
Enterobacteriaceae,Klebsiella sp. RIT-PI-d,RF00050,"LGIT01000003.1/322349-322201_Klebsiella_sp._RIT-PI-d_NODE_2_length_598449_cov_38.8215_ID_3,_whole_genome_shotgun_sequence._RF00050"
Enterobacteriaceae,Budvicia aquatica,RF00050,"PDDX01000001.1/1827308-1827475_PDDX01000001.1_Budvicia_aquatica_strain_FDAARGOS_387_pRIID_90.contig.0,_whole_genome_shotgun_sequence_RF00050"
Enterobacteriaceae,Pantoea agglomerans,RF00050,"UGSO01000001.1/660847-661004_UGSO01000001.1_Pantoea_agglomerans_strain_NCTC9381_genome_assembly,_contig:_ERS513136SCcontig000001,_whole_genome_shotgun_sequence_RF00050"
Enterobacteriaceae,Biostraticola tofi,RF00050,"SMCR01000002.1/191078-191236_SMCR01000002.1_Biostraticola_tofi_strain_DSM_19580_Ga0244679_102,_whole_genome_shotgun_sequence_RF00050"
Enterobacteriaceae,Pantoea vagans,RF00050,"CP011427.1/406008-406157_CP011427.1_Pantoea_vagans_strain_ND02_chromosome,_complete_genome_RF00050"
Enterobacteriaceae,Serratia odorifera DSM 4582,RF00050,"GG753567.1/2022842-2023000_Serratia_odorifera_DSM_4582_genomic_scaffold_SCAFFOLD1,_whole_genome_shotgun_sequence._RF00050"
Enterobacteriaceae,Serratia rubidaea,RF00050,"LR134493.1/2258985-2259145_LR134493.1_Serratia_rubidaea_strain_NCTC10036_genome_assembly,_chromosome:_1_RF00050"
Enterobacteriaceae,Citrobacter koseri ATCC BAA-895,RF00050,"CP000822.1/4107005-4106800_Citrobacter_koseri_ATCC_BAA-895,_complete_genome._RF00050"
Enterobacteriaceae,Arsenophonus nasoniae,RF00050,"CP038613.1/555983-556148_CP038613.1_Arsenophonus_nasoniae_strain_FIN_chromosome,_complete_genome_RF00050"
Enterobacteriaceae,Escherichia vulneris NBRC 102420,RF00059,"BBMZ01000008.1/279736-279638_Escherichia_vulneris_NBRC_102420_DNA,_contig:_EV10242008._RF00059"
Enterobacteriaceae,Enterobacter cloacae SCF1,RF00059,"CP002272.1/4493881-4493981_Enterobacter_cloacae_SCF1,_complete_genome._RF00059"
Enterobacteriaceae,Lonsdalea quercina,RF00059,"FNQS01000017.1/21658-21542_Lonsdalea_quercina_strain_ATCC_29281_genome_assembly,_contig:_Ga0052894_scaffold00017.17_RF00059"
Enterobacteriaceae,Photorhabdus luminescens subsp. laumondii TTO1,RF00059,BX470251.1/527145-527020_Photorhabdus_luminescens_subsp._laumondii_TTO1_complete_genome_RF00059
Enterobacteriaceae,Citrobacter sp. JGM124,RF00059,"JAERJD010000007.1/12207-12311_JAERJD010000007.1_Citrobacter_sp._JGM124_scaffold7_size294975,_whole_genome_shotgun_sequence_RF00059"
Enterobacteriaceae,Shigella flexneri 2a str. 301,RF00059,"AE005674.2/2190954-2190858_Shigella_flexneri_2a_str._301,_complete_genome._RF00059"
Enterobacteriaceae,Tatumella morbirosei,RF00059,"JPKR02000003.1/958268-958178_Tatumella_morbirosei_strain_LMG_23360_Contig3,_whole_genome_shotgun_sequence._RF00059"
Enterobacteriaceae,Xenorhabdus innexi,RF00059,"LT699767.1/2239949-2240073_Xenorhabdus_innexi_strain_HGB1681_(deposited_as_PTA-6826_in_the_American_Type_Culture_Collection)_genome_assembly,_scaffold:_XIS1_scaffold1_RF00059"
Enterobacteriaceae,Erwinia mallotivora,RF00059,"JFHN01000024.1/27733-27633_Erwinia_mallotivora_strain_BT-MARDI_contig_24,_whole_genome_shotgun_sequence._RF00059"
Enterobacteriaceae,Cronobacter sakazakii ATCC BAA-894,RF00059,"CP000783.1/3198294-3198395_Cronobacter_sakazakii_ATCC_BAA-894,_complete_genome._RF00059"
Enterobacteriaceae,Salmonella enterica subsp. enterica serovar Typhimurium str. LT2,RF00059,"AE006468.2/126801-126702_Salmonella_enterica_subsp._enterica_serovar_Typhimurium_str._LT2,_complete_genome._RF00059"
Enterobacteriaceae,Providencia stuartii,RF00059,"LVIE01000168.1/297572-297482_LVIE01000168.1_Providencia_stuartii_strain_Crippen_contig_3,_whole_genome_shotgun_sequence_RF00059"
Enterobacteriaceae,Tenebrionibacter intestinalis,RF00059,"JAEPBH010000057.1/9118-9010_JAEPBH010000057.1_Tenebrionibacter_intestinalis_strain_BIT-L3_Scaffold57,_whole_genome_shotgun_sequence_RF00059"
Enterobacteriaceae,Xenorhabdus japonica,RF00059,"FOVO01000004.1/65298-65194_FOVO01000004.1_Xenorhabdus_japonica_strain_DSM_16522_genome_assembly,_contig:_Ga0111655_104,_whole_genome_shotgun_sequence_RF00059"
Enterobacteriaceae,Jejubacter calystegiae,RF00059,"CP040428.1/4633121-4633021_CP040428.1_Jejubacter_calystegiae_strain_KSNA2_chromosome,_complete_genome_RF00059"
Enterobacteriaceae,Xenorhabdus cabanillasii,RF00059,"QTUB01000001.1/1565344-1565217_QTUB01000001.1_Xenorhabdus_cabanillasii_strain_DSM_17905_Ga0236269_11,_whole_genome_shotgun_sequence_RF00059"
Enterobacteriaceae,Trabulsiella odontotermitis,RF00059,"JNGI01000030.1/48166-48074_JNGI01000030.1_Trabulsiella_odontotermitis_strain_12_SAMPLE12_CONTIG_30,_whole_genome_shotgun_sequence_RF00059"
Enterobacteriaceae,Candidatus Symbiopectobacterium sp. Dall1.0,RF00059,"RYVQ01000245.1/10171-10300_RYVQ01000245.1_MAG:_Candidatus_Symbiopectobacterium_sp._Dall1.0_n245,_whole_genome_shotgun_sequence_RF00059"
Enterobacteriaceae,Salmonella enterica different,RF00059,"CP000880.1/2819543-2819642_Salmonella_enterica_different,_complete_genome._RF00059"
Enterobacteriaceae,Citrobacter rodentium ICC168,RF00059,"FN543502.1/2338866-2338769_Citrobacter_rodentium_ICC168,_complete_genome_RF00059"
Enterobacteriaceae,Erwinia tasmaniensis,RF00059,CU468135.1/1466823-1466921_Erwinia_tasmaniensis_strain_ET1/99_complete_chromosome._RF00059
Enterobacteriaceae,Erwinia billingiae,RF00059,FP236843.1/3316458-3316356_Erwinia_billingiae_strain_Eb661_complete_chromosome._RF00059
Enterobacteriaceae,Leminorella richardii,RF00059,"LS483470.1/2777650-2777804_LS483470.1_Leminorella_richardii_strain_NCTC12151_genome_assembly,_chromosome:_1_RF00059"
Enterobacteriaceae,Edwardsiella hoshinae,RF00059,"UFXZ01000001.1/3022207-3022306_UFXZ01000001.1_Edwardsiella_hoshinae_strain_NCTC12121_genome_assembly,_contig:_ERS1295689SCcontig000001,_whole_genome_shotgun_sequence_RF00059"
Enterobacteriaceae,Serratia fonticola,RF00174,"CP011254.1/1560928-1560714_Serratia_fonticola_strain_DSM_4576,_complete_genome._RF00174"
Enterobacteriaceae,Enterobacteriaceae bacterium strain FGI 57,RF00174,"CP003938.1/1702375-1702550_CP003938.1_Enterobacteriaceae_bacterium_strain_FGI_57,_complete_genome_RF00174"
Enterobacteriaceae,Mangrovibacter sp. MFB070,RF00174,"JJMI01000050.1/218927-219098_Mangrovibacter_sp._MFB070_Contig-050,_whole_genome_shotgun_sequence._RF00174"
Enterobacteriaceae,Enterobacteriaceae bacterium RIT714,RF00050,"WJYB01000002.1/424479-424329_WJYB01000002.1_Enterobacteriaceae_bacterium_RIT714_2,_whole_genome_shotgun_sequence_RF00050"
Enterobacteriaceae,Klebsiella indica,RF00174,"VCHQ01000001.1/15602-15384_VCHQ01000001.1_Klebsiella_indica_strain_TOUT106_salmonela_mira_c1,_whole_genome_shotgun_sequence_RF00174"
Enterobacteriaceae,Klebsiella michiganensis,RF00174,"KK036986.1/428916-429097_KK036986.1_Klebsiella_michiganensis_strain_MGH_27_adjbQ-supercont1.1,_whole_genome_shotgun_sequence_RF00174"
Enterobacteriaceae,Brenneria goodwinii,RF00174,"CGIG01000001.1/5333070-5332860_Brenneria_goodwinii_strain_OBR1_genome_assembly,_contig:_Contig_RF00174"
Enterobacteriaceae,Kluyvera genomosp. 3,RF01068,"CP022114.1/4507456-4507411_Kluyvera_genomosp._3_strain_YDC799_chromosome,_complete_genome_RF01068"
Enterobacteriaceae,Kluyvera cryocrescens,RF01068,"CAADJD010000041.1/7326-7371_Kluyvera_cryocrescens_strain_NCTC12993_genome_assembly,_contig:_ERS473437SCcontig000041,_whole_genome_shotgun_sequence_RF01068"
Enterobacteriaceae,Cedecea neteri,RF01055,"CP009451.1/1291699-1291565_CP009451.1_Cedecea_neteri_strain_SSMD04,_complete_genome_RF01055"
Enterobacteriaceae,Dickeya dadantii 3937,RF01055,"CP002038.1/1935430-1935573_Dickeya_dadantii_3937,_complete_genome._RF01055"
Enterobacteriaceae,Klebsiella pneumoniae subsp. pneumoniae,RF01055,"CP003200.1/1699025-1699163_CP003200.1_Klebsiella_pneumoniae_subsp._pneumoniae_HS11286,_complete_genome_RF01055"
Enterobacteriaceae,Citrobacter freundii,RF00050,"JABXSS010000001.1/258585-258734_JABXSS010000001.1_Citrobacter_freundii_strain_RHB34-C11_RHB34-C11_1,_whole_genome_shotgun_sequence_RF00050"
Enterobacteriaceae,Yersinia ruckeri,RF00050,"UHJG01000001.1/2830742-2830925_UHJG01000001.1_Yersinia_ruckeri_strain_NCTC10476_genome_assembly,_contig:_ERS1545397SCcontig000001,_whole_genome_shotgun_sequence_RF00050"
Enterobacteriaceae,Kosakonia cowanii JCM 10956 = DSM 18146,RF00050,"CP019445.1/1477912-1477763_CP019445.1_Kosakonia_cowanii_JCM_10956_=_DSM_18146_strain_888-76_chromosome,_complete_genome_RF00050"
Enterobacteriaceae,Candidatus Symbiopectobacterium sp. PLON1,RF00050,"RYVO01000015.1/35111-35313_RYVO01000015.1_MAG:_Candidatus_Symbiopectobacterium_sp._PLON1_n15_c_17.6,_whole_genome_shotgun_sequence_RF00050"
Enterobacteriaceae,Pantoea ananatis LMG 20103,RF00050,"CP001875.2/3768820-3768672_Pantoea_ananatis_LMG_20103,_complete_genome._RF00050"
Enterobacteriaceae,Serratia ficaria,RF00050,"LT906479.1/4534140-4533979_LT906479.1_Serratia_ficaria_strain_NCTC12148_genome_assembly,_chromosome:_1_RF00050"
Enterobacteriaceae,Gibbsiella quercinecans,RF00050,"CP014136.1/3372626-3372784_CP014136.1_Gibbsiella_quercinecans_strain_FRB97_chromosome,_complete_genome_RF00050"
Enterobacteriaceae,Citrobacter rodentium ICC168,RF00059,"FN543502.1/91189-91068_Citrobacter_rodentium_ICC168,_complete_genome_RF00059"
Enterobacteriaceae,Serratia odorifera DSM 4582,RF00059,"GG753567.1/538452-538550_Serratia_odorifera_DSM_4582_genomic_scaffold_SCAFFOLD1,_whole_genome_shotgun_sequence._RF00059"
Enterobacteriaceae,Brenneria rubrifaciens,RF00059,"CP034035.1/3157221-3157350_CP034035.1_Brenneria_rubrifaciens_strain_6D370_chromosome,_complete_genome_RF00059"
Enterobacteriaceae,Leminorella richardii,RF00059,"LS483470.1/415486-415372_LS483470.1_Leminorella_richardii_strain_NCTC12151_genome_assembly,_chromosome:_1_RF00059"
Enterobacteriaceae,Erwinia billingiae,RF00059,FP236843.1/844820-844714_Erwinia_billingiae_strain_Eb661_complete_chromosome._RF00059
Enterobacteriaceae,Salmonella enterica subsp. enterica serovar Typhimurium str. LT2,RF00059,"AE006468.2/2241971-2241875_Salmonella_enterica_subsp._enterica_serovar_Typhimurium_str._LT2,_complete_genome._RF00059"
Enterobacteriaceae,Pantoea agglomerans,RF00059,"UGSO01000001.1/1394527-1394627_UGSO01000001.1_Pantoea_agglomerans_strain_NCTC9381_genome_assembly,_contig:_ERS513136SCcontig000001,_whole_genome_shotgun_sequence_RF00059"
Enterobacteriaceae,Pantoea vagans,RF00059,"CP011427.1/3830895-3830995_CP011427.1_Pantoea_vagans_strain_ND02_chromosome,_complete_genome_RF00059"
Enterobacteriaceae,Escherichia vulneris NBRC 102420,RF00059,"BBMZ01000035.1/8369-8478_Escherichia_vulneris_NBRC_102420_DNA,_contig:_EV10242035._RF00059"
Enterobacteriaceae,Edwardsiella hoshinae,RF00059,"UFXZ01000001.1/2600626-2600530_UFXZ01000001.1_Edwardsiella_hoshinae_strain_NCTC12121_genome_assembly,_contig:_ERS1295689SCcontig000001,_whole_genome_shotgun_sequence_RF00059"
Enterobacteriaceae,Budvicia aquatica,RF00059,"PDDX01000001.1/1147971-1147856_PDDX01000001.1_Budvicia_aquatica_strain_FDAARGOS_387_pRIID_90.contig.0,_whole_genome_shotgun_sequence_RF00059"
Enterobacteriaceae,Providencia stuartii,RF00059,"LVIE01000169.1/24111-24000_LVIE01000169.1_Providencia_stuartii_strain_Crippen_contig_30,_whole_genome_shotgun_sequence_RF00059"
Enterobacteriaceae,Klebsiella sp. RIT-PI-d,RF00059,"LGIT01000019.1/8581-8690_Klebsiella_sp._RIT-PI-d_NODE_11_length_33261_cov_42.7814_ID_21,_whole_genome_shotgun_sequence._RF00059"
Enterobacteriaceae,Tenebrionibacter intestinalis,RF00059,"JAEPBH010000002.1/22123-22027_JAEPBH010000002.1_Tenebrionibacter_intestinalis_strain_BIT-L3_Scaffold2,_whole_genome_shotgun_sequence_RF00059"
Enterobacteriaceae,Candidatus Symbiopectobacterium sp. Dall1.0,RF00059,"RYVQ01000018.1/2605-2482_RYVQ01000018.1_MAG:_Candidatus_Symbiopectobacterium_sp._Dall1.0_n18,_whole_genome_shotgun_sequence_RF00059"
Enterobacteriaceae,Shigella flexneri 2a str. 301,RF00059,"AE005674.2/4215113-4215013_Shigella_flexneri_2a_str._301,_complete_genome._RF00059"
Enterobacteriaceae,Enterobacter cloacae SCF1,RF00059,"CP002272.1/1693341-1693437_Enterobacter_cloacae_SCF1,_complete_genome._RF00059"
Enterobacteriaceae,Biostraticola tofi,RF00059,"SMCR01000001.1/471490-471597_SMCR01000001.1_Biostraticola_tofi_strain_DSM_19580_Ga0244679_101,_whole_genome_shotgun_sequence_RF00059"
Enterobacteriaceae,Jejubacter calystegiae,RF00059,"CP040428.1/1529312-1529204_CP040428.1_Jejubacter_calystegiae_strain_KSNA2_chromosome,_complete_genome_RF00059"
Enterobacteriaceae,Arsenophonus nasoniae,RF00059,"CP038613.1/587736-587625_CP038613.1_Arsenophonus_nasoniae_strain_FIN_chromosome,_complete_genome_RF00059"
Enterobacteriaceae,Trabulsiella odontotermitis,RF00059,"JNGI01000181.1/19084-18975_JNGI01000181.1_Trabulsiella_odontotermitis_strain_12_SAMPLE12_CONTIG_181,_whole_genome_shotgun_sequence_RF00059"
Enterobacteriaceae,Buttiauxella agrestis ATCC 33320,RF00059,"JMPI01000003.1/18808-18698_Buttiauxella_agrestis_ATCC_33320_GBAG.assembly.003,_whole_genome_shotgun_sequence._RF00059"
Enterobacteriaceae,Citrobacter sp. JGM124,RF00059,"JAERJD010000005.1/174505-174404_JAERJD010000005.1_Citrobacter_sp._JGM124_scaffold5_size327922,_whole_genome_shotgun_sequence_RF00059"
Enterobacteriaceae,Cronobacter sakazakii ATCC BAA-894,RF00059,"CP000783.1/1094512-1094608_Cronobacter_sakazakii_ATCC_BAA-894,_complete_genome._RF00059"
Enterobacteriaceae,Serratia rubidaea,RF00059,"LR134493.1/1280341-1280464_LR134493.1_Serratia_rubidaea_strain_NCTC10036_genome_assembly,_chromosome:_1_RF00059"
Enterobacteriaceae,Citrobacter koseri ATCC BAA-895,RF00059,"CP000822.1/3078977-3079098_Citrobacter_koseri_ATCC_BAA-895,_complete_genome._RF00059"
Enterobacteriaceae,Mangrovibacter sp. MFB070,RF00174,"JJMI01000052.1/125066-125269_Mangrovibacter_sp._MFB070_Contig-053,_whole_genome_shotgun_sequence._RF00174"
Enterobacteriaceae,Enterobacteriaceae bacterium strain FGI 57,RF00174,"CP003938.1/4602590-4602409_CP003938.1_Enterobacteriaceae_bacterium_strain_FGI_57,_complete_genome_RF00174"
Enterobacteriaceae,Kluyvera genomosp. 3,RF01068,"CP022114.1/2468029-2468075_Kluyvera_genomosp._3_strain_YDC799_chromosome,_complete_genome_RF01068"
Enterobacteriaceae,Enterobacteriaceae bacterium RIT714,RF00059,"WJYB01000019.1/8314-8422_WJYB01000019.1_Enterobacteriaceae_bacterium_RIT714_19,_whole_genome_shotgun_sequence_RF00059"
Enterobacteriaceae,Serratia fonticola,RF01068,"CP011254.1/2296114-2296160_Serratia_fonticola_strain_DSM_4576,_complete_genome_RF01068"
Enterobacteriaceae,Klebsiella indica,RF01068,"VCHQ01000002.1/98743-98787_Klebsiella_indica_strain_TOUT106_salmonela_mira_c2,_whole_genome_shotgun_sequence_RF01068"
Enterobacteriaceae,Brenneria goodwinii,RF01068,"CGIG01000001.1/1797517-1797470_Brenneria_goodwinii_genome_assembly_B_goodwinii_PB,_contig_Contig,_whole_genome_shotgun_sequence_RF01068"
Enterobacteriaceae,Klebsiella michiganensis,RF01068,"KK036986.1/834795-834839_Klebsiella_michiganensis_strain_MGH_27_adjbQ-supercont1.1,_whole_genome_shotgun_sequence_RF01068"
Enterobacteriaceae,Kluyvera cryocrescens,RF01055,"CAADJD010000016.1/44391-44254_CAADJD010000016.1_Kluyvera_cryocrescens_strain_NCTC12993_genome_assembly,_contig:_ERS473437SCcontig000016,_whole_genome_shotgun_sequence_RF01055"
Enterobacteriaceae,Klebsiella pneumoniae subsp. pneumoniae,RF00050,"CP003200.1/4607477-4607326_CP003200.1_Klebsiella_pneumoniae_subsp._pneumoniae_HS11286,_complete_genome_RF00050"
Enterobacteriaceae,Cedecea neteri,RF00050,"CP009451.1/3272510-3272658_CP009451.1_Cedecea_neteri_strain_SSMD04,_complete_genome_RF00050"
Enterobacteriaceae,Dickeya dadantii 3937,RF00050,"CP002038.1/996705-996864_Dickeya_dadantii_3937,_complete_genome._RF00050"
Enterobacteriaceae,Serratia rubidaea,RF00059,"LR134493.1/2988001-2988101_LR134493.1_Serratia_rubidaea_strain_NCTC10036_genome_assembly,_chromosome:_1_RF00059"
Enterobacteriaceae,Pantoea vagans,RF00059,"CP011427.1/3319181-3319273_CP011427.1_Pantoea_vagans_strain_ND02_chromosome,_complete_genome_RF00059"
Enterobacteriaceae,Citrobacter koseri ATCC BAA-895,RF00059,"CP000822.1/2771314-2771423_Citrobacter_koseri_ATCC_BAA-895,_complete_genome._RF00059"
Enterobacteriaceae,Cronobacter sakazakii ATCC BAA-894,RF00059,"CP000783.1/3617931-3618040_Cronobacter_sakazakii_ATCC_BAA-894,_complete_genome._RF00059"
Enterobacteriaceae,Candidatus Symbiopectobacterium sp. Dall1.0,RF00059,"RYVQ01000201.1/2195-2099_RYVQ01000201.1_MAG:_Candidatus_Symbiopectobacterium_sp._Dall1.0_n201,_whole_genome_shotgun_sequence_RF00059"
Enterobacteriaceae,Erwinia billingiae,RF00059,FP236843.1/314688-314588_Erwinia_billingiae_strain_Eb661_complete_chromosome._RF00059
Enterobacteriaceae,Klebsiella sp. RIT-PI-d,RF00059,"LGIT01000017.1/200523-200432_Klebsiella_sp._RIT-PI-d_NODE_4_length_351486_cov_39.2173_ID_7,_whole_genome_shotgun_sequence._RF00059"
Enterobacteriaceae,Kosakonia cowanii JCM 10956 = DSM 18146,RF00059,"CP019445.1/4282395-4282299_CP019445.1_Kosakonia_cowanii_JCM_10956_=_DSM_18146_strain_888-76_chromosome,_complete_genome_RF00059"
Enterobacteriaceae,Candidatus Symbiopectobacterium sp. PLON1,RF00059,"RYVO01000039.1/80712-80616_RYVO01000039.1_MAG:_Candidatus_Symbiopectobacterium_sp._PLON1_n39_c_19.7,_whole_genome_shotgun_sequence_RF00059"
Enterobacteriaceae,Serratia ficaria,RF00059,"LT906479.1/820705-820588_LT906479.1_Serratia_ficaria_strain_NCTC12148_genome_assembly,_chromosome:_1_RF00059"
Enterobacteriaceae,Brenneria rubrifaciens,RF00059,"CP034035.1/3676518-3676658_CP034035.1_Brenneria_rubrifaciens_strain_6D370_chromosome,_complete_genome_RF00059"
Enterobacteriaceae,Tenebrionibacter intestinalis,RF00059,"JAEPBH010000003.1/132685-132781_JAEPBH010000003.1_Tenebrionibacter_intestinalis_strain_BIT-L3_Scaffold3,_whole_genome_shotgun_sequence_RF00059"
Enterobacteriaceae,Shigella flexneri 2a str. 301,RF00059,"AE005674.2/73452-73353_Shigella_flexneri_2a_str._301,_complete_genome._RF00059"
Enterobacteriaceae,Serratia odorifera DSM 4582,RF00059,"GG753567.1/2659225-2659321_Serratia_odorifera_DSM_4582_genomic_scaffold_SCAFFOLD1,_whole_genome_shotgun_sequence._RF00059"
Enterobacteriaceae,Budvicia aquatica,RF00059,"PDDX01000001.1/2195911-2195801_PDDX01000001.1_Budvicia_aquatica_strain_FDAARGOS_387_pRIID_90.contig.0,_whole_genome_shotgun_sequence_RF00059"
Enterobacteriaceae,Pantoea agglomerans,RF00059,"UGSO01000001.1/3341732-3341834_UGSO01000001.1_Pantoea_agglomerans_strain_NCTC9381_genome_assembly,_contig:_ERS513136SCcontig000001,_whole_genome_shotgun_sequence_RF00059"
Enterobacteriaceae,Citrobacter sp. JGM124,RF00059,"JAERJD010000003.1/298249-298346_JAERJD010000003.1_Citrobacter_sp._JGM124_scaffold3_size381558,_whole_genome_shotgun_sequence_RF00059"
Enterobacteriaceae,Gibbsiella quercinecans,RF00059,"CP014136.1/1900315-1900446_CP014136.1_Gibbsiella_quercinecans_strain_FRB97_chromosome,_complete_genome_RF00059"
Enterobacteriaceae,Biostraticola tofi,RF00059,"SMCR01000002.1/500159-500041_SMCR01000002.1_Biostraticola_tofi_strain_DSM_19580_Ga0244679_102,_whole_genome_shotgun_sequence_RF00059"
Enterobacteriaceae,Jejubacter calystegiae,RF00059,"CP040428.1/2033525-2033437_CP040428.1_Jejubacter_calystegiae_strain_KSNA2_chromosome,_complete_genome_RF00059"
Enterobacteriaceae,Enterobacter cloacae SCF1,RF00059,"CP002272.1/3926944-3927049_Enterobacter_cloacae_SCF1,_complete_genome._RF00059"
Enterobacteriaceae,Arsenophonus nasoniae,RF00059,"CP038613.1/3811666-3811783_CP038613.1_Arsenophonus_nasoniae_strain_FIN_chromosome,_complete_genome_RF00059"
Enterobacteriaceae,Citrobacter freundii,RF00059,"JABXSS010000001.1/3946586-3946708_JABXSS010000001.1_Citrobacter_freundii_strain_RHB34-C11_RHB34-C11_1,_whole_genome_shotgun_sequence_RF00059"
Enterobacteriaceae,Pantoea ananatis LMG 20103,RF00059,"CP001875.2/2826016-2825920_Pantoea_ananatis_LMG_20103,_complete_genome._RF00059"
Enterobacteriaceae,Yersinia ruckeri,RF00059,"UHJG01000001.1/1571719-1571812_UHJG01000001.1_Yersinia_ruckeri_strain_NCTC10476_genome_assembly,_contig:_ERS1545397SCcontig000001,_whole_genome_shotgun_sequence_RF00059"
Enterobacteriaceae,Buttiauxella agrestis ATCC 33320,RF00059,"JMPI01000037.1/11724-11628_Buttiauxella_agrestis_ATCC_33320_GBAG.assembly.037,_whole_genome_shotgun_sequence._RF00059"
Enterobacteriaceae,Citrobacter rodentium ICC168,RF00059,"FN543502.1/3947555-3947706_Citrobacter_rodentium_ICC168,_complete_genome_RF00059"
Enterobacteriaceae,Klebsiella michiganensis,RF01068,"KK036986.1/3514815-3514767_Klebsiella_michiganensis_strain_MGH_27_adjbQ-supercont1.1,_whole_genome_shotgun_sequence_RF01068"
Enterobacteriaceae,Enterobacteriaceae bacterium strain FGI 57,RF01068,"CP003938.1/4288002-4287956_Enterobacteriaceae_bacterium_strain_FGI_57,_complete_genome_RF01068"
Enterobacteriaceae,Mangrovibacter sp. MFB070,RF01068,"JJMI01000005.1/58145-58094_Mangrovibacter_sp._MFB070_Contig-005,_whole_genome_shotgun_sequence_RF01068"
Enterobacteriaceae,Enterobacteriaceae bacterium RIT714,RF00059,"WJYB01000006.1/61213-61117_WJYB01000006.1_Enterobacteriaceae_bacterium_RIT714_6,_whole_genome_shotgun_sequence_RF00059"
Enterobacteriaceae,Klebsiella indica,RF01068,"VCHQ01000026.1/273082-273035_Klebsiella_indica_strain_TOUT106_salmonela_mira_c26,_whole_genome_shotgun_sequence_RF01068"
Enterobacteriaceae,Serratia fonticola,RF01055,"CP011254.1/3593138-3593280_Serratia_fonticola_strain_DSM_4576,_complete_genome._RF01055"
Enterobacteriaceae,Kluyvera genomosp. 3,RF01055,"CP022114.1/3405629-3405493_CP022114.1_Kluyvera_genomosp._3_strain_YDC799_chromosome,_complete_genome_RF01055"
Enterobacteriaceae,Brenneria goodwinii,RF01055,"CGIG01000001.1/3803854-3804000_Brenneria_goodwinii_strain_OBR1_genome_assembly,_contig:_Contig_RF01055"
Enterobacteriaceae,Kluyvera cryocrescens,RF00050,"CAADJD010000014.1/62510-62360_CAADJD010000014.1_Kluyvera_cryocrescens_strain_NCTC12993_genome_assembly,_contig:_ERS473437SCcontig000014,_whole_genome_shotgun_sequence_RF00050"
Enterobacteriaceae,Citrobacter koseri ATCC BAA-895,RF00059,"CP000822.1/655531-655628_Citrobacter_koseri_ATCC_BAA-895,_complete_genome._RF00059"
Enterobacteriaceae,Klebsiella sp. RIT-PI-d,RF00059,"LGIT01000009.1/1813813-1813717_Klebsiella_sp._RIT-PI-d_NODE_1_length_2264346_cov_38.3847_ID_1,_whole_genome_shotgun_sequence._RF00059"
Enterobacteriaceae,Brenneria rubrifaciens,RF00059,"CP034035.1/2743341-2743242_CP034035.1_Brenneria_rubrifaciens_strain_6D370_chromosome,_complete_genome_RF00059"
Enterobacteriaceae,Serratia ficaria,RF00059,"LT906479.1/299191-299067_LT906479.1_Serratia_ficaria_strain_NCTC12148_genome_assembly,_chromosome:_1_RF00059"
Enterobacteriaceae,Kosakonia cowanii JCM 10956 = DSM 18146,RF00059,"CP019445.1/421832-421932_CP019445.1_Kosakonia_cowanii_JCM_10956_=_DSM_18146_strain_888-76_chromosome,_complete_genome_RF00059"
Enterobacteriaceae,Biostraticola tofi,RF00059,"SMCR01000017.1/8504-8616_SMCR01000017.1_Biostraticola_tofi_strain_DSM_19580_Ga0244679_117,_whole_genome_shotgun_sequence_RF00059"
Enterobacteriaceae,Serratia rubidaea,RF00059,"LR134493.1/844486-844584_LR134493.1_Serratia_rubidaea_strain_NCTC10036_genome_assembly,_chromosome:_1_RF00059"
Enterobacteriaceae,Pantoea agglomerans,RF00059,"UGSO01000002.1/261165-261046_UGSO01000002.1_Pantoea_agglomerans_strain_NCTC9381_genome_assembly,_contig:_ERS513136SCcontig000002,_whole_genome_shotgun_sequence_RF00059"
Enterobacteriaceae,Gibbsiella quercinecans,RF00059,"CP014136.1/2214346-2214459_CP014136.1_Gibbsiella_quercinecans_strain_FRB97_chromosome,_complete_genome_RF00059"
Enterobacteriaceae,Klebsiella pneumoniae subsp. pneumoniae,RF00059,"CP003200.1/2757246-2757347_CP003200.1_Klebsiella_pneumoniae_subsp._pneumoniae_HS11286,_complete_genome_RF00059"
Enterobacteriaceae,Serratia odorifera DSM 4582,RF00059,"GG753567.1/1743631-1743508_Serratia_odorifera_DSM_4582_genomic_scaffold_SCAFFOLD1,_whole_genome_shotgun_sequence._RF00059"
Enterobacteriaceae,Pantoea ananatis LMG 20103,RF00059,"CP001875.2/810320-810216_Pantoea_ananatis_LMG_20103,_complete_genome._RF00059"
Enterobacteriaceae,Citrobacter sp. JGM124,RF00059,"JAERJD010000016.1/10333-10443_JAERJD010000016.1_Citrobacter_sp._JGM124_scaffold16_size28495,_whole_genome_shotgun_sequence_RF00059"
Enterobacteriaceae,Citrobacter freundii,RF00059,"JABXSS010000001.1/1260424-1260519_JABXSS010000001.1_Citrobacter_freundii_strain_RHB34-C11_RHB34-C11_1,_whole_genome_shotgun_sequence_RF00059"
Enterobacteriaceae,Yersinia ruckeri,RF00059,"UHJG01000001.1/3268438-3268542_UHJG01000001.1_Yersinia_ruckeri_strain_NCTC10476_genome_assembly,_contig:_ERS1545397SCcontig000001,_whole_genome_shotgun_sequence_RF00059"
Enterobacteriaceae,Pantoea vagans,RF00059,"CP011427.1/1268895-1268989_CP011427.1_Pantoea_vagans_strain_ND02_chromosome,_complete_genome_RF00059"
Enterobacteriaceae,Cedecea neteri,RF00059,"CP009451.1/2382745-2382855_CP009451.1_Cedecea_neteri_strain_SSMD04,_complete_genome_RF00059"
Enterobacteriaceae,Dickeya dadantii 3937,RF00059,"CP002038.1/3522740-3522636_Dickeya_dadantii_3937,_complete_genome._RF00059"
Enterobacteriaceae,Buttiauxella agrestis ATCC 33320,RF00059,"JMPI01000059.1/54335-54434_Buttiauxella_agrestis_ATCC_33320_GBAG.assembly.059,_whole_genome_shotgun_sequence._RF00059"
Enterobacteriaceae,Enterobacteriaceae bacterium strain FGI 57,RF01068,"CP003938.1/2826283-2826237_Enterobacteriaceae_bacterium_strain_FGI_57,_complete_genome_RF01068"
Enterobacteriaceae,Enterobacteriaceae bacterium RIT714,RF00059,"WJYB01000005.1/154503-154403_WJYB01000005.1_Enterobacteriaceae_bacterium_RIT714_5,_whole_genome_shotgun_sequence_RF00059"
Enterobacteriaceae,Klebsiella indica,RF01055,"VCHQ01000011.1/73075-72937_VCHQ01000011.1_Klebsiella_indica_strain_TOUT106_salmonela_mira_c11,_whole_genome_shotgun_sequence_RF01055"
Enterobacteriaceae,Klebsiella michiganensis,RF01055,"KK036986.1/4522932-4522794_KK036986.1_Klebsiella_michiganensis_strain_MGH_27_adjbQ-supercont1.1,_whole_genome_shotgun_sequence_RF01055"
Enterobacteriaceae,Mangrovibacter sp. MFB070,RF01055,"JJMI01000025.1/41686-41550_Mangrovibacter_sp._MFB070_Contig-025,_whole_genome_shotgun_sequence._RF01055"
Enterobacteriaceae,Serratia fonticola,RF00050,"CP011254.1/997824-997663_Serratia_fonticola_strain_DSM_4576,_complete_genome._RF00050"
Enterobacteriaceae,Brenneria goodwinii,RF00050,"CGIG01000001.1/652612-652418_Brenneria_goodwinii_strain_OBR1_genome_assembly,_contig:_Contig_RF00050"
Enterobacteriaceae,Cedecea neteri,RF00059,"CP009451.1/4293509-4293605_CP009451.1_Cedecea_neteri_strain_SSMD04,_complete_genome_RF00059"
Enterobacteriaceae,Kosakonia cowanii JCM 10956 = DSM 18146,RF00059,"CP019445.1/149186-149322_CP019445.1_Kosakonia_cowanii_JCM_10956_=_DSM_18146_strain_888-76_chromosome,_complete_genome_RF00059"
Enterobacteriaceae,Pantoea ananatis LMG 20103,RF00059,"CP001875.2/263734-263636_Pantoea_ananatis_LMG_20103,_complete_genome._RF00059"
Enterobacteriaceae,Dickeya dadantii 3937,RF00059,"CP002038.1/269882-269767_Dickeya_dadantii_3937,_complete_genome._RF00059"
Enterobacteriaceae,Yersinia ruckeri,RF00059,"UHJG01000001.1/2558602-2558477_UHJG01000001.1_Yersinia_ruckeri_strain_NCTC10476_genome_assembly,_contig:_ERS1545397SCcontig000001,_whole_genome_shotgun_sequence_RF00059"
Enterobacteriaceae,Biostraticola tofi,RF00059,"SMCR01000014.1/25501-25602_SMCR01000014.1_Biostraticola_tofi_strain_DSM_19580_Ga0244679_114,_whole_genome_shotgun_sequence_RF00059"
Enterobacteriaceae,Pantoea agglomerans,RF00059,"UGSO01000001.1/3802449-3802550_UGSO01000001.1_Pantoea_agglomerans_strain_NCTC9381_genome_assembly,_contig:_ERS513136SCcontig000001,_whole_genome_shotgun_sequence_RF00059"
Enterobacteriaceae,Klebsiella pneumoniae subsp. pneumoniae,RF00059,"CP003200.1/3630886-3630789_CP003200.1_Klebsiella_pneumoniae_subsp._pneumoniae_HS11286,_complete_genome_RF00059"
Enterobacteriaceae,Kluyvera cryocrescens,RF00059,"CAADJD010000021.1/298951-298776_CAADJD010000021.1_Kluyvera_cryocrescens_strain_NCTC12993_genome_assembly,_contig:_ERS473437SCcontig000021,_whole_genome_shotgun_sequence_RF00059"
Enterobacteriaceae,Kluyvera genomosp. 3,RF00059,"CP022114.1/4135261-4135358_CP022114.1_Kluyvera_genomosp._3_strain_YDC799_chromosome,_complete_genome_RF00059"
Enterobacteriaceae,Gibbsiella quercinecans,RF00059,"CP014136.1/4073469-4073571_CP014136.1_Gibbsiella_quercinecans_strain_FRB97_chromosome,_complete_genome_RF00059"
Enterobacteriaceae,Citrobacter freundii,RF00059,"JABXSS010000001.1/3427891-3428068_JABXSS010000001.1_Citrobacter_freundii_strain_RHB34-C11_RHB34-C11_1,_whole_genome_shotgun_sequence_RF00059"
Enterobacteriaceae,Serratia ficaria,RF00059,"LT906479.1/3916311-3916220_LT906479.1_Serratia_ficaria_strain_NCTC12148_genome_assembly,_chromosome:_1_RF00059"
Enterobacteriaceae,Enterobacteriaceae bacterium strain FGI 57,RF01055,"CP003938.1/3150789-3150654_CP003938.1_Enterobacteriaceae_bacterium_strain_FGI_57,_complete_genome_RF01055"
Enterobacteriaceae,Mangrovibacter sp. MFB070,RF00050,"JJMI01000018.1/22652-22801_Mangrovibacter_sp._MFB070_Contig-018,_whole_genome_shotgun_sequence._RF00050"
Enterobacteriaceae,Klebsiella indica,RF00050,"VCHQ01000027.1/122285-122436_VCHQ01000027.1_Klebsiella_indica_strain_TOUT106_salmonela_mira_c27,_whole_genome_shotgun_sequence_RF00050"
Enterobacteriaceae,Klebsiella michiganensis,RF00050,"KK036986.1/1306522-1306673_KK036986.1_Klebsiella_michiganensis_strain_MGH_27_adjbQ-supercont1.1,_whole_genome_shotgun_sequence_RF00050"
Enterobacteriaceae,Kluyvera cryocrescens,RF00059,"CAADJD010000020.1/383402-383293_CAADJD010000020.1_Kluyvera_cryocrescens_strain_NCTC12993_genome_assembly,_contig:_ERS473437SCcontig000020,_whole_genome_shotgun_sequence_RF00059"
Enterobacteriaceae,Dickeya dadantii 3937,RF00059,"CP002038.1/4145461-4145571_Dickeya_dadantii_3937,_complete_genome._RF00059"
Enterobacteriaceae,Pantoea ananatis LMG 20103,RF00059,"CP001875.2/4635686-4635567_Pantoea_ananatis_LMG_20103,_complete_genome._RF00059"
Enterobacteriaceae,Serratia ficaria,RF00059,"LT906479.1/3353836-3353938_LT906479.1_Serratia_ficaria_strain_NCTC12148_genome_assembly,_chromosome:_1_RF00059"
Enterobacteriaceae,Pantoea agglomerans,RF00059,"UGSO01000002.1/496969-496866_UGSO01000002.1_Pantoea_agglomerans_strain_NCTC9381_genome_assembly,_contig:_ERS513136SCcontig000002,_whole_genome_shotgun_sequence_RF00059"
Enterobacteriaceae,Brenneria goodwinii,RF00059,"CGIG01000001.1/1339433-1339577_Brenneria_goodwinii_strain_OBR1_genome_assembly,_contig:_Contig_RF00059"
Enterobacteriaceae,Cedecea neteri,RF00059,"CP009451.1/1897750-1897851_CP009451.1_Cedecea_neteri_strain_SSMD04,_complete_genome_RF00059"
Enterobacteriaceae,Klebsiella pneumoniae subsp. pneumoniae,RF00059,"CP003200.1/245687-245563_CP003200.1_Klebsiella_pneumoniae_subsp._pneumoniae_HS11286,_complete_genome_RF00059"
Enterobacteriaceae,Kluyvera genomosp. 3,RF00059,"CP022114.1/1731780-1731876_CP022114.1_Kluyvera_genomosp._3_strain_YDC799_chromosome,_complete_genome_RF00059"
Enterobacteriaceae,Serratia fonticola,RF00059,"CP011254.1/153564-153473_Serratia_fonticola_strain_DSM_4576,_complete_genome._RF00059"
Enterobacteriaceae,Enterobacteriaceae bacterium strain FGI 57,RF00050,"CP003938.1/653316-653465_CP003938.1_Enterobacteriaceae_bacterium_strain_FGI_57,_complete_genome_RF00050"
Enterobacteriaceae,Kluyvera cryocrescens,RF00059,"CAADJD010000023.1/164869-164773_CAADJD010000023.1_Kluyvera_cryocrescens_strain_NCTC12993_genome_assembly,_contig:_ERS473437SCcontig000023,_whole_genome_shotgun_sequence_RF00059"
Enterobacteriaceae,Brenneria goodwinii,RF00059,"CGIG01000001.1/3189409-3189504_Brenneria_goodwinii_strain_OBR1_genome_assembly,_contig:_Contig_RF00059"
Enterobacteriaceae,Cedecea neteri,RF00059,"CP009451.1/4438474-4438373_CP009451.1_Cedecea_neteri_strain_SSMD04,_complete_genome_RF00059"
Enterobacteriaceae,Kluyvera genomosp. 3,RF00059,"CP022114.1/4685145-4685254_CP022114.1_Kluyvera_genomosp._3_strain_YDC799_chromosome,_complete_genome_RF00059"
Enterobacteriaceae,Klebsiella michiganensis,RF00059,"KK036986.1/570491-570378_KK036986.1_Klebsiella_michiganensis_strain_MGH_27_adjbQ-supercont1.1,_whole_genome_shotgun_sequence_RF00059"
Enterobacteriaceae,Serratia fonticola,RF00059,"CP011254.1/2244220-2244098_Serratia_fonticola_strain_DSM_4576,_complete_genome._RF00059"
Enterobacteriaceae,Mangrovibacter sp. MFB070,RF00059,"JJMI01000004.1/8781-8890_Mangrovibacter_sp._MFB070_Contig-004,_whole_genome_shotgun_sequence._RF00059"
Enterobacteriaceae,Klebsiella indica,RF00059,"VCHQ01000030.1/22067-21958_VCHQ01000030.1_Klebsiella_indica_strain_TOUT106_salmonela_mira_c30,_whole_genome_shotgun_sequence_RF00059"
Enterobacteriaceae,Mangrovibacter sp. MFB070,RF00059,"JJMI01000050.1/102924-103020_Mangrovibacter_sp._MFB070_Contig-050,_whole_genome_shotgun_sequence._RF00059"
Enterobacteriaceae,Enterobacteriaceae bacterium strain FGI 57,RF00059,"CP003938.1/3960602-3960694_CP003938.1_Enterobacteriaceae_bacterium_strain_FGI_57,_complete_genome_RF00059"
Enterobacteriaceae,Serratia fonticola,RF00059,"CP011254.1/2684445-2684327_Serratia_fonticola_strain_DSM_4576,_complete_genome._RF00059"
Enterobacteriaceae,Klebsiella michiganensis,RF00059,"KK036986.1/3498281-3498382_KK036986.1_Klebsiella_michiganensis_strain_MGH_27_adjbQ-supercont1.1,_whole_genome_shotgun_sequence_RF00059"
Enterobacteriaceae,Brenneria goodwinii,RF00059,"CGIG01000001.1/2541187-2541069_Brenneria_goodwinii_strain_OBR1_genome_assembly,_contig:_Contig_RF00059"
Enterobacteriaceae,Klebsiella indica,RF00059,"VCHQ01000024.1/173468-173305_VCHQ01000024.1_Klebsiella_indica_strain_TOUT106_salmonela_mira_c24,_whole_genome_shotgun_sequence_RF00059"
Enterobacteriaceae,Mangrovibacter sp. MFB070,RF00059,"JJMI01000019.1/135986-136084_Mangrovibacter_sp._MFB070_Contig-019,_whole_genome_shotgun_sequence._RF00059"
Enterobacteriaceae,Enterobacteriaceae bacterium strain FGI 57,RF00059,"CP003938.1/2271094-2271196_CP003938.1_Enterobacteriaceae_bacterium_strain_FGI_57,_complete_genome_RF00059"
Enterobacteriaceae,Klebsiella indica,RF00059,"VCHQ01000026.1/257969-258070_VCHQ01000026.1_Klebsiella_indica_strain_TOUT106_salmonela_mira_c26,_whole_genome_shotgun_sequence_RF00059"
Enterobacteriaceae,Klebsiella michiganensis,RF00059,"KK036986.1/5410762-5410924_KK036986.1_Klebsiella_michiganensis_strain_MGH_27_adjbQ-supercont1.1,_whole_genome_shotgun_sequence_RF00059"
Enterobacteriaceae,Klebsiella indica,RF00059,"VCHQ01000007.1/104614-104518_VCHQ01000007.1_Klebsiella_indica_strain_TOUT106_salmonela_mira_c7,_whole_genome_shotgun_sequence_RF00059"
Enterobacteriaceae,Enterobacteriaceae bacterium strain FGI 57,RF00059,"CP003938.1/1597465-1597562_CP003938.1_Enterobacteriaceae_bacterium_strain_FGI_57,_complete_genome_RF00059"
Enterobacteriaceae,Klebsiella michiganensis,RF00059,"KK036986.1/2450853-2450949_KK036986.1_Klebsiella_michiganensis_strain_MGH_27_adjbQ-supercont1.1,_whole_genome_shotgun_sequence_RF00059"
Enterobacteriaceae,Enterobacteriaceae bacterium strain FGI 57,RF00059,"CP003938.1/4474415-4474524_CP003938.1_Enterobacteriaceae_bacterium_strain_FGI_57,_complete_genome_RF00059"
